"Time (s)","X (m/s^2)","Y (m/s^2)","Z (m/s^2)"
2.830083336E-3,-1.911524963E0,3.491938477E0,8.926237793E0
2.299308334E-2,-1.848955078E0,3.520978088E0,9.339228973E0
4.315608335E-2,-1.738185425E0,3.465293884E0,9.120683441E0
6.332008334E-2,-1.748513947E0,3.435356140E0,9.088500366E0
8.348308335E-2,-1.639390869E0,3.506907349E0,9.003327484E0
1.036460833E-1,-1.467099152E0,3.534749451E0,8.871302032E0
1.238090833E-1,-1.412612457E0,3.479364624E0,8.714727631E0
1.439720833E-1,-1.518592072E0,3.459306335E0,8.960815887E0
1.641350834E-1,-1.260828094E0,3.484454041E0,9.048383789E0
1.842980833E-1,-1.210682373E0,3.417992249E0,9.000633087E0
2.044610833E-1,-1.205143890E0,3.422782288E0,8.604856110E0
2.246250833E-1,-1.380728760E0,3.483555908E0,8.449179840E0
2.447880833E-1,-1.349743195E0,3.541186066E0,8.397088165E0
2.649510833E-1,-1.557062073E0,3.527414703E0,8.684191132E0
2.851140834E-1,-1.643432465E0,3.361409912E0,8.859476624E0
3.052770833E-1,-1.353934479E0,3.302731934E0,8.228538666E0
3.254400833E-1,-1.355730743E0,3.288960571E0,7.748936005E0
3.456030833E-1,-1.803150330E0,3.057392120E0,7.644602966E0
3.657670833E-1,-1.655557251E0,2.802921295E0,7.001989288E0
3.859300833E-1,-9.304650879E-1,2.702180786E0,6.752009125E0
4.060930834E-1,-1.905537415E-1,3.063828735E0,7.571554871E0
4.262560833E-1,-2.621049500E-1,3.009791107E0,8.725205841E0
4.464190833E-1,-8.511300659E-1,2.568957825E0,7.743098145E0
4.665820833E-1,-8.506809998E-1,2.570005646E0,6.947951660E0
4.867450833E-1,1.585203552E-1,2.910248108E0,6.874005432E0
5.069080833E-1,1.239422607E0,3.787723389E0,7.259154510E0
5.270720834E-1,1.789678345E0,3.673211517E0,8.599916382E0
5.472350833E-1,1.421444092E0,2.480042725E0,8.842861176E0
5.673980833E-1,8.378077698E-1,2.293680267E0,8.221503296E0
5.875610833E-1,4.846920776E-1,2.466570740E0,7.582332458E0
6.077240834E-1,1.083297272E0,2.100432129E0,7.967780914E0
6.278870833E-1,1.188378754E0,1.938169556E0,8.978179779E0
6.480500833E-1,-1.854643250E-1,1.535207520E0,1.027538223E1
6.682140833E-1,-9.553134155E-1,1.096020813E0,1.230950226E1
6.883770833E-1,-2.694396973E-1,1.500629425E0,1.314087341E1
7.085400833E-1,5.089416504E-1,2.257305908E0,1.372510849E1
7.287030000E-1,-5.164260864E-1,2.411036224E0,1.610066849E1
7.488660000E-1,-9.650431824E-1,2.656226349E0,1.922946213E1
7.690290000E-1,-4.086502075E-2,3.136577454E0,2.093052475E1
7.891920000E-1,7.694000244E-1,3.724854126E0,2.163495987E1
8.093560000E-1,-5.957611084E-2,3.627107391E0,2.233909561E1
8.295190000E-1,-9.590556335E-1,2.938688965E0,2.191652435E1
8.496820000E-1,-1.424288177E0,1.820065155E0,1.938798248E1
8.698450000E-1,-1.635498962E0,1.065334625E0,1.533441193E1
8.900080000E-1,-1.149160309E0,3.076103210E-1,1.168305496E1
9.101710000E-1,-4.460723877E-1,-5.891748047E-1,9.544152832E0
9.303340000E-1,3.917353821E-1,-1.312919769E0,7.822732544E0
9.504980000E-1,5.777984619E-1,-1.640139313E0,5.679788818E0
9.706610000E-1,3.522175598E-1,-1.660197601E0,3.661535797E0
9.908240000E-1,5.357359314E-1,-1.236428833E0,1.895657959E0
1.010987000E0,8.632548523E-1,-9.014254761E-1,4.644841003E-1
1.031150000E0,1.107846222E0,-5.041516113E-1,-6.213578796E-1
1.051313000E0,1.790277100E0,-1.945953369E-2,-1.093925171E0
1.071476000E0,1.762584686E0,1.224453735E-1,-1.415905609E0
1.091639000E0,1.301393738E0,3.652404785E-1,-1.807042236E0
1.111803000E0,7.426057434E-1,1.972897339E-1,-8.258326721E-1
1.131966000E0,4.147874451E-1,2.565664673E-1,-1.234632568E0
1.152129000E0,2.272274780E-1,2.517764282E-1,-1.498533783E0
1.172292000E0,2.844085693E-3,-1.986369324E-1,-1.104852448E0
1.192455000E0,-9.271719360E-1,-8.412506104E-1,1.128952332E0
1.212618000E0,-1.722917175E0,-8.918453979E-1,2.307601318E0
1.232781000E0,-2.435585175E0,-1.424288177E0,4.170178070E0
1.252945000E0,-2.374212799E0,-2.362836456E0,8.884474640E0
1.273108000E0,-2.009720764E0,-2.711012421E0,1.383228561E1
1.293271000E0,-2.766546936E0,-1.653910675E0,1.305390427E1
1.313434000E0,-6.648125153E0,-4.984634399E-1,1.191342590E1
1.333597000E0,-7.740254059E0,-1.490899658E0,1.908890442E1
1.353760000E0,-4.647535400E0,-2.026635590E0,2.612083145E1
1.373923000E0,-2.762954407E0,-6.740483093E-1,2.347972366E1
1.394087000E0,-4.367767181E0,-3.023712158E-2,2.316537735E1
1.414250000E0,-3.187172241E0,3.538641357E-1,2.600542145E1
1.434413000E0,-6.324348450E-1,8.446934509E-1,2.565589828E1
1.454576000E0,-3.826043701E-1,1.360221405E0,2.400797516E1
1.474739000E0,-1.977238312E0,2.007625122E0,2.044568298E1
1.494902000E0,-3.822900238E0,2.121538239E0,1.867651199E1
1.515065000E0,-4.616250458E0,1.384021912E0,1.875075760E1
1.535229000E0,-4.463118896E0,1.910028076E-1,1.860930176E1
1.555392000E0,-4.317172394E0,-9.274713135E-1,1.818583237E1
1.575555000E0,-3.893403625E0,-2.014959869E0,1.665960617E1
1.595718000E0,-3.956422577E0,-2.646795959E0,1.335567673E1
1.615881000E0,-3.578009491E0,-3.153192902E0,9.891430664E0
1.636044000E0,-2.532134399E0,-3.418740692E0,6.784790955E0
1.656208000E0,-1.850451965E0,-3.370540924E0,4.600233765E0
1.676371000E0,-1.571731567E0,-3.050207062E0,2.724484406E0
1.696534000E0,-1.058299255E0,-2.373763733E0,8.318202209E-1
1.716697250E0,-6.469546509E-1,-1.586700439E0,-6.746470642E-1
1.736860250E0,-3.869453430E-1,-9.424401855E-1,-1.283131714E0
1.757023250E0,-1.588197327E-1,-3.749702454E-1,-7.171586609E-1
1.777186250E0,-3.779640198E-1,3.457809448E-2,-4.436773682E-1
1.797350250E0,-5.851332092E-1,4.617897034E-1,-1.103205872E0
1.817513250E0,-4.746629333E-1,6.212081909E-1,-8.830137634E-1
1.837676250E0,-6.110293579E-1,7.011419678E-1,-3.302133179E-1
1.857839250E0,-1.276844788E-1,6.619235229E-1,1.407223663E0
1.878002250E0,1.728904724E-1,5.478607178E-1,2.318229218E0
1.898165250E0,-1.134640503E-1,7.946974182E-1,2.525847473E0
1.918329250E0,-6.839277649E-1,9.331594849E-1,2.928210754E0
1.938492250E0,-1.447489929E0,6.900650024E-1,4.269721069E0
1.958655250E0,-1.828597412E0,6.104306030E-1,5.726940765E0
1.978818250E0,-2.039508820E0,6.213578796E-1,6.472989349E0
1.998981250E0,-2.315684509E0,3.833528137E-1,9.525292053E0
2.019144250E0,-2.787203979E0,9.220825195E-2,1.308324326E1
2.039307250E0,-3.081791382E0,4.454736328E-1,1.424662399E1
2.059471250E0,-3.404669952E0,9.774673462E-1,1.424048676E1
2.079634250E0,-2.548749847E0,1.059047699E0,1.667876633E1
2.099797250E0,-1.268162842E0,8.054750061E-1,2.028087570E1
2.119960250E0,-2.377056885E-1,1.528920593E0,2.059597046E1
2.140123250E0,-5.722599792E-1,1.809137878E0,1.945878525E1
2.160286250E0,-2.951861572E-1,1.343905334E0,2.062051941E1
2.180450250E0,6.566844177E-1,1.197060699E0,2.005035507E1
2.200613250E0,1.153501282E0,8.268804932E-1,1.978241226E1
2.220776250E0,1.624871063E0,9.919871521E-1,1.821621918E1
2.240939250E0,1.346899109E0,8.948391724E-1,1.687485855E1
2.261102250E0,3.703298950E-1,5.266049194E-1,1.579590225E1
2.281265250E0,-1.701960754E-1,-8.277786255E-2,1.566507431E1
2.301428250E0,-1.815724182E-1,-7.054829407E-1,1.589709183E1
2.321592250E0,-6.005511475E-1,-1.561552734E0,1.621787476E1
2.341755250E0,-1.078806610E0,-2.267933807E0,1.528621216E1
2.361918250E0,-1.592837677E0,-2.357597351E0,1.369068008E1
2.382081250E0,-1.686243439E0,-2.460882568E0,1.220711517E1
2.402244250E0,-1.325194244E0,-2.523452454E0,1.015293686E1
2.422407250E0,-6.268963623E-1,-2.446063385E0,7.988437958E0
2.442571250E0,-2.155517578E-1,-2.262245636E0,5.953569489E0
2.462734250E0,-1.722917175E-1,-1.805994415E0,3.903432770E0
2.482897250E0,8.337661743E-2,-1.175954590E0,2.297572174E0
2.503060250E0,4.056564331E-1,-7.433541870E-1,1.896855469E0
2.523223250E0,4.448748779E-1,-3.652404785E-1,1.722617798E0
2.543386250E0,5.083428955E-1,-8.637039185E-2,1.435514832E0
2.563550250E0,5.628295898E-1,1.529818726E-1,1.304088135E0
2.583713250E0,5.331912231E-1,4.209246826E-1,8.604107666E-1
2.603876250E0,4.159849548E-1,7.711962891E-1,5.730084229E-1
2.624039250E0,2.100132751E-1,7.831713867E-1,1.227447510E0
2.644202250E0,-2.329156494E-1,5.754034424E-1,3.181484070E0
2.664365250E0,-1.064286804E0,6.348298645E-1,4.292922821E0
2.684529250E0,-7.277865601E-1,5.641767883E-1,5.771697693E0
2.704692250E0,-5.694158936E-1,2.911445618E-1,8.258027344E0
2.724855458E0,-2.088606720E0,3.317102051E-1,9.770631866E0
2.745018458E0,-4.090244293E0,5.821394348E-1,1.172377029E1
2.765181458E0,-3.900289307E0,5.677693176E-1,1.207703568E1
2.785344458E0,-2.634072418E0,5.568420410E-1,1.159548706E1
2.805508458E0,-2.669848022E0,6.623725891E-1,1.128084137E1
2.825671458E0,-3.639232178E0,7.167095947E-1,1.197240326E1
2.845834458E0,-3.649111633E0,9.455836487E-1,1.269869293E1
2.865997458E0,-3.031795349E0,1.187181244E0,1.235695358E1
2.886160458E0,-2.657872925E0,1.505269775E0,1.277533356E1
2.906323458E0,-2.090702362E0,1.559457092E0,1.447265396E1
2.926487458E0,-1.568588104E0,1.634301453E0,1.572045914E1
2.946650458E0,-1.331181793E0,2.189796295E0,1.508592865E1
2.966813458E0,-1.781146088E0,2.876119080E0,1.412612457E1
2.986976458E0,-1.593735809E0,3.501817932E0,1.393931305E1
3.007139458E0,-5.200186157E-1,3.440146179E0,1.495794479E1
3.027303458E0,2.001338196E-1,3.281027069E0,1.504251892E1
3.047466458E0,-5.508544922E-2,2.834056549E0,1.499416946E1
3.067629458E0,-7.131170654E-1,2.095642090E0,1.541584259E1
3.087792458E0,-9.289682007E-1,1.278491364E0,1.577359863E1
3.107955458E0,-1.061891785E0,3.171903992E-1,1.523861115E1
3.128118458E0,-1.361119537E0,-3.306623840E-1,1.380743729E1
3.148282458E0,-1.432670746E0,-1.033450928E0,1.291080185E1
3.168445458E0,-1.879042511E0,-1.681154022E0,1.128039230E1
3.188608458E0,-2.681673431E0,-1.949096832E0,9.181157684E0
3.208771458E0,-3.167563019E0,-1.977238312E0,6.856042786E0
3.228934458E0,-2.819387054E0,-1.932032318E0,5.009482727E0
3.249097458E0,-2.361489258E0,-1.780247955E0,3.206931152E0
3.269261458E0,-1.792672119E0,-1.704954529E0,2.691852264E0
3.289424458E0,-1.238823853E0,-1.801204376E0,2.835703125E0
3.309587458E0,-7.632627869E-1,-1.644629974E0,3.072061615E0
3.329750458E0,-3.650907898E-1,-9.991722107E-1,2.281555481E0
3.349913458E0,3.504212952E-1,4.170327759E-1,9.346563721E-1
3.370077458E0,1.060843964E0,2.384691010E0,-4.110452271E-1
3.390240458E0,3.143463135E-3,1.985620880E0,-5.718109131E-2
3.410403458E0,-1.208287354E0,1.152004395E0,4.523593140E0
3.430566458E0,-1.510059814E0,-3.844006348E-1,8.887169037E0
3.450729458E0,-6.155200195E-1,3.064128113E-1,7.404951324E0
3.470892458E0,-1.172511749E0,1.222058716E0,4.946912842E0
3.491056458E0,-2.987188110E0,9.395960999E-1,7.410040741E0
3.511219458E0,-3.194806366E0,9.520202637E-2,1.069690567E1
3.531382458E0,-2.542313232E0,-3.338058472E-1,1.183334244E1
3.551545458E0,-2.118694153E0,-2.158511353E-1,1.240964401E1
3.571708458E0,-1.680255890E0,1.264869690E-1,1.370145767E1
3.591872458E0,-4.733157349E-1,6.444099426E-1,1.544188843E1
3.612035458E0,5.656736755E-1,1.630409546E0,1.496752487E1
3.632198458E0,8.418493652E-1,2.314037933E0,1.377450577E1
3.652361458E0,1.100511475E0,2.262245636E0,1.454375610E1
3.672524458E0,1.590143280E0,1.935026093E0,1.541943512E1
3.692687458E0,1.400487671E0,1.815873871E0,1.447924026E1
3.712851458E0,4.842430115E-1,2.156864777E0,1.164548309E1
3.733014333E0,3.094065857E-1,2.088307343E0,1.075752960E1
3.753177333E0,1.097817078E0,1.693727875E0,1.124940674E1
3.773340333E0,1.498533783E0,1.795516205E0,1.091275681E1
3.793503333E0,6.442602539E-1,1.803000641E0,1.067265610E1
3.813667333E0,-5.769003296E-1,1.703457642E0,1.241922409E1
3.833830333E0,-7.189549255E-1,2.420915680E0,1.341405533E1
3.853993333E0,-3.905378723E-1,2.780917053E0,1.670406372E1
3.874156333E0,-7.569758606E-1,1.824406128E0,2.032263885E1
3.894319333E0,-1.838476868E0,6.512956238E-1,2.041290115E1
3.914483333E0,-3.047362976E0,-1.272952881E0,2.123529099E1
3.934646333E0,-3.846251678E0,-4.059258728E0,2.331297043E1
3.954809333E0,-3.841611328E0,-4.052672424E0,1.845961304E1
3.974972333E0,-3.480262756E0,-2.843936005E0,1.244826370E1
3.995135333E0,-2.788102112E0,-1.722318420E0,9.210047607E0
4.015298333E0,-2.937042389E0,-1.177451477E0,6.816524963E0
4.035462333E0,-3.727249146E0,-6.695576477E-1,3.990850983E0
4.055625333E0,-3.797752533E0,-1.752854919E-1,1.612746277E0
4.075788333E0,-3.308420105E0,1.489402771E-1,-2.935395813E-1
4.095951333E0,-2.603236542E0,5.429209900E-1,-1.382674713E0
4.116114333E0,-1.811233521E0,7.397616577E-1,-1.449136505E0
4.136278333E0,-1.321901093E0,6.173162842E-1,-4.022135925E-1
4.156441333E0,-7.744894409E-1,4.158352661E-1,2.230361938E-2
4.176604333E0,-2.586621094E-1,2.525248718E-1,-1.838177490E-1
4.196767333E0,-5.792953491E-2,4.186793518E-1,-4.457730103E-1
4.216930333E0,-9.550140381E-2,4.273612976E-1,5.957611084E-2
4.237094333E0,-2.642005920E-1,6.197113037E-2,2.103874969E0
4.257257333E0,-4.704716492E-1,-3.233276367E-1,4.354744263E0
4.277420333E0,-6.996450806E-1,-5.917195129E-1,6.444398804E0
4.297583333E0,-9.181906128E-1,-1.945953369E-1,6.646777954E0
4.317746333E0,-1.813628540E0,3.228785706E-1,7.703280945E0
4.337910333E0,-2.501298523E0,4.987628174E-1,1.116079102E1
4.358073333E0,-1.772913208E0,5.568420410E-2,1.575458817E1
4.378236333E0,-1.633253632E0,-1.217568054E0,1.984303619E1
4.398399333E0,-3.963757324E0,-2.414928131E0,2.259506332E1
4.418562333E0,-6.984775085E0,-2.644251251E0,2.110371460E1
4.438726333E0,-6.613696747E0,-1.841171265E0,2.017235138E1
4.458889333E0,-3.619622955E0,-5.351371765E-1,1.890553574E1
4.479052333E0,-1.800156555E0,1.386117554E-1,1.754202118E1
4.499215333E0,-8.399034119E-1,8.418493652E-1,1.612940872E1
4.519378333E0,1.233435059E-1,1.694326630E0,1.549936890E1
4.539542333E0,8.135581970E-1,2.255060577E0,1.380414413E1
4.559705333E0,1.328337708E0,3.081192627E0,1.277323792E1
4.579868333E0,1.724264374E0,3.440894623E0,1.308848236E1
4.600031333E0,1.105002136E0,3.560046844E0,1.235336105E1
4.620194333E0,-8.081694031E-1,2.975063324E0,1.350297043E1
4.640358333E0,-3.130140839E0,1.550176392E0,1.616668121E1
4.660521333E0,-3.795207825E0,2.136058044E-1,1.659524002E1
4.680684333E0,-3.395688629E0,-1.018332367E0,1.555146057E1
4.700847333E0,-3.184627533E0,-2.520758057E0,1.524968811E1
4.721011000E0,-2.703677673E0,-3.504212952E0,1.399664383E1
4.741175000E0,-2.688708801E0,-3.932771759E0,1.056098831E1
4.761338000E0,-2.694546661E0,-3.956272888E0,6.934779053E0
4.781501000E0,-2.609523468E0,-3.737727356E0,4.666695557E0
4.801664000E0,-1.815125427E0,-3.410657501E0,2.264341278E0
4.821828000E0,-1.201551361E0,-3.227139130E0,1.732946320E0
4.841991000E0,-4.992118835E-1,-2.731669464E0,3.678899689E0
4.862154000E0,-2.065704346E-1,-1.728455658E0,2.751578064E0
4.882317000E0,-3.761677551E-1,1.493893433E-1,-5.933660889E-1
4.902480000E0,-4.915777588E-1,2.417622528E0,-3.123255157E0
4.922644000E0,-6.107299805E-1,3.428769836E0,-3.936364288E0
4.942807000E0,-8.113128662E-1,2.773133240E0,-1.110690308E0
4.962970000E0,-1.391506348E0,5.590873718E-1,4.797523499E0
4.983133000E0,-8.674461365E-1,-4.739144897E-1,9.995763702E0
5.003296000E0,-9.336085510E-1,-2.832110596E-1,1.116887421E1
5.023460000E0,-2.881208496E0,4.343966675E-1,1.017464172E1
5.043623000E0,-4.775369568E0,9.963281250E-1,9.452243958E0
5.063786000E0,-5.115162964E0,5.031037903E-1,1.074809921E1
5.083949000E0,-4.688999176E0,9.445358276E-2,1.203033279E1
5.104112000E0,-4.689448242E0,2.104623413E-1,1.225037521E1
5.124276000E0,-4.363276520E0,4.435276794E-1,1.284673508E1
5.144439000E0,-3.294349365E0,1.007105713E0,1.254047195E1
5.164602000E0,-2.775528259E0,1.424138489E0,1.246413071E1
5.184765000E0,-2.478545837E0,1.397942963E0,1.350476669E1
5.204929000E0,-1.021326141E0,2.574047241E0,1.229138992E1
5.225092000E0,1.287322998E-1,2.940335541E0,1.194126801E1
5.245255000E0,1.703607330E0,3.932472382E0,9.757309570E0
5.265418000E0,2.114053802E0,3.390299835E0,1.245215561E1
5.285581000E0,2.476001129E0,3.307821350E0,1.220307358E1
5.305745000E0,1.298399963E0,2.678380280E0,1.290556274E1
5.325908000E0,3.209326172E-1,1.742077332E0,1.505823624E1
5.346071000E0,-1.972897339E-1,7.500901794E-1,1.612821121E1
5.366234000E0,-4.209246826E-1,-2.273771667E-1,1.752271133E1
5.386397000E0,-5.668711853E-1,-4.965174866E-1,1.867666168E1
5.406561000E0,-6.078858948E-1,-1.412462769E0,2.142509628E1
5.426724000E0,-7.686515808E-1,-3.081342316E0,2.236753647E1
5.446887000E0,-1.532213745E0,-4.072281647E0,2.141237274E1
5.467050000E0,-2.675985260E0,-4.835843811E0,2.009271698E1
5.487214000E0,-3.015778656E0,-4.914879456E0,1.810589859E1
5.507377000E0,-3.137026520E0,-3.716770935E0,1.229722778E1
5.527540000E0,-2.827919312E0,-2.286195831E0,7.959997101E0
5.547703000E0,-2.116448822E0,-1.175655212E0,5.989794159E0
5.567866000E0,-1.194366302E0,-4.062551880E-1,4.127516785E0
5.588030000E0,-5.990542603E-1,-1.348695374E-1,2.965632935E0
5.608193000E0,-4.267625427E-1,-9.415420532E-2,2.868185577E0
5.628356000E0,-3.811074829E-1,-1.016386414E-1,2.321073303E0
5.648519000E0,-3.269201660E-1,1.570234680E-1,1.308728485E0
5.668683000E0,-2.504292297E-1,3.306623840E-1,5.041516113E-1
5.688846000E0,-1.122665405E-1,5.469625854E-1,-4.236190796E-2
5.709009000E0,-2.456391907E-1,7.396119690E-1,-2.968327332E-1
5.729171375E0,-7.887098694E-1,7.415579224E-1,-3.704795837E-1
5.749334375E0,-9.839039612E-1,6.468049622E-1,4.825964355E-1
5.769498375E0,-8.422984314E-1,4.303550720E-1,1.245260468E0
5.789661375E0,-4.290078735E-1,4.499642944E-1,1.873803406E0
5.809824375E0,-8.729846191E-1,5.155279541E-1,1.954036560E0
5.829987375E0,-1.307980042E0,3.698808289E-1,3.629352722E0
5.850151375E0,-8.907975769E-1,-2.769241333E-2,7.911048889E0
5.870314375E0,-6.436614990E-3,2.222877502E-1,1.024514511E1
5.890477375E0,-1.586700439E-1,1.459015961E0,9.433083801E0
5.910640375E0,-1.441502380E0,2.643652496E0,1.226654160E1
5.930803375E0,-1.491199036E0,1.961371307E0,1.883802612E1
5.950967375E0,-6.478527832E-1,1.482068024E0,2.177896042E1
5.971130375E0,-1.112785950E0,2.267784119E0,2.105326950E1
5.991293375E0,-1.408720551E0,2.261197815E0,2.234658005E1
6.011456375E0,-2.589614868E-2,3.116968231E0,2.167238205E1
6.031620375E0,9.418414307E-1,3.789669342E0,2.173240723E1
6.051783375E0,3.222798157E-1,4.499642944E0,2.043191162E1
6.071946375E0,-1.390009460E0,4.431833954E0,1.867696106E1
6.092109375E0,-1.696122894E0,4.665048981E0,1.495779510E1
6.112273375E0,-1.708247681E0,3.962859192E0,1.372750351E1
6.132436375E0,-1.118923187E0,2.963088226E0,1.425276123E1
6.152599375E0,-4.993615723E-1,1.961520996E0,1.372570724E1
6.172762375E0,-6.484515381E-1,1.031954041E0,1.243269608E1
6.192925375E0,-3.119512939E-1,6.828799438E-1,1.005384293E1
6.213089375E0,2.095642090E-1,4.646337891E-1,7.590415649E0
6.233252375E0,3.001258850E-1,2.718347168E-1,5.785618744E0
6.253415375E0,5.273533630E-1,5.598358154E-2,4.422702942E0
6.273578375E0,4.293072510E-1,-1.157093811E-1,2.943628693E0
6.293742375E0,-2.427951050E-1,-2.624043274E-1,1.902843018E0
6.313905375E0,-7.300318909E-1,-2.001338196E-1,1.666334839E0
6.334068375E0,-3.942800903E-1,-5.201683044E-1,2.641107788E0
6.354231375E0,1.381626892E-1,-9.994715881E-1,3.319946136E0
6.374395375E0,-1.356179810E-1,-1.649420013E0,3.344195709E0
6.394558375E0,-4.474195862E-1,-1.819915466E0,3.972439270E0
6.414721375E0,-6.668632507E-1,-1.683399353E0,3.619173889E0
6.434884375E0,-3.372486877E-1,-8.334667969E-1,1.809586945E0
6.455048375E0,1.267863464E-1,-7.903564453E-2,2.200424194E0
6.475211375E0,5.330415344E-1,1.287322998E-1,6.322851562E0
6.495374375E0,2.228865051E-1,-5.134323120E-1,9.718390503E0
6.515537375E0,3.362008667E-1,-1.402583313E0,1.264076340E1
6.535700375E0,5.080435181E-1,-1.022972717E0,1.401715118E1
6.555864375E0,-2.118095398E-1,1.824705505E-1,1.348785187E1
6.576027375E0,-1.682950287E0,1.152752838E0,1.215786758E1
6.596190375E0,-1.872755585E0,1.569186859E0,1.168694687E1
6.616353375E0,-2.203417969E0,1.743723907E0,1.155207733E1
6.636517375E0,-1.610051880E0,1.647174683E0,1.427431641E1
6.656680375E0,-2.987786865E-1,2.855911102E0,1.327080322E1
6.676843375E0,-6.409671021E-1,2.151475983E0,1.678609314E1
6.697006375E0,-1.944456482E-1,3.050356750E0,1.822759552E1
6.717170000E0,3.879931641E-1,4.033811646E0,1.316168015E1
6.737333000E0,-5.200186157E-1,3.433410187E0,1.472233475E1
6.757496000E0,-2.341131592E-1,2.686613159E0,1.495749573E1
6.777659000E0,2.230361938E-1,2.125430145E0,1.573168579E1
6.797823000E0,3.893403625E-1,2.018851776E0,1.392673920E1
6.817986000E0,-5.403762817E-2,1.660047913E0,1.282323395E1
6.838149000E0,-2.189945984E-1,9.746232605E-1,1.342318634E1
6.858312000E0,-3.293151855E-3,2.365081787E-1,1.393587021E1
6.878476000E0,-7.604187012E-2,-2.314187622E-1,1.403631134E1
6.898639000E0,-7.182064819E-1,-1.050216064E0,1.559726532E1
6.918802000E0,-1.275647278E0,-1.923350372E0,1.630349670E1
6.938965000E0,-1.424288177E0,-1.497635651E0,1.469628891E1
6.959129000E0,-1.570534058E0,-1.397044830E0,1.447385147E1
6.979292000E0,-1.129251709E0,-7.292834473E-1,1.309536804E1
6.999455000E0,-1.387614441E-1,-1.866618347E-1,1.141346558E1
7.019618000E0,-2.555186462E-1,4.258644104E-1,9.797575836E0
7.039782000E0,-8.472381592E-2,1.156045990E0,8.163723450E0
7.059945000E0,1.098715210E-1,1.396895142E0,6.928342438E0
7.080108000E0,3.354524231E-1,1.470392303E0,6.119873657E0
7.100271000E0,1.722917175E-1,1.762434998E0,4.927602997E0
7.120435000E0,-7.951464844E-1,2.182012482E0,3.037333832E0
7.140598000E0,-1.563049622E0,2.483635254E0,7.309300232E-1
7.160761000E0,-1.437909851E0,2.656376038E0,-1.429227905E0
7.180924000E0,-1.349144440E0,2.476749573E0,-1.913321228E0
7.201088000E0,-1.130598907E0,1.915416870E0,-1.212478638E-1
7.221251000E0,-1.356479187E0,1.609004059E0,8.470884705E-1
7.241414000E0,-1.583107910E0,1.409169617E0,6.101312256E-1
7.261578000E0,-1.272803192E0,1.068328400E0,1.364562378E0
7.281741000E0,-1.028960266E0,8.181985474E-1,1.573827209E0
7.301904000E0,-9.982740784E-1,1.151405640E0,7.530839539E-1
7.322067000E0,-5.881269836E-1,1.291214905E0,1.146166534E0
7.342231000E0,4.784051514E-1,1.299148407E0,4.616699524E0
7.362394000E0,7.313790894E-1,1.410816193E0,7.488926697E0
7.382557000E0,5.248086548E-1,1.594184875E0,9.600286102E0
7.402720000E0,8.378077698E-1,1.106349335E0,1.557106979E1
7.422884000E0,1.532662811E0,1.815724182E0,1.842503494E1
7.443047000E0,2.072290649E0,3.283422089E0,1.972762619E1
7.463210000E0,2.044598236E0,4.487518158E0,2.297168015E1
7.483374000E0,2.319726105E0,4.372257843E0,2.761756897E1
7.503537000E0,1.929487610E0,4.192332001E0,2.862916534E1
7.523700000E0,-1.040635986E0,2.345921631E0,2.976784744E1
7.543863000E0,-3.141068115E0,1.067430267E0,2.648218002E1
7.564027000E0,-3.418441315E0,1.628463593E0,1.967882767E1
7.584190000E0,-3.030448151E0,2.408042450E0,1.483714600E1
7.604353000E0,-2.603236542E0,2.037263489E0,1.337498657E1
7.624517000E0,-2.127525787E0,1.528172150E0,1.029094986E1
7.644680000E0,-1.811233521E0,1.184187469E0,7.469766541E0
7.664843000E0,-1.461111603E0,1.026265869E0,5.611979828E0
7.685006000E0,-1.214274902E0,7.592211914E-1,4.864584045E0
7.705170000E0,-9.967771912E-1,3.644920349E-1,4.484225006E0
7.725333708E0,-6.376739502E-1,-1.823208618E-1,4.392316132E0
7.745496708E0,-4.415817261E-1,-7.045848083E-1,4.215234375E0
7.765660708E0,-6.665638733E-1,-9.298663330E-1,2.769241333E0
7.785823708E0,-9.367520142E-1,-9.000782776E-1,1.585802307E0
7.805986708E0,-7.354206848E-1,-7.240443420E-1,9.463320923E-1
7.826150708E0,-3.254232788E-1,-4.140390015E-1,-1.437011719E-2
7.846313708E0,6.212081909E-2,-1.562750244E-1,-2.562670898E-1
7.866476708E0,5.261558533E-1,1.664538574E-1,6.092330933E-2
7.886640708E0,6.994953918E-1,4.631369019E-1,1.076561279E0
7.906803708E0,9.728269958E-1,1.121168518E0,2.231709137E0
7.926966708E0,1.140777740E0,1.658850403E0,2.561623077E0
7.947129708E0,8.656498718E-1,2.192490692E0,3.935316467E0
7.967293708E0,-7.484436035E-4,2.351160736E0,6.194718018E0
7.987456708E0,-8.943901062E-1,2.839295654E0,7.952063599E0
8.007619708E0,-1.369951172E0,2.783012695E0,9.631720734E0
8.027783708E0,-7.153623962E-1,2.560425568E0,1.218705688E1
8.047946708E0,-1.707199860E0,2.066003723E0,1.494522125E1
8.068109708E0,-2.489173737E0,7.530839539E-1,1.762809219E1
8.088273708E0,-1.561253357E0,3.526666260E-1,1.851110596E1
8.108436708E0,-8.916957092E-1,1.249002686E0,1.747795441E1
8.128599708E0,-1.265917511E0,2.195634155E0,1.607507172E1
8.148763708E0,-1.454824677E0,2.633773041E0,1.680914520E1
8.168926708E0,-4.270619202E-1,3.232527924E0,1.504401581E1
8.189089708E0,2.517764282E-1,4.137096863E0,1.324984680E1
8.209253708E0,-2.594105530E-1,4.253255310E0,1.232596802E1
8.229416708E0,-1.393601990E-1,4.248465271E0,1.196117661E1
8.249579708E0,7.967930603E-1,4.242328033E0,1.131541946E1
8.269743708E0,1.842069397E0,4.431684265E0,9.820927277E0
8.289906708E0,1.336869965E0,3.969744873E0,1.001657043E1
8.310069708E0,1.101708984E0,3.035687256E0,1.172002808E1
8.330233708E0,1.086889801E0,2.867287445E0,1.099059494E1
8.350396708E0,4.526586914E-1,2.890040131E0,1.108115662E1
8.370559708E0,-3.405418396E-1,2.173929291E0,1.311722260E1
8.390723708E0,-4.713697815E-1,1.521585846E0,1.503488480E1
8.410886708E0,-4.694238281E-1,1.384321289E0,1.690928696E1
8.431050708E0,-1.222657471E0,2.152823181E0,1.708591965E1
8.451213708E0,-2.427801361E0,1.781894531E0,1.750085678E1
8.471376708E0,-1.162183228E0,9.367520142E-1,1.857262802E1
8.491540708E0,3.153941345E-1,-2.547702026E-1,2.039179504E1
8.511703708E0,-1.972897339E-1,-1.417552185E0,1.979438736E1
8.531866708E0,-6.734495544E-1,-2.056872711E0,1.783511169E1
8.552030708E0,-7.107220459E-1,-1.792223053E0,1.420545959E1
8.572193708E0,-7.731422424E-1,-1.245110779E0,1.015428406E1
8.592356708E0,-9.740245056E-1,-6.251000977E-1,7.491471405E0
8.612520708E0,-1.062340851E0,-3.454815674E-1,5.075944519E0
8.632683708E0,-7.726931763E-1,-1.728904724E-1,3.296894073E0
8.652847708E0,-2.812651062E-1,-1.335223389E-1,1.392853546E0
8.673010708E0,-2.094145203E-1,9.909393311E-2,-4.412823486E-1
8.693173708E0,4.864883423E-1,4.441264343E-1,-1.625918884E0
8.713337708E0,1.033899994E0,5.667214966E-1,-1.957778778E0
8.733501708E0,1.235680389E0,7.297325134E-1,-2.194885712E0
8.753664708E0,1.101708984E0,6.456074524E-1,-2.218386841E0
8.773828708E0,8.122109985E-1,4.800517273E-1,-1.433718567E0
8.793991708E0,5.731581116E-1,5.285508728E-1,-9.369017029E-1
8.814154708E0,7.397616577E-1,6.170169067E-1,-7.355703735E-1
8.834318708E0,2.044747925E-1,1.841171265E-2,2.948867798E-1
8.854481708E0,-1.404828644E0,-9.473799133E-1,4.317920837E0
8.874645708E0,-2.135159912E0,-1.454674988E0,7.460635529E0
8.894808708E0,-2.719544678E0,-2.015259247E0,1.101559296E1
8.914971708E0,-3.026256866E0,-2.227068787E0,1.433464096E1
8.935135708E0,-3.294648743E0,-1.729802856E0,1.872815460E1
8.955298708E0,-3.315605164E0,-6.824308777E-1,2.358480515E1
8.975461708E0,-2.295775909E0,1.042581940E0,2.642350204E1
8.995625708E0,-2.429148560E0,2.296374664E0,2.772085419E1
9.015788708E0,-3.498375092E0,2.762804718E0,3.051913513E1
9.035952708E0,-4.500990143E0,3.559448090E0,2.773866714E1
9.056115708E0,-6.085744629E0,3.687881012E0,2.426379318E1
9.076278708E0,-6.303392029E0,3.610192566E0,2.042143341E1
9.096442708E0,-5.671256561E0,3.145109711E0,1.622865234E1
9.116605708E0,-4.301455078E0,2.278861084E0,1.354114105E1
9.136768708E0,-2.921923828E0,1.218166809E0,1.135344040E1
9.156932708E0,-2.164798279E0,3.112028503E-1,9.526040497E0
9.177095708E0,-1.078806610E0,-7.574249268E-2,7.520061951E0
9.197259708E0,-1.408570862E-1,-3.486250305E-1,6.070027313E0
9.217422708E0,5.373825073E-1,-4.168830872E-1,4.285887451E0
9.237585708E0,6.746470642E-1,-5.516029358E-1,2.721191254E0
9.257749708E0,6.655160522E-1,-4.995112610E-1,1.735940094E0
9.277912708E0,8.602610779E-1,-3.441343689E-1,8.107141113E-1
9.298075708E0,8.634045410E-1,-1.724414062E-1,1.169068909E-1
9.318239708E0,8.936416626E-1,-4.355941772E-2,-6.328839111E-1
9.338402708E0,1.122815094E0,2.809657288E-1,-1.263821869E0
9.358566708E0,1.472038879E0,5.989045715E-1,-1.617087250E0
9.378729708E0,1.735491028E0,8.560697937E-1,-1.669627991E0
9.398892708E0,1.574276276E0,6.385720825E-1,-8.665480042E-1
9.419056708E0,1.717079315E0,6.607260132E-1,1.867815857E0
9.439219708E0,2.373614044E0,8.867559814E-1,2.592009888E0
9.459383708E0,2.221081238E0,9.380992126E-1,2.626288605E0
9.479546708E0,1.635349274E0,8.222401428E-1,5.357059937E0
9.499709708E0,1.328786774E0,4.942721558E-1,1.117905304E1
9.519873708E0,-1.655557251E-1,3.249742126E-1,1.537363037E1
9.540036708E0,-2.280657349E0,5.662724304E-1,1.864193390E1
9.560199708E0,-3.204386444E0,6.153703308E-1,2.410557220E1
9.580363708E0,-3.768114166E0,1.378932495E0,2.672272980E1
9.600526708E0,-4.594545593E0,2.384541321E0,2.612981277E1
9.620690708E0,-4.759652252E0,3.302731934E0,2.468411911E1
9.640853708E0,-4.189487915E0,3.893104248E0,2.275223648E1
9.661016708E0,-4.305047607E0,4.087699585E0,1.978121475E1
9.681180708E0,-5.212909698E0,3.908073120E0,1.706286758E1
9.701343708E0,-5.650599518E0,3.390599213E0,1.529414566E1
9.721506833E0,-5.401517487E0,2.482886810E0,1.359443024E1
9.741669833E0,-4.540807343E0,1.515598297E0,1.136900803E1
9.761832833E0,-3.312012634E0,6.497987366E-1,9.468260651E0
9.781996833E0,-2.025438080E0,2.694396973E-2,7.270680542E0
9.802159833E0,-1.013692017E0,-4.028123474E-1,5.409151611E0
9.822322833E0,-2.990780640E-1,-5.617817688E-1,3.823648682E0
9.842486833E0,4.810995483E-1,-4.562512207E-1,2.709216156E0
9.862649833E0,1.148411865E0,-3.261717224E-1,1.695823517E0
9.882813833E0,1.805695038E0,7.005432129E-2,8.408015442E-1
9.902976833E0,2.305206299E0,4.502636719E-1,-3.293151855E-3
9.923139833E0,2.510579224E0,7.183561707E-1,-1.426533508E-1
9.943303833E0,2.020348663E0,1.016536102E0,4.905299377E-1
9.963466833E0,1.622026978E0,1.342408447E0,4.418811035E-1
9.983630833E0,1.310075684E0,1.157692566E0,1.127455444E0
1.000379383E1,9.072633362E-1,6.239025879E-1,3.225342865E0
1.002395683E1,1.588646393E0,8.241860962E-1,4.491260376E0
1.004412083E1,1.385967865E0,1.540446625E0,4.148323517E0
1.006428383E1,-1.459764404E0,1.825453949E0,4.014950867E0
1.008444783E1,-3.299139404E0,8.499325562E-1,5.958808594E0
1.010461083E1,-1.661544800E0,-9.207353210E-1,1.076860657E1
1.012477383E1,2.284249878E-1,-1.293609924E0,1.581506241E1
1.014493783E1,-2.101779327E0,-7.077282715E-1,1.670047119E1
1.016510083E1,-4.527485046E0,-2.956352234E-1,1.626218262E1
1.018526483E1,-4.979694672E0,-4.296066284E-1,1.672262512E1
1.020542783E1,-3.181184692E0,-7.241940308E-1,1.852697296E1
1.022559083E1,-2.826422424E0,-1.437011719E-1,2.014211426E1
1.024575483E1,-4.443210297E0,7.646099854E-1,1.818508392E1
1.026591783E1,-5.454507294E0,1.641486511E0,1.488369919E1
1.028608183E1,-4.116589508E0,2.518363037E0,1.278102173E1
1.030624483E1,-2.216590576E0,2.717299347E0,1.494342499E1
1.032640783E1,-1.363963623E0,3.717968445E0,1.465766922E1
1.034657183E1,-2.127825165E0,4.715045013E0,1.412447800E1
1.036673483E1,-3.378773804E0,5.266198883E0,1.418091064E1
1.038689883E1,-3.509002991E0,5.048102417E0,1.474029739E1
1.040706183E1,-2.796185303E0,4.107009430E0,1.482472183E1
1.042722483E1,-2.391876068E0,2.794987793E0,1.457848389E1
1.044738883E1,-2.437980194E0,1.595831451E0,1.328517334E1
1.046755183E1,-2.231709137E0,7.737409973E-1,1.114881592E1
1.048771583E1,-1.934427338E0,3.842509460E-1,8.287965088E0
1.050787883E1,-1.263522491E0,2.070195007E-1,5.351671143E0
1.052804183E1,-1.648072815E-1,3.281176758E-1,3.707639923E0
1.054820583E1,9.077124023E-1,4.875361633E-1,3.343596954E0
1.056836883E1,1.456471252E0,5.954617310E-1,3.437451782E0
1.058853283E1,1.814227295E0,7.189549255E-1,3.189567261E0
1.060869583E1,2.203417969E0,5.864804077E-1,3.541335754E0
1.062885883E1,2.574945374E0,6.170169067E-1,3.892804871E0
1.064902283E1,2.820883942E0,1.005908203E0,2.324366455E0
1.066918583E1,2.414628754E0,1.444346466E0,9.927355957E-1
1.068934983E1,1.741478577E0,1.631457367E0,2.409988403E0
1.070951283E1,1.385818176E0,1.033750305E0,4.843328247E0
1.072967575E1,7.264393616E-1,3.971241760E-1,4.476590881E0
1.074983975E1,6.730004883E-1,3.429368591E-1,4.165088654E0
1.077000275E1,5.751040649E-1,1.170565796E-1,3.979474640E0
1.079016675E1,-9.624984741E-2,-5.345384216E-1,5.444178772E0
1.081032975E1,-8.616082764E-1,-1.199904785E0,6.939868469E0
1.083049275E1,-6.188131714E-1,-7.622149658E-1,7.636519775E0
1.085065675E1,-1.302291870E-1,-2.859054565E-1,8.732690277E0
1.087081975E1,-1.467997284E0,-9.864486694E-2,1.123922791E1
1.089098375E1,-1.749112701E0,2.059716797E-1,1.422731415E1
1.091114675E1,-1.458117828E0,7.914042664E-1,1.759156815E1
1.093131075E1,-1.889670410E0,1.756896515E0,2.029315018E1
1.095147375E1,-2.176024933E0,2.685715027E0,2.196188004E1
1.097163675E1,-2.201771393E0,3.220852203E0,2.289848236E1
1.099180075E1,-1.998194733E0,3.503314819E0,2.238295441E1
1.101196375E1,-1.973645782E0,3.690575409E0,2.025707520E1
1.103212775E1,-2.248025208E0,3.728446655E0,1.749322266E1
1.105229075E1,-2.407892761E0,3.445534973E0,1.551164337E1
1.107245375E1,-1.886077881E0,2.888243866E0,1.413510590E1
1.109261775E1,-1.225950623E0,2.227517853E0,1.369517075E1
1.111278075E1,-9.744735718E-1,1.553319855E0,1.288295975E1
1.113294475E1,-7.767347717E-1,1.069525909E0,1.148816025E1
1.115310775E1,-3.909869385E-1,7.848179626E-1,1.012494507E1
1.117327175E1,-2.260299683E-2,8.195457458E-1,8.407416687E0
1.119343475E1,6.057902527E-1,7.120692444E-1,7.774383087E0
1.121359775E1,9.382489014E-1,4.483177185E-1,7.321425018E0
1.123376175E1,1.058748322E0,3.772155762E-1,6.982679443E0
1.125392475E1,8.575666809E-1,2.598596191E-1,6.913074188E0
1.127408875E1,7.667056274E-1,2.110610962E-1,6.251450043E0
1.129425175E1,1.517993317E0,4.565505981E-1,5.094056854E0
1.131441575E1,1.900897064E0,7.155120850E-1,4.124822388E0
1.133457875E1,1.689237213E0,8.749305725E-1,4.241429901E0
1.135474175E1,1.293759613E0,1.224603424E0,4.829856262E0
1.137490575E1,7.467970276E-1,1.481618958E0,4.469405823E0
1.139506875E1,4.381388855E-1,2.077080688E0,3.423680420E0
1.141523275E1,1.679507446E-1,2.581082611E0,1.756597137E0
1.143539575E1,3.381468201E-1,2.468965759E0,1.883233795E0
1.145555975E1,1.395098877E-1,2.048190765E0,4.811145172E0
1.147572275E1,2.927911377E-1,1.718426514E0,8.879235535E0
1.149588575E1,2.974314880E-1,2.260299683E0,9.185947723E0
1.151604975E1,-1.015787659E0,2.672542419E0,6.398594055E0
1.153621275E1,-2.477198639E0,2.261048126E0,5.217250671E0
1.155637675E1,-2.550995178E0,1.418300629E0,5.632936249E0
1.157653975E1,-1.578467560E0,5.328918457E-1,8.271050262E0
1.159670375E1,-8.749305725E-1,3.281176758E-1,8.393645325E0
1.161686675E1,-1.675166473E0,6.274951172E-1,6.757996674E0
1.163702975E1,-2.860401764E0,1.020727386E0,7.121740265E0
1.165719375E1,-1.338666229E0,1.116528168E0,8.693771210E0
1.167735675E1,-1.278191986E0,1.442400513E0,1.118519028E1
1.169752075E1,-1.493294678E0,1.630259857E0,1.479658035E1
1.171768375E1,-1.345252533E0,1.859433289E0,1.787762329E1
1.173784721E1,-9.952803040E-1,2.456541595E0,1.914907928E1
1.175801021E1,-5.801934814E-1,2.769690399E0,1.964859055E1
1.177817321E1,-1.809736633E-1,2.560275879E0,2.095013397E1
1.179833721E1,1.707948303E-1,2.493215332E0,2.075628708E1
1.181850021E1,4.999603271E-2,2.787503357E0,1.864283203E1
1.183866421E1,-8.313711548E-1,2.614163818E0,1.762794250E1
1.185882721E1,-1.365161133E0,2.182311859E0,1.696167801E1
1.187899121E1,-1.587897949E0,1.599124603E0,1.624556717E1
1.189915421E1,-2.073787537E0,1.093027039E0,1.478295868E1
1.191931821E1,-2.867736511E0,7.397616577E-1,1.379157028E1
1.193948121E1,-3.021466827E0,7.005432129E-1,1.164114212E1
1.195964421E1,-2.440674591E0,7.682025146E-1,9.321266327E0
1.197980821E1,-1.847607880E0,5.782475281E-1,7.971822510E0
1.199997121E1,-1.546883240E0,2.395019531E-1,7.021598511E0
1.202013521E1,-1.875300293E0,-2.743794250E-1,6.107748871E0
1.204029821E1,-2.013462982E0,-4.083508301E-1,5.091212769E0
1.206046221E1,-9.779164124E-1,-3.044668579E-1,3.913461914E0
1.208062521E1,-5.099894714E-1,2.529739380E-2,2.474953308E0
1.210078921E1,-5.843847656E-1,5.132826233E-1,1.159339142E0
1.212095221E1,-4.836442566E-1,9.102571106E-1,-4.385879517E-2
1.214111521E1,-7.223977661E-1,1.063538361E0,-1.002016296E0
1.216127921E1,-4.643344116E-1,9.797126770E-1,-2.173480225E-1
1.218144221E1,3.568579102E-1,9.372010803E-1,5.295986938E-1
1.220160621E1,7.521858215E-1,1.060394897E0,1.847158813E-1
1.222176921E1,4.387376404E-1,1.222358093E0,-8.960366821E-1
1.224193321E1,1.722917175E-1,1.413360901E0,-1.387913818E0
1.226209621E1,3.579057312E-1,1.259630585E0,5.535488892E-1
1.228226021E1,1.438358917E0,1.530716858E0,5.134323120E-1
1.230242321E1,2.969524841E0,2.050585785E0,3.210823059E-1
1.232258721E1,3.472029877E0,2.368524628E0,6.741979980E-1
1.234275021E1,2.130669250E0,2.162103882E0,6.056555328E0
1.236291321E1,2.905458069E-1,2.326312408E0,1.171089706E1
1.238307721E1,-9.267228699E-1,2.271077271E0,1.654015457E1
1.240324021E1,-2.264940033E0,2.759511566E0,1.967418732E1
1.242340421E1,-4.023632812E0,3.685935059E0,2.310879501E1
1.244356721E1,-4.048780518E0,3.659889221E0,2.898317917E1
1.246373121E1,-1.659149780E0,3.544778595E0,3.291175964E1
1.248389421E1,-1.502276001E0,3.866759033E0,3.190615082E1
1.250405821E1,-2.672392731E0,4.433031464E0,2.649280792E1
1.252422121E1,-3.409459991E0,4.977599030E0,2.027024780E1
1.254438521E1,-3.227887573E0,4.850064240E0,1.607492203E1
1.256454821E1,-2.178869019E0,3.984114990E0,1.257100845E1
1.258471121E1,-1.789678345E0,2.476300507E0,9.880952454E0
1.260487521E1,-1.867067413E0,2.079176331E-1,9.703271942E0
1.262503821E1,-1.710493011E0,-1.767973480E0,8.143066406E0
1.264520221E1,-1.528471527E0,-2.761457520E0,5.355712738E0
1.266536521E1,-1.102756805E0,-3.232378235E0,2.765050049E0
1.268552921E1,-2.537223816E-1,-3.340752869E0,1.207538910E0
1.270569221E1,7.578739929E-1,-3.271896057E0,7.123686218E-1
1.272585633E1,8.529263306E-1,-3.203787689E0,5.498066711E-1
1.274601933E1,2.386038208E-1,-3.131787415E0,4.465214539E-1
1.276618333E1,4.376898193E-1,-2.616558838E0,6.258485413E-1
1.278634633E1,1.204694824E0,-5.774990845E-1,1.525926819E0
1.280651033E1,1.675765228E0,1.640887756E0,9.966275024E-1
1.282667333E1,1.396296387E0,3.499722290E0,-1.554966431E0
1.284683733E1,3.300636292E-1,4.469854889E0,-1.714833984E0
1.286700033E1,2.345622253E-1,4.108955383E0,2.231409760E0
1.288716433E1,1.475930786E0,4.235142975E0,6.163283386E0
1.290732733E1,1.265019379E0,4.555776215E0,8.812025299E0
1.292749133E1,-6.384223938E-1,4.164938965E0,1.064631088E1
1.294765433E1,-2.033072205E0,3.973187714E0,1.366403549E1
1.296781733E1,-3.486849060E0,3.617377625E0,1.445963104E1
1.298798133E1,-3.960464172E0,3.197351074E0,1.334654572E1
1.300814433E1,-3.768114166E0,2.621498566E0,1.484837265E1
1.302830833E1,-4.209546204E0,2.781216431E0,1.705089249E1
1.304847133E1,-3.778292999E0,3.771706696E0,1.466844681E1
1.306863533E1,-2.841391296E0,4.387226715E0,1.146391068E1
1.308879833E1,-1.920805664E0,4.127965851E0,1.223046661E1
1.310896233E1,-4.977149963E-1,3.996838531E0,1.226699066E1
1.312912533E1,-9.759704590E-2,4.130959625E0,1.084524719E1
1.314928933E1,-4.757107544E-1,4.067940674E0,1.034319122E1
1.316945233E1,9.190887451E-2,3.991599426E0,9.959539032E0
1.318961633E1,5.670208740E-1,3.529660034E0,1.060903839E1
1.320977933E1,1.152154083E0,2.874771881E0,1.080378342E1
1.322994333E1,1.156345367E0,1.911524963E0,1.155881332E1
1.325010633E1,1.525777130E0,2.023941193E0,1.184352127E1
1.327027033E1,1.960323486E0,2.033221893E0,1.242296631E1
1.329043333E1,2.449506226E0,1.696871338E0,1.333232529E1
1.331059733E1,1.490300903E0,7.655081177E-1,1.443897400E1
1.333076033E1,-9.168434143E-1,1.835183716E-1,1.578213089E1
1.335092433E1,-1.739532623E0,-1.916015625E-1,1.467847595E1
1.337108733E1,-1.590292969E0,1.481918335E-2,1.310869034E1
1.339125133E1,-1.077459412E0,7.676037598E-1,1.244931152E1
1.341141433E1,-8.580157471E-1,1.616039429E0,1.097712296E1
1.343157833E1,-9.711804199E-1,2.095342712E0,9.109007721E0
1.345174133E1,-1.264420624E0,2.347867584E0,7.178771667E0
1.347190433E1,-1.802701263E0,2.148332520E0,5.573809204E0
1.349206833E1,-1.487307129E0,1.442550201E0,5.679339752E0
1.351223133E1,-5.655239868E-1,1.009351044E0,5.345084839E0
1.353239533E1,-2.020797729E-1,8.327183533E-1,4.393513641E0
1.355255833E1,-5.207670593E-1,5.748046875E-1,3.542982330E0
1.357272233E1,-8.590635681E-1,4.243675232E-1,2.766397247E0
1.359288533E1,-1.225950623E0,2.603086853E-1,1.687440948E0
1.361304933E1,-1.525477753E0,7.903564453E-2,1.750609589E0
1.363321233E1,-1.653012543E0,-1.221459961E-1,2.604733429E0
1.365337633E1,-1.621727600E0,-1.916015625E-2,2.936743011E0
1.367353933E1,-1.629661102E0,4.011657715E-1,4.972210236E0
1.369370333E1,-1.345551910E0,8.656498718E-1,6.737938385E0
1.371386633E1,-1.637594604E-1,1.646126862E0,8.008047180E0
1.373403075E1,3.558100891E-1,2.597548370E0,8.042625275E0
1.375419375E1,1.595681763E-1,3.067720642E0,1.046099625E1
1.377435775E1,1.477427673E-1,4.363575897E0,1.154474258E1
1.379452075E1,1.059496765E0,5.502557373E0,1.443373489E1
1.381468475E1,2.070793762E0,6.444249115E0,1.930819839E1
1.383484775E1,1.960024109E0,6.711742859E0,2.141821060E1
1.385501175E1,1.407073975E-1,4.491260376E0,2.645209259E1
1.387517475E1,-1.161584473E-1,2.071841583E0,2.908466812E1
1.389533875E1,-5.276527405E-1,1.514849854E-1,2.989268784E1
1.391550175E1,-1.697470093E0,-1.124162292E-1,2.711326767E1
1.393566575E1,-2.717598724E0,8.050259399E-1,2.223176880E1
1.395582875E1,-3.599714355E0,1.424138489E0,1.741478577E1
1.397599275E1,-4.404889984E0,1.293011169E0,1.335717361E1
1.399615575E1,-4.612059174E0,8.650511169E-1,1.000983444E1
1.401631975E1,-4.129313049E0,2.884501648E-1,7.605833588E0
1.403648275E1,-3.354075165E0,-3.661386108E-1,6.812633057E0
1.405664675E1,-3.124003601E0,-8.405021667E-1,5.917195129E0
1.407680975E1,-2.686463470E0,-1.062041473E0,4.221072235E0
1.409697375E1,-2.157164154E0,-1.042132874E0,1.795366516E0
1.411713675E1,-1.441801758E0,-8.193960571E-1,5.942642212E-2
1.413730075E1,-7.423063660E-1,-7.102729797E-1,-4.093986511E-1
1.415746375E1,-4.116439819E-1,-5.969586182E-1,-1.552272034E-1
1.417762775E1,-3.450325012E-1,-3.290158081E-1,2.842588806E-1
1.419779075E1,-3.526666260E-1,1.871109009E-2,-3.082090759E-1
1.421795475E1,-4.736151123E-1,4.427792358E-1,-1.359173584E0
1.423811875E1,-5.484594727E-1,7.723937988E-1,-2.480192413E0
1.425828175E1,-3.659889221E-1,6.764433289E-1,-2.657573547E0
1.427844575E1,2.186952209E-1,2.338137817E-1,-7.066804504E-1
1.429860875E1,7.996371460E-1,2.275268555E-2,2.005529480E0
1.431877275E1,4.590953064E-1,2.100132751E-1,2.867437134E0
1.433893575E1,-1.074016571E0,7.816744995E-1,2.265089722E0
1.435909975E1,-1.425635376E0,7.244934082E-1,4.754263458E0
1.437926275E1,-6.900650024E-2,1.457668762E0,7.471263428E0
1.439942675E1,4.935237122E-1,1.892065430E0,8.063432007E0
1.441958975E1,-1.013392639E0,2.330054626E0,1.022613464E1
1.443975375E1,-3.094365234E0,1.420096893E0,1.444181808E1
1.445991675E1,-4.136647797E0,-7.680528259E-1,1.875479919E1
1.448008075E1,-3.529510345E0,-2.334096222E0,2.166414917E1
1.450024375E1,-2.320175171E0,-1.445394287E0,2.136222702E1
1.452040775E1,-1.861828308E0,3.365002441E-1,1.876273270E1
1.454057075E1,-1.923500061E0,8.918453979E-1,1.828821945E1
1.456073475E1,-5.008584595E-1,7.411088562E-1,1.883308640E1
1.458089775E1,1.027463379E0,1.080602875E0,2.006158173E1
1.460106175E1,8.216413879E-1,2.333048401E0,1.790247162E1
1.462122475E1,-5.266049194E-1,1.758393402E0,2.120640106E1
1.464138875E1,6.075865173E-1,2.164049835E0,2.041290115E1
1.466155175E1,4.861889648E-1,2.425106964E0,1.831276840E1
1.468171575E1,-8.087681580E-1,2.276316376E0,1.730955460E1
1.470187875E1,-1.773511963E0,1.613794098E0,1.780218018E1
1.472204275E1,-1.556762695E0,3.382965088E-1,1.982941452E1
1.474220600E1,-1.068627777E0,-7.418572998E-1,1.830124237E1
1.476237000E1,-1.902693329E0,-1.839824066E0,1.455198898E1
1.478253300E1,-2.752925262E0,-2.851270752E0,1.024843826E1
1.480269700E1,-2.528392181E0,-3.563040619E0,7.355554047E0
1.482286000E1,-1.898352356E0,-4.133354645E0,5.020110626E0
1.484302400E1,-1.379980316E0,-4.033961334E0,2.499502258E0
1.486318800E1,-5.917195129E-1,-3.769760742E0,1.105750580E0
1.488335100E1,1.842668152E-1,-3.250789948E0,8.891510010E-2
1.490351500E1,8.288264465E-1,-1.934427338E0,-4.096980286E-1
1.492367800E1,1.250948639E0,-7.634124756E-1,-2.164648590E0
1.494384200E1,1.437610474E0,6.710545349E-1,-4.010160828E0
1.496400500E1,1.169368286E0,1.563348999E0,-3.930825806E0
1.498416900E1,1.805245972E0,2.536774750E0,-2.805765381E0
1.500433200E1,9.032217407E-1,2.335144043E0,-1.924248505E0
1.502449600E1,-9.506730652E-1,1.382525024E0,1.556313629E0
1.504465900E1,-1.416354675E0,3.493734741E-1,5.887107697E0
1.506482300E1,-2.597248993E0,-4.559518433E-1,7.486831055E0
1.508498600E1,-4.759203186E0,-1.787283325E0,1.026086243E1
1.510515000E1,-5.822591858E0,-2.291285248E0,1.260693375E1
1.512531300E1,-6.609655151E0,-2.078128510E0,1.323038727E1
1.514547700E1,-6.307882690E0,-1.731449432E0,1.436008804E1
1.516564000E1,-5.147495728E0,-8.649014282E-1,1.493953308E1
1.518580400E1,-3.859274597E0,3.869453430E-1,1.491932510E1
1.520596800E1,-3.394790497E0,1.346150665E0,1.425785065E1
1.522613100E1,-1.919608154E0,2.442321167E0,1.196372131E1
1.524629500E1,-7.794291687E-1,3.453169098E0,9.334139557E0
1.526645800E1,1.971400452E-1,4.208947449E0,8.974437561E0
1.528662200E1,1.524130554E0,3.959715729E0,1.208137665E1
1.530678500E1,2.760110321E0,4.092190247E0,1.368858444E1
1.532694900E1,2.775378571E0,4.371958466E0,1.214424591E1
1.534711200E1,1.509760437E0,4.441114655E0,1.183064804E1
1.536727600E1,9.252259827E-1,4.022135925E0,1.376013565E1
1.538743900E1,1.240919495E0,3.247796173E0,1.613599503E1
1.540760300E1,1.066532135E0,2.320175171E0,1.825873077E1
1.542776600E1,-7.912545776E-1,5.382806396E-1,2.002131546E1
1.544793000E1,-1.860032043E0,-2.617307281E0,2.378493896E1
1.546809400E1,-2.483784943E0,-4.961432648E0,2.514261566E1
1.548825700E1,-3.067121887E0,-5.517226868E0,2.169094345E1
1.550842100E1,-3.795507202E0,-4.517455902E0,1.769096146E1
1.552858400E1,-3.983965302E0,-3.026705933E0,1.278700928E1
1.554874800E1,-3.853287048E0,-1.722767487E0,1.008138565E1
1.556891100E1,-3.349883881E0,-9.960287476E-1,8.730295258E0
1.558907500E1,-2.260898438E0,-3.345542908E-1,6.793323212E0
1.560923800E1,-1.597927094E0,1.477427673E-1,5.885910187E0
1.562940200E1,-1.358425140E0,3.731739807E-1,5.090763702E0
1.564956500E1,-1.021775208E0,5.827381897E-1,4.157005463E0
1.566972900E1,-6.499484253E-1,7.460485840E-1,3.382965088E0
1.568989200E1,-2.616558838E-1,6.002517700E-1,3.447031860E0
1.571005600E1,-1.378633118E-1,4.050576782E-1,3.581751709E0
1.573021908E1,1.222956848E-1,3.664379883E-1,3.426823883E0
1.575038208E1,7.125183105E-2,3.252735901E-1,2.890638885E0
1.577054608E1,-2.279759216E-1,1.553768921E-1,2.698139191E0
1.579070908E1,-4.342469788E-1,-5.403762817E-2,3.120111694E0
1.581087308E1,1.377136230E-2,-6.750961304E-2,3.155138855E0
1.583103608E1,3.513194275E-1,1.731898499E-1,2.054028625E0
1.585120008E1,3.008743286E-1,3.523672485E-1,2.098186798E0
1.587136308E1,1.001417542E-1,1.094224548E-1,3.817810822E0
1.589152708E1,4.950205994E-1,5.703140259E-2,5.497767334E0
1.591169008E1,7.755372620E-1,3.129991150E-1,6.313271484E0
1.593185408E1,-6.372248840E-1,1.164428558E0,5.391039276E0
1.595201808E1,-2.568059692E0,1.300495605E0,6.768025818E0
1.597218108E1,-2.551444244E0,4.098477173E-1,1.190639053E1
1.599234508E1,-1.297651520E0,-4.231700134E-1,1.502994507E1
1.601250808E1,-6.216572571E-1,-5.240602112E-1,1.687515793E1
1.603267208E1,-1.602118378E0,-5.519023132E-1,2.032937485E1
1.605283508E1,-2.167941742E0,9.894424438E-2,1.909324539E1
1.607299908E1,-2.549647980E0,4.619393921E-1,1.691392731E1
1.609316208E1,-2.341131592E0,9.496252441E-1,1.665930679E1
1.611332608E1,-3.297642517E0,1.308279419E0,1.684492081E1
1.613348908E1,-3.314707031E0,1.864971771E0,1.490749969E1
1.615365308E1,-2.326162720E0,2.410886536E0,1.214334778E1
1.617381708E1,-1.561852112E0,2.576591949E0,1.086949677E1
1.619398008E1,-4.182302856E-1,2.384092255E0,1.088476501E1
1.621414408E1,4.320016479E-1,2.308649139E0,1.139400604E1
1.623430708E1,4.152365112E-1,2.489473114E0,9.943073273E0
1.625447108E1,1.889071655E-1,2.613864441E0,8.319699097E0
1.627463408E1,9.520202637E-2,2.641556854E0,7.946674805E0
1.629479808E1,5.716612244E-1,2.219135284E0,9.855655060E0
1.631496108E1,8.135581970E-1,1.629661102E0,1.079046112E1
1.633512508E1,2.085163879E-1,9.120533752E-1,1.134790192E1
1.635528908E1,-8.301736450E-1,-1.450483704E-1,1.301498520E1
1.637545208E1,-9.801617432E-1,-8.939410400E-1,1.398362091E1
1.639561608E1,-1.286275177E0,-1.536704407E0,1.419393356E1
1.641577908E1,-1.322050781E0,-2.412233734E0,1.544278656E1
1.643594308E1,-1.037791901E0,-3.418890381E0,1.658685745E1
1.645610608E1,-1.521735535E0,-4.196972351E0,1.809212723E1
1.647627008E1,-1.444196777E0,-4.144730988E0,1.749112701E1
1.649643408E1,-1.174308014E0,-3.022065582E0,1.463551529E1
1.651659708E1,-1.844165039E0,-1.758243713E0,1.201072357E1
1.653676108E1,-1.983824615E0,-6.194119263E-1,9.571246490E0
1.655692408E1,-1.696721649E0,1.760339355E-1,7.106921082E0
1.657708808E1,-1.431323547E0,7.463479614E-1,5.456303558E0
1.659725108E1,-1.115779724E0,1.243763580E0,3.935466156E0
1.661741508E1,-7.946974182E-1,1.578766937E0,2.681374054E0
1.663757808E1,-6.436614990E-1,1.898651733E0,1.953737183E0
1.665774208E1,-8.177494812E-1,1.866019592E0,1.924847260E0
1.667790608E1,-9.386979675E-1,1.700014801E0,2.449356537E0
1.669806908E1,-6.524931335E-1,1.476978607E0,2.917582855E0
1.671823308E1,-1.779798889E-1,1.341660004E0,3.495680695E0
1.673839583E1,-2.588117981E-1,1.339115295E0,3.575913849E0
1.675855983E1,-6.945556641E-1,1.255439301E0,3.931274872E0
1.677872283E1,-5.291496277E-1,6.472540283E-1,5.709127808E0
1.679888683E1,1.561253357E-1,-7.798782349E-2,7.453300781E0
1.681905083E1,1.243464203E0,-3.697311401E-2,7.974516907E0
1.683921383E1,1.501826935E0,7.261399841E-1,7.222181396E0
1.685937783E1,9.786648560E-1,1.833088074E0,6.809040527E0
1.687954083E1,5.637277222E-1,2.672692108E0,7.001091156E0
1.689970483E1,8.933422852E-1,2.881807251E0,8.014034729E0
1.691986783E1,5.623805237E-1,2.425855408E0,8.173602905E0
1.694003183E1,9.175918579E-1,2.120490417E0,1.200713104E1
1.696019583E1,1.196162567E0,1.979184265E0,1.467727844E1
1.698035883E1,1.501377869E-1,1.332828369E0,1.680016388E1
1.700052283E1,-6.183641052E-1,1.288819885E0,1.744397507E1
1.702068583E1,-1.260528717E0,1.806593170E0,1.583976105E1
1.704084983E1,-1.978884888E0,2.115251312E0,1.476005630E1
1.706101283E1,-1.859882355E0,2.059567108E0,1.533486099E1
1.708117683E1,-5.069956970E-1,2.406545563E0,1.525896881E1
1.710134083E1,-4.077520752E-1,3.190914459E0,1.306692719E1
1.712150383E1,-2.972817993E-1,3.838018799E0,1.005099884E1
1.714166783E1,-1.104702759E-1,4.175866241E0,7.789501648E0
1.716183083E1,9.027726746E-1,4.154760132E0,8.974736938E0
1.718199483E1,1.644929352E0,3.953279114E0,9.163644104E0
1.720215883E1,1.351539459E0,4.048331451E0,8.083490295E0
1.722232183E1,8.370593262E-1,4.238885193E0,7.514074402E0
1.724248583E1,4.242178345E-1,4.326303406E0,8.139623566E0
1.726264883E1,2.040257263E-1,3.938310242E0,9.890532532E0
1.728281283E1,2.874023438E-2,3.476071472E0,1.254855515E1
1.730297583E1,2.995271301E-1,3.569477234E0,1.465392700E1
1.732313983E1,-4.667294312E-1,3.109184418E0,1.643372589E1
1.734330383E1,-8.373587036E-1,1.497635651E0,1.892065430E1
1.736346683E1,-1.227597198E0,-3.521726532E0,2.661031357E1
1.738363083E1,-1.572180634E0,-5.614973602E0,2.685460556E1
1.740379383E1,-2.715652771E0,-4.501588898E0,1.916614380E1
1.742395783E1,-3.573369141E0,-3.354374542E0,1.486394028E1
1.744412183E1,-2.638563080E0,-2.266885986E0,1.228465393E1
1.746428483E1,-2.130369873E0,-1.175206146E0,8.752299500E0
1.748444883E1,-2.564766541E0,-2.409988403E-1,5.214406586E0
1.750461183E1,-2.792293396E0,1.207987976E-1,4.010460205E0
1.752477583E1,-2.454595642E0,1.181044006E-1,4.487967224E0
1.754493883E1,-1.314865723E0,9.624984741E-2,4.785698090E0
1.756510283E1,-5.926176453E-1,-1.347198486E-2,5.213957520E0
1.758526683E1,-6.758445740E-1,-1.580712891E-1,5.347479858E0
1.760542983E1,-8.237370300E-1,-1.356179810E-1,4.562512207E0
1.762559383E1,-9.663903809E-1,-1.460961914E-1,4.011358337E0
1.764575683E1,-7.246430969E-1,-2.332150269E-1,4.884941711E0
1.766592083E1,-3.847000122E-1,-1.589694214E-1,5.672903137E0
1.768608483E1,-3.972738647E-1,2.201921082E-1,5.570516052E0
1.770624783E1,-6.762936401E-1,3.851490784E-1,5.588329010E0
1.772641183E1,-8.253836060E-1,2.724334717E-2,6.254743195E0
1.774657563E1,-9.295669556E-2,-7.074288940E-1,8.627309418E0
1.776673963E1,1.056652679E0,-2.420466614E-1,1.042447220E1
1.778690262E1,9.216334534E-1,1.044378204E0,8.129145355E0
1.780706663E1,-1.361119537E0,1.212029572E0,5.822292480E0
1.782723063E1,-1.763333130E0,4.411326599E-1,7.963290253E0
1.784739363E1,-5.010081482E-1,-4.531077576E-1,1.245649658E1
1.786755762E1,1.456471252E-1,-3.555107117E-1,1.190848618E1
1.788772063E1,-1.348096619E0,-1.303788757E-1,1.020098694E1
1.790788463E1,-3.795806580E0,-4.899311829E-1,1.094254486E1
1.792804863E1,-4.275558929E0,-1.515598297E0,1.354458389E1
1.794821163E1,-3.851640472E0,-2.543361053E0,1.613255219E1
1.796837563E1,-2.907104645E0,-2.018851776E0,1.441502380E1
1.798853863E1,-3.118016052E0,-9.940827942E-1,1.263642242E1
1.800870262E1,-3.278781738E0,5.773493958E-1,9.755213928E0
1.802886663E1,-2.239343262E0,3.523672485E-1,1.081560883E1
1.804902963E1,-9.789642334E-2,6.933581543E-1,1.288655228E1
1.806919363E1,1.391656036E0,1.931882629E0,1.014964371E1
1.808935663E1,8.665480042E-1,2.848276978E0,7.514074402E0
1.810952063E1,2.865042114E-1,3.160228271E0,7.295079803E0
1.812968463E1,1.033151550E0,2.927911377E0,9.601483612E0
1.814984762E1,2.111359406E0,2.750679932E0,1.215861603E1
1.817001163E1,2.204316101E0,2.638712769E0,1.362511642E1
1.819017462E1,1.476080475E0,2.432292023E0,1.323787170E1
1.821033863E1,1.100062408E0,2.146835632E0,1.278835648E1
1.823050262E1,1.036295013E0,1.414708099E0,1.346749420E1
1.825066563E1,1.085093536E0,3.016227722E-1,1.538006699E1
1.827082963E1,1.322499847E0,-8.532257080E-2,1.512110550E1
1.829099262E1,3.318598938E-1,-2.688409424E-1,1.471739502E1
1.831115663E1,-1.227746887E0,-6.670129395E-1,1.400053574E1
1.833132063E1,-2.523901520E0,-1.917811890E0,1.398990784E1
1.835148363E1,-3.094814301E0,-3.635190582E0,1.588152420E1
1.837164762E1,-2.793341217E0,-4.145479431E0,1.380174911E1
1.839181063E1,-2.649041290E0,-3.746708679E0,1.119926102E1
1.841197462E1,-2.593806152E0,-3.549269257E0,1.054646851E1
1.843213863E1,-2.150727539E0,-3.145109711E0,9.787546692E0
1.845230163E1,-1.411864014E0,-2.542911987E0,8.312963104E0
1.847246563E1,-1.020877075E0,-1.869911499E0,6.475384369E0
1.849262863E1,-1.089434509E0,-1.378633118E0,5.046904907E0
1.851279262E1,-9.809101868E-1,-8.129594421E-1,3.942351837E0
1.853295663E1,-8.289761353E-1,-3.299139404E-1,3.427123260E0
1.855311962E1,-3.763174438E-1,2.933898926E-2,3.441942444E0
1.857328363E1,1.380130005E-1,5.123844910E-1,3.281625824E0
1.859344762E1,-4.311035156E-2,8.147557068E-1,2.866389313E0
1.861361063E1,-3.296145630E-1,1.058448944E0,2.831960907E0
1.863377463E1,-1.628613281E-1,8.414002991E-1,3.508703613E0
1.865393763E1,2.049238586E-1,5.998027039E-1,5.332211609E0
1.867410163E1,6.132746887E-1,4.426295471E-1,6.757397919E0
1.869426563E1,9.354048157E-1,5.276527405E-1,8.644074554E0
1.871442863E1,8.132588196E-1,1.009351044E0,9.086105347E0
1.873459258E1,9.163943481E-1,1.374591522E0,9.459578705E0
1.875475658E1,1.527124329E0,1.701661377E0,1.141586060E1
1.877491958E1,1.695374451E0,2.054477692E0,1.319341415E1
1.879508358E1,1.830842743E0,2.305954742E0,1.489537491E1
1.881524658E1,1.474433899E0,2.710713043E0,1.425380905E1
1.883541058E1,7.864645386E-1,2.872975616E0,1.386401962E1
1.885557458E1,3.002755737E-1,2.720143433E0,1.552661224E1
1.887573758E1,-9.415420532E-2,2.634820862E0,1.648970947E1
1.889590158E1,-7.122189331E-1,2.462379456E0,1.738888962E1
1.891606558E1,-1.851350098E0,1.277593231E0,1.754276962E1
1.893622858E1,-3.762425995E0,-3.852987671E-1,1.714444794E1
1.895639258E1,-4.415667572E0,-1.982327728E0,1.805814789E1
1.897655558E1,-4.107757874E0,-2.846929779E0,1.906255920E1
1.899671958E1,-4.373006287E0,-2.631228333E0,1.708487183E1
1.901688358E1,-4.813989258E0,-2.092049561E0,1.410217438E1
1.903704658E1,-5.060526581E0,-1.539548492E0,1.160626465E1
1.905721058E1,-4.975952454E0,-1.148262177E0,8.842112732E0
1.907737458E1,-4.322411499E0,-9.765692139E-1,6.878346405E0
1.909753758E1,-3.278781738E0,-8.653504944E-1,5.271437988E0
1.911770158E1,-2.552342377E0,-8.722361755E-1,3.981570282E0
1.913786558E1,-1.869911499E0,-8.497828674E-1,2.868335266E0
1.915802858E1,-7.976911926E-1,-7.262896729E-1,2.077380066E0
1.917819258E1,8.996292114E-2,-4.093986511E-1,1.346899109E0
1.919835558E1,5.830375671E-1,6.316864014E-2,1.137484589E0
1.921851958E1,5.514532471E-1,2.782713318E-1,1.874551849E0
1.923868358E1,4.568499756E-1,4.998106384E-1,2.230661316E0
1.925884658E1,3.472778320E-2,1.020128632E0,1.970801697E0
1.927901058E1,-4.815486145E-1,1.267713776E0,2.341281281E0
1.929917458E1,-5.346881104E-1,9.991722107E-1,4.434528351E0
1.931933758E1,-7.195536804E-1,8.984317017E-1,6.382128296E0
1.933950158E1,-7.908055115E-1,1.136586456E0,7.032376099E0
1.935966558E1,-8.324189758E-1,1.382525024E0,8.080496521E0
1.937982858E1,-9.035211182E-1,1.501826935E0,9.836345215E0
1.939999258E1,-5.474116516E-1,1.605261841E0,1.162752045E1
1.942015658E1,-2.101629639E-1,1.966161346E0,1.303743851E1
1.944031958E1,5.288502502E-1,2.352208557E0,1.386072647E1
1.946048358E1,9.985734558E-1,2.629282379E0,1.516406616E1
1.948064758E1,4.963677979E-1,2.350711670E0,1.710463074E1
1.950081058E1,2.288740540E-1,1.914069672E0,1.809706696E1
1.952097458E1,5.110372925E-1,2.006876678E0,1.735820343E1
1.954113858E1,7.491920471E-1,2.549647980E0,1.551867874E1
1.956130158E1,4.185296631E-1,2.545606384E0,1.470467148E1
1.958146558E1,4.333488464E-1,2.226919098E0,1.471080872E1
1.960162958E1,2.224374390E-1,1.295106812E0,1.470467148E1
1.962179258E1,-4.412823486E-1,2.591111755E-1,1.515598297E1
1.964195658E1,-7.906558228E-1,-1.896556091E-1,1.391685974E1
1.966212058E1,-9.324110413E-1,-8.652008057E-2,1.184995789E1
1.968228358E1,-9.151968384E-1,-9.071136475E-2,1.097802109E1
1.970244758E1,-4.599934387E-1,-3.173400879E-1,1.029499146E1
1.972261158E1,-2.772235107E-1,-3.309617615E-1,9.139394531E0
1.974277596E1,-4.171824646E-1,-3.285667419E-1,7.832612000E0
1.976293996E1,-5.345384216E-1,-1.718426514E-1,6.477629700E0
1.978310396E1,-5.275030518E-1,1.541793823E-2,5.226531372E0
1.980326696E1,-2.917433167E-1,3.150947571E-1,4.453987885E0
1.982343096E1,1.930984497E-1,4.927752686E-1,3.934418335E0
1.984359496E1,5.269042969E-1,6.533912659E-1,3.365002441E0
1.986375796E1,4.679269409E-1,7.321275330E-1,2.638114014E0
1.988392196E1,2.791694641E-1,7.244934082E-1,2.281106415E0
1.990408596E1,2.766247559E-1,7.363188171E-1,2.263293457E0
1.992424896E1,4.300556946E-1,7.292834473E-1,2.551294556E0
1.994441296E1,2.883004761E-1,7.256909180E-1,2.571502533E0
1.996457696E1,1.645079041E-1,8.434959412E-1,2.282453613E0
1.998473996E1,4.251159668E-2,9.897418213E-1,2.001637573E0
2.000490396E1,-2.281256104E-1,1.032852173E0,2.050286407E0
2.002506796E1,-4.565505981E-2,9.991722107E-1,2.690505066E0
2.004523096E1,-3.757186890E-2,6.021977234E-1,3.851041718E0
2.006539496E1,-2.110610962E-1,2.571652222E-1,6.336772614E0
2.008555896E1,-8.005352783E-1,2.598596191E-1,8.939410400E0
2.010572296E1,-1.519041138E0,5.529501343E-1,1.116258728E1
2.012588596E1,-2.599344635E0,1.576820984E0,1.321586746E1
2.014604996E1,-3.411405945E0,2.025587769E0,1.639480682E1
2.016621396E1,-5.913003845E0,2.894979858E-1,2.138692566E1
2.018637696E1,-4.912035370E0,-1.165027313E0,2.703752518E1
2.020654096E1,-1.460961914E-1,1.735640717E0,2.271032364E1
2.022670496E1,3.188369751E-1,3.906875610E0,2.023312500E1
2.024686896E1,9.460327148E-2,5.067861328E0,1.857681931E1
2.026703196E1,-1.396595764E-1,5.196443939E0,1.840752136E1
2.028719596E1,-1.228195953E0,5.067412262E0,1.860421234E1
2.030735996E1,-2.070494385E0,4.829107819E0,1.680210983E1
2.032752296E1,-1.098864899E0,4.423601074E0,1.577210175E1
2.034768696E1,8.771759033E-2,3.509452057E0,1.453297852E1
2.036785096E1,5.870791626E-1,2.555186462E0,1.261606476E1
2.038801496E1,7.165599060E-1,1.828447723E0,1.007405090E1
2.040817796E1,4.233197021E-1,1.162332916E0,7.764653320E0
2.042834196E1,-1.981878662E-1,4.713697815E-1,5.970783691E0
2.044850596E1,-1.077758789E-1,-2.029779053E-1,5.045557709E0
2.046866996E1,1.303788757E-1,-1.063238983E0,4.777165833E0
2.048883296E1,-8.771759033E-2,-1.958227844E0,4.533023529E0
2.050899696E1,-4.665797424E-1,-2.548600159E0,3.491190033E0
2.052916096E1,-8.388555908E-1,-2.575095062E0,1.310674438E0
2.054932496E1,-1.174607391E0,-2.284698944E0,-2.805166626E-1
2.056948796E1,-9.160949707E-1,-2.375110931E0,8.791218567E-1
2.058965196E1,-3.143463135E-3,-2.086810455E0,2.950364685E0
2.060981596E1,1.312919769E0,-8.379574585E-1,1.174457703E0
2.062997996E1,1.743424530E0,7.997868347E-1,-6.071374512E-1
2.065014296E1,8.466394043E-1,1.619033203E0,1.349593506E0
2.067030696E1,1.185534668E-1,9.539662170E-1,5.965843964E0
2.069047096E1,6.010002136E-1,-4.053570557E-1,1.070888077E1
2.071063496E1,-1.523831177E-1,-8.604107666E-1,1.287053558E1
2.073079646E1,-2.837948456E0,-2.161505127E-1,1.105585922E1
2.075096046E1,-5.399721222E0,-7.695497131E-1,1.245395187E1
2.077112446E1,-4.575834503E0,-1.739083557E0,1.595292572E1
2.079128846E1,-3.309767303E0,-1.592238922E0,1.745759674E1
2.081145246E1,-3.313060455E0,-3.968247986E-1,1.704834778E1
2.083161546E1,-3.438798981E0,3.770658875E-1,1.607252701E1
2.085177946E1,-2.088457031E0,9.630972290E-1,1.711286362E1
2.087194346E1,-6.152206421E-1,2.301015015E0,1.332139801E1
2.089210746E1,7.887098694E-1,2.180964661E0,1.558439209E1
2.091227046E1,1.788480835E0,2.699785767E0,1.075199112E1
2.093243446E1,1.488055573E0,2.646945648E0,8.653954010E0
2.095259846E1,8.765771484E-1,2.498005371E0,8.048014069E0
2.097276246E1,1.199156342E0,1.842967529E0,9.151219940E0
2.099292646E1,1.641636200E0,1.216669922E0,9.751771088E0
2.101308946E1,1.744472351E0,1.081351318E0,8.252189484E0
2.103325346E1,1.407073975E0,1.224004669E0,6.842121735E0
2.105341746E1,8.032296753E-1,9.988728333E-1,7.747289429E0
2.107358146E1,2.161205750E0,1.449435883E0,9.148525543E0
2.109374546E1,2.221380615E0,1.109492798E0,1.039258850E1
2.111390846E1,-2.209405518E-1,6.366261292E-1,1.502276001E1
2.113407246E1,-3.658092957E0,-2.864143982E0,2.352672592E1
2.115423646E1,-4.858297119E0,-6.406228180E0,3.113166138E1
2.117440046E1,-5.757028198E0,-5.483846283E0,2.717703506E1
2.119456346E1,-6.838080139E0,-2.868335266E0,2.042816940E1
2.121472746E1,-6.584058380E0,-9.879455566E-1,1.713711319E1
2.123489146E1,-6.502328339E0,1.474433899E-1,1.389365799E1
2.125505546E1,-6.810088348E0,5.276527405E-1,9.307944031E0
2.127521946E1,-6.713988190E0,6.637197876E-1,4.511618042E0
2.129538346E1,-4.960235138E0,7.652087402E-1,2.135459290E0
2.131554646E1,-2.656226349E0,4.944218445E-1,1.286125488E0
2.133571046E1,-9.836045837E-1,4.980143738E-1,1.279988251E0
2.135587446E1,-3.607498169E-1,3.366499329E-1,1.487007751E0
2.137603846E1,4.760101318E-2,6.177653503E-1,1.019829254E0
2.139620246E1,-3.806584167E-1,2.158511353E-1,5.436694336E-1
2.141636546E1,-2.874023438E-1,2.532733154E-1,-1.633103943E-1
2.143652946E1,-4.550537109E-2,3.496728516E-1,-8.252339172E-1
2.145669346E1,-3.776646423E-1,3.956272888E-1,-1.482966156E0
2.147685746E1,-6.909631348E-1,2.704875183E-1,-8.987310791E-1
2.149702146E1,-3.439846802E-1,-2.395019531E-3,9.211843872E-1
2.151718546E1,2.442919922E-1,-6.990463257E-2,1.611099701E0
2.153734846E1,2.409988403E-1,1.369651794E-1,1.455423431E0
2.155751246E1,-1.673519897E-1,2.148033142E-1,2.167043610E0
2.157767646E1,-5.755531311E-1,1.401086426E-1,4.484075317E0
2.159784046E1,-7.512876892E-1,1.571731567E-1,8.627159729E0
2.161800446E1,-5.086422729E-1,8.969348145E-1,1.020682480E1
2.163816846E1,-4.323010254E-1,1.600322113E0,1.473386078E1
2.165833146E1,-6.611750793E-1,3.052153015E-1,2.505100616E1
2.167849546E1,-2.752775574E0,-2.767744446E0,3.513403839E1
2.169865946E1,-7.127727814E0,-4.815635834E0,3.919958405E1
2.171882346E1,-7.535629578E0,-3.351530457E0,3.561648514E1
2.173898758E1,-5.022206268E0,2.240840149E-1,2.802053101E1
2.175915158E1,-3.980522461E0,2.366578674E0,2.267529648E1
2.177931458E1,-4.554279327E0,2.268083496E0,2.141087585E1
2.179947858E1,-3.907174988E0,1.826352081E0,1.745280670E1
2.181964258E1,-2.995271301E0,7.716453552E-1,1.449211349E1
2.183980658E1,-2.827021179E0,5.005590820E-1,1.111408813E1
2.185997058E1,-2.836301880E0,-1.092727661E-1,8.924142151E0
2.188013458E1,-2.033820648E0,-7.144642639E-1,5.432353363E0
2.190029758E1,-7.816744995E-1,-9.258247375E-1,2.124232635E0
2.192046158E1,-8.863069153E-1,-1.251397705E0,3.700305176E-1
2.194062558E1,-1.541793823E-1,-1.059945831E0,-7.454498291E-1
2.196078958E1,-2.095642090E-1,-1.349294128E0,4.535568237E-1
2.198095358E1,-8.647517395E-1,-1.430724792E0,8.265811157E-1
2.200111758E1,-3.228785706E-1,-9.680369568E-1,-1.475182343E0
2.202128058E1,2.731819153E-1,-9.722282410E-1,-1.577719116E0
2.204144458E1,-1.031355286E-1,-9.500743103E-1,-8.369096375E-1
2.206160858E1,4.590953064E-1,-7.330256653E-1,-1.098415833E0
2.208177258E1,7.872129822E-1,-6.310876465E-1,-1.433568878E0
2.210193658E1,9.822573853E-1,-6.604266357E-1,-6.144721985E-1
2.212210058E1,3.975732422E-1,-7.444020081E-1,-5.074447632E-2
2.214226458E1,5.231620789E-1,-1.012344818E0,1.228645020E0
2.216242758E1,-1.329235840E-1,-8.643026733E-1,1.012494507E0
2.218259158E1,-2.682272186E0,-4.153862000E-1,3.095562744E-1
2.220275558E1,-3.217559052E0,-5.878276062E-1,2.181264038E0
2.222291958E1,-3.755390625E0,-1.403631134E0,8.572223969E0
2.224308358E1,-5.956862640E0,-3.354524231E0,1.386357056E1
2.226324758E1,-6.961723022E0,-3.785178680E0,1.775517792E1
2.228341158E1,-4.067341919E0,-3.413351898E0,2.158840668E1
2.230357458E1,-4.001329193E0,-1.936373291E0,2.414808380E1
2.232373858E1,-3.668421478E0,-4.625381470E-1,2.522644135E1
2.234390258E1,-3.212769012E0,1.368903351E0,2.478396149E1
2.236406658E1,-3.256328430E0,4.242926788E0,2.147898422E1
2.238423058E1,-2.272723846E0,6.164480896E0,2.597129242E1
2.240439458E1,-2.695893860E-1,7.840246124E0,2.673829742E1
2.242455858E1,2.704875183E-1,8.460107117E0,2.562057175E1
2.244472258E1,2.549198914E-1,8.043972473E0,2.307182190E1
2.246488558E1,-2.908451843E-1,6.414011993E0,2.157418625E1
2.248504958E1,-9.638456726E-1,3.294499054E0,2.167357956E1
2.250521358E1,-1.187779999E0,6.731501770E-1,1.790097473E1
2.252537758E1,-2.347568207E0,-1.236578522E0,1.205084015E1
2.254554158E1,-3.044369202E0,-3.075953522E0,9.911039886E0
2.256570558E1,-2.992127838E0,-4.840484161E0,7.765252075E0
2.258586958E1,-2.280657349E0,-5.921685791E0,5.217400360E0
2.260603358E1,-1.732497253E0,-6.240373077E0,2.659519501E0
2.262619658E1,-9.008267212E-1,-5.735173645E0,-1.243913269E-1
2.264636058E1,-1.393601990E-1,-5.012326813E0,-1.947450256E0
2.266652458E1,1.272354126E-2,-4.174519043E0,-3.599564667E0
2.268668858E1,1.556762695E-2,-3.418890381E0,-4.590354309E0
2.270685258E1,-8.816665649E-2,-3.060385895E0,-3.608246613E0
2.272701658E1,1.971400452E-1,-2.599644012E0,-1.898651733E0
2.274718100E1,1.105900269E0,-1.148262177E0,-1.757345581E0
2.276734500E1,1.479074249E0,5.040019226E-1,-4.314927063E0
2.278750900E1,6.735992432E-1,1.387165375E0,-4.975054321E0
2.280767200E1,-1.842668152E0,-5.260061646E-1,1.056502991E0
2.282783600E1,-2.595003662E0,-2.598296814E0,1.106603806E1
2.284800000E1,-1.696422272E0,-1.531016235E0,1.223301132E1
2.286816400E1,-3.834725647E0,-2.212399292E-1,1.248254242E1
2.288832800E1,-6.065985718E0,-5.197192383E-1,1.703801926E1
2.290849200E1,-3.868405609E0,4.150868225E-1,2.303439972E1
2.292865600E1,-9.481283569E-1,2.309547272E0,2.577729584E1
2.294882000E1,5.429209900E-1,3.499572601E0,2.907897995E1
2.296898400E1,-5.987548828E-3,4.442761230E0,3.119453064E1
2.298914700E1,-5.533992004E-1,4.816983032E0,3.062721039E1
2.300931100E1,-6.180647278E-1,4.740043030E0,2.767924072E1
2.302947500E1,-1.832938385E0,4.108656006E0,2.218521561E1
2.304963900E1,-2.989134064E0,2.915636902E0,1.769784714E1
2.306980300E1,-3.475173340E0,1.124761047E0,1.426054504E1
2.308996700E1,-3.476221161E0,-7.834707642E-1,1.123743164E1
2.311013100E1,-3.315754852E0,-2.919828186E0,9.051676941E0
2.313029500E1,-2.640958099E0,-4.617747345E0,7.217990112E0
2.315045900E1,-2.029479675E0,-5.826034698E0,5.611381073E0
2.317062200E1,-1.876647491E0,-6.917564850E0,3.999532928E0
2.319078600E1,-1.720372467E0,-7.430248718E0,2.470163269E0
2.321095000E1,-1.120869141E0,-6.907236328E0,-1.088386688E0
2.323111400E1,4.656816101E-1,-4.528083801E0,-3.812721405E0
2.325127800E1,1.976190491E0,-2.106269989E0,-4.344415741E0
2.327144200E1,1.999392242E0,-2.980302429E-1,-5.330265656E0
2.329160600E1,1.257534943E0,9.602531433E-1,-4.094136200E0
2.331177000E1,-4.725672913E-1,4.692741394E-1,-1.599573669E0
2.333193400E1,-1.561253357E0,1.002914429E-2,2.618355103E0
2.335209800E1,-2.488125916E0,-7.601193237E-1,3.714824982E0
2.337226100E1,-3.759282532E0,-1.619332581E0,7.522756348E0
2.339242500E1,-6.712640991E0,-1.548829193E0,1.392105103E1
2.341258900E1,-8.572074280E0,-9.337582397E-1,1.611518829E1
2.343275300E1,-8.838071136E0,-1.251697083E0,1.657727737E1
2.345291700E1,-5.867947540E0,-1.970352631E0,1.955503510E1
2.347308100E1,-1.129551086E0,-1.050814819E-1,1.961535965E1
2.349324500E1,-2.719544678E0,1.916315002E0,1.708996124E1
2.351340900E1,-4.331243134E0,2.931952972E0,1.500150421E1
2.353357300E1,-1.934876404E0,4.098776550E0,1.115495316E1
2.355373700E1,-3.183879089E-1,4.404740295E0,1.035037628E1
2.357390000E1,1.613644409E-1,4.643493805E0,1.222762253E1
2.359406400E1,3.472778320E-2,4.508474579E0,1.222358093E1
2.361422800E1,-2.380050659E-1,4.722080383E0,9.814041595E0
2.363439200E1,-8.451425171E-1,4.985382843E0,7.986941071E0
2.365455600E1,-1.720222778E0,4.595144348E0,1.015682877E1
2.367472000E1,-1.768422546E0,3.671415253E0,1.395098877E1
2.369488400E1,-1.948498077E0,3.085982666E0,1.802297104E1
2.371504800E1,-2.894979858E0,2.053729248E0,2.242606476E1
2.373521121E1,-3.458108826E0,-1.881587219E0,2.918870178E1
2.375537521E1,-2.344125366E0,-5.518873444E0,2.950454498E1
2.377553921E1,-3.120111694E0,-7.307204590E0,2.645194290E1
2.379570321E1,-4.497247925E0,-7.609126740E0,2.316058731E1
2.381586621E1,-4.964576111E0,-6.692283325E0,1.499342102E1
2.383603021E1,-5.047803040E0,-4.603975983E0,6.637497253E0
2.385619421E1,-3.413052521E0,-2.796634369E0,3.289709015E0
2.387635821E1,-1.396446075E0,-1.640887756E0,1.465751953E0
2.389652221E1,2.451901245E-1,-9.286688232E-1,1.391506348E0
2.391668621E1,7.653584290E-1,-6.590794373E-1,1.201701050E0
2.393685021E1,2.080673218E-1,-5.520520020E-1,2.227368164E-1
2.395701421E1,-7.321275330E-1,-3.354524231E-1,-1.495090942E0
2.397717821E1,-1.091530151E0,-3.161425781E-1,-2.823129272E0
2.399734221E1,-1.119971008E0,-3.623963928E-1,-3.454067230E0
2.401750621E1,-1.031654663E0,-6.677613831E-1,-2.665956116E0
2.403767021E1,-5.364843750E-1,-7.015910339E-1,-4.367916870E-1
2.405783421E1,-2.365081787E-2,-2.799179077E-1,1.453477478E-1
2.407799821E1,-1.070274353E-1,1.763333130E-1,2.028282166E-1
2.409816221E1,-8.915460205E-1,-6.601272583E-2,1.675914917E0
2.411832521E1,-6.611750793E-1,-9.126521301E-1,5.645360413E0
2.413848921E1,2.215393066E-2,-1.045875092E0,8.223898315E0
2.415865321E1,1.015488281E0,2.062710571E-1,9.610764313E0
2.417881721E1,-1.818717957E-1,1.946103058E0,1.004561005E1
2.419898121E1,-5.424719238E-1,2.858306122E0,1.389740021E1
2.421914521E1,3.165766754E0,2.213297424E0,2.015798126E1
2.423930921E1,4.996010742E0,2.208208008E0,2.512824554E1
2.425947321E1,3.743116150E0,2.186353455E0,2.931683533E1
2.427963721E1,5.309458923E-1,2.267634430E0,3.054383377E1
2.429980121E1,-3.836821289E0,1.946851501E0,3.228411484E1
2.431996521E1,-6.512207794E0,2.079475708E0,2.997546570E1
2.434012921E1,-6.834038544E0,3.343447266E0,2.296269882E1
2.436029321E1,-7.448959808E0,3.991898804E0,1.721914261E1
2.438045721E1,-5.900729370E0,3.813619537E0,1.217642899E1
2.440062121E1,-3.954476624E0,2.901865540E0,9.757309570E0
2.442078521E1,-2.134112091E0,1.558409271E0,8.954678650E0
2.444094921E1,-5.200186157E-1,4.171824646E-1,7.546257477E0
2.446111321E1,2.520758057E-1,-1.981878662E-1,5.972729645E0
2.448127721E1,-1.666035461E-1,-9.294172668E-1,4.163442078E0
2.450144121E1,-2.995271301E-1,-1.632355499E0,1.598825226E0
2.452160421E1,-2.260299683E-1,-2.035766602E0,-4.126918030E-1
2.454176821E1,-8.243357849E-1,-2.264490967E0,-2.090852051E0
2.456193221E1,-1.303788757E0,-2.269430695E0,-2.824626160E0
2.458209621E1,-1.707948303E0,-2.271825714E0,-2.146087189E0
2.460226021E1,-1.387464752E0,-1.878743134E0,-1.999990997E0
2.462242421E1,-1.782792664E-1,-1.225052490E0,-2.113305359E0
2.464258821E1,1.044228516E0,-5.140310669E-1,-1.716480560E0
2.466275221E1,1.178349609E0,-2.607577515E-1,-6.322851562E-1
2.468291621E1,1.187480621E0,-1.968406677E-1,1.249152374E0
2.470308021E1,1.816622314E0,1.234931946E0,1.139131165E0
2.472324421E1,2.051334229E0,2.821183319E0,-7.155120850E-2
2.474340821E1,8.273295593E-1,3.307971039E0,2.012415161E0
2.476357221E1,-1.613195343E0,1.855691071E0,8.977131958E0
2.478373621E1,-3.176244965E0,2.975811768E-1,1.718785767E1
2.480390021E1,-3.197500763E0,-5.101391602E-1,2.556264221E1
2.482406421E1,-1.106798401E0,1.247356110E0,2.980377274E1
2.484422821E1,-3.457809448E-1,3.829935608E0,2.914529205E1
2.486439221E1,-1.258133698E0,5.096152496E0,3.071852051E1
2.488455621E1,-1.961371307E0,5.742658081E0,2.998235138E1
2.490472021E1,-2.661914520E0,5.116061096E0,2.880939056E1
2.492488421E1,-3.593128052E0,3.929029541E0,2.467528748E1
2.494504821E1,-4.215084686E0,2.830613708E0,1.888682465E1
2.496521221E1,-4.075425110E0,1.162781982E0,1.501273087E1
2.498537621E1,-2.997217255E0,-8.322692871E-1,1.197030762E1
2.500554021E1,-2.343227234E0,-2.785407715E0,8.821006622E0
2.502570421E1,-1.603315887E0,-4.382137299E0,5.374274139E0
2.504586821E1,-4.355941772E-1,-5.186115417E0,2.240091705E0
2.506603221E1,7.575746155E-1,-5.371729431E0,-8.652008057E-2
2.508619621E1,1.624571686E0,-5.151088257E0,-9.533674622E-1
2.510636021E1,1.846859436E0,-4.917723541E0,-1.398841095E0
2.512652421E1,2.040856018E0,-4.358187103E0,-1.297202454E0
2.514668821E1,2.572999420E0,-3.460952911E0,-1.109193420E0
2.516685221E1,3.139870605E0,-1.786834259E0,-1.631307678E0
2.518701621E1,2.719394989E0,-2.540217590E-1,-2.994223480E0
2.520718021E1,1.388662262E0,1.382824402E0,-3.525319061E0
2.522734421E1,7.429051208E-1,2.311493225E0,-1.122964783E0
2.524750821E1,-2.827919312E0,1.305585022E0,3.745660858E0
2.526767221E1,-3.310964813E0,1.324595490E0,8.529412994E0
2.528783621E1,-3.661086731E0,1.471440125E-1,1.119013000E1
2.530800021E1,-3.479963379E0,-8.887019348E-1,1.634720581E1
2.532816421E1,-2.572400665E0,-3.284170532E-1,2.219868759E1
2.534832821E1,-5.679938507E0,1.932481384E-1,2.250345383E1
2.536849221E1,-6.903793488E0,1.497186584E0,1.509281433E1
2.538865621E1,-4.293671265E0,8.797206116E-1,1.139969421E1
2.540882021E1,-4.733157349E-1,5.466632080E-1,1.754351807E1
2.542898421E1,4.719685364E-1,1.969304810E0,2.009675858E1
2.544914821E1,-1.525926819E0,3.387306061E0,1.526914764E1
2.546931221E1,-2.633473663E0,4.202510834E0,1.095077774E1
2.548947621E1,-1.914369049E0,3.775748291E0,1.537303162E1
2.550964021E1,-9.957293701E-1,4.100572815E0,1.530896484E1
2.552980421E1,-1.560504913E0,4.909939728E0,1.504371643E1
2.554996821E1,-2.479743347E0,4.982089691E0,1.737631577E1
2.557013221E1,-2.164648590E0,4.851411438E0,1.880045425E1
2.559029621E1,-9.454339600E-1,4.351900177E0,1.866872818E1
2.561046021E1,-1.066831512E0,3.293900299E0,1.864537674E1
2.563062421E1,-1.013542328E0,2.093995514E0,1.821861420E1
2.565078821E1,-3.311114502E-1,8.428971863E-1,1.801773193E1
2.567095221E1,6.959028625E-1,-1.002465363E0,1.864462830E1
2.569111621E1,1.280587006E0,-3.025957489E0,1.969694000E1
2.571128021E1,7.512876892E-1,-3.450474701E0,1.599858078E1
2.573144421E1,-9.809101868E-1,-3.535048828E0,1.252864655E1
2.575160900E1,-1.657203827E0,-3.222798157E0,1.062595322E1
2.577177300E1,-4.469705200E-1,-2.408940582E0,8.736133118E0
2.579193700E1,4.908293152E-1,-1.865869904E0,6.397695923E0
2.581210100E1,-1.526824951E-2,-1.263971558E0,3.175197144E0
2.583226500E1,-3.906875610E-1,-8.792715454E-1,1.717977448E0
2.585242900E1,1.706451416E-2,-3.923341370E-1,8.168513489E-1
2.587259300E1,8.222401428E-1,1.064286804E-1,-4.963677979E-1
2.589275700E1,1.063688049E0,6.993457031E-1,-1.408271484E0
2.591292100E1,3.110531616E-1,8.815168762E-1,-1.850302277E0
2.593308500E1,-6.074368286E-1,6.384223938E-1,-2.568808136E0
2.595324900E1,-2.642005920E-1,5.927673340E-1,-3.682492218E0
2.597341300E1,4.625381470E-2,1.755848694E-1,-3.611689453E0
2.599357700E1,7.845185852E-1,-4.400848389E-2,-2.299817505E0
2.601374100E1,7.012916565E-1,-5.438191223E-1,2.704875183E-1
2.603390500E1,7.259902954E-2,-9.621990967E-1,2.238145752E0
2.605406900E1,-5.493576050E-1,-1.341061249E0,2.420167236E0
2.607423300E1,-7.063810730E-1,-1.793719940E0,3.695664825E0
2.609439700E1,-1.019230499E0,-2.615361328E0,6.006110229E0
2.611456100E1,-2.011067963E0,-3.647614746E0,8.256530457E0
2.613472500E1,-1.536105652E0,-4.633764038E0,1.272159531E1
2.615488900E1,8.901988220E-1,-4.511767731E0,1.694655945E1
2.617505300E1,1.142873383E0,-2.664908295E0,1.742227020E1
2.619521700E1,-4.453239441E-1,-8.755293274E-1,1.746403336E1
2.621538100E1,-1.432670746E0,8.399034119E-1,1.796324524E1
2.623554500E1,-9.514215088E-1,1.000669098E0,2.092798004E1
2.625570900E1,-3.574566650E-1,7.182064819E-1,2.884815994E1
2.627587300E1,1.055006104E0,1.576820984E0,3.084246277E1
2.629603700E1,-7.080276489E-2,2.356399841E0,2.891237640E1
2.631620100E1,-2.250270538E0,2.134710846E0,2.836706039E1
2.633636600E1,-3.277883606E0,1.535207520E0,2.647768936E1
2.635653000E1,-5.229225769E0,5.129832458E-1,2.289773392E1
2.637669400E1,-7.017856293E0,-6.976991272E-1,1.956686050E1
2.639685800E1,-7.699089661E0,-1.367406464E0,1.560729446E1
2.641702200E1,-7.052733765E0,-1.921853485E0,1.297007858E1
2.643718600E1,-5.548362122E0,-2.181114349E0,1.117366425E1
2.645735000E1,-4.388873291E0,-2.290836182E0,9.572743378E0
2.647751400E1,-3.601360931E0,-2.258054352E0,8.016729126E0
2.649767800E1,-2.938688965E0,-1.912872162E0,6.553372192E0
2.651784200E1,-2.618055725E0,-1.378034363E0,4.107608185E0
2.653800600E1,-2.079026642E0,-9.397457886E-1,2.400408325E0
2.655817000E1,-1.434616699E0,-7.765850830E-1,2.067201233E0
2.657833400E1,-8.873547363E-1,-6.090834045E-1,1.260678406E0
2.659849800E1,-3.752696228E-1,-4.655319214E-1,8.684939575E-1
2.661866200E1,-2.948867798E-2,-2.874023438E-1,2.866539001E-1
2.663882600E1,4.041595459E-2,-5.688171387E-3,-2.502795410E-1
2.665899000E1,5.583389282E-2,1.019380188E-1,-7.595205688E-1
2.667915400E1,1.627116394E-1,3.034190369E-1,-1.523681488E0
2.669931800E1,6.472540283E-1,3.703298950E-1,-1.412313080E0
2.671948300E1,9.319619751E-1,2.191442871E-1,-6.008505249E-1
2.673964613E1,4.399351501E-1,-2.204914856E-1,7.662565613E-1
2.675981013E1,7.229965210E-2,-6.616241455E-1,3.030298462E0
2.677997413E1,-8.604107666E-1,-1.210083618E0,3.616030426E0
2.680013812E1,-2.236648865E0,-1.706750793E0,4.396208038E0
2.682030213E1,-3.477568359E0,-1.637893982E0,5.465883636E0
2.684046612E1,-3.642525330E0,-2.732866974E0,9.989177399E0
2.686063013E1,-3.274590454E0,-3.122207336E0,1.526555511E1
2.688079412E1,-3.092119904E0,-2.072590027E0,1.605561218E1
2.690095813E1,-3.093467102E0,-5.601351929E-1,1.451366867E1
2.692112213E1,-2.911295929E0,-1.597178650E-1,1.523427017E1
2.694128613E1,-1.421893158E0,-5.445675659E-1,1.861064896E1
2.696145013E1,2.408491516E-1,2.025288391E-1,2.045466431E1
2.698161413E1,-7.619155884E-2,1.368304596E0,1.920281754E1
2.700177813E1,-1.398990784E0,2.214794312E0,1.689746155E1
2.702194313E1,-6.596781921E-1,2.485281830E0,1.530896484E1
2.704210713E1,4.670288086E-2,2.522554321E0,1.512335083E1
2.706227113E1,-3.608995056E-1,2.288441162E0,1.568962326E1
2.708243513E1,-5.947132874E-1,1.732347565E0,1.651321060E1
2.710259913E1,-1.003363495E0,1.087039490E0,1.661694489E1
2.712276312E1,-1.542542267E0,5.514532471E-1,1.641561356E1
2.714292713E1,-2.578986969E0,4.393363953E-1,1.486064713E1
2.716309112E1,-3.275638275E0,2.011816406E-1,1.418180878E1
2.718325513E1,-2.728975067E0,-4.370910645E-1,1.490255997E1
2.720341912E1,-1.872605896E0,-1.071621552E0,1.547077835E1
2.722358313E1,-2.316732330E0,-1.469045105E0,1.501826935E1
2.724374813E1,-3.020718384E0,-1.664089508E0,1.388467667E1
2.726391212E1,-2.589764557E0,-1.766177216E0,1.321047867E1
2.728407613E1,-2.121687927E0,-1.779649200E0,1.286784119E1
2.730424012E1,-1.674118652E0,-1.780996399E0,1.165057251E1
2.732440413E1,-1.343306580E0,-1.637145538E0,9.983638916E0
2.734456813E1,-5.539979553E-1,-1.156045990E0,7.826624451E0
2.736473213E1,-5.020559692E-1,-6.869215393E-1,6.014941864E0
2.738489613E1,-2.389031982E-1,-1.308279419E-1,5.004542999E0
2.740506013E1,2.154020691E-1,3.842509460E-1,4.441713409E0
2.742522413E1,-7.050338745E-2,9.297166443E-1,3.850892029E0
2.744538812E1,4.655319214E-2,1.829794922E0,2.653082886E0
2.746555313E1,-1.463955688E-1,2.261946259E0,1.525028687E0
2.748571713E1,-6.201603699E-1,2.081421661E0,1.991907806E0
2.750588113E1,-5.451663208E-1,1.422491913E0,3.568130035E0
2.752604513E1,2.565664673E-1,9.571096802E-1,4.566853180E0
2.754620912E1,2.959346008E-1,9.258247375E-1,4.676425323E0
2.756637313E1,-1.161883850E0,8.274792480E-1,4.693040771E0
2.758653712E1,-2.723586273E0,3.561094666E-1,3.562142487E0
2.760670113E1,-2.287692719E0,-3.861968994E-1,3.988156586E0
2.762686613E1,-1.172362061E0,-1.019080811E0,5.030588837E0
2.764703012E1,-9.604028320E-1,-1.188678131E0,6.368656311E0
2.766719413E1,-2.354154510E0,-1.297801208E0,6.687493286E0
2.768735812E1,-3.266656952E0,-7.420069885E-1,4.844076691E0
2.770752213E1,-3.716471558E0,-4.819976807E-1,5.027145996E0
2.772768612E1,-3.873794403E0,-8.164022827E-1,8.973539429E0
2.774785008E1,-4.623585205E0,-1.116977234E0,1.222747284E1
2.776801408E1,-4.651876373E0,-1.115031281E0,1.453881638E1
2.778817908E1,-4.673880615E0,-6.042933655E-1,1.532902313E1
2.780834308E1,-4.108506317E0,1.173559570E-1,1.642504395E1
2.782850708E1,-3.114124146E0,6.634204102E-1,1.668325699E1
2.784867108E1,-2.019450531E0,1.048270111E0,1.703173233E1
2.786883508E1,-8.770262146E-1,1.519639893E0,1.620679779E1
2.788899908E1,-4.538562012E-1,2.211950226E0,1.459180618E1
2.790916308E1,-7.752378845E-1,2.628983002E0,1.361119537E1
2.792932808E1,-8.458909607E-1,2.485132141E0,1.372495880E1
2.794949208E1,-7.349716187E-2,2.592159576E0,1.284134628E1
2.796965608E1,1.404080200E-1,2.239193573E0,1.272518784E1
2.798982008E1,2.842588806E-1,1.099313965E0,1.389650208E1
2.800998408E1,4.405339050E-1,1.498384094E-1,1.455692871E1
2.803014808E1,4.855902100E-1,-1.454974365E-1,1.373498795E1
2.805031208E1,-1.715432739E-1,3.128494263E-2,1.252460495E1
2.807047708E1,-4.459226990E-1,8.277786255E-2,1.232117798E1
2.809064108E1,-4.914280701E-1,-3.737727356E-1,1.303669006E1
2.811080508E1,-9.813592529E-1,-9.684860229E-1,1.334998856E1
2.813096908E1,-1.856140137E0,-1.412313080E0,1.322005875E1
2.815113308E1,-2.320474548E0,-1.502425690E0,1.280631912E1
2.817129708E1,-2.348616028E0,-1.273401947E0,1.154040161E1
2.819146208E1,-1.865720215E0,-8.816665649E-1,9.885592804E0
2.821162608E1,-1.454674988E0,-6.068380737E-1,8.460556183E0
2.823179008E1,-1.440753937E0,-4.433779907E-1,7.253616028E0
2.825195408E1,-1.486558685E0,-2.436932373E-1,6.336473236E0
2.827211808E1,-1.390458527E0,-1.184037781E-1,5.464536438E0
2.829228208E1,-1.166075134E0,1.257385254E-2,4.470753021E0
2.831244708E1,-7.929011536E-1,7.783813477E-2,3.777544556E0
2.833261108E1,-6.068380737E-1,9.475296021E-2,3.283272400E0
2.835277508E1,-9.976753235E-1,-8.008346558E-2,2.831062775E0
2.837293908E1,-1.211281128E0,-3.055146790E-1,2.481389923E0
2.839310308E1,-1.084345093E0,-5.017565918E-1,2.282154236E0
2.841326808E1,-7.849676514E-1,-5.403762817E-1,2.020947418E0
2.843343208E1,-4.587959290E-1,-4.531077576E-1,1.624571686E0
2.845359608E1,-2.151026917E-1,-2.516267395E-1,1.164129181E0
2.847376008E1,-3.920347595E-1,-1.121168518E-1,1.060544586E0
2.849392408E1,-6.906637573E-1,-2.460882568E-1,2.046394501E0
2.851408908E1,-5.879772949E-1,-4.830455017E-1,4.548740845E0
2.853425308E1,-4.707710266E-1,-1.564247131E-1,4.969066772E0
2.855441708E1,-1.090033264E0,3.724255371E-1,5.498515778E0
2.857458108E1,-2.209405518E0,7.481442261E-1,8.006699982E0
2.859474508E1,-1.919159088E0,1.593735809E0,1.129087051E1
2.861490908E1,-2.047442322E0,2.464175720E0,1.416683990E1
2.863507408E1,-3.665128326E0,1.865570526E0,1.716091370E1
2.865523808E1,-5.105732574E0,-3.047662354E-1,2.143407761E1
2.867540208E1,-1.866768036E0,-2.244582367E0,2.614433258E1
2.869556608E1,1.578467560E0,-5.745053101E-1,2.446123260E1
2.871573108E1,1.236428833E-1,1.004860382E0,2.050900131E1
2.873589508E1,-9.237290955E-1,1.403481445E0,1.541539352E1
2.875605908E1,-7.985893250E-1,7.990383911E-1,1.265692978E1
2.877622308E1,-3.308120728E-2,-8.607101440E-2,1.453911575E1
2.879638708E1,3.595523071E-1,-1.898052979E-1,1.488848923E1
2.881655208E1,-4.840933228E-1,6.351292419E-1,1.111783035E1
2.883671608E1,-1.772913208E0,1.611249390E0,6.838229828E0
2.885688008E1,-1.752705231E0,2.190544739E0,5.124892731E0
2.887704408E1,-2.965333557E-1,2.375859375E0,5.413941650E0
2.889720908E1,9.759704590E-1,2.531385956E0,6.424340515E0
2.891737308E1,8.282276917E-1,2.442021790E0,7.058272247E0
2.893753708E1,4.498146057E-1,2.428400116E0,6.857988739E0
2.895770108E1,-4.460723877E-2,2.383194122E0,7.730075226E0
2.897786508E1,-3.896397400E-1,2.484683075E0,9.027277679E0
2.899803008E1,-6.524931335E-1,2.891986084E0,9.344617767E0
2.901819408E1,-4.685256958E-1,3.338657227E0,1.049587372E1
2.903835808E1,-4.002676392E-1,3.377875671E0,1.397389114E1
2.905852208E1,-5.182223511E-1,2.265987854E0,1.853281082E1
2.907868708E1,4.683760071E-1,8.327183533E-1,2.162223633E1
2.909885108E1,7.349716187E-1,-8.979826355E-1,2.221665024E1
2.911901508E1,-1.965412903E-1,-2.391576691E0,2.274400360E1
2.913917908E1,-7.556286621E-1,-3.813320160E0,2.143602356E1
2.915934408E1,-8.394543457E-1,-3.837420044E0,1.776595551E1
2.917950808E1,-1.815275116E0,-3.416794739E0,1.355521179E1
2.919967208E1,-2.211800537E0,-2.556383972E0,1.032792297E1
2.921983608E1,-1.899400177E0,-1.565444641E0,7.297175446E0
2.924000108E1,-1.271755371E0,-5.379812622E-1,4.648583221E0
2.926016508E1,-3.126997375E-1,-1.930984497E-2,3.019221497E0
2.928032908E1,5.429209900E-1,3.240760803E-1,1.918710022E0
2.930049308E1,1.062789917E0,7.000941467E-1,3.194357300E-1
2.932065808E1,1.000220032E0,7.670050049E-1,-1.027613068E0
2.934082208E1,5.995033264E-1,7.249424744E-1,-9.880952454E-1
2.936098608E1,2.195933533E-1,6.336323547E-1,-7.015910339E-1
2.938115008E1,1.091230774E-1,6.424639893E-1,-4.222718811E-1
2.940131508E1,6.376739502E-2,5.791456604E-1,-3.347039795E-1
2.942147908E1,-2.790197754E-1,2.155517578E-1,-2.409988403E-1
2.944164308E1,-9.119036865E-1,-2.200424194E-2,2.709365845E-2
2.946180808E1,-1.457668762E0,-1.600172424E-1,8.288264465E-1
2.948197208E1,-1.422042847E0,-3.411405945E-1,2.387235718E0
2.950213608E1,-1.413360901E0,-4.680766296E-1,3.158581696E0
2.952230008E1,-2.156116333E0,-7.602690125E-1,3.744463348E0
2.954246508E1,-2.861748962E0,-1.062041473E0,6.050717468E0
2.956262908E1,-3.048410797E0,-1.629810791E0,9.995464325E0
2.958279308E1,-2.877316589E0,-1.421144714E0,1.416414551E1
2.960295808E1,-3.849245453E0,-9.476792908E-1,1.481080078E1
2.962312208E1,-6.222111053E0,-4.429289246E-1,1.800800217E1
2.964328608E1,-6.027515717E0,-8.735833740E-1,2.053025711E1
2.966345008E1,-2.570754089E0,-1.554667053E0,2.152883057E1
2.968361508E1,1.111289062E0,-2.510279846E0,2.463996094E1
2.970377908E1,4.835843811E0,-7.020401001E-1,2.738195892E1
2.972394308E1,2.515219574E0,1.356030121E0,2.531086578E1
2.974410838E1,-1.704206085E0,2.385738831E0,1.988270370E1
2.976427238E1,-4.915178833E0,2.270328827E0,1.419093979E1
2.978443638E1,-4.752467194E0,2.310445404E0,1.039288788E1
2.980460038E1,-1.717378693E0,1.926194458E0,9.354946289E0
2.982476538E1,8.232879639E-3,9.541159058E-1,1.214589249E1
2.984492938E1,9.081614685E-1,1.388213196E0,1.009710297E1
2.986509338E1,4.869374084E-1,2.014959869E0,6.913523254E0
2.988525837E1,1.092727661E-2,2.632276154E0,4.300556946E0
2.990542238E1,2.402503967E-1,2.941533051E0,2.891686707E0
2.992558638E1,8.373587036E-1,2.984493713E0,3.709885254E0
2.994575137E1,1.478176117E0,3.017874298E0,3.958368530E0
2.996591538E1,1.272054749E0,2.846929779E0,3.657194824E0
2.998607937E1,1.278491364E0,2.533032532E0,4.754413147E0
3.000624438E1,1.710493011E0,2.377056885E0,5.060376892E0
3.002640838E1,9.867480469E-1,2.342179413E0,5.657485199E0
3.004657237E1,2.592608643E-1,1.793719940E0,8.776100006E0
3.006673738E1,5.608836365E-1,1.004860382E0,1.343216766E1
3.008690138E1,2.775378571E0,2.197729797E0,1.533950134E1
3.010706538E1,3.879033508E0,4.049978027E0,1.728305969E1
3.012723038E1,7.291337585E-1,1.988015900E0,2.226829285E1
3.014739438E1,-2.689756622E0,-4.265978851E0,3.262330948E1
3.016755838E1,-5.467530212E0,-8.098010101E0,3.267360489E1
3.018772338E1,-5.840704193E0,-6.750512238E0,2.363764526E1
3.020788737E1,-6.178701324E0,-5.073549500E0,1.734967117E1
3.022805138E1,-5.521567841E0,-4.163292389E0,1.328038330E1
3.024821638E1,-3.644770660E0,-2.857557678E0,9.351802826E0
3.026838037E1,-2.461481323E0,-2.207758942E0,5.862708435E0
3.028854438E1,-1.473535767E0,-1.343007202E0,3.378923492E0
3.030870938E1,-7.994874573E-1,-7.464976501E-1,2.071242828E0
3.032887337E1,-8.207432556E-1,-2.213896179E-1,4.963677979E-1
3.034903738E1,-5.595364380E-1,3.592529297E-1,-6.935078430E-1
3.036920238E1,-2.897973633E-1,6.653663635E-1,-2.097438354E0
3.038936638E1,-3.471281433E-1,6.900650024E-1,-2.615361328E0
3.040953038E1,-6.709048462E-1,8.304730225E-1,-2.308499451E0
3.042969538E1,-8.882528687E-1,6.520440674E-1,-1.459914093E0
3.044985938E1,-9.533674622E-1,4.547543335E-1,-9.081614685E-1
3.047002438E1,-1.001118164E0,5.269042969E-2,-3.451821899E-1
3.049018837E1,-1.455872498E0,-6.283932495E-1,1.370549927E0
3.051035238E1,-8.020321655E-1,-9.406439209E-1,3.124901733E0
3.053051738E1,-1.487905884E0,-1.238374786E0,4.479135590E0
3.055068137E1,-1.658251648E0,-1.502725067E0,7.620054016E0
3.057084538E1,-2.239492950E0,-1.404080200E0,1.052042267E1
3.059101038E1,-2.556982727E0,-1.169967041E0,1.073492661E1
3.061117437E1,-3.762425995E0,-7.012916565E-1,1.358649673E1
3.063133838E1,-4.911735992E0,-1.045725403E0,1.778915726E1
3.065150338E1,-5.502856750E0,-1.142274628E0,1.814227295E1
3.067166738E1,-5.293142853E0,-1.971400452E0,2.063429077E1
3.069183138E1,-2.404599609E0,-1.818119202E0,2.403342224E1
3.071199638E1,-1.350341949E0,1.213975525E-1,2.319501572E1
3.073216038E1,-3.053051147E0,1.602866821E0,1.946492249E1
3.075232571E1,-4.486170959E0,2.079026642E0,1.480301697E1
3.077248971E1,-3.370091858E0,1.775158539E0,1.259510834E1
3.079265371E1,-1.219963074E0,1.326990509E0,1.130718658E1
3.081281871E1,4.471202087E-1,1.179397430E0,1.067789520E1
3.083298271E1,3.236270142E-1,1.189127197E0,9.866582336E0
3.085314671E1,4.430786133E-2,1.532962189E0,8.374335480E0
3.087331171E1,5.197192383E-1,2.000440063E0,5.866450653E0
3.089347571E1,1.397044830E0,2.165995789E0,4.658911743E0
3.091364071E1,1.566342773E0,2.224673767E0,6.363566895E0
3.093380471E1,1.443448334E0,2.399809570E0,7.712411957E0
3.095396871E1,1.209185486E0,2.311642914E0,6.718329163E0
3.097413371E1,1.322200470E0,2.483934631E0,6.566395111E0
3.099429771E1,1.397942963E0,2.872676239E0,7.061864777E0
3.101446171E1,1.141825562E0,2.831062775E0,1.077189972E1
3.103462671E1,1.357676697E-1,1.967658234E0,1.546329391E1
3.105479071E1,-4.086502075E-2,1.041085052E0,1.889924881E1
3.107495571E1,-1.003363495E0,3.881428528E-1,1.920042252E1
3.109511971E1,-1.980830841E0,-5.670208740E-1,1.957165054E1
3.111528371E1,-1.697470093E0,-2.651136932E0,2.229119522E1
3.113544871E1,-7.450007629E-1,-4.388873291E0,2.198283646E1
3.115561271E1,-1.944157104E0,-5.415288849E0,1.993928604E1
3.117577671E1,-3.814517670E0,-5.539231110E0,1.809092972E1
3.119594171E1,-4.780608673E0,-5.219196625E0,1.522888138E1
3.121610571E1,-3.850592651E0,-4.132606201E0,1.085542603E1
3.123627071E1,-2.738854523E0,-2.795137482E0,7.277865601E0
3.125643471E1,-2.049987030E0,-1.864672394E0,4.999004517E0
3.127659871E1,-1.594184875E0,-1.065933380E0,4.168681183E0
3.129676371E1,-1.679357758E0,-8.668473816E-1,3.317850494E0
3.131692771E1,-1.916165314E0,-5.248086548E-1,1.801204376E0
3.133709271E1,-1.567839661E0,-1.651066589E-1,2.158511353E-1
3.135725671E1,-1.263073425E0,1.326242065E-1,-3.987707520E-1
3.137742071E1,-1.115779724E0,1.366658020E-1,-4.909790039E-2
3.139758571E1,-1.187480621E0,5.987548828E-3,6.484515381E-1
3.141774971E1,-1.325343933E0,-4.834945679E-2,1.167272644E0
3.143791471E1,-1.764231262E0,-1.359173584E-1,1.674567719E0
3.145807871E1,-2.094893646E0,-5.587879944E-1,3.279530182E0
3.147824271E1,-1.834584961E0,-6.021977234E-1,3.302731934E0
3.149840771E1,-1.999541931E0,-5.968089294E-1,3.578608246E0
3.151857171E1,-2.560275879E0,-9.942324829E-1,7.286248169E0
3.153873671E1,-3.128793640E0,-1.072220306E0,1.058419006E1
3.155890071E1,-3.177891541E0,-4.007167053E-1,1.028750702E1
3.157906471E1,-2.897075500E0,7.815248108E-1,9.737400970E0
3.159922971E1,-3.937262421E0,1.364562378E0,1.277862671E1
3.161939371E1,-4.678221588E0,1.339714050E0,1.577165268E1
3.163955871E1,-4.287833405E0,1.459914093E0,1.613853973E1
3.165972271E1,-3.112327881E0,1.428928528E0,1.852143448E1
3.167988671E1,-1.579216003E0,1.840572510E0,2.055555450E1
3.170005171E1,-1.717079315E0,2.266885986E0,2.092154343E1
3.172021571E1,-3.012186127E0,2.152673492E0,1.853131393E1
3.174038096E1,-2.439926147E0,1.424138489E0,1.677441742E1
3.176054496E1,7.185058594E-3,1.621577911E0,1.358919113E1
3.178070996E1,1.887275391E0,1.931732941E0,1.027598099E1
3.180087396E1,2.764750671E0,1.990111542E0,8.084238739E0
3.182103796E1,2.782563629E0,1.995650024E0,6.946305084E0
3.184120296E1,2.223625946E0,2.017803955E0,6.940467224E0
3.186136696E1,2.312241669E0,1.893412628E0,6.872358856E0
3.188153196E1,2.506537628E0,1.898502045E0,6.864425354E0
3.190169596E1,2.735860748E0,2.209405518E0,5.564378815E0
3.192185996E1,2.373015289E0,2.189796295E0,4.236789551E0
3.194202496E1,1.145418091E0,1.850751343E0,7.831564178E0
3.196218896E1,1.077609100E0,1.321751404E0,1.088835754E1
3.198235396E1,1.355131989E0,1.156644745E0,1.071681427E1
3.200251796E1,5.530998230E-1,1.248104553E0,1.115974319E1
3.202268296E1,-1.192420349E0,9.596543884E-1,1.417507278E1
3.204284696E1,-1.295406189E0,1.081800385E0,1.734592896E1
3.206301096E1,-8.253836060E-1,6.020480347E-1,1.866154312E1
3.208317596E1,-1.798360291E0,-1.348096619E0,1.939292221E1
3.210333996E1,-3.156036987E0,-3.017425232E0,2.071602081E1
3.212350496E1,-4.505181427E0,-4.492607574E0,2.109413452E1
3.214366896E1,-4.866380310E0,-4.799768829E0,1.864657425E1
3.216383396E1,-4.697381744E0,-3.888912964E0,1.433449127E1
3.218399796E1,-4.528233490E0,-2.831811218E0,1.078267731E1
3.220416196E1,-4.085903320E0,-1.797462158E0,8.128097534E0
3.222432696E1,-3.141217804E0,-1.087039490E0,5.424719238E0
3.224449096E1,-2.492915955E0,-4.992118835E-1,3.440894623E0
3.226465596E1,-1.922152863E0,-1.725910950E-1,1.992207184E0
3.228481996E1,-1.498384094E0,-7.439529419E-2,1.383872223E0
3.230498496E1,-1.184636536E0,-2.874023438E-2,1.356778564E0
3.232514896E1,-1.278341675E0,-2.469863892E-2,1.276545410E0
3.234531396E1,-1.729653168E0,-1.008901978E-1,1.061742096E0
3.236547796E1,-2.224673767E0,-2.025288391E-1,1.282982025E0
3.238564196E1,-2.356399841E0,-2.097138977E-1,1.769170990E0
3.240580696E1,-2.077080688E0,-2.796185303E-1,1.723216553E0
3.242597096E1,-2.058369598E0,-4.896318054E-1,2.469265137E0
3.244613596E1,-2.248923340E0,-5.888754272E-1,4.131708069E0
3.246629996E1,-3.152294769E0,-8.806187439E-1,6.239025879E0
3.248646496E1,-3.772754517E0,-7.435038757E-1,7.822433167E0
3.250662896E1,-3.678300934E0,-4.276606750E-1,1.038525375E1
3.252679296E1,-3.805686035E0,-1.868115234E-1,1.292936325E1
3.254695796E1,-4.965174866E0,5.876779175E-1,1.484058884E1
3.256712196E1,-5.474266205E0,8.888516235E-1,1.663311127E1
3.258728696E1,-4.162543945E0,1.621128845E0,1.568558167E1
3.260745096E1,-2.674338684E0,1.676363983E0,1.751462814E1
3.262761596E1,-1.203197937E0,8.815168762E-1,2.173315567E1
3.264777996E1,-1.263821869E0,1.085243225E0,2.234702911E1
3.266794496E1,-2.630629578E0,1.829345856E0,1.715702179E1
3.268810896E1,-3.430715790E0,2.229164429E0,1.166419418E1
3.270827296E1,-2.894381104E0,1.987866211E0,9.284143524E0
3.272843796E1,-1.217418365E0,1.494192810E0,9.325158234E0
3.274860125E1,-9.939331055E-2,1.509461060E0,9.581275635E0
3.276876625E1,-8.640032959E-1,2.054178314E0,7.903564453E0
3.278893025E1,-2.486479340E0,2.431693268E0,7.044500885E0
3.280909525E1,-1.517095184E0,2.761307831E0,6.157295837E0
3.282925925E1,-4.691244507E-1,2.425256653E0,5.268743591E0
3.284942425E1,4.010160828E-1,2.473306732E0,6.637497253E0
3.286958825E1,2.348616028E-1,2.105072479E0,8.699459381E0
3.288975325E1,-7.424560547E-1,2.105371857E0,8.780740356E0
3.290991725E1,-4.495152283E-1,2.481090546E0,7.115603027E0
3.293008125E1,8.652008057E-2,2.539618835E0,7.191345520E0
3.295024625E1,2.137554932E-1,2.349813538E0,9.295370178E0
3.297041025E1,-2.092648315E-1,2.281854858E0,1.267803589E1
3.299057525E1,-4.502636719E-1,2.933749237E0,1.454375610E1
3.301073925E1,-3.312611389E-1,3.485202484E0,1.513562531E1
3.303090425E1,-1.094673615E0,2.275418243E0,1.644510223E1
3.305106825E1,-2.374661865E0,4.402345276E-1,1.842129272E1
3.307123325E1,-3.786525879E0,-1.656455383E0,2.030243088E1
3.309139725E1,-5.788013763E0,-2.296224976E0,1.952704330E1
3.311156225E1,-6.685697021E0,-1.787582703E0,1.699805237E1
3.313172625E1,-5.691614227E0,-9.873468018E-1,1.455139023E1
3.315189025E1,-4.404440918E0,-2.978805542E-1,1.236219269E1
3.317205525E1,-3.833677826E0,1.384620667E-1,1.014934433E1
3.319221925E1,-3.929628296E0,1.407073975E-1,7.924820251E0
3.321238425E1,-3.534599762E0,9.879455566E-2,5.745651855E0
3.323254825E1,-2.249073029E0,1.139131165E-1,3.964655457E0
3.325271325E1,-1.343156891E0,1.083746338E-1,3.558250580E0
3.327287725E1,-8.479866028E-1,1.489402771E-1,3.473077698E0
3.329304225E1,-7.987390137E-1,1.294807434E-1,3.105741577E0
3.331320625E1,-1.128203888E0,2.073188782E-1,1.863923950E0
3.333337125E1,-1.367556152E0,3.878434753E-1,6.173162842E-1
3.335353525E1,-1.446591797E0,6.535409546E-1,-7.673043823E-1
3.337369925E1,-1.301543427E0,5.195695496E-1,-2.065704346E-1
3.339386425E1,-1.280287628E0,1.916015625E-2,1.440454559E0
3.341402825E1,-1.038690033E0,-8.521778870E-1,3.793261871E0
3.343419325E1,-3.396437073E-1,-1.180445251E0,5.402565308E0
3.345435725E1,-2.677931213E-1,-1.027912445E0,4.307891693E0
3.347452225E1,-6.933581543E-1,-6.966513062E-1,3.421884155E0
3.349468625E1,-1.150357819E0,-1.561702423E0,7.868537292E0
3.351485125E1,3.014730835E-1,-8.411009216E-1,1.172466843E1
3.353501525E1,-6.159690857E-1,5.800437927E-1,1.203706879E1
3.355518025E1,-4.635260925E0,1.654509430E0,1.453043381E1
3.357534425E1,-6.934928741E0,5.019062805E-1,1.820229813E1
3.359550925E1,-6.453230438E0,-8.360115051E-1,1.814107544E1
3.361567325E1,-3.824696503E0,-1.524130554E0,2.352463028E1
3.363583825E1,-2.467169495E0,1.239422607E-1,2.462738708E1
3.365600225E1,-2.739752655E0,2.190993805E0,1.935400314E1
3.367616625E1,-2.781066742E0,3.143762512E0,1.301094360E1
3.369633125E1,-1.431622925E0,2.653831329E0,9.205856323E0
3.371649525E1,9.518705750E-1,1.112037506E0,1.224393860E1
3.373666025E1,2.881807251E0,5.269042969E-1,1.326062439E1
3.375682446E1,2.390678558E0,1.078058167E0,1.358170670E1
3.377698946E1,1.085991669E0,1.596130829E0,1.203167999E1
3.379715346E1,6.388714600E-1,1.982776794E0,9.489815826E0
3.381731846E1,8.819659424E-1,2.245929565E0,8.462202759E0
3.383748246E1,1.132694550E0,2.401605835E0,7.149881744E0
3.385764746E1,5.336402893E-1,2.206262054E0,8.700656891E0
3.387781146E1,1.935475159E-1,2.027384033E0,9.165290680E0
3.389797646E1,1.133143616E-1,2.519710236E0,8.226293335E0
3.391814046E1,4.150868225E-1,2.112107849E0,1.033256332E1
3.393830546E1,8.087681580E-1,1.508562927E0,1.317515213E1
3.395846946E1,8.948391724E-1,9.648934937E-1,1.366628082E1
3.397863446E1,5.727090454E-1,4.439767456E-1,1.316647018E1
3.399879846E1,1.095721436E-1,-5.370831299E-1,1.472263412E1
3.401896346E1,9.208850098E-1,-1.438957672E0,1.571402252E1
3.403912746E1,1.866768036E0,-1.799557800E0,1.573048828E1
3.405929246E1,1.065035248E0,-1.721869354E0,1.368753662E1
3.407945646E1,-1.744921417E0,-1.743574219E0,1.301273987E1
3.409962146E1,-3.332070923E0,-1.621128845E0,1.351359833E1
3.411978546E1,-3.453318787E0,-1.332229614E0,1.185908890E1
3.413994946E1,-3.743714905E0,-1.115180969E0,1.015024246E1
3.416011446E1,-3.999233551E0,-8.509803772E-1,8.361761627E0
3.418027846E1,-3.746409302E0,-6.963519287E-1,7.251969452E0
3.420044346E1,-3.573219452E0,-5.147795105E-1,6.266867981E0
3.422060746E1,-2.957400055E0,-1.944456482E-1,5.848188629E0
3.424077246E1,-1.850002899E0,2.812651062E-1,5.386249237E0
3.426093646E1,-1.672472076E0,7.638615417E-1,4.548740845E0
3.428110146E1,-2.040856018E0,1.128652954E0,3.994892578E0
3.430126546E1,-2.537074127E0,1.557660828E0,3.773203583E0
3.432143046E1,-1.626068573E0,1.602417755E0,4.934638367E0
3.434159446E1,-6.866221619E-1,1.783840485E0,6.192322998E0
3.436175946E1,-4.495152283E-1,1.808688812E0,7.030729523E0
3.438192346E1,-7.252418518E-1,2.001038818E0,7.306156769E0
3.440208846E1,-5.739065552E-1,2.243534546E0,7.138655090E0
3.442225246E1,-5.822891235E-2,2.281555481E0,8.326584778E0
3.444241746E1,4.866380310E-1,2.308948517E0,8.451125793E0
3.446258146E1,9.075627136E-1,2.339185638E0,8.736582184E0
3.448274646E1,4.378395081E-1,2.077230377E0,9.180259552E0
3.450291046E1,-3.134481812E-1,1.733096008E0,1.030142807E1
3.452307546E1,-5.475613403E-1,1.907932434E0,1.125644211E1
3.454323946E1,-7.966433716E-1,2.370470581E0,1.137724091E1
3.456340446E1,-1.385668488E0,2.252665558E0,1.236773117E1
3.458356846E1,-2.138752441E0,1.278641052E0,1.482996094E1
3.460373346E1,-3.099304962E0,4.219725037E-1,1.664763107E1
3.462389746E1,-3.403472443E0,-6.646179199E-2,1.638941803E1
3.464406246E1,-3.772455139E0,-1.583706665E-1,1.536913971E1
3.466422646E1,-3.869603119E0,3.143463135E-3,1.382060989E1
3.468439146E1,-3.430566101E0,2.942880249E-1,1.109627518E1
3.470455546E1,-2.624043274E0,4.195774841E-1,8.581055603E0
3.472472046E1,-2.010020142E0,2.796185303E-1,6.750362549E0
3.474488458E1,-1.158441010E0,1.553768921E-1,5.748645630E0
3.476504958E1,-3.620970154E-1,1.077758789E-1,6.482868805E0
3.478521358E1,-1.538800049E-1,1.561253357E-1,6.813680878E0
3.480537858E1,-3.112028503E-1,3.305126953E-1,5.672903137E0
3.482554258E1,-6.803352356E-1,7.053332520E-1,3.962709503E0
3.484570758E1,-9.348060608E-1,1.033899994E0,3.486998749E0
3.486587158E1,-7.141648865E-1,9.955796814E-1,5.511987762E0
3.488603658E1,-6.135740662E-1,8.975335693E-1,7.251670074E0
3.490620058E1,-4.713697815E-1,1.140178986E0,7.619904327E0
3.492636558E1,-7.310797119E-1,1.611099701E0,7.948471069E0
3.494652958E1,-8.559201050E-1,1.981878662E0,8.613687744E0
3.496669458E1,-7.623646545E-1,2.121987305E0,9.970166931E0
3.498685858E1,-2.671943665E-1,2.492017822E0,1.038196060E1
3.500702358E1,-5.686674500E-1,2.463127899E0,1.104807541E1
3.502718858E1,-4.980143738E-1,2.666854248E0,1.250020569E1
3.504735258E1,2.526745605E-1,2.934797058E0,1.247939896E1
3.506751758E1,7.336244202E-1,2.535726929E0,1.294118866E1
3.508768158E1,1.291663971E0,1.735640717E0,1.387853943E1
3.510784658E1,1.749262390E0,4.296066284E-1,1.520732620E1
3.512801058E1,2.555635529E0,-4.067042542E-1,1.647788406E1
3.514817558E1,3.437751160E0,-3.730242920E-1,1.520987091E1
3.516833958E1,3.121907959E0,-5.972579956E-2,1.348276245E1
3.518850458E1,2.154320068E0,2.380050659E-2,1.174816956E1
3.520866858E1,1.316661987E0,-1.353186035E-1,1.095826218E1
3.522883358E1,5.774990845E-1,-5.388793945E-1,1.112830856E1
3.524899758E1,-4.176315308E-2,-8.265811157E-1,1.104568039E1
3.526916258E1,-2.758763123E-1,-9.680369568E-1,1.040501266E1
3.528932658E1,-5.855822754E-1,-8.860075378E-1,9.214538269E0
3.530949158E1,-7.005432129E-1,-7.244934082E-1,8.436755676E0
3.532965558E1,-2.885998535E-1,-5.508544922E-1,7.940537567E0
3.534982058E1,-7.185058594E-2,-4.170327759E-1,7.133565674E0
3.536998458E1,-2.975811768E-1,-1.930984497E-1,6.581513672E0
3.539014958E1,-7.367678833E-1,-1.019380188E-1,6.002966766E0
3.541031358E1,-9.862989807E-1,-1.067280579E-1,6.809190216E0
3.543047858E1,-9.364526367E-1,5.688171387E-3,6.931186523E0
3.545064358E1,-8.310717773E-1,3.888912964E-1,6.556964722E0
3.547080758E1,-7.929011536E-1,5.992039490E-1,7.188202057E0
3.549097258E1,-8.193960571E-1,8.029302979E-1,7.841443634E0
3.551113658E1,-8.616082764E-1,1.172212372E0,7.403454437E0
3.553130158E1,-1.138382721E0,1.168320465E0,7.734266510E0
3.555146558E1,-1.450633392E0,8.795709229E-1,9.212891693E0
3.557163058E1,-1.287173309E0,6.788383484E-1,9.971364441E0
3.559179458E1,-9.093589783E-1,1.198856964E0,9.327253876E0
3.561195958E1,-5.894741821E-1,1.758842468E0,8.570278015E0
3.563212358E1,-1.376836853E0,1.684147797E0,8.709338837E0
3.565228858E1,-2.070644073E0,7.825726318E-1,1.026011398E1
3.567245258E1,-1.849703522E0,-4.288581848E-1,1.393482239E1
3.569261758E1,-7.027885437E-1,-2.589614868E-2,1.307830353E1
3.571278158E1,-7.077282715E-1,8.190966797E-1,1.192884384E1
3.573294658E1,-1.954785004E0,9.102571106E-1,1.243958176E1
3.575311146E1,-2.640808411E0,7.955955505E-1,1.214499435E1
3.577327546E1,-2.623145142E0,5.200186157E-1,1.140493332E1
3.579344046E1,-2.538571014E0,3.667373657E-1,1.110899872E1
3.581360446E1,-2.323318634E0,5.126838684E-1,1.087862778E1
3.583376946E1,-2.288740540E0,7.861651611E-1,9.835746460E0
3.585393346E1,-1.995350647E0,9.731263733E-1,8.728049927E0
3.587409846E1,-1.743125153E0,1.030157776E0,7.765551453E0
3.589426246E1,-1.497336273E0,1.017134857E0,7.467970276E0
3.591442746E1,-1.255289612E0,1.065484314E0,7.532935181E0
3.593459146E1,-1.536255341E0,1.063688049E0,7.688012695E0
3.595475646E1,-1.877994690E0,9.002279663E-1,7.719297638E0
3.597492146E1,-2.138003998E0,6.339317322E-1,7.439230042E0
3.599508546E1,-1.805994415E0,4.776567078E-1,7.296726379E0
3.601525046E1,-1.176852722E0,2.583627319E-1,7.890541534E0
3.603541446E1,-8.581654358E-1,1.291813660E-1,8.461154938E0
3.605557946E1,-6.731501770E-1,9.385482788E-2,8.537945251E0
3.607574346E1,-6.090834045E-1,2.396516418E-1,8.014633484E0
3.609590846E1,-6.623725891E-1,3.733236694E-1,7.362290039E0
3.611607246E1,-5.697152710E-1,6.134243774E-1,6.412215729E0
3.613623746E1,-4.728666687E-1,7.298822021E-1,6.309828644E0
3.615640246E1,5.059478760E-2,9.940827942E-1,5.803431702E0
3.617656646E1,3.737727356E-1,1.209634552E0,5.986201630E0
3.619673146E1,6.147715759E-1,1.644480286E0,6.257437592E0
3.621689546E1,5.008584595E-1,1.887275391E0,7.225923615E0
3.623706046E1,5.619314575E-1,2.216889954E0,8.057145081E0
3.625722446E1,8.060737610E-1,2.507884827E0,9.410181427E0
3.627738946E1,1.064586182E0,2.773133240E0,1.159653488E1
3.629755446E1,1.689686279E0,3.775299225E0,1.347991837E1
3.631771846E1,2.345921631E0,5.533542938E0,1.505045242E1
3.633788346E1,2.616708527E0,5.561834106E0,1.774305313E1
3.635804746E1,1.947150879E0,3.736080780E0,2.071766739E1
3.637821246E1,1.342707825E-1,5.920188904E-1,2.469848923E1
3.639837646E1,-2.195933533E0,-1.728006592E0,2.380559601E1
3.641854146E1,-2.681074677E0,-1.782193909E0,1.958347595E1
3.643870646E1,-2.614014130E0,-1.546583862E0,1.498997818E1
3.645887046E1,-3.420087891E0,-1.603016510E0,1.329999252E1
3.647903546E1,-3.168910217E0,-1.519490204E0,1.133921997E1
3.649919946E1,-2.211052094E0,-1.212927704E0,8.778495026E0
3.651936446E1,-1.611548767E0,-1.098116455E0,6.489904175E0
3.653952846E1,-1.314716034E0,-1.013093262E0,4.759053497E0
3.655969346E1,-1.166374512E0,-9.747729492E-1,3.325933685E0
3.657985846E1,-1.126407623E0,-1.010997620E0,2.599194946E0
3.660002246E1,-1.095122681E0,-1.130149841E0,2.277214508E0
3.662018746E1,-9.443861389E-1,-1.212328949E0,2.106569366E0
3.664035146E1,-1.037642212E0,-1.229393463E0,1.250798950E0
3.666051646E1,-1.054856415E0,-1.124311981E0,1.052012329E0
3.668068146E1,-1.284628601E0,-1.107397156E0,1.400337982E0
3.670084546E1,-1.106199646E0,-1.007854156E0,2.153721313E0
3.672101046E1,-9.050180054E-1,-8.634045410E-1,2.338437195E0
3.674117446E1,-9.883946228E-1,-7.544311523E-1,2.543510742E0
3.676133883E1,-1.314266968E0,-6.694079590E-1,3.195105743E0
3.678150383E1,-7.138655090E-1,-5.650749207E-1,5.417085114E0
3.680166783E1,1.944456482E-1,4.243675232E-1,7.908504181E0
3.682183283E1,-5.441184998E-1,1.404529266E0,9.298064575E0
3.684199683E1,-3.003953247E0,2.188299408E0,1.122201370E1
3.686216183E1,-3.212020569E0,1.664837952E0,1.476305008E1
3.688232683E1,-1.854493561E0,4.926255798E-1,1.855122253E1
3.690249083E1,-6.578819275E-1,2.661465454E-1,2.066901855E1
3.692265583E1,-5.867797852E-1,6.968009949E-1,2.410227905E1
3.694281983E1,-1.860032043E0,2.338586884E0,2.174468170E1
3.696298483E1,-3.292553101E0,3.466940460E0,1.404484360E1
3.698314883E1,-4.127367096E0,2.489922180E0,1.548649567E1
3.700331383E1,-1.633253632E0,1.571731567E0,1.367137024E1
3.702347883E1,8.265811157E-1,1.556912384E0,1.188333847E1
3.704364283E1,1.307381287E0,1.995051270E0,9.853559418E0
3.706380783E1,5.185217285E-1,2.106569366E0,9.287736053E0
3.708397283E1,7.704478455E-1,2.278412018E0,7.976911926E0
3.710413683E1,1.540296936E0,2.638712769E0,6.682254181E0
3.712430183E1,1.774260406E0,2.794838104E0,5.776038666E0
3.714446583E1,1.785187683E0,2.943628693E0,6.401737518E0
3.716463083E1,1.248703308E0,3.110681305E0,7.253316650E0
3.718479583E1,1.588347015E0,3.047512665E0,8.792865143E0
3.720495983E1,2.346370697E0,3.016377411E0,8.759035492E0
3.722512483E1,1.933080139E0,3.170407104E0,9.028924255E0
3.724528883E1,9.367520142E-1,3.322790222E0,1.015652939E1
3.726545383E1,3.665876770E-1,3.004402313E0,1.256307495E1
3.728561883E1,5.553451538E-2,1.898951111E0,1.562181427E1
3.730578283E1,4.137396240E-1,8.207432556E-1,1.785891220E1
3.732594783E1,9.071136475E-1,1.085991669E0,1.714789078E1
3.734611183E1,6.491999817E-1,8.256829834E-1,1.674088715E1
3.736627683E1,8.557704163E-1,3.427871704E-2,1.691871735E1
3.738644183E1,1.099313965E0,-1.278341675E-1,1.669134018E1
3.740660583E1,7.045848083E-1,-8.149053955E-1,1.568812637E1
3.742677083E1,-4.311035156E-1,-1.125210114E0,1.459539871E1
3.744693483E1,-1.375789032E0,-9.753717041E-1,1.227357697E1
3.746709983E1,-1.697619781E0,-7.917036438E-1,1.043135788E1
3.748726483E1,-2.224224701E0,-7.810757446E-1,8.727151794E0
3.750742883E1,-1.870659943E0,-6.818321228E-1,6.471043396E0
3.752759383E1,-1.389261017E0,-7.117698669E-1,5.163362732E0
3.754775883E1,-8.737330627E-1,-7.379653931E-1,3.604205017E0
3.756792283E1,-4.239184570E-1,-6.818321228E-1,2.015558624E0
3.758808783E1,-1.749861145E-1,-6.328839111E-1,1.084943848E0
3.760825183E1,-1.965412903E-1,-6.466552734E-1,2.796185303E-1
3.762841683E1,-4.378395081E-1,-7.644602966E-1,-1.404080200E-1
3.764858183E1,-9.873468018E-1,-6.150709534E-1,2.113604736E-1
3.766874583E1,-1.398541718E0,-5.366340637E-1,7.909552002E-1
3.768891083E1,-1.753154297E0,-7.355703735E-1,1.642384644E0
3.770907483E1,-1.791175232E0,-7.140151978E-1,2.371967468E0
3.772923983E1,-2.012115784E0,-7.637118530E-1,2.178120575E0
3.774940533E1,-1.417851562E0,-3.556604004E-1,4.257745972E0
3.776956933E1,-1.589394836E0,-9.879455566E-3,6.658004608E0
3.778973433E1,-1.795516205E0,5.873785400E-1,1.035950729E1
3.780989933E1,-1.724414063E0,1.231489105E0,1.385952896E1
3.783006333E1,-1.878892822E0,2.473306732E0,1.412522644E1
3.785022833E1,-1.898052979E0,3.303630066E0,1.831785782E1
3.787039233E1,-6.562353516E-1,4.692891083E0,1.882200943E1
3.789055733E1,-1.354682922E-1,4.591551819E0,1.724743378E1
3.791072233E1,-9.157955933E-1,2.267784119E0,2.164064804E1
3.793088633E1,6.285429382E-1,1.860481110E0,2.179587524E1
3.795105133E1,8.165519714E-1,2.554737396E0,1.912542847E1
3.797121533E1,3.421884155E-1,2.983894958E0,1.572300385E1
3.799138033E1,3.607498169E-2,2.141446838E0,1.428943497E1
3.801154533E1,4.620890808E-1,1.323547668E0,1.312066544E1
3.803170933E1,6.602769470E-1,1.138083344E0,1.262669266E1
3.805187433E1,-6.167175293E-2,1.198557587E0,1.068298462E1
3.807203933E1,-7.225474548E-1,1.415905609E0,8.233927460E0
3.809220333E1,-6.394702148E-1,1.688039703E0,6.300697632E0
3.811236833E1,1.817221069E-1,1.690734100E0,5.916446686E0
3.813253233E1,1.160237274E0,1.531764679E0,6.735992432E0
3.815269733E1,1.773212585E0,1.651815033E0,7.081174622E0
3.817286233E1,1.300645294E0,1.880090332E0,6.911277924E0
3.819302633E1,8.099656677E-1,1.825154572E0,7.886949005E0
3.821319133E1,1.433119812E0,2.072440338E0,8.485554199E0
3.823335633E1,1.632205811E0,2.694696350E0,6.968608704E0
3.825352033E1,6.497987366E-1,2.868784332E0,8.052055664E0
3.827368533E1,2.577639771E-1,2.835254059E0,1.150896698E1
3.829384933E1,9.717791748E-1,3.145558777E0,1.395383286E1
3.831401433E1,1.971101074E0,3.801345062E0,1.455947342E1
3.833417933E1,2.606230316E0,3.858975220E0,1.550730240E1
3.835434333E1,8.539741516E-1,1.518442383E0,1.866034561E1
3.837450833E1,-1.250050507E0,-1.590143280E0,2.075703552E1
3.839467333E1,-2.553090820E0,-2.747237091E0,1.807745773E1
3.841483733E1,-2.240241394E0,-2.096390533E0,1.242551102E1
3.843500233E1,-3.072360992E0,-1.540147247E0,9.170230408E0
3.845516633E1,-4.621190186E0,-1.588197327E0,8.834029541E0
3.847533133E1,-3.035836945E0,-1.365909576E0,7.984695740E0
3.849549633E1,-1.347198486E0,-1.246907043E0,6.440806274E0
3.851566033E1,-7.077282715E-1,-9.862989807E-1,5.061424713E0
3.853582533E1,-6.164181519E-1,-8.116122437E-1,4.026776276E0
3.855599033E1,-6.545887756E-1,-5.749543762E-1,3.394042053E0
3.857615433E1,-8.631051636E-1,-3.867956543E-1,2.570604401E0
3.859631933E1,-8.659492493E-1,-2.694396973E-1,1.840871887E0
3.861648433E1,-2.787203979E-1,-1.588197327E-1,1.360969849E0
3.863664833E1,8.532257080E-3,-9.580078125E-3,1.016835480E0
3.865681333E1,-3.659889221E-1,1.055305481E-1,1.186432800E0
3.867697733E1,-9.249266052E-1,3.960763550E-1,1.900447998E0
3.869714233E1,-8.219407654E-1,4.962181091E-1,3.074905701E0
3.871730733E1,-4.505630493E-1,4.525090027E-1,4.308490448E0
3.873747133E1,-8.641529846E-1,2.130070496E-1,5.418282623E0
3.875764012E1,-1.318907318E0,1.616638184E-1,9.329199829E0
3.877780513E1,-1.563648376E0,9.669891357E-2,1.218900284E1
3.879796913E1,-1.710343323E0,1.256038055E0,1.359113708E1
3.881813413E1,-2.416724396E0,2.599344635E0,1.280616943E1
3.883829912E1,-2.516566772E0,3.995042267E0,1.419408325E1
3.885846313E1,-1.846410370E0,4.066743164E0,1.620350464E1
3.887862813E1,-9.005273438E-1,3.013084259E0,1.710537918E1
3.889879313E1,6.816824341E-1,1.235381012E0,2.065120560E1
3.891895713E1,3.513942719E0,1.214723969E0,2.113978958E1
3.893912213E1,3.465144196E0,2.219434662E0,1.895478333E1
3.895928713E1,1.121318207E0,2.441423035E0,1.669343582E1
3.897945112E1,-2.131567383E-1,2.343825989E0,1.312934738E1
3.899961613E1,4.996609497E-1,1.966311035E0,1.153755753E1
3.901978013E1,2.163002014E0,1.577569427E0,1.086350922E1
3.903994512E1,2.717748413E0,1.505868530E0,9.542206879E0
3.906011013E1,1.766626282E0,1.506916351E0,9.120384064E0
3.908027413E1,9.756710815E-1,1.504671021E0,8.993448029E0
3.910043913E1,1.195264435E0,1.676363983E0,8.119714966E0
3.912060412E1,1.166823578E0,1.951192474E0,7.644153900E0
3.914076813E1,4.962181091E-1,2.046394501E0,7.418722687E0
3.916093313E1,3.415896606E-1,2.129920807E0,8.167465668E0
3.918109813E1,-3.951782227E-2,2.026635590E0,1.051398605E1
3.920126213E1,-3.233276367E-2,2.267933807E0,1.037103333E1
3.922142713E1,-2.192939758E-1,2.316882019E0,1.066232758E1
3.924159213E1,-7.168592834E-1,1.933379517E0,1.183708466E1
3.926175612E1,-1.264869690E0,8.346643066E-1,1.451052521E1
3.928192113E1,-8.578660583E-1,-1.170565796E-1,1.667517380E1
3.930208613E1,-3.864962769E-1,-3.847000122E-2,1.672232574E1
3.932225012E1,-8.137078857E-1,7.484436035E-2,1.610800323E1
3.934241512E1,-5.897735596E-1,-1.321751404E-1,1.566731964E1
3.936258013E1,-2.017803955E-1,1.104702759E-1,1.427701080E1
3.938274413E1,-2.064207458E-1,-2.065704346E-2,1.286484741E1
3.940290912E1,-7.334747314E-2,2.730322266E-1,1.107427094E1
3.942307413E1,1.377136230E-2,8.309220886E-1,8.410859528E0
3.944323813E1,7.753875732E-2,1.160087585E0,6.476432190E0
3.946340313E1,-3.064128113E-1,1.392105103E0,5.411696320E0
3.948356812E1,-3.644920349E-1,1.589095459E0,3.583248596E0
3.950373213E1,-2.152523804E-1,1.508113861E0,1.856289825E0
3.952389713E1,1.815724182E-1,1.473386078E0,9.951306152E-1
3.954406213E1,5.444178772E-1,1.222807159E0,9.142987061E-1
3.956422613E1,3.173400879E-1,8.515791321E-1,1.598226471E0
3.958439113E1,-4.965174866E-1,5.631289673E-1,2.165995789E0
3.960455613E1,-1.387913818E0,2.522254944E-1,3.556304626E0
3.962472012E1,-1.624571686E0,-2.522254944E-1,4.855303345E0
3.964488513E1,-1.044827271E0,-5.758525085E-1,5.352120209E0
3.966505013E1,-3.938310242E-1,-4.679269409E-1,5.209317169E0
3.968521412E1,-2.859054565E-1,-2.005828857E-2,4.807253265E0
3.970537912E1,-8.538244629E-1,-3.532653809E-1,5.762267303E0
3.972554413E1,-7.848179626E-1,-3.098556519E-2,6.524033203E0
3.974570813E1,-7.839198303E-1,4.983137512E-1,5.285808105E0
3.976586958E1,-6.852749634E-1,5.382806396E-1,6.222709808E0
3.978603458E1,-4.176315308E-1,5.622308350E-1,9.858349457E0
3.980619858E1,3.547622681E-1,2.022144928E0,1.148037643E1
3.982636358E1,-2.430944824E-1,4.132755890E0,1.037058426E1
3.984652858E1,-1.941911774E0,4.940326538E0,1.024828857E1
3.986669258E1,-4.170178070E0,3.213966522E0,1.453642136E1
3.988685758E1,-4.431534576E0,1.517843628E-1,2.047681824E1
3.990702258E1,-9.449848938E-1,9.171427917E-1,2.205289078E1
3.992718658E1,1.222956848E-1,2.388133850E0,1.915821030E1
3.994735158E1,-9.228309631E-1,2.825374603E0,1.606803635E1
3.996751658E1,-2.033072205E0,2.212099915E0,1.424946808E1
3.998768058E1,-1.769769745E0,2.077080688E0,1.173305099E1
4.000784558E1,-1.206491089E0,-1.459465027E-1,1.250170258E1
4.002801058E1,2.032922516E0,1.450483704E0,1.240769806E1
4.004817458E1,1.609902191E0,1.421743469E0,9.936936035E0
4.006833958E1,3.068618774E-1,1.369053040E0,8.064030762E0
4.008850458E1,-2.222877502E-1,1.029109955E0,8.228838043E0
4.010866858E1,3.354524231E-1,1.096918945E0,8.424481201E0
4.012883358E1,7.021897888E-1,1.194216614E0,9.178014221E0
4.014899858E1,8.494834900E-1,1.639390869E0,8.949589233E0
4.016916258E1,1.228944397E-1,1.740430756E0,8.652157745E0
4.018932758E1,-9.189390564E-1,1.653012543E0,9.804012451E0
4.020949258E1,-1.665586395E0,1.272952881E0,1.355161926E1
4.022965658E1,-1.198707275E0,1.720522156E0,1.525956757E1
4.024982158E1,-1.534459076E0,1.742975464E0,1.727722183E1
4.026998658E1,-1.509311371E0,9.940827942E-1,1.832025284E1
4.029015058E1,-1.084345093E0,-5.917195129E-1,2.008283752E1
4.031031558E1,-1.907483368E0,-3.218307495E0,2.212025070E1
4.033048058E1,-2.016905823E0,-3.912264404E0,2.085912323E1
4.035064458E1,-2.318378906E0,-3.154689789E0,1.592867615E1
4.037080958E1,-2.449057159E0,-2.105072479E0,1.173350006E1
4.039097458E1,-2.008373566E0,-1.218017120E0,9.131311340E0
4.041113858E1,-1.572929077E0,-4.306544495E-1,6.955585785E0
4.043130358E1,-1.335223389E0,1.507365417E-1,5.052593079E0
4.045146858E1,-1.551523590E0,3.975732422E-1,4.032015381E0
4.047163258E1,-1.733096008E0,5.429209900E-1,2.680326233E0
4.049179758E1,-1.201701050E0,6.426136780E-1,2.062411194E0
4.051196258E1,-6.427633667E-1,4.107458496E-1,2.534230042E0
4.053212658E1,-2.947370911E-1,1.763333130E-1,3.055745544E0
4.055229158E1,-6.795867920E-2,4.670288086E-2,2.888692932E0
4.057245658E1,-3.221301270E-1,-2.604583740E-2,2.619851990E0
4.059262158E1,-5.857319641E-1,-1.871109009E-1,2.579885101E0
4.061278558E1,-4.647834778E-1,-3.915856934E-1,3.025658112E0
4.063295058E1,1.496887207E-2,-2.877017212E-1,3.214415588E0
4.065311558E1,4.305047607E-1,-3.173400879E-1,3.430715790E0
4.067327958E1,5.610333252E-1,-1.193019104E-1,3.038980408E0
4.069344458E1,2.013313293E-1,-8.532257080E-3,2.861299896E0
4.071360958E1,-7.165599060E-1,-3.634442139E-1,4.285438385E0
4.073377358E1,-1.037342834E-1,-2.538720703E-1,6.899751892E0
4.075393846E1,8.011340332E-1,9.494755554E-1,7.509883118E0
4.077410346E1,1.802252197E-1,2.565065918E0,8.619076538E0
4.079426746E1,-2.003882904E0,3.801794128E0,1.137424713E1
4.081443246E1,-2.576142883E0,3.871848450E0,1.341450439E1
4.083459746E1,-2.504292297E0,2.583178253E0,1.653835831E1
4.085476146E1,-2.507136383E0,1.177002411E0,2.065779190E1
4.087492646E1,-2.362537079E0,1.212478638E0,2.332838837E1
4.089509146E1,-2.430645447E0,2.195334778E0,2.052711365E1
4.091525546E1,-3.238066406E0,2.553240509E0,1.692919556E1
4.093542046E1,-3.040327606E0,2.602637787E0,1.501243149E1
4.095558546E1,-2.260599060E0,2.531385956E0,1.522364227E1
4.097575046E1,-1.861379242E0,2.652933197E0,1.313713120E1
4.099591446E1,-1.479822693E0,2.439626770E0,1.304432419E1
4.101607946E1,-4.851411438E-1,2.408491516E0,1.035905823E1
4.103624446E1,6.915618896E-2,1.917961578E0,9.208999786E0
4.105640846E1,4.966671753E-1,1.849703522E0,8.571026459E0
4.107657346E1,4.192781067E-1,1.743274841E0,7.930658112E0
4.109673846E1,2.775228882E-1,1.617236938E0,7.947273560E0
4.111690246E1,2.104623413E-1,1.571581879E0,7.114106140E0
4.113706746E1,1.993853760E-1,1.610051880E0,6.332431641E0
4.115723246E1,1.736389160E-2,1.450932770E0,6.814728699E0
4.117739646E1,-1.124162292E-1,1.386267242E0,7.498656464E0
4.119756146E1,-5.722599792E-1,1.290616150E0,8.091274109E0
4.121772646E1,-1.287472687E0,9.656419373E-1,9.481433258E0
4.123789146E1,-2.101180573E0,6.083349609E-1,1.065619034E1
4.125805546E1,-2.693199463E0,6.550378418E-1,1.175954590E1
4.127822046E1,-2.540966034E0,1.170715485E0,1.288505539E1
4.129838546E1,-1.732197876E0,1.755549316E0,1.311258224E1
4.131854946E1,-9.610015869E-1,2.154469757E0,1.294537994E1
4.133871446E1,-2.848576355E-1,2.720143433E0,1.337573502E1
4.135887946E1,-3.173400879E-1,2.315834198E0,1.350506607E1
4.137904346E1,-6.724017334E-1,1.376986542E0,1.437296127E1
4.139920846E1,-1.162183228E0,2.941383362E-1,1.678818878E1
4.141937346E1,-1.668580170E0,-1.829196167E-1,1.708142899E1
4.143953746E1,-2.515968018E0,3.742218018E-2,1.508817398E1
4.145970246E1,-3.222498779E0,3.435356140E-1,1.177720917E1
4.147986746E1,-3.462898865E0,6.936575317E-1,9.469907227E0
4.150003246E1,-3.257975006E0,1.020428009E0,7.588619385E0
4.152019646E1,-2.947071533E0,1.304836578E0,6.858437805E0
4.154036146E1,-2.335593109E0,1.139430542E0,6.828799438E0
4.156052646E1,-1.880240021E0,9.556127930E-1,6.706503754E0
4.158069046E1,-1.496737518E0,8.988807678E-1,6.090235291E0
4.160085546E1,-1.103654938E0,1.003962250E0,5.499862976E0
4.162102046E1,-9.752220154E-1,1.035546570E0,5.201084290E0
4.164118546E1,-1.095871124E0,1.180744629E0,5.277874603E0
4.166134946E1,-1.060843964E0,1.339863739E0,5.770500183E0
4.168151446E1,-1.156345367E0,1.193019104E0,6.870113525E0
4.170167946E1,-1.125808868E0,9.539662170E-1,7.989934845E0
4.172184346E1,-8.961863708E-1,8.665480042E-1,8.685388641E0
4.174200846E1,-9.151968384E-1,1.130000153E0,8.988657990E0
4.176217283E1,-7.423063660E-1,2.190544739E0,9.396410065E0
4.178233683E1,-1.841171265E0,2.182311859E0,8.694669342E0
4.180250183E1,-2.704126740E0,1.975142670E0,8.927285614E0
4.182266683E1,-2.925815735E0,8.843609619E-1,1.082039886E1
4.184283183E1,-1.650018768E0,4.746629333E-1,1.327933548E1
4.186299583E1,-1.058149567E0,8.032296753E-1,1.412807053E1
4.188316083E1,-2.353855133E0,7.812254333E-1,1.375235184E1
4.190332583E1,-3.541335754E0,4.782554626E-1,1.184367096E1
4.192348983E1,-3.897894287E0,3.412902832E-1,9.837692413E0
4.194365483E1,-3.426823883E0,-1.167572021E-1,8.596024475E0
4.196381983E1,-2.632126465E0,-5.373825073E-1,9.124275970E0
4.198398483E1,-1.885479126E0,-5.287005615E-1,9.766440582E0
4.200414883E1,-1.584155731E0,-1.496887207E-4,8.965007172E0
4.202431383E1,-1.303190002E0,7.735913086E-1,7.140301666E0
4.204447883E1,-1.193019104E0,1.301094360E0,5.931714935E0
4.206464283E1,-7.809260559E-1,1.592388611E0,6.396049347E0
4.208480783E1,-8.786727905E-2,1.771865387E0,7.237898712E0
4.210497283E1,-1.404080200E-1,1.939965820E0,8.366701355E0
4.212513783E1,-3.652404785E-1,2.405946808E0,7.773784332E0
4.214530183E1,-5.915698242E-1,2.387684784E0,8.478818207E0
4.216546683E1,3.293151855E-3,2.141746216E0,9.245224457E0
4.218563183E1,7.750881958E-1,2.113305359E0,9.937385101E0
4.220579683E1,9.991722107E-1,2.093696136E0,1.061098434E1
4.222596083E1,7.306306458E-1,2.284249878E0,1.070558762E1
4.224612583E1,6.316864014E-1,2.626138916E0,1.103295685E1
4.226629083E1,6.096821594E-1,2.812351685E0,1.247011826E1
4.228645483E1,8.051756287E-1,3.445834351E0,1.337154373E1
4.230661983E1,4.251159668E-1,3.854484558E0,1.301588333E1
4.232678483E1,-2.817141724E-1,2.917433167E0,1.380893417E1
4.234694983E1,-9.934840393E-1,9.249266052E-1,1.619167923E1
4.236711383E1,-5.372328186E-1,-1.646575928E-1,1.698368225E1
4.238727883E1,-2.124082947E-1,-4.537065125E-1,1.547496964E1
4.240744383E1,-5.586383057E-1,-4.980143738E-1,1.372765320E1
4.242760883E1,-1.583856354E0,-9.024732971E-1,1.181672699E1
4.244777283E1,-2.782563629E0,-1.409468994E0,1.110016708E1
4.246793783E1,-3.036585388E0,-1.790127411E0,1.067699707E1
4.248810283E1,-2.944227448E0,-2.023791504E0,1.054137909E1
4.250826683E1,-2.886297913E0,-2.134860535E0,9.595645752E0
4.252843183E1,-2.573897552E0,-1.936373291E0,8.376880188E0
4.254859683E1,-2.189646606E0,-1.573378143E0,7.293283539E0
4.256876183E1,-1.971250763E0,-1.257984009E0,6.413862305E0
4.258892583E1,-1.844015350E0,-9.092092896E-1,6.061045990E0
4.260909083E1,-1.625918884E0,-4.522096252E-1,5.817951508E0
4.262925583E1,-1.488055573E0,1.416055298E-1,5.932613068E0
4.264942083E1,-1.613345032E0,5.251080322E-1,6.189927979E0
4.266958483E1,-1.418600006E0,1.002016296E0,6.533164215E0
4.268974983E1,-8.789721680E-1,1.323248291E0,6.621779938E0
4.270991483E1,-3.058140564E-1,1.687590637E0,6.809938660E0
4.273007983E1,-1.225950623E-1,1.894460449E0,7.480244751E0
4.275024425E1,-2.170486450E-1,2.016456757E0,8.292605438E0
4.277040925E1,-6.750961304E-2,2.238145752E0,8.219856720E0
4.279057425E1,4.261637878E-1,2.368075562E0,8.476123810E0
4.281073925E1,4.327500916E-1,2.468666382E0,9.103469238E0
4.283090325E1,2.204914856E-1,2.451601868E0,9.641749878E0
4.285106825E1,1.916015625E-1,2.478845215E0,9.837842102E0
4.287123325E1,2.722837830E-1,2.329605560E0,1.049587372E1
4.289139725E1,1.574725342E-1,2.012115784E0,1.209095673E1
4.291156225E1,-5.538482666E-3,1.849553833E0,1.252026398E1
4.293172725E1,-1.675016785E-1,2.000140686E0,1.201012482E1
4.295189225E1,-2.433938599E-1,2.375410309E0,1.169817352E1
4.297205725E1,-6.026467896E-1,2.695893860E0,1.179861465E1
4.299222125E1,-7.988887024E-1,2.764451294E0,1.171224426E1
4.301238625E1,-1.325044556E0,2.027533722E0,1.221953934E1
4.303255125E1,-1.999092865E0,9.644444275E-1,1.273177414E1
4.305271625E1,-2.062411194E0,2.956352234E-1,1.290526337E1
4.307288025E1,-2.073637848E0,-3.293151855E-3,1.200323914E1
4.309304525E1,-2.791994019E0,-3.742218018E-1,1.091515182E1
4.311321025E1,-3.490740967E0,-9.351054382E-1,9.566905518E0
4.313337525E1,-3.542682953E0,-1.401086426E0,8.686137085E0
4.315353925E1,-3.175047455E0,-1.662891998E0,8.006699982E0
4.317370425E1,-2.642454987E0,-1.478924561E0,6.545738068E0
4.319386925E1,-2.559826813E0,-1.147813110E0,5.614075470E0
4.321403425E1,-2.263293457E0,-5.492079163E-1,5.497168579E0
4.323419825E1,-2.000440063E0,1.785786438E-1,5.454207916E0
4.325436325E1,-1.899100800E0,7.238946533E-1,6.002068634E0
4.327452825E1,-1.968256989E0,1.227597198E0,6.032006378E0
4.329469325E1,-2.425556030E0,1.509760437E0,6.660699005E0
4.331485725E1,-2.266586609E0,1.440304871E0,8.340505829E0
4.333502225E1,-1.994602203E0,1.479673004E0,9.761351166E0
4.335518725E1,-2.052831116E0,1.641486511E0,1.029484177E1
4.337535225E1,-2.030377808E0,1.784588928E0,1.048240173E1
4.339551725E1,-1.633702698E0,1.651665344E0,1.084883972E1
4.341568125E1,-9.222322083E-1,1.639091492E0,1.075483521E1
4.343584625E1,-2.498304749E-1,1.988914032E0,1.045051804E1
4.345601125E1,-4.291575623E-1,2.236948242E0,1.031609756E1
4.347617625E1,-4.511618042E-1,2.185006256E0,1.141002274E1
4.349634025E1,-5.628295898E-2,2.297721863E0,1.139295822E1
4.351650525E1,-2.110610962E-1,2.519560547E0,1.078432388E1
4.353667025E1,-1.568737793E-1,2.635419617E0,1.074196198E1
4.355683525E1,3.641926575E-1,2.886148224E0,1.022703278E1
4.357700025E1,6.427633667E-1,3.083288269E0,1.047880920E1
4.359716425E1,9.108558655E-1,2.977458344E0,1.123518631E1
4.361732925E1,1.399140472E0,2.442770233E0,1.258253448E1
4.363749425E1,1.747765503E0,1.824256439E0,1.301288956E1
4.365765925E1,1.452878723E0,1.135688324E0,1.435095703E1
4.367782325E1,9.618997192E-1,5.785469055E-1,1.503488480E1
4.369798825E1,4.796026611E-1,4.095483398E-1,1.359742401E1
4.371815325E1,6.227050781E-2,7.930508423E-1,1.109567642E1
4.373831825E1,-2.200424194E-2,9.849517822E-1,9.883646851E0
4.375848321E1,-8.427474976E-2,6.459068298E-1,1.036235138E1
4.377864721E1,-1.722917175E-1,-1.945953369E-1,1.141017242E1
4.379881221E1,-4.439767456E-1,-6.583309937E-1,1.096290253E1
4.381897721E1,-9.042695618E-1,-8.922944641E-1,1.048270111E1
4.383914221E1,-1.154100037E0,-9.810598755E-1,1.010159363E1
4.385930721E1,-1.052012329E0,-1.097966766E0,9.517957306E0
4.387947121E1,-1.257085876E0,-1.142574005E0,8.255482635E0
4.389963621E1,-1.457369385E0,-9.077124023E-1,6.658603363E0
4.391980121E1,-1.697021027E0,-5.700146484E-1,5.136867828E0
4.393996621E1,-1.776206360E0,-2.854563904E-1,4.113446045E0
4.396013121E1,-1.591939545E0,-1.431024170E-1,4.043541412E0
4.398029521E1,-1.041534119E0,-2.001338196E-1,4.263583832E0
4.400046021E1,-6.631210327E-1,-1.462458801E-1,4.571792908E0
4.402062521E1,-4.785548401E-1,-2.686912537E-1,5.406008148E0
4.404079021E1,-2.374063110E-1,-2.483335876E-1,6.342011719E0
4.406095521E1,-7.616162109E-1,-6.715036011E-1,6.009253693E0
4.408111921E1,-3.799099731E-1,2.525248718E-1,5.059179382E0
4.410128421E1,1.646575928E-2,9.647438049E-1,5.577252045E0
4.412144921E1,-1.332229614E-1,1.001866608E0,6.710545349E0
4.414161421E1,1.016386414E-1,9.560618591E-1,7.077282715E0
4.416177921E1,4.647834778E-1,1.258283386E0,6.426585846E0
4.418194321E1,5.390290833E-1,1.805695038E0,5.402265930E0
4.420210821E1,8.711883545E-2,1.415157166E0,7.393874359E0
4.422227321E1,1.902543640E-1,6.063890076E-1,1.095796280E1
4.424243821E1,4.587959290E-1,7.423063660E-1,1.111184280E1
4.426260321E1,3.109034729E-1,7.589218140E-1,1.065828598E1
4.428276721E1,5.822891235E-2,1.310075684E0,1.141990219E1
4.430293221E1,6.652166748E-1,2.052531738E0,1.141496246E1
4.432309721E1,1.563498688E0,3.235072632E0,1.121692429E1
4.434326221E1,2.322719879E0,4.825066223E0,1.123728195E1
4.436342721E1,1.442849579E0,4.076622620E0,1.315778824E1
4.438359121E1,7.059320068E-1,1.219813385E0,1.812326248E1
4.440375621E1,1.451381836E0,-2.474354553E-1,2.183329742E1
4.442392121E1,2.312391357E0,8.060737610E-1,2.107198059E1
4.444408621E1,1.396595764E-1,1.222058716E0,1.877859970E1
4.446425121E1,-2.575394440E0,-8.502319336E-2,2.160023209E1
4.448441521E1,-2.701432343E0,-5.331912231E-1,2.142419815E1
4.450458021E1,-2.479144592E0,-1.472937012E-1,1.863190475E1
4.452474521E1,-3.342549133E0,5.313949585E-2,1.498937943E1
4.454491021E1,-3.963308258E0,4.819976807E-2,1.155881332E1
4.456507521E1,-3.556154938E0,-1.234931946E-1,9.217382355E0
4.458523921E1,-2.571053467E0,-4.194277954E-1,7.777975616E0
4.460540421E1,-2.117346954E0,-9.283694458E-1,6.665489044E0
4.462556921E1,-1.751208344E0,-1.514550476E0,6.218668213E0
4.464573421E1,-1.485061798E0,-1.950444031E0,6.027366028E0
4.466589921E1,-1.470092926E0,-2.128872986E0,5.355712738E0
4.468606421E1,-1.063987427E0,-2.094743958E0,4.644242249E0
4.470622821E1,-4.492158508E-1,-1.748813324E0,3.626508636E0
4.472639321E1,8.607101440E-2,-1.326990509E0,2.322270813E0
4.474655821E1,1.936972046E-1,-9.364526367E-1,2.344125366E0
4.476672350E1,7.035369873E-2,-5.906716919E-1,2.703378296E0
4.478688850E1,-3.772155762E-2,-2.637515259E-1,2.471959534E0
4.480705250E1,3.586541748E-1,1.505868530E-1,1.835333405E0
4.482721750E1,3.017724609E-1,2.275268555E-1,3.141217804E0
4.484738250E1,-4.369413757E-1,6.090834045E-1,4.207151184E0
4.486754750E1,-1.063089294E0,1.478774872E0,5.337151337E0
4.488771250E1,-5.481600952E-1,2.147135010E0,6.272406464E0
4.490787650E1,8.541238403E-1,3.203787689E0,5.664670258E0
4.492804150E1,-5.906716919E-1,3.335813141E0,4.662504272E0
4.494820650E1,-3.366798706E0,1.363364868E0,8.537645874E0
4.496837150E1,-3.524720306E0,-6.948550415E-1,1.406505157E1
4.498853650E1,-1.305285645E0,-3.487747192E-2,1.353470444E1
4.500870050E1,-1.722617798E0,6.134243774E-1,1.101200043E1
4.502886550E1,-3.442541199E0,6.580316162E-1,9.908495178E0
4.504903050E1,-4.508624268E0,-2.411485291E-1,1.106184677E1
4.506919550E1,-3.647315369E0,-1.398242340E0,1.370519989E1
4.508936050E1,-1.623972931E0,-1.725761261E0,1.528666122E1
4.510952450E1,-1.977388000E-1,-1.113833771E0,1.640004593E1
4.512968950E1,-1.749861145E-1,6.586303711E-3,1.446846268E1
4.514985450E1,-1.114582214E0,1.025816803E0,1.149534531E1
4.517001950E1,-6.586303711E-2,3.818559265E-1,1.555071213E1
4.519018450E1,2.151925049E0,9.960287476E-1,1.479328720E1
4.521034950E1,2.513572998E0,1.524130554E0,1.221879089E1
4.523051350E1,1.691332855E0,1.839973755E0,1.090392517E1
4.525067850E1,1.768123169E0,2.055675201E0,9.593699799E0
4.527084350E1,2.163301392E0,2.014510803E0,9.175170135E0
4.529100850E1,2.503394165E0,1.450483704E0,1.013527359E1
4.531117350E1,3.044967957E0,9.413923645E-1,1.082159637E1
4.533133750E1,3.179538116E0,4.909790039E-1,1.077773758E1
4.535150250E1,2.643951874E0,2.215393066E-1,1.068552933E1
4.537166750E1,2.249821472E0,7.220983887E-1,1.078372513E1
4.539183250E1,1.391805725E0,1.821562042E0,1.095062805E1
4.541199750E1,4.950205994E-1,2.542612610E0,1.358754456E1
4.543216150E1,-5.111869812E-1,1.452579346E0,1.828447723E1
4.545232650E1,-3.249293060E0,-1.681004333E-1,2.064282303E1
4.547249150E1,-4.230203247E0,-1.425635376E0,2.096180969E1
4.549265650E1,-3.552861786E0,-2.220033417E0,1.969394623E1
4.551282150E1,-3.992497559E0,-2.510579224E0,1.757749741E1
4.553298650E1,-4.044888611E0,-2.186952209E0,1.510987885E1
4.555315050E1,-3.589385834E0,-1.259480896E0,1.212134354E1
4.557331550E1,-3.516038361E0,-4.474195862E-1,9.214987335E0
4.559348050E1,-3.583547974E0,6.376739502E-2,6.572532349E0
4.561364550E1,-3.414250031E0,3.058140564E-1,4.376598816E0
4.563381050E1,-2.843337250E0,4.822970581E-1,3.823798370E0
4.565397550E1,-2.201472015E0,4.002676392E-1,3.445235596E0
4.567413950E1,-1.697470093E0,4.942721558E-1,2.658321991E0
4.569430450E1,-1.355431366E0,5.539979553E-1,1.983076172E0
4.571446950E1,-8.041278076E-1,6.771917725E-1,2.163451080E0
4.573463450E1,-1.206491089E-1,6.442602539E-1,2.660417633E0
4.575480008E1,1.329235840E-1,7.066804504E-1,2.572250977E0
4.577496508E1,-1.755848694E-1,8.337661743E-1,2.495909729E0
4.579512908E1,-4.179309082E-1,1.137484589E0,2.478545837E0
4.581529408E1,-9.134005737E-1,1.556613007E0,2.027833099E0
4.583545908E1,-1.072968750E0,1.863774261E0,1.850451965E0
4.585562408E1,-5.911207581E-1,1.736089783E0,2.987936554E0
4.587578908E1,-6.024971008E-1,1.505269775E0,4.339326324E0
4.589595408E1,-7.403604126E-1,1.240470428E0,6.489305420E0
4.591611808E1,-1.695973206E0,1.213676147E0,7.369624786E0
4.593628308E1,-2.664758606E0,9.569599915E-1,8.921447754E0
4.595644808E1,-3.695215759E0,-1.226399689E0,1.353724915E1
4.597661308E1,-4.510270844E0,-3.047512665E0,1.861484024E1
4.599677808E1,-4.669539642E0,-2.910697174E0,1.983644989E1
4.601694308E1,-5.255570984E0,-1.747017059E0,1.655018372E1
4.603710708E1,-5.925128632E0,-1.353784790E0,1.429691940E1
4.605727208E1,-5.370082855E0,-1.413360901E0,1.297666489E1
4.607743708E1,-4.162843323E0,-2.044598236E0,1.351060455E1
4.609760208E1,-2.305505676E0,-2.136507111E0,1.539743088E1
4.611776708E1,2.499801636E-1,-6.954537964E-1,1.435993835E1
4.613793208E1,3.833528137E-1,3.098556519E-2,1.213885712E1
4.615809608E1,9.342073059E-1,1.189127197E0,1.219184692E1
4.617826108E1,1.483714600E0,1.642983398E0,1.122889938E1
4.619842608E1,1.195863190E0,1.399439850E0,1.134760254E1
4.621859108E1,1.198108521E0,1.030906219E0,1.145942001E1
4.623875608E1,1.108145599E0,6.569837952E-1,9.894274750E0
4.625892108E1,1.017434235E0,2.939886475E-1,8.840316467E0
4.627908608E1,1.219813385E0,-2.404000854E-1,8.892108765E0
4.629925008E1,1.360371094E0,-6.442602539E-1,9.284143524E0
4.631941508E1,1.211730194E0,-8.936416626E-1,8.506061554E0
4.633958008E1,1.358425140E0,-7.288343811E-1,8.033943329E0
4.635974508E1,1.444795532E0,-5.375321960E-1,8.764274597E0
4.637991008E1,1.314266968E0,6.056405640E-1,8.285719757E0
4.640007508E1,8.828640747E-1,2.215991821E0,6.067781982E0
4.642024008E1,2.293380890E0,3.374283142E0,5.352419586E0
4.644040408E1,4.338128815E0,1.661844177E0,1.014066238E1
4.646056908E1,5.264402618E0,-3.080593872E-1,1.608061020E1
4.648073408E1,4.308490448E0,-2.566413116E0,2.339769424E1
4.650089908E1,3.595523071E-1,-3.454815674E0,2.516102737E1
4.652106408E1,-4.218976593E0,-1.716031494E0,2.015528687E1
4.654122908E1,-6.636150055E0,1.917512512E-1,1.368274658E1
4.656139408E1,-7.874225464E0,5.584886169E-1,1.231593887E1
4.658155808E1,-8.084538116E0,3.101550293E-1,1.588242233E1
4.660172308E1,-6.858138428E0,-1.345701599E-1,1.582584000E1
4.662188808E1,-5.453908539E0,6.885681152E-3,1.239198074E1
4.664205308E1,-4.788542175E0,6.107299805E-2,8.720715179E0
4.666221808E1,-5.028942261E0,1.425036621E-1,5.502407684E0
4.668238308E1,-4.621938629E0,-3.442840576E-2,4.572691040E0
4.670254808E1,-3.064726868E0,-4.722679138E-1,4.448599091E0
4.672271208E1,-1.856589203E0,-7.822732544E-1,4.024830322E0
4.674287708E1,-9.633966064E-1,-9.014254761E-1,3.821103973E0
4.676304158E1,-7.637118530E-1,-8.643026733E-1,3.167712708E0
4.678320658E1,-9.789642334E-1,-9.346563721E-1,2.226919098E0
4.680337158E1,-7.661068726E-1,-8.442443848E-1,1.023421783E0
4.682353658E1,-1.148112488E-1,-7.232958984E-1,8.183482361E-1
4.684370158E1,2.585124207E-1,-7.053332520E-1,1.726958771E0
4.686386658E1,-3.610491943E-1,-6.541397095E-1,2.461331635E0
4.688403058E1,-5.891748047E-1,-4.346960449E-1,4.866829376E0
4.690419558E1,-7.403604126E-1,6.122268677E-2,5.857768707E0
4.692436058E1,-1.114731903E0,6.617738342E-1,5.552104340E0
4.694452558E1,-1.579365692E0,1.430126038E0,4.852010193E0
4.696469058E1,-2.045795746E0,1.650916901E0,7.071444855E0
4.698485558E1,-1.432221680E0,1.232985992E0,9.619146881E0
4.700502058E1,-2.352657623E0,8.156538391E-1,1.194665680E1
4.702518458E1,-4.623285828E0,7.933502197E-2,1.488399857E1
4.704534958E1,-4.692142639E0,-2.170486450E-2,1.584305420E1
4.706551458E1,-4.323159943E0,1.733395386E-1,1.447504898E1
4.708567958E1,-4.113745422E0,6.092330933E-2,1.555580154E1
4.710584458E1,-3.821103973E0,-4.730163574E-2,1.610830261E1
4.712600958E1,-2.481090546E0,1.020278320E0,1.366717896E1
4.714617458E1,-1.630110168E0,4.005670166E-1,1.466126175E1
4.716633858E1,3.348536682E-1,1.274449768E0,1.541075317E1
4.718650358E1,1.965113525E0,2.458487549E0,1.357931168E1
4.720666858E1,1.918260956E0,2.013163605E0,1.220097794E1
4.722683358E1,1.953138428E0,7.720944214E-1,1.187360870E1
4.724699858E1,2.611170044E0,5.110372925E-1,1.228704895E1
4.726716358E1,3.053051147E0,-1.209484863E-1,1.244811401E1
4.728732858E1,2.819836121E0,-3.653901672E-1,1.134730316E1
4.730749358E1,1.717977448E0,-1.061293030E-1,9.336833954E0
4.732765758E1,1.196012878E0,3.981719971E-2,8.539142761E0
4.734782258E1,8.976832581E-1,1.052311707E-1,8.238268433E0
4.736798758E1,6.614744568E-1,1.871109009E-2,7.894882507E0
4.738815258E1,7.770341492E-1,-2.535726929E-1,7.859256592E0
4.740831758E1,1.859283600E0,-1.561253357E-1,8.665629730E0
4.742848258E1,4.730462952E0,1.511107635E0,8.371341705E0
4.744864758E1,4.209995270E0,1.542841644E0,1.157138718E1
4.746881158E1,-1.406774597E0,-1.130149841E-1,1.751387970E1
4.748897658E1,-4.425547028E0,-9.951306152E-1,1.938903030E1
4.750914158E1,-4.584516449E0,-9.383985901E-1,1.629810791E1
4.752930658E1,-6.552923126E0,-1.427581329E0,1.488579483E1
4.754947158E1,-7.734865265E0,-2.049537964E0,1.502665192E1
4.756963658E1,-6.827601929E0,-2.282004547E0,1.684971085E1
4.758980158E1,-5.033432922E0,-1.487606506E0,1.418345535E1
4.760996658E1,-3.965254211E0,-4.415817261E-1,1.001642075E1
4.763013058E1,-4.089346161E0,-8.412506104E-2,6.716832275E0
4.765029558E1,-3.711980896E0,2.124082947E-1,4.449946289E0
4.767046058E1,-2.919977875E0,2.591111755E-1,3.141816559E0
4.769062558E1,-2.054627380E0,4.245172119E-1,3.305576019E0
4.771079058E1,-1.864822083E0,3.098556519E-1,4.022584991E0
4.773095558E1,-1.471889191E0,3.885919189E-1,3.422632599E0
4.775112058E1,-9.880952454E-1,4.577481079E-1,2.221679993E0
4.777128425E1,-6.679110718E-1,8.502319336E-1,1.137484589E0
4.779144925E1,-4.507127380E-1,1.052311707E0,1.020278320E0
4.781161425E1,-1.625619507E-1,1.136137390E0,2.539319458E0
4.783177925E1,9.699829102E-2,9.675878906E-1,4.250261536E0
4.785194425E1,-5.089416504E-1,1.061742096E0,4.397106171E0
4.787210925E1,-9.422904968E-1,1.154100037E0,5.980513458E0
4.789227425E1,-6.303392029E-1,1.748513947E0,7.280559998E0
4.791243925E1,1.317260742E-2,2.601140900E0,7.274123383E0
4.793260325E1,-1.310075684E0,2.340083771E0,1.045934967E1
4.795276825E1,-3.822900238E0,3.158432007E-2,1.622236542E1
4.797293325E1,-5.339696045E0,-3.065026245E0,1.954635315E1
4.799309825E1,-4.039350128E0,-3.251688080E0,1.764500702E1
4.801326325E1,-3.996838531E0,-2.162253571E0,1.383004028E1
4.803342825E1,-5.607189789E0,-2.588716736E0,1.294373337E1
4.805359325E1,-4.395609283E0,-2.709365845E0,1.424303146E1
4.807375825E1,1.800755310E-1,-1.306632843E0,1.532498154E1
4.809392225E1,2.261796570E0,8.399034119E-1,1.264884659E1
4.811408725E1,1.027463379E0,2.515668640E0,1.166718796E1
4.813425225E1,-6.239025879E-1,3.157234497E0,1.077264816E1
4.815441725E1,3.802093506E-2,3.419938202E0,1.123039627E1
4.817458225E1,1.259480896E0,3.168760529E0,9.192384338E0
4.819474725E1,3.918850708E-1,3.348386993E0,7.675588531E0
4.821491225E1,-7.807763672E-1,2.513423309E0,8.044571228E0
4.823507725E1,-9.120533752E-1,1.456171875E0,8.410709839E0
4.825524125E1,5.911207581E-1,9.255253601E-1,7.832911377E0
4.827540625E1,2.643652496E0,3.987707520E-1,6.730903015E0
4.829557125E1,3.788920898E0,1.600172424E-1,7.698191528E0
4.831573625E1,3.353775787E0,-3.094065857E-1,1.053075119E1
4.833590125E1,3.626209259E0,1.197509766E-2,1.003019211E1
4.835606625E1,4.564009094E0,1.659449158E0,7.413184204E0
4.837623125E1,4.068838806E0,2.554887085E0,7.872728577E0
4.839639625E1,2.206262054E0,2.042203217E0,1.159653488E1
4.841656025E1,1.782792664E-1,9.036708069E-1,1.519160889E1
4.843672525E1,-5.083428955E-1,1.308279419E-1,1.534279449E1
4.845689025E1,-1.284179535E0,-3.839515686E-1,1.590861786E1
4.847705525E1,-2.276915131E0,-2.408491516E-1,1.452788910E1
4.849722025E1,-3.497027893E0,-6.634204102E-1,1.518277725E1
4.851738525E1,-3.044219513E0,-1.065334625E0,1.477038483E1
4.853755025E1,-3.288212128E0,-5.432203674E-1,1.207254501E1
4.855771525E1,-3.584595795E0,-3.411405945E-1,9.511371002E0
4.857787925E1,-3.326532440E0,-1.516346741E-1,8.782686310E0
4.859804425E1,-3.061134338E0,-8.786727905E-2,7.861950989E0
4.861820925E1,-2.579735413E0,1.398092651E-1,7.229067078E0
4.863837425E1,-1.702858887E0,5.216651917E-1,6.660249939E0
4.865853925E1,-1.641336823E0,6.463558960E-1,6.831493835E0
4.867870425E1,-1.918859711E0,7.705975342E-1,6.616241455E0
4.869886925E1,-1.824705505E0,1.156944122E0,5.457650757E0
4.871903425E1,-1.794618073E0,1.662742310E0,4.802463226E0
4.873919925E1,-1.928589478E0,1.728305969E0,5.920338593E0
4.875936362E1,-1.408720551E0,1.473685455E0,7.989036713E0
4.877952863E1,-8.701405334E-1,1.711540833E0,8.136031036E0
4.879969363E1,-1.468745728E0,2.054178314E0,6.882238312E0
4.881985863E1,-2.708467712E0,1.666634216E0,6.974296875E0
4.884002363E1,-2.774330750E0,2.213297424E0,9.766889648E0
4.886018862E1,-2.573897552E0,2.940485229E0,9.156758423E0
4.888035363E1,-1.642384644E0,3.412304077E0,8.405171356E0
4.890051863E1,1.839674377E-1,1.915566559E0,1.054227722E1
4.892068363E1,1.672921143E0,1.608255615E0,1.298100586E1
4.894084762E1,1.270258484E0,1.829944611E0,1.310285248E1
4.896101263E1,-5.840853882E-1,1.901495819E0,1.273791138E1
4.898117763E1,-2.613565063E-1,2.392624512E0,1.332933151E1
4.900134263E1,9.904902649E-1,2.772235107E0,1.287652313E1
4.902150763E1,-1.408570862E-1,2.562970276E0,1.101185074E1
4.904167262E1,-1.944456482E-1,1.774709473E0,1.000923569E1
4.906183763E1,1.917213135E0,1.012943573E0,1.044602737E1
4.908200263E1,3.141367493E0,6.291416931E-1,1.176987442E1
4.910216763E1,2.663261719E0,7.967930603E-1,1.063927551E1
4.912233162E1,1.846859436E0,1.522034912E0,8.768316193E0
4.914249663E1,6.792874146E-1,2.094145203E0,9.133107605E0
4.916266163E1,-2.215393066E-2,2.036664734E0,9.004824371E0
4.918282663E1,1.101708984E-1,2.368674316E0,7.887547760E0
4.920299163E1,4.340972900E-3,2.371817780E0,7.890990601E0
4.922315662E1,-4.737648010E-1,2.526595917E0,7.205565948E0
4.924332163E1,-6.376739502E-1,2.989433441E0,6.066135406E0
4.926348663E1,-5.501060486E-1,2.776875458E0,6.077511749E0
4.928365163E1,-6.339317322E-1,2.043101349E0,6.618935852E0
4.930381663E1,-8.211923218E-1,9.253756714E-1,9.275311890E0
4.932398063E1,-8.114625549E-1,3.691323853E-1,1.026655060E1
4.934414563E1,-2.848576355E-1,1.081351318E0,1.042267593E1
4.936431063E1,3.570075989E-1,2.785108337E0,8.662785645E0
4.938447563E1,1.064885559E0,4.197720795E0,9.551786957E0
4.940464062E1,1.420545959E-1,5.030888214E0,1.064256866E1
4.942480562E1,-1.890119476E0,5.000950470E0,1.048779053E1
4.944497063E1,-2.183359680E0,3.658392334E0,1.004695724E1
4.946513563E1,-1.003962250E0,2.418520660E0,1.187435715E1
4.948530063E1,1.150357819E0,2.766397247E0,1.233420090E1
4.950546562E1,1.688937836E0,3.246598663E0,1.185624481E1
4.952563062E1,1.984872437E-1,3.287763062E0,1.176553345E1
4.954579463E1,-7.903564453E-2,2.779420166E0,1.047282166E1
4.956595963E1,-3.897894287E-1,1.730401611E0,8.719517670E0
4.958612462E1,3.981719971E-2,5.927673340E-1,8.473279724E0
4.960628962E1,-2.519261169E-1,-1.468446350E-1,1.171868088E1
4.962645463E1,-4.123924255E-1,5.825885010E-1,1.435784271E1
4.964661963E1,-1.907333679E0,6.405180359E-1,1.272713379E1
4.966678463E1,-1.899400177E0,-1.011895752E0,6.523434448E0
4.968694963E1,9.680369568E-1,5.508544922E-2,1.833686829E-1
4.970711462E1,-2.028731232E0,-1.409169617E0,4.546944580E0
4.972727963E1,-2.149230652E0,-1.327738953E0,1.106094864E1
4.974744463E1,-2.024090881E0,-1.534908142E0,1.288789948E1
4.976760971E1,-1.648372192E0,-5.583389282E-2,8.480614471E0
4.978777371E1,1.475930786E-1,1.882335663E0,6.791976013E0
4.980793871E1,7.972421265E-1,4.114942932E-1,9.666747894E0
4.982810371E1,5.209167480E-2,-2.078128510E0,1.278401550E1
4.984826871E1,-5.946833496E0,-6.902146912E-1,1.578497498E1
4.986843371E1,-2.856509857E0,5.974226532E0,1.292382477E1
4.988859871E1,-1.197509766E0,3.476819916E0,1.065634003E1
4.990876371E1,1.374741211E0,3.137325897E0,1.311333069E1
4.992892871E1,-2.514770508E-1,7.896080017E-1,1.145942001E1
4.994909371E1,-1.449735260E0,-7.933502197E-3,8.662037201E0
4.996925871E1,-1.248553619E0,-2.221380615E-1,7.897127838E0
4.998942371E1,1.832938385E0,-5.960604858E-1,1.164712967E1
5.000958871E1,3.505410461E0,-6.795867920E-1,1.261741196E1
5.002975271E1,3.021915894E0,-1.886077881E-1,1.008437943E1
5.004991771E1,1.681453400E0,-1.621128845E-1,1.077579163E1
5.007008271E1,1.162781982E0,-8.487350464E-2,1.151525391E1
5.009024771E1,7.378157043E-1,4.451742554E-1,9.746232605E0
5.011041271E1,1.535806274E-1,1.012045441E0,8.229885864E0
5.013057771E1,-4.640350342E-3,1.196611633E0,9.433832245E0
5.015074271E1,3.625460815E-1,1.150208130E0,1.120524857E1
5.017090771E1,1.743873596E-1,9.077124023E-1,1.076157120E1
5.019107271E1,-6.770420837E-1,1.141825562E0,8.654702454E0
5.021123771E1,-1.986369324E-1,1.245709534E0,8.683891754E0
5.023140271E1,9.671388245E-1,1.575473785E0,1.017524048E1
5.025156771E1,1.884580994E-1,1.018931122E0,1.128368546E1
5.027173271E1,-1.720821533E0,1.545386353E0,9.504335632E0
5.029189771E1,-2.768941956E0,1.756896515E0,9.681267700E0
5.031206171E1,-1.967059479E0,1.076860657E0,1.004486160E1
5.033222671E1,-5.884263611E-1,3.510200500E-1,8.903335419E0
5.035239171E1,3.064128113E-1,4.845423889E-1,6.364315338E0
5.037255671E1,5.680686951E-1,3.427871704E-2,8.192763062E0
5.039272171E1,1.739382935E0,-6.032455444E-2,1.329355591E1
5.041288671E1,4.471202087E-1,-3.326083374E-1,1.445064972E1
5.043305171E1,-1.030756531E0,1.107696533E-2,1.166419418E1
5.045321671E1,-2.067201233E0,3.722758484E-1,9.081914063E0
5.047338171E1,-2.120939484E0,2.386038208E-1,8.978778534E0
5.049354671E1,-1.760788422E0,-5.059478760E-2,9.765243073E0
5.051371171E1,-1.101858673E0,-4.490661621E-3,1.095302307E1
5.053387671E1,-9.222322083E-1,2.803669739E-1,1.033226395E1
5.055404171E1,-1.152453461E0,5.725593567E-1,8.650211792E0
5.057420671E1,-1.514550476E0,6.364764404E-1,6.789880371E0
5.059437071E1,-1.210532684E0,6.177653503E-1,7.074887695E0
5.061453571E1,-7.542814636E-1,4.098477173E-1,8.694819031E0
5.063470071E1,-2.378553772E-1,7.682025146E-1,8.682993622E0
5.065486571E1,1.496887207E-1,1.528621216E0,7.925119629E0
5.067503071E1,-1.374142456E-1,2.133513336E0,6.578819275E0
5.069519571E1,-1.250948639E0,2.401755524E0,6.385870514E0
5.071536071E1,-9.397457886E-1,2.467468872E0,6.704857178E0
5.073552571E1,-5.209167480E-1,2.100132751E0,9.274264069E0
5.075569071E1,1.124162292E-1,2.158810730E0,1.020817200E1
5.077585600E1,-2.320175171E-1,2.560575256E0,9.877060547E0
5.079602100E1,-7.390132141E-1,2.792443085E0,9.539362793E0
5.081618600E1,-4.909790039E-2,2.612068176E0,1.032388138E1
5.083635100E1,1.191971283E0,2.252964935E0,1.135987701E1
5.085651600E1,2.627785492E0,2.434836731E0,1.118384308E1
5.087668100E1,2.765199738E0,2.296823730E0,1.088805817E1
5.089684600E1,1.713337097E0,1.941762085E0,1.177930481E1
5.091701000E1,7.316784668E-1,1.257235565E0,1.313054489E1
5.093717500E1,8.881031799E-1,8.300239563E-1,1.381477203E1
5.095734000E1,1.296154633E0,8.927435303E-1,1.275707153E1
5.097750500E1,8.969348145E-1,1.048719177E0,1.155417297E1
5.099767000E1,1.375639343E-1,9.855505371E-1,1.052611084E1
5.101783500E1,-8.348139954E-1,9.367520142E-1,9.736951904E0
5.103800000E1,-1.084494781E0,8.909472656E-1,9.770482178E0
5.105816500E1,-1.382824402E0,7.688012695E-1,9.554032288E0
5.107833000E1,-1.427880707E0,6.897656250E-1,9.715546417E0
5.109849500E1,-1.196012878E0,8.671467590E-1,9.012907562E0
5.111866000E1,-1.185235291E0,1.158740387E0,7.959548035E0
5.113882500E1,-1.011596375E0,1.405876465E0,6.962920532E0
5.115899000E1,-9.259744263E-1,1.462907867E0,6.583309937E0
5.117915500E1,-4.270619202E-1,1.340761871E0,7.985294495E0
5.119932000E1,-2.826123047E-1,1.375938721E0,8.489296417E0
5.121948500E1,-5.647755432E-1,1.804198151E0,7.745044098E0
5.123965000E1,-1.036444702E0,1.944606171E0,7.557035065E0
5.125981400E1,-6.249504089E-1,2.063009949E0,7.710016937E0
5.127997900E1,1.390608215E-1,1.929337921E0,8.281378784E0
5.130014400E1,5.093907166E-1,1.959575043E0,9.278305664E0
5.132030900E1,3.345542908E-1,2.067500610E0,1.002884491E1
5.134047400E1,1.839674377E-1,2.344574432E0,9.622140656E0
5.136063900E1,-1.639091492E-1,2.449206848E0,9.123677216E0
5.138080400E1,1.483415222E-1,2.567161560E0,9.665251007E0
5.140096900E1,2.160008240E-1,2.450254669E0,1.001073257E1
5.142113400E1,2.137554932E-1,2.115401001E0,1.086350922E1
5.144129900E1,3.493734741E-1,2.024240570E0,1.108714417E1
5.146146400E1,5.643264771E-2,2.112856293E0,1.054512131E1
5.148162900E1,-1.360670471E-1,2.674039307E0,1.097787140E1
5.150179400E1,-1.075064392E0,2.095941467E0,1.075663147E1
5.152195900E1,-1.911974030E0,3.944297791E-1,1.248344055E1
5.154212400E1,-2.327060852E0,-1.135239258E0,1.529908539E1
5.156228900E1,-1.752854919E0,-9.364526367E-1,1.480122070E1
5.158245400E1,-1.790576477E0,-4.366419983E-1,1.181597855E1
5.160261900E1,-3.370540924E0,-1.329235840E-1,9.903106384E0
5.162278300E1,-4.183500366E0,-4.248165894E-1,9.148675232E0
5.164294800E1,-4.080664215E0,-8.572673035E-1,8.397237854E0
5.166311300E1,-3.121608582E0,-9.321116638E-1,7.817044373E0
5.168327800E1,-2.034269714E0,-7.099736023E-1,7.962242432E0
5.170344300E1,-1.419498138E0,-4.772076416E-1,8.409212952E0
5.172360800E1,-9.942324829E-1,-5.089416504E-3,8.208031311E0
5.174377300E1,-8.669970703E-1,5.831872559E-1,7.331753540E0
5.176393808E1,-1.035546570E0,1.155147858E0,6.664740601E0
5.178410308E1,-1.262774048E0,1.395248566E0,6.829098816E0
5.180426808E1,-8.003855896E-1,1.552122345E0,7.486531677E0
5.182443308E1,-9.758207703E-1,1.755848694E0,8.430917816E0
5.184459808E1,-1.221010895E0,1.766626282E0,9.231602783E0
5.186476308E1,-9.660910034E-1,1.630708923E0,9.507329407E0
5.188492808E1,-5.553451538E-1,1.755998383E0,9.538764038E0
5.190509308E1,-3.718267822E-1,1.929936676E0,9.222172394E0
5.192525808E1,-2.734812927E-1,2.018851776E0,9.088949432E0
5.194542308E1,1.067280579E-1,2.069446564E0,9.411977692E0
5.196558808E1,2.124082947E-1,2.358345795E0,9.258247375E0
5.198575308E1,1.160087585E-1,2.572999420E0,9.108408966E0
5.200591808E1,4.117936707E-1,2.612816620E0,9.324559479E0
5.202608308E1,1.096320190E0,2.758314056E0,9.406289520E0
5.204624708E1,1.539698181E0,2.574346619E0,1.029873367E1
5.206641208E1,1.955982513E0,2.593955841E0,1.079959213E1
5.208657708E1,1.757944336E0,2.865491180E0,1.089688980E1
5.210674208E1,8.138575745E-1,2.147434387E0,1.237521561E1
5.212690708E1,8.521778870E-1,1.054107971E0,1.527378799E1
5.214707208E1,1.013542328E0,1.092727661E-2,1.614557510E1
5.216723708E1,6.227050781E-1,-8.382568359E-2,1.516571274E1
5.218740208E1,-6.885681152E-2,2.127076721E-1,1.303459442E1
5.220756708E1,-6.107299805E-1,9.009764099E-1,1.121153549E1
5.222773208E1,-3.132984924E-1,1.240620117E0,1.104882385E1
5.224789708E1,1.169068909E-1,1.053359528E0,1.157333313E1
5.226806208E1,3.951782227E-2,8.927435303E-1,1.160746216E1
5.228822708E1,-5.798941040E-1,6.688092041E-1,1.111453720E1
5.230839208E1,-8.831634521E-1,7.128176880E-1,1.031983978E1
5.232855708E1,-9.298663330E-1,8.393046570E-1,9.710906067E0
5.234872208E1,-8.249345398E-1,6.087840271E-1,1.009530670E1
5.236888708E1,-8.071215820E-1,2.171983337E-1,1.016191818E1
5.238905208E1,-6.869215393E-1,1.663041687E-1,9.879455566E0
5.240921708E1,-7.659571838E-1,1.246907043E-1,9.037157135E0
5.242938208E1,-8.653504944E-1,2.263293457E-1,7.761958923E0
5.244954708E1,-4.758604431E-1,3.835025024E-1,6.274502106E0
5.246971208E1,1.392105103E-2,5.243595886E-1,5.712121582E0
5.248987708E1,1.175056458E-1,4.074526978E-1,6.042634277E0
5.251004108E1,-1.707948303E-1,2.490820312E-1,6.491401062E0
5.253020608E1,-3.034190369E-1,2.083666992E-1,6.337371368E0
5.255037108E1,-1.812730408E-1,2.758763123E-1,5.624703369E0
5.257053608E1,-1.233435059E-1,4.228706360E-1,4.808301086E0
5.259070108E1,-2.559677124E-2,4.671784973E-1,4.585713959E0
5.261086608E1,1.956431580E-1,3.909869385E-1,5.440885620E0
5.263103108E1,2.794688416E-1,3.007246399E-1,6.018983459E0
5.265119608E1,3.245251465E-1,4.532574463E-1,5.634433136E0
5.267136108E1,1.850152588E-1,7.876620483E-1,4.947511597E0
5.269152608E1,-2.348616028E-1,9.960287476E-1,4.502636719E0
5.271169108E1,-4.502636719E-1,1.151106262E0,4.505780182E0
5.273185608E1,-1.917512512E-1,1.203497314E0,5.078040161E0
5.275202108E1,-2.739303589E-1,1.224753113E0,5.204078064E0
5.277218558E1,-8.556207275E-1,1.366358643E0,5.594615936E0
5.279235058E1,-1.389560394E0,1.775308228E0,8.022417297E0
5.281251558E1,-1.833088074E0,1.633852386E0,1.131122818E1
5.283268058E1,-1.483415222E0,2.308948517E0,1.186702240E1
5.285284558E1,-1.106798401E0,3.772155762E0,1.206685684E1
5.287301058E1,-2.436632996E0,3.663781128E0,1.277772858E1
5.289317558E1,-3.876638489E0,1.468745728E0,1.442490326E1
5.291334058E1,-2.477348328E0,-7.274871826E-1,1.733006195E1
5.293350558E1,6.978488159E-1,-3.830534363E-1,1.819436462E1
5.295367058E1,2.059567108E0,1.082698517E0,1.663490753E1
5.297383558E1,1.654958496E0,1.816622314E0,1.446067886E1
5.299400058E1,4.463717651E-1,1.655108185E0,1.201251984E1
5.301416558E1,3.038681030E-1,1.723815308E0,1.023616379E1
5.303433058E1,1.066532135E0,1.941313019E0,8.722361755E0
5.305449458E1,1.994602203E0,2.735561371E0,7.643704834E0
5.307465958E1,2.284249878E0,2.987936554E0,6.331084442E0
5.309482458E1,2.117346954E0,2.189945984E0,8.291557617E0
5.311498958E1,2.439926147E0,1.773811340E0,9.320517883E0
5.313515458E1,3.145409088E0,1.672023010E0,8.849148102E0
5.315531958E1,3.518732758E0,1.888622589E0,8.628806305E0
5.317548458E1,3.448977814E0,1.773362274E0,9.694440308E0
5.319564958E1,3.063080292E0,1.333576813E0,1.082459015E1
5.321581458E1,2.605032806E0,7.894583130E-1,1.257505005E1
5.323597958E1,1.857187958E0,2.484832764E-1,1.372915009E1
5.325614458E1,1.601968689E0,6.203100586E-1,1.383468063E1
5.327630958E1,1.384321289E0,1.284329224E0,1.413540527E1
5.329647458E1,1.251996460E0,1.423839111E0,1.482023117E1
5.331663958E1,9.434880066E-1,9.129515076E-1,1.570324493E1
5.333680458E1,-6.899153137E-1,-8.256829834E-1,1.835842346E1
5.335696958E1,-2.742147675E0,-2.780318298E0,1.855810822E1
5.337713458E1,-2.889591064E0,-2.520608368E0,1.457623856E1
5.339729958E1,-1.669478302E0,-9.731263733E-1,9.964329071E0
5.341746458E1,-1.487007751E0,1.416055298E-1,6.717880096E0
5.343762958E1,-1.914818115E0,1.092727661E-1,5.839506683E0
5.345779458E1,-2.032772827E0,-6.706054688E-1,7.445966034E0
5.347795958E1,-1.325044556E0,-9.222322083E-1,9.078770599E0
5.349812458E1,-9.586065674E-1,-8.235873413E-1,7.968229980E0
5.351828958E1,-9.044192505E-1,-3.267704773E-1,5.999074860E0
5.353845458E1,-7.556286621E-1,1.889071655E-1,4.389472046E0
5.355861958E1,-7.475454712E-1,4.593946838E-1,3.657194824E0
5.357878458E1,-1.003064117E0,7.789801025E-1,3.640279999E0
5.359894958E1,-1.298549652E0,8.957373047E-1,3.883224792E0
5.361911458E1,-1.267115021E0,6.813830566E-1,4.741988983E0
5.363927958E1,-1.163829803E0,5.436694336E-1,5.082081757E0
5.365944458E1,-1.147513733E0,6.842271423E-1,4.578528900E0
5.367960958E1,-1.264420624E0,9.416917419E-1,4.006418610E0
5.369977458E1,-1.031355286E0,1.035396881E0,4.691094818E0
5.371993858E1,-4.297563171E-1,9.523196411E-1,6.321354675E0
5.374010358E1,2.366578674E-1,1.783840485E0,7.759563904E0
5.376026858E1,6.915618896E-2,2.838098145E0,8.245453491E0
5.378043333E1,-6.475534058E-1,3.963607635E0,8.119415588E0
5.380059833E1,-7.255412292E-1,4.577181702E0,9.819280701E0
5.382076333E1,-9.029223633E-1,3.101849670E0,1.284434006E1
5.384092833E1,-1.486558685E0,1.602866821E0,1.489402771E1
5.386109333E1,-7.806266785E-1,1.767823792E-1,1.841051514E1
5.388125833E1,3.701802063E-1,1.210981750E-1,1.880584305E1
5.390142333E1,2.459385681E-1,7.325765991E-1,1.669328613E1
5.392158833E1,-7.723937988E-1,8.565188599E-1,1.319386322E1
5.394175333E1,-1.209185486E0,3.662882996E-1,1.246218475E1
5.396191833E1,-4.167333984E-1,4.188290405E-1,1.040755737E1
5.398208333E1,-2.679428101E-1,4.370910645E-2,1.216565140E1
5.400224833E1,-7.282356262E-1,4.287084961E-1,1.119147720E1
5.402241333E1,-1.218166809E0,6.930587769E-1,1.066816544E1
5.404257833E1,-5.194198608E-2,1.223256226E0,9.248517609E0
5.406274333E1,1.873504028E0,1.460662537E0,9.023984528E0
5.408290833E1,3.539838867E0,1.393152924E0,9.959539032E0
5.410307333E1,3.529210968E0,1.159189453E0,1.125629242E1
5.412323833E1,2.571502533E0,1.126407623E0,1.055994049E1
5.414340333E1,1.809437256E0,1.292412415E0,1.002001328E1
5.416356833E1,2.134860535E0,1.496587830E0,1.055679703E1
5.418373333E1,2.211800537E0,1.054856415E0,1.253942413E1
5.420389833E1,1.404379578E0,4.511618042E-1,1.397913025E1
5.422406333E1,3.900888062E-1,3.326083374E-1,1.323772202E1
5.424422833E1,-5.804928589E-1,2.351609802E-1,1.323517731E1
5.426439333E1,-1.452729034E0,-1.866618347E-1,1.436727310E1
5.428455833E1,-1.726509705E0,-9.857002258E-1,1.436233337E1
5.430472333E1,-1.858535156E0,-1.542691956E0,1.395113846E1
5.432488833E1,-2.153122559E0,-1.514849854E0,1.298220337E1
5.434505333E1,-2.464175720E0,-1.280137939E0,1.202299805E1
5.436521733E1,-2.207160187E0,-9.874964905E-1,1.133338211E1
5.438538233E1,-9.535171509E-1,-9.616003418E-1,1.122141495E1
5.440554733E1,-8.681945801E-2,-2.308200073E-1,1.046279251E1
5.442571233E1,-2.785707092E-1,4.535568237E-1,8.506660309E0
5.444587733E1,-4.400848389E-1,1.639241180E0,6.566993866E0
5.446604233E1,-7.439529419E-1,2.383643188E0,5.070705414E0
5.448620733E1,-4.040098572E-1,2.779569855E0,4.029770050E0
5.450637233E1,1.005908203E-1,2.725232849E0,4.254901886E0
5.452653733E1,3.213816833E-1,2.670147400E0,4.742737427E0
5.454670233E1,8.367599487E-2,2.493963776E0,4.576283569E0
5.456686733E1,-3.742218018E-2,2.482737122E0,4.368066559E0
5.458703233E1,4.535568237E-2,2.615511017E0,3.940555573E0
5.460719733E1,3.929328918E-1,2.758164368E0,3.901786194E0
5.462736233E1,7.717950439E-1,2.758763123E0,4.840334473E0
5.464752733E1,7.243437195E-1,2.708018646E0,5.663323059E0
5.466769233E1,3.966751099E-2,2.726430359E0,5.838009796E0
5.468785733E1,-1.011746063E0,2.861299896E0,5.237009583E0
5.470802233E1,-1.318757629E0,3.107238464E0,4.464316406E0
5.472818733E1,-1.028660889E0,2.840193787E0,4.757107544E0
5.474835233E1,-7.089257812E-1,2.218686218E0,7.191345520E0
5.476851746E1,-9.132508850E-1,1.008452911E0,8.809779968E0
5.478868246E1,-5.294490051E-1,1.546733551E0,9.931547241E0
5.480884746E1,2.475851440E-1,2.292632446E0,9.119485931E0
5.482901246E1,9.809101868E-1,3.194506989E0,9.448202362E0
5.484917746E1,1.243613892E0,4.324507141E0,1.083312241E1
5.486934246E1,5.439688110E-1,4.137545929E0,1.296498917E1
5.488950746E1,-2.109114075E-1,3.171305237E0,1.372915009E1
5.490967246E1,-4.543052673E-1,1.685345306E0,1.632520157E1
5.492983746E1,-3.957769775E-1,7.357200623E-1,1.629646133E1
5.495000246E1,-8.268804932E-1,4.071533203E-1,1.555520279E1
5.497016646E1,-1.425485687E0,9.815089417E-1,1.394994095E1
5.499033146E1,-2.289039917E0,5.307962036E-1,1.476215195E1
5.501049646E1,-1.872755585E0,4.516108704E-1,1.622491013E1
5.503066146E1,-1.418749695E0,1.361867981E0,1.338965607E1
5.505082646E1,-1.606159973E0,1.765728149E0,1.109582611E1
5.507099146E1,-9.530680847E-1,2.184557190E0,9.152118073E0
5.509115646E1,2.582130432E-1,2.060315552E0,8.554710388E0
5.511132146E1,1.666185150E0,1.974843292E0,7.675289154E0
5.513148646E1,2.021695862E0,2.060165863E0,6.468348999E0
5.515165146E1,1.742376709E0,2.093396759E0,5.754633179E0
5.517181646E1,2.069895630E0,2.124082947E0,5.699248352E0
5.519198146E1,3.098406830E0,1.910327454E0,7.691754913E0
5.521214646E1,3.568728790E0,1.573527832E0,8.637637939E0
5.523231146E1,3.137026520E0,1.577419739E0,8.720864868E0
5.525247646E1,1.755399628E0,1.633852386E0,9.733359375E0
5.527264146E1,3.201841736E-1,1.148411865E0,1.178140045E1
5.529280646E1,-4.692741394E-1,7.122189331E-1,1.294133835E1
5.531297146E1,-7.385641479E-1,8.289761353E-1,1.270572830E1
5.533313646E1,-1.447938995E0,4.987628174E-1,1.395802414E1
5.535330146E1,-2.142344971E0,-9.806108093E-1,1.654165146E1
5.537346646E1,-1.741777954E0,-1.451830902E0,1.677022614E1
5.539363146E1,-9.613009644E-1,-6.066883850E-1,1.391132126E1
5.541379646E1,-9.129515076E-1,4.144880676E-1,1.103145996E1
5.543396146E1,-1.196162567E0,9.298663330E-1,9.284143524E0
5.545412646E1,-1.667083282E0,1.315165100E0,8.028853912E0
5.547429146E1,-1.938618622E0,1.308728485E0,7.045698395E0
5.549445646E1,-1.448687439E0,1.388213196E0,6.123915253E0
5.551462146E1,-7.797285461E-1,1.256487122E0,5.282964020E0
5.553478646E1,-5.155279541E-1,1.172511749E0,5.145549774E0
5.555495146E1,-6.363267517E-1,1.113235016E0,5.391188965E0
5.557511646E1,-8.910969543E-1,1.205742645E0,5.022056580E0
5.559528146E1,-8.655001831E-1,1.332528992E0,4.543352051E0
5.561544646E1,-4.679269409E-1,1.388512573E0,4.537663879E0
5.563561146E1,2.550695801E-1,1.379531250E0,4.629123688E0
5.565577546E1,5.313949585E-1,1.471589813E0,3.901337128E0
5.567594046E1,5.071453857E-1,1.431772614E0,3.499273224E0
5.569610546E1,7.222480774E-1,1.305585022E0,5.398823090E0
5.571627046E1,1.046174469E0,1.901046753E0,6.146667938E0
5.573643546E1,5.484594727E-1,2.390379181E0,6.959328003E0
5.575660046E1,-1.059197388E0,2.625540161E0,8.817114716E0
5.577676571E1,-1.754501495E0,2.214944000E0,1.294897247E1
5.579693071E1,-2.086062012E0,1.391805725E0,1.579874634E1
5.581709571E1,-1.958078156E0,7.424560547E-1,1.681393524E1
5.583726071E1,-2.308499451E0,-7.878117371E-1,1.830243988E1
5.585742571E1,-1.481020203E0,-9.532177734E-1,1.905282944E1
5.587759071E1,-1.826202393E-1,2.794688416E-1,1.697874252E1
5.589775571E1,-2.357597351E-1,5.324427795E-1,1.514655258E1
5.591792071E1,2.206411743E-1,6.396199036E-1,1.377570328E1
5.593808571E1,1.198707275E0,1.049317932E0,1.086365891E1
5.595825071E1,2.152673492E0,1.634600830E0,9.182654572E0
5.597841571E1,2.443069611E0,2.025138702E0,8.425529022E0
5.599858071E1,1.955683136E0,1.747615814E0,8.260272675E0
5.601874571E1,1.680106201E0,1.653162231E0,7.979756012E0
5.603891071E1,1.722468109E0,1.891616364E0,7.570806427E0
5.605907571E1,1.838925934E0,1.886526947E0,7.204817505E0
5.607924071E1,1.903890839E0,1.842368774E0,7.120842133E0
5.609940571E1,1.848805389E0,1.782493286E0,7.204069061E0
5.611957071E1,1.786534882E0,1.866169281E0,8.894204407E0
5.613973571E1,1.612446899E0,1.701960754E0,1.111438751E1
5.615990071E1,1.810335388E0,1.247954865E0,1.315329758E1
5.618006571E1,1.555864563E0,9.117539978E-1,1.541943512E1
5.620023071E1,4.837939453E-1,-9.205856323E-2,1.650048706E1
5.622039571E1,2.025288391E-1,-9.583071899E-1,1.644854507E1
5.624056071E1,7.035369873E-3,-1.708097992E0,1.825947922E1
5.626072571E1,-1.251397705E0,-3.593726807E0,1.984782623E1
5.628089071E1,-1.775607605E0,-3.796704712E0,1.822744583E1
5.630105571E1,-1.853146362E0,-2.680775299E0,1.379680939E1
5.632122071E1,-2.076332245E0,-1.405577087E0,9.823471985E0
5.634138571E1,-3.023263092E0,-7.099736023E-1,7.604935455E0
5.636155071E1,-3.354374542E0,-5.786965942E-1,6.796017609E0
5.638171571E1,-2.588117981E0,-3.556604004E-1,6.446195068E0
5.640188071E1,-1.609902191E0,1.631607056E-2,4.819378052E0
5.642204571E1,-8.141569519E-1,6.565347290E-1,3.339106293E0
5.644221071E1,-6.860234070E-1,9.105564880E-1,2.728226624E0
5.646237571E1,-8.785231018E-1,9.650431824E-1,2.453398132E0
5.648254071E1,-9.349557495E-1,8.849597168E-1,2.737357635E0
5.650270571E1,-9.949809265E-1,7.614665222E-1,3.357518005E0
5.652287071E1,-1.031954041E0,7.188052368E-1,4.155508575E0
5.654303571E1,-8.533753967E-1,6.411167908E-1,4.656067657E0
5.656320071E1,-1.292113037E0,5.239105225E-1,5.776787109E0
5.658336571E1,-1.409768372E0,2.115101624E-1,7.519762573E0
5.660353071E1,-1.310524750E0,1.347198486E-2,8.821455688E0
5.662369571E1,-7.508386230E-1,5.998027039E-1,8.923842773E0
5.664386071E1,-3.061134338E-1,2.122136993E0,7.281458130E0
5.666402571E1,-7.083270264E-1,3.328777771E0,6.629713440E0
5.668418971E1,-1.310674438E0,3.728895721E0,8.525670776E0
5.670435571E1,-7.743397522E-1,3.091970215E0,1.066921326E1
5.672452071E1,9.340576172E-1,3.338956604E0,1.283895126E1
5.674468471E1,1.386865997E0,4.259691925E0,1.181702637E1
5.676484908E1,-2.457888794E-1,2.686313782E0,1.613000748E1
5.678501508E1,-4.632865906E-1,9.927355957E-1,1.942959595E1
5.680517908E1,1.243763580E0,9.821076965E-1,1.746418304E1
5.682534508E1,2.076781311E0,1.966760101E0,1.432236649E1
5.684550908E1,1.013692017E0,3.040776672E0,1.157812317E1
5.686567408E1,-6.665638733E-1,3.023113403E0,1.081066910E1
5.688584008E1,-3.353027344E-1,2.965782623E0,1.121692429E1
5.690600408E1,9.848020935E-1,2.476300507E0,1.022014709E1
5.692616908E1,2.042203217E0,2.581531677E0,9.031019897E0
5.694633408E1,2.429298248E0,3.145858154E0,8.219856720E0
5.696650008E1,1.260678406E0,3.051105194E0,7.813751221E0
5.698666508E1,5.821394348E-1,2.715652771E0,8.445287933E0
5.700683008E1,1.554068298E0,2.583178253E0,9.824968872E0
5.702699508E1,1.641187134E0,2.146985321E0,1.084809128E1
5.704716008E1,8.159532166E-1,2.039957886E0,1.173364975E1
5.706732508E1,5.029541016E-2,1.850152588E0,1.257789413E1
5.708749008E1,-3.873944092E-1,2.043700104E0,1.274674301E1
5.710765508E1,-4.143383789E-1,1.980681152E0,1.366298767E1
5.712782008E1,-3.454815674E-1,1.121467896E0,1.561552734E1
5.714798508E1,-1.697470093E-1,2.686912537E-1,1.733350479E1
5.716815008E1,-3.038681030E-1,-8.876541138E-2,1.741373795E1
5.718831508E1,-8.593629456E-1,-2.025288391E-1,1.628882721E1
5.720848008E1,-1.456321564E0,-2.125579834E-1,1.440589279E1
5.722864508E1,-1.435514832E0,3.936813354E-1,1.172990753E1
5.724881008E1,-1.184786224E0,1.015039215E0,8.886270905E0
5.726897508E1,-1.014290771E0,1.539398804E0,7.466922455E0
5.728914008E1,-1.087787933E0,1.863624573E0,6.393804016E0
5.730930508E1,-9.960287476E-1,1.879341888E0,5.860163727E0
5.732947008E1,-6.086343384E-1,1.642684021E0,5.607040100E0
5.734963508E1,1.860630798E-1,1.519639893E0,5.040767670E0
5.736980008E1,6.917115784E-1,1.382075958E0,4.490811310E0
5.738996508E1,8.550219727E-1,1.397044830E0,4.034111023E0
5.741013008E1,6.186634827E-1,1.418749695E0,3.603306885E0
5.743029508E1,4.580474854E-2,1.388961639E0,3.537743225E0
5.745046008E1,-1.204994202E-1,1.360071716E0,3.452420654E0
5.747062508E1,2.637515259E-1,1.384770355E0,3.429817657E0
5.749079008E1,4.201762390E-1,1.476379852E0,3.349135437E0
5.751095508E1,1.417552185E-1,1.471889191E0,3.107088776E0
5.753112008E1,-2.285746765E-1,1.257085876E0,3.770958252E0
5.755128508E1,-4.674778748E-1,8.628057861E-1,4.558769989E0
5.757145008E1,-6.182144165E-2,1.007405090E-1,6.920109558E0
5.759161508E1,7.884104919E-1,5.764512634E-1,8.565937042E0
5.761178008E1,9.951306152E-1,1.747765503E0,9.140891418E0
5.763194508E1,6.923103333E-1,4.050876160E0,9.968969421E0
5.765211008E1,-8.047265625E-1,5.698799286E0,1.099149307E1
5.767227508E1,-2.997666321E0,5.586532745E0,1.311108536E1
5.769244008E1,-5.343438263E0,3.361858978E0,1.548904037E1
5.771260508E1,-5.284311218E0,3.369493103E-1,1.768287827E1
5.773277008E1,-2.015109558E0,-3.486250305E-1,1.927362030E1
5.775293508E1,6.348298645E-1,1.048719177E0,1.804976532E1
5.777310062E1,5.647755432E-1,2.401007080E0,1.584455109E1
5.779326563E1,-4.944218445E-1,2.872077484E0,1.557451263E1
5.781343063E1,-8.707392883E-1,2.701282654E0,1.434362228E1
5.783359563E1,-1.377136230E-2,1.832339630E0,1.490016495E1
5.785376063E1,1.552870789E0,2.118993530E0,1.273521698E1
5.787392562E1,2.474803619E0,2.799478455E0,1.136122421E1
5.789409063E1,2.254312134E0,3.456312561E0,8.533304901E0
5.791425563E1,1.317260742E0,3.211870880E0,7.017706604E0
5.793442063E1,1.651365967E0,3.138523407E0,7.073390808E0
5.795458563E1,2.530038757E0,2.886447601E0,8.481512604E0
5.797475062E1,3.610342255E0,2.910397797E0,1.045680496E1
5.799491562E1,4.037404175E0,2.101779327E0,1.317185898E1
5.801508063E1,3.853736115E0,1.313069458E0,1.375893814E1
5.803524563E1,3.058739319E0,1.448837128E0,1.318832474E1
5.805541063E1,6.565347290E-1,5.526507568E-1,1.251652176E1
5.807557563E1,-1.230740662E0,-1.149309998E0,1.418929321E1
5.809574062E1,-7.741900635E-1,-3.187770996E0,1.695419357E1
5.811590563E1,5.584886169E-1,-3.156635742E0,1.514206192E1
5.813607063E1,9.131011963E-1,-1.970202942E0,1.194306427E1
5.815623563E1,-1.868115234E-1,-1.354084167E0,1.031340317E1
5.817640063E1,-1.238075409E0,-1.131347351E0,9.807604980E0
5.819656562E1,-1.465751953E0,-8.035290527E-1,9.246272278E0
5.821673063E1,-1.210682373E0,-2.510279846E-1,8.199499054E0
5.823689563E1,-1.201551361E0,2.165995789E-1,7.455995178E0
5.825706063E1,-1.396745453E0,5.746549988E-1,6.958130493E0
5.827722563E1,-1.670376434E0,7.655081177E-1,6.781797180E0
5.829739163E1,-1.520538025E0,1.056203613E0,6.527775421E0
5.831755662E1,-8.644523621E-1,1.210981750E0,6.464307404E0
5.833772162E1,-4.493655396E-1,1.351988525E0,6.869963837E0
5.835788663E1,-7.637118530E-1,1.406624908E0,6.842421112E0
5.837805163E1,-1.016386414E0,1.582359467E0,6.318061523E0
5.839821663E1,-1.172362061E0,1.844314728E0,6.098168793E0
5.841838163E1,-9.876461792E-1,2.093396759E0,6.173761597E0
5.843854662E1,-6.134243774E-1,2.280507660E0,6.853647766E0
5.845871163E1,-3.405418396E-1,2.282004547E0,7.527247009E0
5.847887663E1,6.960525513E-2,2.470013580E0,7.639812927E0
5.849904163E1,3.077600098E-1,2.585872650E0,8.215066681E0
5.851920663E1,6.773414612E-1,2.696193237E0,8.971294098E0
5.853937162E1,9.077124023E-1,2.986739044E0,9.171128540E0
5.855953663E1,1.450334015E0,3.420536957E0,1.040142014E1
5.857970163E1,2.435136108E0,4.571792908E0,9.532028046E0
5.859986663E1,2.287692719E0,5.013973389E0,9.638307037E0
5.862003163E1,4.026626587E-1,3.679797821E0,1.037282959E1
5.864019662E1,-6.548881531E-1,1.955982513E0,1.312141388E1
5.866036163E1,-3.007246399E-1,1.166524200E0,1.482142868E1
5.868052663E1,-7.337741089E-1,1.151405640E0,1.478535370E1
5.870069163E1,-2.634820862E0,8.969348145E-1,1.376866791E1
5.872085663E1,-3.904181213E0,2.368075562E-1,1.278401550E1
5.874102162E1,-4.288282471E0,-5.590873718E-1,1.119387222E1
5.876118662E1,-3.705095215E0,-1.263522491E0,1.002779709E1
5.878135163E1,-3.211421814E0,-1.614991608E0,9.486971741E0
5.880151663E1,-2.563868408E0,-1.703757019E0,9.552385712E0
5.882168163E1,-2.252665558E0,-1.413660278E0,8.815617828E0
5.884184663E1,-2.210453339E0,-6.450086975E-1,7.653733978E0
5.886201162E1,-2.039508820E0,1.332229614E-2,6.706803131E0
5.888217663E1,-1.593436432E0,5.587879944E-1,6.279591522E0
5.890234163E1,-1.088087311E0,1.133892059E0,6.259084167E0
5.892250663E1,-8.190966797E-1,1.267564087E0,6.493047638E0
5.894267163E1,-3.864962769E-1,1.129401398E0,7.042405243E0
5.896283662E1,1.953437805E-1,1.064436493E0,7.172784119E0
5.898300163E1,5.080435181E-1,1.267713776E0,6.720424805E0
5.900316663E1,5.613327026E-1,1.476230164E0,6.327940979E0
5.902333163E1,6.744973755E-1,1.675615540E0,7.138954468E0
5.904349663E1,1.019529877E0,1.765728149E0,8.437055054E0
5.906366162E1,1.100361786E0,2.502046967E0,8.393495636E0
5.908382663E1,5.746549988E-1,2.148781586E0,1.236683304E1
5.910399163E1,5.905220032E-1,2.454745331E0,1.231803452E1
5.912415663E1,8.771759033E-1,2.923570404E0,1.206760529E1
5.914432263E1,1.199006653E0,3.116519165E0,1.365490448E1
5.916448763E1,1.900597687E0,3.049608307E0,1.496303421E1
5.918465263E1,2.532433777E0,3.177741852E0,1.356763596E1
5.920481762E1,1.955533447E0,2.125579834E0,1.406969193E1
5.922498263E1,1.308728485E0,8.665480042E-1,1.455543182E1
5.924514763E1,1.763782196E0,3.626957703E-1,1.383198624E1
5.926531263E1,1.997446289E0,-1.293310547E-1,1.302950500E1
5.928547763E1,1.240171051E0,-5.007087708E-1,1.300001633E1
5.930564262E1,2.574645996E-2,-8.161029053E-1,1.261082565E1
5.932580763E1,-8.149053955E-1,-1.083596649E0,1.169278473E1
5.934597263E1,-1.150058441E0,-1.275946655E0,1.048329987E1
5.936613763E1,-1.167272644E0,-1.072819061E0,9.260343018E0
5.938630263E1,-1.094523926E0,-1.090632019E0,8.949888611E0
5.940646762E1,-9.291178894E-1,-8.307723999E-1,8.461304626E0
5.942663262E1,-1.059646454E0,-5.870791626E-1,7.297325134E0
5.944679763E1,-1.442101135E0,-1.766326904E-1,6.336622925E0
5.946696263E1,-1.399589539E0,1.821711731E-1,5.808820496E0
5.948712763E1,-1.330583038E0,5.983058167E-1,5.796695709E0
5.950729262E1,-9.265731812E-1,7.695497131E-1,6.334826660E0
5.952745762E1,-2.588117981E-1,7.267387390E-1,7.754175110E0
5.954762263E1,2.383044434E-1,8.575666809E-1,8.188571777E0
5.956778763E1,2.588117981E-1,1.199755096E0,8.023914185E0
5.958795263E1,-1.706451416E-1,1.344354401E0,8.308023376E0
5.960811763E1,-3.035687256E-1,1.171164551E0,9.589358826E0
5.962828262E1,1.302291870E-2,9.566606140E-1,1.043270508E1
5.964844763E1,3.924838257E-1,1.030606842E0,1.066217789E1
5.966861363E1,1.616638184E-1,1.107546844E0,1.059212357E1
5.968877863E1,4.969665527E-1,1.668879547E0,1.015398468E1
5.970894363E1,7.453001404E-1,2.077380066E0,9.391320648E0
5.972910863E1,2.433938599E-1,1.799108734E0,9.274264069E0
5.974927362E1,-8.173004150E-2,1.092877350E0,1.067190765E1
5.976943908E1,3.329077148E-1,3.957769775E-1,1.293220734E1
5.978960408E1,9.361532593E-1,5.191204834E-1,1.305884399E1
5.980976908E1,2.236349487E-1,1.090033264E0,1.145058838E1
5.982993408E1,-1.104253693E0,1.216520233E0,1.039498352E1
5.985009908E1,-1.933080139E0,1.282233582E0,9.837842102E0
5.987026408E1,-1.921404419E0,1.403331757E0,9.067993011E0
5.989042908E1,-1.850901031E0,1.449136505E0,8.757837982E0
5.991059408E1,-1.802701263E0,1.363065491E0,8.694519653E0
5.993075908E1,-1.453327789E0,1.311871948E0,8.984915771E0
5.995092408E1,-1.071471863E0,1.218915253E0,8.899144135E0
5.997108908E1,-1.010997620E0,1.329086151E0,8.532107391E0
5.999125408E1,-1.205443268E0,1.381028137E0,8.430319061E0
6.001141908E1,-1.211730194E0,1.454824677E0,8.466992798E0
6.003158408E1,-1.137933655E0,1.525477753E0,8.502469025E0
6.005175008E1,-9.952803040E-1,1.482816467E0,8.501121826E0
6.007191508E1,-8.235873413E-1,1.441652069E0,8.247399445E0
6.009208008E1,-6.782395935E-1,1.481768646E0,7.957751770E0
6.011224508E1,-6.348298645E-1,1.487307129E0,7.997568970E0
6.013241008E1,-7.367678833E-1,1.265468445E0,8.211623840E0
6.015257508E1,-6.884184265E-1,8.695417786E-1,8.341853027E0
6.017274008E1,-9.075627136E-1,4.722679138E-1,7.841144257E0
6.019290508E1,-1.348096619E0,3.213816833E-1,7.488926697E0
6.021307008E1,-1.581760712E0,4.251159668E-1,7.103178864E0
6.023323508E1,-1.579066315E0,4.373904419E-1,6.728507996E0
6.025340008E1,-1.484163666E0,4.141886902E-1,7.059020691E0
6.027356508E1,-9.538165283E-1,4.878355408E-1,7.528594208E0
6.029373008E1,-4.147874451E-1,9.300160217E-1,8.132588196E0
6.031389508E1,-7.050338745E-2,1.642534332E0,7.607629852E0
6.033406008E1,3.800596619E-1,2.425256653E0,6.856192474E0
6.035422508E1,7.170089722E-1,2.964136047E0,5.987548828E0
6.037439008E1,1.114582214E0,3.353476410E0,5.667065277E0
6.039455608E1,1.784888306E0,3.562142487E0,6.012247467E0
6.041472108E1,2.375110931E0,3.840264130E0,7.924670563E0
6.043488608E1,3.082090759E0,4.249513092E0,9.294472046E0
6.045505108E1,4.093687134E0,4.579576721E0,1.227402603E1
6.047521608E1,6.028563538E0,4.459825745E0,1.728919693E1
6.049538108E1,5.778733063E0,1.688039703E0,2.287617874E1
6.051554608E1,3.409160614E0,-2.179916840E0,2.851390503E1
6.053571108E1,1.311871948E0,-3.006647644E0,2.724783783E1
6.055587608E1,9.701325989E-1,-1.310524750E0,2.101689514E1
6.057604108E1,-3.791615295E-1,-3.255729675E-1,1.680854645E1
6.059620608E1,-1.752106476E0,-2.544708252E-2,1.505464371E1
6.061637108E1,-1.711989899E0,9.999206543E-2,1.274434799E1
6.063653608E1,-9.375004578E-1,2.415975952E-1,1.056832306E1
6.065670108E1,-7.445516968E-1,1.288819885E-1,9.238189087E0
6.067686608E1,-8.358618164E-1,4.011657715E-2,7.861501923E0
6.069703208E1,-1.114881592E0,-1.170565796E-1,6.462810516E0
6.071719708E1,-1.605860596E0,-1.324745178E-1,5.223387909E0
6.073736208E1,-1.518891449E0,-2.483335876E-1,4.076772308E0
6.075752708E1,-1.010099487E0,-2.981799316E-1,3.682342529E0
6.077769087E1,-8.816665649E-1,-3.745211792E-1,3.725602570E0
6.079785588E1,-9.439370728E-1,-5.272036743E-1,4.120481415E0
6.081802088E1,-1.033301239E0,-6.770420837E-1,4.156406708E0
6.083818588E1,-9.954299927E-1,-6.394702148E-1,3.711082764E0
6.085835088E1,-7.134164429E-1,-4.417314148E-1,2.887046356E0
6.087851587E1,-3.144960022E-1,-1.953437805E-1,2.157014465E0
6.089868088E1,-3.353027344E-2,8.771759033E-2,1.876497803E0
6.091884588E1,7.304809570E-2,1.490899658E-1,1.945354614E0
6.093901088E1,1.691482544E-1,2.046244812E-1,2.707120514E0
6.095917688E1,4.537065125E-1,1.225950623E-1,4.200265503E0
6.097934188E1,8.533753967E-1,5.556445312E-1,4.796625366E0
6.099950687E1,3.776646423E-1,1.288520508E0,4.535268860E0
6.101967187E1,-1.485211487E0,2.224823456E0,6.055657196E0
6.103983688E1,-2.967279510E0,2.577490082E0,6.725364532E0
6.106000188E1,-3.708388367E0,1.849254456E0,1.001462448E1
6.108016688E1,-3.325933685E0,2.348616028E-1,1.593601089E1
6.110033188E1,-2.688708801E0,-3.570075989E-1,1.931867661E1
6.112049687E1,-2.254611511E0,-2.540217590E-1,1.798001038E1
6.114066188E1,-2.266736298E0,-2.465373230E-1,1.689177338E1
6.116082688E1,-2.621648254E0,-5.897735596E-1,1.701631439E1
6.118099188E1,-3.007096710E0,-1.105750580E0,1.672397232E1
6.120115688E1,-3.587140503E0,-1.240919495E0,1.738409958E1
6.122132288E1,-2.486179962E0,6.518943787E-1,1.298370026E1
6.124148787E1,-2.444117432E0,2.634521484E-2,1.611728394E1
6.126165287E1,-8.898994446E-1,1.288071442E0,1.234408035E1
6.128181788E1,8.628057861E-1,1.892215118E0,1.050350784E1
6.130198288E1,2.830613708E0,2.441273346E0,9.548194427E0
6.132214788E1,3.860322418E0,2.328707428E0,9.356892242E0
6.134231288E1,3.907025299E0,2.382595367E0,9.693242798E0
6.136247787E1,3.569177856E0,1.980232086E0,1.025322830E1
6.138264288E1,3.848047943E0,1.886826324E0,1.006746460E1
6.140280788E1,4.047283630E0,1.875300293E0,9.599387970E0
6.142297288E1,3.723057861E0,1.473835144E0,9.583371277E0
6.144313788E1,2.685565338E0,6.180647278E-1,1.108744354E1
6.146330287E1,1.870510254E0,-2.341131592E-1,1.211281128E1
6.148346788E1,1.011596375E0,-8.193960571E-1,1.307830353E1
6.150363387E1,2.409988403E-1,-1.684596863E0,1.457234665E1
6.152379888E1,-2.104623413E-1,-2.157463531E0,1.537467819E1
6.154396388E1,-7.827223206E-1,-1.882485352E0,1.354203918E1
6.156412888E1,-1.878892822E0,-2.441572723E0,1.525208313E1
6.158429387E1,-2.178869019E0,-2.879711609E0,1.653835831E1
6.160445887E1,-2.207309875E0,-3.927083588E0,1.869013367E1
6.162462388E1,-2.907853088E0,-5.080135803E0,1.716046463E1
6.164478888E1,-3.512894897E0,-4.991520081E0,1.500824020E1
6.166495388E1,-2.808759155E0,-3.504811707E0,1.071187454E1
6.168511888E1,-1.814227295E0,-1.972597961E0,8.744216309E0
6.170528387E1,-1.320104828E0,-1.018182678E0,7.129075012E0
6.172544888E1,-1.347647552E0,-6.279441833E-1,6.249354401E0
6.174561388E1,-1.415755920E0,-5.715115356E-1,5.699996796E0
6.176577988E1,-1.074315948E0,-4.243675232E-1,5.341192932E0
6.178594508E1,-6.164181519E-1,2.978805542E-2,4.601580963E0
6.180611008E1,-6.848258972E-1,5.971083069E-1,3.508853302E0
6.182627508E1,-1.270108795E0,9.731263733E-1,2.734363861E0
6.184644008E1,-1.800455933E0,1.346300354E0,2.329156494E0
6.186660508E1,-1.727258148E0,1.399888916E0,2.485880585E0
6.188677008E1,-1.212478638E0,1.248553619E0,2.913092194E0
6.190693508E1,-6.539900208E-1,1.168470154E0,2.618654480E0
6.192710008E1,-6.364764404E-1,1.121467896E0,2.595452728E0
6.194726508E1,-9.577084351E-1,9.297166443E-1,3.659589844E0
6.196743008E1,-6.535409546E-1,4.839436340E-1,5.336402893E0
6.198759508E1,-3.682342529E-1,1.410067749E-1,6.033652954E0
6.200776008E1,-6.706054688E-2,1.444496155E-1,7.792345734E0
6.202792508E1,1.778302002E-1,6.822811890E-1,9.491761780E0
6.204809108E1,-3.209326172E-1,2.033371582E0,1.002570145E1
6.206825608E1,-1.676064606E0,2.796784058E0,1.158111694E1
6.208842108E1,-2.385439453E0,1.339714050E0,1.492456421E1
6.210858608E1,-2.214494934E0,-1.316512299E0,1.955817856E1
6.212875108E1,9.310638428E-2,-2.589465179E0,2.092423782E1
6.214891608E1,2.855462036E0,-1.690883789E0,2.095267868E1
6.216908108E1,2.982098694E0,1.945953369E-2,1.834914276E1
6.218924608E1,1.553918610E0,7.598199463E-1,1.531016235E1
6.220941108E1,8.424481201E-1,7.674540710E-1,1.305944275E1
6.222957608E1,9.183403015E-1,-8.921447754E-2,1.487666382E1
6.224974108E1,1.588347015E0,3.043171692E-1,1.251562363E1
6.226990608E1,1.729353790E0,7.170089722E-1,1.038600220E1
6.229007108E1,1.307830353E0,9.904902649E-1,8.662336578E0
6.231023708E1,1.389410706E0,1.129551086E0,7.522307281E0
6.233040208E1,2.129771118E0,1.032552795E0,7.610473938E0
6.235056708E1,2.672841797E0,1.061891785E0,7.512427826E0
6.237073208E1,2.724185028E0,1.193318481E0,7.525899811E0
6.239089708E1,1.940863953E0,1.010398865E0,7.835306396E0
6.241106208E1,1.798509979E0,8.026309204E-1,8.598419495E0
6.243122708E1,2.002386017E0,9.276210022E-1,7.887248383E0
6.245139208E1,2.041454773E0,1.179996185E0,7.695497131E0
6.247155708E1,1.510209503E0,1.162033539E0,8.975934448E0
6.249172208E1,7.219487000E-1,7.795788574E-1,1.130808472E1
6.251188708E1,-2.426454163E-1,-1.004411316E-1,1.326691132E1
6.253205208E1,-8.671467590E-1,-8.211923218E-1,1.469494171E1
6.255221708E1,-1.264720001E0,-1.376687164E0,1.414259033E1
6.257238308E1,-1.905387726E0,-1.493893433E0,1.359472961E1
6.259254808E1,-2.467319183E0,-1.617536316E0,1.288116348E1
6.261271308E1,-1.929188232E0,-1.729952545E0,1.378019394E1
6.263287808E1,-1.114432526E0,-2.059118042E0,1.534414169E1
6.265304308E1,-1.522184601E0,-2.030527496E0,1.512230301E1
6.267320808E1,-2.286794586E0,-1.557810516E0,1.315569260E1
6.269337308E1,-2.584675140E0,-9.830058289E-1,1.050545380E1
6.271353808E1,-2.019151154E0,9.460327148E-2,8.250243530E0
6.273370308E1,-1.418749695E0,9.071136475E-1,6.619534607E0
6.275386808E1,-1.201551361E0,1.588646393E0,5.498066711E0
6.277403300E1,-1.216220856E0,1.591041412E0,4.748874664E0
6.279419800E1,-7.219487000E-1,1.469194794E0,4.622238007E0
6.281436300E1,-2.139051819E-1,1.211131439E0,4.680766296E0
6.283452900E1,2.218386841E-1,1.173858948E0,4.803810425E0
6.285469400E1,4.989125061E-1,1.268611908E0,4.757556610E0
6.287485900E1,3.171903992E-1,1.363664246E0,4.510719910E0
6.289502400E1,-3.345542908E-1,1.173409882E0,4.138893127E0
6.291518900E1,-8.304730225E-1,8.641529846E-1,4.166884918E0
6.293535400E1,-7.729925537E-1,6.367758179E-1,4.052822113E0
6.295551900E1,-3.748205566E-1,2.757266235E-1,5.274880829E0
6.297568400E1,-1.434017944E-1,-2.095642090E-3,6.861581268E0
6.299584900E1,-9.286688232E-1,-7.274871826E-2,7.655979309E0
6.301601400E1,-1.807790680E0,-9.879455566E-2,9.042994995E0
6.303617900E1,-2.475851440E0,4.661306763E-1,8.260422363E0
6.305634400E1,-1.324894867E0,2.714155884E0,8.173902283E0
6.307650900E1,-1.079255676E0,4.385729828E0,8.970246277E0
6.309667500E1,-1.852846985E0,4.466112671E0,1.161434784E1
6.311684000E1,-2.252216492E0,2.103575592E0,1.562705338E1
6.313700500E1,-1.252744904E0,-9.071136475E-2,1.925625641E1
6.315717000E1,2.287992096E0,1.121168518E-1,2.029329987E1
6.317733500E1,3.062331848E0,1.932631073E0,2.001293289E1
6.319750000E1,-6.471043396E-1,8.502319336E-1,2.002879990E1
6.321766500E1,-1.757644958E0,8.499325562E-1,1.615650238E1
6.323783000E1,-7.274871826E-2,1.015637970E0,1.216774704E1
6.325799500E1,1.262324982E0,1.485510864E0,8.943002930E0
6.327816000E1,2.224075012E0,1.740430756E0,9.438472595E0
6.329832500E1,2.222129059E0,2.190395050E0,8.755143585E0
6.331849000E1,1.328038330E0,2.018402710E0,7.559879150E0
6.333865600E1,6.698570251E-1,2.040257263E0,6.534661102E0
6.335882100E1,9.470805359E-1,1.975591736E0,6.324049072E0
6.337898600E1,1.719174957E0,2.070943451E0,7.107519836E0
6.339915100E1,1.772015076E0,2.014061737E0,7.744445343E0
6.341931600E1,1.475332031E0,1.904339905E0,7.849227448E0
6.343948100E1,1.053359528E0,1.927841034E0,8.305478668E0
6.345964600E1,9.222322083E-1,2.053729248E0,9.779912567E0
6.347981100E1,1.336720276E0,2.014959869E0,1.055410263E1
6.349997600E1,1.295705566E0,1.893562317E0,1.220307358E1
6.352014100E1,1.004411316E-1,9.800120544E-1,1.373633514E1
6.354030600E1,-1.066232758E0,8.753796387E-1,1.444361435E1
6.356047100E1,-2.333647156E0,1.326242065E-1,1.520867340E1
6.358063700E1,-2.646496582E0,-6.965016174E-1,1.533875290E1
6.360080200E1,-2.243983612E0,-1.470991058E0,1.572839264E1
6.362096700E1,-1.827699280E0,-1.950294342E0,1.575907883E1
6.364113200E1,-1.719923401E0,-1.790726166E0,1.383273468E1
6.366129700E1,-1.891915741E0,-1.086740112E0,1.048539551E1
6.368146200E1,-1.771116943E0,-4.459226990E-1,7.621401215E0
6.370162700E1,-1.711241455E0,1.276844788E-1,5.839506683E0
6.372179200E1,-2.048490143E0,1.306782532E-1,4.275858307E0
6.374195700E1,-1.645827484E0,5.927673340E-2,3.685935059E0
6.376212200E1,-7.729925537E-1,-3.329077148E-1,5.379812622E0
6.378228733E1,-1.553768921E-1,-5.803431702E-1,6.278843079E0
6.380245333E1,2.522254944E-1,-3.936813354E-1,5.365143127E0
6.382261833E1,1.151106262E-1,-3.712280273E-2,4.416565704E0
6.384278333E1,-6.372248840E-1,2.766247559E-1,4.034560089E0
6.386294833E1,-1.325194244E0,5.423222351E-1,3.883973236E0
6.388311333E1,-1.689087524E0,6.453080750E-1,3.725303192E0
6.390327833E1,-1.561403046E0,7.117698669E-1,3.713926849E0
6.392344333E1,-1.368005219E0,4.275109863E-1,5.399122467E0
6.394360833E1,-1.789229279E0,-1.043330383E-1,7.197931824E0
6.396377333E1,-1.911674652E0,-2.424957275E-1,8.867709503E0
6.398393833E1,-1.513053589E0,1.847158813E-1,1.039423508E1
6.400410333E1,-1.777553558E0,5.234614563E-1,1.152213959E1
6.402426933E1,-1.084794159E0,1.927691345E0,1.183633621E1
6.404443433E1,-5.189707947E-1,3.632496185E0,1.091784622E1
6.406459933E1,-8.050259399E-1,3.828738098E0,1.353320755E1
6.408476433E1,-1.424138489E0,2.222578125E0,1.686812256E1
6.410492933E1,-4.465214539E-1,1.263223114E0,1.761432083E1
6.412509433E1,2.177521820E0,1.538650360E0,1.886452103E1
6.414525933E1,3.579955444E0,1.825304260E0,1.664718201E1
6.416542433E1,1.232087860E0,1.460961914E0,1.476305008E1
6.418558933E1,-6.032455444E-2,1.351988525E0,1.290361679E1
6.420575433E1,1.040935364E0,7.402107239E-1,1.291649002E1
6.422592033E1,2.638413391E0,1.254092102E0,1.263612305E1
6.424608533E1,2.000889130E0,1.667083282E0,1.071786209E1
6.426625033E1,5.749543762E-1,1.871258698E0,9.263935547E0
6.428641533E1,3.754193115E-1,2.345023499E0,7.470365295E0
6.430658033E1,1.302142181E0,2.818339233E0,7.072941742E0
6.432674533E1,1.125210114E0,2.500101013E0,8.475225677E0
6.434691033E1,4.429289246E-1,2.337539063E0,8.873547363E0
6.436707533E1,3.089575195E-1,2.629432068E0,8.117469635E0
6.438724033E1,5.707630920E-1,3.132236481E0,7.233408051E0
6.440740633E1,1.728904724E-1,2.597248993E0,9.636660461E0
6.442757133E1,-1.010398865E-1,1.662293243E0,1.236803055E1
6.444773633E1,5.224136353E-2,3.010240173E-1,1.413181274E1
6.446790133E1,7.336244202E-1,5.918692017E-1,1.323278229E1
6.448806633E1,-1.347198486E-2,5.150788879E-1,1.292831543E1
6.450823133E1,1.812730408E-1,3.697311401E-1,1.311033691E1
6.452839633E1,1.452279968E0,7.235952759E-1,1.421653656E1
6.454856133E1,5.318440247E-1,-1.020877075E-1,1.452010529E1
6.456872633E1,-1.236728210E0,-1.128353577E0,1.428584244E1
6.458889233E1,-2.230661316E0,-1.437909851E0,1.256831406E1
6.460905733E1,-1.860331421E0,-4.990621948E-1,9.272467804E0
6.462922233E1,-1.750459900E0,4.385879517E-2,6.595734100E0
6.464938733E1,-2.207908630E0,-8.981323242E-3,5.834566956E0
6.466955233E1,-1.899699554E0,-7.200027466E-2,5.432802429E0
6.468971733E1,-1.055904236E0,-3.049159241E-1,4.905598755E0
6.470988233E1,-9.595046997E-2,-3.499722290E-1,4.148622894E0
6.473004733E1,4.119433594E-1,-4.242178345E-1,3.570974121E0
6.475021233E1,1.851649475E-1,-4.667294312E-1,3.517834625E0
6.477037833E1,-5.530998230E-1,-3.912863159E-1,3.437002716E0
6.479054363E1,-1.272503815E0,-3.445834351E-1,3.656895447E0
6.481070863E1,-8.869056702E-1,-4.308041382E-1,4.643942871E0
6.483087363E1,-2.920426941E-1,-9.565109253E-2,4.327650604E0
6.485103862E1,-5.502557373E-1,4.775070190E-1,3.666026459E0
6.487120362E1,-1.300794983E0,8.190966797E-1,4.702321472E0
6.489136863E1,-1.870061188E0,9.340576172E-1,7.852520599E0
6.491153363E1,-1.846110992E0,1.289268951E0,1.116543137E1
6.493169863E1,-1.090632019E0,3.092568970E0,1.276216095E1
6.495186463E1,-1.795366516E0,4.504133606E0,1.329011307E1
6.497202963E1,-3.098556519E0,4.969366150E0,1.583272568E1
6.499219462E1,-2.878663788E0,4.671335907E0,1.622685608E1
6.501235963E1,-1.355880432E0,2.561473389E0,1.997416351E1
6.503252463E1,9.383985901E-1,2.144889679E0,2.204136475E1
6.505268963E1,2.541265411E0,2.863844604E0,1.761447052E1
6.507285463E1,2.406545563E0,3.076701965E0,1.525013718E1
6.509301962E1,2.436632996E0,3.883224792E0,1.103385498E1
6.511318562E1,2.675835571E0,4.296665039E0,8.231382751E0
6.513335062E1,2.957998810E0,3.295397186E0,9.489965515E0
6.515351563E1,3.423530731E0,2.085612946E0,1.222896973E1
6.517368063E1,2.506387939E0,1.340312805E0,1.317934341E1
6.519384563E1,1.325044556E0,1.107247467E0,1.087817871E1
6.521401063E1,7.232958984E-1,1.591640167E0,7.641609192E0
6.523417562E1,5.490582275E-1,2.112107849E0,6.622229004E0
6.525434063E1,3.023712158E-2,2.386187897E0,7.884404297E0
6.527450563E1,-2.240840149E-1,2.706222382E0,9.766440582E0
6.529467163E1,-1.322050781E0,1.966760101E0,1.291708878E1
6.531483663E1,-1.190923462E0,2.261946259E0,1.456276657E1
6.533500163E1,2.677931213E-1,3.913611603E0,1.444990128E1
6.535516662E1,1.441502380E0,4.332590332E0,1.250783981E1
6.537533162E1,1.609153748E0,3.731440430E0,1.416309769E1
6.539549663E1,4.361929321E-1,1.937121735E0,1.297127609E1
6.541566163E1,-1.465452576E-1,1.155297546E0,1.179038177E1
6.543582663E1,1.676513672E-2,6.408174133E-1,1.137394775E1
6.545599163E1,1.288819885E-1,3.234773254E-1,1.087099365E1
6.547615763E1,-8.604107666E-1,2.354603577E-1,9.564061432E0
6.549632262E1,-2.112407227E0,-4.790039062E-3,7.562573547E0
6.551648763E1,-2.386636963E0,-4.065545654E-1,6.552623749E0
6.553665263E1,-1.765129395E0,-5.975573730E-1,5.747298431E0
6.555681763E1,-1.258732452E0,-5.604345703E-1,4.785847778E0
6.557698263E1,-8.569679260E-1,-4.095483398E-1,4.477788391E0
6.559714762E1,-1.072369995E0,-4.260140991E-1,4.651127930E0
6.561731263E1,-1.572180634E0,-5.507048035E-1,4.924459534E0
6.563747763E1,-1.768871613E0,-4.887336731E-1,4.623884583E0
6.565764363E1,-1.494342499E0,-1.576222229E-1,3.999981995E0
6.567780863E1,-1.120869141E0,1.173559570E-1,4.885989532E0
6.569797363E1,-1.178199921E0,2.074685669E-1,6.827601929E0
6.571813863E1,-1.257385254E0,-8.771759033E-2,1.020757324E1
6.573830362E1,-8.789721680E-1,-1.541793823E-2,1.222163498E1
6.575846863E1,-1.604663086E-1,1.615590363E0,1.103729782E1
6.577863308E1,-6.692582703E-1,2.550845490E0,1.047910858E1
6.579879808E1,-3.201841736E0,6.334826660E-1,1.603749985E1
6.581896308E1,-2.226619720E0,-1.075962524E0,2.037203613E1
6.583912908E1,1.057401123E0,-1.929487610E-1,1.844075226E1
6.585929408E1,1.800904999E0,1.112486572E0,1.667382660E1
6.587945908E1,-7.081773376E-1,1.237476654E0,1.493279709E1
6.589962408E1,-3.176394653E0,5.170248413E-1,1.286080582E1
6.591978908E1,-3.359613647E0,5.462141418E-1,1.096514786E1
6.593995408E1,-2.657723236E0,7.029382324E-1,1.116812576E1
6.596011908E1,-2.461032257E0,9.972262573E-1,1.013287857E1
6.598028408E1,-2.172881470E0,1.007405090E0,9.883048096E0
6.600044908E1,-1.190324707E0,1.431024170E0,7.496860199E0
6.602061508E1,-2.372566223E-1,1.741777954E0,6.177653503E0
6.604078008E1,3.962260437E-1,1.749262390E0,6.161337433E0
6.606094508E1,9.217831421E-1,1.560654602E0,6.965914307E0
6.608111008E1,1.197659454E0,1.280886383E0,8.386011200E0
6.610127508E1,1.510658569E0,1.300794983E0,8.833430786E0
6.612144008E1,1.478026428E0,1.695823517E0,8.539741516E0
6.614160508E1,9.548643494E-1,1.932331696E0,7.808661804E0
6.616177008E1,6.400689697E-1,2.008223877E0,7.905809784E0
6.618193508E1,6.500981140E-1,1.714983673E0,8.882378998E0
6.620210108E1,1.387315063E0,1.500479736E0,1.024110352E1
6.622226608E1,2.547702026E0,1.488205261E0,1.125614273E1
6.624243108E1,3.236419830E0,2.124082947E0,1.124177261E1
6.626259608E1,3.120710449E0,2.946772156E0,1.044438080E1
6.628276108E1,2.041604462E0,2.636766815E0,1.102741837E1
6.630292608E1,1.268162842E0,1.678759003E0,1.213032486E1
6.632309108E1,1.048719177E0,5.463638306E-2,1.529309784E1
6.634325608E1,1.538650360E0,-6.786886597E-1,1.500135452E1
6.636342108E1,1.691183167E0,-4.417314148E-1,1.317530182E1
6.638358708E1,5.176235962E-1,-2.900967407E-1,1.195069839E1
6.640375208E1,-7.337741089E-1,-3.867956543E-1,1.142394379E1
6.642391708E1,-1.179846497E0,-2.758763123E-1,1.038779846E1
6.644408208E1,-1.287921753E0,-2.642005920E-1,9.853260040E0
6.646424708E1,-1.380878448E0,-3.580554199E-1,9.678872681E0
6.648441208E1,-1.427431641E0,-3.992198181E-1,9.240135040E0
6.650457708E1,-1.238374786E0,-3.625460815E-1,8.815168762E0
6.652474208E1,-1.103954315E0,-1.008901978E-1,7.998467102E0
6.654490808E1,-1.109792175E0,2.133064270E-1,7.273075562E0
6.656507308E1,-1.187181244E0,3.272195435E-1,7.292535095E0
6.658523808E1,-1.293759613E0,2.736309814E-1,7.880512390E0
6.660540308E1,-1.346300354E0,2.983296204E-1,8.251590729E0
6.662556808E1,-1.508263550E0,5.468128967E-1,7.821535034E0
6.664573308E1,-1.435963898E0,1.204694824E0,7.227420502E0
6.666589808E1,-1.188977509E0,1.595083008E0,6.858737183E0
6.668606308E1,-7.457492065E-1,1.860630798E0,7.065307617E0
6.670622808E1,-3.134481812E-1,1.925745392E0,7.344626770E0
6.672639308E1,2.260299683E-1,2.145488434E0,7.745792542E0
6.674655908E1,5.610333252E-1,2.280058594E0,7.845784607E0
6.676672408E1,7.926017761E-1,2.437830505E0,8.562344513E0
6.678688996E1,1.062041473E0,2.506238251E0,9.144783325E0
6.680705496E1,1.069076843E0,2.410287781E0,1.004635849E1
6.682721996E1,7.900570679E-1,2.246378632E0,1.083372116E1
6.684738496E1,5.388793945E-1,2.098635864E0,1.219738541E1
6.686754996E1,4.730163574E-1,2.397264862E0,1.259331207E1
6.688771496E1,2.001338196E-1,2.489173737E0,1.298295181E1
6.690788096E1,-2.597099304E-1,2.095193024E0,1.338726105E1
6.692804596E1,-8.039781189E-1,1.650318146E0,1.333262466E1
6.694821096E1,-1.369502106E0,1.387913818E0,1.232057922E1
6.696837596E1,-1.672921143E0,1.255139923E0,1.216954330E1
6.698854096E1,-1.968706055E0,9.809101868E-1,1.191567123E1
6.700870596E1,-2.533331909E0,6.403683472E-1,1.079854431E1
6.702887096E1,-3.359763336E0,1.368154907E-1,1.003333557E1
6.704903596E1,-3.425776062E0,-3.109034729E-1,8.903335419E0
6.706920096E1,-3.001408539E0,-4.905299377E-1,8.296347656E0
6.708936596E1,-2.540816345E0,-5.718109131E-1,8.240663452E0
6.710953196E1,-2.603236542E0,-4.034111023E-1,7.925718384E0
6.712969696E1,-2.794239349E0,-1.432521057E-1,7.188800812E0
6.714986196E1,-2.483485565E0,2.206411743E-1,6.611301727E0
6.717002696E1,-1.920655975E0,3.471281433E-1,6.637497253E0
6.719019196E1,-1.608405304E0,6.487509155E-1,6.859485626E0
6.721035696E1,-1.834435272E0,7.322772217E-1,7.551197205E0
6.723052196E1,-1.976190491E0,7.177574158E-1,8.167016602E0
6.725068696E1,-1.589245148E0,8.402027893E-1,8.142767029E0
6.727085196E1,-1.240171051E0,1.029259644E0,8.009993134E0
6.729101796E1,-1.109193420E0,1.078656921E0,8.187673645E0
6.731118296E1,-1.081650696E0,9.939331055E-1,9.410331116E0
6.733134796E1,-7.584727478E-1,8.934919739E-1,1.044333298E1
6.735151296E1,-3.073109436E-1,1.155147858E0,1.039378601E1
6.737167796E1,-1.416055298E-1,1.759141846E0,9.591604156E0
6.739184296E1,-3.517684937E-2,2.168241119E0,9.386231232E0
6.741200796E1,2.636018372E-1,2.581681366E0,9.353150024E0
6.743217296E1,3.939807129E-1,2.674787750E0,9.984237671E0
6.745233796E1,4.658312988E-1,2.656076660E0,1.082638641E1
6.747250296E1,4.291575623E-1,2.815944214E0,1.102202957E1
6.749266796E1,4.330494690E-1,3.025508423E0,1.085258194E1
6.751283396E1,5.493576050E-1,3.082839203E0,1.073747131E1
6.753299896E1,9.307644653E-1,3.005450134E0,1.114028366E1
6.755316396E1,1.374292145E0,2.842139740E0,1.146645538E1
6.757332896E1,1.503922577E0,2.804717560E0,1.104403381E1
6.759349396E1,1.408720551E0,2.620301056E0,1.081965042E1
6.761365896E1,1.175355835E0,2.222129059E0,1.110226273E1
6.763382396E1,8.382568359E-1,1.372046814E0,1.214933533E1
6.765398896E1,4.903802490E-1,7.409591675E-2,1.386312149E1
6.767415396E1,3.462300110E-1,-1.017583923E0,1.380234787E1
6.769431896E1,3.641926575E-1,-1.156045990E0,1.192270660E1
6.771448396E1,5.224136353E-2,-9.169931030E-1,1.009291168E1
6.773464896E1,-3.770658875E-1,-9.057664490E-1,9.187743988E0
6.775481496E1,-4.629872131E-1,-9.660910034E-1,9.225764923E0
6.777497983E1,-3.138972473E-1,-1.240320740E0,9.657317505E0
6.779514483E1,-4.918771362E-1,-1.375639343E0,9.945019226E0
6.781530983E1,-7.755372620E-1,-1.321751404E0,9.610764313E0
6.783547483E1,-7.475454712E-1,-9.199868774E-1,8.644822998E0
6.785563983E1,-4.243675232E-1,-6.348298645E-1,8.404871979E0
6.787580483E1,-1.823208618E-1,-4.068539429E-1,8.230484619E0
6.789596983E1,-3.007246399E-1,-7.514373779E-2,7.789950714E0
6.791613483E1,-8.469387817E-1,2.118095398E-1,7.279362488E0
6.793629983E1,-9.490264893E-1,3.855981445E-1,6.938820648E0
6.795646483E1,-5.959107971E-1,3.969744873E-1,6.875053253E0
6.797662983E1,-1.945953369E-1,2.905458069E-1,7.343728638E0
6.799679583E1,-8.532257080E-3,7.888595581E-2,8.012088776E0
6.801696083E1,1.601669312E-2,3.906875610E-2,8.428971863E0
6.803712583E1,-1.387614441E-1,1.038839722E-1,8.408913574E0
6.805729083E1,-1.252894592E-1,2.329156494E-1,8.332871704E0
6.807745583E1,-2.185455322E-1,3.803590393E-1,8.462202759E0
6.809762083E1,-2.833607483E-1,4.111949158E-1,8.742719421E0
6.811778583E1,-5.912704468E-1,4.270619202E-1,8.631351013E0
6.813795083E1,-7.286846924E-1,4.626878357E-1,8.791068878E0
6.815811583E1,-5.864804077E-1,4.733157349E-1,8.539591827E0
6.817828083E1,-4.462220764E-1,3.656895447E-1,8.485105133E0
6.819844583E1,-1.992356873E-1,2.421963501E-1,8.342751160E0
6.821861083E1,3.547622681E-2,1.942959595E-1,8.346194000E0
6.823877683E1,5.718109131E-2,3.951782227E-1,8.275540924E0
6.825894183E1,9.101074219E-2,6.459068298E-1,7.788902893E0
6.827910683E1,1.300794983E-1,8.782237244E-1,7.374863892E0
6.829927183E1,2.040257263E-1,8.930429077E-1,7.483537903E0
6.831943683E1,2.240840149E-1,6.442602539E-1,7.868387604E0
6.833960183E1,2.585124207E-1,8.259823608E-1,9.409582672E0
6.835976683E1,4.059558105E-1,6.683601379E-1,1.188797882E1
6.837993183E1,8.405021667E-1,1.568288727E0,1.235425919E1
6.840009683E1,8.349636841E-1,2.865042114E0,1.236773117E1
6.842026183E1,4.709207153E-1,3.091221771E0,1.187300995E1
6.844042683E1,9.011260986E-2,2.360441437E0,1.178454391E1
6.846059183E1,8.352630615E-1,1.235231323E0,1.270887177E1
6.848075683E1,2.834954681E0,5.022056580E-1,1.529025375E1
6.850092183E1,4.173022156E0,8.186476135E-1,1.582449280E1
6.852108783E1,3.187022552E0,1.122366028E0,1.353904541E1
6.854125283E1,1.044677582E0,1.114432526E0,1.127215942E1
6.856141783E1,2.406994629E-1,1.256487122E0,9.008716278E0
6.858158283E1,7.664062500E-1,1.561403046E0,7.753726044E0
6.860174783E1,1.093176727E0,1.594633942E0,7.485483856E0
6.862191283E1,1.140178986E0,1.569635925E0,7.477999420E0
6.864207783E1,1.169068909E0,1.301393738E0,7.735913086E0
6.866224283E1,1.663490753E0,1.315314789E0,8.094567261E0
6.868240783E1,1.859882355E0,1.726509705E0,7.817643127E0
6.870257283E1,1.400337982E0,1.975292358E0,7.671846313E0
6.872273783E1,1.197060699E0,1.937870178E0,8.537945251E0
6.874290283E1,1.107097778E0,2.034868469E0,9.008416901E0
6.876306783E1,1.231189728E0,2.215842133E0,1.018841309E1
6.878323263E1,6.834786987E-1,1.708996124E0,1.308563828E1
6.880339862E1,-4.562512207E-1,8.044271851E-1,1.517095184E1
6.882356363E1,-7.053332520E-1,1.379531250E0,1.400053574E1
6.884372863E1,-6.026467896E-1,1.635199585E0,1.433523972E1
6.886389363E1,-1.046773224E0,-6.975494385E-2,1.751642441E1
6.888405863E1,-7.450007629E-1,-1.607956238E0,1.909938263E1
6.890422362E1,-9.481283569E-1,-2.658771057E0,1.727482681E1
6.892438863E1,-1.896855469E0,-2.597997437E0,1.451561462E1
6.894455363E1,-2.340832214E0,-2.048490143E0,1.188977509E1
6.896471863E1,-1.659299469E0,-8.678952026E-1,8.353079681E0
6.898488363E1,-1.406624908E0,8.307723999E-2,6.640191650E0
6.900504862E1,-1.707648926E0,4.951702881E-1,5.400020599E0
6.902521363E1,-1.657353516E0,7.694000244E-1,4.372407532E0
6.904537863E1,-1.451531525E0,6.267466736E-1,3.643423462E0
6.906554363E1,-8.655001831E-1,6.747967529E-1,3.391946411E0
6.908570863E1,-4.192781067E-1,6.068380737E-1,3.384911041E0
6.910587362E1,-2.062710571E-1,6.357279968E-1,4.178410950E0
6.912603962E1,-6.090834045E-1,6.721023560E-1,4.878056030E0
6.914620462E1,-1.427731018E0,5.710624695E-1,5.249284058E0
6.916636963E1,-2.002984772E0,4.840933228E-1,5.273234253E0
6.918653463E1,-1.805545349E0,5.575904846E-1,4.914729767E0
6.920669963E1,-1.223405914E0,6.900650024E-1,4.707261200E0
6.922686463E1,-9.624984741E-1,6.782395935E-1,5.336552582E0
6.924702962E1,-1.400188293E0,4.581971741E-1,7.130272522E0
6.926719463E1,-1.553768921E0,3.115022278E-1,8.294401703E0
6.928735963E1,-1.540596313E0,3.396437073E-1,9.402397614E0
6.930752463E1,-1.273851013E0,6.328839111E-1,1.000369720E1
6.932768963E1,-2.158511353E-1,1.656156006E0,1.014470398E1
6.934785462E1,5.713618469E-1,3.198548584E0,1.074600357E1
6.936801963E1,-3.535647583E-1,2.508184204E0,1.367301682E1
6.938818463E1,-8.557704163E-1,1.724563751E0,1.582179840E1
6.940834963E1,5.568420410E-2,1.469344482E0,1.640498566E1
6.942851563E1,1.782642975E0,2.304457855E0,1.515987488E1
6.944868063E1,6.731501770E-1,2.616409149E0,1.393557083E1
6.946884563E1,-1.055006104E0,9.867480469E-1,1.750444931E1
6.948901062E1,-7.017407227E-1,-3.338058472E-1,1.909743668E1
6.950917563E1,1.316063232E0,1.767823792E-1,1.681019302E1
6.952934063E1,1.767374725E0,9.618997192E-1,1.351898712E1
6.954950563E1,1.145268402E0,1.570683746E0,1.021520737E1
6.956967063E1,8.306227112E-1,2.106419678E0,7.254214783E0
6.958983562E1,6.740483093E-1,2.344574432E0,5.116959229E0
6.961000063E1,1.043929138E0,2.417921906E0,5.134622498E0
6.963016563E1,1.456171875E0,2.261646881E0,6.800657959E0
6.965033063E1,1.604962463E0,1.706002350E0,8.068970490E0
6.967049563E1,1.987716522E0,1.594184875E0,7.812853088E0
6.969066062E1,2.103126526E0,1.814077606E0,7.054080963E0
6.971082563E1,1.319206696E0,2.042203217E0,6.919810181E0
6.973099063E1,4.923262024E-1,1.299896851E0,1.016206787E1
6.975115563E1,4.080514526E-1,2.525248718E-1,1.306393341E1
6.977132163E1,1.328337708E0,4.671784973E-1,1.392434418E1
6.979148625E1,2.192341003E0,1.058748322E0,1.377211075E1
6.981165125E1,1.390458527E0,5.682183838E-1,1.421264465E1
6.983181625E1,-5.777984619E-2,-4.284091187E-1,1.778316971E1
6.985198125E1,-1.672621765E0,-2.674787750E0,2.020318726E1
6.987214625E1,-2.060465240E0,-3.195554810E0,1.860675705E1
6.989231125E1,-1.513502655E0,-1.911075897E0,1.409918060E1
6.991247625E1,-1.491348724E0,-5.891748047E-1,1.018541931E1
6.993264125E1,-2.439626770E0,-3.517684937E-2,7.814499664E0
6.995280625E1,-2.958597565E0,3.592529297E-3,7.509733429E0
6.997297125E1,-2.296524353E0,1.062789917E-2,6.976093140E0
6.999313625E1,-1.092577972E0,2.254312134E-1,5.729036407E0
7.001330125E1,-2.604583740E-1,4.405339050E-1,4.804858246E0
7.003346625E1,-2.432441711E-1,4.611909485E-1,4.372407532E0
7.005363125E1,-4.942721558E-1,6.173162842E-1,4.074227600E0
7.007379625E1,-1.030008087E0,7.294331360E-1,3.434458008E0
7.009396125E1,-1.219963074E0,5.481600952E-1,3.763623505E0
7.011412625E1,-9.765692139E-1,3.995191956E-1,4.677922211E0
7.013429225E1,-6.450086975E-1,2.736309814E-1,5.279820557E0
7.015445725E1,-7.517367554E-1,3.682342529E-1,4.922363892E0
7.017462225E1,-7.792794800E-1,8.003855896E-1,4.068838806E0
7.019478725E1,-1.285227356E0,9.333091736E-1,4.008214874E0
7.021495225E1,-1.669927368E0,4.599934387E-1,5.301525421E0
7.023511725E1,-1.275647278E0,-2.558180237E-1,9.009015656E0
7.025528225E1,-2.568658447E-1,1.968406677E-1,1.187794968E1
7.027544725E1,-0.000000000E0,1.196911011E0,1.206027054E1
7.029561225E1,-5.587879944E-1,2.769989777E0,1.141451340E1
7.031577725E1,-2.005379791E0,3.095562744E0,1.133577713E1
7.033594225E1,-2.637365570E0,2.464325409E0,1.308848236E1
7.035610725E1,-1.467099152E0,1.523980865E0,1.388722137E1
7.037627225E1,4.872367859E-1,1.454824677E0,1.514849854E1
7.039643725E1,1.444346466E0,1.302591248E0,1.564531540E1
7.041660225E1,1.333427124E0,1.147813110E0,1.514999542E1
7.043676725E1,5.692662048E-1,9.716294861E-1,1.243568985E1
7.045693225E1,5.424719238E-1,6.902146912E-1,1.308174637E1
7.047709725E1,1.448537750E0,8.250842285E-1,1.264390686E1
7.049726225E1,1.929637299E0,1.014440460E0,1.235201385E1
7.051742725E1,1.314566345E0,6.396199036E-1,1.149160309E1
7.053759325E1,9.449848938E-1,2.447410583E-1,1.116947296E1
7.055775825E1,1.394350433E0,5.538482666E-3,1.031325348E1
7.057792325E1,2.126777344E0,8.143066406E-2,9.388775940E0
7.059808825E1,2.643652496E0,3.200344849E-1,8.182883606E0
7.061825325E1,2.753673706E0,6.164181519E-1,7.404352570E0
7.063841825E1,2.397115173E0,4.525090027E-1,8.539442139E0
7.065858325E1,1.952389984E0,-8.966354370E-2,1.012823822E1
7.067874825E1,1.951342163E0,-3.188369751E-1,1.001013382E1
7.069891325E1,1.617985382E0,-1.288819885E-1,9.646390228E0
7.071907825E1,7.777825928E-1,-1.423539734E-1,9.873468018E0
7.073924325E1,2.183958435E-1,-4.430786133E-1,1.089599167E1
7.075940825E1,5.468128967E-1,-1.061293030E-1,1.072953781E1
7.077957358E1,8.695417786E-1,1.314266968E-1,1.188034470E1
7.079973858E1,8.557704163E-1,-2.517764282E-1,1.481514175E1
7.081990358E1,9.653425598E-1,-5.834866333E-1,1.677052551E1
7.084006858E1,8.379574585E-1,8.457412720E-2,1.660227539E1
7.086023358E1,6.625222778E-1,5.760021973E-1,1.557526108E1
7.088039858E1,1.233435059E-1,2.716850281E-1,1.551059555E1
7.090056358E1,-4.834945679E-2,-3.300636292E-1,1.498069748E1
7.092072858E1,-3.833528137E-1,1.369651794E-1,1.223825043E1
7.094089358E1,-8.580157471E-1,5.842350769E-1,8.932973785E0
7.096105858E1,-1.023721161E0,9.943821716E-1,6.978937225E0
7.098122458E1,-9.928852844E-1,1.146465912E0,5.613027649E0
7.100138958E1,-8.982820129E-1,1.061742096E0,4.756209412E0
7.102155458E1,-6.188131714E-1,5.656736755E-1,4.146676941E0
7.104171958E1,-4.192781067E-1,1.489402771E-1,4.075425110E0
7.106188458E1,-1.920506287E-1,-1.231938171E-1,3.792513428E0
7.108204958E1,-4.508624268E-1,-2.915936279E-1,3.617527313E0
7.110221458E1,-1.348994751E0,-5.622308350E-1,3.315305786E0
7.112237958E1,-1.709295502E0,-6.849755859E-1,2.716700592E0
7.114254458E1,-1.633702698E0,-6.676116943E-1,2.465672607E0
7.116270958E1,-1.442400513E0,-7.222480774E-1,3.928730164E0
7.118287458E1,-1.563498688E0,-6.581813049E-1,6.261778564E0
7.120303958E1,-1.885479126E0,-3.323089600E-1,6.180347900E0
7.122320458E1,-1.930385742E0,1.419348450E0,6.244564362E0
7.124336958E1,-2.408491516E0,1.560205536E0,7.193441162E0
7.126353458E1,-2.720293121E0,9.410929871E-1,9.233698425E0
7.128369958E1,-2.410287781E0,1.087039490E0,1.184112625E1
7.130386458E1,-2.795287170E0,6.611750793E-1,1.458207642E1
7.132402958E1,-3.550317078E0,-2.688409424E-1,1.769889496E1
7.134419458E1,-4.530179443E0,-3.760180664E-1,1.970158035E1
7.136435958E1,-5.082231445E0,1.901046753E-2,1.842383743E1
7.138452458E1,-4.452940063E0,9.229806519E-1,1.660676605E1
7.140468958E1,-3.540886688E0,1.895059204E0,1.293834457E1
7.142485458E1,-3.113675079E0,2.075284424E0,1.150178192E1
7.144501958E1,-2.981350250E0,1.952689362E0,1.146316223E1
7.146518558E1,-1.927990723E0,1.153052216E0,1.489762024E1
7.148535058E1,2.694396973E-2,1.377136230E0,1.233719467E1
7.150551558E1,1.405577087E0,2.082469482E0,8.979227600E0
7.152568058E1,2.017803955E0,2.473606110E0,6.844217377E0
7.154584558E1,3.006048889E0,2.665057983E0,6.121669922E0
7.156601058E1,3.906426544E0,2.196382599E0,7.575147400E0
7.158617558E1,4.254303131E0,1.533111877E0,9.239386597E0
7.160634058E1,4.340224457E0,1.112636261E0,1.000324814E1
7.162650558E1,4.306544495E0,7.372169495E-1,9.558073883E0
7.164667058E1,4.184847565E0,7.135661316E-1,8.414002991E0
7.166683558E1,3.527863770E0,8.219407654E-1,8.177494812E0
7.168700058E1,2.448009338E0,6.876699829E-1,1.074495575E1
7.170716558E1,1.922003174E0,9.068142700E-1,1.230396378E1
7.172733058E1,2.243534546E0,1.608105927E0,1.312994614E1
7.174749558E1,1.580712891E0,1.072070618E0,1.466425552E1
7.176766058E1,3.514691162E-1,8.083190918E-3,1.729428635E1
7.178782550E1,-1.437011719E0,-1.285227356E0,1.891586426E1
7.180799050E1,-2.060016174E0,-1.607058105E0,1.765653305E1
7.182815550E1,-2.035317535E0,-6.509962463E-1,1.438778046E1
7.184832050E1,-2.846331024E0,1.175056458E-1,1.109058701E1
7.186848550E1,-3.374881897E0,4.848417664E-1,9.017847290E0
7.188865050E1,-2.908152466E0,5.700146484E-1,8.094866638E0
7.190881550E1,-1.886377258E0,3.222798157E-1,7.810009003E0
7.192898050E1,-9.780661011E-1,1.743873596E-1,7.994126129E0
7.194914550E1,-6.914122009E-1,2.245330811E-2,7.429799652E0
7.196931050E1,-7.491920471E-1,2.868035889E-1,6.494394836E0
7.198947550E1,-1.022972717E0,6.084846497E-1,5.435496826E0
7.200964050E1,-1.410067749E0,7.066804504E-1,4.976700897E0
7.202980550E1,-1.449435883E0,7.373666382E-1,4.836891632E0
7.204997150E1,-1.065783691E0,7.203021240E-1,4.324956207E0
7.207013650E1,-6.318360901E-1,9.129515076E-1,4.052223358E0
7.209030150E1,-7.514373779E-1,9.868977356E-1,4.347559204E0
7.211046650E1,-1.009051666E0,1.004860382E0,5.067711639E0
7.213063150E1,-7.026388550E-1,1.303040314E0,7.248676300E0
7.215079650E1,1.471440125E-1,1.638193359E0,9.366322632E0
7.217096150E1,4.210743713E-1,2.548899536E0,8.343499603E0
7.219112650E1,-4.541555786E-1,3.952530670E0,6.555767212E0
7.221129150E1,-1.403930511E0,3.723656616E0,7.225474548E0
7.223145650E1,-1.093476105E0,3.016676788E0,9.112450562E0
7.225162150E1,1.851649475E-1,2.638413391E0,1.081066910E1
7.227178650E1,1.387315063E0,3.039279785E0,1.124237137E1
7.229195150E1,1.612446899E0,2.974165192E0,1.251816833E1
7.231211650E1,1.250798950E0,2.304308167E0,1.410786255E1
7.233228150E1,3.215313721E-1,1.822759552E0,1.469314545E1
7.235244650E1,-2.447410583E-1,1.807341614E0,1.328322739E1
7.237261150E1,-3.730242920E-1,2.066752167E0,1.083985840E1
7.239277650E1,-7.069798279E-1,1.526974640E0,1.159054733E1
7.241294150E1,-2.531236267E-1,1.292711792E0,1.238928635E1
7.243310650E1,4.050576782E-1,1.128652954E0,1.166688858E1
7.245327150E1,7.339237976E-1,1.617686005E0,9.332492981E0
7.247343650E1,7.866142273E-1,1.872605896E0,8.005652161E0
7.249360150E1,8.587641907E-1,1.718576202E0,8.445737000E0
7.251376650E1,1.422641602E0,1.454525299E0,1.010773087E1
7.253393150E1,1.942959595E0,1.373394012E0,1.069900131E1
7.255409650E1,1.685045929E0,1.629511414E0,1.011326935E1
7.257426150E1,1.107097778E0,1.921105042E0,9.724378052E0
7.259442650E1,1.192120972E0,2.247127075E0,8.993298340E0
7.261459150E1,1.347647552E0,2.190844116E0,9.763596497E0
7.263475650E1,1.331181793E0,1.607507172E0,1.093071945E1
7.265492150E1,8.162525940E-1,1.183439026E0,1.107861191E1
7.267508650E1,4.308041382E-1,1.131946106E0,1.146076721E1
7.269525150E1,4.537065125E-1,1.538201294E0,1.165715881E1
7.271541650E1,2.272274780E-1,1.538201294E0,1.319266571E1
7.273558150E1,9.011260986E-2,8.312214661E-1,1.502485565E1
7.275574650E1,1.107696533E-1,-6.491999817E-1,1.683474197E1
7.277591150E1,8.199948120E-1,-5.225633240E-1,1.612357086E1
7.279607721E1,1.250050507E0,1.460961914E-1,1.512110550E1
7.281624221E1,7.107220459E-1,3.999682617E-1,1.387838974E1
7.283640721E1,-1.303788757E-1,4.156855774E-1,1.256232651E1
7.285657221E1,-1.420545959E-1,8.196954346E-1,1.053988220E1
7.287673721E1,-4.146377563E-1,1.212029572E0,9.055119781E0
7.289690221E1,-8.424481201E-1,1.475481720E0,7.926466827E0
7.291706721E1,-1.174607391E0,1.673519897E0,6.653064880E0
7.293723221E1,-1.131047974E0,1.825004883E0,5.359155579E0
7.295739721E1,-5.081932068E-1,1.834135895E0,4.506229248E0
7.297756221E1,-1.965412903E-1,1.727108459E0,4.100123749E0
7.299772721E1,2.210902405E-1,1.566642151E0,4.168980560E0
7.301789221E1,5.501060486E-1,1.475930786E0,4.261188812E0
7.303805721E1,7.423063660E-1,1.450184326E0,4.150568848E0
7.305822221E1,6.499484253E-1,1.586850128E0,3.573369141E0
7.307838721E1,5.797444153E-1,1.830992432E0,2.898123322E0
7.309855221E1,4.736151123E-1,1.864373016E0,2.911445618E0
7.311871721E1,2.062710571E-1,1.445543976E0,4.125870209E0
7.313888221E1,-1.907034302E-1,6.780899048E-1,5.261109467E0
7.315904721E1,-2.902464294E-1,4.150868225E-1,6.651118927E0
7.317921221E1,-4.595443726E-2,7.149133301E-1,8.337961121E0
7.319937721E1,-3.752696228E-1,9.297166443E-1,7.611521759E0
7.321954221E1,-7.300318909E-1,2.156715088E0,8.149652710E0
7.323970721E1,-1.606010284E0,2.266586609E0,1.092368408E1
7.325987221E1,-2.578687592E0,1.356329498E0,1.515718048E1
7.328003721E1,-2.746937714E0,3.044668579E-1,1.716944595E1
7.330020221E1,-9.883946228E-1,4.954696655E-1,1.851529724E1
7.332036721E1,-5.418731689E-1,1.421294403E0,1.733964203E1
7.334053221E1,-2.135908356E0,1.550176392E0,1.665631302E1
7.336069721E1,-3.025508423E0,1.265917511E0,1.827863937E1
7.338086221E1,-2.974763947E0,1.720522156E0,1.662877029E1
7.340102721E1,-2.509381714E0,1.770218811E0,1.493369522E1
7.342119221E1,-1.993554382E0,1.749262390E0,1.453926544E1
7.344135721E1,-1.052461395E0,1.899699554E0,1.143382324E1
7.346152221E1,-1.055305481E-1,1.703158264E0,1.167107986E1
7.348168721E1,9.720785522E-1,1.890568542E0,9.245673523E0
7.350185221E1,5.418731689E-1,1.684297485E0,7.404502258E0
7.352201721E1,4.866380310E-1,1.519190826E0,8.179740143E0
7.354218221E1,1.132245483E0,1.330732727E0,8.984915771E0
7.356234721E1,2.151925049E0,1.311422882E0,8.704848175E0
7.358251221E1,2.628833313E0,1.335672455E0,8.551566925E0
7.360267721E1,2.489173737E0,9.148974609E-1,1.010578491E1
7.362284221E1,2.016007690E0,6.605763245E-1,1.124356888E1
7.364300721E1,2.055974579E0,1.034049683E0,1.125449615E1
7.366317221E1,2.023492126E0,1.406924286E0,1.077758789E1
7.368333721E1,1.472038879E0,1.001267853E0,1.198168396E1
7.370350221E1,1.391955414E0,4.475692749E-2,1.396610733E1
7.372366721E1,1.891167297E0,-3.372486877E-1,1.369082977E1
7.374383221E1,2.112257538E0,-1.637594604E-1,1.238853790E1
7.376399721E1,1.409319305E0,2.125579834E-2,1.141855499E1
7.378416288E1,8.005352783E-1,1.743873596E-1,1.037567368E1
7.380432787E1,6.562353516E-1,2.839595032E-1,1.074809921E1
7.382449288E1,2.694396973E-1,1.676513672E-2,1.167048111E1
7.384465788E1,-5.343887329E-1,-1.724414062E-1,1.143292511E1
7.386482288E1,-8.129594421E-1,9.310638428E-2,1.007674530E1
7.388498788E1,-8.925938416E-1,4.177812195E-1,9.244775391E0
7.390515287E1,-1.231788483E0,6.854246521E-1,8.746461639E0
7.392531787E1,-1.390907593E0,7.791297913E-1,8.493637390E0
7.394548288E1,-1.267713776E0,9.264234924E-1,7.967631226E0
7.396564788E1,-1.140328674E0,1.005608826E0,7.434140625E0
7.398581288E1,-8.598120117E-1,1.072819061E0,6.740483093E0
7.400597888E1,-7.014413452E-1,1.181493073E0,6.447841644E0
7.402614388E1,-6.017486572E-1,1.192869415E0,6.551426239E0
7.404630788E1,-5.340893555E-1,1.109343109E0,6.928492126E0
7.406647388E1,-9.280700684E-2,9.666897583E-1,7.669301605E0
7.408663888E1,5.360353088E-1,9.997709656E-1,7.862549744E0
7.410680388E1,1.004411316E0,1.407672729E0,7.229665833E0
7.412696888E1,1.086889801E0,1.695524139E0,6.680457916E0
7.414713387E1,8.304730225E-1,1.965263214E0,6.341862030E0
7.416729887E1,7.626640320E-1,2.111209717E0,6.843917999E0
7.418746388E1,1.403032379E0,1.955383759E0,8.183332672E0
7.420762888E1,1.621428223E0,1.934726715E0,8.867410126E0
7.422779388E1,1.126108246E0,1.810934143E0,9.373358002E0
7.424795887E1,1.031804352E0,2.254611511E0,9.594597931E0
7.426812387E1,1.303190002E0,3.013683014E0,1.002929398E1
7.428828888E1,7.858657837E-1,3.165916443E0,1.050275940E1
7.430845388E1,-1.814227295E-1,2.151026917E0,1.243688736E1
7.432861888E1,-5.857319641E-1,6.963519287E-1,1.550101547E1
7.434878388E1,-2.619552612E-1,1.202000427E-1,1.552990540E1
7.436894887E1,2.185455322E-2,4.511618042E-1,1.371073837E1
7.438911388E1,-8.232879639E-1,6.264472961E-1,1.160491745E1
7.440927888E1,-2.111509094E0,2.095642090E-1,1.073522598E1
7.442944388E1,-2.396666107E0,3.397933960E-1,9.597891083E0
7.444960888E1,-2.327210541E0,5.089416504E-2,9.326056366E0
7.446977387E1,-1.963916016E0,7.694000244E-2,8.656798096E0
7.448993888E1,-1.743424530E0,3.324586487E-1,7.849826202E0
7.451010388E1,-1.502425690E0,5.974076843E-1,7.013665009E0
7.453026888E1,-1.193617859E0,7.583230591E-1,6.716532898E0
7.455043388E1,-4.394860840E-1,1.021775208E0,6.457870789E0
7.457059887E1,4.049079895E-1,1.453178101E0,6.502028961E0
7.459076388E1,5.420228577E-1,1.422491913E0,7.801327057E0
7.461092888E1,9.821076965E-1,1.463806000E0,8.729247437E0
7.463109388E1,1.472188568E0,2.018552399E0,8.073461151E0
7.465125888E1,1.399739227E0,2.283950500E0,7.758516083E0
7.467142387E1,1.553170166E0,2.279310150E0,8.392298126E0
7.469158887E1,1.822460175E0,1.789079590E0,1.072280182E1
7.471175388E1,2.648741913E0,1.888772278E0,1.178289734E1
7.473191888E1,3.042123871E0,2.425855408E0,1.109103607E1
7.475208388E1,2.764301605E0,2.872825928E0,1.105960144E1
7.477224888E1,2.991828461E0,3.285966797E0,1.156734558E1
7.479241358E1,3.188669128E0,2.731819153E0,1.284808228E1
7.481257858E1,2.602188721E0,1.204395447E0,1.521256531E1
7.483274358E1,2.222129059E0,2.589614868E-1,1.586730377E1
7.485290858E1,2.030826874E0,3.588038635E-1,1.430245789E1
7.487307358E1,1.888622589E0,1.188528442E0,1.162886765E1
7.489323858E1,1.316362610E0,1.490001526E0,1.047491730E1
7.491340358E1,3.556604004E-1,1.173858948E0,1.063358734E1
7.493356858E1,-1.910028076E-1,7.023394775E-1,1.138936569E1
7.495373358E1,-1.754351807E-1,1.637594604E-1,1.161689255E1
7.497389858E1,5.478607178E-2,-3.906875610E-2,1.112471603E1
7.499406358E1,-9.879455566E-3,-2.724334717E-2,9.846374359E0
7.501422858E1,-4.194277954E-1,9.131011963E-2,8.698860626E0
7.503439358E1,-7.565267944E-1,1.773811340E-1,7.933202820E0
7.505455858E1,-7.926017761E-1,2.686912537E-1,7.235054626E0
7.507472358E1,-5.875282288E-1,3.150947571E-1,6.853348389E0
7.509488858E1,-3.668870544E-1,3.448828125E-1,7.057972870E0
7.511505358E1,-2.254312134E-1,3.926335144E-1,6.805298309E0
7.513521858E1,-4.665797424E-1,4.233197021E-1,6.460116119E0
7.515538358E1,-7.117698669E-1,3.617976379E-1,6.229745178E0
7.517554858E1,-6.216572571E-1,5.074447632E-1,6.355483704E0
7.519571358E1,-2.016307068E-1,5.972579956E-1,6.681505737E0
7.521587858E1,2.772235107E-1,6.583309937E-1,7.596852264E0
7.523604358E1,2.841091919E-1,7.303312683E-1,8.269852753E0
7.525620858E1,3.757186890E-2,9.217831421E-1,9.009913788E0
7.527637358E1,-1.821711731E-1,8.411009216E-1,9.822873230E0
7.529653858E1,-1.621128845E-1,9.291178894E-1,1.003588028E1
7.531670258E1,3.414399719E-1,1.357077942E0,9.793085175E0
7.533686758E1,3.676354980E-1,1.363963623E0,9.444011078E0
7.535703258E1,-4.105961609E-1,1.188827820E0,1.005548950E1
7.537719758E1,-1.139131165E0,7.232958984E-1,1.124237137E1
7.539736258E1,-9.785151672E-1,2.544708252E-2,1.271321274E1
7.541752758E1,-3.746708679E-1,-5.477110291E-1,1.345596817E1
7.543769258E1,1.984872437E-1,-4.950205994E-1,1.238749008E1
7.545785758E1,-4.317022705E-1,-1.621128845E-1,1.123967697E1
7.547802258E1,-1.792672119E0,-2.098635864E-1,1.044497955E1
7.549818758E1,-2.694995728E0,-2.311193848E-1,9.955946503E0
7.551835258E1,-2.672841797E0,-4.837939453E-1,1.025188110E1
7.553851758E1,-2.074236603E0,-6.652166748E-1,1.022403900E1
7.555868258E1,-1.298250275E0,-4.595443726E-1,9.522447968E0
7.557884758E1,-1.051563263E0,-1.318757629E-1,8.737779694E0
7.559901258E1,-1.282532959E0,1.392105103E-2,8.162975006E0
7.561917758E1,-1.375040588E0,2.691403198E-1,8.041577454E0
7.563934258E1,-1.035247192E0,2.517764282E-1,8.454718323E0
7.565950758E1,-5.143304443E-1,3.855981445E-1,8.527616730E0
7.567967258E1,-3.995191956E-1,6.602769470E-1,8.071365509E0
7.569983758E1,-4.698728943E-1,6.216572571E-1,8.323591003E0
7.572000258E1,-7.409591675E-2,7.354206848E-1,8.454568634E0
7.574016758E1,5.267546082E-1,1.055904236E0,7.787406006E0
7.576033258E1,1.038989410E0,1.281335449E0,7.498656464E0
7.578049758E1,1.221310272E0,1.053060150E0,8.259524231E0
7.580066258E1,1.316512299E0,6.659651184E-1,9.200018463E0
7.582082758E1,1.367705841E0,5.635780334E-1,9.739795990E0
7.584099258E1,1.367107086E0,7.845185852E-1,9.261241150E0
7.586115758E1,1.451232147E0,1.238674164E0,8.268655243E0
7.588132258E1,1.377585297E0,1.503623199E0,7.608677673E0
7.590148758E1,1.240919495E0,1.593885498E0,8.020171967E0
7.592165258E1,1.284778290E0,1.497186584E0,8.999884644E0
7.594181758E1,1.305135956E0,1.532513123E0,9.572743378E0
7.596198258E1,1.039288788E0,1.373992767E0,1.031055908E1
7.598214758E1,8.491841125E-1,1.310375061E0,1.164443527E1
7.600231258E1,9.687854004E-1,1.938468933E0,1.276844788E1
7.602247758E1,1.431323547E0,2.458487549E0,1.354787704E1
7.604264258E1,1.603315887E0,2.014061737E0,1.585128708E1
7.606280758E1,2.038460999E0,1.695374451E0,1.728291000E1
7.608297258E1,1.314566345E0,9.234297180E-1,1.857876526E1
7.610313758E1,-1.672023010E-1,-6.932084656E-1,2.049343369E1
7.612330258E1,-1.420396271E0,-2.021246796E0,1.908890442E1
7.614346758E1,-1.132993927E0,-1.121916962E0,1.447639618E1
7.616363258E1,-1.194665680E0,-3.743714905E-1,1.146001877E1
7.618379758E1,-1.912872162E0,-4.543052673E-1,1.073402847E1
7.620396258E1,-2.101030884E0,-4.498146057E-1,9.197922821E0
7.622412758E1,-1.743424530E0,-5.382806396E-1,7.024143219E0
7.624429258E1,-1.389859772E0,-7.857160950E-1,5.550607452E0
7.626445758E1,-1.163979492E0,-1.043779449E0,4.892725525E0
7.628462258E1,-7.650590515E-1,-1.231638794E0,4.644092560E0
7.630478758E1,-4.727169800E-1,-1.354084167E0,4.412374420E0
7.632495258E1,-3.769161987E-1,-1.352138214E0,4.087998962E0
7.634511758E1,-8.117619324E-1,-1.461710358E0,3.475023651E0
7.636528258E1,-1.004860382E0,-1.485061798E0,2.698887634E0
7.638544758E1,-7.559280396E-1,-1.477727051E0,2.204615479E0
7.640561258E1,-4.489164734E-1,-1.260229340E0,2.002535706E0
7.642577758E1,-2.362088013E-1,-9.050180054E-1,2.139051819E0
7.644594258E1,-5.641767883E-1,-7.685018921E-1,2.694846039E0
7.646610758E1,-1.209484863E0,-6.713539124E-1,3.547922058E0
7.648627258E1,-1.275647278E0,-6.851252747E-1,5.433401184E0
7.650643758E1,-6.973997498E-1,-9.071136475E-2,6.845265198E0
7.652660258E1,-9.744735718E-2,1.696721649E0,8.022117920E0
7.654676758E1,-9.478289795E-1,3.029400330E0,1.028765671E1
7.656693158E1,-1.529519348E0,2.179467773E0,1.578003525E1
7.658709658E1,3.821553040E-1,2.093546448E0,1.967822891E1
7.660726158E1,1.812431030E0,2.410287781E0,2.154694290E1
7.662742658E1,1.798659668E0,2.776426392E0,2.402234528E1
7.664759158E1,1.748663635E0,4.011807404E0,1.905297913E1
7.666775658E1,3.126997375E-1,3.477268982E0,1.506422379E1
7.668792158E1,4.537065125E-1,1.483864288E0,1.661544800E1
7.670808658E1,3.005599823E0,5.373825073E-1,1.576746140E1
7.672825158E1,4.965623932E0,9.075627136E-1,1.345806381E1
7.674841658E1,4.035158844E0,1.293011169E0,1.086710175E1
7.676858158E1,2.222578125E0,1.488504639E0,8.258476410E0
7.678874608E1,1.631756744E0,1.832339630E0,6.705755310E0
7.680891108E1,2.008972321E0,2.088906097E0,5.478008423E0
7.682907608E1,2.644850006E0,2.527793427E0,6.187832336E0
7.684924108E1,2.059567108E0,2.135159912E0,8.077053680E0
7.686940608E1,1.952839050E0,2.276765442E0,8.835676117E0
7.688957108E1,2.266586609E0,2.646795959E0,8.174351349E0
7.690973608E1,1.574725342E0,2.934797058E0,7.601342926E0
7.692990108E1,8.231382751E-1,2.844983826E0,9.425749054E0
7.695006608E1,5.875282288E-1,2.051334229E0,1.270677612E1
7.697023108E1,1.105750580E0,1.491947479E0,1.367541183E1
7.699039608E1,1.542242889E0,1.515598297E0,1.454345673E1
7.701056108E1,8.836125183E-1,1.642684021E0,1.581311646E1
7.703072608E1,-7.231462097E-1,4.182302856E-1,1.693443466E1
7.705089108E1,-6.122268677E-1,-1.004111938E0,1.794363602E1
7.707105608E1,2.299218750E-1,-1.953288116E0,1.850556747E1
7.709122108E1,7.331753540E-1,-2.519261169E0,1.705568253E1
7.711138608E1,1.483415222E-1,-2.142195282E0,1.478206055E1
7.713155108E1,-1.007405090E0,-1.159638519E0,1.117501144E1
7.715171608E1,-1.813179474E0,3.457809448E-2,7.101083221E0
7.717188108E1,-2.308948517E0,9.196875000E-1,4.627177734E0
7.719204608E1,-2.054926758E0,1.254391479E0,3.895499268E0
7.721221108E1,-1.656156006E0,6.306385803E-1,3.720662842E0
7.723237608E1,-8.117619324E-1,5.450166321E-1,2.941832428E0
7.725254108E1,-3.917353821E-1,3.788621521E-1,2.099683685E0
7.727270608E1,-4.370910645E-2,2.489323425E-1,1.896556091E0
7.729287008E1,-7.125183105E-2,3.757186890E-1,2.470462646E0
7.731303508E1,-6.917115784E-1,2.302212524E-1,3.253484344E0
7.733320008E1,-1.297651520E0,1.146615601E-1,4.292922821E0
7.735336508E1,-1.465003510E0,-5.014572144E-2,4.883295135E0
7.737353008E1,-8.975335693E-1,2.442919922E-1,4.463118896E0
7.739369508E1,-9.129515076E-1,7.421566772E-1,3.911366272E0
7.741386008E1,-1.477128296E0,8.849597168E-1,4.501139832E0
7.743402508E1,-1.714534607E0,7.111711121E-1,5.605393524E0
7.745419008E1,-1.407672729E0,1.871109009E-1,7.071295166E0
7.747435508E1,-6.150709534E-1,-3.917353821E-1,8.788823547E0
7.749452008E1,1.112187195E-1,-4.376898193E-1,1.052521271E1
7.751468508E1,1.188378754E0,9.075627136E-1,1.057446030E1
7.753485008E1,1.440604248E0,2.540067902E0,1.133278336E1
7.755501508E1,1.065035248E0,3.532055054E0,1.339818832E1
7.757518008E1,-1.811233521E-2,2.798131256E0,1.739547592E1
7.759534508E1,3.796105957E-1,2.457589417E0,1.893996414E1
7.761551008E1,2.189347229E0,2.682122498E0,1.954545502E1
7.763567508E1,3.842060394E0,2.298919373E0,2.029494644E1
7.765584008E1,3.154390411E0,1.946103058E0,1.858056152E1
7.767600508E1,1.006506958E0,1.707349548E0,1.562091614E1
7.769617008E1,7.463479614E-1,1.599723358E0,1.469344482E1
7.771633508E1,2.192191315E0,1.262175293E0,1.337528595E1
7.773650008E1,3.275638275E0,1.294657745E0,1.194515991E1
7.775666508E1,2.728825378E0,1.278491364E0,1.086410797E1
7.777683008E1,1.326242065E0,8.605604553E-1,1.038181091E1
7.779699533E1,1.265169067E0,8.354127502E-1,9.484277344E0
7.781716033E1,1.674717407E0,9.181906128E-1,9.134305115E0
7.783732533E1,1.593586121E0,8.663983154E-1,8.915909271E0
7.785748933E1,7.054829407E-1,7.532336426E-1,8.508157196E0
7.787765433E1,-2.302212524E-1,6.858737183E-1,8.818012848E0
7.789781933E1,-7.851173401E-1,2.622546387E-1,8.463400269E0
7.791798433E1,-9.175918579E-2,2.133064270E-1,9.744286652E0
7.793814933E1,9.243278503E-1,-3.396437073E-1,1.234812195E1
7.795831433E1,4.593946838E-1,-1.586251373E0,1.435260361E1
7.797847933E1,-1.118623810E0,-2.893482971E0,1.401325928E1
7.799864433E1,-1.957030334E0,-2.911894684E0,1.203781723E1
7.801880933E1,-2.241139526E0,-2.302511902E0,1.075348801E1
7.803897433E1,-1.038390656E0,-1.467099152E0,1.077189972E1
7.805913933E1,5.354365540E-1,-1.301992493E0,1.125240051E1
7.807930433E1,8.557704163E-1,-1.508113861E0,1.091335556E1
7.809946933E1,1.676513672E-1,-1.290765839E0,9.643845520E0
7.811963433E1,-1.172062683E-1,-6.795867920E-1,8.267158356E0
7.813979933E1,1.529818726E-1,2.444416809E-1,6.118227081E0
7.815996433E1,-2.372566223E-1,1.033750305E0,4.322561188E0
7.818012933E1,-1.174308014E0,1.116079102E0,3.669319611E0
7.820029433E1,-1.830693054E0,1.558259583E-1,4.483925629E0
7.822045933E1,-7.077282715E-1,-2.546205139E-1,6.446644135E0
7.824062433E1,2.665956116E-1,-2.037263489E-1,6.690037994E0
7.826078933E1,3.866459656E-1,2.478845215E-1,6.483766937E0
7.828095433E1,-8.337661743E-1,4.379891968E-1,6.448141022E0
7.830111933E1,-2.161355438E0,6.933581543E-1,6.834337921E0
7.832128433E1,-2.772384796E0,8.500822449E-1,7.279362488E0
7.834144933E1,-2.694396973E0,9.627978516E-1,7.862998810E0
7.836161333E1,-2.073039093E0,1.120719452E0,8.107440491E0
7.838177833E1,-1.523531799E0,1.335223389E0,8.016878815E0
7.840194333E1,-1.524280243E0,1.198856964E0,8.334218903E0
7.842210833E1,-1.400787048E0,8.879534912E-1,1.038405624E1
7.844227333E1,-9.529183960E-1,-1.128652954E-1,1.318697754E1
7.846243833E1,-3.562591553E-1,-3.122506714E-1,1.341166031E1
7.848260333E1,2.532733154E-1,-6.137237549E-3,1.179846497E1
7.850276833E1,1.234033813E0,1.511107635E0,1.181523010E1
7.852293333E1,1.754351807E0,2.187850342E0,1.160132492E1
7.854309833E1,2.686463470E0,3.500620422E0,1.307590851E1
7.856326333E1,2.417323151E0,3.245850220E0,1.366268829E1
7.858342833E1,1.643133087E0,2.038610687E0,1.583063004E1
7.860359333E1,2.509681091E0,1.715283051E0,1.468865479E1
7.862375833E1,4.631818085E0,1.931134186E0,1.396461044E1
7.864392333E1,5.091811523E0,1.831890564E0,1.352886658E1
7.866408833E1,3.012635193E0,1.388662262E0,1.330852478E1
7.868425333E1,9.925859070E-1,9.497749329E-1,1.320583832E1
7.870441833E1,8.439450073E-1,6.387217712E-1,1.309327240E1
7.872458333E1,1.464255066E0,1.140927429E0,1.043809387E1
7.874474833E1,1.164727936E0,1.681154022E0,8.399782562E0
7.876491333E1,3.652404785E-1,1.883682861E0,7.025490417E0
7.878507796E1,-1.998344421E-1,1.909579010E0,6.363267517E0
7.880524296E1,-4.328997803E-1,1.908531189E0,6.600973206E0
7.882540796E1,5.942642212E-2,1.873504028E0,7.045698395E0
7.884557296E1,3.135978699E-1,1.730850677E0,8.098010101E0
7.886573796E1,1.772314453E-1,1.512754211E0,8.714577942E0
7.888590296E1,1.583706665E-1,1.593885498E0,9.127718811E0
7.890606796E1,-5.942642212E-2,1.441053314E0,9.928104401E0
7.892623296E1,-5.281018066E-1,1.021924896E0,1.051353699E1
7.894639796E1,-4.185296631E-1,1.024170227E0,1.119731506E1
7.896656296E1,4.079017639E-1,1.841919708E0,1.192884384E1
7.898672796E1,1.227597198E0,2.259251862E0,1.292621979E1
7.900689296E1,1.632056122E0,1.335522766E0,1.443732742E1
7.902705796E1,6.224057007E-1,-3.573069763E-1,1.469404358E1
7.904722296E1,-2.386038208E-1,-1.413660278E0,1.597867218E1
7.906738796E1,-4.375401306E-1,-1.309626617E0,1.388467667E1
7.908755296E1,-3.535647583E-1,-1.892065430E-1,9.891580353E0
7.910771796E1,-1.377884674E0,4.640350342E-2,7.528893585E0
7.912788296E1,-2.370470581E0,-1.960922241E-2,7.318131866E0
7.914804796E1,-1.850601654E0,-2.712359619E-1,7.309599609E0
7.916821196E1,-4.608915710E-1,-2.007325745E-1,6.320456543E0
7.918837696E1,5.300477600E-1,4.505630493E-2,4.626878357E0
7.920854196E1,8.804690552E-1,3.095562744E-1,3.547173615E0
7.922870696E1,4.631369019E-1,5.441184998E-1,3.586092682E0
7.924887196E1,-4.134402466E-1,7.973918152E-1,4.052223358E0
7.926903696E1,-1.004261627E0,1.055455170E0,4.270319824E0
7.928920196E1,-1.229992218E0,1.477727051E0,4.102069702E0
7.930936696E1,-1.360071716E0,1.650018768E0,4.534370728E0
7.932953196E1,-1.258582764E0,1.531465302E0,5.474266205E0
7.934969696E1,-1.033151550E0,1.634900208E0,5.981112213E0
7.936986196E1,-6.045927429E-1,1.589544525E0,7.763156433E0
7.939002696E1,-1.863624573E-1,1.365460510E0,1.068717590E1
7.941019196E1,9.372010803E-1,1.633702698E0,1.135763168E1
7.943035696E1,2.434986420E0,3.439996490E0,1.063598236E1
7.945052196E1,1.763632507E0,3.774251404E0,1.126213028E1
7.947068696E1,1.215173035E0,3.210074615E0,1.376193192E1
7.949085196E1,2.494712219E0,3.233276367E0,1.378408585E1
7.951101696E1,3.801644440E0,3.007246399E0,1.570084991E1
7.953118196E1,4.548291779E0,3.195405121E0,1.634361328E1
7.955134596E1,3.295995941E0,1.975591736E0,1.455857529E1
7.957151096E1,1.857637024E0,1.093625793E0,1.483744537E1
7.959167596E1,2.132016449E0,1.076411591E0,1.491019409E1
7.961184096E1,2.409090271E0,1.673220520E0,1.253613098E1
7.963200596E1,1.350940704E0,2.468666382E0,8.919801178E0
7.965217096E1,-1.267863464E-1,2.024989014E0,9.937684479E0
7.967233596E1,-5.628295898E-2,2.295925598E0,9.631870422E0
7.969250096E1,3.439846802E-1,2.186952209E0,9.631121979E0
7.971266596E1,5.535488892E-1,1.958078156E0,9.625284119E0
7.973283096E1,6.508465576E-1,1.806892548E0,9.332043915E0
7.975299596E1,6.450086975E-1,1.986519012E0,8.386011200E0
7.977316096E1,7.918533325E-1,2.095043335E0,8.182733917E0
7.979332508E1,1.321002960E0,1.962718506E0,9.526339874E0
7.981349008E1,1.383273468E0,1.556762695E0,1.055036041E1
7.983365508E1,1.171014862E0,1.102158051E0,1.219543945E1
7.985382008E1,1.122066650E0,1.093326416E0,1.322799225E1
7.987398508E1,1.236129456E0,1.124910736E0,1.334504883E1
7.989414908E1,1.445094910E0,8.376580811E-1,1.359338242E1
7.991431408E1,7.969427490E-1,-4.049079895E-1,1.536075714E1
7.993447908E1,-4.640350342E-2,-1.184187469E0,1.528127243E1
7.995464408E1,-1.413061523E-1,-8.907975769E-1,1.316138077E1
7.997480908E1,4.505630493E-2,1.233435059E-1,1.034513718E1
7.999497408E1,-5.652246094E-1,5.662724304E-1,8.923393707E0
8.001513908E1,-1.368304596E0,5.267546082E-1,8.170908508E0
8.003530408E1,-1.217717743E0,3.183879089E-1,7.689509583E0
8.005546908E1,-5.072950745E-1,4.062551880E-1,7.389533386E0
8.007563408E1,-1.139131165E-1,4.995112610E-1,7.221133575E0
8.009579908E1,6.286926270E-3,7.116201782E-1,6.288722534E0
8.011596408E1,-1.609153748E-1,9.635462952E-1,5.382656708E0
8.013612908E1,-2.133064270E-1,1.150657196E0,4.705614624E0
8.015629408E1,-3.140469360E-1,1.319655762E0,4.124972076E0
8.017645908E1,-3.962260437E-1,1.440753937E0,3.616629181E0
8.019662408E1,-2.993774414E-1,1.386416931E0,3.685935059E0
8.021678808E1,-1.767823792E-1,1.342109070E0,4.581073608E0
8.023695308E1,-6.116281128E-1,1.365011444E0,5.229375458E0
8.025711808E1,-8.331674194E-1,1.613644409E0,5.782774658E0
8.027728308E1,-5.303471375E-1,1.735640717E0,6.798262939E0
8.029744808E1,2.279759216E-1,1.833686829E0,8.468938751E0
8.031761308E1,6.054908752E-1,2.374961243E0,8.925639038E0
8.033777808E1,2.058219910E-1,3.360960846E0,7.732470245E0
8.035794308E1,-1.134790192E0,4.354594574E0,6.789131927E0
8.037810808E1,-1.693578186E0,3.623514862E0,9.134005737E0
8.039827308E1,-8.482859802E-1,1.335672455E0,1.523591675E1
8.041843808E1,1.161584473E-1,3.614982605E-1,1.778526535E1
8.043860308E1,8.792715454E-1,1.056652679E0,1.703412735E1
8.045876808E1,1.041833496E-1,1.987716522E0,1.476439728E1
8.047893308E1,-6.186634827E-1,2.978805542E0,1.267055145E1
8.049909808E1,-4.104464722E-1,3.752097473E0,1.064361649E1
8.051926208E1,1.040336609E-1,3.797752533E0,1.007135651E1
8.053942708E1,9.758207703E-1,3.911216583E0,9.273964691E0
8.055959208E1,1.349743195E0,3.632645874E0,9.634415131E0
8.057975708E1,1.994901581E0,3.402873688E0,1.059586578E1
8.059992208E1,3.187022552E0,3.627257080E0,1.063927551E1
8.062008708E1,3.488944702E0,3.735631714E0,1.023840912E1
8.064025208E1,3.401376801E0,3.879781952E0,9.163793793E0
8.066041708E1,3.227438507E0,3.601510620E0,9.184600525E0
8.068058208E1,3.401676178E0,3.151246948E0,1.001028351E1
8.070074708E1,3.274889832E0,2.609673157E0,1.169727539E1
8.072091208E1,2.358944550E0,2.078278198E0,1.329400497E1
8.074107708E1,1.365909576E0,1.569785614E0,1.485825211E1
8.076124208E1,1.915117493E0,2.110311584E0,1.566013458E1
8.078140708E1,2.682870941E0,1.966760101E0,1.759575943E1
8.080157288E1,2.071392517E0,9.960287476E-1,1.856768829E1
8.082173688E1,4.537065125E-1,-3.412902832E-2,1.868968460E1
8.084190188E1,-1.068927155E0,-1.469643860E0,1.851724319E1
8.086206688E1,-1.853445740E0,-1.733545074E0,1.600202362E1
8.088223188E1,-1.655706940E0,-1.178948364E0,1.407552979E1
8.090239687E1,-1.273102570E0,-7.427554321E-1,1.242985199E1
8.092256188E1,-1.006956024E0,-4.099974060E-1,1.112890732E1
8.094272688E1,-1.464105377E0,-3.444337463E-1,9.392069092E0
8.096289188E1,-2.165397034E0,-1.442999268E-1,7.531887360E0
8.098305688E1,-2.201172638E0,-1.502874756E-1,6.442303162E0
8.100322187E1,-1.663490753E0,5.418731689E-2,5.581293640E0
8.102338687E1,-1.167422333E0,2.336640930E-1,5.066663818E0
8.104355188E1,-1.005608826E0,4.176315308E-1,4.568350067E0
8.106371688E1,-9.526190186E-1,5.647755432E-1,4.291725311E0
8.108388188E1,-4.819976807E-1,6.930587769E-1,4.432432709E0
8.110404588E1,3.592529297E-3,9.382489014E-1,4.717140656E0
8.112421088E1,2.659968567E-1,1.062191162E0,5.249733124E0
8.114437588E1,3.839515686E-1,1.086291046E0,6.034102020E0
8.116454088E1,5.468128967E-1,8.990304565E-1,7.010222168E0
8.118470587E1,1.046024780E0,9.592053223E-1,7.881560211E0
8.120487087E1,1.494941254E0,1.214424591E0,8.583300934E0
8.122503588E1,1.526974640E0,1.859283600E0,8.504864044E0
8.124520088E1,8.910969543E-1,1.932481384E0,8.566984863E0
8.126536588E1,3.683839417E-1,1.872605896E0,9.783654785E0
8.128553088E1,3.076103210E-1,1.994153137E0,1.182600769E1
8.130569587E1,6.134243774E-1,2.190395050E0,1.295780411E1
8.132586088E1,7.352709961E-1,2.501597900E0,1.209499832E1
8.134602588E1,1.043330383E-1,2.541864166E0,1.108834167E1
8.136618987E1,-8.945397949E-1,1.984722748E0,1.106618774E1
8.138635487E1,-1.603764954E0,1.064586182E0,1.116109039E1
8.140651988E1,-1.080602875E0,5.694158936E-1,1.171583679E1
8.142668488E1,-3.604504395E-1,4.519102478E-1,1.122500748E1
8.144684988E1,1.721420288E-2,5.870791626E-1,1.050844757E1
8.146701488E1,2.531236267E-1,5.246589661E-1,1.004351440E1
8.148717987E1,7.253915405E-1,4.364923096E-1,1.022044647E1
8.150734488E1,1.617686005E0,3.989204407E-1,1.056278458E1
8.152750988E1,1.789977722E0,6.542893982E-1,1.028795609E1
8.154767488E1,1.267115021E0,1.290316772E0,9.638007660E0
8.156783988E1,8.345146179E-1,1.632056122E0,9.109606476E0
8.158800487E1,9.580078125E-1,1.851200409E0,8.944200439E0
8.160816988E1,1.445394287E0,1.700463867E0,9.465566254E0
8.162833388E1,1.905238037E0,1.529519348E0,9.769733734E0
8.164849888E1,2.241438904E0,1.218615875E0,1.077698914E1
8.166866387E1,2.764301605E0,1.043929138E0,1.112890732E1
8.168882888E1,3.277284851E0,1.244362335E0,1.100945572E1
8.170899388E1,3.711232452E0,1.731449432E0,1.139295822E1
8.172915888E1,3.882775726E0,2.175126801E0,1.163171173E1
8.174932388E1,3.358865204E0,2.127226410E0,1.194920151E1
8.176948887E1,1.907333679E0,1.569935303E0,1.234737350E1
8.178965338E1,1.038540344E0,9.403445435E-1,1.295690598E1
8.180981838E1,1.375489655E0,9.020242310E-1,1.294672714E1
8.182998338E1,1.936073914E0,1.262624359E0,1.193812454E1
8.185014838E1,1.324296112E0,1.321302338E0,1.116243759E1
8.187031337E1,-5.927673340E-2,1.111139374E0,1.084270248E1
8.189047738E1,-7.337741089E-1,6.393205261E-1,1.096694412E1
8.191064238E1,-7.860154724E-1,4.760101318E-1,1.030008087E1
8.193080737E1,-6.080355835E-1,7.170089722E-1,8.985065460E0
8.195097237E1,-5.388793945E-1,1.016685791E0,8.564589844E0
8.197113738E1,-7.870632935E-1,8.315208435E-1,8.795110474E0
8.199130238E1,-6.770420837E-1,7.340734863E-1,8.178542633E0
8.201146738E1,-3.742218018E-1,9.894424438E-1,6.709796906E0
8.203163238E1,-2.074685669E-1,1.155596924E0,5.980064392E0
8.205179737E1,-1.960922241E-1,1.035396881E0,6.009104004E0
8.207196238E1,2.544708252E-1,8.801696777E-1,6.524033203E0
8.209212738E1,6.941065979E-1,7.673043823E-1,6.756050720E0
8.211229238E1,1.062640228E0,1.042581940E0,6.680757294E0
8.213245637E1,1.244961090E0,1.277892609E0,7.134763184E0
8.215262138E1,1.133592682E0,1.408870239E0,7.453749847E0
8.217278638E1,1.340612183E0,1.738933868E0,7.433841248E0
8.219295138E1,1.575623474E0,1.944755859E0,7.665559387E0
8.221311638E1,1.917662201E0,2.073937225E0,8.131690063E0
8.223328137E1,2.170935516E0,2.163301392E0,9.180858307E0
8.225344638E1,2.174378357E0,2.007176056E0,1.065619034E1
8.227361138E1,2.171534271E0,2.077380066E0,1.094987961E1
8.229377638E1,2.235601044E0,2.207908630E0,1.222642502E1
8.231394138E1,3.222798157E0,3.158282318E0,1.178529236E1
8.233410637E1,3.194656677E0,3.590433655E0,1.063912582E1
8.235427138E1,9.681866455E-1,2.708467712E0,1.086904770E1
8.237443538E1,-7.967930603E-1,1.106948090E0,1.295930099E1
8.239460038E1,-8.801696777E-1,-2.215393066E-2,1.453103256E1
8.241476537E1,-2.704875183E-1,1.025367737E-1,1.421429123E1
8.243493038E1,-1.785636749E0,-7.993377686E-2,1.347243393E1
8.245509538E1,-3.852538605E0,-7.324269104E-1,1.229124023E1
8.247526038E1,-3.924987946E0,-1.178648987E0,1.096933914E1
8.249542538E1,-3.185974731E0,-1.208287354E0,1.007749374E1
8.251559037E1,-2.936892700E0,-1.160087585E0,9.369765472E0
8.253575537E1,-2.307451630E0,-8.005352783E-1,8.336464233E0
8.255592038E1,-1.470691681E0,-2.300715637E-1,7.294630737E0
8.257608538E1,-7.429051208E-1,2.204914856E-1,6.954837341E0
8.259625038E1,-2.779719543E-1,7.206015015E-1,7.178023224E0
8.261641438E1,-3.989204407E-1,1.068029022E0,7.445666656E0
8.263657938E1,-1.636097717E-1,1.488654327E0,7.635771332E0
8.265674438E1,-1.197509766E-2,1.727856903E0,7.743846588E0
8.267690938E1,2.264790344E-1,1.707648926E0,8.507558441E0
8.269707437E1,6.337820435E-1,1.689237213E0,9.122779083E0
8.271723937E1,9.610015869E-1,1.616189117E0,9.405690765E0
8.273740438E1,1.574126587E0,1.674867096E0,9.250463562E0
8.275756938E1,2.088906097E0,1.548679504E0,9.738897858E0
8.277773438E1,2.607278137E0,1.742676086E0,1.026909531E1
8.279789908E1,2.747237091E0,2.021995239E0,1.003722748E1
8.281806408E1,2.857108612E0,2.350262604E0,9.717492371E0
8.283822808E1,3.687132568E0,3.056044922E0,8.692873077E0
8.285839308E1,4.409530334E0,3.523223419E0,9.065448303E0
8.287855808E1,4.468358002E0,3.352278900E0,1.022194336E1
8.289872308E1,3.544479218E0,2.488425293E0,1.138113281E1
8.291888808E1,2.515668640E0,1.425635376E0,1.265498383E1
8.293905308E1,2.528691559E0,1.029409332E0,1.292008255E1
8.295921808E1,2.950963440E0,1.173110504E0,1.213286957E1
8.297938308E1,2.443069611E0,1.535357208E0,1.060634399E1
8.299954808E1,1.185684357E0,1.798509979E0,8.950337677E0
8.301971308E1,-1.462458801E-1,1.584155731E0,9.789492645E0
8.303987808E1,-7.328759766E-1,7.345225525E-1,1.175999496E1
8.306004208E1,-2.483335876E-1,5.300477600E-1,1.174876831E1
8.308020708E1,1.615141296E-1,8.460406494E-1,1.019634659E1
8.310037208E1,-1.317260742E-1,1.223106537E0,8.679550781E0
8.312053708E1,-7.132667542E-1,1.539099426E0,8.076155548E0
8.314070208E1,-7.384144592E-1,1.746418304E0,8.036937103E0
8.316086708E1,-4.957690430E-1,2.009720764E0,7.904312897E0
8.318103208E1,-1.068777466E-1,2.048041077E0,8.091723175E0
8.320119708E1,1.983375549E-1,1.761387177E0,8.261919250E0
8.322136208E1,6.324348450E-1,1.748663635E0,8.446784821E0
8.324152708E1,7.866142273E-1,2.196831665E0,7.545059967E0
8.326169208E1,1.003213806E0,2.452949066E0,7.375762024E0
8.328185608E1,1.407972107E0,2.524051208E0,7.789950714E0
8.330202108E1,1.199455719E0,2.183808746E0,8.396938477E0
8.332218608E1,6.574328613E-1,1.573078766E0,8.675509186E0
8.334235108E1,3.570075989E-1,2.122885437E0,1.018646713E1
8.336251608E1,4.478686523E-1,2.870730286E0,9.898915100E0
8.338268108E1,-1.329235840E-1,2.553240509E0,9.607770538E0
8.340284608E1,-7.701484680E-1,2.224524078E0,9.826016693E0
8.342301108E1,-1.283580780E0,2.009720764E0,1.059721298E1
8.344317608E1,-8.783734131E-1,2.817291412E0,1.150402725E1
8.346334108E1,-7.391629028E-1,3.449127502E0,1.097817078E1
8.348350508E1,-1.712888031E0,2.491269379E0,1.153650970E1
8.350367008E1,-2.031275940E0,1.363065491E0,1.274075546E1
8.352383508E1,-2.100581818E0,1.092278595E0,1.186507645E1
8.354400008E1,-2.349813538E0,1.447040863E0,1.034678375E1
8.356416508E1,-2.182162170E0,1.527872772E0,9.374854889E0
8.358433008E1,-1.582060089E0,1.569486237E0,9.295669556E0
8.360449508E1,-1.308429108E0,1.376836853E0,9.293723602E0
8.362466008E1,-1.772913208E0,9.044192505E-1,7.973319397E0
8.364482508E1,-2.145039368E0,3.824546814E-1,7.822133789E0
8.366499008E1,-1.465003510E0,5.258564758E-1,8.245303802E0
8.368515508E1,-9.011260986E-1,4.284091187E-1,8.230933685E0
8.370531908E1,-8.547225952E-1,4.299060059E-1,9.019793243E0
8.372548408E1,-1.821711731E0,5.054988098E-1,8.460256805E0
8.374564908E1,-1.741179199E0,1.076411591E0,8.065527649E0
8.376581408E1,-8.553213501E-1,5.270539856E-1,8.204887848E0
8.378597908E1,-2.344125366E-1,1.085093536E0,7.993377686E0
8.380614413E1,-1.672771454E0,5.571414185E-1,8.065078583E0
8.382630912E1,-1.557211761E0,9.026229858E-1,7.068900146E0
8.384647413E1,-5.284011841E-1,1.012045441E0,7.303312683E0
8.386663913E1,2.127076721E-1,9.285191345E-1,8.144712982E0
8.388680413E1,5.243595886E-1,9.229806519E-1,7.938741302E0
8.390696812E1,2.906954956E-1,7.945477295E-1,8.034691772E0
8.392713313E1,-3.912863159E-1,6.050418091E-1,8.464597778E0
8.394729813E1,8.247848511E-2,7.029382324E-1,8.831335144E0
8.396746313E1,7.435038757E-1,7.301815796E-1,7.867190094E0
8.398762813E1,1.476978607E0,1.300345917E0,7.524851990E0
8.400779312E1,1.740430756E0,1.795815582E0,7.399412842E0
8.402795812E1,1.575324097E0,2.168989563E0,8.077951813E0
8.404812313E1,1.425785065E0,2.271975403E0,9.325307922E0
8.406828813E1,1.680555267E0,2.322570190E0,9.559121704E0
8.408845313E1,1.781595154E0,2.181862793E0,9.580826569E0
8.410861713E1,1.375489655E0,2.331850891E0,9.643845520E0
8.412878213E1,2.151026917E0,3.460354156E0,9.754615173E0
8.414894713E1,3.111878815E0,4.283941498E0,1.051533325E1
8.416911213E1,3.735182648E0,4.554878082E0,1.291753784E1
8.418927712E1,3.535497894E0,4.146676941E0,1.650183426E1
8.420944212E1,1.435514832E0,1.839674377E0,2.115311188E1
8.422960713E1,3.372486877E-1,1.658551025E-1,2.336012238E1
8.424977213E1,6.072871399E-1,3.953279114E-1,1.992042526E1
8.426993713E1,9.891430664E-1,1.626218262E0,1.608989090E1
8.429010212E1,4.936734009E-1,2.143841858E0,1.388288040E1
8.431026712E1,-4.349954224E-1,1.715732117E0,1.252131180E1
8.433043213E1,-7.158114624E-1,1.247356110E0,1.100526443E1
8.435059613E1,-7.423063660E-1,1.123413849E0,8.735684052E0
8.437076112E1,-2.692900085E-1,9.500743103E-1,7.102280731E0
8.439092612E1,1.407073975E-2,7.476951599E-1,5.902974701E0
8.441109113E1,1.143621826E-1,5.972579956E-1,5.118905182E0
8.443125613E1,2.610571289E-1,5.962101746E-1,4.392316132E0
8.445142113E1,3.896397400E-1,4.481680298E-1,4.191134491E0
8.447158613E1,-1.227447510E-2,-6.077362061E-2,4.355792084E0
8.449175112E1,-5.709127808E-1,-4.246669006E-1,4.358187103E0
8.451191613E1,-7.228468323E-1,-7.226971436E-1,4.347110138E0
8.453208113E1,-5.104385376E-1,-4.951702881E-1,4.276007996E0
8.455224613E1,-4.135899353E-1,-2.261796570E-1,3.922293549E0
8.457241012E1,-4.739144897E-1,7.559280396E-2,3.490441589E0
8.459257513E1,-5.427713013E-1,1.793270874E-1,3.485352173E0
8.461274013E1,-8.885522461E-1,3.641926575E-1,3.743565216E0
8.463290513E1,-1.044078827E0,4.611909485E-1,4.977449341E0
8.465307013E1,-1.132544861E0,6.255491638E-1,5.929469604E0
8.467323512E1,-1.644330597E0,1.109642487E0,6.591842194E0
8.469340013E1,-1.737736359E0,2.304308167E0,7.627538452E0
8.471356513E1,-2.165546722E0,3.100053406E0,8.990903320E0
8.473373013E1,-2.627935181E0,3.220403137E0,1.046758255E1
8.475389513E1,-3.199596405E0,2.707569580E0,1.354338638E1
8.477406012E1,-2.532733154E0,2.959346008E0,1.493803619E1
8.479422558E1,-1.292711792E0,3.283871155E0,1.519011200E1
8.481439058E1,-9.845027161E-1,2.449955292E0,1.803943680E1
8.483455458E1,-1.312770081E-1,1.664239197E0,2.027443909E1
8.485471958E1,3.950285339E-1,1.795067139E0,1.713352066E1
8.487488458E1,3.302133179E-1,2.013912048E0,1.325568466E1
8.489504958E1,3.008743286E-2,1.481020203E0,1.225291992E1
8.491521458E1,1.059047699E0,1.858834534E0,1.219648727E1
8.493537958E1,2.084116058E0,1.666634216E0,1.211984665E1
8.495554458E1,2.096091156E0,1.715283051E0,1.045111679E1
8.497570958E1,2.021995239E0,1.916464691E0,9.413923645E0
8.499587458E1,2.267784119E0,2.021396484E0,8.738079071E0
8.501603958E1,2.630629578E0,2.253563690E0,8.980574799E0
8.503620458E1,2.290985870E0,2.129322052E0,9.646090851E0
8.505636958E1,1.820214844E0,2.057022400E0,1.036369858E1
8.507653458E1,5.972579956E-1,1.896705780E0,1.056802368E1
8.509669858E1,-3.490740967E-1,1.863474884E0,9.802964630E0
8.511686358E1,-9.280700684E-2,1.829495544E0,9.277108154E0
8.513702858E1,3.433859253E-1,1.479972382E0,1.016551071E1
8.515719358E1,1.571731567E-2,6.285429382E-1,1.143008102E1
8.517735858E1,-8.382568359E-1,-5.496569824E-1,1.482112930E1
8.519752358E1,-5.565426636E-1,-7.836204529E-1,1.432491119E1
8.521768858E1,5.176235962E-1,1.579216003E-1,1.250185226E1
8.523785358E1,1.490600281E0,8.613088989E-1,1.223465790E1
8.525801858E1,1.804497528E0,1.334025879E0,1.234812195E1
8.527818358E1,3.414399719E-1,8.024812317E-1,1.190594147E1
8.529834858E1,-5.248086548E-1,-4.131408691E-2,1.375040588E1
8.531851358E1,-7.240443420E-1,-1.005309448E0,1.375804001E1
8.533867858E1,-1.734892273E-1,-3.409909058E-1,1.126287872E1
8.535884358E1,-3.469784546E-1,-3.472778320E-2,8.666378174E0
8.537900758E1,-9.855505371E-1,4.505630493E-2,6.904392242E0
8.539917258E1,-1.455124054E0,-1.856140137E-2,5.736221466E0
8.541933758E1,-8.523275757E-1,-9.116043091E-2,5.328469391E0
8.543950258E1,6.158193970E-1,-4.305047607E-1,6.241869965E0
8.545966758E1,1.045575714E0,-3.580554199E-1,5.754932556E0
8.547983258E1,6.255491638E-1,-4.206253052E-2,4.846471710E0
8.549999758E1,5.748046875E-2,2.056723022E-1,4.704267426E0
8.552016258E1,-3.526666260E-1,3.930825806E-1,5.127138062E0
8.554032758E1,-8.461903381E-1,4.279600525E-1,5.210963745E0
8.556049258E1,-1.311123505E0,8.589138794E-1,4.740043030E0
8.558065758E1,-1.712438965E0,1.312171326E0,4.585863647E0
8.560082258E1,-1.721569977E0,1.687291260E0,5.073100433E0
8.562098758E1,-1.312021637E0,1.467997284E0,7.397766266E0
8.564115258E1,-6.996450806E-1,1.252295837E0,1.029065048E1
8.566131758E1,-2.859054565E-2,1.854343872E0,1.046413971E1
8.568148158E1,-1.975891113E-2,3.466641083E0,9.556876373E0
8.570164658E1,1.769320679E-1,4.687651978E0,8.857830048E0
8.572181158E1,5.968089294E-1,5.177134094E0,1.111678253E1
8.574197658E1,9.948312378E-1,4.722978516E0,1.442535233E1
8.576214158E1,1.554517365E0,4.246519318E0,1.494237717E1
8.578230658E1,1.941313019E0,4.207749939E0,1.383572845E1
8.580247133E1,2.511177979E0,4.283342743E0,1.386716309E1
8.582263633E1,2.584076385E0,3.974085846E0,1.353814728E1
8.584280133E1,2.292183380E0,3.041974182E0,1.390204056E1
8.586296633E1,2.584076385E0,1.613794098E0,1.624242371E1
8.588313133E1,2.447859650E0,1.337468719E0,1.495944168E1
8.590329633E1,1.136586456E0,1.885628815E0,1.182989960E1
8.592346033E1,3.553610229E-1,2.390079803E0,9.173224182E0
8.594362533E1,3.293151855E-1,2.570754089E0,7.193291473E0
8.596379033E1,5.839356995E-1,2.395917664E0,6.732100525E0
8.598395533E1,7.646099854E-1,1.850002899E0,6.877448273E0
8.600412033E1,1.015188904E0,1.603465576E0,6.391558685E0
8.602428533E1,1.343306580E0,1.717528381E0,5.784121857E0
8.604445033E1,1.753753052E0,1.879790955E0,6.013894043E0
8.606461533E1,1.972448273E0,2.063009949E0,6.698121185E0
8.608478033E1,2.205064545E0,2.121837616E0,7.085964661E0
8.610494533E1,2.314337311E0,2.013612671E0,7.003635864E0
8.612511033E1,2.195484467E0,2.149380341E0,6.748266907E0
8.614527533E1,2.692600708E0,2.329006805E0,8.258476410E0
8.616543933E1,4.090992737E0,2.245779877E0,1.105301514E1
8.618560433E1,5.740113373E0,2.980601807E0,1.288804916E1
8.620576933E1,6.187083893E0,4.039799194E0,1.260169464E1
8.622593433E1,6.180198212E0,4.421355743E0,1.357586884E1
8.624609933E1,6.058800659E0,3.732787628E0,1.659928162E1
8.626626433E1,5.635331268E0,2.028880920E0,1.936478073E1
8.628642933E1,4.188440094E0,2.932402039E-1,1.946028214E1
8.630659433E1,1.315464478E0,-2.718347168E-1,1.685105804E1
8.632675933E1,-5.519023132E-1,5.026547241E-1,1.249137405E1
8.634692433E1,-4.471202087E-1,9.984237671E-1,9.889933777E0
8.636708933E1,-3.300636292E-1,8.996292114E-1,8.907975769E0
8.638725333E1,8.711883545E-2,9.478289795E-1,8.121361542E0
8.640741833E1,3.034190369E-1,7.405101013E-1,7.165000305E0
8.642758333E1,1.766326904E-2,5.028044128E-1,5.978567505E0
8.644774833E1,-9.370513916E-2,5.760021973E-1,5.214705963E0
8.646791333E1,2.315684509E-1,7.623646545E-1,4.796475677E0
8.648807833E1,1.023870850E-1,9.584568787E-1,4.133504333E0
8.650824333E1,-5.538482666E-2,1.047521667E0,4.239483948E0
8.652840833E1,7.185058594E-2,9.315129089E-1,4.551584930E0
8.654857333E1,6.017486572E-1,8.159532166E-1,5.160069580E0
8.656873833E1,8.613088989E-1,1.049467621E0,5.411696320E0
8.658890233E1,9.704319763E-1,1.476529541E0,5.387147369E0
8.660906733E1,9.419911194E-1,1.853595428E0,5.246439972E0
8.662923233E1,9.761201477E-1,1.940414886E0,5.962101746E0
8.664939733E1,8.993298340E-1,1.701960754E0,7.119345245E0
8.666956233E1,7.599696350E-1,1.366059265E0,8.828940125E0
8.668972733E1,1.015188904E0,1.844165039E0,9.206904144E0
8.670989233E1,1.511407013E0,2.988834686E0,9.052575073E0
8.673005733E1,2.027384033E0,4.091441803E0,8.460256805E0
8.675022233E1,2.869981842E0,5.301076355E0,8.139324188E0
8.677038733E1,2.806962891E0,5.552254028E0,9.473948822E0
8.679055133E1,2.900668030E0,5.309309235E0,1.144190643E1
8.681071683E1,3.156186676E0,4.900359650E0,1.325957657E1
8.683088183E1,2.816542969E0,4.614903259E0,1.416654053E1
8.685104683E1,1.085243225E0,3.580703888E0,1.606848541E1
8.687121183E1,2.619552612E-1,2.674039307E0,1.656111099E1
8.689137683E1,9.295669556E-2,2.525847473E0,1.437954758E1
8.691154183E1,1.706451416E-2,2.758463745E0,1.205607925E1
8.693170683E1,-1.618135071E-1,2.220332794E0,1.148322052E1
8.695187183E1,-2.649490356E-1,1.969903564E0,9.744885406E0
8.697203683E1,-1.770817566E-1,1.753154297E0,8.823701019E0
8.699220083E1,2.537223816E-1,1.079255676E0,9.584419098E0
8.701236583E1,1.280287628E0,3.722758484E-1,1.119102814E1
8.703253083E1,1.713935852E0,6.105802917E-1,1.001896545E1
8.705269583E1,1.501377869E0,1.133592682E0,8.545729065E0
8.707286083E1,9.816586304E-1,1.259480896E0,8.341254272E0
8.709302583E1,1.434167633E0,1.343905334E0,8.577612762E0
8.711319083E1,1.492097168E0,1.214723969E0,8.818461914E0
8.713335583E1,1.270557861E0,1.323397980E0,7.855364685E0
8.715352083E1,1.016835480E0,1.826501770E0,6.832990723E0
8.717368483E1,4.448748779E-1,1.975142670E0,7.225025482E0
8.719384983E1,2.556683350E-1,2.005679169E0,7.729326782E0
8.721401483E1,1.183888092E0,1.996847534E0,8.014783173E0
8.723417983E1,1.478774872E0,1.852397919E0,7.742649078E0
8.725434483E1,1.427281952E0,1.546134796E0,8.034542084E0
8.727450983E1,9.081614685E-1,1.165177002E0,8.618926849E0
8.729467483E1,1.009201355E0,1.102307739E0,9.303303680E0
8.731483983E1,1.880389709E0,1.613494720E0,9.045390015E0
8.733500483E1,2.570903778E0,2.160307617E0,9.019044800E0
8.735516883E1,2.770438843E0,1.728156281E0,1.064855621E1
8.737533383E1,2.482437744E0,7.887098694E-1,1.264809814E1
8.739549883E1,2.566413116E0,1.052461395E0,1.288939636E1
8.741566383E1,2.498604126E0,2.051483917E0,1.031490005E1
8.743582883E1,2.056573334E0,2.027533722E0,9.976902924E0
8.745599383E1,1.760039978E0,1.625320129E0,1.146555725E1
8.747615883E1,2.269580383E0,1.504221954E0,1.175984528E1
8.749632383E1,2.201771393E0,1.938169556E0,1.043001068E1
8.751648883E1,1.964963837E0,2.574945374E0,9.256600800E0
8.753665283E1,1.556463318E0,2.633323975E0,8.830886078E0
8.755681783E1,1.653311920E0,2.169588318E0,9.040300598E0
8.757698283E1,1.922302551E0,1.399290161E0,9.603130188E0
8.759714783E1,2.161355438E0,8.565188599E-1,9.411678314E0
8.761731283E1,2.136058044E0,7.673043823E-1,8.046816559E0
8.763747783E1,1.519041138E0,8.315208435E-1,7.001989288E0
8.765764283E1,1.311123505E0,6.113287354E-1,7.507637787E0
8.767780783E1,1.404978333E0,3.838018799E-1,8.531059570E0
8.769797283E1,1.134640503E0,2.679428101E-1,8.212222595E0
8.771813683E1,8.457412720E-1,3.567082214E-1,6.914122009E0
8.773830183E1,7.776329041E-1,2.745291138E-1,7.645950165E0
8.775846683E1,1.982028351E0,1.024619293E0,9.219028931E0
8.777863183E1,2.448757782E0,2.090402985E0,1.015712814E1
8.779879662E1,2.206262054E0,3.379821625E0,9.944570160E0
8.781896163E1,1.678609314E0,5.108127594E0,9.256002045E0
8.783912663E1,8.931925964E-1,5.883814545E0,9.842632141E0
8.785929163E1,1.302890625E0,6.163882141E0,1.070394104E1
8.787945563E1,2.627635803E0,5.771997070E0,1.220846237E1
8.789962063E1,3.048710175E0,5.547613678E0,1.176718002E1
8.791978563E1,2.026036835E0,5.162015533E0,1.083866089E1
8.793995063E1,1.103056183E0,4.453688507E0,1.110780121E1
8.796011562E1,1.323697357E0,4.063899078E0,1.017913239E1
8.798028062E1,1.935924225E0,3.569327545E0,8.782386932E0
8.800044563E1,2.111509094E0,3.319796448E0,7.328610077E0
8.802061063E1,1.249002686E0,2.873424683E0,7.520061951E0
8.804077563E1,3.424877930E-1,2.374811554E0,8.615484009E0
8.806093962E1,3.185375977E-1,1.882335663E0,8.800648956E0
8.808110463E1,8.385562134E-1,1.707349548E0,7.605384521E0
8.810126963E1,7.870632935E-1,1.844614105E0,5.768853607E0
8.812143463E1,6.295907593E-1,1.989512787E0,5.915249176E0
8.814159962E1,8.518785095E-1,1.968556366E0,6.825356598E0
8.816176462E1,1.506317596E0,1.754800873E0,7.784561920E0
8.818192963E1,1.401834869E0,1.753603363E0,7.991132355E0
8.820209463E1,9.586065674E-1,1.611249390E0,8.422684937E0
8.822225862E1,1.060993652E0,1.451381836E0,9.177565155E0
8.824242362E1,1.951791229E0,1.810634766E0,9.755513306E0
8.826258863E1,2.771935730E0,2.006427612E0,1.055110886E1
8.828275363E1,2.982697449E0,2.198927307E0,1.163859741E1
8.830291863E1,2.453098755E0,1.295555878E0,1.345102844E1
8.832308363E1,1.827848969E0,4.640350342E-1,1.457728638E1
8.834324862E1,1.489851837E0,7.631130981E-1,1.354667953E1
8.836341363E1,1.292113037E0,1.893412628E0,1.113190109E1
8.838357863E1,3.098556519E-1,2.519410858E0,1.013781830E1
8.840374262E1,2.859054565E-1,2.336341553E0,1.088012466E1
8.842390762E1,1.588347015E0,1.969454498E0,1.072998688E1
8.844407263E1,2.270179138E0,2.009720764E0,9.719138947E0
8.846423763E1,2.483036499E0,2.236199799E0,9.089697876E0
8.848440263E1,2.373314667E0,2.154170380E0,9.095835114E0
8.850456763E1,2.336790619E0,1.935175781E0,9.088051300E0
8.852473262E1,1.828298035E0,1.553319855E0,8.640332336E0
8.854489663E1,1.791773987E0,9.737251282E-1,9.292975159E0
8.856506163E1,2.168091431E0,6.149212646E-1,9.915530548E0
8.858522663E1,2.337988129E0,8.577163696E-1,8.815019073E0
8.860539162E1,2.077978821E0,1.345102844E0,7.334897003E0
8.862555663E1,1.811532898E0,1.336121521E0,7.093898163E0
8.864572163E1,1.827848969E0,1.028211823E0,7.614365845E0
8.866588663E1,2.310445404E0,8.246351624E-1,8.303383026E0
8.868605163E1,2.704126740E0,7.408094788E-1,8.539591827E0
8.870621563E1,2.361938324E0,6.593788147E-1,8.978329468E0
8.872638063E1,2.398312683E0,1.096918945E0,9.332792358E0
8.874654563E1,2.497406616E0,1.581012268E0,9.869426422E0
8.876671063E1,2.421065369E0,2.574196930E0,9.749076691E0
8.878687562E1,1.694476318E0,3.757186890E0,9.239835663E0
8.880704033E1,1.066681824E0,4.056264954E0,1.018122803E1
8.882720533E1,2.186353455E0,4.813240814E0,1.005668701E1
8.884737033E1,3.845054169E0,5.933361511E0,9.079219666E0
8.886753433E1,3.409909058E0,5.590274963E0,8.664432220E0
8.888769933E1,1.682052155E0,3.878734131E0,1.052012329E1
8.890786433E1,9.060658264E-1,2.017055511E0,1.301618271E1
8.892802933E1,1.055305481E0,1.002615051E0,1.156360336E1
8.894819433E1,8.207432556E-1,1.184187469E0,8.684640198E0
8.896835933E1,-1.481768646E0,1.184486847E0,7.252119141E0
8.898852433E1,-3.784879303E0,1.369951172E0,6.830595703E0
8.900868933E1,-3.463647308E0,7.839198303E-1,7.719896393E0
8.902885333E1,-1.316212921E0,-2.080673218E-2,9.954000549E0
8.904901833E1,1.293310547E-1,3.921844482E-2,9.317374420E0
8.906918333E1,6.709048462E-1,8.497828674E-1,7.339237976E0
8.908934833E1,8.210426331E-1,1.627116394E0,6.776707764E0
8.910951333E1,1.686842194E0,2.323767700E0,6.730004883E0
8.912967833E1,3.018323364E0,2.757266235E0,7.525750122E0
8.914984333E1,3.704496460E0,3.408861237E0,7.472011871E0
8.917000833E1,4.062551880E0,4.178111572E0,7.186854858E0
8.919017233E1,4.159250793E0,4.713697815E0,7.654632111E0
8.921033733E1,4.696932678E0,4.862787781E0,9.662556610E0
8.923050233E1,5.859564972E0,4.166585541E0,1.258463013E1
8.925066733E1,6.763086090E0,3.708388367E0,1.370115829E1
8.927083233E1,6.686295776E0,4.221670990E0,1.415396667E1
8.929099733E1,6.224057007E0,4.220922546E0,1.637759262E1
8.931116233E1,5.294490051E0,2.595153351E0,2.058519287E1
8.933132733E1,3.933370514E0,3.942800903E-1,2.214015930E1
8.935149133E1,2.176174622E0,-1.242117004E0,2.184167999E1
8.937165633E1,6.406677246E-2,-1.608554993E0,1.624077713E1
8.939182133E1,-2.105371857E0,-1.296603699E0,1.200593353E1
8.941198633E1,-2.294428711E0,-6.962022400E-1,1.128712830E1
8.943215133E1,-2.041604462E0,-1.019679565E0,1.157872192E1
8.945231633E1,-1.900298309E0,-1.332828369E0,1.149774033E1
8.947248133E1,-1.958826599E0,-1.445244598E0,1.054631882E1
8.949264633E1,-2.012115784E0,-1.067130890E0,7.386389923E0
8.951281033E1,-2.076182556E0,-8.634045410E-1,5.048701172E0
8.953297533E1,-1.918260956E0,-7.797285461E-1,3.789519653E0
8.955314033E1,-1.539398804E0,-8.173004150E-1,3.921096039E0
8.957330533E1,-1.059646454E0,-7.261399841E-1,3.957620087E0
8.959347033E1,-1.036594391E0,-4.447251892E-1,3.526516571E0
8.961363533E1,-1.513951721E0,-2.035766602E-2,2.505489807E0
8.963380033E1,-2.019899597E0,3.594026184E-1,2.175875244E0
8.965396533E1,-2.229014740E0,4.083508301E-1,2.340383148E0
8.967412933E1,-2.031874695E0,2.601589966E-1,3.110531616E0
8.969429433E1,-1.537901917E0,-1.586700439E-2,4.646637268E0
8.971445933E1,-1.410067749E-1,1.493893433E-1,7.731123047E0
8.973462433E1,6.468049622E-1,1.246457977E0,6.814579010E0
8.975478933E1,2.228865051E-1,2.936593323E0,4.335284729E0
8.977495433E1,-2.469863892E-1,3.708987122E0,6.013295288E0
8.979511987E1,7.009922791E-1,3.945046234E0,9.053473206E0
8.981528388E1,2.067201233E0,4.717440033E0,8.884774017E0
8.983544888E1,1.667232971E0,5.750292206E0,7.984396362E0
8.985561387E1,1.105900269E0,5.082979889E0,1.054676788E1
8.987577887E1,1.425485687E0,2.800526276E0,1.450184326E1
8.989594388E1,2.105820923E0,5.999523926E-1,1.746178802E1
8.991610888E1,2.998863831E0,1.041833496E-1,1.829390762E1
8.993627388E1,2.403102722E0,7.131170654E-1,1.697874252E1
8.995643888E1,1.208137665E0,1.422042847E0,1.510868134E1
8.997660288E1,8.416996765E-1,1.873653717E0,1.315763855E1
8.999676788E1,2.085163879E0,1.701960754E0,1.350671265E1
9.001693288E1,3.716172180E0,1.869013367E0,1.342603043E1
9.003709787E1,3.837270355E0,2.483934631E0,1.235216354E1
9.005726287E1,3.421734467E0,3.119812317E0,1.085931793E1
9.007742788E1,3.741469574E0,3.818409576E0,9.719138947E0
9.009759288E1,4.497098236E0,4.261937256E0,9.409732361E0
9.011775788E1,5.111869812E0,3.903881836E0,1.050919601E1
9.013792187E1,5.230423279E0,3.263363800E0,1.101469482E1
9.015808688E1,4.822222137E0,2.468965759E0,1.051338730E1
9.017825188E1,4.411775665E0,1.856289825E0,9.264683990E0
9.019841688E1,4.005221100E0,1.052611084E0,9.614356842E0
9.021858188E1,2.817590790E0,-1.311273193E-1,1.109986771E1
9.023874687E1,2.945275269E0,-1.422192535E0,1.290167084E1
9.025891188E1,3.717070312E0,-1.993704071E0,1.238299942E1
9.027907588E1,2.942431183E0,-1.017134857E0,1.036714142E1
9.029924087E1,2.058519287E0,2.368075562E-1,8.821755066E0
9.031940587E1,1.651964722E0,1.156045990E0,9.022038574E0
9.033957088E1,2.336940308E0,8.036787415E-1,1.026909531E1
9.035973588E1,2.414179688E0,3.088078308E-1,1.065379532E1
9.037990088E1,1.340612183E0,-1.832189941E-1,1.129745682E1
9.040006588E1,9.135502625E-1,8.711883545E-2,1.196027847E1
9.042023087E1,6.985972595E-1,8.164022827E-1,9.872120819E0
9.044039488E1,2.544708252E-3,1.445543976E0,7.687713318E0
9.046055988E1,-9.312135315E-1,1.833986206E0,6.355184326E0
9.048072488E1,-1.736987915E0,1.773511963E0,7.593559113E0
9.050088987E1,-1.818867645E0,1.563498688E0,8.335865479E0
9.052105488E1,-6.945556641E-1,1.263672180E0,9.700876923E0
9.054121988E1,8.527766418E-1,1.462758179E0,9.786648560E0
9.056138488E1,-1.933978271E-1,2.205513611E0,8.726702728E0
9.058154887E1,-1.618135071E0,2.714455261E0,7.649991760E0
9.060171388E1,-1.454076233E0,2.688259735E0,7.306905212E0
9.062187888E1,-4.122427368E-1,2.056723022E0,8.000263367E0
9.064204388E1,3.606001282E-1,2.250270538E0,8.600515137E0
9.066220888E1,1.866618347E-1,2.549198914E0,6.609505463E0
9.068237387E1,-2.151326294E0,2.920127563E0,6.598428497E0
9.070253888E1,-2.315534821E0,2.805316315E0,8.522227936E0
9.072270388E1,-5.315446472E-1,2.432292023E0,8.057594147E0
9.074286788E1,1.511856079E-2,2.625839539E0,5.921087036E0
9.076303287E1,6.032455444E-2,4.036955109E0,6.689139862E0
9.078319788E1,3.567082214E-1,4.212539978E0,8.389753418E0
9.080336213E1,-2.380050659E-2,3.504063263E0,1.246353195E1
9.082352713E1,-2.396516418E-1,2.850971375E0,1.422282349E1
9.084369212E1,-2.035616913E0,1.654808807E0,1.454630081E1
9.086385713E1,-3.997586975E0,1.444645844E0,1.588197327E1
9.088402213E1,-3.231629791E0,1.655108185E0,1.538321045E1
9.090418613E1,-9.410929871E-1,2.883154449E0,1.357991043E1
9.092435112E1,-2.776426392E0,2.358495483E0,1.397972900E1
9.094451613E1,-3.982767792E0,1.875000916E0,1.354667953E1
9.096468113E1,-3.844904480E0,2.098336487E0,1.186567520E1
9.098484613E1,-2.506088562E0,2.370320892E0,1.079450272E1
9.100501113E1,-1.037193146E0,1.778302002E0,1.100960541E1
9.102517612E1,4.581971741E-1,1.307980042E0,1.123084534E1
9.104534013E1,9.068142700E-1,1.312171326E0,9.914782104E0
9.106550513E1,7.238946533E-1,1.440454559E0,9.683513031E0
9.108567013E1,1.433119812E0,1.999392242E0,8.293952637E0
9.110583512E1,1.748364258E0,2.306403809E0,7.264992371E0
9.112600013E1,-1.755848694E-1,2.278861084E0,7.322023773E0
9.114616513E1,9.071136475E-2,2.821782074E0,5.454357605E0
9.116633013E1,5.013075256E-1,3.001258850E0,5.632487183E0
9.118649513E1,4.296066284E-2,2.796784058E0,8.668773193E0
9.120665913E1,2.930905151E-1,2.994223480E0,8.827592926E0
9.122682413E1,1.471440125E0,3.104095001E0,8.205037537E0
9.124698913E1,2.006876678E0,2.256407776E0,1.003662872E1
9.126715413E1,2.623444519E0,1.656904449E0,1.192570038E1
9.128731912E1,3.388802948E0,2.470013580E0,1.113699051E1
9.130748413E1,3.912264404E0,2.915786591E0,1.004456223E1
9.132764913E1,3.565285950E0,2.050136719E0,1.111049561E1
9.134781313E1,4.052971802E0,9.906399536E-1,1.171748337E1
9.136797812E1,3.698508911E0,6.944059753E-1,1.173918823E1
9.138814313E1,2.713706818E0,1.196461945E0,1.021535706E1
9.140830813E1,1.695075073E0,1.395547943E0,8.590186615E0
9.142847313E1,1.006207581E0,1.790277100E0,7.975415039E0
9.144863813E1,1.133892059E0,1.900447998E0,8.004903717E0
9.146880312E1,1.413510590E0,1.222807159E0,9.503736877E0
9.148896813E1,1.367855530E0,5.611830139E-1,1.144130768E1
9.150913213E1,1.705253906E0,4.891827393E-1,1.126003464E1
9.152929713E1,1.344354401E0,1.097966766E0,9.942025452E0
9.154946212E1,-4.565505981E-2,1.537303162E0,8.193511505E0
9.156962713E1,-1.132694550E0,1.522933044E0,6.854396210E0
9.158979213E1,-5.917195129E-1,1.073268127E0,7.060966644E0
9.160995713E1,1.061742096E0,8.414002991E-1,9.381740570E0
9.163012213E1,1.804198151E0,8.002359009E-1,9.921667786E0
9.165028613E1,1.448388062E0,9.192384338E-1,9.476792908E0
9.167045113E1,3.903881836E-1,1.135388947E0,9.475296021E0
9.169061613E1,6.297404480E-1,1.292412415E0,9.413773956E0
9.171078113E1,2.050286407E0,1.268462219E0,1.036474640E1
9.173094612E1,2.172881470E0,1.478475494E0,1.069226532E1
9.175111113E1,1.971400452E0,1.700763245E0,8.194110260E0
9.177127613E1,2.466421051E0,1.386267242E0,7.899522858E0
9.179144113E1,3.689527588E0,9.029223633E-1,1.029184799E1
9.181160575E1,5.114115143E0,7.006929016E-1,1.145492935E1
9.183177075E1,5.073848877E0,8.878038025E-1,1.085303101E1
9.185193575E1,3.410507812E0,1.074914703E0,8.820407867E0
9.187210075E1,1.504371643E0,1.425036621E0,8.433462524E0
9.189226575E1,2.489323425E0,1.797611847E0,8.524622955E0
9.191243075E1,3.379522247E0,2.195933533E0,8.499475250E0
9.193259575E1,1.971999207E0,2.098486176E0,8.948691101E0
9.195275975E1,6.728507996E-1,1.182840271E0,1.114282837E1
9.197292475E1,2.315834198E0,9.131011963E-3,1.442924423E1
9.199308975E1,2.336790619E0,-3.457809448E-1,1.404199951E1
9.201325475E1,6.213578796E-1,1.106199646E-1,1.169024002E1
9.203341975E1,-4.040098572E-1,4.305047607E-1,9.342522125E0
9.205358475E1,-2.921923828E-1,1.896556091E-1,9.354646912E0
9.207374975E1,1.631607056E-1,-3.936813354E-2,9.922565918E0
9.209391375E1,2.275268555E-2,-2.875520325E-1,9.038953400E0
9.211407875E1,-5.840853882E-1,-9.864486694E-2,8.600215759E0
9.213424375E1,-3.577560425E-2,2.736309814E-1,8.612490234E0
9.215440875E1,5.390290833E-1,3.893403625E-1,6.565496979E0
9.217457375E1,2.774480438E0,4.412823486E-1,6.759343872E0
9.219473875E1,3.098406830E0,1.523831177E-1,8.000712433E0
9.221490375E1,2.946772156E0,4.457730103E-1,8.433612213E0
9.223506775E1,3.295397186E0,8.756790161E-1,8.361162872E0
9.225523275E1,3.145858154E0,1.215921478E0,8.703500977E0
9.227539775E1,3.604803772E0,1.440903625E0,7.976163483E0
9.229556275E1,3.376678162E0,1.714983673E0,7.769892426E0
9.231572775E1,3.251987457E0,1.675166473E0,8.286318512E0
9.233589275E1,3.427123260E0,1.591490479E0,9.041797485E0
9.235605775E1,3.898493042E0,1.717678070E0,9.144184570E0
9.237622275E1,3.678600311E0,2.070344696E0,8.064330139E0
9.239638675E1,3.540287933E0,2.226769409E0,7.412884827E0
9.241655175E1,3.954027557E0,2.193987579E0,8.117918701E0
9.243671675E1,4.727618866E0,2.152823181E0,9.193881226E0
9.245688175E1,4.715643768E0,2.051633606E0,9.387578430E0
9.247704675E1,4.821922760E0,1.875899048E0,8.832832031E0
9.249721175E1,5.760471039E0,1.569186859E0,8.976084137E0
9.251737675E1,6.679709473E0,1.049018555E0,9.265582123E0
9.253754075E1,6.320755920E0,5.748046875E-1,9.407487030E0
9.255770575E1,6.657555542E0,-4.999603271E-2,9.902357941E0
9.257787075E1,6.797364807E0,-8.484356689E-1,1.096050751E1
9.259803575E1,6.468049622E0,-1.278641052E0,1.059511734E1
9.261820075E1,5.367089081E0,-1.484762421E0,9.393715668E0
9.263836575E1,5.439987488E0,-1.416055298E0,9.070687408E0
9.265853075E1,4.939578094E0,-1.441352692E0,8.297545166E0
9.267869475E1,4.887187042E0,-1.434467010E0,7.625742188E0
9.269885975E1,4.316423950E0,-1.528022461E0,8.665779419E0
9.271902475E1,3.319796448E0,-1.466051331E0,9.166188812E0
9.273918975E1,2.661764832E0,-1.266516266E0,8.375083923E0
9.275935475E1,2.148931274E0,-9.660910034E-1,7.136709137E0
9.277951975E1,3.021915894E0,-9.397457886E-1,7.360793152E0
9.279968463E1,3.865112457E0,-1.103355560E0,9.228459320E0
9.281984863E1,4.024381256E0,-9.348060608E-1,1.005429199E1
9.284001363E1,3.426524506E0,-6.432124329E-1,9.166787567E0
9.286017863E1,2.869832153E0,-3.555107117E-1,8.267158356E0
9.288034363E1,3.155737610E0,-3.924838257E-1,8.765621796E0
9.290050862E1,3.626059570E0,-3.299139404E-1,8.950038300E0
9.292067363E1,3.820355530E0,-3.513194275E-1,7.657176819E0
9.294083863E1,4.699178009E0,-6.779402161E-1,7.688162384E0
9.296100263E1,5.687273254E0,-8.623567200E-1,8.573571167E0
9.298116762E1,6.277944946E0,-7.292834473E-1,8.428373108E0
9.300133263E1,5.995182953E0,-5.728587341E-1,8.369246063E0
9.302149763E1,5.938151550E0,-3.980223083E-1,8.260572052E0
9.304166263E1,5.385500793E0,-1.980381775E-1,8.003406830E0
9.306182763E1,5.390590210E0,7.439529419E-2,7.508984985E0
9.308199262E1,4.875062256E0,1.826202393E-2,7.939639435E0
9.310215663E1,5.256169739E0,-2.155517578E-1,7.840994568E0
9.312232163E1,5.846092987E0,-5.536985779E-1,8.970695343E0
9.314248663E1,6.903793488E0,-1.079255676E0,1.015248779E1
9.316265162E1,6.782994690E0,-1.512305145E0,1.024514511E1
9.318281663E1,6.754703522E0,-1.395697632E0,9.300609283E0
9.320298163E1,6.979685669E0,-8.875044250E-1,8.683742065E0
9.322314663E1,6.486311646E0,-5.101391602E-1,8.238118744E0
9.324331062E1,5.121300201E0,-1.061891785E0,8.551866302E0
9.326347563E1,6.229894867E0,-1.743424530E0,9.552385712E0
9.328364063E1,7.000941467E0,-2.030976563E0,1.214200058E1
9.330380563E1,6.516997833E0,-1.748663635E0,1.155926239E1
9.332397063E1,5.700445862E0,-1.760638733E0,9.971364441E0
9.334413562E1,6.144422607E0,-1.864971771E0,9.843829651E0
9.336430063E1,5.177583160E0,-1.470392303E0,9.249864807E0
9.338446463E1,3.707340546E0,-9.666897583E-1,8.353229370E0
9.340462963E1,3.746409302E0,-9.147477722E-1,7.565567322E0
9.342479462E1,4.024830322E0,-1.016236725E0,7.305707703E0
9.344495963E1,5.337450714E0,-8.834628296E-1,7.695347443E0
9.346512463E1,5.355862427E0,-7.932005310E-1,8.603508911E0
9.348528963E1,4.848417664E0,-3.429368591E-1,9.043444061E0
9.350545463E1,4.955295410E0,-4.318519592E-1,8.619226227E0
9.352561863E1,5.901178436E0,-7.475454712E-1,8.900790710E0
9.354578363E1,6.580914917E0,-6.649172974E-1,8.714877319E0
9.356594863E1,5.802084503E0,-4.821473694E-1,8.229287109E0
9.358611363E1,5.827082520E0,6.990463257E-2,6.578669586E0
9.360627862E1,6.304290161E0,1.865121460E-1,5.641767883E0
9.362644363E1,5.955066376E0,1.378633118E-1,6.119274902E0
9.364660863E1,5.318589935E0,3.044668579E-1,6.480174408E0
9.366677263E1,4.887037354E0,9.033714294E-1,5.342390442E0
9.368693762E1,4.725523224E0,1.547032928E0,5.018464050E0
9.370710263E1,4.379293213E0,1.648072815E0,5.770649872E0
9.372726763E1,4.835843811E0,1.662143555E0,6.933880920E0
9.374743263E1,4.415966949E0,2.115700378E0,5.456004181E0
9.376759763E1,3.152594147E0,2.614313507E0,5.269641724E0
9.378776262E1,2.872376862E0,2.848875732E0,5.176834717E0
9.380792683E1,3.854783936E0,2.432890778E0,6.838828583E0
9.382809183E1,4.847519531E0,1.689536591E0,7.543413391E0
9.384825683E1,5.893244934E0,1.420995026E0,8.194110260E0
9.386842183E1,6.519243164E0,1.345551910E0,8.634943542E0
9.388858683E1,6.838529205E0,1.143172760E0,8.009693756E0
9.390875183E1,6.498885498E0,1.080602875E0,6.804998932E0
9.392891583E1,6.195017395E0,1.255139923E0,5.795049133E0
9.394908083E1,6.467600555E0,1.128503265E0,6.149062958E0
9.396924583E1,7.303013306E0,6.297404480E-1,7.742649078E0
9.398941083E1,7.019951935E0,1.664538574E-1,8.665629730E0
9.400957583E1,7.431745605E0,6.167175293E-1,8.850794678E0
9.402974083E1,6.120023346E0,8.860075378E-1,9.100774841E0
9.404990583E1,6.405928802E0,1.411265259E0,9.030720520E0
9.407006983E1,5.977070618E0,1.692680054E0,8.693172455E0
9.409023483E1,5.853727112E0,1.653611298E0,7.732170868E0
9.411039983E1,6.393953705E0,1.396146698E0,7.949668579E0
9.413056483E1,6.076164551E0,1.240470428E0,8.038284302E0
9.415072983E1,5.392536163E0,1.162781982E0,7.234006805E0
9.417089483E1,5.265899506E0,1.244512024E0,6.269412689E0
9.419105983E1,4.962779846E0,1.348246307E0,6.304290161E0
9.421122383E1,5.407355347E0,1.558708649E0,5.677094421E0
9.423138883E1,6.164780273E0,1.215322723E0,6.545738068E0
9.425155383E1,7.436236267E0,1.029858398E0,7.614066467E0
9.427171883E1,8.034392395E0,8.587641907E-1,8.194409637E0
9.429188383E1,7.247778168E0,6.132746887E-1,8.739126892E0
9.431204883E1,6.552623749E0,1.103804626E0,7.714806976E0
9.433221383E1,5.148543549E0,1.647024994E0,7.367828522E0
9.435237783E1,4.342469788E0,1.999541931E0,6.859485626E0
9.437254283E1,3.942800903E0,1.854194183E0,6.132746887E0
9.439270783E1,4.177512817E0,1.587448883E0,6.375691681E0
9.441287283E1,4.808301086E0,1.614991608E0,6.221212921E0
9.443303783E1,4.788392487E0,1.601369934E0,6.136638794E0
9.445320283E1,5.293292542E0,1.448837128E0,5.526956635E0
9.447336783E1,5.086422729E0,1.293460236E0,6.297404480E0
9.449353183E1,5.421725464E0,1.309925995E0,5.918242950E0
9.451369683E1,4.984634399E0,1.083746338E0,5.838458862E0
9.453386183E1,4.917723541E0,7.276368713E-1,7.122488708E0
9.455402683E1,5.325924683E0,7.517367554E-1,7.192243652E0
9.457419183E1,5.336103516E0,5.095404053E-1,7.556136932E0
9.459435683E1,5.899232483E0,5.545967102E-1,8.807983704E0
9.461452083E1,5.145400085E0,1.050665131E0,9.089997253E0
9.463468583E1,4.363126831E0,1.312919769E0,7.609875183E0
9.465485083E1,4.147575073E0,4.005670166E-1,6.682254181E0
9.467501583E1,5.363945618E0,-3.257226562E-1,8.069120178E0
9.469518083E1,7.313641205E0,-9.517208862E-1,9.358688507E0
9.471534583E1,6.772965546E0,-6.289920044E-1,9.943522339E0
9.473551083E1,3.219804382E0,9.912387085E-1,9.461524658E0
9.475567483E1,2.089055786E0,1.661395111E0,6.558461609E0
9.477583983E1,2.601290588E0,1.841620331E0,7.202572174E0
9.479600483E1,2.393073578E0,1.378333740E0,8.221802673E0
9.481617008E1,3.282823334E0,8.363108826E-1,9.938283234E0
9.483633508E1,4.039200439E0,6.965016174E-1,1.032986893E1
9.485650008E1,1.942959595E0,1.207538910E0,9.297166443E0
9.487666508E1,4.080514526E-1,1.627864838E0,5.791306915E0
9.489682908E1,5.388793945E-1,1.286125488E0,9.002878418E0
9.491699408E1,1.309626617E0,6.846762085E-1,1.241593094E1
9.493715908E1,-2.097138977E-1,-1.577719116E-1,1.499731293E1
9.495732408E1,1.611099701E0,8.228388977E-1,1.164593216E1
9.497748908E1,2.885549469E0,1.359772339E0,9.740095367E0
9.499765408E1,3.141816559E0,1.691482544E0,1.113384705E1
9.501781808E1,3.231629791E0,2.216440887E0,1.030202682E1
9.503798308E1,3.428021393E0,2.986888733E0,9.496402130E0
9.505814808E1,4.470603333E0,3.201692047E0,9.235644379E0
9.507831308E1,4.682263184E0,2.373913422E0,1.077803696E1
9.509847808E1,4.834346924E0,1.495689697E0,1.256546997E1
9.511864308E1,5.626349945E0,1.079255676E0,1.403241943E1
9.513880808E1,5.678441620E0,9.916877747E-1,1.366193985E1
9.515897208E1,4.946763153E0,1.070573730E0,1.179053146E1
9.517913708E1,4.755760345E0,1.001567230E0,1.053344559E1
9.519930208E1,4.185895386E0,8.451425171E-1,9.903106384E0
9.521946708E1,3.767515411E0,2.466870117E-1,1.052581146E1
9.523963208E1,3.262166290E0,-5.248086548E-1,1.091829529E1
9.525979708E1,2.487227783E0,-7.500901794E-1,9.834249573E0
9.527996208E1,2.183958435E0,-6.424639893E-1,8.344098358E0
9.530012608E1,2.224224701E0,-2.589614868E-1,6.765181732E0
9.532029108E1,2.498604126E0,2.845582581E-1,5.605692902E0
9.534045608E1,2.335593109E0,6.206094360E-1,5.658233643E0
9.536062108E1,2.258204041E0,8.490344238E-1,6.354884949E0
9.538078608E1,2.072590027E0,1.006806335E0,6.294859772E0
9.540095108E1,2.220781860E0,1.281185760E0,5.783672791E0
9.542111508E1,2.347268829E0,1.522633667E0,5.852679291E0
9.544128008E1,2.126328278E0,1.586251373E0,6.446045380E0
9.546144508E1,1.671723633E0,1.559008026E0,6.810836792E0
9.548161008E1,1.267264709E0,1.603465576E0,6.922504578E0
9.550177508E1,1.170116730E0,1.515298920E0,7.820636902E0
9.552194008E1,1.259780273E0,1.553918610E0,9.099128265E0
9.554210508E1,1.727258148E0,2.326013031E0,8.833131409E0
9.556226908E1,2.345322876E0,3.597019958E0,7.597451019E0
9.558243408E1,2.067799988E0,3.954925690E0,7.693850555E0
9.560259908E1,1.802701263E0,2.708168335E0,1.091066116E1
9.562276408E1,1.419049072E0,1.855541382E0,1.378079269E1
9.564292908E1,2.839145966E0,2.427501984E0,1.456381439E1
9.566309408E1,2.142943726E0,3.269351349E0,1.408076889E1
9.568325908E1,-6.313870239E-1,3.141816559E0,1.396281418E1
9.570342308E1,-2.602637787E0,2.444566498E0,1.370145767E1
9.572358808E1,-2.184706879E0,1.542841644E0,1.385803207E1
9.574375308E1,-5.959107971E-1,8.301736450E-1,1.383947067E1
9.576391808E1,-5.680686951E-1,6.661148071E-1,1.310809158E1
9.578408308E1,-1.197509766E0,7.798782349E-1,1.151525391E1
9.580424758E1,-1.517394562E0,1.183588715E0,8.891959076E0
9.582441258E1,-1.086440735E0,1.530417480E0,7.007378082E0
9.584457658E1,-7.902067566E-1,1.814826050E0,6.436614990E0
9.586474158E1,-5.116360474E-1,2.024240570E0,6.713389435E0
9.588490658E1,-2.148033142E-1,1.930984497E0,6.870562592E0
9.590507158E1,3.019221497E-1,1.774859161E0,6.329587555E0
9.592523658E1,1.056053925E0,1.640289001E0,5.776487732E0
9.594540158E1,1.763782196E0,1.487606506E0,6.506519623E0
9.596556558E1,2.011666718E0,1.540895691E0,6.974296875E0
9.598573058E1,2.202220459E0,1.831890564E0,5.962550812E0
9.600589558E1,1.832189941E0,2.017803955E0,4.886737976E0
9.602606058E1,1.025667114E0,1.940863953E0,3.975582733E0
9.604622558E1,1.094523926E0,1.902693329E0,4.237987061E0
9.606639058E1,1.734592896E0,1.625469818E0,5.127736816E0
9.608655458E1,2.504741364E0,1.742376709E0,7.160359955E0
9.610671958E1,2.570454712E0,2.353855133E0,9.765093384E0
9.612688458E1,1.436263275E0,3.500470734E0,1.068522995E1
9.614704958E1,1.228495331E0,5.344037018E0,1.070768326E1
9.616721458E1,3.291056213E0,5.897136841E0,1.313638275E1
9.618737958E1,3.924089813E0,5.354365540E0,1.793285843E1
9.620754458E1,3.365152130E0,3.064726868E0,2.290312271E1
9.622770858E1,2.894830170E0,1.614392853E0,2.394824936E1
9.624787358E1,2.456391907E0,8.595126343E-1,2.207968506E1
9.626803858E1,1.991009674E0,6.951544189E-1,1.965457809E1
9.628820358E1,1.158890076E0,6.770420837E-1,1.697739532E1
9.630836858E1,5.703140259E-2,4.222718811E-1,1.441113190E1
9.632853358E1,-4.167333984E-1,-2.903961182E-2,1.217328552E1
9.634869758E1,-3.186872864E-1,-9.654922485E-2,9.650880890E0
9.636886258E1,-2.402503967E-1,-1.725910950E-1,7.286547546E0
9.638902758E1,-1.716929626E-1,-2.963836670E-1,5.747448120E0
9.640919258E1,-4.471202087E-1,-5.185217285E-1,4.969964905E0
9.642935758E1,-5.215155029E-1,-5.301974487E-1,4.485123138E0
9.644952258E1,2.080673218E-2,-3.567082214E-1,3.420087891E0
9.646968758E1,5.183720398E-1,-2.082170105E-1,2.540516968E0
9.648985158E1,3.126997375E-1,-4.185296631E-1,2.030078430E0
9.651001658E1,-1.685494995E-1,-5.547463989E-1,2.058070221E0
9.653018158E1,-3.851490784E-1,-5.004093933E-1,2.720742188E0
9.655034658E1,-4.656816101E-1,-4.662803650E-1,3.132685547E0
9.657051158E1,-7.378157043E-1,-3.591032410E-1,2.492915955E0
9.659067658E1,-9.630972290E-1,-2.047741699E-1,2.372566223E0
9.661084058E1,-1.450334015E0,-2.586621094E-1,2.742147675E0
9.663100558E1,-1.484163666E0,-1.047821045E-1,4.398153992E0
9.665117058E1,-1.545386353E0,-1.347198486E-1,5.645210724E0
9.667133558E1,-1.076261902E0,6.098318481E-1,6.920408936E0
9.669150058E1,-1.738335114E0,1.132095795E0,8.201594696E0
9.671166558E1,-3.122806091E0,2.148781586E0,8.845106506E0
9.673183058E1,-3.497476959E0,2.494861908E0,1.152363647E1
9.675199458E1,-2.370769958E0,2.983296204E0,1.487591537E1
9.677215958E1,-1.928290100E0,3.820954285E0,1.531719772E1
9.679232458E1,-2.403252411E0,3.822750549E0,1.377749954E1
9.681248958E1,-1.318458252E0,1.990111542E0,1.689371933E1
9.683265458E1,1.967957611E0,-3.767665100E-1,2.045675995E1
9.685281958E1,5.486840057E0,-1.084345093E0,2.301688614E1
9.687298358E1,6.299799500E0,3.760180664E-1,1.943199097E1
9.689314858E1,3.742068329E0,1.795965271E0,1.206491089E1
9.691331358E1,2.109413452E0,1.994751892E0,1.209050766E1
9.693347858E1,3.346441040E0,1.914818115E0,1.326122314E1
9.695364358E1,4.927303619E0,2.017803955E0,1.154279663E1
9.697380858E1,4.143234100E0,2.317780151E0,9.087452545E0
9.699397258E1,1.956132202E0,2.614463196E0,7.251370697E0
9.701413758E1,1.877845001E0,3.146456909E0,6.951843567E0
9.703430258E1,3.895349579E0,3.086431732E0,7.729326782E0
9.705446758E1,4.822671204E0,2.731968842E0,9.072333984E0
9.707463258E1,3.555705872E0,2.013462982E0,1.108235413E1
9.709479758E1,1.789977722E0,1.274599457E0,1.269674698E1
9.711496258E1,1.058448944E0,1.343755646E0,1.266082169E1
9.713512658E1,6.662644958E-1,1.122066650E0,1.324086548E1
9.715529158E1,7.291337585E-1,8.919950867E-1,1.531510208E1
9.717545658E1,9.445358276E-1,7.860154724E-1,1.708068054E1
9.719562158E1,1.194515991E-1,6.945556641E-2,1.772853333E1
9.721578658E1,-2.820135498E-1,-1.609602814E0,1.987237518E1
9.723595158E1,-1.814227295E-1,-2.856210480E0,1.983585114E1
9.725611558E1,-6.965016174E-1,-2.773133240E0,1.666379745E1
9.727628058E1,-1.079704742E0,-1.597028961E0,1.312365921E1
9.729644558E1,-1.212628326E0,-6.029461670E-1,1.037253021E1
9.731661058E1,-1.971550140E0,-1.161584473E-1,8.219707031E0
9.733677558E1,-2.480342102E0,-3.742218018E-2,5.815406799E0
9.735694058E1,-1.469045105E0,-1.471440125E-1,4.252506866E0
9.737710458E1,-3.239263916E-1,-1.407073975E-1,3.808829498E0
9.739726958E1,-2.978805542E-2,-1.535806274E-1,3.628005524E0
9.741743458E1,-2.034269714E-1,1.781295776E-2,2.765050049E0
9.743759958E1,-4.767585754E-1,2.324665833E-1,2.002086639E0
9.745776458E1,-3.339555359E-1,3.622467041E-1,1.891466675E0
9.747792958E1,-1.002914429E-1,4.442761230E-1,2.247875519E0
9.749809358E1,-1.715432739E-1,5.574407959E-1,2.556833038E0
9.751825858E1,-8.494834900E-1,5.950126648E-1,3.116519165E0
9.753842358E1,-1.136586456E0,7.084767151E-1,3.412004700E0
9.755858858E1,-1.570384369E0,8.625064087E-1,3.067570953E0
9.757875358E1,-2.212698669E0,6.812333679E-1,4.535717926E0
9.759891858E1,-1.124461670E0,1.263821869E0,7.555987244E0
9.761908358E1,1.420545959E-1,2.011517029E0,8.119265900E0
9.763924758E1,-4.334985352E-1,2.812052307E0,7.440876617E0
9.765941258E1,-1.586401062E0,2.235601044E0,9.253457336E0
9.767957758E1,-1.906884613E0,1.376238098E0,1.241218872E1
9.769974258E1,-9.424401855E-1,1.488953705E0,1.411265259E1
9.771990758E1,-1.601819000E0,1.063089294E0,1.489866806E1
9.774007258E1,-2.906505890E0,1.230441284E-1,1.702888824E1
9.776023658E1,-2.719694366E0,-1.238075409E0,1.911165710E1
9.778040158E1,-4.882846069E-1,-1.015039215E0,1.957180023E1
9.780056658E1,1.170715485E0,1.719923401E-1,1.791235107E1
9.782073146E1,1.609902191E0,1.310375061E0,1.444600937E1
9.784089646E1,1.593436432E0,2.311942291E0,1.163081360E1
9.786106146E1,1.614692230E0,2.140997772E0,1.174023605E1
9.788122546E1,3.083437958E0,1.964814148E0,1.331271606E1
9.790139046E1,4.358486481E0,2.520907745E0,1.100077377E1
9.792155546E1,3.338357849E0,2.739752655E0,9.737101593E0
9.794172046E1,2.115251312E0,2.664908295E0,9.918524323E0
9.796188546E1,1.945354614E0,2.291884003E0,1.014021332E1
9.798205046E1,3.130440216E0,1.606309662E0,1.067250641E1
9.800221446E1,3.226240997E0,1.117575989E0,1.135418884E1
9.802237946E1,2.105371857E0,4.334985352E-1,1.175295959E1
9.804254446E1,1.060394897E0,-4.092489624E-1,1.166539169E1
9.806270946E1,2.194436646E-1,-1.102158051E0,1.161734161E1
9.808287446E1,-1.469943237E-1,-1.864971771E0,1.308324326E1
9.810303946E1,-3.564088440E-1,-2.961291962E0,1.520687714E1
9.812320346E1,-9.705816650E-1,-3.491040344E0,1.450319046E1
9.814336846E1,-1.727707214E0,-2.849175110E0,1.296409103E1
9.816353346E1,-1.643582153E0,-2.297871552E0,1.335911957E1
9.818369846E1,-6.207591248E-1,-2.279609528E0,1.510044846E1
9.820386346E1,-2.888992310E-2,-2.336042175E0,1.506676849E1
9.822402846E1,-4.924758911E-1,-2.028880920E0,1.354069199E1
9.824419246E1,-7.617658997E-1,-9.632469177E-1,1.038734940E1
9.826435746E1,-5.144801331E-1,1.199006653E-1,8.208630066E0
9.828452246E1,-5.855822754E-1,7.445516968E-1,6.858288116E0
9.830468746E1,-5.123844910E-1,7.150630188E-1,6.831044769E0
9.832485246E1,-1.344204712E-1,3.960763550E-1,6.982230377E0
9.834501746E1,-1.034349060E-1,4.855902100E-1,4.881199493E0
9.836518146E1,-1.303788757E-1,6.493496704E-1,2.949616241E0
9.838534646E1,-1.526824951E-1,8.500822449E-1,2.417772217E0
9.840551146E1,-5.369334412E-1,7.713459778E-1,3.390449524E0
9.842567646E1,-1.833686829E-1,6.171665955E-1,5.263953552E0
9.844584146E1,-2.264790344E-1,5.592370605E-1,5.965694275E0
9.846600646E1,-1.728904724E-1,7.987390137E-1,5.394931183E0
9.848617146E1,-1.968406677E-1,1.120719452E0,5.201533356E0
9.850633546E1,-2.210902405E-1,1.137933655E0,5.889203339E0
9.852650046E1,6.197113037E-1,1.028660889E0,7.752827911E0
9.854666546E1,9.050180054E-1,4.833448792E-1,9.795330505E0
9.856683046E1,3.866459656E-1,3.484753418E-1,9.648635559E0
9.858699546E1,2.636018372E-1,7.042854309E-1,9.852511597E0
9.860716046E1,1.128503265E0,6.523434448E-1,1.007090744E1
9.862732446E1,2.651585999E0,7.961943054E-1,1.010728180E1
9.864748946E1,4.133654022E0,1.859582977E0,1.018601807E1
9.866765446E1,3.715274048E0,2.653082886E0,1.254735764E1
9.868781946E1,3.185675354E0,4.442162476E0,1.320538925E1
9.870798446E1,3.428021393E0,6.407725067E0,1.429841629E1
9.872814946E1,3.565136261E0,7.401957550E0,1.716944595E1
9.874831346E1,2.689457245E0,5.359454956E0,1.974918137E1
9.876847846E1,3.381767578E0,5.122198334E0,1.852532639E1
9.878864346E1,3.814218292E0,5.025649109E0,1.870809631E1
9.880880846E1,4.210144958E0,3.795058136E0,1.984513184E1
9.882897346E1,2.924169159E0,2.909050598E0,1.649569702E1
9.884913846E1,1.035247192E0,2.184856567E0,1.466455490E1
9.886930246E1,1.423539734E-1,1.599423981E0,1.320194641E1
9.888946746E1,-2.026785278E-1,1.167272644E0,1.206655746E1
9.890963246E1,-4.694238281E-1,8.348139954E-1,1.016371445E1
9.892979746E1,-1.136736145E0,8.907975769E-1,8.145910492E0
9.894996246E1,-2.150577850E0,8.216413879E-1,6.224206696E0
9.897012746E1,-2.144141235E0,8.285270691E-1,5.461692352E0
9.899029146E1,-1.721569977E0,6.352789307E-1,5.159470825E0
9.901045646E1,-1.367556152E0,4.812492371E-1,5.078040161E0
9.903062146E1,-1.352437592E0,4.029620361E-1,4.467759247E0
9.905078646E1,-1.253792725E0,3.769161987E-1,4.246519318E0
9.907095146E1,-1.445094910E0,1.850152588E-1,4.136797485E0
9.909111646E1,-1.411564636E0,6.631210327E-2,3.699257355E0
9.911128046E1,-9.771679688E-1,-1.835183716E-1,3.970044250E0
9.913144546E1,-4.810995483E-1,-6.147715759E-1,4.936883698E0
9.915161046E1,4.116439819E-2,-8.677455139E-1,6.957531738E0
9.917177546E1,-5.313949585E-2,-4.032614136E-1,6.739584961E0
9.919194046E1,-8.063731384E-1,2.044747925E-1,5.964347076E0
9.921210546E1,-9.292675781E-1,5.191204834E-1,7.242089996E0
9.923226946E1,1.146465912E0,2.018103333E0,7.927814026E0
9.925243446E1,1.608105927E0,2.905458069E0,6.607559509E0
9.927259946E1,6.725514221E-1,2.617157593E0,7.634873199E0
9.929276446E1,7.035369873E-1,2.593955841E0,9.972711639E0
9.931292946E1,1.136287079E0,3.136427765E0,1.045426025E1
9.933309446E1,7.879614258E-1,3.177143097E0,1.016865417E1
9.935325846E1,-1.990859985E-2,1.989662476E0,1.167287613E1
9.937342346E1,1.260379028E-1,5.683680725E-1,1.283940033E1
9.939358846E1,1.191222839E0,-2.200424194E-1,1.302276901E1
9.941375346E1,2.165097656E0,2.643502808E-1,1.304941360E1
9.943391846E1,2.045496368E0,7.659571838E-1,1.195294373E1
9.945408346E1,2.141297150E0,1.282383270E0,1.112905701E1
9.947424846E1,2.811004486E0,1.493594055E0,1.217732712E1
9.949441246E1,3.195105743E0,1.650617523E0,1.183588715E1
9.951457746E1,3.134481812E0,2.039957886E0,1.015383499E1
9.953474246E1,3.038082275E0,1.905836792E0,1.021146515E1
9.955490746E1,3.378923492E0,1.478625183E0,1.146271317E1
9.957507246E1,3.382066956E0,9.834548950E-1,1.147783173E1
9.959523746E1,3.180585938E0,4.266128540E-1,1.133263367E1
9.961540146E1,2.338886261E0,-1.917512512E-1,1.095586716E1
9.963556646E1,1.338666229E0,-8.737330627E-1,1.087982529E1
9.965573146E1,1.529070282E0,-4.915777588E-1,1.117156860E1
9.967589646E1,1.481768646E0,2.336640930E-1,1.024963577E1
9.969606146E1,1.214873657E0,1.374292145E0,9.710157623E0
9.971622646E1,1.219663696E0,2.379002838E0,9.917775879E0
9.973639046E1,2.169139252E0,2.634371796E0,1.107352249E1
9.975655546E1,2.789598999E0,2.365081787E0,1.187705154E1
9.977672046E1,3.408262482E0,2.476300507E0,1.401430710E1
9.979688546E1,3.757486267E0,3.204236755E0,1.374831024E1
9.981705058E1,2.931803284E0,3.821103973E0,1.225965591E1
9.983721558E1,2.013912048E0,4.454886017E0,1.187929688E1
9.985737958E1,2.773731995E-1,4.299209747E0,1.472832230E1
9.987754458E1,-8.189469910E-1,3.543281708E0,1.719549179E1
9.989770958E1,-8.366102600E-1,3.375780029E0,1.507859390E1
9.991787458E1,-9.099577332E-1,3.066223755E0,1.195818283E1
9.993803958E1,-1.699715424E0,2.110910339E0,1.083297272E1
9.995820458E1,-2.079924774E0,1.093925171E0,1.001806732E1
9.997836858E1,-1.762884064E0,1.718426514E-1,9.204808502E0
9.999853358E1,-9.681866455E-1,-3.700305176E-1,8.539891205E0
1.000186986E2,-7.655081177E-1,-5.791456604E-1,7.063361664E0
1.000388636E2,-1.048719177E0,-6.313870239E-1,5.833519135E0
1.000590286E2,-1.594334564E0,-7.092251587E-1,3.969744873E0
1.000791936E2,-1.608255615E0,-5.209167480E-1,2.817590790E0
1.000993576E2,-1.045426025E0,-3.737727356E-1,2.874322815E0
1.001195226E2,-4.179309082E-1,-1.435514832E-1,3.090173950E0
1.001396876E2,-3.056643677E-1,-7.888595581E-2,3.563938751E0
1.001598526E2,-9.011260986E-1,-1.673519897E-1,4.378245392E0
1.001800176E2,-1.446591797E0,-8.532257080E-3,4.006119232E0
1.002001826E2,-1.356628876E0,4.082011414E-1,3.957021332E0
1.002203466E2,-2.134561157E-1,5.867797852E-1,6.408024445E0
1.002405116E2,1.640588379E-1,1.178798676E0,7.563471680E0
1.002606766E2,-3.803590393E-1,2.110012207E0,7.561076660E0
1.002808416E2,-2.655477905E-1,2.662213898E0,8.950936432E0
1.003010066E2,1.481918335E-1,2.953059082E0,9.424401855E0
1.003211716E2,-4.941224670E-1,2.662962341E0,9.953102417E0
1.003413356E2,-1.034349060E0,1.919159088E0,1.167033142E1
1.003615006E2,-1.053509216E0,1.009500732E0,1.361359039E1
1.003816656E2,-1.812730408E-1,5.807922363E-2,1.463820969E1
1.004018306E2,4.837939453E-1,-2.273771667E-1,1.500868927E1
1.004219956E2,1.106648712E0,-2.013313293E-1,1.517903503E1
1.004421606E2,1.942061462E0,4.941224670E-1,1.455228836E1
1.004623246E2,1.884281616E0,1.201551361E0,1.314895660E1
1.004824896E2,2.034120026E0,1.588047638E0,1.193842392E1
1.005026546E2,2.496807861E0,1.595681763E0,1.165925446E1
1.005228196E2,2.986439667E0,1.557062073E0,1.133966904E1
1.005429846E2,3.135230255E0,1.768572235E0,1.054976166E1
1.005631496E2,2.680026855E0,1.935026093E0,8.806636505E0
1.005833136E2,2.311642914E0,1.755848694E0,8.544232178E0
1.006034786E2,3.035836945E0,1.166823578E0,9.968071289E0
1.006236436E2,3.605252838E0,3.818559265E-1,1.128084137E1
1.006438086E2,2.788551178E0,-1.510359192E-1,1.027418472E1
1.006639736E2,1.992955627E0,-4.014651489E-1,9.497300262E0
1.006841386E2,2.023192749E0,-1.061293030E-1,9.986183624E0
1.007043026E2,1.603764954E0,-4.499642944E-1,1.042851379E1
1.007244676E2,1.469643860E0,-4.682263184E-1,1.136930740E1
1.007446326E2,1.142873383E0,-2.963836670E-2,1.152917496E1
1.007647976E2,6.355783081E-1,6.530918884E-1,1.080797470E1
1.007849626E2,8.737330627E-1,1.529219971E0,1.009605515E1
1.008051278E2,1.549577637E0,2.933150482E0,9.911638641E0
1.008252918E2,9.141490173E-1,3.266956329E0,1.078776672E1
1.008454568E2,-3.742218018E-2,2.723586273E0,1.213661179E1
1.008656218E2,-1.553768921E-1,1.709744568E0,1.233809280E1
1.008857868E2,5.664221191E-1,1.403182068E0,1.078327606E1
1.009059517E2,5.098397827E-1,1.370699615E0,1.041713745E1
1.009261167E2,-6.932084656E-1,1.410965881E0,1.006267456E1
1.009462808E2,-1.174906769E0,1.641785889E0,8.248447266E0
1.009664458E2,-9.361532593E-1,1.768123169E0,6.967261505E0
1.009866107E2,-8.060737610E-1,1.926643524E0,6.753206635E0
1.010067757E2,-1.038390656E0,2.017953644E0,6.754254456E0
1.010269408E2,-1.026415558E0,2.172881470E0,6.656358032E0
1.010471058E2,-5.625302124E-1,2.177671509E0,6.505920868E0
1.010672697E2,2.146536255E-1,2.110311584E0,7.033274231E0
1.010874348E2,1.257684631E0,2.176174622E0,7.442672882E0
1.011075998E2,1.395997009E0,1.961071930E0,8.778944092E0
1.011277648E2,1.174457703E0,2.069895630E0,8.563092957E0
1.011479298E2,1.803300018E0,2.015708313E0,9.969717865E0
1.011680947E2,3.242856445E0,2.719844055E0,1.046399002E1
1.011882588E2,4.252506866E0,3.250340881E0,1.138771912E1
1.012084238E2,4.800966339E0,3.535797272E0,1.220861206E1
1.012285888E2,3.958368530E0,3.154390411E0,1.438927734E1
1.012487537E2,3.096760254E0,2.820135498E0,1.569695801E1
1.012689187E2,2.247725830E0,2.598895569E0,1.564621353E1
1.012890838E2,1.433119812E0,2.424208832E0,1.524355087E1
1.013092478E2,8.159532166E-1,2.246528320E0,1.419019135E1
1.013294127E2,2.254312134E-1,2.175426178E0,1.205024139E1
1.013495778E2,-4.710704041E-1,2.004481659E0,1.039363632E1
1.013697428E2,-8.738827515E-1,1.614841919E0,9.958790588E0
1.013899078E2,-6.834786987E-1,1.197958832E0,9.570348358E0
1.014100728E2,-1.199006653E-1,7.780819702E-1,8.807534637E0
1.014302368E2,3.098556519E-2,5.661227417E-1,7.012018433E0
1.014504018E2,-1.498384094E-1,3.706292725E-1,5.473068695E0
1.014705668E2,-4.300556946E-1,1.568737793E-1,4.710853729E0
1.014907318E2,-1.026864624E-1,-8.562194824E-2,4.466561737E0
1.015108967E2,6.780899048E-2,-2.579136658E-1,4.274660797E0
1.015310617E2,1.179547119E-1,-2.318678284E-1,4.002826080E0
1.015512258E2,2.664459229E-1,-1.249900818E-1,4.089795227E0
1.015713908E2,-1.537303162E-1,-6.646179199E-2,4.206402740E0
1.015915557E2,-3.938310242E-1,1.489402771E-1,5.156177673E0
1.016117208E2,-3.427871704E-2,9.547146606E-1,6.376140747E0
1.016318858E2,-1.746867371E-1,2.292033691E0,5.809718628E0
1.016520508E2,-1.252445526E0,3.526815948E0,4.114793243E0
1.016722147E2,-1.971999207E0,3.882626038E0,6.595584412E0
1.016923798E2,-1.632056122E0,3.665128326E0,1.073223221E1
1.017125448E2,-1.056802368E-1,4.026027832E0,1.238763977E1
1.017327098E2,2.206411743E-1,3.373085632E0,1.404289764E1
1.017528748E2,-7.450007629E-1,1.641785889E0,1.760504013E1
1.017730397E2,-1.539997559E0,-7.032376099E-1,2.110745682E1
1.017932038E2,-8.270301819E-1,-5.144801331E-1,1.890912827E1
1.018133681E2,-3.835025024E-1,5.801934814E-1,1.498952911E1
1.018335331E2,-6.409671021E-1,1.224753113E0,1.239048386E1
1.018536981E2,6.182144165E-2,1.617536316E0,1.114761841E1
1.018738631E2,1.458566895E0,1.532363434E0,1.199515594E1
1.018940281E2,2.087858276E0,1.913171539E0,1.147034729E1
1.019141921E2,1.951042786E0,2.248324585E0,1.110675339E1
1.019343571E2,1.607507172E0,2.504741364E0,9.176966400E0
1.019545221E2,1.619332581E0,2.566562805E0,8.833580475E0
1.019746871E2,1.572929077E0,2.455643463E0,9.631121979E0
1.019948521E2,2.136058044E0,2.226320343E0,1.068388275E1
1.020150171E2,2.209405518E0,2.224374390E0,1.079031143E1
1.020351811E2,1.630708923E0,1.994602203E0,1.099628311E1
1.020553461E2,1.795067139E0,1.421893158E0,1.132110764E1
1.020755111E2,1.708247681E0,1.171463928E0,1.226399689E1
1.020956761E2,2.197580109E0,1.476679230E0,1.229363525E1
1.021158411E2,3.017724609E0,1.179846497E0,1.287652313E1
1.021360051E2,2.114652557E0,-1.351689148E-1,1.548125656E1
1.021561701E2,1.590292969E0,-1.527872772E0,1.748977982E1
1.021763351E2,1.581910400E0,-1.612895966E0,1.527408737E1
1.021965001E2,1.078507233E0,-3.339555359E-1,1.162542480E1
1.022166651E2,4.360432434E-1,8.065228271E-1,9.347312164E0
1.022368301E2,-3.218307495E-1,1.181044006E0,8.521778870E0
1.022569941E2,-5.774990845E-1,6.994953918E-1,1.070977890E1
1.022771591E2,3.263214111E-2,-1.133143616E-1,1.255169861E1
1.022973241E2,2.344125366E-1,-2.426454163E-1,1.206745560E1
1.023174891E2,-3.429368591E-1,-2.546205139E-1,1.034199371E1
1.023376541E2,-8.120613098E-1,-3.260220337E-1,9.003477173E0
1.023578191E2,-5.611830139E-1,-3.529660034E-1,8.074508972E0
1.023779831E2,-3.691323853E-1,-3.917353821E-1,7.890990601E0
1.023981481E2,-1.092278595E0,-4.451742554E-1,8.696166229E0
1.024183131E2,-2.143841858E0,-5.682183838E-1,8.857530670E0
1.024384781E2,-1.906435547E0,-2.263293457E-1,7.644004211E0
1.024586431E2,-1.113534393E0,3.480262756E-1,6.377637634E0
1.024788081E2,-1.238075409E0,7.421566772E-1,6.038442993E0
1.024989721E2,-1.222657471E0,1.124162292E0,5.707331543E0
1.025191371E2,-4.249662781E-1,1.464853821E0,6.237079926E0
1.025393021E2,3.385958862E-1,1.828747101E0,5.966891785E0
1.025594671E2,1.344803467E0,2.380499725E0,6.134243774E0
1.025796321E2,1.572330322E0,2.920726318E0,6.322252808E0
1.025997971E2,1.543889465E0,3.143163757E0,7.022047577E0
1.026199611E2,1.475781097E0,3.122506714E0,8.230933685E0
1.026401261E2,1.981130219E0,3.007246399E0,8.832233276E0
1.026602911E2,2.008373566E0,2.925666046E0,9.073531494E0
1.026804561E2,1.428329773E0,2.682421875E0,1.059302170E1
1.027006211E2,1.957629089E0,2.904110870E0,1.162527512E1
1.027207851E2,2.182611237E0,2.998863831E0,1.063179108E1
1.027409501E2,3.112028503E-1,2.358196106E0,1.016027161E1
1.027611151E2,-1.258582764E0,1.697170715E0,1.180819473E1
1.027812801E2,-1.746268616E0,1.101409607E0,1.288026535E1
1.028014451E2,-1.509311371E0,5.990542603E-1,1.314192123E1
1.028216101E2,-1.370699615E0,3.698808289E-1,1.262789017E1
1.028417741E2,-1.668580170E0,2.121089172E-1,1.138277939E1
1.028619391E2,-1.249002686E0,1.023870850E-1,1.035711227E1
1.028821041E2,-6.462062073E-1,2.029779053E-1,1.038824753E1
1.029022691E2,2.796185303E-1,3.535647583E-1,1.018601807E1
1.029224341E2,1.233584747E0,8.454418945E-1,9.106912079E0
1.029425991E2,1.254092102E0,1.273701324E0,8.027207336E0
1.029627631E2,9.562115479E-1,1.369053040E0,8.390801239E0
1.029829281E2,1.462458801E0,1.296154633E0,8.795709229E0
1.030030931E2,2.201172638E0,1.442101135E0,8.932674408E0
1.030232581E2,2.116149445E0,1.615740051E0,8.081993408E0
1.030434231E2,1.639540558E0,1.832788696E0,7.893086243E0
1.030635871E2,1.501228180E0,1.851350098E0,7.433990936E0
1.030837521E2,1.988764343E0,2.065854034E0,7.190148010E0
1.031039171E2,2.279459839E0,2.337389374E0,7.198680267E0
1.031240821E2,2.602937164E0,2.694546661E0,7.218888245E0
1.031442471E2,2.734812927E0,3.065175934E0,7.161707153E0
1.031644121E2,2.437231750E0,3.290906525E0,6.954687653E0
1.031845761E2,2.531385956E0,3.534599762E0,6.982529755E0
1.032047411E2,3.109483795E0,3.624113617E0,7.588619385E0
1.032249061E2,3.388353882E0,3.409909058E0,8.864865417E0
1.032450711E2,3.964505768E0,3.122656403E0,9.790091400E0
1.032652361E2,4.032763824E0,2.937790833E0,1.014171021E1
1.032854011E2,4.082909546E0,2.974614258E0,1.018976028E1
1.033055651E2,4.460574188E0,2.855911102E0,1.043345352E1
1.033257301E2,4.919370117E0,2.846630402E0,1.013677048E1
1.033458951E2,5.017266541E0,2.696342926E0,9.127569122E0
1.033660601E2,4.756957855E0,2.096839600E0,1.000923569E1
1.033862251E2,4.801714783E0,1.304986267E0,1.214634155E1
1.034063891E2,4.704866180E0,9.401948547E-1,1.265737885E1
1.034265541E2,3.193159790E0,7.291337585E-1,1.153216873E1
1.034467191E2,1.855691071E0,1.682501221E-1,1.162317947E1
1.034668841E2,6.033952332E-1,-4.761598206E-1,1.184022812E1
1.034870491E2,2.191442871E-1,-7.960446167E-1,1.087683151E1
1.035072141E2,7.664062500E-2,-9.508227539E-1,1.004590942E1
1.035273781E2,-6.466552734E-2,-1.146914978E0,1.059616516E1
1.035475431E2,1.859133911E-1,-1.097667389E0,1.056353302E1
1.035677081E2,2.668949890E-1,-7.773335266E-1,9.670939178E0
1.035878731E2,3.158432007E-2,-2.350112915E-1,8.243956604E0
1.036080381E2,-2.829116821E-2,1.800755310E-1,7.659422150E0
1.036282031E2,1.246907043E-1,2.296224976E-1,7.821235657E0
1.036483671E2,2.730322266E-1,2.272274780E-1,8.243956604E0
1.036685321E2,7.458988953E-1,1.460961914E-1,8.554860077E0
1.036886971E2,1.168170776E0,3.662882996E-1,9.426198120E0
1.037088621E2,1.355730743E0,6.050418091E-1,1.022508682E1
1.037290271E2,1.483415222E0,9.345066833E-1,9.973160706E0
1.037491911E2,1.826202393E0,9.252259827E-1,1.093715607E1
1.037693561E2,2.244133301E0,1.231489105E0,1.055739578E1
1.037895211E2,2.320923615E0,1.276994476E0,1.051952454E1
1.038096862E2,2.684068451E0,1.402433624E0,1.056443115E1
1.038298512E2,2.580932922E0,1.222208405E0,1.087578369E1
1.038500162E2,2.577340393E0,1.086141357E0,1.129311584E1
1.038701802E2,2.638712769E0,8.574169922E-1,1.100736008E1
1.038903452E2,2.599494324E0,7.331753540E-1,1.044288391E1
1.039105102E2,2.668351135E0,7.825726318E-1,9.788893890E0
1.039306752E2,2.532433777E0,1.018631744E0,9.248367920E0
1.039508402E2,2.183808746E0,1.042731628E0,9.826316071E0
1.039710052E2,1.850302277E0,9.199868774E-1,1.059107574E1
1.039911692E2,1.658401337E0,6.846762085E-1,1.012958542E1
1.040113342E2,1.790277100E0,8.113128662E-1,9.629325714E0
1.040314992E2,1.853894806E0,8.640032959E-1,1.090901459E1
1.040516642E2,1.550625458E0,1.252894592E0,1.070094727E1
1.040718292E2,9.117539978E-1,1.713486786E0,1.003872437E1
1.040919942E2,-4.242178345E-1,2.151176605E0,9.625882874E0
1.041121582E2,-1.654509430E0,1.617536316E0,9.815538483E0
1.041323232E2,-1.961670685E0,1.555116119E0,8.534652100E0
1.041524882E2,-1.230890350E0,1.472937012E0,8.397088165E0
1.041726532E2,-6.869215393E-1,1.248852997E0,9.626032562E0
1.041928182E2,-4.567002869E-1,1.330732727E0,9.450298004E0
1.042129822E2,-1.377136230E-2,1.679507446E0,7.763605499E0
1.042331472E2,1.127156067E-1,1.958377533E0,7.158414001E0
1.042533122E2,5.746549988E-1,2.362237701E0,6.876250763E0
1.042734772E2,8.662486267E-1,2.445464630E0,7.539970551E0
1.042936422E2,8.445437622E-1,2.454895020E0,8.094866638E0
1.043138072E2,1.289718018E0,2.472109222E0,8.443940735E0
1.043339722E2,1.362616425E0,2.510429535E0,7.856711884E0
1.043541362E2,1.263522491E0,2.511177979E0,7.541766815E0
1.043743012E2,1.454076233E0,2.571352844E0,8.034841461E0
1.043944662E2,1.730251923E0,2.080523529E0,9.319470062E0
1.044146312E2,2.265389099E0,1.900447998E0,9.890831909E0
1.044347962E2,1.914668427E0,1.989063721E0,9.658664703E0
1.044549612E2,1.385069733E0,2.220332794E0,8.801696777E0
1.044751252E2,1.574875031E0,2.482437744E0,7.836204529E0
1.044952902E2,1.585652618E0,2.668500824E0,7.374714203E0
1.045154552E2,1.238524475E0,2.509082336E0,7.410639496E0
1.045356202E2,1.261726227E0,2.175276489E0,7.268135834E0
1.045557852E2,1.471440125E0,1.749262390E0,7.467670898E0
1.045759502E2,1.673968964E0,1.803000641E0,8.046068115E0
1.045961142E2,1.272503815E0,2.018702087E0,7.665858765E0
1.046162792E2,8.493338013E-1,1.741478577E0,8.129594421E0
1.046364442E2,8.572673035E-1,1.428928528E0,8.355923767E0
1.046566092E2,9.039701843E-1,1.174906769E0,8.992998962E0
1.046767742E2,1.011446686E0,1.084943848E0,9.655521240E0
1.046969392E2,1.529669037E0,1.744472351E0,9.293124847E0
1.047171042E2,1.652413788E0,2.348017273E0,9.238189087E0
1.047372682E2,1.946402435E0,2.175575867E0,1.049198181E1
1.047574332E2,1.817969513E0,1.308728485E0,1.252729935E1
1.047775982E2,1.733694763E0,9.798623657E-1,1.342842545E1
1.047977632E2,1.530866547E0,1.037791901E0,1.261935791E1
1.048179288E2,1.360820160E0,9.015751648E-1,1.273551636E1
1.048380938E2,1.930834808E0,5.538482666E-1,1.349159409E1
1.048582578E2,2.809956665E0,6.511459351E-1,1.303369629E1
1.048784228E2,2.863844604E0,1.384021912E0,1.076321777E1
1.048985878E2,2.730771332E0,2.281106415E0,8.226592712E0
1.049187528E2,2.539469147E0,2.648442535E0,7.993677063E0
1.049389177E2,2.587668915E0,2.313738556E0,8.714128876E0
1.049590827E2,2.441423035E0,1.590742035E0,1.000714005E1
1.049792478E2,2.666704559E0,1.057700500E0,9.916877747E0
1.049994128E2,2.248174896E0,7.932005310E-1,9.077273712E0
1.050195767E2,1.991009674E0,6.063890076E-1,8.838669891E0
1.050397418E2,2.177072754E0,5.011578369E-1,8.193960571E0
1.050599068E2,2.214345245E0,5.149291992E-1,7.655530243E0
1.050800718E2,2.147584076E0,6.177653503E-1,7.064409485E0
1.051002368E2,1.962868195E0,8.056246948E-1,6.413413239E0
1.051204017E2,1.936522980E0,1.045426025E0,6.644981689E0
1.051405658E2,1.942809906E0,9.702822876E-1,7.196884003E0
1.051607308E2,2.215692444E0,7.111711121E-1,9.170978851E0
1.051808958E2,2.119891663E0,9.729766846E-1,1.030232620E1
1.052010607E2,1.622176666E0,1.831142120E0,9.949210510E0
1.052212258E2,1.100810852E0,2.731519775E0,9.508526917E0
1.052413908E2,1.170565796E0,3.722608795E0,8.659342804E0
1.052615558E2,1.323996735E0,4.392914886E0,8.475375366E0
1.052817197E2,2.289938049E0,4.583768005E0,9.372459869E0
1.053018848E2,3.470982056E0,4.307292938E0,1.125314896E1
1.053220498E2,4.603526917E0,3.653602295E0,1.383228561E1
1.053422148E2,4.058210907E0,2.797083435E0,1.581805618E1
1.053623798E2,2.012115784E0,2.320624237E0,1.590278000E1
1.053825447E2,3.026705933E-1,2.156864777E0,1.380534164E1
1.054027097E2,-3.591032410E-1,2.203118591E0,1.148576523E1
1.054228748E2,-6.506968689E-1,2.203268280E0,1.003273682E1
1.054430388E2,-1.262624359E0,1.984872437E0,9.852361908E0
1.054632037E2,-1.601519623E0,1.577419739E0,1.033944901E1
1.054833688E2,-1.260828094E0,1.369352417E0,8.875792694E0
1.055035338E2,-1.351988525E0,1.379082184E0,7.714956665E0
1.055236988E2,-1.181792450E0,1.451531525E0,7.271129608E0
1.055438638E2,-9.810598755E-1,1.672172699E0,6.827152863E0
1.055640278E2,-5.504054260E-1,1.992656250E0,6.344257050E0
1.055841928E2,6.032455444E-2,2.014660492E0,7.040908356E0
1.056043578E2,7.893086243E-1,1.811383209E0,6.771917725E0
1.056245228E2,8.666976929E-1,2.191143494E0,6.123166809E0
1.056446877E2,7.291337585E-1,2.942880249E0,4.933590546E0
1.056648527E2,1.151555328E0,2.780617676E0,7.407346344E0
1.056850178E2,1.952839050E0,2.706970825E0,8.786578217E0
1.057051818E2,2.397713928E0,2.473755798E0,8.670120392E0
1.057253467E2,2.282603302E0,2.910846863E0,7.477700043E0
1.057455118E2,2.849773865E0,2.829865265E0,8.291407928E0
1.057656768E2,3.814367981E0,2.819087677E0,1.019200562E1
1.057858418E2,4.566853180E0,3.350332947E0,1.076261902E1
1.058060068E2,5.083728333E0,4.340823212E0,1.033630554E1
1.058261716E2,4.637955322E0,4.308191071E0,1.150462601E1
1.058463356E2,3.759581909E0,3.547323303E0,1.299567535E1
1.058665006E2,3.357218628E0,3.060685272E0,1.333487000E1
1.058866656E2,2.891087952E0,2.818189545E0,1.296064819E1
1.059068306E2,2.205663300E0,2.946622467E0,1.214244965E1
1.059269956E2,1.390757904E0,3.088377686E0,1.048150360E1
1.059471606E2,4.540058899E-1,2.682721252E0,9.995913391E0
1.059673246E2,5.595364380E-1,2.169887695E0,9.412576447E0
1.059874896E2,9.616003418E-1,1.984273682E0,8.133785706E0
1.060076546E2,1.482517090E0,1.922152863E0,6.958280182E0
1.060278196E2,1.778152313E0,1.924547882E0,6.907386017E0
1.060479846E2,2.068548431E0,1.790277100E0,6.637946320E0
1.060681496E2,1.675016785E0,1.555415497E0,6.267766113E0
1.060883146E2,1.827100525E0,1.690434723E0,5.560337219E0
1.061084786E2,1.763782196E0,1.838925934E0,5.886658630E0
1.061286436E2,1.238674164E0,1.663191376E0,6.388115845E0
1.061488086E2,5.292993164E-1,1.503174133E0,6.057902527E0
1.061689736E2,1.586700439E-2,1.264420624E0,5.046306152E0
1.061891386E2,9.190887451E-2,8.891510010E-1,4.411775665E0
1.062093036E2,-1.924996948E-1,6.218069458E-1,4.925806732E0
1.062294676E2,-7.969427490E-1,3.192860413E-1,6.124663696E0
1.062496326E2,-1.693727875E0,4.258644104E-1,7.534581757E0
1.062697976E2,-2.832260284E0,8.925938416E-1,8.377928009E0
1.062899626E2,-3.252137146E0,1.560804291E0,9.558073883E0
1.063101276E2,-3.212619324E0,2.544558563E0,1.021790176E1
1.063302926E2,-2.814597015E0,3.698059845E0,1.032343231E1
1.063504566E2,-2.060016174E0,4.102518768E0,1.246951950E1
1.063706216E2,-1.240320740E0,3.608695679E0,1.413854874E1
1.063907866E2,2.395019531E-2,2.520758057E0,1.549981796E1
1.064109516E2,2.590513000E0,1.632654877E0,1.793270874E1
1.064311166E2,5.046455841E0,1.296454010E0,1.911614777E1
1.064512816E2,5.602250061E0,1.104553070E0,1.935370377E1
1.064714456E2,5.013973389E0,1.197958832E0,1.658146866E1
1.064916106E2,4.393214264E0,1.413360901E0,1.337558533E1
1.065117756E2,4.406835938E0,1.481319580E0,1.174173294E1
1.065319406E2,5.247038727E0,1.241667938E0,1.154803574E1
1.065521056E2,5.270689545E0,1.298699341E0,1.129191833E1
1.065722706E2,4.323010254E0,1.620380402E0,1.084554657E1
1.065924346E2,3.146606598E0,1.821861420E0,1.009111542E1
1.066125996E2,2.654280396E0,2.179018707E0,9.539362793E0
1.066327646E2,2.386786652E0,2.352358246E0,1.011042526E1
1.066529296E2,1.773811340E0,2.033820648E0,1.168979095E1
1.066730946E2,1.518292694E0,1.598376160E0,1.225696152E1
1.066932596E2,1.198707275E0,1.122366028E0,1.242057129E1
1.067134236E2,4.035607910E-1,6.096821594E-1,1.218780533E1
1.067335886E2,-2.157014465E-1,2.068698120E-1,1.143187729E1
1.067537536E2,-7.640112305E-1,-1.327738953E-1,1.103654938E1
1.067739186E2,-1.494641876E0,-4.849914551E-1,1.064346680E1
1.067940836E2,-1.656156006E0,-6.204597473E-1,9.700577545E0
1.068142488E2,-1.515298920E0,-9.578581238E-1,8.962013397E0
1.068344128E2,-1.217418365E0,-1.236877899E0,9.101972351E0
1.068545778E2,-1.444795532E0,-1.564845886E0,8.864715729E0
1.068747428E2,-1.998344421E0,-1.457668762E0,9.530830536E0
1.068949078E2,-1.155896301E0,-8.355624390E-1,8.098908234E0
1.069150728E2,-1.901046753E-2,-1.109193420E-1,6.412066040E0
1.069352378E2,2.908451843E-1,6.765930176E-2,6.286626892E0
1.069554018E2,8.288264465E-1,7.198530579E-1,6.071224823E0
1.069755668E2,6.032455444E-2,8.223898315E-1,5.989644470E0
1.069957318E2,4.011657715E-1,1.393302612E0,5.930966492E0
1.070158968E2,1.049317932E0,1.945055237E0,5.665269012E0
1.070360618E2,7.985893250E-1,1.974843292E0,5.088668060E0
1.070562268E2,6.294410706E-1,1.649869080E0,4.266278229E0
1.070763908E2,4.186793518E-1,1.040037231E0,4.093986511E0
1.070965558E2,6.619235229E-1,6.219566345E-1,4.661755829E0
1.071167208E2,9.116043091E-1,3.329077148E-1,5.584137726E0
1.071368858E2,3.677851868E-1,1.574725342E-1,6.510561218E0
1.071570508E2,2.424957275E-1,1.784289551E-1,7.767796783E0
1.071772158E2,-7.738906860E-2,1.107696533E-1,9.338929596E0
1.071973798E2,9.845027161E-1,3.210823059E-1,1.115136063E1
1.072175448E2,1.188827820E0,1.191971283E0,1.063478485E1
1.072377098E2,3.222798157E-1,2.079475708E0,1.000564316E1
1.072578748E2,-1.077758789E-2,2.487527161E0,1.148441803E1
1.072780398E2,1.898651733E0,2.304607544E0,1.463341965E1
1.072982048E2,3.980821838E0,2.820734253E0,1.320568863E1
1.073183688E2,4.438270569E0,2.838846588E0,1.298459839E1
1.073385338E2,4.933740234E0,2.930905151E0,1.388886795E1
1.073586988E2,6.527326355E0,3.296744385E0,1.457459198E1
1.073788638E2,7.319928131E0,3.885470123E0,1.390832748E1
1.073990288E2,7.581733704E0,3.754492493E0,1.459479996E1
1.074191928E2,5.805227966E0,1.746567993E0,1.702080505E1
1.074393578E2,5.011278992E0,-1.254391479E-1,1.965203339E1
1.074595228E2,5.147495728E0,1.239422607E-1,1.743125153E1
1.074796878E2,4.055666199E0,1.236728210E0,1.297486862E1
1.074998528E2,3.041824493E0,1.343905334E0,1.249167343E1
1.075200178E2,2.022593994E0,4.159849548E-1,1.316033295E1
1.075401818E2,1.120120697E0,-1.202000427E-1,1.385443954E1
1.075603468E2,8.434959412E-1,-3.971241760E-1,1.354907455E1
1.075805118E2,5.222639465E-1,-2.859054565E-1,1.173903854E1
1.076006768E2,-3.112028503E-1,-5.074447632E-2,9.617051239E0
1.076208418E2,-8.220904541E-1,1.799258423E-1,8.383017426E0
1.076410068E2,-6.833290100E-1,4.842430115E-1,7.280709686E0
1.076611708E2,-6.336323547E-1,7.274871826E-1,6.231092377E0
1.076813358E2,-2.820135498E-1,8.491841125E-1,4.877157898E0
1.077015008E2,-7.708969116E-2,7.801776123E-1,4.142785034E0
1.077216658E2,-8.906478882E-2,9.084608459E-1,3.142115936E0
1.077418308E2,-1.736389160E-1,8.913963318E-1,3.951333160E0
1.077619958E2,5.553451538E-2,9.485774231E-1,4.466861115E0
1.077821598E2,-6.661148071E-2,1.134640503E0,3.615731049E0
1.078023248E2,-3.876937866E-1,1.076112213E0,2.865940247E0
1.078224892E2,-5.978567505E-1,8.288264465E-1,3.737278290E0
1.078426542E2,-4.168830872E-1,4.234693909E-1,4.731810150E0
1.078628192E2,1.845661926E-1,-2.260299683E-2,6.032754822E0
1.078829842E2,6.174659729E-1,-2.927911377E-1,6.397546234E0
1.079031482E2,3.126997375E-1,-2.529739380E-2,6.381978607E0
1.079233132E2,-5.384303284E-1,4.296066284E-1,5.160518646E0
1.079434782E2,-8.041278076E-1,2.692900085E-1,6.345304871E0
1.079636432E2,9.265731812E-2,1.032852173E-2,9.090745697E0
1.079838082E2,8.904981995E-1,-7.304809570E-2,1.213197144E1
1.080039722E2,5.917195129E-1,4.083508301E-1,1.287831940E1
1.080241372E2,6.499484253E-1,1.348845062E0,1.106918152E1
1.080443022E2,1.503174133E0,2.022743683E0,1.079644867E1
1.080644672E2,3.625161438E0,2.025438080E0,1.373394012E1
1.080846322E2,5.567372589E0,2.002086639E0,1.639046585E1
1.081047972E2,5.574557648E0,1.665736084E0,1.780697021E1
1.081249612E2,4.660857697E0,6.002517700E-1,1.824675568E1
1.081451262E2,4.932842102E0,1.517843628E-1,1.748648666E1
1.081652912E2,5.322631531E0,2.068698120E-1,1.590248062E1
1.081854562E2,4.489913177E0,-2.923420715E-1,1.485495895E1
1.082056212E2,3.633843384E0,-1.331630859E0,1.552975571E1
1.082257862E2,2.861150208E0,-1.819765778E0,1.488160355E1
1.082459502E2,2.257305908E0,-1.870510254E0,1.332289490E1
1.082661152E2,1.838925934E0,-1.611698456E0,1.164772842E1
1.082862802E2,1.235231323E0,-1.202449493E0,1.015248779E1
1.083064452E2,7.824229431E-1,-9.318122864E-1,8.860524445E0
1.083266102E2,8.976832581E-1,-7.220983887E-1,7.707472229E0
1.083467752E2,1.086590424E0,-9.012757874E-1,7.568860474E0
1.083669392E2,1.266516266E0,-1.105600891E0,7.689808960E0
1.083871042E2,1.411714325E0,-1.157991943E0,7.530390472E0
1.084072692E2,1.389710083E0,-8.996292114E-1,7.354955292E0
1.084274342E2,1.168021088E0,-5.761518860E-1,7.101831665E0
1.084475992E2,1.049018555E0,-2.992277527E-1,6.602470093E0
1.084677632E2,1.041983185E0,-1.284329224E-1,6.519392853E0
1.084879282E2,1.063238983E0,1.222956848E-1,6.735693054E0
1.085080932E2,1.453327789E0,3.802093506E-1,6.598129120E0
1.085282582E2,1.606908417E0,7.351213074E-1,6.675967255E0
1.085484232E2,1.612297211E0,1.169667664E0,6.561305695E0
1.085685882E2,1.618135071E0,1.418150940E0,6.372697906E0
1.085887522E2,1.778601379E0,1.652563477E0,6.431375885E0
1.086089172E2,2.065105591E0,1.960024109E0,6.468798065E0
1.086290822E2,2.137704620E0,2.297721863E0,6.836732941E0
1.086492472E2,2.106120300E0,2.561623077E0,7.167095947E0
1.086694122E2,2.117646332E0,2.673440552E0,7.725135498E0
1.086895772E2,2.276166687E0,2.594853973E0,8.778045959E0
1.087097412E2,2.715802460E0,2.645897827E0,9.635163574E0
1.087299062E2,3.123554535E0,2.918930054E0,1.081396225E1
1.087500712E2,3.164269867E0,2.863245850E0,1.075603271E1
1.087702362E2,3.392545166E0,2.627486115E0,1.120225479E1
1.087904012E2,3.153492279E0,1.756746826E0,1.260334122E1
1.088105662E2,3.269950104E0,1.490899658E0,1.328801743E1
1.088307307E2,3.571273499E0,1.645378418E0,1.269060974E1
1.088508957E2,3.358865204E0,1.830094299E0,1.195369217E1
1.088710607E2,3.125350800E0,1.734742584E0,1.177331726E1
1.088912257E2,2.597698059E0,1.671124878E0,1.190264832E1
1.089113907E2,1.842817841E0,1.567540283E0,1.170041885E1
1.089315547E2,1.358125763E0,1.325194244E0,1.149923721E1
1.089517197E2,1.263073425E0,9.448352051E-1,1.115375565E1
1.089718847E2,1.451381836E0,8.292755127E-1,1.033765274E1
1.089920497E2,1.567540283E0,8.342152405E-1,9.847422180E0
1.090122147E2,1.449735260E0,9.496252441E-1,9.486822052E0
1.090323797E2,1.315015411E0,1.207239532E0,8.870703278E0
1.090525437E2,9.798623657E-1,1.449286194E0,8.463999023E0
1.090727087E2,1.128203888E0,1.664987640E0,8.175997925E0
1.090928737E2,1.312021637E0,1.554217987E0,8.455915833E0
1.091130387E2,1.604363708E0,1.377136230E0,8.957223358E0
1.091332037E2,1.632654877E0,1.331481171E0,9.021589508E0
1.091533687E2,1.494043121E0,1.494641876E0,9.082662506E0
1.091735327E2,1.431024170E0,1.585203552E0,9.182953949E0
1.091936977E2,1.504970398E0,1.661245422E0,9.079668732E0
1.092138627E2,1.530118103E0,1.772164764E0,8.930429077E0
1.092340277E2,1.489253082E0,1.995051270E0,8.718170471E0
1.092541927E2,1.001567230E0,2.167342987E0,8.415799255E0
1.092743577E2,7.328759766E-1,2.215842133E0,8.206235046E0
1.092945217E2,9.604028320E-1,2.050136719E0,8.249495087E0
1.093146867E2,1.239572296E0,1.694027252E0,8.869056702E0
1.093348517E2,1.681603088E0,1.498982849E0,9.273515625E0
1.093550167E2,1.590592346E0,1.567989349E0,8.891659698E0
1.093751817E2,1.197659454E0,1.753154297E0,8.310268707E0
1.093953457E2,9.868977356E-1,1.823358307E0,7.937693481E0
1.094155107E2,1.054107971E0,1.806593170E0,7.710915070E0
1.094356757E2,1.355281677E0,1.732048187E0,7.819888458E0
1.094558407E2,1.561103668E0,1.718276825E0,7.600444794E0
1.094760057E2,1.514101410E0,1.876647491E0,7.276518402E0
1.094961707E2,1.840871887E0,1.988315277E0,7.237898712E0
1.095163347E2,1.894909515E0,2.154170380E0,6.854845276E0
1.095364997E2,2.035018158E0,2.074985046E0,7.013365631E0
1.095566647E2,2.456242218E0,1.848655701E0,9.442663879E0
1.095768297E2,3.107687531E0,2.288740540E0,1.069930069E1
1.095969947E2,3.352428589E0,3.807781677E0,9.466614075E0
1.096171597E2,3.099604340E0,4.452940063E0,9.879455566E0
1.096373237E2,3.538491669E0,3.865860901E0,1.212313980E1
1.096574887E2,3.955823822E0,1.983225861E0,1.583946167E1
1.096776537E2,4.192032623E0,5.718109131E-1,1.743544281E1
1.096978187E2,3.874991913E0,2.647993469E-1,1.675226349E1
1.097179837E2,3.438349915E0,6.920109558E-1,1.471080872E1
1.097381477E2,2.932851105E0,8.857081604E-1,1.326571381E1
1.097583127E2,2.541714478E0,9.128018188E-1,1.176283905E1
1.097784777E2,1.984273682E0,8.765771484E-1,1.068223618E1
1.097986427E2,1.494342499E0,8.572673035E-1,9.782606964E0
1.098188072E2,1.191372528E0,8.860075378E-1,8.851842499E0
1.098389722E2,1.257834320E0,8.647517395E-1,8.004754028E0
1.098591362E2,1.317709808E0,7.036866760E-1,7.426656189E0
1.098793012E2,1.208736420E0,6.084846497E-1,6.856042786E0
1.098994662E2,1.112187195E0,6.152206421E-1,6.555318146E0
1.099196312E2,7.650590515E-1,8.373587036E-1,6.143674164E0
1.099397962E2,2.730322266E-1,1.215472412E0,5.264552307E0
1.099599612E2,1.526824951E-2,1.564396820E0,4.753664703E0
1.099801252E2,2.457888794E-1,1.567390594E0,4.984933777E0
1.100002902E2,8.077203369E-1,1.431024170E0,5.665418701E0
1.100204552E2,8.655001831E-1,1.406924286E0,6.100264435E0
1.100406202E2,8.093669128E-1,1.526974640E0,5.942043457E0
1.100607852E2,8.092172241E-1,1.582359467E0,5.964347076E0
1.100809492E2,1.089434509E0,1.305734711E0,6.571334839E0
1.101011142E2,1.759441223E0,1.247206421E0,8.211025085E0
1.101212792E2,2.105671234E0,1.865869904E0,8.734037476E0
1.101414442E2,2.376458130E0,2.923570404E0,8.684041443E0
1.101616092E2,2.797532501E0,3.708837433E0,8.966504059E0
1.101817742E2,2.680176544E0,3.797752533E0,8.800050201E0
1.102019382E2,3.055296478E0,3.749552765E0,9.969867554E0
1.102221032E2,4.314927063E0,4.554429016E0,9.976004791E0
1.102422682E2,4.322112122E0,4.466561737E0,1.049153275E1
1.102624332E2,3.148253174E0,3.071462860E0,1.297367111E1
1.102825982E2,2.120041351E0,1.592538300E0,1.533950134E1
1.103027632E2,1.479523315E0,1.331032104E0,1.408136765E1
1.103229272E2,1.048868866E0,1.993704071E0,1.106693619E1
1.103430922E2,5.179229736E-2,2.446662140E0,9.993518372E0
1.103632572E2,-2.481838989E-1,2.605930939E0,9.452094269E0
1.103834222E2,3.225791931E-1,2.542911987E0,8.682843933E0
1.104035872E2,1.061891785E0,1.999691620E0,9.257498932E0
1.104237512E2,1.495989075E0,1.894011383E0,9.453441467E0
1.104439162E2,1.575473785E0,2.216291199E0,8.781339111E0
1.104640812E2,1.716779938E0,2.365530853E0,8.206833801E0
1.104842462E2,2.220332794E0,2.366279297E0,8.028704224E0
1.105044112E2,2.295326843E0,2.288441162E0,8.644822998E0
1.105245762E2,2.254461823E0,1.979633331E0,9.929900665E0
1.105447402E2,2.559228058E0,1.596430206E0,1.088596252E1
1.105649052E2,3.306174774E0,1.872605896E0,1.175340866E1
1.105850702E2,3.215313721E0,2.378853149E0,1.164398621E1
1.106052352E2,3.022664337E0,2.221530304E0,1.210457840E1
1.106254002E2,2.910098419E0,1.003363495E0,1.261621445E1
1.106455652E2,2.589315491E0,5.209167480E-2,1.440694061E1
1.106657292E2,2.370470581E0,-4.641847229E-1,1.609168716E1
1.106858942E2,2.082768860E0,-7.903564453E-2,1.396655640E1
1.107060592E2,1.173559570E0,5.821394348E-1,1.114672028E1
1.107262242E2,4.896318054E-1,5.722599792E-1,1.033720367E1
1.107463892E2,5.417234802E-1,3.282673645E-1,9.615404663E0
1.107665532E2,2.655477905E-1,3.303630066E-1,8.483458557E0
1.107867182E2,-2.821632385E-1,1.532812500E-1,7.338339844E0
1.108068832E2,-4.751119995E-1,4.415817261E-2,6.735842743E0
1.108270487E2,-3.382965088E-1,-1.258882141E-1,5.832471313E0
1.108472137E2,-2.612068176E-1,-2.290237427E-1,3.991599426E0
1.108673787E2,-4.935237122E-1,-2.595602417E-1,3.024161224E0
1.108875427E2,-5.035528564E-1,4.640350342E-2,2.603984985E0
1.109077077E2,-9.635462952E-1,2.025288391E-1,3.171155548E0
1.109278727E2,-1.895807648E0,-7.499404907E-2,3.599265289E0
1.109480377E2,-2.308798828E0,-5.034031677E-1,4.974904633E0
1.109682027E2,-2.004930725E0,-1.035845947E0,6.062842255E0
1.109883677E2,-2.009571075E0,-9.518705750E-1,8.093070374E0
1.110085317E2,-2.155816956E0,1.136137390E-1,7.487280121E0
1.110286967E2,-2.643802185E0,1.666933594E0,6.632108459E0
1.110488617E2,-2.800376587E0,2.584824829E0,9.680818634E0
1.110690267E2,-1.576222229E0,2.029180298E0,1.435469925E1
1.110891917E2,3.689826965E-1,2.585722961E0,1.594604004E1
1.111093557E2,1.337169342E0,3.497476959E0,1.592747864E1
1.111295207E2,8.077203369E-1,2.320624237E0,1.777972687E1
1.111496857E2,1.724114685E0,9.315129089E-1,2.137090897E1
1.111698507E2,3.852089539E0,7.949967957E-1,2.101030884E1
1.111900157E2,4.686903534E0,1.696721649E0,1.769066208E1
1.112101807E2,3.329526215E0,2.321073303E0,1.519804550E1
1.112303447E2,1.964215393E0,2.560575256E0,1.332409241E1
1.112505097E2,1.524729309E0,2.416425018E0,1.149384842E1
1.112706747E2,1.307980042E0,1.903292084E0,1.084988754E1
1.112908397E2,1.087638245E0,1.221609650E0,1.122515717E1
1.113110047E2,9.003776550E-1,7.945477295E-1,1.040246796E1
1.113311687E2,7.036866760E-1,6.222560120E-1,8.742420044E0
1.113513337E2,4.385879517E-1,5.539979553E-1,7.101532288E0
1.113714987E2,3.638932800E-1,6.108796692E-1,6.036646729E0
1.113916637E2,1.188528442E-1,6.800358582E-1,6.213429108E0
1.114118287E2,-3.261717224E-1,6.301895142E-1,6.930887146E0
1.114319937E2,8.846603394E-2,5.098397827E-1,7.281308441E0
1.114521577E2,5.659730530E-1,3.379971313E-1,7.352560272E0
1.114723227E2,2.947370911E-1,2.050735474E-2,8.256380768E0
1.114924877E2,1.528321838E-1,-2.579136658E-1,9.648934937E0
1.115126527E2,7.247927856E-1,2.628533936E-1,9.748777313E0
1.115328177E2,1.210532684E0,1.340612183E0,8.990603943E0
1.115529827E2,1.425635376E0,1.651665344E0,9.776020660E0
1.115731467E2,1.382075958E0,1.270857239E0,1.146256348E1
1.115933117E2,9.157955933E-1,1.217867432E0,1.170416107E1
1.116134767E2,9.665400696E-1,1.998793488E0,1.037986496E1
1.116336417E2,8.671467590E-1,2.426154785E0,1.012165192E1
1.116538067E2,1.088386688E0,2.604583740E0,1.032717453E1
1.116739707E2,1.499880981E0,2.097588043E0,1.071950867E1
1.116941357E2,2.024839325E0,2.090253296E0,1.075064392E1
1.117143007E2,1.764380951E0,2.508483582E0,1.020188507E1
1.117344657E2,7.888595581E-1,2.876268768E0,9.425599365E0
1.117546307E2,7.514373779E-1,2.829565887E0,9.412426758E0
1.117747957E2,7.888595581E-1,2.579286346E0,8.950038300E0
1.117949597E2,6.822811890E-1,2.287692719E0,8.325237579E0
1.118151246E2,2.905458069E-1,2.196083221E0,7.266638947E0
1.118352896E2,-7.664062500E-2,2.067051544E0,7.009922791E0
1.118554546E2,-1.095721436E-1,1.998194733E0,6.693929901E0
1.118756196E2,1.567240906E-1,1.808688812E0,6.623127136E0
1.118957836E2,3.128494263E-1,1.596729584E0,6.997947693E0
1.119159486E2,5.143304443E-1,1.405577087E0,7.312443695E0
1.119361136E2,8.137078857E-1,1.114133148E0,7.899822235E0
1.119562786E2,8.213420105E-1,6.821315002E-1,9.334438934E0
1.119764436E2,1.655407562E0,1.159937897E0,9.182504883E0
1.119966086E2,1.722468109E0,2.273921356E0,8.143365784E0
1.120167726E2,1.346000977E0,2.894680481E0,9.555828552E0
1.120369376E2,1.648222504E0,2.752476196E0,1.191357559E1
1.120571026E2,1.375489655E0,1.855391693E0,1.214035400E1
1.120772676E2,7.090754700E-1,1.302591248E0,1.046563660E1
1.120974326E2,9.122030640E-1,1.050964508E0,9.965376892E0
1.121175966E2,9.568103027E-1,1.450334015E0,1.068522995E1
1.121377616E2,-1.442999268E0,1.178499298E0,9.987381134E0
1.121579266E2,-2.937790833E0,3.010240173E-1,9.778415680E0
1.121780916E2,-3.254831543E0,-5.962101746E-1,1.233360214E1
1.121982566E2,-2.928510132E0,-5.770500183E-1,1.383048935E1
1.122184216E2,-3.265459442E0,-1.785786438E-1,1.296019913E1
1.122385856E2,-2.794538727E0,8.223898315E-1,1.034483780E1
1.122587506E2,-1.473835144E0,1.146166534E0,1.035935760E1
1.122789156E2,8.006849670E-1,1.154998169E0,1.125674149E1
1.122990806E2,1.755399628E0,1.873803406E0,1.152588181E1
1.123192456E2,7.954458618E-1,2.434986420E0,1.094434113E1
1.123394096E2,3.815565491E-1,2.904559937E0,9.590855713E0
1.123595746E2,1.042881317E0,3.084785156E0,9.398655396E0
1.123797396E2,2.596350861E0,2.953807526E0,1.071741302E1
1.123999046E2,3.429218903E0,3.078498230E0,1.169158722E1
1.124200696E2,3.254831543E0,3.302282867E0,1.166524200E1
1.124402346E2,3.152294769E0,3.359913025E0,1.165715881E1
1.124603986E2,2.934497681E0,3.172053680E0,1.191147995E1
1.124805636E2,2.537972260E0,2.946921844E0,1.274000702E1
1.125007286E2,2.484383698E0,2.675685883E0,1.348545685E1
1.125208936E2,2.737507324E0,2.577490082E0,1.266276764E1
1.125410586E2,2.165846100E0,1.948797455E0,1.362706238E1
1.125612226E2,2.113455048E0,7.451504517E-1,1.604842712E1
1.125813876E2,2.052681427E0,-8.897497559E-1,1.699490891E1
1.126015526E2,1.349294128E0,-1.464404755E0,1.559142746E1
1.126217176E2,1.228944397E-1,-1.299896851E0,1.321721466E1
1.126418826E2,-7.069798279E-1,-1.156944122E0,1.190773773E1
1.126620476E2,-1.168021088E0,-1.255588989E0,1.130823441E1
1.126822116E2,-1.388662262E0,-1.249601440E0,1.068463120E1
1.127023766E2,-8.735833740E-1,-1.215472412E0,1.084554657E1
1.127225416E2,-7.855664063E-1,-1.116528168E0,1.038944504E1
1.127427066E2,-9.607022095E-1,-7.929011536E-1,8.855285339E0
1.127628716E2,-1.186881866E0,-2.628533936E-1,6.979685669E0
1.127830356E2,-1.274898834E0,1.824705505E-1,5.937403107E0
1.128032006E2,-1.194965057E0,5.873785400E-1,5.325625305E0
1.128233658E2,-1.088386688E0,7.744894409E-1,4.796475677E0
1.128435308E2,-1.227746887E0,7.852670288E-1,4.281097412E0
1.128636958E2,-8.535250854E-1,7.336244202E-1,3.990850983E0
1.128838598E2,-4.698728943E-1,6.477030945E-1,4.266278229E0
1.129040248E2,-2.386038208E-1,6.346801758E-1,4.519252167E0
1.129241898E2,-5.239105225E-2,6.122268677E-1,4.974904633E0
1.129443548E2,6.496490479E-2,7.409591675E-1,5.346132660E0
1.129645198E2,4.022135925E-1,1.078357544E0,4.723128204E0
1.129846848E2,4.986131287E-1,1.262175293E0,4.805157623E0
1.130048488E2,7.120692444E-1,1.150357819E0,5.728138275E0
1.130250138E2,1.436113586E0,9.214837646E-1,7.605683899E0
1.130451788E2,2.398312683E0,1.086440735E0,8.258027344E0
1.130653438E2,2.692750397E0,1.429976349E0,8.733438721E0
1.130855088E2,2.423759766E0,1.616638184E0,9.367071075E0
1.131056728E2,2.273771667E0,2.205214233E0,1.084180435E1
1.131258378E2,2.002086639E0,2.055824890E0,1.313787964E1
1.131460028E2,1.850002899E0,1.351988525E0,1.707903397E1
1.131661678E2,2.721340942E-1,1.056652679E0,1.994617172E1
1.131863328E2,-2.420765991E0,9.771679688E-1,1.971969269E1
1.132064968E2,-4.003424835E0,6.629713440E-1,1.936582855E1
1.132266618E2,-4.572541351E0,-2.158511353E-1,1.924338318E1
1.132468268E2,-3.839515686E0,-1.316512299E0,1.784678741E1
1.132669918E2,-2.775677948E0,-1.709445190E0,1.443014236E1
1.132871568E2,-2.820285187E0,-1.910327454E0,1.182361267E1
1.133073218E2,-3.065924377E0,-1.676513672E0,8.483009491E0
1.133274858E2,-2.771187286E0,-1.760638733E0,7.380851440E0
1.133476508E2,-2.205663300E0,-1.548679504E0,6.266867981E0
1.133678158E2,-1.326541443E0,-1.245859222E0,4.817731476E0
1.133879808E2,-8.485853577E-1,-8.800199890E-1,4.074077911E0
1.134081458E2,-9.196875000E-1,-6.718029785E-1,3.530109100E0
1.134283098E2,-1.183289337E0,-4.209246826E-1,3.307222595E0
1.134484748E2,-6.330335999E-1,-2.616558838E-1,3.928281097E0
1.134686398E2,-5.598358154E-2,-2.778222656E-1,5.631738739E0
1.134888048E2,4.002676392E-1,-1.841171265E-2,5.889802094E0
1.135089698E2,2.272274780E-1,3.659889221E-1,5.561534729E0
1.135291348E2,3.369493103E-1,6.047424316E-1,5.876928864E0
1.135492988E2,8.424481201E-1,7.927514648E-1,6.755152588E0
1.135694638E2,1.682501221E0,9.355545044E-1,8.275690613E0
1.135896288E2,2.356399841E0,1.187330933E0,1.002630020E1
1.136097938E2,2.964585114E0,1.347198486E0,1.107157654E1
1.136299588E2,3.653602295E0,1.790127411E0,1.218630844E1
1.136501228E2,4.082011414E0,1.955683136E0,1.377450577E1
1.136702878E2,4.122127991E0,1.645378418E0,1.424782150E1
1.136904528E2,3.739373932E0,7.107220459E-1,1.596759521E1
1.137106178E2,3.748804321E0,-1.788780212E-1,1.717453537E1
1.137307828E2,3.373085632E0,-2.963836670E-1,1.663176407E1
1.137509468E2,2.597997437E0,-9.460327148E-2,1.433344345E1
1.137711118E2,1.552571411E0,-1.275347900E-1,1.294942154E1
1.137912768E2,9.199868774E-1,-4.857398987E-1,1.271710464E1
1.138114418E2,5.101391602E-1,-1.017284546E0,1.249287094E1
1.138316070E2,-4.605921936E-1,-1.481020203E0,1.168185745E1
1.138517720E2,-1.493144989E0,-1.756297760E0,1.090317673E1
1.138719360E2,-1.560953979E0,-2.087259521E0,1.091275681E1
1.138921010E2,-1.202449493E0,-2.047891388E0,1.033241364E1
1.139122660E2,-9.446855164E-1,-1.709594879E0,9.173673248E0
1.139324310E2,-5.614823914E-1,-1.433718567E0,8.124205627E0
1.139525960E2,-7.042854309E-1,-1.109492798E0,7.106621704E0
1.139727600E2,-8.936416626E-1,-5.254074097E-1,6.399043121E0
1.139929250E2,-4.929249573E-1,-1.327738953E-1,6.148613892E0
1.140130900E2,5.313949585E-2,8.322692871E-2,6.327491913E0
1.140332550E2,-1.145118713E-1,1.748364258E-1,6.347699890E0
1.140534200E2,-3.827540588E-1,3.764671326E-1,6.429130554E0
1.140735840E2,6.466552734E-2,4.037104797E-1,6.971901855E0
1.140937490E2,3.903881836E-1,6.291416931E-1,7.448660431E0
1.141139140E2,2.847079468E-1,8.490344238E-1,7.583230591E0
1.141340790E2,2.255809021E-1,1.062490540E0,8.048014069E0
1.141542440E2,4.337979126E-1,9.222322083E-1,9.129814453E0
1.141744090E2,7.628137207E-1,7.909552002E-1,9.445208588E0
1.141945730E2,8.012837219E-1,9.304650879E-1,9.385033722E0
1.142147380E2,6.487509155E-1,1.468146973E0,9.570797424E0
1.142349030E2,5.998027039E-1,2.208357697E0,8.941655731E0
1.142550680E2,-2.383044434E-1,2.370470581E0,8.315208435E0
1.142752330E2,-7.499404907E-1,1.483564911E0,9.803413696E0
1.142953970E2,-1.357676697E-1,2.890489197E-1,1.265543289E1
1.143155620E2,7.566764832E-1,1.643582153E-1,1.274853928E1
1.143357270E2,2.963836670E-2,4.224215698E-1,1.025233017E1
1.143558920E2,-1.995350647E0,-1.152603149E-2,8.980125732E0
1.143760570E2,-3.645519104E0,-9.303153992E-1,9.524244232E0
1.143962210E2,-3.319946136E0,-2.283202057E0,1.086111420E1
1.144163860E2,-2.708767090E0,-2.830613708E0,1.084898941E1
1.144365510E2,-2.906655579E0,-2.775977325E0,1.015173935E1
1.144567160E2,-3.146456909E0,-2.187550964E0,9.566905518E0
1.144768810E2,-2.769241333E0,-1.559008026E0,8.901239777E0
1.144970450E2,-2.217488708E0,-1.104702759E0,8.516240387E0
1.145172100E2,-1.999541931E0,-6.673123169E-1,8.307873688E0
1.145373750E2,-1.598376160E0,-1.243913269E-1,7.864944763E0
1.145575400E2,-9.975256348E-1,1.974394226E-1,8.025261383E0
1.145777050E2,-4.939727783E-2,4.474195862E-1,8.540489960E0
1.145978700E2,6.298901367E-1,6.515950012E-1,8.696016541E0
1.146180340E2,1.306333466E0,7.741900635E-1,9.743687897E0
1.146381990E2,2.206860809E0,9.951306152E-1,1.011506561E1
1.146583640E2,2.818189545E0,1.460812225E0,9.306596832E0
1.146785290E2,2.740351410E0,1.866019592E0,8.198900299E0
1.146986940E2,2.550097046E0,1.880240021E0,7.976013794E0
1.147188580E2,2.770139465E0,1.426832886E0,9.221124573E0
1.147390230E2,3.414100342E0,1.135987701E0,1.024469604E1
1.147591880E2,3.001707916E0,1.136586456E0,1.020398071E1
1.147793530E2,2.135159912E0,1.343605957E0,9.198371887E0
1.147995180E2,1.802102509E0,1.319805450E0,9.071286163E0
1.148196817E2,1.652862854E0,1.109492798E0,9.974058838E0
1.148398467E2,1.729653168E0,7.327262878E-1,1.117815491E1
1.148600117E2,1.373394012E0,4.312532043E-1,1.235171448E1
1.148801767E2,2.258802795E-1,-5.463638306E-2,1.298474808E1
1.149003417E2,-5.659730530E-1,-9.699829102E-2,1.352766907E1
1.149205057E2,-3.921844482E-1,1.678010559E-1,1.424318115E1
1.149406707E2,7.238946533E-1,3.215313721E-1,1.584350327E1
1.149608357E2,1.077010345E0,1.242416382E-2,1.748603760E1
1.149810007E2,-2.079176331E-1,-1.125808868E0,1.887305328E1
1.150011657E2,-1.117276611E0,-2.284998322E0,2.035886353E1
1.150213307E2,-8.833131409E-1,-2.778372345E0,1.763497787E1
1.150414947E2,-3.233276367E-2,-1.825154572E0,1.352497467E1
1.150616597E2,-6.017486572E-1,-1.446142731E0,1.075169174E1
1.150818247E2,-1.375639343E0,-1.222507782E0,9.403295746E0
1.151019897E2,-1.693129120E0,-1.280287628E0,7.979456635E0
1.151221547E2,-1.175954590E0,-1.123413849E0,6.192023621E0
1.151423187E2,-9.445358276E-2,-8.774752808E-1,4.484225006E0
1.151624837E2,4.622387695E-1,-6.854246521E-1,3.284020844E0
1.151826487E2,4.388873291E-1,-5.225633240E-1,2.668800201E0
1.152028137E2,-1.901046753E-2,-5.063969421E-1,2.314037933E0
1.152229787E2,-6.219566345E-1,-4.490661621E-1,2.361339569E0
1.152431427E2,-1.275048523E0,-4.619393921E-1,1.995500336E0
1.152633077E2,-1.108295288E0,-5.563929749E-1,1.930834808E0
1.152834727E2,-1.576222229E-1,-6.598278809E-1,2.741698608E0
1.153036377E2,4.430786133E-1,-5.525010681E-1,3.388952637E0
1.153238027E2,-3.165916443E-1,-3.817062378E-1,3.875141602E0
1.153439667E2,-8.830137634E-1,-2.216889954E-1,3.983965302E0
1.153641317E2,-1.064286804E0,-4.671784973E-1,5.701044617E0
1.153842967E2,-2.531236267E-1,-7.255412292E-1,7.778574371E0
1.154044617E2,6.550378418E-1,3.010240173E-1,9.976004791E0
1.154246267E2,-6.110293579E-1,1.352138214E0,1.011686188E1
1.154447917E2,-2.261048126E0,2.486778717E0,1.132559830E1
1.154649557E2,-1.815125427E0,2.430046692E0,1.468311630E1
1.154851207E2,-2.745291138E-1,1.398242340E0,1.853505615E1
1.155052857E2,3.963757324E-1,6.882687378E-1,1.994706985E1
1.155254507E2,3.981719971E-1,9.487271118E-1,2.056693085E1
1.155456157E2,-3.607498169E-1,1.567839661E0,1.815020645E1
1.155657797E2,-5.152285767E-1,1.139430542E0,1.928529602E1
1.155859447E2,9.828561401E-1,1.575024719E0,1.680884583E1
1.156061097E2,1.749112701E0,2.187251587E0,1.094000015E1
1.156262747E2,1.271905060E0,2.229613495E0,9.710457001E0
1.156464397E2,7.873626709E-1,1.901645508E0,9.615404663E0
1.156666037E2,1.631008301E0,1.591640167E0,1.027238846E1
1.156867687E2,2.376907196E0,1.549128571E0,9.316925354E0
1.157069337E2,2.620450745E0,1.798809357E0,8.233777771E0
1.157270987E2,1.884880371E0,1.962568817E0,7.428751831E0
1.157472637E2,1.435215454E0,1.878593445E0,7.461982727E0
1.157674277E2,1.781894531E0,1.554966431E0,8.037086792E0
1.157875927E2,2.279609528E0,1.529519348E0,7.363637238E0
1.158077577E2,1.356329498E0,1.652862854E0,7.355554047E0
1.158279228E2,6.713539124E-1,1.629212036E0,8.421936493E0
1.158480878E2,8.632548523E-1,1.451381836E0,9.830058289E0
1.158682518E2,1.691482544E0,1.163081360E0,1.057221497E1
1.158884168E2,1.594933319E0,7.346722412E-1,1.189067322E1
1.159085818E2,6.915618896E-2,5.011578369E-1,1.266142044E1
1.159287468E2,-1.199006653E0,2.115101624E-1,1.395562912E1
1.159489118E2,-1.287322998E0,-8.979826355E-1,1.708307556E1
1.159690758E2,8.352630615E-2,-2.350861359E0,1.975382172E1
1.159892408E2,1.254391479E-1,-2.334545288E0,1.834569992E1
1.160094058E2,-9.885443115E-1,-1.588197327E0,1.455707840E1
1.160295708E2,-2.559527435E0,-9.596543884E-1,1.063658112E1
1.160497358E2,-3.310665436E0,-2.553689575E-1,7.627987518E0
1.160698998E2,-2.174827423E0,-1.496887207E-3,6.472540283E0
1.160900648E2,-6.658154297E-1,-2.923420715E-1,6.793622589E0
1.161102298E2,5.111869812E-1,-5.026547241E-1,7.008575592E0
1.161303948E2,1.162332916E0,-3.658392334E-1,6.524482269E0
1.161505598E2,1.097517700E0,-6.586303711E-3,4.838538208E0
1.161707238E2,8.954379272E-1,4.095483398E-1,3.739074554E0
1.161908888E2,7.110214233E-1,5.701643372E-1,3.758534088E0
1.162110538E2,2.186952209E-1,5.475613403E-1,4.772226105E0
1.162312188E2,-5.095404053E-1,3.887416077E-1,5.510341187E0
1.162513838E2,-9.383985901E-1,5.728587341E-1,4.967270508E0
1.162715488E2,-1.045575714E0,8.907975769E-1,4.294569397E0
1.162917128E2,-1.313219147E0,1.145867157E0,4.079167328E0
1.163118778E2,-1.197659454E0,9.394464111E-1,5.604196014E0
1.163320428E2,-4.411326599E-1,2.642005920E-1,8.515791321E0
1.163522078E2,-1.953437805E-1,9.235794067E-2,9.226663055E0
1.163723728E2,-4.998106384E-1,3.046165466E-1,9.804311829E0
1.163925368E2,-5.167254639E-1,8.785231018E-1,1.031654663E1
1.164127018E2,2.541714478E-1,2.358794861E0,9.822124786E0
1.164328668E2,7.860154724E-1,3.095113678E0,1.045665527E1
1.164530318E2,8.728349304E-1,2.599793701E0,1.283790344E1
1.164731968E2,4.348457336E-1,1.401834869E0,1.655138123E1
1.164933608E2,1.280886383E0,1.129102020E0,1.746238678E1
1.165135258E2,2.180814972E0,1.928888855E0,1.504042328E1
1.165336908E2,1.172960815E0,1.363664246E0,1.628688126E1
1.165538558E2,1.541793823E-2,5.043013000E-1,1.705238937E1
1.165740208E2,-3.122506714E-1,-1.234931946E-1,1.721120911E1
1.165941848E2,1.022373962E-1,1.357676697E-1,1.474044708E1
1.166143498E2,1.603166199E-1,8.836125183E-1,1.064466431E1
1.166345148E2,-1.936972046E-1,1.544787598E0,7.635771332E0
1.166546798E2,-1.086740112E-1,1.982477417E0,7.541617126E0
1.166748448E2,5.010081482E-1,1.902693329E0,8.742719421E0
1.166950088E2,1.295256500E0,2.089055786E0,9.220974884E0
1.167151738E2,7.372169495E-1,2.499651947E0,8.625962219E0
1.167353388E2,-6.765930176E-2,2.802322540E0,8.115823059E0
1.167555038E2,-8.921447754E-2,2.606978760E0,8.598569183E0
1.167756688E2,2.076182556E-1,2.207010498E0,9.755662994E0
1.167958328E2,4.593946838E-1,1.781295776E0,1.044198578E1
1.168159970E2,6.313870239E-1,1.328936462E0,1.116588043E1
1.168361620E2,3.275189209E-1,7.797285461E-1,1.153830597E1
1.168563270E2,1.002914429E-2,3.885919189E-1,1.121842117E1
1.168764920E2,-1.862127686E-1,-2.553689575E-1,1.140343643E1
1.168966560E2,2.800675964E-1,-7.373666382E-1,1.273851013E1
1.169168210E2,6.453080750E-1,-8.292755127E-1,1.340851685E1
1.169369860E2,8.210426331E-1,-6.575825500E-1,1.241158997E1
1.169571510E2,1.193318481E0,-2.453398132E-1,1.115300720E1
1.169773160E2,6.810836792E-1,-1.055305481E-1,1.137409744E1
1.169974800E2,8.607101440E-2,-6.295907593E-1,1.234318222E1
1.170176450E2,1.341210938E-1,-4.249662781E-1,1.023317001E1
1.170378100E2,2.914439392E-1,3.249742126E-1,6.953190765E0
1.170579750E2,-1.062789917E-2,4.716691589E-1,5.182073822E0
1.170781400E2,-1.932481384E-1,3.406915283E-1,5.404960327E0
1.170983040E2,6.276448059E-1,-9.355545044E-2,5.795498199E0
1.171184690E2,1.443148956E0,-4.294569397E-1,6.503076782E0
1.171386340E2,1.667083282E0,-2.770738220E-1,5.885012054E0
1.171587990E2,9.940827942E-1,1.713935852E-1,4.717440033E0
1.171789640E2,-1.023870850E-1,5.327421570E-1,4.527634735E0
1.171991280E2,-7.750881958E-1,8.244854736E-1,4.538562012E0
1.172192930E2,-7.075785828E-1,1.121617584E0,4.897964630E0
1.172394580E2,-6.047424316E-1,1.688937836E0,4.684957581E0
1.172596230E2,-1.457070007E0,1.837129669E0,5.185067596E0
1.172797880E2,-2.307301941E0,1.973196716E0,5.857768707E0
1.172999520E2,-1.526675262E0,1.527274017E0,7.266489258E0
1.173201170E2,-4.351451111E-1,1.213077393E0,7.441625061E0
1.173402820E2,1.107696533E-1,7.608677673E-1,1.002929398E1
1.173604470E2,5.186714172E-1,6.524931335E-1,1.239377701E1
1.173806120E2,1.154998169E0,2.179318085E0,1.317200867E1
1.174007760E2,1.788031769E0,4.015848999E0,1.208392136E1
1.174209410E2,1.224603424E0,4.555925903E0,1.220861206E1
1.174411060E2,-5.388793945E-3,3.791166229E0,1.561986832E1
1.174612710E2,-3.986210632E-1,3.355871429E0,1.710043945E1
1.174814360E2,6.047424316E-1,3.121009827E0,1.596385300E1
1.175016000E2,2.025438080E0,2.207160187E0,1.761372208E1
1.175217650E2,1.988464966E0,1.350641327E0,1.671020096E1
1.175419300E2,1.223106537E0,1.125509491E0,1.575114532E1
1.175620950E2,1.273252258E0,1.166673889E0,1.642429550E1
1.175822600E2,6.273454285E-1,1.617386627E0,1.409738434E1
1.176024240E2,-7.005432129E-2,2.446213074E0,1.061996567E1
1.176225890E2,-1.689985657E-1,2.794838104E0,8.722960510E0
1.176427540E2,3.435356140E-1,3.333867188E0,7.313641205E0
1.176629190E2,2.029779053E-1,2.932252350E0,8.236172791E0
1.176830840E2,-2.929408264E-1,2.509381714E0,8.787626038E0
1.177032480E2,-9.909393311E-2,2.311792603E0,7.560328217E0
1.177234130E2,3.487747192E-1,2.190694427E0,7.055577850E0
1.177435780E2,3.116519165E-1,1.941911774E0,7.628586273E0
1.177637430E2,2.992277527E-1,1.409918060E0,9.175768890E0
1.177839080E2,1.371148682E-1,5.180726624E-1,1.118698654E1
1.178040720E2,2.890489197E-1,-2.269281006E-1,1.180400345E1
1.178242380E2,7.059320068E-1,-2.447410583E-1,1.134281250E1
1.178444030E2,6.953041077E-1,-3.935316467E-1,1.084270248E1
1.178645680E2,1.209933929E0,1.751358032E-2,1.078582077E1
1.178847330E2,1.260229340E0,3.713777161E-1,1.030741562E1
1.179048970E2,1.242416382E-1,-2.450404358E-1,1.037642212E1
1.179250620E2,-3.430865479E-1,-7.075785828E-1,1.095916031E1
1.179452270E2,1.372645569E-1,-4.257147217E-1,8.933422852E0
1.179653920E2,8.777746582E-1,3.218307495E-1,6.316714325E0
1.179855570E2,3.721261597E-1,3.493734741E-1,4.565805359E0
1.180057210E2,-1.971400452E-1,-2.409988403E-1,5.032983856E0
1.180258860E2,5.306465149E-1,-5.761518860E-1,6.314618683E0
1.180460510E2,1.330882416E0,-5.414241028E-1,6.683900757E0
1.180662160E2,9.810598755E-1,-1.564247131E-1,5.691614227E0
1.180863810E2,-3.233276367E-2,2.911445618E-1,4.630321198E0
1.181065450E2,-1.245709534E0,7.526348877E-1,4.115242310E0
1.181267100E2,-1.453327789E0,8.556207275E-1,5.625751190E0
1.181468750E2,-8.701405334E-1,7.057823181E-1,7.401957550E0
1.181670400E2,-6.387217712E-1,1.334474945E0,7.325915680E0
1.181872050E2,-1.308578796E0,1.396146698E0,8.988508301E0
1.182073690E2,-1.209933929E0,1.309925995E0,1.027538223E1
1.182275340E2,-6.520440674E-1,1.513951721E0,9.700427856E0
1.182476990E2,-2.395019531E-3,1.388063507E0,1.021640488E1
1.182678640E2,5.939648438E-1,5.876779175E-1,1.170730453E1
1.182880290E2,1.521585846E0,4.064048767E-1,1.276725037E1
1.183081930E2,1.827100525E0,7.767347717E-1,1.387629410E1
1.183283580E2,1.031205597E0,1.270408173E0,1.280287628E1
1.183485230E2,6.735992432E-3,1.447789307E0,1.198707275E1
1.183686880E2,-6.849755859E-1,5.920188904E-1,1.434422104E1
1.183888530E2,-2.930905151E-1,-3.921844482E-2,1.511900986E1
1.184090170E2,9.131011963E-1,6.137237549E-2,1.502740036E1
1.184291820E2,1.218765564E0,-6.855743408E-2,1.425201279E1
1.184493470E2,4.475692749E-1,-8.123606873E-1,1.690913727E1
1.184695120E2,3.715274048E-1,-3.673361206E-1,1.632505188E1
1.184896760E2,7.458988953E-1,3.124003601E-1,1.389246048E1
1.185098410E2,9.604028320E-1,9.346563721E-1,1.342303665E1
1.185300060E2,-3.573069763E-1,1.312021637E0,1.241024277E1
1.185501710E2,-1.119971008E0,1.637594604E0,1.007300308E1
1.185703360E2,-8.460406494E-1,1.762135620E0,8.795260162E0
1.185905000E2,3.059637451E-1,1.892664185E0,7.575596466E0
1.186106650E2,8.827143860E-1,1.831591187E0,7.249125366E0
1.186308300E2,6.424639893E-1,1.552571411E0,8.220006409E0
1.186509950E2,6.092330933E-1,1.330133972E0,8.498427429E0
1.186711600E2,6.601272583E-1,1.401535492E0,7.318131866E0
1.186913240E2,9.991722107E-1,1.719324646E0,6.795418854E0
1.187114890E2,1.049317932E0,1.566492462E0,8.234975281E0
1.187316540E2,6.381230164E-1,8.261320496E-1,1.011790970E1
1.187518190E2,-9.565109253E-2,1.025367737E-1,1.088147186E1
1.187719840E2,-3.984713745E-1,-3.423381042E-1,1.140762772E1
1.187921480E2,-3.661386108E-1,-4.936734009E-1,1.188393723E1
1.188123130E2,-2.859054565E-1,-6.774911499E-1,1.190025330E1
1.188324779E2,-3.668870544E-1,-9.324110413E-1,1.273566605E1
1.188526429E2,-9.421408081E-1,-1.055006104E0,1.276126282E1
1.188728079E2,-1.241218872E0,-1.433419189E0,1.200907700E1
1.188929719E2,-1.170865173E0,-1.519041138E0,1.108564728E1
1.189131369E2,-9.144483948E-1,-1.201551361E0,8.967102814E0
1.189333019E2,-7.258406067E-1,-6.569837952E-1,6.501430206E0
1.189534669E2,-1.278341675E0,-6.400689697E-1,5.367987213E0
1.189736319E2,-1.761686554E0,-9.644444275E-1,5.803880768E0
1.189937959E2,-8.484356689E-1,-1.018182678E0,6.422693939E0
1.190139609E2,2.514770508E-1,-8.918453979E-1,5.933960266E0
1.190341259E2,6.960525513E-1,-3.763174438E-1,4.176315308E0
1.190542909E2,-4.308041382E-1,-2.802172852E-1,3.560944977E0
1.190744559E2,-1.360371094E0,-3.815565491E-1,5.253774719E0
1.190946199E2,-9.404942322E-1,-7.210505676E-1,8.064779205E0
1.191147849E2,-4.809498596E-1,-5.153782654E-1,8.203989716E0
1.191349499E2,-8.879534912E-1,1.740879822E-1,6.432573395E0
1.191551149E2,-1.647474060E0,6.933581543E-1,6.723568268E0
1.191752789E2,-1.736538849E0,5.539979553E-1,1.003962250E1
1.191954439E2,-9.235794067E-1,1.053958282E0,1.048404831E1
1.192156089E2,-4.562512207E-1,9.527687073E-1,1.015158966E1
1.192357739E2,-7.256909180E-1,6.460565186E-1,1.156734558E1
1.192559389E2,-2.754272461E-1,6.236032104E-1,1.365161133E1
1.192761029E2,9.969268799E-1,1.194965057E0,1.367855530E1
1.192962679E2,1.752405853E0,1.602118378E0,1.411115570E1
1.193164329E2,2.057920532E0,1.695973206E0,1.698517914E1
1.193365979E2,1.747765503E0,1.987566833E0,1.785771469E1
1.193567629E2,2.625689850E0,3.037034454E0,1.548829193E1
1.193769269E2,3.213816833E0,2.567760315E0,1.517349655E1
1.193970919E2,3.529809723E0,6.590794373E-1,2.140982803E1
1.194172569E2,3.540437622E0,2.074685669E-1,2.126328278E1
1.194374219E2,2.514171753E0,1.029409332E0,1.712543747E1
1.194575869E2,1.197210388E0,1.791474609E0,1.319326447E1
1.194777509E2,4.688250732E-1,1.921105042E0,1.177241913E1
1.194979159E2,1.683998108E-1,1.969903564E0,1.046174469E1
1.195180809E2,-3.164419556E-1,1.672621765E0,1.004725662E1
1.195382459E2,-7.249424744E-1,9.107061768E-1,9.298962708E0
1.195584109E2,-7.460485840E-1,3.519181824E-1,8.218060455E0
1.195785749E2,-9.848020935E-1,-1.128652954E-1,7.687413940E0
1.195987399E2,-4.498146057E-1,-2.697390747E-1,6.746171265E0
1.196189049E2,-3.158432007E-2,-2.459385681E-1,5.054389343E0
1.196390699E2,-4.230203247E-1,-3.661386108E-1,5.115911407E0
1.196592339E2,-5.686674500E-1,-5.342390442E-1,4.988226929E0
1.196793989E2,-5.017565918E-1,-5.780978394E-1,4.804558868E0
1.196995639E2,-6.412664795E-1,-6.611750793E-1,4.447102203E0
1.197197289E2,-9.129515076E-1,-5.974076843E-1,4.044888611E0
1.197398939E2,-8.665480042E-1,-7.045848083E-1,4.117337952E0
1.197600579E2,-7.915539551E-1,-8.822653198E-1,5.616769867E0
1.197802229E2,-6.985972595E-1,-5.824388123E-1,6.260880432E0
1.198003879E2,-2.359094238E-1,3.332070923E-1,5.478158112E0
1.198205528E2,-2.161505127E-1,1.088985443E0,4.974156189E0
1.198407178E2,-2.532733154E-1,1.432221680E0,5.489983521E0
1.198608818E2,-5.149291992E-1,1.608854370E0,5.302273865E0
1.198810468E2,-9.014254761E-1,9.126521301E-1,7.027136993E0
1.199012118E2,-7.282356262E-1,1.950444031E-1,1.003573059E1
1.199213768E2,-1.616638184E-1,2.954855347E-1,1.083252365E1
1.199415418E2,-1.141975250E0,7.888595581E-2,1.019140686E1
1.199617058E2,-1.940564575E0,-6.170169067E-1,1.078866486E1
1.199818708E2,-1.350641327E0,-1.289867706E0,1.298070648E1
1.200020358E2,-1.359173584E-1,-1.263821869E0,1.334400101E1
1.200222008E2,5.948629761E-1,-4.622387695E-1,1.262504608E1
1.200423658E2,-1.941462708E-1,-3.727249146E-2,1.248718277E1
1.200625298E2,-2.386038208E-1,9.375004578E-1,1.188812851E1
1.200826948E2,-1.929487610E-1,7.635621643E-1,1.166434387E1
1.201028598E2,4.194277954E-1,2.685415649E-1,1.498503845E1
1.201230248E2,1.394051056E0,4.755610657E-1,1.626517639E1
1.201431888E2,2.099833374E0,1.329684906E0,1.360670471E1
1.201633538E2,2.113305359E0,1.981579285E0,1.129356491E1
1.201835188E2,1.712888031E0,2.258802795E0,9.684710541E0
1.202036838E2,1.850451965E0,1.891167297E0,1.005294479E1
1.202238488E2,2.550396423E0,9.160949707E-1,1.062774948E1
1.202440128E2,2.472109222E0,1.428030396E-1,1.012838791E1
1.202641778E2,1.705553284E0,-2.128573608E-1,9.963430939E0
1.202843428E2,9.029223633E-1,-1.562750244E-1,1.102083206E1
1.203045078E2,2.983296204E-1,-5.722599792E-1,1.309012894E1
1.203246728E2,1.576222229E-1,-4.698728943E-1,1.333726501E1
1.203448368E2,-1.183588715E0,-4.201762390E-1,1.381656830E1
1.203650018E2,-2.188598785E0,-4.474195862E-1,1.607282639E1
1.203851668E2,-1.874551849E0,-3.180885315E-1,1.749172577E1
1.204053318E2,-4.146377563E-1,-4.635859680E-1,1.785756500E1
1.204254968E2,-3.351530457E-1,-9.828561401E-1,1.776535675E1
1.204456608E2,-8.732839966E-1,-1.412013702E0,1.748394196E1
1.204658258E2,-1.599124603E0,-1.565145264E0,1.605396561E1
1.204859908E2,-1.626218262E0,-1.097368011E0,1.339594299E1
1.205061558E2,-1.516346741E0,-6.810836792E-1,1.101753891E1
1.205263208E2,-1.748364258E0,-5.037025452E-1,9.059011688E0
1.205464848E2,-1.732347565E0,-1.874102783E-1,7.401658173E0
1.205666498E2,-1.722767487E0,-8.158035278E-2,6.449488220E0
1.205868148E2,-1.731299744E0,1.856140137E-2,5.748645630E0
1.206069798E2,-1.636097717E0,2.035766602E-1,4.464615784E0
1.206271438E2,-1.138831787E0,4.382885742E-1,2.990630951E0
1.206473088E2,-8.177494812E-1,6.556365967E-1,2.337389374E0
1.206674738E2,-1.101110229E0,5.685177612E-1,2.670297089E0
1.206876388E2,-1.237626343E0,5.923182678E-1,3.281476135E0
1.207078038E2,-7.460485840E-1,7.229965210E-1,3.182980957E0
1.207279678E2,-1.272354126E-1,8.105644226E-1,3.255579987E0
1.207481328E2,3.162922668E-1,7.464976501E-1,3.921395416E0
1.207682978E2,3.414399719E-1,7.568261719E-1,4.014202423E0
1.207884628E2,-1.481918335E-1,7.744894409E-1,4.288881226E0
1.208086278E2,-1.820214844E-1,8.363108826E-1,5.591921539E0
1.208287908E2,6.141728210E-1,1.069675598E0,6.788233795E0
1.208489558E2,1.177152100E0,1.456471252E0,6.356082458E0
1.208691208E2,7.144642639E-1,1.657802582E0,6.728657684E0
1.208892858E2,-3.186872864E-1,1.413211212E0,8.672365723E0
1.209094508E2,-5.278024292E-1,7.273374939E-1,1.128278732E1
1.209296148E2,-2.074685669E-1,-1.451980591E-2,1.369846390E1
1.209497798E2,-7.342231750E-1,-3.076103210E-1,1.437550598E1
1.209699448E2,-1.805695038E0,-1.600172424E-1,1.415097290E1
1.209901098E2,-2.879412231E0,-2.257305908E-1,1.345821350E1
1.210102738E2,-2.883304138E0,-3.855981445E-1,1.298474808E1
1.210304388E2,-1.448537750E0,-4.534071350E-1,1.364697098E1
1.210506038E2,-1.586700439E-2,1.176553345E-1,1.324790085E1
1.210707688E2,7.340734863E-1,8.021818542E-1,1.155971146E1
1.210909338E2,1.373543701E0,1.425036621E0,9.503138123E0
1.211110978E2,1.771865387E0,1.207987976E0,1.083970871E1
1.211312628E2,2.834804993E0,1.238973541E0,1.154264694E1
1.211514278E2,3.739373932E0,1.686243439E0,1.140014328E1
1.211715928E2,3.267106018E0,1.972597961E0,1.053808594E1
1.211917578E2,2.093845825E0,1.879641266E0,1.078282700E1
1.212119218E2,1.533860321E0,2.021695862E0,9.632918243E0
1.212320868E2,1.518741760E0,2.219434662E0,9.234446869E0
1.212522518E2,1.673220520E0,2.179168396E0,1.045575714E1
1.212724168E2,1.616937561E0,1.976938934E0,1.338845856E1
1.212925818E2,1.255738678E0,2.090552673E0,1.512155457E1
1.213127458E2,6.146218872E-1,2.732118530E0,1.328517334E1
1.213329108E2,-5.120851135E-1,2.742746429E0,1.392254791E1
1.213530758E2,-1.557511139E0,1.562600555E0,1.630170044E1
1.213732408E2,-9.392967224E-1,6.494993591E-1,1.676319077E1
1.213934048E2,4.978646851E-1,-2.320175171E-2,1.843566284E1
1.214135698E2,5.897735596E-1,-1.223705292E0,1.916479660E1
1.214337348E2,-1.044827271E0,-1.740580444E0,1.856185043E1
1.214538998E2,-3.503464508E0,-1.533560944E0,1.621682693E1
1.214740648E2,-4.969216461E0,-9.948312378E-1,1.277817764E1
1.214942288E2,-5.372477875E0,-4.334985352E-1,9.586963806E0
1.215143938E2,-4.577630768E0,-1.014889526E-1,7.456144867E0
1.215345588E2,-3.601660309E0,-5.373825073E-2,7.265441437E0
1.215547238E2,-2.442171478E0,-5.616320801E-1,7.751780090E0
1.215748888E2,-1.454375610E0,-4.290078735E-1,6.695426788E0
1.215950528E2,-8.403524780E-1,-1.935475159E-1,5.032385101E0
1.216152178E2,-3.508703613E-1,1.772314453E-1,3.208877106E0
1.216353828E2,-3.658392334E-1,3.867956543E-1,2.601140900E0
1.216555478E2,-6.108796692E-1,3.203338623E-1,3.020419006E0
1.216757128E2,-6.403683472E-1,2.642005920E-1,3.637435913E0
1.216958768E2,-3.513194275E-1,5.384303284E-1,2.794838104E0
1.217160418E2,-2.335144043E-1,6.471043396E-1,1.676962738E0
1.217362068E2,-2.930905151E-1,9.267228699E-1,2.036365356E0
1.217563718E2,-4.378395081E-1,3.806584167E-1,4.157155151E0
1.217765368E2,1.636097717E-1,6.930587769E-2,6.832541656E0
1.217967008E2,1.386865997E0,2.529739380E-2,8.058492279E0
1.218168658E2,1.987117767E0,5.351371765E-1,7.963439941E0
1.218370321E2,6.619235229E-1,3.284170532E-1,9.313183136E0
1.218571971E2,4.894821167E-2,-4.394860840E-1,1.251756958E1
1.218773611E2,1.313219147E0,-7.444020081E-1,1.621173752E1
1.218975261E2,2.174677734E0,2.086660767E-1,1.676872925E1
1.219176911E2,1.416654053E0,1.312620392E0,1.539249115E1
1.219378561E2,-4.475692749E-1,1.544039154E0,1.798539917E1
1.219580211E2,-4.052073669E-1,1.894161072E0,1.823433151E1
1.219781851E2,-2.580633545E-1,2.069895630E0,1.764889893E1
1.219983501E2,-1.065634003E0,2.012714539E0,1.708142899E1
1.220185151E2,-1.721569977E0,1.938768311E0,1.627969620E1
1.220386801E2,-2.277513885E0,1.809736633E0,1.488833954E1
1.220588451E2,-2.426154785E0,1.302890625E0,1.409349243E1
1.220790091E2,-1.978435822E0,7.415579224E-1,1.292232788E1
1.220991741E2,-1.927242279E0,2.585124207E-1,1.132514923E1
1.221193391E2,-1.749262390E0,-2.436932373E-1,1.015383499E1
1.221395041E2,-1.366059265E0,-7.842192078E-1,9.461374969E0
1.221596691E2,-8.921447754E-1,-1.075064392E0,8.361761627E0
1.221798331E2,-3.674858093E-1,-1.282233582E0,7.252867584E0
1.221999981E2,2.186952209E-1,-1.216669922E0,6.695127411E0
1.222201631E2,4.875361633E-1,-1.087189178E0,6.534361725E0
1.222403281E2,6.855743408E-1,-9.602531433E-1,6.220314789E0
1.222604921E2,9.990225220E-1,-6.486012268E-1,5.588179321E0
1.222806571E2,1.119072876E0,-3.091072083E-1,4.828958130E0
1.223008221E2,8.659492493E-1,-8.472381592E-2,4.984784088E0
1.223209871E2,7.813751221E-1,4.490661621E-2,5.982609100E0
1.223411521E2,9.380992126E-1,4.326004028E-2,7.484286346E0
1.223613161E2,1.064137115E0,1.800755310E-1,7.822582855E0
1.223814811E2,5.713618469E-1,5.978567505E-1,6.966662750E0
1.224016461E2,5.240602112E-1,1.001567230E0,6.877448273E0
1.224218111E2,4.291575623E-1,8.396040344E-1,7.684869232E0
1.224419761E2,1.360670471E-1,5.764512634E-1,8.790320435E0
1.224621401E2,-2.049238586E-1,5.544470215E-1,9.967023468E0
1.224823051E2,-3.567082214E-1,7.837701416E-1,9.881850586E0
1.225024701E2,-3.842509460E-1,7.357200623E-1,9.438921661E0
1.225226351E2,-1.090033264E0,2.748284912E-1,1.045156586E1
1.225428001E2,-1.348695374E0,-2.137554932E-1,1.266606079E1
1.225629641E2,-1.383572845E0,-5.459147644E-1,1.326810883E1
1.225831291E2,-1.698218536E0,8.831634521E-3,1.192869415E1
1.226032941E2,-2.263742523E0,5.673202515E-1,1.047072601E1
1.226234591E2,-2.674188995E0,7.981402588E-1,9.810299377E0
1.226436231E2,-1.509161682E0,9.827064514E-1,9.123078461E0
1.226637881E2,1.016386414E-1,1.151555328E0,8.854686584E0
1.226839531E2,5.077441406E-1,1.188229065E0,9.070088654E0
1.227041181E2,1.583706665E-1,1.354982300E0,9.217532043E0
1.227242831E2,2.869532776E-1,1.485660553E0,8.734636230E0
1.227444471E2,9.020242310E-1,1.625619507E0,9.323062592E0
1.227646121E2,1.616338806E0,1.999092865E0,9.738448792E0
1.227847771E2,1.962868195E0,2.186203766E0,1.012554382E1
1.228049421E2,2.429747314E0,2.177222443E0,1.094613739E1
1.228251065E2,2.575244751E0,2.270777893E0,1.170161636E1
1.228452705E2,2.607278137E0,2.516117706E0,1.139415573E1
1.228654355E2,2.642604675E0,2.797382812E0,1.161794037E1
1.228856005E2,2.595602417E0,2.875670013E0,1.236818024E1
1.229057655E2,2.272125092E0,2.863096161E0,1.301752991E1
1.229259305E2,1.931283875E0,2.884351959E0,1.316781738E1
1.229460945E2,1.941163330E0,2.687511292E0,1.335657486E1
1.229662595E2,1.492546234E0,2.012564850E0,1.375908783E1
1.229864245E2,8.030799866E-1,1.126856689E0,1.532363434E1
1.230065895E2,7.441026306E-1,-1.210981750E-1,1.635918091E1
1.230267545E2,9.018745422E-1,-7.017407227E-1,1.521525970E1
1.230469185E2,5.313949585E-1,-1.031654663E0,1.323248291E1
1.230670835E2,-2.140548706E-2,-1.221459961E0,1.205308548E1
1.230872485E2,-2.031275940E-1,-1.266366577E0,1.077818665E1
1.231074135E2,-2.261796570E-1,-1.231638794E0,9.780511322E0
1.231275775E2,-5.357359314E-1,-1.069525909E0,9.531429291E0
1.231477425E2,-8.270301819E-1,-1.043330383E0,8.827592926E0
1.231679075E2,-8.123606873E-1,-8.527766418E-1,7.372019806E0
1.231880725E2,-6.700067139E-1,-8.514294434E-1,6.801256714E0
1.232082375E2,-1.157093811E-1,-6.893165588E-1,6.682852936E0
1.232284015E2,3.179388428E-1,-4.465214539E-1,6.432423706E0
1.232485665E2,2.519261169E-1,-3.153941345E-1,6.156397705E0
1.232687315E2,1.019380188E-1,-1.507365417E-1,5.745053101E0
1.232888965E2,2.589614868E-2,-1.317260742E-2,5.074747009E0
1.233090615E2,-2.484832764E-2,1.562750244E-1,4.991520081E0
1.233292255E2,-7.155120850E-2,1.374142456E-1,5.704936523E0
1.233493905E2,7.978408813E-2,1.853146362E-1,6.376290436E0
1.233695555E2,1.215472412E-1,4.646337891E-1,6.125262451E0
1.233897205E2,-1.362167358E-2,7.906558228E-1,5.596561890E0
1.234098845E2,-2.023791504E-1,8.960366821E-1,5.826184387E0
1.234300495E2,7.768844604E-2,6.643185425E-1,7.507637787E0
1.234502145E2,4.189787292E-1,6.420149231E-1,8.862769775E0
1.234703795E2,3.273692322E-1,9.514215088E-1,8.921298065E0
1.234905445E2,1.975891113E-1,1.351838837E0,8.465795288E0
1.235107085E2,-6.197113037E-2,1.651815033E0,9.251511383E0
1.235308735E2,-8.969348145E-1,1.817520447E0,1.026295807E1
1.235510385E2,-1.580563202E0,9.545649719E-1,1.149384842E1
1.235712035E2,-1.754202118E0,-6.972500610E-1,1.410711411E1
1.235913685E2,-7.888595581E-1,-1.440005493E0,1.591385696E1
1.236115325E2,5.568420410E-1,-1.187031555E0,1.531121017E1
1.236316975E2,6.816824341E-1,-5.484594727E-1,1.416249893E1
1.236518625E2,-1.303788757E-1,-1.558259583E-1,1.336241272E1
1.236720275E2,-6.500981140E-1,-4.577481079E-1,1.309940964E1
1.236921925E2,-4.556524658E-1,-3.197351074E-1,1.339324860E1
1.237123565E2,-1.158890076E0,3.757186890E-2,1.250484604E1
1.237325215E2,-2.220033417E0,2.589614868E-1,1.093012070E1
1.237526865E2,-2.438429260E0,5.483097839E-1,8.948391724E0
1.237728515E2,-1.680405579E0,5.998027039E-1,7.945926361E0
1.237930165E2,-5.721102905E-1,2.115101624E-1,9.132957916E0
1.238131805E2,3.510200500E-1,4.700225830E-2,9.852661285E0
1.238333456E2,8.352630615E-1,4.029620361E-1,8.522377625E0
1.238535106E2,9.862989807E-1,8.821156311E-1,7.629484406E0
1.238736756E2,7.896080017E-1,1.153650970E0,7.543413391E0
1.238938406E2,5.930667114E-1,1.301094360E0,7.624694366E0
1.239140046E2,7.770341492E-1,1.379680939E0,8.250393219E0
1.239341696E2,8.035290527E-1,1.391057281E0,8.815318451E0
1.239543346E2,6.825805664E-1,1.363963623E0,9.294921112E0
1.239744996E2,3.966751099E-1,1.501527557E0,9.509425049E0
1.239946646E2,4.070036316E-1,1.668729858E0,9.950557709E0
1.240148286E2,6.773414612E-1,1.696571960E0,1.110765152E1
1.240349936E2,8.807684326E-1,1.785337372E0,1.152004395E1
1.240551586E2,6.445596313E-1,1.836081848E0,1.201431610E1
1.240753236E2,2.085163879E-1,1.904040527E0,1.265363663E1
1.240954886E2,2.722837830E-1,1.993554382E0,1.335268295E1
1.241156526E2,5.740562439E-1,1.725761261E0,1.419857391E1
1.241358176E2,5.411247253E-1,9.324110413E-1,1.518053192E1
1.241559826E2,5.230123901E-1,2.469863892E-1,1.470152802E1
1.241761476E2,3.872447205E-1,-2.935395813E-1,1.373753265E1
1.241963126E2,6.592291260E-1,-3.734733582E-1,1.232761459E1
1.242164766E2,9.568103027E-1,-2.600093079E-1,1.145043869E1
1.242366416E2,5.936654663E-1,-3.565585327E-1,1.151525391E1
1.242568066E2,1.387614441E-1,-5.132826233E-1,1.123623413E1
1.242769716E2,1.287322998E-2,-7.203021240E-1,1.047731232E1
1.242971366E2,-1.624122620E-1,-7.167095947E-1,9.739197235E0
1.243173006E2,-4.846920776E-1,-7.134164429E-1,9.143136749E0
1.243374656E2,-6.306385803E-1,-5.837860107E-1,7.977810059E0
1.243576306E2,-6.059399414E-1,-4.020639038E-1,6.808292084E0
1.243777956E2,-5.019062805E-1,-1.724414062E-1,6.241570587E0
1.243979606E2,-4.117936707E-1,-3.861968994E-2,5.882617035E0
1.244181256E2,-5.225633240E-1,-2.230361938E-2,5.608387299E0
1.244382896E2,-6.192622375E-1,-1.161584473E-1,5.862858124E0
1.244584546E2,-4.070036316E-1,-3.576063538E-1,6.475384369E0
1.244786196E2,-2.065704346E-2,-4.219725037E-1,6.329288177E0
1.244987846E2,6.571334839E-2,-2.683918762E-1,5.573509827E0
1.245189496E2,8.277786255E-2,-1.691482544E-2,5.385949860E0
1.245391146E2,1.188528442E-1,2.938389587E-1,6.057154083E0
1.245592786E2,-1.333726501E-1,4.270619202E-1,6.871760101E0
1.245794436E2,-1.580712891E-1,6.514453125E-1,7.449558563E0
1.245996086E2,-2.281256104E-1,7.926017761E-1,8.208480377E0
1.246197736E2,-5.189707947E-1,8.946894836E-1,8.871751099E0
1.246399386E2,-5.795947266E-1,1.011596375E0,9.094936981E0
1.246601026E2,-5.095404053E-1,1.072519684E0,1.013647110E1
1.246802676E2,-6.679110718E-1,1.066232758E0,1.164458496E1
1.247004326E2,-1.018182678E0,1.524130554E0,1.207029968E1
1.247205976E2,-1.174008636E0,2.157164154E0,1.158710449E1
1.247407626E2,-1.437460785E0,2.531236267E0,1.092518097E1
1.247609276E2,-2.339485016E0,1.319805450E0,1.398796188E1
1.247810916E2,-1.990859985E0,1.008901978E-1,1.672666672E1
1.248012566E2,-6.459068298E-1,-1.595681763E-1,1.593107117E1
1.248214212E2,-3.240760803E-1,3.177891541E-1,1.405966278E1
1.248415862E2,-1.801354065E0,4.399351501E-1,1.402568344E1
1.248617512E2,-2.635269928E0,4.695735168E-1,1.285047729E1
1.248819162E2,-2.170187073E0,4.945715332E-1,1.096290253E1
1.249020802E2,-1.132395172E0,1.562750244E-1,9.746082916E0
1.249222452E2,-7.747888184E-1,-4.550537109E-2,9.162895660E0
1.249424102E2,-1.099313965E0,-3.353027344E-2,8.304281158E0
1.249625752E2,-1.666634216E0,-9.849517822E-2,7.669002228E0
1.249827402E2,-1.475781097E0,-5.104385376E-2,7.088958435E0
1.250029052E2,-9.228309631E-1,-5.104385376E-2,6.515351257E0
1.250230692E2,-5.896238708E-1,-2.409988403E-2,5.948480072E0
1.250432342E2,-4.578977966E-1,6.930587769E-2,5.937103729E0
1.250633992E2,-3.849993896E-1,1.254391479E-1,6.810387726E0
1.250835642E2,-1.442999268E-1,2.920426941E-1,7.670648804E0
1.251037292E2,1.290316772E-1,4.034111023E-1,7.852819977E0
1.251238942E2,3.450325012E-1,5.816903687E-1,7.368427277E0
1.251440582E2,3.406915283E-1,8.708889771E-1,7.001091156E0
1.251642232E2,1.451980591E-1,8.416996765E-1,7.455845490E0
1.251843882E2,3.573069763E-1,5.879772949E-1,8.552165680E0
1.252045532E2,5.984555054E-1,5.403762817E-1,8.858129425E0
1.252247182E2,7.147636414E-1,6.334826660E-1,8.649762726E0
1.252448832E2,3.665876770E-1,9.862989807E-1,7.659571838E0
1.252650472E2,1.324745178E-1,1.162632294E0,7.077282715E0
1.252852122E2,3.010240173E-1,1.005908203E0,7.892188110E0
1.253053772E2,1.068927155E0,7.848179626E-1,9.212442627E0
1.253255422E2,1.516945496E0,1.116827545E0,9.429491272E0
1.253457072E2,1.357976074E0,1.642534332E0,8.434959412E0
1.253658722E2,1.096918945E0,1.878593445E0,8.268804932E0
1.253860362E2,1.331780548E0,1.817670135E0,8.800349579E0
1.254062012E2,1.954186249E0,1.290466461E0,1.069525909E1
1.254263662E2,2.571951599E0,8.741821289E-1,1.334983887E1
1.254465312E2,2.466570740E0,8.747808838E-1,1.448492844E1
1.254666962E2,2.437231750E0,1.423090668E0,1.407178757E1
1.254868612E2,2.678679657E0,1.969753876E0,1.412088547E1
1.255070252E2,2.467618561E0,9.662406921E-1,1.714833984E1
1.255271902E2,1.594334564E0,-1.080004120E0,1.932795731E1
1.255473552E2,7.500901794E-1,-2.643502808E0,2.110341522E1
1.255675202E2,5.471122742E-1,-2.504741364E0,1.794243851E1
1.255876852E2,3.243754578E-1,-1.624571686E0,1.380309631E1
1.256078492E2,-1.087039490E0,-1.463656311E0,1.184905975E1
1.256280142E2,-1.489103394E0,-1.245859222E0,1.113654144E1
1.256481792E2,-1.822011108E0,-1.121168518E0,1.045919998E1
1.256683442E2,-2.071542206E0,-9.292675781E-1,9.013057251E0
1.256885092E2,-1.546134796E0,-7.023394775E-1,6.718927917E0
1.257086742E2,-1.400487671E0,-8.298742676E-1,5.464386749E0
1.257288382E2,-1.307381287E0,-7.429051208E-1,4.675527191E0
1.257490032E2,-1.249451752E0,-8.068222046E-1,4.030368805E0
1.257691682E2,-1.145268402E0,-7.343728638E-1,3.432062988E0
1.257893332E2,-8.416996765E-1,-5.887257385E-1,2.426903229E0
1.258094982E2,-5.604345703E-1,-4.023632813E-1,1.554517365E0
1.258296636E2,-4.345463562E-1,-2.978805542E-1,1.665736084E0
1.258498276E2,-6.617738342E-1,-4.264631653E-1,2.595003662E0
1.258699926E2,-3.821553040E-1,-3.531156921E-1,3.101550293E0
1.258901576E2,-4.361929321E-1,-3.071612549E-1,3.172203369E0
1.259103226E2,-5.451663208E-1,-2.327659607E-1,5.196294250E0
1.259304876E2,-2.863545227E-1,6.721023560E-2,8.323141937E0
1.259506526E2,5.929170227E-1,1.191671906E0,7.494016113E0
1.259708166E2,-7.888595581E-2,2.530338135E0,6.190975800E0
1.259909816E2,-2.283501434E0,2.198927307E0,9.708361359E0
1.260111466E2,-2.492167511E0,3.626957703E-1,1.496572861E1
1.260313116E2,-1.932481384E-1,-5.408253479E-1,1.796953217E1
1.260514766E2,1.420096893E0,-2.245330811E-3,1.809362411E1
1.260716406E2,7.918533325E-1,7.837701416E-1,1.778197220E1
1.260918056E2,-2.827619934E-1,1.410965881E0,1.593077179E1
1.261119706E2,-2.918930054E-2,2.263592834E0,1.545401321E1
1.261321356E2,7.665559387E-1,2.637365570E0,1.569471268E1
1.261523006E2,5.498066711E-1,3.542832642E0,1.249436783E1
1.261724646E2,-5.427713013E-1,3.628753967E0,1.146061752E1
1.261926296E2,-2.921923828E-1,3.240760803E0,1.131497040E1
1.262127946E2,1.282383270E0,2.740201721E0,1.129625931E1
1.262329596E2,2.794987793E0,2.392325134E0,1.037866745E1
1.262531246E2,3.163371735E0,2.325414276E0,9.049880676E0
1.262732896E2,2.517015839E0,2.567760315E0,7.379354553E0
1.262934536E2,1.646126862E0,2.512824554E0,6.562203827E0
1.263136186E2,1.658850403E0,2.333796844E0,7.227570190E0
1.263337836E2,1.622775421E0,1.965712280E0,8.639134827E0
1.263539486E2,9.428892517E-1,1.481020203E0,1.086545517E1
1.263741136E2,3.367996216E-1,9.638456726E-1,1.331211731E1
1.263942776E2,8.387059021E-1,1.470392303E0,1.360101654E1
1.264144426E2,9.532177734E-1,1.921554108E0,1.373528732E1
1.264346076E2,2.095642090E-3,9.981243896E-1,1.627206207E1
1.264547726E2,-1.324146423E0,2.300715637E-1,1.733530106E1
1.264749376E2,-2.296075287E0,-8.220904541E-1,1.748274445E1
1.264951016E2,-2.230811005E0,-1.200503540E0,1.607222763E1
1.265152666E2,-1.609752502E0,-2.978805542E-1,1.220995926E1
1.265354316E2,-2.730471954E0,8.101153564E-1,9.171278229E0
1.265555966E2,-3.486849060E0,1.067579956E0,8.774603119E0
1.265757616E2,-2.183359680E0,5.270539856E-1,9.410031738E0
1.265959266E2,-1.280587006E0,2.448907471E-1,8.565487976E0
1.266160906E2,-1.146765289E0,6.279441833E-1,6.535110168E0
1.266362556E2,-9.984237671E-1,1.082698517E0,4.647535400E0
1.266564206E2,-7.632627869E-1,1.208586731E0,4.059707794E0
1.266765856E2,-3.650907898E-1,9.879455566E-1,4.761149139E0
1.266967506E2,1.646575928E-3,8.222401428E-1,5.228477325E0
1.267169146E2,5.733078003E-2,9.710307312E-1,4.473896484E0
1.267370796E2,-1.904040527E-1,1.269510040E0,3.846551056E0
1.267572446E2,-6.078858948E-1,1.266665955E0,3.661236420E0
1.267774096E2,-4.805007935E-1,1.231788483E0,4.090244293E0
1.267975746E2,3.412902832E-2,1.188977509E0,4.444407806E0
1.268177396E2,4.797523499E-1,1.060095520E0,4.908442841E0
1.268379038E2,6.146218872E-1,1.147214355E0,4.526137848E0
1.268580688E2,-2.721340942E-1,1.136885834E0,5.501509552E0
1.268782338E2,-8.653504944E-1,7.192543030E-1,8.198301544E0
1.268983988E2,-1.380130005E0,6.780899048E-2,1.016416351E1
1.269185638E2,-1.246757355E0,4.658312988E-1,1.243763580E1
1.269387278E2,-2.291135559E0,5.450166321E-1,1.355087082E1
1.269588928E2,-2.781066742E0,6.201603699E-1,1.465497482E1
1.269790578E2,-2.031425629E0,1.766476593E0,1.361463821E1
1.269992228E2,-8.020321655E-1,3.176394653E0,1.409049866E1
1.270193878E2,-2.188449097E-1,3.737427979E0,1.509595779E1
1.270395518E2,-1.474284210E0,2.706372070E0,1.643552216E1
1.270597168E2,-1.947150879E0,1.475481720E0,1.765698212E1
1.270798818E2,-6.194119263E-1,1.412762146E0,1.573423050E1
1.271000468E2,1.160536652E0,2.460433502E0,1.154519165E1
1.271202118E2,2.100132751E0,2.751578064E0,8.512049103E0
1.271403758E2,2.862347717E0,2.570005646E0,8.814869385E0
1.271605408E2,3.490441589E0,2.001338196E0,9.049132233E0
1.271807058E2,3.316503296E0,1.812880096E0,9.070088654E0
1.272008708E2,2.394869843E0,1.843416595E0,7.631430359E0
1.272210358E2,1.881437531E0,1.789229279E0,6.855294342E0
1.272412008E2,2.021396484E0,1.700314178E0,7.459587708E0
1.272613648E2,2.561323700E0,1.846410370E0,7.093748474E0
1.272815298E2,2.534978485E0,1.954934692E0,7.234755249E0
1.273016948E2,2.047592010E0,2.082020416E0,8.499624939E0
1.273218598E2,2.580184479E0,2.264341278E0,9.465117188E0
1.273420248E2,2.386786652E0,2.444865875E0,1.073163345E1
1.273621888E2,1.523382111E0,2.306403809E0,1.365804794E1
1.273823538E2,7.101232910E-1,2.178869019E0,1.593511276E1
1.274025188E2,-2.618055725E-1,8.454418945E-1,1.817370758E1
1.274226838E2,-9.105564880E-1,-9.993218994E-1,2.014510803E1
1.274428488E2,-8.655001831E-1,-1.965712280E0,1.953213272E1
1.274630128E2,-1.613045654E0,-2.700384521E0,1.700104614E1
1.274831778E2,-2.433339844E0,-2.640808411E0,1.425365936E1
1.275033428E2,-2.247276764E0,-1.851050720E0,1.122366028E1
1.275235078E2,-2.311792603E0,-1.069376221E0,9.519603882E0
1.275436728E2,-3.197351074E0,-8.677455139E-1,8.429121552E0
1.275638368E2,-3.121009827E0,-6.830296326E-1,6.668183441E0
1.275840018E2,-2.190544739E0,-5.794450378E-1,5.751639404E0
1.276041668E2,-1.361718292E0,-4.602928162E-1,4.998405762E0
1.276243318E2,-1.178050232E0,-2.537223816E-1,4.464765472E0
1.276444968E2,-9.104067993E-1,4.550537109E-2,3.695814514E0
1.276646608E2,-6.849755859E-1,1.489402771E-1,3.827390900E0
1.276848258E2,-9.843530273E-1,1.422042847E-1,4.150419159E0
1.277049908E2,-1.040935364E0,1.227447510E-1,4.672982483E0
1.277251558E2,-8.764274597E-1,2.305206299E-2,5.315446472E0
1.277453208E2,-8.657995605E-1,1.395098877E-1,4.786895599E0
1.277654858E2,-8.378077698E-1,2.380050659E-1,3.866908722E0
1.277856498E2,-1.041534119E0,-1.064286804E-1,4.447700958E0
1.278058148E2,-1.124611359E0,-6.840774536E-1,7.094047852E0
1.278259800E2,-3.074606323E-1,-1.101409607E0,9.300160217E0
1.278461450E2,2.683918762E-1,-3.396437073E-1,9.821975098E0
1.278663100E2,3.098556519E-2,7.450007629E-1,9.795180817E0
1.278864740E2,-8.008346558E-2,1.815873871E0,1.143023071E1
1.279066390E2,-6.024971008E-1,2.732866974E0,1.408166702E1
1.279268040E2,-1.566043396E0,3.151546326E0,1.483879257E1
1.279469690E2,-2.007924500E0,2.646197205E0,1.654943527E1
1.279671340E2,-9.864486694E-2,3.292553101E0,1.585038895E1
1.279872980E2,9.927355957E-1,3.640130310E0,1.638447830E1
1.280074630E2,5.279521179E-1,2.707419891E0,1.752615417E1
1.280276280E2,6.532415771E-1,2.334096222E0,1.613898880E1
1.280477930E2,1.097368011E0,2.682122498E0,1.221444992E1
1.280679580E2,1.202599182E0,3.321742401E0,1.037507492E1
1.280881220E2,8.303233337E-1,3.287014618E0,1.095556778E1
1.281082870E2,1.114731903E0,2.662812653E0,1.186268143E1
1.281284520E2,1.415755920E0,2.267784119E0,1.090287735E1
1.281486170E2,1.124761047E0,2.137554932E0,9.584568787E0
1.281687820E2,2.594105530E-1,2.053429871E0,8.752149811E0
1.281889470E2,-3.926335144E-1,1.965712280E0,7.607180786E0
1.282091110E2,-4.939727783E-2,1.772613831E0,7.414980469E0
1.282292760E2,4.834945679E-1,1.455273743E0,7.519313507E0
1.282494410E2,1.227447510E-1,1.594484253E0,7.191046143E0
1.282696060E2,-3.598516846E-1,1.741777954E0,7.505542145E0
1.282897710E2,-8.294252014E-1,1.663191376E0,8.220305786E0
1.283099350E2,-7.306306458E-1,1.036444702E0,1.021730301E1
1.283301000E2,2.824626160E-1,1.013692017E0,1.178379547E1
1.283502650E2,6.706054688E-1,1.004561005E0,1.299986664E1
1.283704300E2,6.050418091E-1,8.584648132E-1,1.376851822E1
1.283905950E2,-8.098159790E-2,9.880952454E-1,1.365804794E1
1.284107590E2,-9.586065674E-1,8.782237244E-1,1.346000977E1
1.284309240E2,-1.641037445E0,4.998106384E-1,1.448417999E1
1.284510890E2,-1.616787872E0,4.308041382E-1,1.316647018E1
1.284712540E2,-1.840123444E0,9.145980835E-1,9.904004517E0
1.284914190E2,-2.835553436E0,5.158273315E-1,8.229736176E0
1.285115830E2,-2.381248169E0,3.204835510E-1,7.621550903E0
1.285317480E2,-1.625170441E0,9.834548950E-2,7.305258636E0
1.285519130E2,-9.824070740E-1,7.843688965E-2,6.561006317E0
1.285720780E2,-8.740324402E-1,3.864962769E-1,4.765939178E0
1.285922430E2,-9.297166443E-1,4.999603271E-1,3.183579712E0
1.286124080E2,-7.806266785E-1,2.561174011E-1,3.130889282E0
1.286325720E2,-6.620732117E-1,-1.875599670E-1,3.945794678E0
1.286527370E2,-5.613327026E-2,-1.728904724E-1,4.249662781E0
1.286729020E2,4.688250732E-1,-4.041595459E-2,4.358336792E0
1.286930670E2,-3.028202820E-1,1.809736633E-1,4.148622894E0
1.287132320E2,-1.341360626E0,2.941383362E-1,3.915407867E0
1.287333960E2,-1.736389160E0,2.567161560E-1,4.384232941E0
1.287535610E2,-7.795788574E-1,2.899470520E-1,6.457272034E0
1.287737260E2,4.685256958E-2,1.188977509E0,7.784561920E0
1.287938910E2,-4.363426208E-1,2.168540497E0,9.120384064E0
1.288140560E2,-1.924697571E0,2.649789734E0,1.073313034E1
1.288342195E2,-2.372266846E0,1.436412964E0,1.407852356E1
1.288543845E2,-1.866019592E0,2.553689575E-1,1.663176407E1
1.288745495E2,-4.224215698E-1,-7.614665222E-1,2.171863586E1
1.288947145E2,-2.080673218E-2,4.125421143E-1,2.133902527E1
1.289148795E2,-1.534309387E0,1.101559296E0,1.729967514E1
1.289350435E2,-2.633922729E0,1.337468719E0,1.625559631E1
1.289552085E2,-1.918260956E0,1.783840485E0,1.394949188E1
1.289753735E2,-7.912545776E-1,2.051932983E0,1.170281387E1
1.289955385E2,-6.810836792E-2,1.883383484E0,1.343830490E1
1.290157035E2,4.038601685E-1,2.133513336E0,1.275422745E1
1.290358685E2,5.833369446E-1,2.392175446E0,1.087817871E1
1.290560325E2,7.484436035E-1,2.617157593E0,9.049281921E0
1.290761975E2,8.976832581E-1,2.724035339E0,8.064928894E0
1.290963625E2,1.512754211E0,2.809956665E0,7.751480713E0
1.291165275E2,1.756297760E0,2.905308380E0,7.940387878E0
1.291366925E2,1.113235016E0,2.830913086E0,8.367000732E0
1.291568565E2,6.647676086E-1,2.511177979E0,9.723779297E0
1.291770215E2,8.919950867E-1,2.451152802E0,9.667346649E0
1.291971865E2,9.177415466E-1,2.476899261E0,9.131311340E0
1.292173515E2,6.322851562E-1,2.169887695E0,9.964478760E0
1.292375165E2,5.673202515E-2,1.101559296E0,1.185384979E1
1.292576805E2,1.035845947E-1,1.666035461E-1,1.311707291E1
1.292778455E2,9.623487854E-1,2.276765442E-1,1.308518921E1
1.292980105E2,1.221909027E0,7.581733704E-1,1.213661179E1
1.293181755E2,-2.603086853E-1,6.117778015E-1,1.141541153E1
1.293383405E2,-1.302740936E0,3.597019958E-1,1.204784637E1
1.293585045E2,-1.206640778E0,-7.333250427E-1,1.325822937E1
1.293786695E2,-6.827302551E-1,-1.364412689E0,1.336375992E1
1.293988345E2,-3.047662354E-1,-1.234333191E0,1.263627274E1
1.294189995E2,-4.900808716E-1,-3.095562744E-1,9.697583771E0
1.294391645E2,-7.732919312E-1,3.116519165E-1,7.461833038E0
1.294593295E2,-1.054856415E0,5.367837524E-1,6.873406677E0
1.294794935E2,-8.418493652E-1,5.330415344E-1,6.875053253E0
1.294996585E2,-5.105882263E-1,5.396278381E-1,6.367458801E0
1.295198235E2,-2.490820312E-1,4.342469788E-1,6.184539185E0
1.295399885E2,-1.261875916E-1,4.399351501E-1,5.636828156E0
1.295601535E2,-8.262817383E-2,5.198689270E-1,4.911286926E0
1.295803175E2,-1.401086426E-1,7.180567932E-1,3.991150360E0
1.296004825E2,-2.658471680E-1,6.819818115E-1,4.400099945E0
1.296206475E2,1.191522217E-1,7.644602966E-1,4.944667511E0
1.296408125E2,1.618135071E-1,9.165440369E-1,5.163662109E0
1.296609775E2,-2.718347168E-1,1.046473846E0,4.982239380E0
1.296811415E2,-7.315287781E-1,8.373587036E-1,5.284011841E0
1.297013065E2,-6.478527832E-1,2.085163879E-1,8.195607147E0
1.297214715E2,9.586065674E-1,3.638932800E-1,9.407786407E0
1.297416365E2,1.771566010E0,1.638792114E0,8.021668854E0
1.297618015E2,4.526586914E-1,2.324665833E0,9.034013672E0
1.297819665E2,-1.308129730E0,8.074209595E-1,1.512948807E1
1.298021305E2,-6.231541443E-1,-1.270408173E0,2.091525650E1
1.298222955E2,9.078620911E-1,-2.243833923E0,2.103380997E1
1.298424601E2,1.136436768E0,-8.948391724E-1,2.120101227E1
1.298626251E2,-2.040556641E0,1.408570862E-1,1.967673203E1
1.298827901E2,-4.693040771E0,8.529263306E-1,1.716285965E1
1.299029541E2,-4.667743378E0,9.295669556E-1,1.412747177E1
1.299231191E2,-2.473456421E0,8.026309204E-1,1.137319931E1
1.299432841E2,-7.702981567E-1,5.107379150E-1,1.000788849E1
1.299634491E2,3.610491943E-1,3.240760803E-1,1.027762756E1
1.299836141E2,9.761201477E-1,1.981878662E-1,1.051578232E1
1.300037781E2,3.876937866E-1,5.975573730E-1,9.200018463E0
1.300239431E2,3.936813354E-2,1.074914703E0,7.589068451E0
1.300441081E2,5.284011841E-2,1.497336273E0,6.910379791E0
1.300642731E2,4.131408691E-2,2.043550415E0,6.567891998E0
1.300844381E2,-2.221380615E-1,2.120340729E0,7.759713593E0
1.301046031E2,-3.637435913E-1,2.063009949E0,8.501570892E0
1.301247671E2,3.264710999E-1,2.346969452E0,7.649243317E0
1.301449321E2,1.072220306E0,2.706821136E0,8.149053955E0
1.301650971E2,1.166224823E0,2.773133240E0,9.679471436E0
1.301852621E2,1.266216888E0,2.678380280E0,1.092248657E1
1.302054271E2,1.094523926E0,2.396666107E0,1.230890350E1
1.302255911E2,1.372795258E0,1.989662476E0,1.311303131E1
1.302457561E2,1.565744019E0,2.090253296E0,1.311632446E1
1.302659211E2,1.983974304E0,2.323618011E0,1.269120850E1
1.302860861E2,2.128872986E0,1.618284760E0,1.363319962E1
1.303062511E2,1.845063171E0,3.939807129E-1,1.524130554E1
1.303264151E2,1.572180634E0,-4.619393921E-1,1.518532196E1
1.303465801E2,1.018182678E0,-2.790197754E-1,1.258732452E1
1.303667451E2,4.692741394E-1,1.631607056E-1,1.029424301E1
1.303869101E2,3.188369751E-2,1.407073975E-1,1.003198837E1
1.304070751E2,-2.580633545E-1,-2.095642090E-2,9.976902924E0
1.304272401E2,-6.526428223E-2,-1.380130005E-1,1.010024643E1
1.304474041E2,-2.194436646E-1,-2.291734314E-1,9.887239380E0
1.304675691E2,-1.073268127E0,-8.322692871E-2,8.798703003E0
1.304877341E2,-1.491049347E0,4.146377563E-2,7.872429199E0
1.305078991E2,-1.022523651E0,2.951861572E-1,6.812932434E0
1.305280641E2,-5.471122742E-1,5.001100159E-1,6.146069183E0
1.305482281E2,-6.119274902E-1,8.008346558E-1,5.813909912E0
1.305683931E2,-5.670208740E-1,8.596623230E-1,6.156397705E0
1.305885581E2,-4.394860840E-1,7.267387390E-1,6.298302612E0
1.306087231E2,-3.502716064E-1,7.402107239E-1,5.513035583E0
1.306288881E2,-3.981719971E-2,7.481442261E-1,5.011278992E0
1.306490521E2,1.374142456E-1,7.518864441E-1,5.376669159E0
1.306692171E2,-2.439926147E-2,5.319937134E-1,6.922654266E0
1.306893821E2,9.624984741E-2,4.605921936E-1,8.166866913E0
1.307095471E2,5.936654663E-1,7.024891663E-1,7.860154724E0
1.307297121E2,8.357121277E-1,1.164578247E0,7.085515594E0
1.307498761E2,7.342231750E-1,1.311123505E0,7.894433441E0
1.307700411E2,5.295986938E-1,1.555714874E0,9.182205505E0
1.307902061E2,7.788304138E-1,1.935624847E0,9.577683105E0
1.308103711E2,7.273374939E-1,2.136806488E0,1.000459534E1
1.308305366E2,9.520202637E-2,1.935475159E0,1.095975906E1
1.308507016E2,-4.400848389E-2,1.532064056E0,1.253777756E1
1.308708656E2,-1.218466187E-1,1.484912109E0,1.333621719E1
1.308910306E2,-5.827381897E-1,1.478325806E0,1.522663605E1
1.309111956E2,-5.007087708E-1,2.013163605E0,1.464150284E1
1.309313606E2,-5.243595886E-1,1.639241180E0,1.490315872E1
1.309515256E2,-8.632548523E-1,4.683760071E-1,1.618389542E1
1.309716896E2,-1.396745453E0,-1.193019104E-1,1.661365173E1
1.309918546E2,-2.559826813E0,-2.070195007E-1,1.424557617E1
1.310120196E2,-3.222349091E0,5.658233643E-2,1.209350143E1
1.310321846E2,-3.501069489E0,1.182540894E-1,1.034259247E1
1.310523496E2,-3.165467377E0,-7.634124756E-3,8.551117859E0
1.310725136E2,-2.507735138E0,-3.532653809E-1,7.001390533E0
1.310926786E2,-1.779050446E0,-8.364605713E-1,6.719227295E0
1.311128436E2,-1.059197388E0,-9.295669556E-1,6.140530701E0
1.311330086E2,-5.056484985E-1,-9.551637268E-1,6.013744354E0
1.311531736E2,-1.193019104E-1,-6.828799438E-1,6.344556427E0
1.311733376E2,-1.175056458E-1,-4.831951904E-1,6.268664246E0
1.311935026E2,1.094224548E-1,-1.152603149E-1,5.925577698E0
1.312136676E2,2.260299683E-1,2.784210205E-1,5.639672241E0
1.312338326E2,2.944377136E-1,5.870791626E-1,6.134842529E0
1.312539976E2,5.864804077E-1,7.298822021E-1,6.868916016E0
1.312741626E2,2.824626160E-1,9.602531433E-1,7.556585999E0
1.312943266E2,1.103205872E-1,1.043031006E0,8.433761902E0
1.313144916E2,2.960842896E-1,1.087189178E0,9.551637268E0
1.313346566E2,4.263134766E-1,1.462907867E0,9.692494354E0
1.313548216E2,6.691085815E-1,1.763931885E0,9.740694122E0
1.313749866E2,1.117126923E0,1.844464417E0,1.081785416E1
1.313951506E2,1.534309387E0,2.047891388E0,1.124222168E1
1.314153156E2,1.745071106E0,2.244582367E0,1.159189453E1
1.314354806E2,1.695374451E0,2.135908356E0,1.258163635E1
1.314556456E2,1.707199860E0,1.945803680E0,1.364502502E1
1.314758106E2,1.604363708E0,1.672921143E0,1.390189087E1
1.314959746E2,1.574276276E0,1.519190826E0,1.395727570E1
1.315161396E2,1.526525574E0,1.511556702E0,1.357811417E1
1.315363046E2,1.197060699E0,1.117875366E0,1.368319565E1
1.315564696E2,7.134164429E-1,4.728666687E-1,1.359368179E1
1.315766346E2,1.243913269E-1,4.041595459E-3,1.292008255E1
1.315967996E2,-2.528242493E-1,-1.950444031E-1,1.281320480E1
1.316169636E2,-4.555027771E-1,-1.469943237E-1,1.133951935E1
1.316371286E2,-7.939489746E-1,-1.926493835E-1,1.081590820E1
1.316572936E2,-7.117698669E-1,-5.510041809E-1,1.115719849E1
1.316774586E2,-8.217910767E-1,-8.039781189E-1,1.160446838E1
1.316976236E2,-8.430468750E-1,-1.038540344E0,1.167976181E1
1.317177876E2,-4.987628174E-1,-9.903405762E-1,1.089793762E1
1.317379526E2,-4.079017639E-1,-9.927355957E-1,9.812395020E0
1.317581176E2,-4.544549561E-1,-7.976911926E-1,8.579409027E0
1.317782826E2,-3.308120728E-1,-6.415658569E-1,7.705675964E0
1.317984476E2,-1.419049072E-1,-4.439767456E-1,7.357949066E0
1.318186116E2,1.868115234E-1,-3.841012573E-1,7.250622253E0
1.318387766E2,5.384303284E-1,-2.987786865E-1,6.760990448E0
1.318589416E2,6.234535217E-1,-2.830613708E-1,6.316714325E0
1.318791066E2,3.007246399E-1,-3.384461975E-1,5.966143341E0
1.318992716E2,1.094224548E-1,-3.806584167E-1,5.999823303E0
1.319194356E2,2.017803955E-1,-4.387376404E-1,6.640041962E0
1.319396006E2,7.039860535E-1,-3.576063538E-1,7.001689911E0
1.319597656E2,8.053253174E-1,-1.886077881E-2,6.326743469E0
1.319799306E2,8.024812317E-1,3.526666260E-1,6.037245483E0
1.320000956E2,9.854008484E-1,4.373904419E-1,6.876849518E0
1.320202606E2,1.479822693E0,5.941145325E-1,7.465874634E0
1.320404246E2,1.704206085E0,9.225315857E-1,7.653883667E0
1.320605896E2,1.374591522E0,1.047970734E0,8.203690338E0
1.320807546E2,1.397344208E0,1.085542603E0,9.582622833E0
1.321009196E2,1.697769470E0,1.088386688E0,1.164069305E1
1.321210846E2,1.611848145E0,1.484013977E0,1.326092377E1
1.321412486E2,1.558109894E0,2.277513885E0,1.300600388E1
1.321614136E2,6.491999817E-1,2.824626160E0,1.276320877E1
1.321815786E2,3.176394653E-1,2.652334442E0,1.470976089E1
1.322017436E2,4.776567078E-1,1.878144379E0,1.842159210E1
1.322219086E2,4.414320374E-1,1.506018219E0,1.969035370E1
1.322420726E2,-1.737886047E-1,1.633852386E0,1.817430634E1
1.322622376E2,-1.376537476E0,1.861678619E0,1.632879410E1
1.322824026E2,-1.882635040E0,1.940414886E0,1.441517349E1
1.323025676E2,-1.895508270E0,1.970801697E0,1.223151443E1
1.323227326E2,-1.415157166E0,1.654808807E0,1.156824371E1
1.323428976E2,-7.030879211E-1,1.206491089E0,1.116198853E1
1.323630616E2,-4.399351501E-1,4.914280701E-1,1.084689377E1
1.323832266E2,-2.730322266E-1,-8.307723999E-2,9.242679749E0
1.324033916E2,-2.668949890E-1,-3.360511780E-1,7.777526550E0
1.324235566E2,-1.333726501E-1,-3.733236694E-1,6.705156555E0
1.324437216E2,4.263134766E-1,-5.078938293E-1,7.021448822E0
1.324638856E2,1.047671356E0,-7.261399841E-1,7.334747314E0
1.324840506E2,9.223818970E-1,-5.322930908E-1,6.528523865E0
1.325042156E2,1.821711731E-1,-1.817221069E-1,5.364993439E0
1.325243806E2,-4.812492371E-1,2.918930054E-1,4.356091461E0
1.325445456E2,-6.719526672E-1,5.471122742E-1,4.574636993E0
1.325647106E2,-3.787124634E-1,5.809419250E-1,4.811145172E0
1.325848746E2,-1.245410156E-1,5.278024292E-1,4.419110413E0
1.326050396E2,-2.890489197E-1,1.874102783E-1,4.789290619E0
1.326252046E2,-1.633103943E-1,-1.621128845E-1,5.541027374E0
1.326453696E2,1.642085266E-1,-1.950444031E-1,5.645210724E0
1.326655346E2,-5.239105225E-3,-1.466949463E-1,6.185736694E0
1.326856986E2,-5.069956970E-1,-1.878593445E-1,7.039561157E0
1.327058636E2,-1.143322449E0,-1.863624573E-1,6.774911499E0
1.327260286E2,-1.356628876E0,-2.189945984E-1,7.238198090E0
1.327461936E2,-1.253643036E0,-3.890409851E-1,9.222920837E0
1.327663586E2,-1.174607391E0,-1.550775146E-1,9.958341522E0
1.327865236E2,-1.155297546E0,8.352630615E-2,1.029559021E1
1.328066876E2,-1.082249451E0,1.348695374E-1,1.116303635E1
1.328268526E2,-5.689668274E-1,3.312611389E-1,1.266531235E1
1.328470172E2,-4.098477173E-1,7.722441101E-1,1.265992355E1
1.328671822E2,-1.612147522E-1,1.267863464E0,1.201401672E1
1.328873472E2,4.326004028E-2,1.362915802E0,1.170730453E1
1.329075112E2,7.649093628E-1,1.169218597E0,1.229228806E1
1.329276762E2,1.479523315E0,8.416996765E-1,1.321945999E1
1.329478412E2,2.199376373E0,8.729846191E-1,1.307995010E1
1.329680062E2,2.287393341E0,1.212029572E0,1.239692047E1
1.329881712E2,2.421664124E0,1.720821533E0,1.189321793E1
1.330083362E2,3.211571503E0,2.013163605E0,1.245005997E1
1.330285002E2,3.882476349E0,2.121238861E0,1.313772995E1
1.330486652E2,3.916755066E0,2.150428162E0,1.328607147E1
1.330688302E2,2.897225189E0,2.044897614E0,1.315943481E1
1.330889952E2,1.989363098E0,1.280736694E0,1.441053314E1
1.331091602E2,2.051483917E0,4.002676392E-1,1.556074127E1
1.331293242E2,2.208208008E0,-1.336720276E-1,1.476634323E1
1.331494892E2,1.635349274E0,-7.244934082E-2,1.279075150E1
1.331696542E2,6.920109558E-1,-2.829116821E-2,1.110869934E1
1.331898192E2,3.894900513E-1,-5.538482666E-2,1.010219238E1
1.332099842E2,6.210585022E-1,-1.971400452E-1,9.056167603E0
1.332301482E2,8.836125183E-1,-2.348616028E-1,7.825127563E0
1.332503132E2,8.839118958E-1,-2.393522644E-1,6.875352631E0
1.332704782E2,8.608598328E-1,-2.607577515E-1,6.359674988E0
1.332906432E2,7.174580383E-1,-2.875520325E-1,5.570216675E0
1.333108082E2,3.059637451E-1,-3.222798157E-1,5.107079773E0
1.333309732E2,1.387614441E-1,-1.588197327E-1,4.270619202E0
1.333511372E2,2.918930054E-2,2.559677124E-2,3.262914734E0
1.333713022E2,1.914518738E-1,3.900888062E-1,2.725532227E0
1.333914672E2,5.547463989E-1,5.062472534E-1,3.043770447E0
1.334116322E2,8.056246948E-1,6.532415771E-1,4.004322968E0
1.334317972E2,1.243913269E0,8.890013123E-1,5.699996796E0
1.334519622E2,1.783541107E0,1.219514008E0,5.645360413E0
1.334721262E2,2.466870117E-1,1.317709808E0,4.655468903E0
1.334922912E2,-1.438059540E0,2.454895020E-1,6.796616364E0
1.335124562E2,-4.216731262E-1,-1.317709808E0,1.159878021E1
1.335326212E2,5.143304443E-1,-1.925296326E0,1.527663208E1
1.335527862E2,5.945635986E-1,-1.995949402E0,1.525193344E1
1.335729502E2,-8.583151245E-1,-1.109193420E0,1.457563980E1
1.335931152E2,-3.045417023E0,-2.077679443E-1,1.332948120E1
1.336132802E2,-3.781436462E0,5.786965942E-1,1.130329468E1
1.336334452E2,-3.094963989E0,8.762777710E-1,1.001477417E1
1.336536102E2,-1.996248779E0,6.535409546E-1,1.198512680E1
1.336737752E2,-1.561852112E0,1.033001862E0,1.366253860E1
1.336939392E2,-1.673519897E0,1.565893707E0,1.281365387E1
1.337141042E2,-1.097368011E0,2.158361664E0,1.063253952E1
1.337342692E2,-3.254232788E-1,2.486329651E0,9.032367096E0
1.337544342E2,9.177415466E-1,2.458337860E0,9.072783051E0
1.337745992E2,2.405797119E0,2.425106964E0,9.628128204E0
1.337947632E2,3.075953522E0,2.042502594E0,1.063927551E1
1.338149282E2,2.591111755E0,1.733545074E0,1.059586578E1
1.338350939E2,2.438728638E0,1.864073639E0,9.795330505E0
1.338552589E2,2.521955566E0,2.087409210E0,9.967173157E0
1.338754239E2,2.676883392E0,1.814975739E0,1.122081619E1
1.338955889E2,2.632425842E0,1.061592407E0,1.356209747E1
1.339157529E2,1.783690796E0,4.863386536E-1,1.483594849E1
1.339359179E2,4.296066284E-1,5.673202515E-1,1.466515366E1
1.339560829E2,-1.381626892E-1,1.190474396E0,1.398107620E1
1.339762479E2,2.089654541E-1,1.302291870E0,1.541748917E1
1.339964129E2,1.268611908E0,4.462220764E-1,1.705448502E1
1.340165769E2,2.077380066E0,-8.825646973E-1,1.681618057E1
1.340367419E2,2.085313568E0,-1.711091766E0,1.556388474E1
1.340569069E2,1.525627441E0,-2.038460999E0,1.394649811E1
1.340770719E2,1.057251434E0,-1.885479126E0,1.214544342E1
1.340972369E2,6.161187744E-1,-1.445394287E0,1.001881577E1
1.341174019E2,1.877096558E-1,-1.141376495E0,8.875493317E0
1.341375659E2,1.462458801E-1,-1.425186310E0,9.671537933E0
1.341577309E2,4.724176025E-1,-1.563498688E0,8.887618103E0
1.341778959E2,4.101470947E-1,-1.120420074E0,7.069648590E0
1.341980609E2,1.796264648E-2,-6.614744568E-1,5.530698853E0
1.342182259E2,-2.019300842E-1,-2.564167786E-1,4.429438934E0
1.342383899E2,-4.427792358E-1,2.514770508E-2,3.446882172E0
1.342585549E2,-4.808001709E-1,1.032852173E-1,3.086282043E0
1.342787199E2,-9.340576172E-2,1.279838562E-1,3.252735901E0
1.342988849E2,1.772314453E-1,9.250762939E-2,3.444487152E0
1.343190499E2,5.093907166E-1,1.922003174E-1,3.306623840E0
1.343392149E2,2.640509033E-1,4.326004028E-1,2.774480438E0
1.343593789E2,-1.752854919E-1,5.269042969E-1,2.560275879E0
1.343795439E2,-3.221301270E-1,6.249504089E-1,2.722239075E0
1.343997089E2,-9.205856323E-2,6.336323547E-1,3.168610840E0
1.344198739E2,-1.272354126E-2,4.505630493E-1,4.402944031E0
1.344400389E2,1.475930786E-1,1.474433899E-1,7.140601044E0
1.344602039E2,-1.910028076E-1,3.188369751E-2,9.648336182E0
1.344803679E2,2.993774414E-3,6.557862854E-1,1.009171417E1
1.345005329E2,1.047821045E-2,1.801204376E0,8.530161438E0
1.345206979E2,-1.692979431E-1,2.035167847E0,1.170251450E1
1.345408629E2,1.206491089E0,1.642684021E0,1.646396301E1
1.345610279E2,1.228944397E0,1.438508606E0,1.882350632E1
1.345811919E2,6.655160522E-1,7.264393616E-1,1.945100143E1
1.346013569E2,9.057664490E-1,1.296753387E0,1.795306641E1
1.346215219E2,2.720891876E0,2.677332458E0,1.613105530E1
1.346416869E2,3.421584778E0,3.198249207E0,1.673968964E1
1.346618519E2,1.952240295E0,2.477797394E0,2.005813889E1
1.346820169E2,1.013392639E-1,1.665885773E0,2.147614014E1
1.347021809E2,7.334747314E-2,1.627565460E0,1.853191269E1
1.347223459E2,4.490661621E-1,1.880240021E0,1.529803757E1
1.347425109E2,2.489323425E-1,1.833686829E0,1.432431244E1
1.347626759E2,-1.158590698E-1,1.505569153E0,1.335373077E1
1.347828409E2,-3.879931641E-1,9.587562561E-1,1.210577591E1
1.348030059E2,-1.012344818E0,2.649490356E-1,1.124880798E1
1.348231699E2,-1.178948364E0,-2.457888794E-1,1.009156448E1
1.348433343E2,-1.172511749E0,-5.140310669E-1,8.366102600E0
1.348634993E2,-1.141077118E0,-8.101153564E-1,6.921905823E0
1.348836643E2,-1.360221405E0,-1.031504974E0,6.791676636E0
1.349038293E2,-1.107097778E0,-1.049467621E0,6.425837402E0
1.349239933E2,-7.105723572E-1,-1.170416107E0,6.650071106E0
1.349441583E2,-2.832110596E-1,-1.031654663E0,6.121669922E0
1.349643233E2,-4.577481079E-1,-7.553292847E-1,4.683610382E0
1.349844883E2,-6.248007202E-1,-3.722758484E-1,3.630550232E0
1.350046533E2,-8.521778870E-1,-1.513352966E-1,3.526815948E0
1.350248183E2,-7.150630188E-1,1.332229614E-1,3.767066345E0
1.350449823E2,-4.447251892E-1,2.568658447E-1,3.460653534E0
1.350651473E2,6.780899048E-2,4.882846069E-1,3.681444397E0
1.350853123E2,-8.771759033E-2,4.085005188E-1,4.038152618E0
1.351054773E2,1.664538574E-1,1.157093811E-1,4.920867004E0
1.351256423E2,5.432203674E-1,-5.897735596E-2,5.159321136E0
1.351458073E2,5.125341797E-1,8.652008057E-2,4.546196136E0
1.351659713E2,-5.634283447E-1,-2.213896179E-1,5.692961426E0
1.351861363E2,-1.342109070E0,-7.864645386E-1,9.485025787E0
1.352063013E2,-4.318519592E-1,-5.882766724E-1,1.089299789E1
1.352264663E2,-1.128652954E-1,1.122665405E-1,9.213191071E0
1.352466313E2,-1.540147247E0,-2.680924988E-1,9.559421082E0
1.352667953E2,-1.473535767E0,-9.354048157E-1,1.244077927E1
1.352869603E2,-3.038681030E-1,-1.045426025E0,1.520717651E1
1.353071253E2,7.978408813E-2,-1.568737793E-1,1.500180359E1
1.353272903E2,1.706451416E-1,8.614585876E-1,1.388093445E1
1.353474553E2,6.330335999E-1,1.855242004E0,1.320898178E1
1.353676203E2,1.521585846E0,2.374661865E0,1.448133591E1
1.353877843E2,2.132914581E0,2.839744720E0,1.389740021E1
1.354079493E2,2.791994019E0,2.926713867E0,1.459345276E1
1.354281143E2,2.503992920E0,3.322490845E0,1.441741882E1
1.354482793E2,1.694925385E0,3.609294434E0,1.346450043E1
1.354684443E2,1.244961090E0,3.472329254E0,1.254181915E1
1.354886093E2,1.003662872E0,3.180735626E0,1.236937775E1
1.355087733E2,8.458909607E-1,2.782713318E0,1.252520370E1
1.355289383E2,1.189875641E0,2.228565674E0,1.386985748E1
1.355491033E2,1.652114410E0,1.374441833E0,1.666319870E1
1.355692683E2,1.775757294E0,7.508386230E-1,1.812580719E1
1.355894333E2,5.587879944E-1,1.212927704E0,1.575877945E1
1.356095973E2,-7.291337585E-1,2.186652832E0,1.429961380E1
1.356297623E2,7.003935242E-1,2.440225525E0,1.347183517E1
1.356499273E2,2.083816681E0,1.325343933E0,1.659568909E1
1.356700923E2,1.511856079E0,-1.061742096E0,2.007714935E1
1.356902573E2,5.858816528E-1,-1.937720490E0,1.919338715E1
1.357104223E2,-1.136287079E0,-1.380728760E0,1.483699631E1
1.357305863E2,-2.207010498E0,-5.285508728E-1,1.169398224E1
1.357507513E2,-2.734214172E0,4.700225830E-2,8.810079346E0
1.357709163E2,-2.720143433E0,3.466790771E-1,6.186485138E0
1.357910813E2,-2.550546112E0,6.231541443E-1,4.252506866E0
1.358112463E2,-2.543361053E0,6.053411865E-1,3.331472168E0
1.358314116E2,-1.974992981E0,5.272036743E-1,2.988535309E0
1.358515756E2,-1.878144379E0,3.703298950E-1,2.248923340E0
1.358717406E2,-1.598675537E0,3.017724609E-1,1.558409271E0
1.358919056E2,-1.269210663E0,1.341210938E-1,1.654210052E0
1.359120706E2,-1.177301788E0,-1.236428833E-1,2.025887146E0
1.359322356E2,-1.575473785E0,-7.122189331E-1,2.923720093E0
1.359523996E2,-1.543739777E0,-8.074209595E-1,3.084485779E0
1.359725646E2,-1.901944885E0,-7.918533325E-1,2.909349976E0
1.359927296E2,-2.180066528E0,-7.203021240E-1,3.025059357E0
1.360128946E2,-2.078427887E0,-7.050338745E-1,4.162843323E0
1.360330596E2,-2.752027130E0,-5.800437927E-1,3.204386444E0
1.360532246E2,-3.034489746E0,-1.178050232E-1,3.409609680E0
1.360733886E2,-1.767674103E0,-3.326083374E-1,6.082301788E0
1.360935536E2,1.267863464E-1,-2.567161560E-1,8.143814850E0
1.361137186E2,5.309458923E-1,5.679190063E-1,1.054601944E1
1.361338836E2,-6.092330933E-2,1.091081085E0,1.190668991E1
1.361540486E2,-4.153862000E-1,2.068548431E0,1.142109970E1
1.361742136E2,5.140310669E-1,2.521955566E0,1.149055527E1
1.361943776E2,3.228037262E0,2.973416748E0,1.573872116E1
1.362145426E2,4.230203247E0,3.129991150E0,1.851125565E1
1.362347076E2,4.031117249E0,3.137924652E0,1.804108337E1
1.362548726E2,3.176544342E0,2.773731995E0,1.834809494E1
1.362750376E2,2.934797058E0,1.980531464E0,1.868953491E1
1.362952016E2,4.425097961E0,1.910028076E0,1.911285461E1
1.363153666E2,5.136718140E0,2.133962402E0,1.967972580E1
1.363355316E2,4.092938690E0,2.339035950E0,1.847652786E1
1.363556966E2,2.434537354E0,1.933379517E0,1.815709213E1
1.363758616E2,1.746567993E0,1.359472961E0,1.813808167E1
1.363960266E2,1.713636475E0,6.800358582E-1,1.711256424E1
1.364161906E2,1.336869965E0,5.936654663E-1,1.437954758E1
1.364363556E2,1.407073975E-1,6.994953918E-1,1.175251053E1
1.364565206E2,-4.552033997E-1,5.475613403E-1,9.852212219E0
1.364766856E2,-5.514532471E-1,3.323089600E-1,8.704698486E0
1.364968506E2,7.753875732E-2,3.188369751E-2,8.033344574E0
1.365170156E2,4.032614136E-1,-1.457968140E-1,7.649393005E0
1.365371796E2,4.077520752E-1,-2.514770508E-1,7.129075012E0
1.365573446E2,6.930587769E-2,-2.951861572E-1,6.230942688E0
1.365775096E2,-5.053491211E-1,-3.544628906E-1,5.425617371E0
1.365976746E2,-8.581654358E-1,-4.595443726E-1,4.908891907E0
1.366178396E2,-6.623725891E-1,-3.664379883E-1,4.466112671E0
1.366380046E2,-5.248086548E-1,-2.877017212E-1,4.029021606E0
1.366581686E2,-4.261637878E-1,-2.700384521E-1,3.760330353E0
1.366783336E2,-1.285826111E-1,-2.110610962E-1,3.402125244E0
1.366984986E2,1.109193420E-1,-1.233435059E-1,3.138074341E0
1.367186636E2,-3.647914124E-1,8.996292114E-2,2.831661530E0
1.367388286E2,-7.858657837E-1,4.191284180E-1,3.381318512E0
1.367589926E2,-1.823208618E-1,9.207353210E-1,5.031337280E0
1.367791576E2,1.574725342E-1,1.173110504E0,6.275998993E0
1.367993226E2,-1.120719452E0,1.398242340E0,6.756799164E0
1.368194876E2,-2.124082947E0,1.241518250E0,7.612419891E0
1.368396521E2,-1.151106262E0,6.909631348E-1,9.869875488E0
1.368598171E2,6.306385803E-1,6.722520447E-1,1.221205490E1
1.368799811E2,6.005511475E-1,1.213975525E0,1.282727554E1
1.369001461E2,-9.996212769E-1,1.077758789E0,1.401610336E1
1.369203111E2,-2.330653381E0,9.457333374E-1,1.393901367E1
1.369404761E2,-2.031425629E0,5.695655823E-1,1.297022827E1
1.369606411E2,-1.218017120E0,2.603086853E-1,1.358035950E1
1.369808061E2,-8.910969543E-1,5.291496277E-1,1.399948792E1
1.370009701E2,-1.410067749E0,1.326990509E0,1.409454025E1
1.370211351E2,-1.550775146E0,1.861229553E0,1.402149216E1
1.370413001E2,-6.474037170E-1,2.594255219E0,1.160836029E1
1.370614651E2,5.736071777E-1,3.556903381E0,9.125024414E0
1.370816301E2,1.419498138E0,4.040098572E0,8.595126343E0
1.371017941E2,1.816322937E0,4.007616119E0,1.008497818E1
1.371219591E2,2.259102173E0,4.014651489E0,1.054257660E1
1.371421241E2,2.246678009E0,3.573967896E0,1.105511078E1
1.371622891E2,2.499801636E0,3.408711548E0,1.039154068E1
1.371824541E2,2.762505341E0,3.230881348E0,9.891580353E0
1.372026191E2,2.974314880E0,2.568059692E0,1.075663147E1
1.372227831E2,3.415896606E0,2.061513062E0,1.138921600E1
1.372429481E2,3.033292236E0,1.959275665E0,1.108834167E1
1.372631131E2,1.992057495E0,1.697170715E0,1.221864120E1
1.372832781E2,1.021475830E0,1.137634277E0,1.383767441E1
1.373034431E2,1.071771240E0,1.704056396E0,1.374546616E1
1.373236081E2,9.029223633E-1,2.376757507E0,1.359068802E1
1.373437721E2,1.026864624E-1,1.595681763E0,1.542422516E1
1.373639371E2,-2.763253784E-1,1.878593445E-1,1.830992432E1
1.373841021E2,-3.778143311E-1,-1.049467621E0,1.904010590E1
1.374042671E2,-4.150868225E-1,-1.971250763E0,1.776939835E1
1.374244321E2,-6.207591248E-1,-1.669927368E0,1.396086823E1
1.374445961E2,-9.424401855E-1,-6.753955078E-1,1.034783157E1
1.374647611E2,-1.360969849E0,-1.496887207E-1,8.300389252E0
1.374849261E2,-1.645528107E0,1.219963074E-1,7.641160126E0
1.375050911E2,-1.897154846E0,-5.644761658E-1,8.527766418E0
1.375252561E2,-1.458267517E0,-1.438957672E0,1.077115128E1
1.375454211E2,-1.040037231E0,-1.604214020E0,9.048084412E0
1.375655851E2,-4.188290405E-1,-7.783813477E-1,5.963598633E0
1.375857501E2,-1.733395386E-1,-1.803749084E-1,3.327280884E0
1.376059151E2,-2.993774414E-2,2.592608643E-1,2.318229218E0
1.376260801E2,2.752775574E-1,3.703298950E-1,2.427202606E0
1.376462451E2,9.560618591E-1,3.276686096E-1,2.707270203E0
1.376664101E2,7.884104919E-1,1.787283325E-1,1.864223328E0
1.376865741E2,-9.160949707E-2,1.176553345E-1,2.041754150E0
1.377067391E2,-1.351988525E0,2.962339783E-1,2.611319733E0
1.377269041E2,-1.944905548E0,3.065625000E-1,3.946543121E0
1.377470691E2,-1.789229279E0,-3.113525391E-2,5.286855927E0
1.377672341E2,-1.425785065E0,8.681945801E-2,5.986501007E0
1.377873991E2,-2.392624512E0,3.926335144E-1,6.766977997E0
1.378075631E2,-3.502266998E0,1.190175018E0,8.475674744E0
1.378277281E2,-3.325035553E0,2.261646881E0,9.834698639E0
1.378478936E2,-2.267933807E0,3.381917267E0,1.031729507E1
1.378680586E2,-2.301314392E0,3.983366547E0,1.137065460E1
1.378882236E2,-3.335962830E0,3.317251740E0,1.503937546E1
1.379083886E2,-2.379152527E0,2.334395599E0,1.787208481E1
1.379285526E2,-1.632355499E0,2.104024658E0,1.897289566E1
1.379487176E2,-9.693841553E-1,2.567760315E0,1.672816360E1
1.379688826E2,-7.524851990E-1,2.820883942E0,1.374067612E1
1.379890476E2,-6.503974915E-1,2.704426117E0,1.385234390E1
1.380092126E2,9.355545044E-1,2.250270538E0,1.511511795E1
1.380293766E2,2.754871216E0,2.724634094E0,1.272623566E1
1.380495416E2,2.864593048E0,3.124003601E0,1.002165985E1
1.380697066E2,1.492396545E0,3.080294495E0,9.265133057E0
1.380898716E2,9.370513916E-1,2.982398071E0,8.952882385E0
1.381100366E2,1.553619232E0,2.777174835E0,8.505163422E0
1.381302016E2,1.991758118E0,2.625839539E0,8.104297028E0
1.381503656E2,1.791474609E0,2.567311249E0,7.599696350E0
1.381705306E2,1.010099487E0,2.498005371E0,7.738158417E0
1.381906956E2,1.250499573E0,2.391127625E0,8.488997040E0
1.382108606E2,1.825903015E0,2.628983002E0,8.681197357E0
1.382310256E2,2.603535919E0,3.259322205E0,8.631800079E0
1.382511906E2,2.888992310E0,3.532354431E0,1.029199768E1
1.382713546E2,2.187251587E0,3.281625824E0,1.416100204E1
1.382915196E2,1.864522705E0,3.413651276E0,1.623149643E1
1.383116846E2,1.298549652E0,3.503015442E0,1.588960739E1
1.383318496E2,7.926017761E-1,3.652255096E0,1.559741501E1
1.383520146E2,-3.320095825E-1,2.414928131E0,1.533860321E1
1.383721786E2,-7.351213074E-1,5.092410278E-1,1.686033875E1
1.383923436E2,1.862127686E-1,-4.429289246E-1,1.725581635E1
1.384125086E2,6.147715759E-1,-4.625381470E-2,1.520044052E1
1.384326736E2,-7.679031372E-2,4.276606750E-1,1.207224564E1
1.384528386E2,-6.789880371E-1,6.316864014E-1,1.061487625E1
1.384730036E2,-1.046024780E0,6.647676086E-1,9.513915710E0
1.384931676E2,-1.245709534E0,6.021977234E-1,8.924740906E0
1.385133326E2,-1.247954865E0,6.168672180E-1,8.758287048E0
1.385334976E2,-1.172362061E0,5.477110291E-1,8.002658386E0
1.385536626E2,-1.519490204E0,6.366261292E-1,6.200855255E0
1.385738276E2,-1.480271759E0,8.491841125E-1,4.741689606E0
1.385939926E2,-8.919950867E-1,9.731263733E-1,4.266727295E0
1.386141566E2,-3.541635132E-1,7.860154724E-1,5.373675385E0
1.386343216E2,-2.236349487E-1,4.504133606E-1,6.105952606E0
1.386544866E2,-6.560856628E-1,5.084925842E-1,4.731959839E0
1.386746516E2,-1.317709808E0,6.563850403E-1,3.675606537E0
1.386948166E2,-1.578317871E0,5.637277222E-1,3.726051636E0
1.387149816E2,-1.227896576E0,2.993774414E-4,5.096451874E0
1.387351456E2,-4.995112610E-1,-4.040098572E-1,5.930816803E0
1.387553106E2,-2.859054565E-2,-5.601351929E-1,6.462660828E0
1.387754756E2,4.340972900E-3,-2.227368164E-1,7.399113464E0
1.387956406E2,-8.810678101E-1,3.073109436E-1,7.137158203E0
1.388158056E2,-1.334924011E0,6.303392029E-1,8.360264740E0
1.388359706E2,-1.701511688E0,2.607577515E-1,1.146151566E1
1.388561346E2,-1.495689697E0,4.266128540E-1,1.410771286E1
1.388762996E2,-1.542991333E0,9.415420532E-1,1.354667953E1
1.388964646E2,-1.556912384E0,7.929011536E-1,1.403122192E1
1.389166296E2,-1.104104004E0,4.260140991E-1,1.612925903E1
1.389367946E2,-8.301736450E-1,3.547622681E-1,1.697425186E1
1.389569596E2,-1.657203827E0,8.038284302E-1,1.461470856E1
1.389771236E2,-2.462229767E0,1.068627777E0,1.300226166E1
1.389972886E2,-2.645598450E0,1.201251984E0,1.178214890E1
1.390174536E2,-1.350791016E0,1.467099152E0,1.006536896E1
1.390376186E2,1.528321838E-1,1.266965332E0,1.036040543E1
1.390577836E2,1.287921753E0,1.453327789E0,9.338779907E0
1.390779476E2,1.384021912E0,1.613494720E0,8.808732147E0
1.390981126E2,8.628057861E-1,1.869911499E0,8.986712036E0
1.391182776E2,3.414399719E-1,2.177222443E0,8.798553314E0
1.391384426E2,7.050338745E-1,2.283202057E0,8.534652100E0
1.391586076E2,1.067579956E0,2.387235718E0,8.842412109E0
1.391787726E2,8.201445007E-1,2.572400665E0,9.645192719E0
1.391989366E2,3.203338623E-1,2.436782684E0,1.084869003E1
1.392191016E2,2.700384521E-1,2.473456421E0,1.140897491E1
1.392392666E2,5.701643372E-1,2.696791992E0,1.137289993E1
1.392594316E2,5.312452698E-1,2.527643738E0,1.286784119E1
1.392795966E2,1.776805115E-1,2.190694427E0,1.419947205E1
1.392997616E2,4.053570557E-1,2.079026642E0,1.397404083E1
1.393199256E2,6.381230164E-1,2.006726990E0,1.299792068E1
1.393400906E2,4.314028931E-1,1.373094635E0,1.415232010E1
1.393602556E2,-2.171983337E-1,4.221221924E-1,1.482681747E1
1.393804206E2,-3.540138245E-1,-1.764830017E-1,1.376986542E1
1.394005856E2,-2.957849121E-1,-3.781137085E-1,1.197135544E1
1.394207506E2,-1.941462708E-1,-3.984713745E-1,1.091694809E1
1.394409146E2,-5.252577209E-1,-5.460644531E-1,1.086889801E1
1.394610796E2,-1.403182068E0,-7.267387390E-1,1.027987289E1
1.394812446E2,-1.359323273E0,-8.009843445E-1,9.380393372E0
1.395014096E2,-1.005459137E0,-6.706054688E-1,8.511150970E0
1.395215746E2,-7.596702576E-1,-6.794371033E-1,7.847131805E0
1.395417396E2,-6.351292419E-1,-8.461903381E-1,7.340136108E0
1.395619036E2,-3.501219177E-1,-9.111552429E-1,6.685247955E0
1.395820686E2,-2.380050659E-2,-7.527845764E-1,5.839057617E0
1.396022336E2,6.691085815E-2,-3.598516846E-1,5.078339539E0
1.396223986E2,-1.704954529E-1,-2.049238586E-1,5.027744751E0
1.396425636E2,-3.251239014E-1,-1.555265808E-1,5.332061920E0
1.396627286E2,-2.284249878E-1,1.541793823E-2,5.079686737E0
1.396828926E2,-3.790118408E-1,2.375559998E-1,4.605772247E0
1.397030576E2,-6.764433289E-1,5.116360474E-1,4.564607849E0
1.397232226E2,-8.152047729E-1,6.903643799E-1,5.001848602E0
1.397433876E2,-8.234376526E-1,6.233038330E-1,6.384373627E0
1.397635526E2,-5.072950745E-1,6.647676086E-1,7.686964874E0
1.397837176E2,-4.641847229E-1,1.091230774E0,8.404123535E0
1.398038816E2,-3.842509460E-1,1.555265808E0,9.290879517E0
1.398240466E2,-1.170565796E-1,2.127974854E0,9.981393585E0
1.398442115E2,1.646575928E-2,2.547103271E0,1.122276215E1
1.398643765E2,-3.412902832E-1,2.714006195E0,1.333501968E1
1.398845415E2,-5.525010681E-1,2.927312622E0,1.543949341E1
1.399047065E2,-5.948629761E-1,3.531306610E0,1.609572876E1
1.399248705E2,-9.813592529E-1,4.140839081E0,1.447100739E1
1.399450355E2,-2.599494324E0,3.316952362E0,1.490241028E1
1.399652005E2,-3.228935394E0,1.200503540E0,1.732123032E1
1.399853655E2,-3.162473602E0,-3.971241760E-1,1.834225708E1
1.400055305E2,-3.097658386E0,-9.006770325E-1,1.648147659E1
1.400256955E2,-3.635040894E0,-8.476872253E-1,1.307456131E1
1.400458595E2,-3.783681793E0,-1.035995636E0,1.050904633E1
1.400660245E2,-3.131488037E0,-1.336570587E0,8.773255920E0
1.400861895E2,-2.284549255E0,-1.822909241E0,8.081843719E0
1.401063545E2,-1.726509705E0,-2.004930725E0,7.110064545E0
1.401265195E2,-1.406175842E0,-2.004930725E0,6.870562592E0
1.401466845E2,-1.292711792E0,-1.862427063E0,6.127507782E0
1.401668485E2,-1.296903076E0,-1.731898499E0,4.811145172E0
1.401870135E2,-1.186133423E0,-1.369951172E0,3.703897705E0
1.402071785E2,-8.416996765E-1,-1.087638245E0,3.045267334E0
1.402273435E2,1.411564636E-1,-1.044078827E0,4.356540527E0
1.402475085E2,1.064286804E0,-8.331674194E-1,6.308331757E0
1.402676735E2,1.112187195E0,-2.142045593E-1,6.944658508E0
1.402878375E2,4.288581848E-1,5.634283447E-1,6.939419403E0
1.403080025E2,4.281097412E-2,1.309925995E0,7.229965210E0
1.403281675E2,5.544470215E-1,2.053579559E0,7.285200348E0
1.403483325E2,8.599617004E-1,2.700683899E0,8.659342804E0
1.403684975E2,6.541397095E-1,2.871329041E0,1.095451996E1
1.403886625E2,1.191671906E0,3.636837158E0,1.308429108E1
1.404088265E2,1.909279633E0,4.314178619E0,1.340971436E1
1.404289915E2,2.499951324E0,4.930147705E0,1.319880295E1
1.404491565E2,2.653531952E0,5.103487244E0,1.352153183E1
1.404693215E2,2.969225464E0,4.547094269E0,1.530671951E1
1.404894865E2,3.028202820E0,3.092419281E0,1.789079590E1
1.405096505E2,2.970422974E0,1.437311096E0,1.950114716E1
1.405298155E2,2.325563965E0,2.565664673E-1,1.873788437E1
1.405499805E2,1.042881317E0,-5.056484985E-1,1.673684555E1
1.405701455E2,2.266287231E-1,-7.978408813E-1,1.460288315E1
1.405903105E2,2.670446777E-1,-7.418572998E-1,1.228405518E1
1.406104755E2,-6.316864014E-2,-9.231303406E-1,1.127635071E1
1.406306395E2,-7.927514648E-1,-1.278940430E0,1.104373444E1
1.406508045E2,-7.301815796E-1,-1.463955688E0,9.768236847E0
1.406709695E2,-2.716850281E-1,-1.394500122E0,8.700058136E0
1.406911345E2,1.339714050E-1,-1.181493073E0,8.402626648E0
1.407112995E2,1.550775146E-1,-1.008602600E0,8.042625275E0
1.407314645E2,-1.314266968E-1,-6.941065979E-1,7.712411957E0
1.407516285E2,1.017883301E-2,-3.993695068E-1,7.045848083E0
1.407717935E2,4.499642944E-1,7.484436035E-4,6.546785889E0
1.407919585E2,1.522334290E-1,3.327580261E-1,6.126459961E0
1.408121235E2,-2.189945984E-1,5.480104065E-1,5.419480133E0
1.408322885E2,-3.107537842E-1,6.159690857E-1,4.927902374E0
1.408524529E2,-2.603086853E-1,5.402265930E-1,4.873116302E0
1.408726169E2,1.152603149E-2,5.282514954E-1,5.517077179E0
1.408927819E2,2.525248718E-1,5.384303284E-1,6.079308014E0
1.409129469E2,1.320254517E-1,8.035290527E-1,5.915398865E0
1.409331119E2,-1.016386414E-1,9.604028320E-1,6.083199921E0
1.409532769E2,1.228944397E-1,1.058898010E0,6.994205475E0
1.409734419E2,4.327500916E-1,1.125808868E0,7.750283203E0
1.409936059E2,1.922003174E-1,1.192420349E0,8.536148987E0
1.410137709E2,-3.372486877E-1,1.212328949E0,8.589288483E0
1.410339359E2,-2.595602417E-1,9.433383179E-1,8.697064362E0
1.410541009E2,2.767744446E-1,8.265811157E-1,9.063801727E0
1.410742659E2,3.637435913E-1,8.887019348E-1,9.399403839E0
1.410944309E2,-7.200027466E-1,4.037104797E-1,1.029693741E1
1.411145949E2,-9.482780457E-1,-4.438270569E-1,1.207853256E1
1.411347599E2,-4.870870972E-1,-9.895921326E-1,1.338591385E1
1.411549249E2,-9.355545044E-2,-7.444020081E-1,1.348395996E1
1.411750899E2,1.796264648E-2,1.881587219E-1,1.202284836E1
1.411952549E2,-7.484436035E-2,6.164181519E-1,1.087488556E1
1.412154199E2,-2.231858826E-1,4.608915710E-1,1.153695877E1
1.412355839E2,-2.272274780E-1,-1.016386414E-1,1.244676682E1
1.412557489E2,-5.944139099E-1,-4.769082642E-1,1.238075409E1
1.412759139E2,-1.219813385E0,-5.403762817E-1,1.133008896E1
1.412960789E2,-1.722917175E0,-4.604425049E-1,1.044512924E1
1.413162439E2,-1.560953979E0,-7.153623962E-1,1.059197388E1
1.413364089E2,-1.207389221E0,-8.809181213E-1,1.041085052E1
1.413565729E2,-1.116528168E0,-9.747729492E-1,1.003303619E1
1.413767379E2,-1.002914429E0,-1.022823029E0,1.006866211E1
1.413969029E2,-7.797285461E-1,-1.008003845E0,9.289382629E0
1.414170679E2,-5.795947266E-1,-7.815248108E-1,8.591533813E0
1.414372329E2,-3.406915283E-1,-8.415499878E-1,8.649163971E0
1.414573979E2,-5.602848816E-1,-9.455836487E-1,8.644673309E0
1.414775619E2,-4.501139832E-1,-9.418414307E-1,8.757837982E0
1.414977269E2,-1.528321838E-1,-9.889933777E-1,9.055718536E0
1.415178919E2,-7.873626709E-2,-9.436376953E-1,9.140592041E0
1.415380569E2,-2.577639771E-1,-6.831793213E-1,8.539142761E0
1.415582219E2,-2.740800476E-1,-3.962260437E-1,8.000562744E0
1.415783869E2,-2.260299683E-1,-1.808239746E-1,7.890990601E0
1.415985509E2,2.794688416E-1,-3.712280273E-2,8.007747803E0
1.416187159E2,4.402345276E-1,2.478845215E-1,7.952213287E0
1.416388809E2,5.984555054E-1,8.619076538E-1,7.683372345E0
1.416590459E2,5.902226257E-1,1.404529266E0,7.785909119E0
1.416792109E2,7.467970276E-1,1.662742310E0,8.723858643E0
1.416993759E2,9.491761780E-1,1.906585236E0,9.565857697E0
1.417195399E2,6.369255066E-1,2.067350922E0,1.092817474E1
1.417397049E2,6.233038330E-1,1.965113525E0,1.217807556E1
1.417598699E2,5.671705627E-1,2.010618896E0,1.241682907E1
1.417800349E2,5.206173706E-1,1.877845001E0,1.280781601E1
1.418001999E2,1.155596924E0,1.048569489E0,1.422626633E1
1.418203649E2,1.570833435E0,-3.742218018E-2,1.570084991E1
1.418405300E2,1.529369659E0,-7.291337585E-1,1.649420013E1
1.418606950E2,4.953199768E-1,-1.807491302E0,1.649165543E1
1.418808600E2,1.363664246E-1,-3.022364960E0,1.723605743E1
1.419010250E2,4.971162415E-1,-3.230132904E0,1.620110962E1
1.419211900E2,6.744973755E-1,-2.317480774E0,1.287787033E1
1.419413550E2,-7.461982727E-1,-2.010768585E0,1.016506165E1
1.419615190E2,-2.317480774E0,-1.454525299E0,8.498876495E0
1.419816840E2,-2.356998596E0,-1.125210114E0,7.057523804E0
1.420018490E2,-1.488354950E0,-9.636959839E-1,6.168522491E0
1.420220140E2,-7.188052368E-1,-1.093476105E0,5.891748047E0
1.420421790E2,-5.325924683E-1,-1.239572296E0,6.782845001E0
1.420623440E2,-8.322692871E-1,-1.299896851E0,6.603368225E0
1.420825080E2,-1.044078827E0,-1.063837738E0,5.543422394E0
1.421026730E2,-1.213825836E0,-1.013392639E0,4.879852295E0
1.421228380E2,-9.767189026E-1,-8.424481201E-1,4.326752472E0
1.421430030E2,-6.120771790E-1,-6.379733276E-1,4.283791809E0
1.421631680E2,-7.767347717E-1,-4.005670166E-1,4.480183411E0
1.421833330E2,-1.271455994E0,-4.191284180E-3,5.185816040E0
1.422034970E2,-1.367855530E0,-1.547781372E-1,5.860014038E0
1.422236620E2,-9.331594849E-1,2.504292297E-1,5.441933441E0
1.422438270E2,-3.597019958E-1,5.644761658E-1,4.542603607E0
1.422639920E2,-4.492158508E-1,6.728507996E-1,5.080435181E0
1.422841570E2,-7.625143433E-1,2.471360779E-1,8.348439331E0
1.423043220E2,-6.261479187E-1,4.583468628E-1,9.928254089E0
1.423244860E2,-3.040177917E-1,1.284478912E0,9.464069366E0
1.423446510E2,-1.282832336E-1,1.470841370E0,1.025292892E1
1.423648160E2,-2.716850281E-1,1.696272583E0,1.172526718E1
1.423849810E2,-1.051563263E0,1.350791016E0,1.294193710E1
1.424051460E2,-1.525178375E0,-1.353186035E-1,1.569336548E1
1.424253110E2,3.442840576E-2,-5.863307190E-1,1.794004349E1
1.424454750E2,1.282982025E0,4.583468628E-1,1.581191895E1
1.424656400E2,1.826052704E0,2.303110657E0,1.459973969E1
1.424858050E2,-5.803431702E-1,1.145118713E0,1.383722534E1
1.425059700E2,-1.536105652E0,6.174659729E-1,1.385399048E1
1.425261350E2,-4.529580688E-1,8.164022827E-1,1.362706238E1
1.425463000E2,-6.911128235E-1,2.592608643E-1,1.259570709E1
1.425664640E2,1.202748871E0,9.300160217E-1,8.684490509E0
1.425866290E2,1.618135071E0,1.873204651E0,8.377329254E0
1.426067940E2,1.233285370E0,1.947749634E0,8.507109375E0
1.426269590E2,1.309327240E0,1.787882080E0,8.951684875E0
1.426471240E2,1.775308228E0,2.164648590E0,9.406289520E0
1.426672890E2,1.927242279E0,2.488425293E0,9.412726135E0
1.426874530E2,1.525926819E0,2.644550629E0,9.362430725E0
1.427076180E2,9.861492920E-1,2.390977936E0,9.409432983E0
1.427277830E2,6.602769470E-1,2.355950775E0,9.657467194E0
1.427479480E2,3.888912964E-1,2.625839539E0,9.743388519E0
1.427681130E2,1.920506287E-1,2.303559723E0,1.089674011E1
1.427882780E2,2.326162720E-1,1.893412628E0,1.142888351E1
1.428084420E2,-2.698887634E-1,1.620230713E0,1.167287613E1
1.428286070E2,-4.483177185E-1,8.918453979E-1,1.344563965E1
1.428487713E2,-6.149212646E-1,-1.821711731E-1,1.546598831E1
1.428689363E2,-1.299597473E0,-1.297052765E0,1.674298279E1
1.428891013E2,-2.124082947E0,-1.593885498E0,1.524804153E1
1.429092663E2,-2.094743958E0,-1.031355286E0,1.292113037E1
1.429294303E2,-1.642534332E0,-3.838018799E-1,1.088955505E1
1.429495953E2,-1.795366516E0,-2.758763123E-1,9.888885956E0
1.429697603E2,-2.215542755E0,-3.037184143E-1,1.012719040E1
1.429899253E2,-2.184706879E0,-2.134561157E-1,9.651928711E0
1.430100902E2,-1.855242004E0,2.520758057E-1,8.418643341E0
1.430302552E2,-1.818568268E0,8.243357849E-1,6.533014526E0
1.430504193E2,-1.874551849E0,1.256337433E0,5.042114868E0
1.430705843E2,-1.716031494E0,1.501976624E0,4.006568298E0
1.430907492E2,-1.427281952E0,1.344653778E0,3.672762451E0
1.431109143E2,-8.532257080E-1,9.777667236E-1,4.255800018E0
1.431310793E2,-3.047662354E-1,6.551875305E-1,5.331163788E0
1.431512443E2,-1.377136230E-1,4.393363953E-1,5.794899445E0
1.431714082E2,-5.454656982E-1,5.243595886E-1,4.821024628E0
1.431915733E2,-1.211430817E0,8.036787415E-1,3.898343353E0
1.432117383E2,-1.356479187E0,6.319857788E-1,3.376528473E0
1.432319033E2,-7.044351196E-1,4.427792358E-1,4.569248199E0
1.432520683E2,-3.484753418E-1,3.391946411E-1,6.687792664E0
1.432722332E2,-6.242019653E-1,6.039939880E-1,7.841892700E0
1.432923973E2,-1.098116455E0,1.082848206E0,8.067623291E0
1.433125623E2,-1.562750244E0,2.036065979E0,8.759185181E0
1.433327273E2,-1.955832825E0,2.166145477E0,1.037148239E1
1.433528922E2,-1.695374451E0,2.562072144E0,1.138831787E1
1.433730573E2,-1.011596375E0,3.138224030E0,1.165805695E1
1.433932223E2,-9.322613525E-1,2.999612274E0,1.392569138E1
1.434133863E2,-5.517526245E-1,2.948718109E0,1.363978592E1
1.434335512E2,-7.117698669E-1,2.038610687E0,1.498578690E1
1.434537163E2,-1.326242065E0,2.084714813E0,1.496782425E1
1.434738813E2,-1.641336823E0,2.583477631E0,1.282263519E1
1.434940463E2,-9.728269958E-1,2.837349701E0,1.189830734E1
1.435142113E2,1.532812500E-1,2.735112305E0,1.182690582E1
1.435343753E2,6.505471802E-1,3.088078308E0,1.176897629E1
1.435545403E2,3.153941345E-1,3.241958313E0,1.084524719E1
1.435747053E2,2.806663513E-1,3.223097534E0,1.184097656E1
1.435948703E2,8.949888611E-1,3.388503571E0,1.023227188E1
1.436150352E2,1.265767822E0,3.509302368E0,9.796378326E0
1.436352003E2,1.445394287E0,3.438050537E0,9.515412598E0
1.436553643E2,1.842368774E0,3.168161774E0,1.080782501E1
1.436755293E2,1.907932434E0,2.404000854E0,1.268387375E1
1.436956942E2,8.405021667E-1,1.361718292E0,1.374037674E1
1.437158593E2,-6.188131714E-1,5.840853882E-1,1.341510315E1
1.437360243E2,-8.595126343E-1,5.858816528E-1,1.343531113E1
1.437561893E2,-4.552033997E-1,5.194198608E-2,1.435739365E1
1.437763532E2,2.974314880E-1,-6.725514221E-1,1.573123672E1
1.437965183E2,1.718426514E-1,-1.806293793E0,1.620859406E1
1.438166833E2,-9.520202637E-2,-2.183808746E0,1.496797394E1
1.438368483E2,-6.878196716E-1,-1.861079865E0,1.293819489E1
1.438570141E2,-1.466500397E0,-1.315763855E0,1.055964111E1
1.438771791E2,-2.180665283E0,-1.047821045E0,8.535101166E0
1.438973431E2,-2.296374664E0,-9.952803040E-1,7.340136108E0
1.439175081E2,-1.343456268E0,-8.309220886E-1,7.112459564E0
1.439376731E2,-6.523434448E-1,-5.110372925E-1,6.739584961E0
1.439578381E2,-4.974156189E-1,-8.592132568E-2,5.362299042E0
1.439780031E2,-7.053332520E-1,3.998185730E-1,3.325634308E0
1.439981681E2,-8.196954346E-1,6.981481934E-1,1.538350983E0
1.440183321E2,-5.450166321E-1,7.692503357E-1,7.726931763E-1
1.440384971E2,1.872605896E-1,6.328839111E-1,1.570234680E0
1.440586621E2,6.138734436E-1,5.671705627E-1,3.043620758E0
1.440788271E2,5.342390442E-1,4.421804810E-1,3.705693970E0
1.440989921E2,4.116439819E-1,4.526586914E-1,4.092339935E0
1.441191571E2,1.871109009E-2,5.948629761E-1,4.768334198E0
1.441393211E2,-1.733395386E-1,4.658312988E-1,6.418203278E0
1.441594861E2,6.212081909E-2,7.161108398E-1,8.143964539E0
1.441796511E2,7.170089722E-2,1.402733002E0,8.987161102E0
1.441998161E2,-9.144483948E-1,2.552342377E0,1.046488815E1
1.442199811E2,-1.190923462E0,3.276386719E0,1.180295563E1
1.442401461E2,-1.601070557E0,3.235222321E0,1.351988525E1
1.442603111E2,-2.764451294E0,2.246678009E0,1.623224487E1
1.442804751E2,-2.097737732E0,2.035916290E0,1.805006470E1
1.443006401E2,-1.096918945E0,2.039059753E0,1.885404282E1
1.443208051E2,-1.210981750E0,1.883233795E0,1.772658737E1
1.443409701E2,-8.096662903E-1,1.892664185E0,1.553394699E1
1.443611351E2,-4.417314148E-1,1.594633942E0,1.360954880E1
1.443813001E2,1.160087585E-1,1.842518463E0,1.462024704E1
1.444014641E2,1.003363495E0,2.643502808E0,1.126632156E1
1.444216291E2,1.084195404E0,3.016377411E0,9.139693909E0
1.444417941E2,1.032103729E0,2.992427216E0,9.695338440E0
1.444619591E2,7.472460938E-1,2.462978210E0,1.056009018E1
1.444821241E2,6.785389709E-1,2.417622528E0,1.045905029E1
1.445022891E2,5.535488892E-1,2.481838989E0,9.959239655E0
1.445224541E2,1.767823792E-1,2.608924713E0,9.609267426E0
1.445426181E2,3.402424622E-1,2.442919922E0,9.893376617E0
1.445627831E2,6.090834045E-1,2.153421936E0,1.142678787E1
1.445829481E2,-1.047821045E-2,1.744771729E0,1.170535858E1
1.446031131E2,-9.178912354E-1,1.353635101E0,1.156180710E1
1.446232781E2,-9.972262573E-1,8.304730225E-1,1.141556122E1
1.446434431E2,-3.644920349E-1,5.237608337E-1,1.223780136E1
1.446636081E2,-5.099894714E-1,2.903961182E-1,1.254211853E1
1.446837721E2,-5.426216125E-1,1.339714050E-1,1.178723831E1
1.447039371E2,-1.034349060E-1,1.077758789E-1,1.118788467E1
1.447241021E2,-2.914439392E-1,-2.802172852E-1,1.081635727E1
1.447442671E2,-9.984237671E-2,-1.374142456E-1,1.044632675E1
1.447644321E2,-3.921844482E-2,-2.031275940E-1,1.025023453E1
1.447845971E2,-4.578977966E-1,-4.074526978E-1,9.604627075E0
1.448047621E2,-9.319619751E-1,-4.555027771E-1,8.352630615E0
1.448249271E2,-1.360221405E0,-6.325845337E-1,7.068750458E0
1.448450908E2,-1.019380188E0,-6.906637573E-1,5.760471039E0
1.448652558E2,-2.950364685E-1,-4.721182251E-1,4.844974823E0
1.448854208E2,2.421963501E-1,-5.538482666E-3,3.811074829E0
1.449055858E2,2.347119141E-1,5.059478760E-2,4.126019897E0
1.449257508E2,2.237846375E-1,2.665956116E-1,4.561614075E0
1.449459158E2,-4.116439819E-2,4.315525818E-1,4.386328583E0
1.449660808E2,-3.143463135E-3,5.938151550E-1,4.166585541E0
1.449862448E2,3.772155762E-1,6.938072205E-1,5.563480682E0
1.450064098E2,4.281097412E-1,6.574328613E-1,6.691385193E0
1.450265748E2,1.016386414E-1,9.804611206E-1,7.076983337E0
1.450467398E2,1.930984497E-2,1.158590698E0,7.383096771E0
1.450669048E2,6.197113037E-2,1.147364044E0,8.541837158E0
1.450870698E2,5.466632080E-1,1.087488556E0,1.041713745E1
1.451072348E2,7.641609192E-1,1.122515717E0,1.159084671E1
1.451273988E2,1.886077881E-1,1.703906708E0,1.148546585E1
1.451475638E2,-5.029541016E-1,2.903661804E0,1.229498245E1
1.451677288E2,-1.163081360E0,2.747686157E0,1.363559464E1
1.451878938E2,-1.141825562E0,2.093097382E0,1.477921646E1
1.452080588E2,-5.074447632E-1,2.169887695E0,1.450169357E1
1.452282238E2,-1.969903564E-1,2.595003662E0,1.440469528E1
1.452483888E2,-1.126856689E0,2.238744507E0,1.423300232E1
1.452685538E2,-1.953886871E0,8.524772644E-1,1.590248062E1
1.452887178E2,-1.703307953E0,8.089178467E-1,1.436278244E1
1.453088828E2,-6.554869080E-1,1.189276886E0,1.348934875E1
1.453290478E2,-4.685256958E-2,2.429597626E0,1.134071686E1
1.453492128E2,-1.883084106E-1,2.903961182E0,9.996362457E0
1.453693778E2,-1.948947144E-1,2.459834747E0,1.067669769E1
1.453895428E2,2.390528870E-1,2.015858002E0,1.050754944E1
1.454097078E2,7.346722412E-1,2.145039368E0,9.439221039E0
1.454298728E2,6.673123169E-1,2.456092529E0,8.817863159E0
1.454500368E2,5.372328186E-1,2.594554596E0,8.304730225E0
1.454702018E2,7.253915405E-1,2.610571289E0,8.681496735E0
1.454903668E2,7.197033691E-1,2.597099304E0,8.541388092E0
1.455105318E2,5.164260864E-1,2.679278412E0,9.322763214E0
1.455306968E2,-3.415896606E-1,1.932331696E0,1.148980682E1
1.455508618E2,-1.247655487E0,1.093176727E0,1.306962158E1
1.455710268E2,-1.826501770E0,1.010847931E0,1.265977386E1
1.455911918E2,-1.551373901E0,1.268312531E0,1.252490433E1
1.456113558E2,-1.476379852E0,4.254153442E-1,1.362900833E1
1.456315208E2,-1.850601654E0,-6.457571411E-1,1.486483841E1
1.456516858E2,-2.419418793E0,-1.070424042E0,1.402493500E1
1.456718508E2,-2.105222168E0,-4.620890808E-1,1.145927032E1
1.456920158E2,-1.119372253E0,5.535488892E-1,8.408464508E0
1.457121808E2,-9.859996033E-1,8.584648132E-1,7.249574432E0
1.457323458E2,-1.177002411E0,4.468208313E-1,8.278684387E0
1.457525108E2,-8.996292114E-1,3.333567810E-1,8.048014069E0
1.457726748E2,-3.998185730E-1,6.394702148E-1,6.273753662E0
1.457928398E2,1.691482544E-2,9.756710815E-1,5.612428894E0
1.458130048E2,4.116439819E-2,1.311722260E0,4.659510498E0
1.458331698E2,-3.981719971E-2,1.186133423E0,3.413950653E0
1.458533347E2,2.844085693E-3,8.087681580E-1,4.875810699E0
1.458734997E2,1.121168518E-1,6.608757019E-1,6.507717133E0
1.458936647E2,-2.478845215E-1,8.394543457E-1,6.649023285E0
1.459138297E2,-8.123606873E-1,1.375938721E0,5.769302673E0
1.459339937E2,-1.654509430E0,1.674268341E0,4.912334747E0
1.459541587E2,-2.279160461E0,1.764680328E0,5.320984955E0
1.459743237E2,-1.838776245E0,1.503922577E0,7.176975403E0
1.459944887E2,-1.229692841E0,1.598076782E0,8.701555023E0
1.460146537E2,-9.596543884E-1,1.570683746E0,9.712702332E0
1.460348187E2,-9.789642334E-1,1.758992157E0,1.011147308E1
1.460549837E2,-3.634442139E-1,2.972368927E0,1.025741959E1
1.460751477E2,5.782475281E-1,4.405638428E0,1.113714020E1
1.460953127E2,5.629792786E-1,5.190606079E0,1.309866119E1
1.461154777E2,-5.992039490E-1,4.173022156E0,1.660736481E1
1.461356427E2,-1.733694763E0,2.730022888E0,1.813209412E1
1.461558077E2,-1.798509979E0,2.155667267E0,1.868160141E1
1.461759727E2,-1.743723907E0,1.808988190E0,1.864612518E1
1.461961377E2,-3.413651276E0,1.999541931E0,1.794872543E1
1.462163017E2,-5.519921265E0,1.241368561E0,1.773302399E1
1.462364667E2,-5.502257996E0,8.665480042E-1,1.513427811E1
1.462566317E2,-4.260440369E0,1.008752289E0,1.205173828E1
1.462767967E2,-2.741698608E0,1.271306305E0,8.924441528E0
1.462969617E2,-1.589843903E0,1.384470978E0,6.409970398E0
1.463171267E2,-5.053491211E-1,1.507964172E0,5.199437714E0
1.463372917E2,2.685415649E-1,1.472487946E0,5.091063080E0
1.463574557E2,5.007087708E-1,1.425785065E0,5.535937958E0
1.463776207E2,6.758445740E-1,1.518592072E0,5.541775818E0
1.463977857E2,9.448352051E-1,1.889071655E0,5.198090515E0
1.464179507E2,1.221909027E0,2.537822571E0,4.377197571E0
1.464381157E2,1.225351868E0,2.599644012E0,5.356610870E0
1.464582807E2,2.133363647E0,3.356769562E0,5.955216064E0
1.464784457E2,2.750530243E0,3.531905365E0,8.364755402E0
1.464986107E2,2.613265686E0,3.938908997E0,9.790989532E0
1.465187747E2,2.639311523E0,4.309687958E0,1.060544586E1
1.465389397E2,2.617307281E0,4.986730042E0,1.041249710E1
1.465591047E2,8.765771484E-1,4.245770874E0,1.135553604E1
1.465792697E2,-9.051676941E-1,2.015109558E0,1.598465973E1
1.465994347E2,-1.713636475E0,1.215472412E-1,1.801713318E1
1.466195997E2,-1.271455994E0,8.518785095E-1,1.555505310E1
1.466397637E2,-1.482966156E0,2.033221893E0,1.261995667E1
1.466599287E2,-2.336640930E0,2.155517578E0,1.164353714E1
1.466800937E2,-3.161425781E0,1.655407562E0,1.127545258E1
1.467002587E2,-3.112926636E0,1.572180634E0,1.087563400E1
1.467204237E2,-2.956052856E0,1.266067200E0,1.119746475E1
1.467405887E2,-2.750530243E0,1.198557587E0,1.083970871E1
1.467607537E2,-2.390977936E0,1.353934479E0,9.710606689E0
1.467809177E2,-2.361938324E0,1.263372803E0,8.145760803E0
1.468010827E2,-2.550546112E0,1.217867432E0,6.522386627E0
1.468212477E2,-2.125729523E0,1.157991943E0,5.673651581E0
1.468414127E2,-1.161734161E0,1.113983459E0,6.035149841E0
1.468615772E2,-7.197033691E-1,9.207353210E-1,7.015910339E0
1.468817422E2,-7.723937988E-1,6.532415771E-1,6.815926208E0
1.469019072E2,-7.512876892E-1,7.933502197E-1,5.593418427E0
1.469220712E2,-6.518943787E-1,9.602531433E-1,4.783602448E0
1.469422362E2,-2.679428101E-1,1.072519684E0,4.958588562E0
1.469624012E2,-1.008901978E-1,1.048120422E0,6.062093811E0
1.469825662E2,1.278341675E-1,1.173858948E0,6.935527496E0
1.470027312E2,1.222956848E-1,1.569635925E0,7.586224365E0
1.470228962E2,2.960842896E-1,1.910177765E0,8.192313995E0
1.470430612E2,4.695735168E-1,2.347867584E0,9.103020172E0
1.470632252E2,9.479786682E-1,2.903362427E0,9.918674011E0
1.470833902E2,1.312021637E0,3.642525330E0,9.760602722E0
1.471035552E2,1.086740112E-1,3.337908783E0,9.994117126E0
1.471237202E2,-1.318907318E0,2.014660492E0,1.266890488E1
1.471438852E2,-1.582958221E0,5.370831299E-1,1.598540817E1
1.471640502E2,-1.891167297E0,5.298980713E-2,1.611294296E1
1.471842152E2,-3.093467102E0,2.993774414E-1,1.439870773E1
1.472043792E2,-4.944517822E0,-2.344125366E-1,1.306962158E1
1.472245442E2,-5.451064453E0,-8.159532166E-1,1.259316238E1
1.472447092E2,-4.665797424E0,-9.578581238E-1,1.082997894E1
1.472648742E2,-3.921096039E0,-6.987469482E-1,9.880353699E0
1.472850392E2,-4.088597717E0,-7.984396362E-1,9.886191559E0
1.473052042E2,-3.137625275E0,-3.906875610E-1,9.031319275E0
1.473253692E2,-1.829794922E0,1.854643250E-1,7.641609192E0
1.473455332E2,-1.020428009E0,7.271878052E-1,6.803801422E0
1.473656982E2,-8.120613098E-1,9.562115479E-1,6.946604462E0
1.473858632E2,-9.527687073E-1,1.073567505E0,7.981851654E0
1.474060282E2,-8.313711548E-1,1.061891785E0,8.657097473E0
1.474261932E2,-3.159928894E-1,1.308129730E0,8.524173889E0
1.474463582E2,2.670446777E-1,1.899549866E0,7.895032196E0
1.474665222E2,7.783813477E-1,2.278711395E0,7.954757996E0
1.474866872E2,1.138382721E0,2.406545563E0,8.650960236E0
1.475068522E2,1.223405914E0,2.222129059E0,1.026924500E1
1.475270172E2,1.735790405E0,2.536026306E0,1.022733215E1
1.475471822E2,2.379751282E0,2.998115387E0,1.030247589E1
1.475673472E2,2.640209656E0,3.389701080E0,1.040875488E1
1.475875122E2,2.250420227E0,3.425776062E0,1.058957886E1
1.476076762E2,1.966161346E0,3.071612549E0,1.176718002E1
1.476278412E2,2.246977386E0,3.356470184E0,1.230635880E1
1.476480062E2,2.135309601E0,3.626957703E0,1.107591751E1
1.476681712E2,1.968706055E0,3.530558167E0,1.205682770E1
1.476883362E2,2.199975128E0,3.426374817E0,1.138906631E1
1.477085012E2,2.028132477E0,2.911146240E0,1.156629776E1
1.477286662E2,1.728305969E0,1.987117767E0,1.248493744E1
1.477488302E2,1.339714050E0,1.501677246E0,1.225142303E1
1.477689952E2,1.226699066E0,1.538201294E0,1.114207993E1
1.477891602E2,9.993218994E-1,1.545236664E0,1.074211166E1
1.478093252E2,2.703378296E-1,1.269809418E0,1.040306671E1
1.478294902E2,-3.342549133E-1,8.289761353E-1,1.019335281E1
1.478496556E2,-3.712280273E-1,4.320016479E-1,9.492809601E0
1.478698206E2,-2.627037048E-1,4.287084961E-1,8.555907898E0
1.478899846E2,-4.099974060E-1,3.580554199E-1,7.803273010E0
1.479101496E2,-2.772235107E-1,5.234614563E-1,6.998995514E0
1.479303146E2,-6.743476868E-1,4.728666687E-1,6.208788757E0
1.479504796E2,-1.104104004E0,4.420307922E-1,5.662574615E0
1.479706446E2,-1.214723969E0,4.161346436E-1,5.408702545E0
1.479908096E2,-7.987390137E-1,2.662962341E-1,5.458548889E0
1.480109736E2,-3.365002441E-1,1.601669312E-1,6.128405914E0
1.480311386E2,-3.129991150E-1,1.350192261E-1,6.901997223E0
1.480513036E2,-5.951623535E-1,3.321592712E-1,6.932982788E0
1.480714686E2,-4.134402466E-1,5.821394348E-1,7.062014465E0
1.480916336E2,-2.059716797E-1,7.893086243E-1,7.895481262E0
1.481117986E2,-2.245330811E-1,8.397537231E-1,9.066945190E0
1.481319636E2,-4.670288086E-1,9.933343506E-1,9.808652802E0
1.481521276E2,-9.449848938E-1,8.466394043E-1,1.028735733E1
1.481722926E2,-1.321751404E0,8.193960571E-1,1.056772430E1
1.481924576E2,-8.349636841E-1,1.396446075E0,1.060933777E1
1.482126226E2,-5.638774109E-1,1.794767761E0,1.016296600E1
1.482327876E2,-1.215622101E0,4.317022705E-1,1.355146957E1
1.482529526E2,-1.393152924E0,-9.978250122E-1,1.541449539E1
1.482731176E2,-8.897497559E-1,-1.160386963E0,1.423599609E1
1.482932816E2,1.230441284E-1,-4.730163574E-2,1.251727020E1
1.483134466E2,-1.058299255E-1,8.143066406E-1,1.096275284E1
1.483336116E2,-7.036866760E-1,9.110055542E-1,1.136631363E1
1.483537766E2,-1.222507782E0,6.827302551E-1,1.096125595E1
1.483739416E2,-1.295406189E0,6.869215393E-1,9.267677765E0
1.483941066E2,-1.397194519E0,8.607101440E-1,7.448660431E0
1.484142716E2,-7.189549255E-1,3.734733582E-1,9.499096527E0
1.484344356E2,6.884184265E-1,4.504133606E-1,9.306447144E0
1.484546006E2,1.506616974E0,8.084687805E-1,8.947194214E0
1.484747656E2,1.146465912E0,1.031355286E0,8.955127716E0
1.484949306E2,4.317022705E-1,9.868977356E-1,9.009764099E0
1.485150956E2,3.007246399E-1,1.177301788E0,8.781788177E0
1.485352606E2,7.402107239E-1,1.260977783E0,8.863667908E0
1.485554246E2,1.004561005E0,1.166524200E0,9.574240265E0
1.485755896E2,8.235873413E-1,1.018182678E0,9.887538757E0
1.485957546E2,5.364843750E-1,7.541317749E-1,1.002719833E1
1.486159196E2,6.526428223E-1,6.249504089E-1,1.009575577E1
1.486360846E2,1.019230499E0,8.077203369E-1,9.380393372E0
1.486562496E2,1.156944122E0,1.074465637E0,8.981323242E0
1.486764146E2,8.463400269E-1,1.197958832E0,9.164392548E0
1.486965786E2,2.754272461E-1,1.403780823E0,8.947343903E0
1.487167436E2,-3.053649902E-1,1.504820709E0,9.214837646E0
1.487369086E2,-3.995191956E-1,1.893861694E0,8.996292114E0
1.487570736E2,-3.728746033E-1,2.150727539E0,8.947643280E0
1.487772386E2,-4.189787292E-1,1.905986481E0,1.075782898E1
1.487974036E2,-1.703457642E-1,1.020877075E0,1.343007202E1
1.488175686E2,-1.710942078E-1,5.831872559E-1,1.390653122E1
1.488377326E2,-5.647755432E-1,1.164578247E0,1.197749268E1
1.488578978E2,-7.664062500E-1,1.746418304E0,1.157468033E1
1.488780628E2,7.484436035E-3,1.974394226E0,1.185923859E1
1.488982278E2,6.611750793E-1,1.396146698E0,1.289104294E1
1.489183927E2,7.993377686E-2,6.703060913E-1,1.345267502E1
1.489385577E2,-6.330335999E-1,3.070115662E-1,1.253852600E1
1.489587218E2,-7.743397522E-1,1.820214844E-1,1.127141098E1
1.489788868E2,-8.592132568E-1,-4.266128540E-2,9.985285492E0
1.489990517E2,-7.746391296E-1,-1.354682922E-1,8.508905640E0
1.490192168E2,-5.658233643E-1,-2.609074402E-1,7.720046082E0
1.490393818E2,-1.731898499E-1,-2.203417969E-1,6.980434113E0
1.490595468E2,2.300715637E-1,-1.511856079E-2,5.652395782E0
1.490797118E2,3.613485718E-1,2.897973633E-1,3.907474365E0
1.490998758E2,5.465135193E-1,5.057981873E-1,2.941083984E0
1.491200408E2,7.279362488E-1,4.950205994E-1,3.276985474E0
1.491402058E2,6.870712280E-1,3.614982605E-1,4.361180878E0
1.491603708E2,3.885919189E-1,2.215393066E-1,5.132227478E0
1.491805357E2,-8.562194824E-2,2.613565063E-1,5.428910522E0
1.492007007E2,-4.989125061E-1,4.203259277E-1,5.127287750E0
1.492208658E2,-7.189549255E-1,5.864804077E-1,4.982688446E0
1.492410298E2,-4.486170959E-1,5.583389282E-1,6.546785889E0
1.492611947E2,-8.006849670E-1,3.604504395E-1,8.483308868E0
1.492813598E2,-1.214125214E0,7.930508423E-1,9.717492371E0
1.493015248E2,-1.698966980E0,1.511107635E0,1.008467880E1
1.493216898E2,-1.483415222E0,2.848875732E0,1.137065460E1
1.493418548E2,-1.914818115E0,3.750750275E0,1.360730347E1
1.493620197E2,-1.973496094E0,3.822151794E0,1.336256241E1
1.493821838E2,-1.936522980E0,2.469714203E0,1.425021652E1
1.494023488E2,-5.483097839E-1,1.479373627E0,1.703697144E1
1.494225138E2,1.974693604E0,1.785487061E0,1.817744980E1
1.494426787E2,3.280278625E0,3.522774353E0,1.501018616E1
1.494628438E2,1.076112213E0,2.375559998E0,1.530941391E1
1.494830088E2,1.032852173E-2,1.077609100E0,1.545895294E1
1.495031738E2,4.047583008E-1,6.417155457E-1,1.423315201E1
1.495233377E2,1.359922028E0,9.765692139E-1,1.180460220E1
1.495435028E2,1.773212585E0,1.637893982E0,9.879455566E0
1.495636678E2,1.594334564E0,1.864223328E0,9.245074768E0
1.495838328E2,1.658551025E0,1.935026093E0,8.176596680E0
1.496039978E2,1.556014252E0,1.932481384E0,7.439978485E0
1.496241627E2,1.302591248E0,1.894610138E0,7.465425568E0
1.496443268E2,1.161285095E0,1.935325470E0,7.571704559E0
1.496644918E2,1.094224548E0,1.807790680E0,8.372988281E0
1.496846568E2,9.930349731E-1,1.823807373E0,8.690028992E0
1.497048217E2,7.508386230E-1,2.119891663E0,7.885003052E0
1.497249868E2,2.103126526E-1,2.157313843E0,8.072862396E0
1.497451518E2,-6.661148071E-2,1.913470917E0,9.054221649E0
1.497653168E2,-3.619473267E-1,1.650916901E0,1.018422180E1
1.497854807E2,-8.922944641E-1,1.079105988E0,1.138771912E1
1.498056458E2,-1.160087585E0,4.941224670E-1,1.286200333E1
1.498258108E2,-1.525178375E0,5.089416504E-3,1.364906662E1
1.498459758E2,-1.553319855E0,-1.166075134E-1,1.289718018E1
1.498661408E2,-1.558109894E0,-3.347039795E-1,1.298040710E1
1.498863058E2,-1.582509155E0,-9.361532593E-1,1.435365143E1
1.499064708E2,-1.501527557E0,-1.683249664E0,1.445469131E1
1.499266348E2,-9.551637268E-1,-1.654359741E0,1.288879761E1
1.499467998E2,-6.800358582E-1,-9.392967224E-1,1.004740631E1
1.499669648E2,-4.689747620E-1,-1.046324158E-1,7.604935455E0
1.499871298E2,-5.173242188E-1,4.360432434E-1,6.040987701E0
1.500072948E2,-1.193767548E0,2.483335876E-1,6.157744904E0
1.500274598E2,-1.005159760E0,-1.646575928E-1,7.324867859E0
1.500476248E2,-1.516346741E-1,-4.760101318E-2,7.179969177E0
1.500677888E2,4.373904419E-1,3.936813354E-1,5.987548828E0
1.500879538E2,3.848497009E-1,9.440867615E-1,4.541705475E0
1.501081188E2,-2.224374390E-1,1.402134247E0,3.728746033E0
1.501282838E2,-4.502636719E-1,1.721420288E0,3.954776001E0
1.501484488E2,-3.402424622E-1,1.839225311E0,5.671555939E0
1.501686138E2,-3.592529297E-1,1.906585236E0,6.339467010E0
1.501887788E2,-2.817141724E-1,2.575693817E0,6.275250549E0
1.502089428E2,-1.007554779E0,2.300715637E0,8.466244354E0
1.502291078E2,-1.595532074E0,1.523531799E0,1.127709915E1
1.502492728E2,-6.792874146E-1,1.611548767E0,1.182286423E1
1.502694378E2,-5.355862427E-1,1.483415222E0,1.054407349E1
1.502896028E2,-8.134085083E-1,1.763033752E0,1.053015244E1
1.503097678E2,-5.014572144E-1,2.782413940E0,1.028511200E1
1.503299318E2,7.123686218E-1,4.384981384E0,9.908794556E0
1.503500968E2,1.911674652E0,6.409072266E0,1.053479279E1
1.503702618E2,1.544937286E0,7.006030884E0,1.248209335E1
1.503904268E2,-1.694476318E-1,5.670508118E0,1.456516159E1
1.504105918E2,-1.495390320E-1,5.392087097E0,1.419079010E1
1.504307568E2,1.861528931E0,6.398594055E0,1.380144974E1
1.504509218E2,3.210224304E0,6.515800323E0,1.399873947E1
1.504710858E2,1.580114136E0,4.728516998E0,1.685390213E1
1.504912508E2,-1.791773987E-1,1.980531464E0,1.990665390E1
1.505114158E2,-7.432044983E-1,7.674540710E-1,1.770233780E1
1.505315808E2,-9.309141541E-1,8.991801453E-1,1.359936996E1
1.505517458E2,-1.284478912E0,1.074016571E0,9.759704590E0
1.505719108E2,-1.692380676E0,1.202748871E0,7.216493225E0
1.505920758E2,-2.329755249E0,7.053332520E-1,6.220763855E0
1.506122398E2,-2.348166962E0,4.068539429E-1,5.795498199E0
1.506324048E2,-2.043550415E0,1.496887207E-2,5.868845673E0
1.506525698E2,-2.233056335E0,-4.282594299E-1,6.111790466E0
1.506727348E2,-2.650388489E0,-7.062313843E-1,5.798192596E0
1.506928998E2,-2.518063660E0,-5.504054260E-1,5.398224335E0
1.507130648E2,-1.660047913E0,-2.345622253E-1,5.239105225E0
1.507332298E2,-8.918453979E-1,-1.302291870E-2,5.212760010E0
1.507533938E2,-5.301974487E-1,3.796105957E-1,5.877527618E0
1.507735588E2,-1.036594391E0,6.242019653E-1,6.080655212E0
1.507937238E2,-1.694027252E0,7.229965210E-1,5.782026215E0
1.508138888E2,-1.539698181E0,9.638456726E-1,6.032006378E0
1.508340538E2,-7.209008789E-1,1.613494720E0,6.472989349E0
1.508542181E2,-5.270539856E-1,1.633103943E0,6.994504852E0
1.508743831E2,-2.900967407E-1,1.866917725E0,8.127498779E0
1.508945471E2,-6.454577637E-1,1.499431915E0,9.444160767E0
1.509147121E2,-1.434467010E0,8.906478882E-1,1.119941071E1
1.509348771E2,-1.470092926E0,5.658233643E-1,1.208167603E1
1.509550421E2,-4.221221924E-1,7.143145752E-1,1.189561295E1
1.509752071E2,1.954934692E-1,1.047072601E0,1.185310135E1
1.509953721E2,-4.080514526E-1,7.557783508E-1,1.271755371E1
1.510155361E2,-8.722361755E-1,4.083508301E-1,1.340627151E1
1.510357011E2,-1.107397156E0,4.650828552E-1,1.347557739E1
1.510558661E2,-1.216669922E0,1.224154358E0,1.139864639E1
1.510760311E2,-1.546284485E0,1.581012268E0,9.767937469E0
1.510961961E2,-1.415007477E0,1.367705841E0,1.041608963E1
1.511163611E2,-5.773493958E-1,1.092128906E0,1.208137665E1
1.511365261E2,5.267546082E-1,1.686093750E0,1.169637726E1
1.511566901E2,6.595285034E-1,2.034569092E0,1.049153275E1
1.511768551E2,4.782554626E-1,2.460583191E0,9.708211670E0
1.511970201E2,9.791139221E-1,2.540966034E0,9.896220703E0
1.512171851E2,1.826202393E0,2.919079742E0,9.382938080E0
1.512373501E2,2.090103607E0,3.058589630E0,8.556806030E0
1.512575151E2,2.219434662E0,2.883902893E0,9.182205505E0
1.512776801E2,2.455793152E0,2.719993744E0,9.817035370E0
1.512978441E2,2.480192413E0,2.687960358E0,1.000893631E1
1.513180091E2,2.428400116E0,2.699336700E0,1.042162811E1
1.513381741E2,2.674188995E0,2.844085693E0,1.179083084E1
1.513583391E2,2.598446503E0,3.177292786E0,1.318877380E1
1.513785041E2,2.000290375E0,3.677402802E0,1.415890640E1
1.513986691E2,5.596861267E-1,3.720812531E0,1.448986816E1
1.514188341E2,-9.355545044E-1,2.921474762E0,1.402927597E1
1.514389981E2,-6.659651184E-1,2.228865051E0,1.416399582E1
1.514591631E2,8.265811157E-1,1.485510864E0,1.484702545E1
1.514793281E2,1.361269226E0,8.607101440E-1,1.425590469E1
1.514994931E2,-2.993774414E-2,1.257385254E-1,1.385698425E1
1.515196581E2,-2.208357697E0,-6.156697083E-1,1.373768234E1
1.515398231E2,-3.626059570E0,-7.584727478E-1,1.295136749E1
1.515599871E2,-3.670367432E0,-4.363426208E-1,1.084135529E1
1.515801521E2,-3.185076599E0,-3.299139404E-1,7.726033630E0
1.516003171E2,-2.618205414E0,-5.095404053E-1,5.050946503E0
1.516204821E2,-1.941612396E0,-2.814147949E-1,3.269650726E0
1.516406471E2,-1.775008850E0,-3.183879089E-1,2.836301880E0
1.516608121E2,-1.498234406E0,-5.604345703E-1,3.962110748E0
1.516809771E2,-1.528471527E0,-8.062234497E-1,4.736151123E0
1.517011411E2,-1.336869965E0,-6.429130554E-1,4.001029816E0
1.517213061E2,-1.250948639E0,-2.109114075E-1,2.413281555E0
1.517414711E2,-1.531465302E0,3.246748352E-1,1.376387787E0
1.517616361E2,-1.563199310E0,6.313870239E-1,2.063608704E0
1.517818011E2,-1.236428833E0,8.490344238E-1,4.187991028E0
1.518019661E2,-1.529968414E0,1.357377319E0,5.787115631E0
1.518221311E2,-1.811981964E0,1.950743408E0,7.113208008E0
1.518422951E2,-2.353705444E0,1.987267456E0,8.891959076E0
1.518624601E2,-1.764530640E0,3.253933411E0,1.108594666E1
1.518826251E2,-5.310955811E-1,4.623435516E0,1.255948242E1
1.519027901E2,2.149530029E-1,6.058351593E0,1.416624115E1
1.519229551E2,6.248007202E-1,6.607559509E0,1.464479599E1
1.519431201E2,3.625460815E-1,7.100185089E0,1.473341171E1
1.519632851E2,-1.225950623E-1,6.579268341E0,1.593152023E1
1.519834491E2,1.333726501E-1,4.683610382E0,2.016711227E1
1.520036141E2,1.152303772E0,2.986439667E0,2.274445267E1
1.520237791E2,1.673669586E0,2.935246124E0,2.022593994E1
1.520439441E2,8.649014282E-1,3.277883606E0,1.624766281E1
1.520641091E2,-1.790277100E-1,3.313359833E0,1.331945206E1
1.520842741E2,-7.746391296E-1,3.086282043E0,1.113160172E1
1.521044391E2,-9.431886292E-1,2.646496582E0,9.596094818E0
1.521246031E2,-7.990383911E-1,1.927541656E0,8.779991913E0
1.521447681E2,-2.881507874E-1,1.141675873E0,8.557105408E0
1.521649331E2,6.945556641E-2,3.647914124E-1,7.759863281E0
1.521850981E2,2.393522644E-1,5.763015747E-2,6.496191101E0
1.522052631E2,-6.002517700E-2,-2.782713318E-1,5.193450165E0
1.522254281E2,-3.745211792E-1,-7.173083496E-1,4.518054657E0
1.522455921E2,-3.333567810E-1,-1.130748596E0,4.460424500E0
1.522657571E2,-9.370513916E-2,-1.521585846E0,4.567002869E0
1.522859221E2,3.427871704E-2,-1.863923950E0,4.292922821E0
1.523060871E2,-2.037263489E-1,-2.129621429E0,4.802163849E0
1.523262521E2,-6.358776855E-1,-2.026934967E0,5.346432037E0
1.523464171E2,-4.213737488E-1,-1.119821320E0,4.685107269E0
1.523665821E2,-5.968089294E-1,4.556524658E-1,5.470673676E0
1.523867461E2,-1.142574005E0,1.951940918E0,5.122198334E0
1.524069111E2,-1.927841034E0,3.753594360E0,4.473597107E0
1.524270761E2,-3.182082825E0,4.451443176E0,5.217999115E0
1.524472411E2,-3.077450409E0,3.625460815E0,8.099357300E0
1.524674061E2,-2.534828796E0,2.083666992E0,1.240410553E1
1.524875711E2,-2.638712769E0,1.165177002E0,1.645004196E1
1.525077361E2,-3.799698486E0,2.201621704E0,1.569366486E1
1.525279001E2,-6.065237274E0,3.126847687E0,1.356913284E1
1.525480651E2,-7.010970612E0,3.641477509E0,1.085033661E1
1.525682301E2,-5.122198334E0,3.977229309E0,9.054371338E0
1.525883951E2,-3.037633209E0,3.575464783E0,1.110944778E1
1.526085601E2,-1.508263550E0,3.174448700E0,1.319071976E1
1.526287251E2,-7.448510742E-1,3.320544891E0,1.209469894E1
1.526488901E2,-1.926493835E-1,3.817062378E0,9.634864197E0
1.526690541E2,4.537065125E-1,3.912264404E0,8.241860962E0
1.526892191E2,1.359023895E0,3.581452332E0,9.118587799E0
1.527093841E2,2.545007629E0,3.488345947E0,8.760831757E0
1.527295491E2,3.010988617E0,3.454216919E0,9.926757202E0
1.527497141E2,2.600392456E0,3.158132629E0,1.041623932E1
1.527698791E2,2.124681702E0,3.194956055E0,1.049737061E1
1.527900441E2,2.145937500E0,3.396736450E0,1.084943848E1
1.528102081E2,2.337838440E0,4.364623718E0,1.168814438E1
1.528303731E2,2.389331360E0,5.039420471E0,1.444855408E1
1.528505390E2,2.615061951E0,4.160148926E0,1.801833069E1
1.528707040E2,2.565664673E0,2.751428375E0,1.996608032E1
1.528908690E2,1.463207245E0,8.056246948E-1,2.120580231E1
1.529110340E2,6.945556641E-2,-9.824070740E-1,2.104862915E1
1.529311990E2,-1.160686340E0,-1.739682312E0,1.880254990E1
1.529513630E2,-1.659000092E0,-1.221010895E0,1.451756058E1
1.529715280E2,-1.974992981E0,-8.238867188E-1,1.162452667E1
1.529916930E2,-2.102378082E0,-1.773811340E-1,8.765172729E0
1.530118580E2,-2.405647430E0,8.068222046E-2,6.067931671E0
1.530320230E2,-2.395917664E0,2.230361938E-2,5.737868042E0
1.530521880E2,-2.126178589E0,2.424957275E-2,5.068160706E0
1.530723530E2,-1.931283875E0,5.508544922E-2,4.352947998E0
1.530925170E2,-1.430724792E0,7.229965210E-2,4.333338776E0
1.531126820E2,-1.062041473E0,-3.712280273E-2,4.681814117E0
1.531328470E2,-8.451425171E-1,-1.008901978E-1,4.157155151E0
1.531530120E2,-8.744815063E-1,1.077758789E-1,3.504212952E0
1.531731770E2,-1.118025055E0,2.670446777E-1,2.784060516E0
1.531933420E2,-9.797126770E-1,5.978567505E-1,2.636916504E0
1.532135060E2,-1.054706726E0,9.758207703E-1,2.799777832E0
1.532336710E2,-1.332528992E0,1.163680115E0,3.587888947E0
1.532538360E2,-1.955533447E0,1.093176727E0,4.743336182E0
1.532740010E2,-2.274969177E0,1.147214355E0,5.450016632E0
1.532941660E2,-2.129172363E0,1.441951447E0,5.803581390E0
1.533143310E2,-1.533560944E0,1.721270599E0,7.239994354E0
1.533344960E2,-8.536747742E-1,2.570155334E0,9.660311279E0
1.533546600E2,-8.373587036E-1,3.281625824E0,1.011506561E1
1.533748250E2,-1.457519073E0,4.766987000E0,1.184771255E1
1.533949900E2,-2.130818939E0,6.003565521E0,1.334280350E1
1.534151550E2,-4.086951141E0,6.068081360E0,1.372525818E1
1.534353200E2,-5.207221527E0,5.138215027E0,1.332828369E1
1.534554850E2,-5.108876038E0,2.037712555E0,1.802835983E1
1.534756500E2,-2.522404633E0,1.246757355E0,2.021082138E1
1.534958140E2,-7.310797119E-1,1.818119202E0,1.727482681E1
1.535159790E2,-1.165775757E0,1.924547882E0,1.550954773E1
1.535361440E2,-1.338965607E0,1.526824951E0,1.376836853E1
1.535563090E2,3.520678711E-1,1.634600830E0,1.174517578E1
1.535764740E2,1.638941803E0,2.201022949E0,9.592352600E0
1.535966390E2,2.119891663E0,2.918630676E0,7.610923004E0
1.536168040E2,2.212249603E0,3.404819641E0,6.670279083E0
1.536369680E2,2.427651672E0,3.254232788E0,6.980434113E0
1.536571330E2,2.851420441E0,3.253933411E0,7.172634430E0
1.536772980E2,3.093167725E0,3.404520264E0,7.068301392E0
1.536974630E2,2.744243317E0,3.368295593E0,8.151299286E0
1.537176280E2,2.289638672E0,3.278482361E0,8.968899078E0
1.537377930E2,2.303859100E0,3.529360657E0,9.637109528E0
1.537579570E2,2.289938049E0,3.820954285E0,1.031475037E1
1.537781220E2,2.018851776E0,3.692671051E0,1.088910599E1
1.537982870E2,1.399140472E0,3.212020569E0,1.243404327E1
1.538184520E2,7.807763672E-1,2.196232910E0,1.519804550E1
1.538386170E2,3.152444458E-1,1.252445526E0,1.660242508E1
1.538587815E2,6.032455444E-1,1.603764954E0,1.581506241E1
1.538789465E2,7.979905701E-1,1.945803680E0,1.602208191E1
1.538991105E2,4.944218445E-1,6.453080750E-1,1.686303314E1
1.539192755E2,3.598516846E-1,-1.669029236E-1,1.661993866E1
1.539394405E2,-1.580712891E-1,-1.585203552E-1,1.389395737E1
1.539596055E2,-3.270698547E-1,2.619552612E-1,1.098864899E1
1.539797705E2,-2.692900085E-1,4.177812195E-1,9.754166107E0
1.539999355E2,-5.156776428E-1,3.712280273E-1,8.914562073E0
1.540201005E2,-5.060975647E-1,3.909869385E-1,8.040978699E0
1.540402645E2,-3.793112183E-1,3.570075989E-1,7.815098419E0
1.540604295E2,-5.569917297E-1,-1.766326904E-1,7.868088226E0
1.540805945E2,-5.180726624E-1,-5.366340637E-1,7.649842072E0
1.541007595E2,-5.495072937E-1,-5.995033264E-1,6.406078491E0
1.541209245E2,-9.966275024E-1,-7.647596741E-1,5.476810913E0
1.541410895E2,-1.031055908E0,-8.626560974E-1,5.511838074E0
1.541612545E2,-7.804769897E-1,-8.113128662E-1,5.782175903E0
1.541814185E2,-9.542655945E-1,-5.566923523E-1,5.848787384E0
1.542015835E2,-1.348994751E0,-4.787045288E-1,5.435646515E0
1.542217485E2,-1.483864288E0,-1.987866211E-1,4.975503387E0
1.542419135E2,-1.189127197E0,3.285667419E-1,4.917424164E0
1.542620785E2,-8.568182373E-1,9.032217407E-1,5.305567017E0
1.542822435E2,-7.201524353E-1,1.494192810E0,6.483317871E0
1.543024085E2,-9.895921326E-1,1.903292084E0,8.259823608E0
1.543225725E2,-1.662143555E0,2.437680817E0,9.118887177E0
1.543427375E2,-2.049537964E0,2.926414490E0,9.264683990E0
1.543629025E2,-1.856289825E0,3.354224854E0,9.568552094E0
1.543830675E2,-2.091151428E0,3.479514313E0,1.117980148E1
1.544032325E2,-2.578837280E0,3.683839417E0,1.273641449E1
1.544233975E2,-3.464695129E0,3.748954010E0,1.330687820E1
1.544435625E2,-3.966152344E0,3.197351074E0,1.318203781E1
1.544637265E2,-2.850971375E0,2.146536255E0,1.442924423E1
1.544838915E2,-1.412462769E0,1.670975189E0,1.523876083E1
1.545040565E2,-8.735833740E-1,2.141895905E0,1.418734726E1
1.545242215E2,-1.332079926E0,2.481689301E0,1.202539307E1
1.545443865E2,-1.732497253E0,2.382745056E0,1.012958542E1
1.545645515E2,-1.908231812E0,1.742676086E0,9.700427856E0
1.545847155E2,-1.892065430E0,1.013692017E0,9.870773621E0
1.546048805E2,-1.510059814E0,4.852908325E-1,1.047910858E1
1.546250455E2,-1.298399963E0,2.716850281E-1,9.624685364E0
1.546452105E2,-1.522334290E0,8.113128662E-2,8.572223969E0
1.546653755E2,-1.539997559E0,1.408570862E-1,7.442972260E0
1.546855405E2,-1.117575989E0,2.667453003E-1,6.642586670E0
1.547057055E2,-7.168592834E-1,2.661465454E-1,6.427483978E0
1.547258695E2,-7.661068726E-1,3.794609070E-1,6.736441498E0
1.547460345E2,-1.495090942E0,4.269122314E-1,6.412814484E0
1.547661995E2,-1.718276825E0,7.384144592E-1,6.098617859E0
1.547863645E2,-1.202150116E0,8.827143860E-1,6.577771454E0
1.548065295E2,-1.047821045E-2,6.724017334E-1,8.397088165E0
1.548266945E2,6.710545349E-1,9.867480469E-1,9.669891357E0
1.548468595E2,7.568261719E-1,2.044598236E0,9.337283020E0
1.548670238E2,3.629951477E-1,2.699636078E0,8.958121490E0
1.548871888E2,4.538562012E-1,3.071612549E0,1.033540741E1
1.549073538E2,1.330732727E0,3.839066620E0,1.025771896E1
1.549275188E2,1.877246246E0,4.042792969E0,1.150238068E1
1.549476838E2,1.803300018E0,4.249363403E0,1.304222855E1
1.549678488E2,1.657503204E0,4.688101044E0,1.332319427E1
1.549880138E2,2.204465790E0,4.743485870E0,1.278296768E1
1.550081778E2,2.460583191E0,3.691024475E0,1.431937271E1
1.550283428E2,2.154769135E0,2.275418243E0,1.665017578E1
1.550485078E2,1.630559235E0,1.383722534E0,1.582883377E1
1.550686728E2,1.098715210E0,1.277742920E0,1.390159149E1
1.550888378E2,9.107061768E-1,1.534459076E0,1.138158188E1
1.551090028E2,2.285746765E-1,1.452279968E0,1.031460068E1
1.551291678E2,-9.292675781E-1,6.533912659E-1,1.092982132E1
1.551493318E2,-1.354383545E0,-4.185296631E-1,1.195024933E1
1.551694968E2,-1.415905609E0,-1.407523041E0,1.230037125E1
1.551896618E2,-1.165476379E0,-1.488354950E0,1.071621552E1
1.552098268E2,-1.289119263E0,-1.319955139E0,9.255552979E0
1.552299918E2,-1.310524750E0,-1.194665680E0,8.530610504E0
1.552501568E2,-1.394500122E0,-1.096918945E0,7.462431793E0
1.552703218E2,-1.637145538E0,-9.473799133E-1,6.491700439E0
1.552904858E2,-1.582509155E0,-9.015751648E-1,6.657256165E0
1.553106508E2,-1.081351318E0,-7.617658997E-1,6.632856903E0
1.553308158E2,-8.708889771E-1,-3.891906738E-1,6.082900543E0
1.553509808E2,-1.313219147E0,-1.282832336E-1,5.185816040E0
1.553711458E2,-1.304836578E0,-1.362167358E-1,4.661606140E0
1.553913108E2,-6.839277649E-1,-4.435276794E-1,5.256319427E0
1.554114758E2,-1.002914429E-2,-5.149291992E-1,5.985752563E0
1.554316398E2,3.704795837E-1,-1.622625732E-1,5.712420959E0
1.554518048E2,4.649331665E-1,4.146377563E-1,5.914650421E0
1.554719698E2,6.906637573E-1,8.455915833E-1,6.450236664E0
1.554921348E2,1.175206146E0,1.186732178E0,7.140750732E0
1.555122998E2,1.723366241E0,1.519939270E0,7.576344910E0
1.555324648E2,1.388811951E0,1.263073425E0,8.743168488E0
1.555526288E2,2.905458069E-1,5.601351929E-1,1.210128525E1
1.555727938E2,1.740879822E-1,-6.768923950E-1,1.606055191E1
1.555929588E2,7.192543030E-1,-1.004710693E0,1.642115204E1
1.556131238E2,-2.800675964E-1,-2.351609802E-1,1.250903732E1
1.556332888E2,-2.743345184E0,-3.291654968E-1,1.042656784E1
1.556534538E2,-3.159629517E0,-8.536747742E-1,1.289463547E1
1.556736188E2,-1.598525848E0,-1.008752289E0,1.424931839E1
1.556937838E2,-3.948788452E-1,9.924362183E-2,1.185055664E1
1.557139478E2,-8.761280823E-1,5.182223511E-1,1.048554520E1
1.557341128E2,-1.410367126E0,4.507127380E-1,1.072594528E1
1.557542778E2,-5.242098999E-1,1.954934692E-1,1.223810074E1
1.557744428E2,3.095562744E-1,5.909710693E-1,1.262280075E1
1.557946078E2,-1.002914429E-1,1.048719177E0,1.336705307E1
1.558147728E2,-8.403524780E-1,1.593586121E0,1.273551636E1
1.558349368E2,-1.046024780E0,1.981130219E0,1.135239258E1
1.558551013E2,-1.083746338E0,2.105970612E0,1.086410797E1
1.558752663E2,-1.495540009E0,1.578916626E0,1.193842392E1
1.558954313E2,-1.827549591E0,1.300794983E0,1.166554138E1
1.559155963E2,-2.219734039E0,1.093925171E0,1.125299927E1
1.559357613E2,-2.468217316E0,8.616082764E-1,1.098146393E1
1.559559263E2,-2.575693817E0,4.703219604E-1,1.057416092E1
1.559760903E2,-2.579585724E0,2.374063110E-1,9.982441406E0
1.559962553E2,-2.894830170E0,-1.218466187E-1,9.358538818E0
1.560164203E2,-2.980601807E0,-4.070036316E-1,8.837771759E0
1.560365853E2,-2.711012421E0,-7.445516968E-1,8.563392334E0
1.560567503E2,-2.143692169E0,-1.115330658E0,8.699908447E0
1.560769153E2,-1.519939270E0,-1.339564362E0,8.753646698E0
1.560970803E2,-1.170266418E0,-1.446891174E0,8.685238953E0
1.561172443E2,-1.157991943E0,-1.481918335E0,8.610244904E0
1.561374093E2,-1.366957397E0,-1.636846161E0,8.221802673E0
1.561575743E2,-1.274898834E0,-1.459315338E0,7.780819702E0
1.561777393E2,-1.252744904E0,-1.475182343E0,7.894882507E0
1.561979043E2,-1.193767548E0,-1.636247406E0,8.201894073E0
1.562180693E2,-8.171507263E-1,-1.640289001E0,8.645571442E0
1.562382343E2,-2.841091919E-1,-1.522334290E0,8.820407867E0
1.562583983E2,-1.323248291E-1,-1.220711517E0,8.713530121E0
1.562785633E2,-4.896318054E-1,-1.021176453E0,8.512647858E0
1.562987283E2,-4.179309082E-1,-7.382647705E-1,8.356372833E0
1.563188933E2,-3.297642517E-1,-6.563850403E-1,9.014404449E0
1.563390583E2,-2.448907471E-1,-7.592211914E-1,9.851763153E0
1.563592233E2,2.398013306E-1,-4.794529724E-1,9.809850311E0
1.563793883E2,7.182064819E-1,-1.490899658E-1,9.389823761E0
1.563995523E2,9.773176575E-1,1.675016785E-1,9.041647797E0
1.564197173E2,9.369017029E-1,5.760021973E-1,8.337961121E0
1.564398823E2,1.246757355E0,9.237290955E-1,8.117469635E0
1.564600473E2,1.611997833E0,1.005758514E0,8.699908447E0
1.564802123E2,1.916464691E0,1.101858673E0,9.025182037E0
1.565003773E2,2.255659332E0,1.087638245E0,9.116043091E0
1.565205423E2,2.584076385E0,8.021818542E-1,9.712852020E0
1.565407063E2,3.033741302E0,5.542973328E-1,1.045605652E1
1.565608713E2,3.259322205E0,5.459147644E-1,1.066367477E1
1.565810363E2,3.516188049E0,6.363267517E-1,1.069361252E1
1.566012013E2,3.511098633E0,6.233038330E-1,1.097323105E1
1.566213663E2,2.996019745E0,3.296145630E-1,1.177271851E1
1.566415313E2,2.904260559E0,2.112107849E-1,1.183783310E1
1.566616963E2,2.719245300E0,2.670446777E-1,1.162542480E1
1.566818603E2,2.352807312E0,3.784130859E-1,1.140044266E1
1.567020253E2,2.068249054E0,3.701802063E-1,1.107980942E1
1.567221903E2,1.905836792E0,2.797682190E-1,1.094658646E1
1.567423553E2,1.717977448E0,-2.095642090E-3,1.123847946E1
1.567625203E2,1.722767487E0,-1.782792664E-1,1.119896164E1
1.567826853E2,1.608854370E0,-2.406994629E-1,1.063433578E1
1.568028503E2,1.264270935E0,-1.800755310E-1,1.005489075E1
1.568230143E2,7.686515808E-1,-1.793270874E-1,9.664352875E0
1.568431793E2,4.649331665E-1,-9.999206543E-2,9.291627960E0
1.568633447E2,2.342628479E-1,-1.375639343E-1,8.969348145E0
1.568835097E2,5.673202515E-2,-2.903961182E-1,9.245972900E0
1.569036747E2,1.420545959E-1,-4.185296631E-1,9.308093719E0
1.569238397E2,3.487747192E-1,-2.891986084E-1,8.534801788E0
1.569440047E2,3.243754578E-1,-5.128335571E-1,9.178014221E0
1.569641687E2,2.981799316E-1,-4.935237122E-1,8.719367981E0
1.569843337E2,1.483415222E-1,-4.348457336E-1,8.971593475E0
1.570044987E2,3.106040955E-1,-3.613485718E-1,9.007369080E0
1.570246637E2,6.752458191E-1,-2.424957275E-1,9.047785034E0
1.570448287E2,8.716374207E-1,-2.387535095E-1,9.382189636E0
1.570649937E2,8.168513489E-1,-3.805087280E-1,9.915380859E0
1.570851587E2,7.725434875E-1,-4.640350342E-1,1.015548157E1
1.571053227E2,7.029382324E-1,-3.147953796E-1,9.885143738E0
1.571254877E2,6.313870239E-1,-1.984872437E-1,9.938133545E0
1.571456527E2,4.162843323E-1,-2.131567383E-1,1.007599686E1
1.571658177E2,-2.829116821E-2,-3.906875610E-1,1.040755737E1
1.571859827E2,-2.243833923E-1,-6.667135620E-1,1.099628311E1
1.572061477E2,-1.781295776E-2,-5.700146484E-1,1.066816544E1
1.572263127E2,1.005908203E-1,-1.672023010E-1,9.891131287E0
1.572464767E2,-2.854563904E-1,-8.562194824E-2,9.698930969E0
1.572666417E2,-2.869532776E-1,-1.604663086E-1,9.836345215E0
1.572868067E2,-1.077758789E-1,-3.014730835E-1,9.981393585E0
1.573069717E2,2.694396973E-3,-3.559597778E-1,9.982142029E0
1.573271367E2,-1.233435059E-1,-4.481680298E-1,9.987231445E0
1.573473017E2,-1.640588379E-1,-4.567002869E-1,9.844727783E0
1.573674667E2,2.020797729E-2,-3.811074829E-1,9.856403503E0
1.573876307E2,1.902543640E-1,-2.814147949E-1,1.004082001E1
1.574077957E2,3.613485718E-1,-1.255888367E-1,1.000908600E1
1.574279607E2,3.917353821E-1,1.279838562E-1,9.583221588E0
1.574481257E2,3.507206726E-1,2.965333557E-1,9.334289246E0
1.574682907E2,5.379812622E-1,4.120930481E-1,9.177265778E0
1.574884557E2,4.688250732E-1,4.513114929E-1,9.229507141E0
1.575086207E2,2.523751831E-1,3.034190369E-1,9.527238007E0
1.575287847E2,2.297721863E-1,-4.430786133E-2,1.045246399E1
1.575489497E2,2.854563904E-1,-3.261717224E-1,1.096215408E1
1.575691147E2,-7.783813477E-3,-4.131408691E-1,1.079764618E1
1.575892797E2,-6.167175293E-2,-4.343966675E-1,1.032268387E1
1.576094447E2,1.212478638E-1,-5.285508728E-1,1.042611877E1
1.576296097E2,3.864962769E-1,-6.631210327E-1,1.057730438E1
1.576497747E2,4.393363953E-1,-6.759942627E-1,1.012030472E1
1.576699387E2,4.314028931E-1,-4.227209473E-1,9.333391113E0
1.576901037E2,5.062472534E-1,-1.550775146E-1,9.111253052E0
1.577102687E2,3.522175598E-1,5.373825073E-2,9.577683105E0
1.577304337E2,-6.990463257E-2,3.008743286E-2,9.865384827E0
1.577505987E2,-6.750961304E-2,4.071533203E-1,9.627230072E0
1.577707637E2,-3.453318787E-1,5.417234802E-1,9.655820618E0
1.577909287E2,-9.517208862E-1,4.888833618E-1,9.884994049E0
1.578110927E2,-1.182690582E0,3.504212952E-1,1.003662872E1
1.578312577E2,-7.731422424E-1,2.427951050E-1,1.020218445E1
1.578514227E2,-3.957769775E-1,1.260379028E-1,1.062924637E1
1.578715878E2,-3.597019958E-1,1.377136230E-2,1.084135529E1
1.578917528E2,-8.138575745E-1,-4.056564331E-2,1.047237259E1
1.579119178E2,-8.951385498E-1,5.837860107E-2,9.763895874E0
1.579320828E2,-8.755293274E-1,3.308120728E-2,9.510472870E0
1.579522468E2,-9.048683167E-1,-1.678010559E-1,9.839788055E0
1.579724118E2,-7.475454712E-1,-2.143542480E-1,9.806108093E0
1.579925768E2,-7.207511902E-1,-8.846603394E-2,9.166787567E0
1.580127418E2,-7.861651611E-1,5.553451538E-2,8.610693970E0
1.580329068E2,-7.685018921E-1,2.731819153E-1,8.211923218E0
1.580530718E2,-5.281018066E-1,3.490740967E-1,8.570278015E0
1.580732368E2,-1.950444031E-1,3.243754578E-1,9.157357178E0
1.580934008E2,-2.664459229E-2,3.478765869E-1,9.353898468E0
1.581135658E2,8.981323242E-4,6.616241455E-1,9.062903595E0
1.581337308E2,-1.556762695E-2,7.750881958E-1,9.140741730E0
1.581538958E2,1.079255676E-1,8.114625549E-1,9.320667572E0
1.581740608E2,1.980381775E-1,8.738827515E-1,9.370663605E0
1.581942258E2,2.463876343E-1,1.028062134E0,9.330996094E0
1.582143908E2,1.013392639E-1,1.126108246E0,9.563612366E0
1.582345548E2,-7.888595581E-2,1.152154083E0,9.727820892E0
1.582547198E2,-1.122665405E-1,1.165775757E0,9.566306763E0
1.582748848E2,-4.296066284E-2,1.046324158E0,1.006626709E1
1.582950498E2,2.821632385E-1,1.035097504E0,1.033795212E1
1.583152148E2,2.927911377E-1,1.184935913E0,1.027478348E1
1.583353798E2,9.699829102E-2,1.310973816E0,1.006896149E1
1.583555448E2,4.939727783E-2,1.407523041E0,9.626930695E0
1.583757088E2,1.571731567E-2,1.474284210E0,9.422006836E0
1.583958738E2,1.845661926E-1,1.466500397E0,9.489666138E0
1.584160388E2,4.587959290E-1,1.404678955E0,9.721234589E0
1.584362038E2,5.998027039E-1,1.345851288E0,1.011192215E1
1.584563688E2,7.207511902E-1,1.317859497E0,1.022209305E1
1.584765338E2,6.098318481E-1,1.300944672E0,1.014410522E1
1.584966988E2,6.391708374E-1,1.372495880E0,1.017898270E1
1.585168628E2,6.758445740E-1,1.344653778E0,1.060125458E1
1.585370278E2,8.632548523E-1,1.218017120E0,1.107711502E1
1.585571928E2,9.701325989E-1,1.217418365E0,1.080947159E1
1.585773578E2,9.357041931E-1,1.312770081E0,1.040052200E1
1.585975228E2,7.325765991E-1,1.315165100E0,1.006357269E1
1.586176878E2,8.764274597E-1,1.410067749E0,9.787397003E0
1.586378528E2,7.337741089E-1,1.375639343E0,9.865085449E0
1.586580168E2,6.412664795E-1,1.607357483E0,9.643546143E0
1.586781818E2,6.236032104E-1,1.825453949E0,9.066496124E0
1.586983468E2,6.985972595E-1,1.976489868E0,9.088051300E0
1.587185118E2,5.099894714E-1,1.981728973E0,9.225615234E0
1.587386768E2,5.084925842E-1,1.942959595E0,9.440418549E0
1.587588418E2,5.815406799E-1,1.953288116E0,9.232051849E0
1.587790068E2,2.977308655E-1,2.052382050E0,8.949289856E0
1.587991708E2,-1.496887207E-3,2.098935242E0,9.150621185E0
1.588193358E2,-1.204994202E-1,2.003134460E0,9.977202301E0
1.588395008E2,3.453318787E-1,1.992207184E0,1.074765015E1
1.588596660E2,5.809419250E-1,1.875300293E0,1.126272903E1
1.588798310E2,6.728507996E-1,2.027683411E0,1.135733231E1
1.588999960E2,5.779481506E-1,2.193089447E0,1.069166656E1
1.589201610E2,3.965254211E-1,2.449206848E0,9.592053223E0
1.589403250E2,3.457809448E-1,2.703228607E0,9.033714294E0
1.589604900E2,2.389031982E-1,2.605631561E0,8.948990479E0
1.589806550E2,2.927911377E-1,2.397713928E0,9.106762390E0
1.590008200E2,-1.787283325E-1,1.885179749E0,8.609047394E0
1.590209850E2,-7.273374939E-1,1.325643311E0,7.686066742E0
1.590411500E2,-1.057550812E0,9.508227539E-1,6.857689362E0
1.590613150E2,-1.340462494E0,7.213499451E-1,6.252797241E0
1.590814790E2,-1.457219696E0,5.420228577E-1,6.718927917E0
1.591016440E2,-1.753004608E0,3.086581421E-1,7.676786041E0
1.591218090E2,-1.685494995E0,2.674937439E-1,8.618926849E0
1.591419740E2,-9.559121704E-1,6.107299805E-1,8.700357513E0
1.591621390E2,-7.849676514E-1,1.179996185E0,8.783285065E0
1.591823040E2,-7.023394775E-1,1.591939545E0,9.099577332E0
1.592024690E2,-4.074526978E-1,1.896107025E0,9.630672913E0
1.592226340E2,1.142124939E-1,2.294428711E0,9.783205719E0
1.592427980E2,4.605921936E-1,2.488874359E0,1.069675598E1
1.592629630E2,9.318122864E-1,2.735261993E0,1.113594269E1
1.592831280E2,1.364712067E0,3.027903442E0,1.123398880E1
1.593032930E2,1.388213196E0,3.054098969E0,1.171778275E1
1.593234580E2,1.353934479E0,2.784659271E0,1.222058716E1
1.593436230E2,1.263372803E0,2.409239960E0,1.252894592E1
1.593637880E2,1.145418091E0,2.021246796E0,1.260319153E1
1.593839520E2,9.156459045E-1,1.814526672E0,1.201207077E1
1.594041170E2,6.849755859E-1,1.739981689E0,1.123578506E1
1.594242820E2,7.464976501E-1,1.706750793E0,1.030157776E1
1.594444470E2,5.746549988E-1,1.625619507E0,9.779762878E0
1.594646120E2,3.266207886E-1,1.466500397E0,9.547146606E0
1.594847770E2,1.423539734E-1,1.431173859E0,9.385482788E0
1.595049410E2,1.571731567E-1,1.540895691E0,9.403146057E0
1.595251060E2,4.872367859E-1,1.581012268E0,9.786798248E0
1.595452710E2,7.923023987E-1,1.849404144E0,1.027717850E1
1.595654360E2,4.896318054E-1,2.371967468E0,1.041249710E1
1.595856010E2,8.996292114E-2,2.996917877E0,9.736502838E0
1.596057660E2,1.197509766E-2,3.739523621E0,9.241332550E0
1.596259310E2,1.465452576E-1,4.311035156E0,9.114546204E0
1.596460960E2,6.170169067E-1,4.338577881E0,9.752519531E0
1.596662600E2,1.091530151E0,4.021686859E0,1.129161896E1
1.596864250E2,1.069525909E0,3.527564392E0,1.153366562E1
1.597065900E2,6.544390869E-1,3.000211029E0,1.054093002E1
1.597267550E2,-1.037342834E-1,2.543061676E0,8.904532928E0
1.597469200E2,-5.493576050E-1,1.919308777E0,8.143216095E0
1.597670850E2,-1.987866211E-1,1.105301514E0,8.925639038E0
1.597872500E2,3.342549133E-1,5.388793945E-1,9.139843597E0
1.598074140E2,8.666976929E-2,5.577401733E-1,8.097411346E0
1.598275790E2,-4.569996643E-1,8.173004150E-1,6.678511963E0
1.598477440E2,-4.822970581E-1,8.270301819E-1,6.075116730E0
1.598679086E2,-1.576222229E-1,7.491920471E-1,6.341712341E0
1.598880736E2,-1.574725342E-1,7.363188171E-1,6.444398804E0
1.599082386E2,-1.329235840E-1,9.509724426E-1,6.474186859E0
1.599284036E2,-1.785786438E-1,1.190923462E0,6.721173248E0
1.599485676E2,-1.757345581E-1,1.262025604E0,7.152875519E0
1.599687326E2,-7.798782349E-2,1.322200470E0,7.637717285E0
1.599888976E2,-1.196012878E-1,1.467398529E0,8.078400879E0
1.600090626E2,-3.189866638E-1,1.406175842E0,8.615783386E0
1.600292276E2,-2.896476746E-1,1.377585297E0,9.270521851E0
1.600493926E2,-2.686912537E-1,1.300495605E0,1.013362701E1
1.600695576E2,-4.572990417E-1,1.312470703E0,1.072729248E1
1.600897216E2,-7.271878052E-1,1.404080200E0,1.062774948E1
1.601098866E2,-6.571334839E-1,1.639690247E0,1.047386948E1
1.601300516E2,-3.047662354E-1,1.581910400E0,1.089464447E1
1.601502166E2,4.231700134E-1,1.592238922E0,1.091410400E1
1.601703816E2,5.481600952E-1,1.824256439E0,1.070409073E1
1.601905466E2,4.366419983E-1,2.089804230E0,1.048494644E1
1.602107116E2,4.679269409E-1,2.063459015E0,1.132514923E1
1.602308756E2,1.010698242E0,2.120939484E0,1.163590302E1
1.602510406E2,1.297352142E0,2.381846924E0,1.080108902E1
1.602712056E2,1.521286469E0,2.655178528E0,1.050919601E1
1.602913706E2,1.686393127E0,2.653831329E0,1.138966507E1
1.603115356E2,1.846560059E0,2.655627594E0,1.168604874E1
1.603317006E2,1.765129395E0,2.827769623E0,1.101409607E1
1.603518656E2,1.948049011E0,2.793640594E0,1.107142685E1
1.603720296E2,2.151925049E0,2.603685608E0,1.177092224E1
1.603921946E2,2.107317810E0,2.443368988E0,1.197225357E1
1.604123596E2,1.667981415E0,2.080822906E0,1.210487778E1
1.604325246E2,1.229393463E0,1.917362823E0,1.091485245E1
1.604526896E2,1.703757019E0,2.562221832E0,9.620943146E0
1.604728546E2,2.424059143E0,2.846630402E0,1.015637970E1
1.604930196E2,2.437231750E0,2.266586609E0,1.144055923E1
1.605131836E2,2.115550690E0,1.413360901E0,1.222911942E1
1.605333486E2,2.108964386E0,5.785469055E-1,1.187286026E1
1.605535136E2,2.183060303E0,4.146377563E-1,1.056143738E1
1.605736786E2,1.977537689E0,3.665876770E-1,9.528285828E0
1.605938436E2,1.759590912E0,2.880010986E-1,8.316256256E0
1.606140086E2,1.650168457E0,3.532653809E-1,7.089706879E0
1.606341736E2,1.460063782E0,2.106120300E-1,6.095923462E0
1.606543376E2,1.233884125E0,9.190887451E-2,5.528752899E0
1.606745026E2,9.957293701E-1,-6.616241455E-2,5.121749268E0
1.606946676E2,7.795788574E-1,-3.234773254E-1,5.308111725E0
1.607148326E2,7.934999084E-1,-4.525090027E-1,6.273454285E0
1.607349976E2,7.973918152E-1,-6.842271423E-1,7.208859100E0
1.607551626E2,1.198557587E0,-4.159849548E-1,7.313940582E0
1.607753276E2,1.395847321E0,-8.547225952E-2,7.647297363E0
1.607954916E2,1.400487671E0,1.468446350E-1,8.226892090E0
1.608156566E2,1.450334015E0,4.935237122E-1,8.449030151E0
1.608358216E2,1.573378143E0,8.393046570E-1,8.726403351E0
1.608559867E2,1.712588654E0,1.085841980E0,9.292975159E0
1.608761517E2,2.000440063E0,1.193917236E0,1.026400589E1
1.608963167E2,2.455194397E0,1.238674164E0,1.110061615E1
1.609164817E2,2.560724945E0,1.393152924E0,1.168515060E1
1.609366457E2,2.112107849E0,1.442101135E0,1.199410812E1
1.609568107E2,1.793270874E0,1.237177277E0,1.239302856E1
1.609769757E2,1.683549042E0,1.223256226E0,1.195788345E1
1.609971407E2,1.411115570E0,9.217831421E-1,1.218750595E1
1.610173057E2,1.657203827E0,7.949967957E-1,1.216295700E1
1.610374707E2,1.777104492E0,7.414082336E-1,1.124536514E1
1.610576357E2,1.381776581E0,7.936495972E-1,1.060155396E1
1.610777997E2,1.208886108E0,6.966513062E-1,1.036833893E1
1.610979647E2,1.625020752E0,6.629713440E-1,1.037088364E1
1.611181297E2,1.916315002E0,6.001020813E-1,1.058269318E1
1.611382947E2,1.644180908E0,4.430786133E-1,1.080363373E1
1.611584597E2,1.379082184E0,2.520758057E-1,1.086874832E1
1.611786247E2,1.126707001E0,9.131011963E-2,1.061487625E1
1.611987897E2,1.145567780E0,9.505233765E-2,1.036175262E1
1.612189547E2,1.164428558E0,1.360670471E-1,1.002630020E1
1.612391187E2,1.156045990E0,2.540217590E-1,9.405690765E0
1.612592837E2,1.161285095E0,2.897973633E-1,9.115594025E0
1.612794487E2,1.198258209E0,1.856140137E-1,9.359586639E0
1.612996137E2,1.253044281E0,1.293310547E-1,9.637408905E0
1.613197787E2,1.392254791E0,1.724414062E-1,9.640851746E0
1.613399437E2,1.231040039E0,1.059796143E-1,9.671238556E0
1.613601087E2,1.034349060E0,1.116677856E-1,9.855505371E0
1.613802727E2,5.629792786E-1,1.526824951E-1,9.713151398E0
1.614004377E2,1.537303162E-1,2.297721863E-1,9.426796875E0
1.614206027E2,-1.781295776E-2,2.369572449E-1,9.223070526E0
1.614407677E2,-9.430389404E-3,2.903961182E-1,8.997040558E0
1.614609327E2,2.251318359E-1,4.236190796E-1,9.191336517E0
1.614810977E2,1.329235840E-1,4.254153442E-1,9.491462402E0
1.615012627E2,1.691482544E-1,3.683839417E-1,9.633217621E0
1.615214267E2,1.193019104E-1,3.811074829E-1,9.306896210E0
1.615415917E2,1.396595764E-1,4.453239441E-1,9.118288422E0
1.615617567E2,3.035687256E-1,5.502557373E-1,9.145980835E0
1.615819217E2,3.638932800E-1,7.008425903E-1,8.936266937E0
1.616020867E2,4.011657715E-1,7.063810730E-1,9.013805695E0
1.616222517E2,7.026388550E-1,6.682104492E-1,9.354796600E0
1.616424167E2,9.072633362E-1,6.107299805E-1,9.898316345E0
1.616625807E2,7.761360168E-1,6.530918884E-1,9.944719849E0
1.616827457E2,1.800755310E-1,6.770420837E-1,1.015353561E1
1.617029107E2,-2.999761963E-1,5.578898621E-1,1.035127441E1
1.617230757E2,-2.107617188E-1,4.869374084E-1,1.063568298E1
1.617432407E2,-4.475692749E-1,4.959187317E-1,1.068642746E1
1.617634057E2,-6.271957397E-1,5.472619629E-1,1.033765274E1
1.617835707E2,-4.572990417E-1,6.384223938E-1,9.988878021E0
1.618037347E2,-1.654060364E-1,7.327262878E-1,9.843679962E0
1.618238997E2,1.414558411E-1,7.794291687E-1,9.733658752E0
1.618440647E2,2.731819153E-1,7.309300232E-1,1.007929001E1
1.618642295E2,1.374142456E-1,6.084846497E-1,1.032238449E1
1.618843945E2,-2.176473999E-1,6.497987366E-1,1.020502853E1
1.619045595E2,-5.803431702E-1,4.492158508E-1,1.030861313E1
1.619247245E2,-9.340576172E-1,2.338137817E-1,1.070783295E1
1.619448885E2,-1.162931671E0,-2.993774414E-3,1.073702225E1
1.619650535E2,-1.220262451E0,-5.643264771E-2,1.021041733E1
1.619852185E2,-1.058299255E0,-1.152603149E-2,9.959239655E0
1.620053835E2,-1.202748871E0,-4.834945679E-2,9.907147980E0
1.620255485E2,-1.108145599E0,-7.214996338E-2,9.674531708E0
1.620457135E2,-6.435118103E-1,8.981323242E-4,9.382489014E0
1.620658785E2,-5.834866333E-1,1.094224548E-1,9.029672699E0
1.620860425E2,-6.057902527E-1,3.668870544E-1,8.510402527E0
1.621062075E2,-5.225633240E-1,6.445596313E-1,8.482261047E0
1.621263725E2,-5.266049194E-1,7.306306458E-1,8.666827240E0
1.621465375E2,-4.105961609E-1,6.848258972E-1,9.141340485E0
1.621667025E2,-2.294728088E-1,6.923103333E-1,9.467512207E0
1.621868675E2,-1.863624573E-1,8.518785095E-1,9.304950256E0
1.622070325E2,-4.011657715E-1,7.905061340E-1,9.382339325E0
1.622271965E2,-3.849993896E-1,7.189549255E-1,9.483528900E0
1.622473615E2,-1.749861145E-1,6.912625122E-1,9.712702332E0
1.622675265E2,2.128573608E-1,6.767427063E-1,1.013527359E1
1.622876915E2,3.742218018E-1,7.707472229E-1,1.010758118E1
1.623078565E2,4.492158508E-1,1.009949799E0,9.706864471E0
1.623280215E2,2.981799316E-1,9.874964905E-1,9.754914551E0
1.623481865E2,2.926414490E-1,8.743318176E-1,1.018422180E1
1.623683505E2,3.353027344E-1,7.860154724E-1,1.042417282E1
1.623885155E2,5.789959717E-1,7.943980408E-1,1.055200699E1
1.624086805E2,5.748046875E-1,8.672964478E-1,1.020682480E1
1.624288455E2,5.897735596E-2,8.720864868E-1,9.873767395E0
1.624490105E2,1.655557251E-1,7.899073792E-1,1.000459534E1
1.624691755E2,7.265890503E-1,7.562274170E-1,1.036324951E1
1.624893405E2,1.326840820E0,8.898994446E-1,1.032208511E1
1.625095055E2,9.517208862E-1,1.147663422E0,1.004980133E1
1.625296695E2,3.412902832E-1,1.296004944E0,9.692045288E0
1.625498345E2,1.505868530E-1,1.303339691E0,9.658964081E0
1.625699995E2,1.258882141E-1,1.040635986E0,1.023346939E1
1.625901645E2,2.912942505E-1,8.608598328E-1,1.075453583E1
1.626103295E2,1.886077881E-1,8.946894836E-1,1.099598373E1
1.626304945E2,-2.659968567E-1,8.816665649E-1,1.094898148E1
1.626506595E2,-8.662486267E-1,8.146060181E-1,1.079495178E1
1.626708235E2,-1.137334900E0,7.911048889E-1,1.057670563E1
1.626909885E2,-1.265318756E0,8.315208435E-1,1.051398605E1
1.627111535E2,-1.189875641E0,8.086184692E-1,1.019350250E1
1.627313185E2,-1.039588165E0,8.538244629E-1,1.003333557E1
1.627514835E2,-1.392105103E0,9.142987061E-1,1.000609222E1
1.627716485E2,-1.588197327E0,1.032253418E0,9.827513580E0
1.627918135E2,-1.594334564E0,1.274150391E0,9.577683105E0
1.628119775E2,-1.343905334E0,1.486109619E0,9.063801727E0
1.628321425E2,-1.117126923E0,1.672472076E0,8.421038361E0
1.628523075E2,-1.087488556E0,1.845212860E0,8.135432281E0
1.628724725E2,-1.114881592E0,1.915566559E0,8.215515747E0
1.628926375E2,-1.173409882E0,1.917662201E0,8.513545990E0
1.629128025E2,-9.449848938E-1,1.979932709E0,8.732091522E0
1.629329675E2,-6.680607605E-1,2.077230377E0,8.741821289E0
1.629531315E2,-6.761439514E-1,2.225571899E0,8.524622955E0
1.629732965E2,-8.316705322E-1,2.267185364E0,8.537346497E0
1.629934615E2,-8.408015442E-1,2.280657349E0,8.689579926E0
1.630136265E2,-6.035449219E-1,2.356100464E0,8.817114716E0
1.630337915E2,-4.773573303E-1,2.364333344E0,8.996890869E0
1.630539565E2,-5.171745300E-1,2.411335602E0,8.931626587E0
1.630741215E2,-5.278024292E-1,2.510728912E0,8.798553314E0
1.630942855E2,-4.739144897E-1,2.506837006E0,9.065148926E0
1.631144505E2,-3.397933960E-1,2.646346893E0,9.308393097E0
1.631346155E2,-1.675016785E-1,2.772235107E0,9.308542786E0
1.631547805E2,-1.610650635E-1,2.868185577E0,9.289083252E0
1.631749455E2,-1.820214844E-1,2.926713867E0,9.194929047E0
1.631951105E2,-9.580078125E-2,2.933599548E0,9.069938965E0
1.632152755E2,1.284329224E-1,2.914888458E0,9.493258667E0
1.632354405E2,1.386117554E-1,2.753224640E0,9.978399811E0
1.632556045E2,9.160949707E-2,2.679577789E0,9.968220978E0
1.632757695E2,1.707948303E-1,2.651735687E0,9.773775330E0
1.632959345E2,-7.589218140E-2,2.465672607E0,9.890233154E0
1.633160995E2,-4.948709106E-1,2.321372681E0,1.004995102E1
1.633362645E2,-4.436773682E-1,2.177521820E0,1.021670425E1
1.633564295E2,-2.863545227E-1,2.158960419E0,1.008183472E1
1.633765945E2,-3.478765869E-1,2.371518402E0,9.014404449E0
1.633967585E2,-5.421725464E-1,2.382894745E0,7.819738770E0
1.634169235E2,-3.580554199E-1,2.228415985E0,7.397017822E0
1.634370885E2,-1.167572021E-1,1.721569977E0,7.685467987E0
1.634572535E2,1.314266968E-1,1.085841980E0,8.580157471E0
1.634774185E2,6.858737183E-1,7.229965210E-1,9.068442078E0
1.634975835E2,1.135089569E0,1.003812561E0,8.118068390E0
1.635177485E2,9.455836487E-1,1.594933319E0,6.702911224E0
1.635379125E2,1.077758789E0,2.036664734E0,6.823710022E0
1.635580775E2,1.453776855E0,2.198029175E0,8.050558777E0
1.635782425E2,1.405726776E0,2.467319183E0,8.726103973E0
1.635984075E2,1.260828094E0,2.585124207E0,9.136849823E0
1.636185725E2,1.028511200E0,2.733465729E0,9.629475403E0
1.636387375E2,1.206042023E0,2.722089386E0,1.043180695E1
1.636589025E2,1.729204102E0,2.721939697E0,1.106558899E1
1.636790675E2,2.343676300E0,2.885848846E0,1.179861465E1
1.636992315E2,2.551893311E0,3.079995117E0,1.317410431E1
1.637193965E2,2.353256378E0,3.081791382E0,1.421129745E1
1.637395615E2,2.111209717E0,3.206781464E0,1.415127228E1
1.637597265E2,1.761836243E0,3.410208435E0,1.306138870E1
1.637798915E2,1.666484528E0,3.462449799E0,1.291334656E1
1.638000565E2,1.752705231E0,3.273243256E0,1.314162186E1
1.638202215E2,1.827399902E0,3.138523407E0,1.262474670E1
1.638403855E2,1.515298920E0,3.052003326E0,1.161449753E1
1.638605506E2,9.897418213E-1,2.918480988E0,1.112456635E1
1.638807156E2,4.264631653E-1,2.219734039E0,1.106079895E1
1.639008806E2,6.626719666E-1,1.701511688E0,1.073567505E1
1.639210456E2,9.065148926E-1,1.345701599E0,1.010832962E1
1.639412106E2,6.360273743E-1,1.031954041E0,9.344168701E0
1.639613756E2,4.764591980E-1,9.283694458E-1,8.534352722E0
1.639815406E2,5.081932068E-1,9.422904968E-1,7.871381378E0
1.640017046E2,6.526428223E-1,8.409512329E-1,7.571854248E0
1.640218696E2,5.548960876E-1,7.250921631E-1,7.389982452E0
1.640420346E2,3.972738647E-1,6.643185425E-1,7.419171753E0
1.640621996E2,3.439846802E-1,7.084767151E-1,7.176226959E0
1.640823646E2,1.537303162E-1,8.297245789E-1,6.499783630E0
1.641025296E2,4.251159668E-2,1.074765015E0,5.973029022E0
1.641226946E2,-4.745132446E-2,1.444196777E0,5.709427185E0
1.641428596E2,-2.930905151E-1,1.507814484E0,6.025719452E0
1.641630236E2,-6.286926270E-1,1.524579620E0,6.652915192E0
1.641831886E2,-8.181985474E-1,1.617087250E0,7.175628204E0
1.642033536E2,-6.474037170E-1,1.769769745E0,7.685467987E0
1.642235186E2,-7.596702576E-1,1.769620056E0,7.820487213E0
1.642436836E2,-8.111631775E-1,1.382824402E0,8.192313995E0
1.642638486E2,-6.057902527E-1,7.256909180E-1,1.044303360E1
1.642840136E2,-5.608836365E-1,3.351530457E-1,1.191746750E1
1.643041786E2,-1.163380737E0,7.132667542E-1,1.112351852E1
1.643243426E2,-2.045047302E0,1.287472687E0,9.607920227E0
1.643445076E2,-2.218386841E0,1.314566345E0,8.868607635E0
1.643646726E2,-1.579216003E0,1.122216339E0,9.474248199E0
1.643848376E2,-1.440454559E0,8.713380432E-1,1.015323624E1
1.644050026E2,-1.664987640E0,5.501060486E-1,1.073118439E1
1.644251676E2,-1.281634827E0,4.860392761E-1,1.105915237E1
1.644453326E2,-6.083349609E-1,6.023474121E-1,1.075812836E1
1.644654976E2,-4.610412598E-2,1.157692566E0,1.007315277E1
1.644856626E2,-4.968168640E-1,1.599423981E0,9.446106720E0
1.645058266E2,-8.922944641E-1,1.771865387E0,9.698481903E0
1.645259916E2,-6.083349609E-1,1.935026093E0,1.061248123E1
1.645461566E2,-1.137634277E-1,2.221979370E0,1.141107056E1
1.645663216E2,6.092330933E-2,2.501298523E0,1.168036057E1
1.645864866E2,-3.122506714E-1,2.634222107E0,1.193617859E1
1.646066516E2,-7.084767151E-1,2.537972260E0,1.230860413E1
1.646268166E2,-6.391708374E-1,2.306852875E0,1.308698547E1
1.646469816E2,-5.918692017E-1,2.115251312E0,1.373169479E1
1.646671466E2,-1.041234741E0,1.935774536E0,1.347003891E1
1.646873116E2,-1.465003510E0,1.826651459E0,1.304507263E1
1.647074756E2,-1.681752777E0,1.510808258E0,1.276111313E1
1.647276406E2,-1.669927368E0,9.795629883E-1,1.282098862E1
1.647478056E2,-1.772314453E0,5.507048035E-1,1.241218872E1
1.647679706E2,-1.694925385E0,3.373983765E-1,1.114252899E1
1.647881356E2,-1.262324982E0,4.433779907E-1,9.935888214E0
1.648083006E2,-9.096583557E-1,7.084767151E-1,9.102421417E0
1.648284656E2,-7.282356262E-1,9.494755554E-1,8.680748291E0
1.648486306E2,-7.012916565E-1,9.434880066E-1,8.508606262E0
1.648687956E2,-5.575904846E-1,9.315129089E-1,8.148006134E0
1.648889606E2,-2.662962341E-1,9.063652039E-1,7.637866974E0
1.649091246E2,-1.029858398E-1,9.629475403E-1,6.882986755E0
1.649292896E2,-1.143621826E-1,8.276289368E-1,6.722520447E0
1.649494546E2,1.583706665E-1,6.020480347E-1,7.431146851E0
1.649696196E2,4.872367859E-1,5.771997070E-1,7.467221832E0
1.649897846E2,7.685018921E-1,7.500901794E-1,7.049739990E0
1.650099496E2,1.053658905E0,8.119116211E-1,6.922953644E0
1.650301146E2,1.276844788E0,8.771759033E-1,6.997049561E0
1.650502796E2,1.207089844E0,1.152752838E0,7.267686768E0
1.650704446E2,1.086889801E0,1.211131439E0,8.254734192E0
1.650906096E2,1.043031006E0,1.226399689E0,8.851393433E0
1.651107736E2,9.854008484E-1,1.601669312E0,8.581504669E0
1.651309386E2,8.854087830E-1,1.931433563E0,8.361761627E0
1.651511036E2,8.949888611E-1,1.910327454E0,9.009464722E0
1.651712686E2,1.242865448E0,1.728605347E0,1.056083862E1
1.651914336E2,1.575473785E0,1.563049622E0,1.176688065E1
1.652115986E2,1.476529541E0,1.707050171E0,1.172691376E1
1.652317636E2,1.168170776E0,1.975591736E0,1.076890594E1
1.652519286E2,1.175505524E0,2.142344971E0,1.045785278E1
1.652720936E2,1.474882965E0,2.163301392E0,1.066262695E1
1.652922586E2,1.771715698E0,2.124232635E0,1.074106384E1
1.653124236E2,1.674418030E0,2.178869019E0,1.068672684E1
1.653325876E2,1.640139313E0,2.244881744E0,1.057580750E1
1.653527526E2,1.661245422E0,2.345023499E0,1.032672546E1
1.653729176E2,1.455124054E0,2.633773041E0,1.022688309E1
1.653930826E2,1.304836578E0,2.810106354E0,1.037178177E1
1.654132476E2,1.498084717E0,2.871478729E0,1.094284424E1
1.654334126E2,1.545086975E0,3.005300446E0,1.132499954E1
1.654535776E2,1.415157166E0,3.315455475E0,1.132949020E1
1.654737426E2,1.553768921E0,3.682641907E0,1.203871536E1
1.654939076E2,1.350491638E0,3.631298676E0,1.254855515E1
1.655140726E2,1.196461945E0,3.323987732E0,1.270213577E1
1.655342366E2,9.657916260E-1,2.842139740E0,1.237341934E1
1.655544016E2,6.903643799E-1,2.329904938E0,1.145418091E1
1.655745666E2,6.483018494E-1,1.984123993E0,1.020203476E1
1.655947316E2,7.246430969E-1,1.561702423E0,9.652377777E0
1.656148966E2,8.008346558E-1,9.822573853E-1,9.510173492E0
1.656350616E2,7.487429810E-1,6.397695923E-1,8.903185730E0
1.656552266E2,6.273454285E-1,6.839277649E-1,7.716453552E0
1.656753916E2,5.125341797E-1,8.351133728E-1,6.848857727E0
1.656955566E2,5.188211060E-1,8.205935669E-1,6.774612122E0
1.657157216E2,5.650749207E-1,8.857081604E-1,6.636748810E0
1.657358856E2,3.198847961E-1,1.071022797E0,6.207890625E0
1.657560506E2,-6.990463257E-2,1.276395721E0,5.754483490E0
1.657762156E2,-1.035845947E-1,1.467099152E0,5.880072327E0
1.657963806E2,-1.148112488E-1,1.706601105E0,6.336772614E0
1.658165456E2,-2.109114075E-1,1.675316162E0,7.359745331E0
1.658367106E2,-5.565426636E-1,1.716031494E0,8.394992523E0
1.658568756E2,-1.178948364E0,1.571731567E0,9.355395355E0
1.658770401E2,-1.521436157E0,1.422342224E0,9.799970856E0
1.658972051E2,-1.391955414E0,1.479074249E0,9.532926178E0
1.659173701E2,-1.000220032E0,1.659299469E0,9.120084686E0
1.659375341E2,-1.281335449E0,1.629212036E0,9.233399048E0
1.659576991E2,-1.715582428E0,1.537303162E0,9.222920837E0
1.659778641E2,-1.617386627E0,1.422192535E0,9.319020996E0
1.659980291E2,-1.419049072E0,1.220262451E0,9.674980774E0
1.660181941E2,-1.340612183E0,1.137783966E0,9.799970856E0
1.660383591E2,-1.217418365E0,9.376501465E-1,1.042447220E1
1.660585241E2,-1.181792450E0,7.162605286E-1,1.071397018E1
1.660786891E2,-1.089883575E0,9.316625977E-1,1.036115387E1
1.660988531E2,-1.321901093E0,9.737251282E-1,9.838141479E0
1.661190181E2,-1.124611359E0,1.045426025E0,9.890233154E0
1.661391831E2,-5.125341797E-1,1.055754547E0,1.051189041E1
1.661593481E2,-1.577719116E-1,1.160386963E0,1.070513855E1
1.661795131E2,-2.477348328E-1,1.400038605E0,9.981243896E0
1.661996781E2,-4.502636719E-1,1.413959656E0,9.855804749E0
1.662198431E2,-4.822970581E-1,1.449435883E0,1.006477020E1
1.662400081E2,-1.480421448E-1,1.418300629E0,9.868528290E0
1.662601731E2,7.394622803E-2,1.530567169E0,9.657616882E0
1.662803371E2,2.514770508E-2,1.512903900E0,9.861343231E0
1.663005021E2,2.722837830E-1,1.877845001E0,9.435478821E0
1.663206671E2,6.102809143E-1,2.257754974E0,9.197473755E0
1.663408321E2,7.466473389E-1,2.345173187E0,9.697733459E0
1.663609971E2,8.644523621E-1,2.251018982E0,1.081755478E1
1.663811621E2,1.101858673E0,2.188299408E0,1.182810333E1
1.664013271E2,8.565188599E-1,2.236798553E0,1.200817886E1
1.664214921E2,-2.814147949E-2,2.312391357E0,1.142109970E1
1.664416571E2,-4.215234375E-1,2.372266846E0,1.135508698E1
1.664618211E2,-1.240919495E-1,2.276166687E0,1.173709259E1
1.664819861E2,2.457888794E-1,2.023791504E0,1.208706482E1
1.665021511E2,3.555107117E-1,1.699266357E0,1.250005600E1
1.665223161E2,3.508703613E-1,1.800904999E0,1.233345245E1
1.665424811E2,3.080593872E-1,2.114652557E0,1.121048767E1
1.665626461E2,2.290237427E-2,2.165097656E0,1.117082016E1
1.665828111E2,2.195933533E-1,1.619182892E0,1.290586212E1
1.666029761E2,8.116122437E-1,1.137634277E0,1.353829697E1
1.666231411E2,9.746232605E-1,1.146615601E0,1.272159531E1
1.666433051E2,6.355783081E-1,1.169068909E0,1.179502213E1
1.666634701E2,2.490820312E-1,1.200802917E0,1.046967819E1
1.666836351E2,-1.317260742E-1,1.117575989E0,9.162147217E0
1.667038001E2,3.198847961E-1,6.179150391E-1,1.023436752E1
1.667239651E2,1.163231049E0,1.221459961E-1,1.086725143E1
1.667441301E2,1.307231598E0,2.481838989E-1,9.931397552E0
1.667642951E2,6.969506836E-1,5.490582275E-1,8.616082764E0
1.667844601E2,3.794609070E-1,7.961943054E-1,7.801327057E0
1.668046251E2,4.444258118E-1,9.340576172E-1,7.686066742E0
1.668247891E2,5.785469055E-1,8.008346558E-1,7.924221497E0
1.668449541E2,5.754034424E-1,9.096583557E-1,7.261699219E0
1.668651195E2,4.427792358E-1,8.518785095E-1,6.535110168E0
1.668852845E2,6.405180359E-1,8.026309204E-1,6.308331757E0
1.669054495E2,9.500743103E-1,8.562194824E-1,6.297703857E0
1.669256145E2,7.939489746E-1,9.208850098E-1,5.976172485E0
1.669457795E2,6.761439514E-1,9.945318604E-1,5.942193146E0
1.669659445E2,8.849597168E-1,8.405021667E-1,6.483916626E0
1.669861085E2,1.098415833E0,7.304809570E-1,6.738836517E0
1.670062735E2,6.848258972E-1,8.782237244E-1,6.791227570E0
1.670264385E2,1.571731567E-1,1.033001862E0,6.840475159E0
1.670466035E2,2.194436646E-1,8.550219727E-1,7.746540985E0
1.670667685E2,5.297483826E-1,7.774832153E-1,9.042845306E0
1.670869335E2,6.057902527E-1,1.013542328E0,9.320218506E0
1.671070985E2,5.605842590E-1,1.502126312E0,8.921447754E0
1.671272635E2,1.854643250E-1,1.798210602E0,8.872349854E0
1.671474285E2,3.522175598E-1,2.004781036E0,9.846374359E0
1.671675925E2,3.068618774E-1,2.160008240E0,1.071157516E1
1.671877575E2,1.451980591E-1,2.339335327E0,1.086021606E1
1.672079225E2,8.577163696E-2,2.427651672E0,1.132814301E1
1.672280875E2,4.144880676E-1,2.517764282E0,1.188663162E1
1.672482525E2,6.861730957E-1,2.729424133E0,1.158590698E1
1.672684175E2,3.294648743E-1,2.745889893E0,1.127275818E1
1.672885825E2,2.152523804E-1,2.513273621E0,1.233674561E1
1.673087475E2,7.461982727E-1,2.576442261E0,1.311138474E1
1.673289115E2,9.520202637E-1,2.849923553E0,1.319251602E1
1.673490765E2,6.834786987E-1,3.201542358E0,1.288924667E1
1.673692415E2,3.534150696E-1,2.780467987E0,1.578213089E1
1.673894065E2,4.617897034E-1,2.682721252E0,1.713232315E1
1.674095715E2,1.541793823E-1,2.805765381E0,1.611578705E1
1.674297365E2,-2.281256104E-1,2.344724121E0,1.676079575E1
1.674499015E2,-5.724096680E-1,1.635498962E0,1.728216156E1
1.674700665E2,-7.074288940E-1,1.102008362E0,1.636816223E1
1.674902315E2,-5.908213806E-1,6.412664795E-1,1.499401978E1
1.675103955E2,-1.122366028E0,-2.501298523E-1,1.394006149E1
1.675305605E2,-1.835632782E0,-1.223555603E0,1.311692322E1
1.675507255E2,-1.649420013E0,-1.642983398E0,1.194171707E1
1.675708905E2,-1.363664246E0,-2.468816071E0,1.218885315E1
1.675910555E2,-1.524130554E0,-2.829715576E0,1.109747269E1
1.676112205E2,-2.092348938E0,-2.819985809E0,8.590785370E0
1.676313855E2,-2.234403534E0,-2.362686768E0,6.413712616E0
1.676515505E2,-2.107617188E0,-1.963317261E0,5.207371216E0
1.676717145E2,-1.901346130E0,-2.169738007E0,4.709805908E0
1.676918795E2,-1.013392639E0,-2.138902130E0,5.047952728E0
1.677120445E2,-5.430706787E-1,-1.900897064E0,4.711003418E0
1.677322095E2,-9.235794067E-1,-1.499731293E0,3.735032959E0
1.677523745E2,-1.781744843E0,-1.340911560E0,3.389850769E0
1.677725395E2,-2.112407227E0,-9.741741943E-1,3.332220612E0
1.677927045E2,-1.749711456E0,-7.201524353E-1,3.439248047E0
1.678128695E2,-1.093925171E0,-4.343966675E-1,3.973337402E0
1.678330345E2,-1.303040314E0,-2.589614868E-2,3.843407593E0
1.678531985E2,-1.785936127E0,5.978567505E-1,4.072431335E0
1.678733639E2,-1.462159424E0,7.708969116E-1,6.018534393E0
1.678935289E2,-1.182241516E0,1.083596649E0,7.211553497E0
1.679136939E2,-1.185983734E0,1.936073914E0,7.428003387E0
1.679338589E2,-1.213676147E0,2.419568481E0,7.898774414E0
1.679540239E2,-1.436263275E0,2.728226624E0,9.309889984E0
1.679741889E2,-1.218615875E0,2.687211914E0,1.139490417E1
1.679943539E2,-3.769161987E-1,2.892734528E0,1.343022171E1
1.680145179E2,5.011578369E-1,3.563190308E0,1.415082321E1
1.680346829E2,1.710043945E0,4.256249084E0,1.423539734E1
1.680548479E2,2.542612610E0,4.234843597E0,1.484088821E1
1.680750129E2,3.934118958E0,4.971012726E0,1.509056900E1
1.680951779E2,4.298610992E0,4.466861115E0,1.598900070E1
1.681153429E2,3.578907623E0,2.966381378E0,2.047876419E1
1.681355079E2,3.090623016E0,1.937121735E0,2.079625397E1
1.681556729E2,3.048560486E0,2.071841583E0,1.824166626E1
1.681758379E2,2.502945099E0,2.109563141E0,1.598046844E1
1.681960019E2,1.751657410E0,1.534159698E0,1.499327133E1
1.682161669E2,1.652114410E0,9.969268799E-1,1.397224457E1
1.682363319E2,1.435514832E0,1.251397705E-1,1.380698822E1
1.682564969E2,3.772155762E-1,-9.562115479E-1,1.299896851E1
1.682766619E2,-5.215155029E-1,-1.203497314E0,1.035052597E1
1.682968269E2,-9.581575012E-1,-1.291065216E0,8.220904541E0
1.683169919E2,-6.251000977E-1,-1.237177277E0,6.583759003E0
1.683371569E2,1.442999268E-1,-1.443897400E0,7.229516144E0
1.683573209E2,7.753875732E-1,-2.142344971E0,8.040080566E0
1.683774859E2,1.118474121E0,-2.113305359E0,7.124434662E0
1.683976509E2,1.102158051E0,-1.689087524E0,5.411097565E0
1.684178159E2,8.014334106E-1,-1.235381012E0,3.957171021E0
1.684379809E2,6.354286194E-1,-7.810757446E-1,3.318898315E0
1.684581459E2,9.168434143E-1,-5.785469055E-1,3.783382416E0
1.684783109E2,1.254840546E0,-4.734654236E-1,4.162993011E0
1.684984759E2,1.181642761E0,-3.948788452E-1,4.124073944E0
1.685186409E2,7.438032532E-1,-2.309696960E-1,3.882476349E0
1.685388049E2,5.080435181E-1,-3.727249146E-2,4.036506042E0
1.685589699E2,9.734257507E-1,2.145039368E-1,5.124144287E0
1.685791349E2,9.656419373E-1,1.968406677E-1,6.760840759E0
1.685992999E2,4.507127380E-1,3.918850708E-1,7.648794250E0
1.686194649E2,1.073268127E-1,4.261637878E-1,8.302933960E0
1.686396299E2,-7.664062500E-2,6.066883850E-1,8.821755066E0
1.686597949E2,-4.028123474E-1,8.982820129E-1,9.414372711E0
1.686799599E2,-1.114133148E0,7.634124756E-1,1.137050491E1
1.687001239E2,-1.347198486E0,-6.137237549E-3,1.469254669E1
1.687202889E2,-1.569486237E0,-2.649490356E-1,1.634451141E1
1.687404539E2,-1.793420563E0,4.867877197E-1,1.556029221E1
1.687606189E2,-3.170556793E0,6.700067139E-1,1.478655121E1
1.687807839E2,-3.622467041E0,2.067201233E-1,1.461111603E1
1.688009489E2,-2.746338959E0,-3.228785706E-1,1.676498703E1
1.688211139E2,-1.848955078E0,1.721420288E-2,1.620410339E1
1.688412789E2,-1.485660553E0,8.647517395E-1,1.282922150E1
1.688614431E2,-1.620530090E0,1.398841095E0,9.696535950E0
1.688816071E2,-1.373394012E0,9.171427917E-1,1.105032074E1
1.689017721E2,-7.289840698E-2,1.193168793E0,9.761201477E0
1.689219371E2,9.530680847E-1,1.533710632E0,8.481213226E0
1.689421021E2,8.294252014E-1,1.861678619E0,7.338190155E0
1.689622671E2,2.619552612E-1,1.595532074E0,8.344996490E0
1.689824321E2,5.769003296E-1,1.731449432E0,8.674461365E0
1.690025971E2,1.714384918E0,1.955832825E0,8.572223969E0
1.690227621E2,2.152523804E0,2.267634430E0,9.510472870E0
1.690429271E2,2.165546722E0,2.543061676E0,9.585167542E0
1.690630911E2,1.443148956E0,2.999312897E0,9.647438049E0
1.690832561E2,1.341660004E0,3.665727081E0,9.704768829E0
1.691034211E2,2.307751007E0,3.595822449E0,1.227133163E1
1.691235861E2,3.088527374E0,3.293451233E0,1.398571655E1
1.691437511E2,2.666704559E0,2.842588806E0,1.381537079E1
1.691639161E2,1.803749084E0,2.073787537E0,1.391685974E1
1.691840811E2,1.491797791E0,1.303938446E0,1.429287781E1
1.692042461E2,2.083517303E0,4.080514526E-1,1.555190964E1
1.692244101E2,2.083966370E0,-6.373745728E-1,1.578153214E1
1.692445751E2,8.869056702E-1,-1.053509216E0,1.421384216E1
1.692647401E2,-4.043092346E-1,-1.050964508E0,1.230785568E1
1.692849051E2,-7.592211914E-1,-7.162605286E-1,1.181448166E1
1.693050701E2,-6.933581543E-1,-2.814147949E-2,1.035875885E1
1.693252351E2,-4.740641785E-1,1.110241241E0,8.734785919E0
1.693454001E2,-4.387376404E-1,1.818568268E0,7.522456970E0
1.693655651E2,-4.758604431E-1,2.116448822E0,6.832841034E0
1.693857301E2,-1.945953369E-1,2.152823181E0,5.882617035E0
1.694058941E2,-2.609074402E-1,1.687291260E0,5.827830963E0
1.694260591E2,2.439926147E-2,1.071920929E0,6.936425629E0
1.694462241E2,1.279090118E0,6.734495544E-1,7.448810120E0
1.694663891E2,2.239492950E0,7.110214233E-1,6.357579346E0
1.694865541E2,2.018702087E0,6.252497864E-1,4.620142365E0
1.695067191E2,9.533674622E-1,5.703140259E-1,2.855911102E0
1.695268841E2,-7.619155884E-2,4.430786133E-2,2.592009888E0
1.695470491E2,1.649569702E-1,-7.279362488E-1,4.935237122E0
1.695672131E2,5.764512634E-1,-1.417701874E0,7.146588593E0
1.695873781E2,6.397695923E-1,-1.300345917E0,7.018005981E0
1.696075431E2,8.801696777E-2,-6.033952332E-1,5.351072388E0
1.696277081E2,-8.729846191E-1,-3.038681030E-1,4.777614899E0
1.696478731E2,-3.659889221E-1,-3.335064697E-1,6.211183777E0
1.696680381E2,2.025288391E-1,-1.049317932E-1,6.868616638E0
1.696882031E2,7.334747314E-3,2.347119141E-1,7.545209656E0
1.697083681E2,-5.373825073E-2,5.390290833E-1,9.305848389E0
1.697285331E2,4.040098572E-1,1.084943848E0,1.039917480E1
1.697486971E2,1.383123779E0,2.420466614E0,1.004171814E1
1.697688621E2,1.604064331E0,3.356769562E0,1.020487885E1
1.697890271E2,2.001487885E0,3.372935944E0,1.293280609E1
1.698091921E2,3.407813416E0,3.839964752E0,1.604468491E1
1.698293571E2,4.361180878E0,4.364024963E0,1.773003021E1
1.698495221E2,4.528532867E0,4.284839630E0,1.931957474E1
1.698696873E2,4.913831635E0,3.753444672E0,2.073577972E1
1.698898523E2,4.360881500E0,3.319048004E0,2.027369064E1
1.699100163E2,3.134032745E0,3.133284302E0,1.852278168E1
1.699301813E2,1.867815857E0,2.818788300E0,1.739412872E1
1.699503463E2,1.304237823E0,2.132615204E0,1.655721909E1
1.699705113E2,1.393302612E0,1.526824951E0,1.550924835E1
1.699906763E2,1.184037781E0,7.415579224E-1,1.484672607E1
1.700108413E2,6.855743408E-1,-2.336640930E-1,1.383902161E1
1.700310063E2,4.361929321E-1,-2.646496582E-1,1.139116196E1
1.700511713E2,-3.860472107E-1,-2.694396973E-1,9.810299377E0
1.700713363E2,-1.450034637E0,-9.351054382E-1,1.027014313E1
1.700915003E2,-1.837578735E0,-1.725761261E0,1.050455566E1
1.701116653E2,-1.686542816E0,-2.013313293E0,9.496102753E0
1.701318303E2,-1.548829193E0,-2.345771942E0,8.039032745E0
1.701519953E2,-1.429976349E0,-2.305954742E0,7.057074738E0
1.701721603E2,-1.451980591E0,-2.384391632E0,6.962770844E0
1.701923253E2,-1.595083008E0,-2.630928955E0,7.043153687E0
1.702124903E2,-1.809287567E0,-2.496358795E0,6.529721375E0
1.702326553E2,-1.728156281E0,-2.097288666E0,4.672533417E0
1.702528203E2,-1.394051056E0,-1.444346466E0,4.460274811E0
1.702729843E2,-1.311123505E0,-9.244775391E-1,4.298910370E0
1.702931493E2,-1.132993927E0,-5.435197449E-1,4.100722504E0
1.703133143E2,-1.089135132E0,-1.805245972E-1,3.959266663E0
1.703334793E2,-1.087039490E0,5.358856201E-2,3.899690552E0
1.703536443E2,-1.012943573E0,6.586303711E-3,4.310735779E0
1.703738093E2,-5.590873718E-1,1.438508606E-1,5.434299316E0
1.703939743E2,-4.555027771E-1,3.758683777E-1,6.468199310E0
1.704141393E2,-5.465135193E-1,6.752458191E-1,7.083270264E0
1.704343033E2,-1.280287628E0,1.298399963E0,7.126081238E0
1.704544683E2,-2.096839600E0,1.611698456E0,7.399113464E0
1.704746333E2,-2.351011047E0,1.796264648E0,9.000932465E0
1.704947983E2,-1.713037720E0,1.782343597E0,1.065828598E1
1.705149633E2,-1.018482056E0,1.935624847E0,1.136017639E1
1.705351283E2,-8.863069153E-1,2.458337860E0,1.109852051E1
1.705552933E2,-5.454656982E-1,3.184328156E0,1.033361115E1
1.705754583E2,-2.832110596E-1,2.128124542E0,1.283850220E1
1.705956233E2,1.029559021E0,2.459685059E0,1.403661072E1
1.706157873E2,2.265688477E0,2.933449860E0,1.301797897E1
1.706359523E2,2.870430908E0,3.291056213E0,1.278611115E1
1.706561173E2,2.971620483E0,3.405568085E0,1.271875122E1
1.706762823E2,2.971321106E0,3.411705322E0,1.270797363E1
1.706964473E2,2.924468536E0,3.047213287E0,1.347288300E1
1.707166123E2,2.965782623E0,2.307002563E0,1.470616837E1
1.707367773E2,2.675386505E0,2.052382050E0,1.447445023E1
1.707569423E2,2.029030609E0,2.207309875E0,1.333382217E1
1.707771073E2,1.023721161E0,2.198478241E0,1.370534958E1
1.707972713E2,3.999682617E-1,1.987417145E0,1.496752487E1
1.708174363E2,7.000941467E-1,1.198258209E0,1.636112686E1
1.708376013E2,9.662406921E-1,6.614744568E-1,1.689162369E1
1.708577663E2,3.601510620E-1,1.483415222E-1,1.599992798E1
1.708779310E2,9.460327148E-2,6.721023560E-2,1.480870514E1
1.708980960E2,2.052232361E-1,8.891510010E-2,1.383438126E1
1.709182610E2,1.492396545E-1,-1.445993042E-1,1.336241272E1
1.709384260E2,-1.231938171E-1,-3.363505554E-1,1.189231979E1
1.709585910E2,-2.357597351E-1,-3.844006348E-1,1.025203079E1
1.709787550E2,5.254074097E-2,-4.799020386E-1,8.954678650E0
1.709989200E2,5.257067871E-1,-4.496649170E-1,7.495363312E0
1.710190850E2,9.463320923E-1,-2.323168945E-1,6.392456818E0
1.710392500E2,8.195457458E-1,-1.564247131E-1,5.965544586E0
1.710594150E2,7.274871826E-1,-4.885839844E-1,6.102360077E0
1.710795800E2,7.834707642E-1,-3.508703613E-1,5.307512970E0
1.710997450E2,6.587800598E-1,-1.796264648E-2,3.922293549E0
1.711199100E2,4.309538269E-1,2.415975952E-1,3.168760529E0
1.711400740E2,1.442999268E-1,4.013154602E-1,3.263214111E0
1.711602390E2,1.814227295E-1,1.913021851E-1,4.298610992E0
1.711804040E2,6.661148071E-1,2.888992310E-2,4.796924744E0
1.712005690E2,9.972262573E-1,-2.963836670E-2,4.832999725E0
1.712207340E2,9.949809265E-1,-1.805245972E-1,4.891528015E0
1.712408990E2,5.489085388E-1,-3.552113342E-1,5.212310944E0
1.712610640E2,2.327659607E-1,-3.460803223E-1,5.846542053E0
1.712812290E2,3.724255371E-1,-2.836601257E-1,6.470893707E0
1.713013940E2,6.791377258E-1,-8.113128662E-2,6.764732666E0
1.713215580E2,8.773255920E-1,4.020639038E-1,7.784112854E0
1.713417230E2,6.758445740E-1,7.909552002E-1,8.864416351E0
1.713618880E2,1.178499298E0,1.362766113E0,9.608818359E0
1.713820530E2,1.688638458E0,2.033670959E0,1.007749374E1
1.714022180E2,1.922003174E0,2.589165802E0,1.133697464E1
1.714223830E2,2.081421661E0,2.891387329E0,1.319580917E1
1.714425480E2,2.182311859E0,3.540138245E0,1.419288574E1
1.714627130E2,2.153571625E0,3.716022491E0,1.696482147E1
1.714828780E2,2.233206024E0,3.823049927E0,1.896870438E1
1.715030420E2,2.276316376E0,3.952680359E0,2.022923309E1
1.715232070E2,1.734443207E0,4.099375305E0,1.995754807E1
1.715433720E2,1.026565247E0,3.974235535E0,1.899774399E1
1.715635370E2,8.440946960E-1,3.848946075E0,1.777463745E1
1.715837020E2,6.048921204E-1,3.627706146E0,1.570219711E1
1.716038670E2,4.031117249E-1,2.912343750E0,1.467667969E1
1.716240320E2,-4.466711426E-1,1.565893707E0,1.528217056E1
1.716441970E2,-1.310524750E0,5.553451538E-2,1.526705200E1
1.716643620E2,-1.748064880E0,-1.200054474E0,1.357407257E1
1.716845260E2,-1.545835419E0,-1.619781647E0,1.090332642E1
1.717046910E2,-1.496288452E0,-1.744023285E0,8.142168274E0
1.717248560E2,-1.813179474E0,-1.843117218E0,6.677164764E0
1.717450210E2,-1.840572510E0,-2.531685333E0,7.566465454E0
1.717651860E2,-1.824555817E0,-2.611469421E0,6.386169891E0
1.717853510E2,-2.158810730E0,-2.452799377E0,4.683161316E0
1.718055160E2,-2.553539886E0,-2.257455597E0,4.018693085E0
1.718256810E2,-2.574795685E0,-2.231709137E0,3.582799530E0
1.718458460E2,-2.211351471E0,-2.161505127E0,3.716321869E0
1.718660102E2,-1.582359467E0,-1.896705780E0,3.897894287E0
1.718861752E2,-9.955796814E-1,-1.444645844E0,4.369114380E0
1.719063403E2,-1.025816803E0,-9.361532593E-1,4.812342682E0
1.719265053E2,-1.685944061E0,-4.998106384E-1,4.677922211E0
1.719466703E2,-2.214045868E0,-1.323248291E-1,4.797224121E0
1.719668353E2,-2.583178253E0,2.212399292E-1,5.027744751E0
1.719870002E2,-2.643502808E0,5.107379150E-1,5.936654663E0
1.720071653E2,-2.246228943E0,7.918533325E-1,7.941286011E0
1.720273303E2,-2.245330811E0,7.952961731E-1,9.071884918E0
1.720474943E2,-1.685644684E0,1.417402496E0,8.942553864E0
1.720676592E2,-1.364861755E0,2.287692719E0,7.652386780E0
1.720878243E2,-6.900650024E-1,2.274520111E0,1.043944107E1
1.721079893E2,3.359014893E-1,1.947749634E0,1.183813248E1
1.721281543E2,1.390159149E0,2.226320343E0,1.288011566E1
1.721483193E2,1.864822083E0,2.967578888E0,1.152902527E1
1.721684842E2,1.535057831E0,2.674638062E0,1.338980576E1
1.721886493E2,2.159259796E0,2.993325348E0,1.361194382E1
1.722088133E2,3.123105469E0,3.354224854E0,1.417477341E1
1.722289783E2,3.506907349E0,3.215313721E0,1.574889999E1
1.722491432E2,3.547023926E0,3.060535583E0,1.623329269E1
1.722693083E2,3.556454315E0,2.830763397E0,1.580682953E1
1.722894733E2,3.295247498E0,2.334844666E0,1.573976898E1
1.723096383E2,2.676434326E0,1.586999817E0,1.644689850E1
1.723298033E2,2.154619446E0,5.623805237E-1,1.679327820E1
1.723499682E2,1.860481110E0,-3.869453430E-1,1.699595673E1
1.723701333E2,1.520987091E0,-1.054257660E0,1.583691696E1
1.723902973E2,1.080303497E0,-1.431173859E0,1.458731552E1
1.724104623E2,9.032217407E-1,-1.376537476E0,1.213960556E1
1.724306272E2,7.809260559E-1,-1.196461945E0,1.016146912E1
1.724507923E2,3.594026184E-1,-1.249601440E0,9.632169800E0
1.724709573E2,3.695814514E-1,-1.498982849E0,1.024215134E1
1.724911223E2,4.342469788E-1,-1.843566284E0,1.033675461E1
1.725112873E2,3.092568970E-1,-1.814077606E0,9.370513916E0
1.725314522E2,-6.930587769E-2,-1.553020477E0,7.673941956E0
1.725516173E2,-3.013233948E-1,-1.253493347E0,6.385271759E0
1.725717813E2,-2.809657288E-1,-1.196312256E0,6.361321564E0
1.725919463E2,3.472778320E-2,-1.138532410E0,6.398893433E0
1.726121112E2,4.020639038E-1,-1.057401123E0,5.979914703E0
1.726322763E2,7.092251587E-1,-8.511300659E-1,5.425018616E0
1.726524413E2,8.196954346E-1,-5.072950745E-1,4.753664703E0
1.726726063E2,7.946974182E-1,-4.505630493E-2,4.287234650E0
1.726927713E2,3.284170532E-1,3.333567810E-1,4.196523285E0
1.727129362E2,1.411564636E-1,5.590873718E-1,4.592749329E0
1.727331012E2,3.812571716E-1,6.475534058E-1,5.593119049E0
1.727532653E2,6.219566345E-1,8.747808838E-1,6.093378754E0
1.727734303E2,7.620652771E-1,1.389111328E0,5.957162018E0
1.727935952E2,5.508544922E-1,1.797761536E0,6.429729309E0
1.728137603E2,6.953041077E-1,2.129920807E0,7.384893036E0
1.728339253E2,9.948312378E-1,2.383643188E0,8.970096588E0
1.728540903E2,1.322948914E0,2.296823730E0,1.040201889E1
1.728742555E2,1.360520782E0,2.738405457E0,1.086560486E1
1.728944205E2,5.426216125E-1,2.986739044E0,1.081845291E1
1.729145855E2,-1.148112488E-1,2.786455536E0,1.168170776E1
1.729347495E2,3.502716064E-2,2.458487549E0,1.316512299E1
1.729549145E2,5.837860107E-2,2.065854034E0,1.456531128E1
1.729750795E2,-3.758683777E-1,1.602268066E0,1.563019684E1
1.729952445E2,-1.062191162E0,1.580114136E0,1.528246994E1
1.730154095E2,-1.616488495E0,1.650018768E0,1.429602127E1
1.730355745E2,-2.216291199E0,1.200802917E0,1.416878586E1
1.730557395E2,-2.044598236E0,7.740403748E-1,1.451771027E1
1.730759045E2,-1.269210663E0,6.168672180E-1,1.456186844E1
1.730960695E2,-1.053658905E0,8.020321655E-1,1.333472031E1
1.731162335E2,-1.182391205E0,8.014334106E-1,1.146286285E1
1.731363985E2,-1.300345917E0,4.315525818E-1,9.908794556E0
1.731565635E2,-1.263223114E0,5.074447632E-2,8.502319336E0
1.731767285E2,-1.062939606E0,-4.565505981E-1,7.697143707E0
1.731968935E2,-6.372248840E-1,-9.693841553E-1,7.047344971E0
1.732170585E2,-4.429289246E-1,-1.548380127E0,6.713838501E0
1.732372235E2,-3.652404785E-1,-2.051034851E0,6.895261230E0
1.732573885E2,-5.388793945E-1,-2.328857117E0,6.413263550E0
1.732775535E2,-6.141728210E-1,-2.079924774E0,5.430407410E0
1.732977175E2,-9.126521301E-1,-1.618584137E0,4.497696991E0
1.733178825E2,-1.189875641E0,-1.349743195E0,5.167254639E0
1.733380475E2,-1.211730194E0,-1.271006927E0,6.644083557E0
1.733582125E2,-1.018482056E0,-7.505392456E-1,6.941365356E0
1.733783775E2,-7.662565613E-1,2.398013306E-1,5.718408508E0
1.733985425E2,-1.047671356E0,1.037193146E0,6.054609375E0
1.734187075E2,-6.622229004E-1,1.437011719E0,7.959548035E0
1.734388725E2,2.860551453E-1,1.738335114E0,9.865534515E0
1.734590375E2,1.414558411E0,2.604733429E0,1.012958542E1
1.734792015E2,1.772913208E0,3.352578278E0,9.880503387E0
1.734993665E2,1.838027802E0,3.364104309E0,1.042312500E1
1.735195315E2,2.162552948E0,2.936144257E0,1.262923737E1
1.735396965E2,3.231480103E0,2.925666046E0,1.472996887E1
1.735598615E2,4.314477997E0,2.752625885E0,1.637789200E1
1.735800265E2,4.627626801E0,2.317630463E0,1.775936920E1
1.736001915E2,3.685785370E0,1.828747101E0,1.810335388E1
1.736203565E2,1.944306793E0,9.166937256E-1,1.788331146E1
1.736405215E2,1.158141632E0,-1.049317932E-1,1.828881821E1
1.736606855E2,1.703457642E0,-1.485211487E0,1.925326263E1
1.736808505E2,2.495161285E0,-2.223326569E0,1.858639938E1
1.737010155E2,2.334245911E0,-2.356399841E0,1.613374969E1
1.737211805E2,1.494342499E0,-2.216291199E0,1.326975540E1
1.737413455E2,3.619473267E-1,-1.763183441E0,1.096664474E1
1.737615105E2,2.245330811E-2,-1.631008301E0,1.118713623E1
1.737816755E2,3.610491943E-1,-2.182611237E0,1.157183624E1
1.738018405E2,4.911286926E-1,-2.156266022E0,1.045605652E1
1.738220055E2,3.278182983E-2,-1.938917999E0,8.583899689E0
1.738421695E2,-7.961943054E-1,-1.640588379E0,7.136559448E0
1.738623345E2,-1.253643036E0,-1.386117554E0,5.855074310E0
1.738824988E2,-9.342073059E-1,-1.137035522E0,4.621639252E0
1.739026638E2,-5.984555054E-1,-1.093027039E0,4.108805695E0
1.739228288E2,5.718109131E-2,-1.282832336E0,4.964426422E0
1.739429938E2,6.462062073E-1,-1.425485687E0,5.171146545E0
1.739631588E2,1.025816803E0,-1.081650696E0,3.814667358E0
1.739833238E2,1.110839996E0,-5.703140259E-1,2.347268829E0
1.740034888E2,1.123713226E0,4.939727783E-3,1.735041962E0
1.740236528E2,8.649014282E-1,3.278182983E-1,2.307152252E0
1.740438178E2,9.810598755E-1,3.556604004E-1,3.805087280E0
1.740639828E2,1.055305481E0,4.340972900E-1,4.568050690E0
1.740841478E2,8.945397949E-1,8.704399109E-1,4.060007172E0
1.741043128E2,3.427871704E-1,1.275198212E0,3.799698486E0
1.741244778E2,-2.604583740E-2,1.265468445E0,5.938750305E0
1.741446428E2,2.442919922E-1,7.235952759E-1,9.115594025E0
1.741648078E2,-1.269360352E-1,8.857081604E-1,1.088207062E1
1.741849728E2,-1.579665070E0,1.399140472E0,1.104747665E1
1.742051378E2,-2.912942505E0,1.557361450E0,1.162841858E1
1.742253018E2,-2.695295105E0,1.578168182E0,1.332543961E1
1.742454668E2,-2.717299347E0,1.375339966E0,1.419498138E1
1.742656318E2,-3.806284790E0,9.785151672E-1,1.502889725E1
1.742857968E2,-4.108955383E0,4.547543335E-1,1.581191895E1
1.743059618E2,-3.858077087E0,3.260220337E-1,1.589125397E1
1.743261268E2,-3.106490021E0,1.220412140E0,1.398332153E1
1.743462918E2,-2.806364136E0,1.430425415E0,1.212912735E1
1.743664568E2,-2.307002563E0,9.767189026E-1,1.260902939E1
1.743866218E2,-1.840722198E0,1.366059265E0,1.075962524E1
1.744067858E2,-2.189796295E0,1.303938446E0,9.996811523E0
1.744269508E2,-2.703977051E0,1.621128845E0,8.226443024E0
1.744471158E2,-2.931354218E0,1.654659119E0,7.808212738E0
1.744672808E2,-2.248025208E0,1.255439301E0,8.671168213E0
1.744874458E2,-1.177301788E0,1.001866608E0,8.910221100E0
1.745076108E2,-4.195774841E-1,1.088835754E0,8.596323853E0
1.745277758E2,-5.269042969E-2,1.308728485E0,8.057145081E0
1.745479408E2,8.801696777E-1,1.700463867E0,7.572752380E0
1.745681058E2,1.770817566E0,2.132016449E0,7.100484467E0
1.745882708E2,1.910177765E0,2.534080353E0,7.504045258E0
1.746084348E2,1.478325806E0,2.474953308E0,8.531957703E0
1.746285998E2,1.555864563E0,1.893861694E0,1.060080551E1
1.746487648E2,2.476150818E0,1.566043396E0,1.183828217E1
1.746689298E2,3.038830719E0,1.391805725E0,1.228510300E1
1.746890948E2,2.859503632E0,1.227297821E0,1.196671509E1
1.747092598E2,2.356250153E0,9.725276184E-1,1.182690582E1
1.747294248E2,1.972448273E0,6.179150391E-1,1.265258881E1
1.747495898E2,1.882036285E0,7.679031372E-2,1.348291214E1
1.747697548E2,1.780996399E0,-4.706213379E-1,1.366298767E1
1.747899188E2,1.131497040E0,-7.125183105E-1,1.337842941E1
1.748100838E2,8.137078857E-1,-7.222480774E-1,1.280437317E1
1.748302488E2,9.982740784E-1,-4.522096252E-1,1.219678665E1
1.748504138E2,8.304730225E-1,-6.295907593E-1,1.267653900E1
1.748705795E2,4.712200928E-1,-1.032852173E0,1.338052505E1
1.748907445E2,2.079176331E-1,-1.391206970E0,1.305180862E1
1.749109095E2,-5.137316895E-1,-1.692530365E0,1.246053818E1
1.749310745E2,-1.000070343E0,-1.647923126E0,1.104014191E1
1.749512395E2,-6.267466736E-1,-1.245559845E0,9.477241974E0
1.749714045E2,-4.002676392E-1,-6.599775696E-1,8.499325562E0
1.749915685E2,-5.662724304E-1,-2.538720703E-1,7.818241882E0
1.750117335E2,-4.932243347E-1,6.661148071E-2,7.854616241E0
1.750318985E2,-5.942642212E-2,1.137634277E-1,7.937843170E0
1.750520635E2,2.592608643E-1,2.299218750E-1,7.769443359E0
1.750722285E2,9.475296021E-2,3.119512939E-1,7.382048950E0
1.750923935E2,1.971400452E-1,2.538720703E-1,7.718998260E0
1.751125585E2,5.159770203E-1,8.008346558E-2,8.323591003E0
1.751327235E2,4.784051514E-1,6.616241455E-2,8.077951813E0
1.751528885E2,3.156935120E-1,3.324586487E-1,7.544910278E0
1.751730525E2,2.935395813E-1,6.408174133E-1,7.033423920E0
1.751932175E2,3.736230469E-1,9.699829102E-1,6.936275940E0
1.752133825E2,4.477189636E-1,1.191372528E0,7.285799103E0
1.752335475E2,3.981719971E-1,1.459614716E0,7.359895020E0
1.752537125E2,3.983216858E-1,1.756896515E0,7.407346344E0
1.752738775E2,2.341131592E-1,1.989213409E0,7.648794250E0
1.752940425E2,-7.813751221E-2,2.160756683E0,8.230933685E0
1.753142075E2,-3.237767029E-1,2.340682526E0,8.869056702E0
1.753343725E2,-2.833607483E-1,2.372117157E0,9.760902100E0
1.753545375E2,-5.025050354E-1,2.385289764E0,9.760453033E0
1.753747015E2,-6.391708374E-1,2.449805603E0,9.405541077E0
1.753948665E2,-8.907975769E-1,2.242786102E0,9.344019012E0
1.754150315E2,-1.160686340E0,2.102677460E0,9.867181091E0
1.754351965E2,-1.202150116E0,2.008972321E0,1.001986359E1
1.754553615E2,-1.171912994E0,1.760638733E0,1.021131546E1
1.754755265E2,-1.979333954E0,1.604812775E0,1.085916824E1
1.754956915E2,-2.104773102E0,1.243613892E0,1.052536240E1
1.755158565E2,-1.740281067E0,6.559359741E-1,1.112890732E1
1.755360215E2,-1.628014526E0,3.011737061E-1,1.153171967E1
1.755561865E2,-1.919009399E0,2.112107849E-1,1.230710724E1
1.755763505E2,-1.879940643E0,3.296145630E-1,1.152303772E1
1.755965155E2,-2.023941193E0,2.927911377E-1,1.074914703E1
1.756166805E2,-2.281705170E0,2.278262329E-1,1.039333694E1
1.756368455E2,-2.143542480E0,2.068698120E-1,1.004321503E1
1.756570105E2,-1.565744019E0,2.173480225E-1,9.483828278E0
1.756771755E2,-1.049467621E0,1.366658020E-1,9.670490112E0
1.756973405E2,-3.505709839E-1,1.263372803E-1,9.583371277E0
1.757175055E2,1.196012878E-1,2.674937439E-1,8.934171295E0
1.757376705E2,2.658471680E-1,4.773573303E-1,8.445886688E0
1.757578345E2,7.908055115E-1,5.532495117E-1,8.879235535E0
1.757779995E2,1.702709198E0,7.216493225E-1,8.897497559E0
1.757981645E2,2.024989014E0,1.011147308E0,8.650062103E0
1.758183295E2,1.738784180E0,1.299597473E0,8.364156647E0
1.758384945E2,1.421294403E0,1.453028412E0,8.701704712E0
1.758586595E2,1.390907593E0,1.398541718E0,9.513316956E0
1.758788250E2,1.431772614E0,1.072968750E0,1.025023453E1
1.758989900E2,1.555565186E0,7.997868347E-1,1.097817078E1
1.759191550E2,1.314266968E0,3.387455750E-1,1.187600372E1
1.759393200E2,1.094823303E0,-4.790039063E-2,1.252280869E1
1.759594840E2,8.827143860E-1,-1.911524963E-1,1.225426712E1
1.759796490E2,4.429289246E-1,-1.993853760E-1,1.148801056E1
1.759998140E2,2.095642090E-3,-1.245410156E-1,1.132949020E1
1.760199790E2,-1.661544800E-2,-4.355941772E-2,1.142678787E1
1.760401440E2,-1.511856079E-2,-2.094145203E-1,1.149923721E1
1.760603090E2,-3.691323853E-1,-2.383044434E-1,1.164039368E1
1.760804740E2,-8.803193665E-1,-1.246907043E-1,1.155881332E1
1.761006390E2,-1.035097504E0,-1.975891113E-2,1.168634811E1
1.761208040E2,-5.752537537E-1,1.098715210E-1,1.199021622E1
1.761409690E2,-1.185534668E-1,3.966751099E-1,1.161315033E1
1.761611330E2,3.996688843E-2,8.431965637E-1,1.185130508E1
1.761812980E2,3.442840576E-2,1.141376495E0,1.159369080E1
1.762014630E2,-2.525248718E-1,5.421725464E-1,1.283550842E1
1.762216280E2,8.038284302E-2,-3.541635132E-1,1.354772736E1
1.762417930E2,1.044378204E0,-5.643264771E-1,1.265737885E1
1.762619580E2,1.670825500E0,-3.989204407E-1,1.110211304E1
1.762821230E2,1.618434448E0,-1.249900818E-1,9.982890472E0
1.763022880E2,1.465602264E0,2.709365845E-2,9.210346985E0
1.763224530E2,1.401086426E0,-8.876541138E-2,8.988059235E0
1.763426170E2,1.398990784E0,-1.565744019E-1,8.599766693E0
1.763627820E2,1.248703308E0,-3.107537842E-1,7.977810059E0
1.763829470E2,9.592053223E-1,-3.659889221E-1,7.523504791E0
1.764031120E2,6.858737183E-1,-5.134323120E-1,7.553891602E0
1.764232770E2,7.864645386E-1,-8.635542297E-1,8.092321930E0
1.764434420E2,8.285270691E-1,-1.065484314E0,8.108039246E0
1.764636070E2,7.451504517E-1,-1.038690033E0,7.644752655E0
1.764837720E2,5.207670593E-1,-8.731343079E-1,7.194788361E0
1.765039370E2,5.815406799E-1,-6.225553894E-1,6.876400452E0
1.765241020E2,7.310797119E-1,-2.900967407E-1,6.421047363E0
1.765442670E2,7.135661316E-1,1.010398865E-1,6.283034363E0
1.765644310E2,5.370831299E-1,2.612068176E-1,6.559359741E0
1.765845960E2,2.778222656E-1,5.477110291E-1,7.090754700E0
1.766047610E2,1.743873596E-1,7.089257812E-1,7.701784058E0
1.766249260E2,-2.874023438E-2,8.882528687E-1,8.494685211E0
1.766450910E2,-3.279679871E-1,1.082848206E0,9.131161652E0
1.766652560E2,-4.465214539E-1,1.317859497E0,9.301058350E0
1.766854210E2,-4.191284180E-1,1.255439301E0,9.765991516E0
1.767055860E2,-9.235794067E-2,1.401535492E0,1.072280182E1
1.767257510E2,-4.013154602E-1,1.374292145E0,1.158934982E1
1.767459150E2,-6.174659729E-1,1.183439026E0,1.258148666E1
1.767660800E2,-1.218466187E0,7.650590515E-1,1.393242737E1
1.767862450E2,-1.579964447E0,3.772155762E-1,1.547796341E1
1.768064100E2,-1.717678070E0,2.523751831E-1,1.585712494E1
1.768265750E2,-1.931732941E0,-4.191284180E-2,1.568393509E1
1.768467400E2,-2.182012482E0,2.095642090E-3,1.514550476E1
1.768669050E2,-2.209106140E0,2.052232361E-1,1.369502106E1
1.768870691E2,-2.382894745E0,-1.080752563E-1,1.233255432E1
1.769072341E2,-2.298170929E0,-8.535250854E-1,1.190713898E1
1.769273991E2,-1.944905548E0,-1.688937836E0,1.218990097E1
1.769475641E2,-1.889969788E0,-1.738784180E0,1.033959869E1
1.769677281E2,-1.977986755E0,-1.221759338E0,8.118218079E0
1.769878931E2,-2.186353455E0,-6.128256226E-1,7.142247620E0
1.770080581E2,-2.396965485E0,-5.863307190E-1,7.100634155E0
1.770282231E2,-1.594783630E0,-3.442840576E-1,6.850055237E0
1.770483881E2,-9.490264893E-1,-7.484436035E-3,6.747219086E0
1.770685531E2,-6.466552734E-1,4.418811035E-1,7.352709961E0
1.770887181E2,-8.214916992E-1,7.420069885E-1,7.384144592E0
1.771088831E2,-6.939569092E-1,8.613088989E-1,6.626869354E0
1.771290481E2,-1.707948303E-1,1.040336609E0,6.840475159E0
1.771492131E2,4.793032837E-1,1.252595215E0,7.094945984E0
1.771693771E2,8.339158630E-1,1.400787048E0,7.868986359E0
1.771895421E2,9.354048157E-1,1.468596039E0,8.851243744E0
1.772097071E2,1.078058167E0,1.565744019E0,8.799002380E0
1.772298721E2,1.360820160E0,1.710343323E0,9.564660187E0
1.772500371E2,1.461560669E0,1.567240906E0,1.085797073E1
1.772702021E2,2.025737457E0,1.332828369E0,1.306108932E1
1.772903671E2,2.717598724E0,9.889933777E-1,1.476828918E1
1.773105321E2,2.875969391E0,1.047072601E0,1.504970398E1
1.773306971E2,2.087409210E0,1.095272369E0,1.530118103E1
1.773508621E2,1.592238922E0,6.155200195E-1,1.611443985E1
1.773710261E2,1.343605957E0,-3.218307495E-1,1.790771072E1
1.773911911E2,5.486091614E-1,-1.181343384E0,1.817295914E1
1.774113561E2,-2.329156494E-1,-1.492695923E0,1.750085678E1
1.774315211E2,-5.447172546E-1,-1.761985931E0,1.625394974E1
1.774516861E2,-7.987390137E-1,-1.786235504E0,1.424827057E1
1.774718511E2,-9.086105347E-1,-1.597478027E0,1.221549774E1
1.774920161E2,-1.021475830E0,-1.521735535E0,1.062191162E1
1.775121811E2,-1.161135406E0,-1.482217712E0,9.361233215E0
1.775323461E2,-9.734257507E-1,-1.436712341E0,8.544531555E0
1.775525111E2,-6.203100586E-1,-1.402134247E0,7.785460052E0
1.775726751E2,-3.206332397E-1,-1.366957397E0,6.974446564E0
1.775928401E2,-2.454895020E-1,-1.328188019E0,5.853128357E0
1.776130051E2,-4.149371338E-1,-1.191372528E0,4.782105560E0
1.776331701E2,-3.140469360E-1,-1.001267853E0,3.801494751E0
1.776533351E2,1.225950623E-1,-8.306227112E-1,3.629352722E0
1.776735001E2,4.200265503E-1,-6.688092041E-1,3.473227386E0
1.776936651E2,1.088237000E-1,-5.956114197E-1,3.274590454E0
1.777138301E2,-3.617976379E-1,-4.531077576E-1,3.315904541E0
1.777339951E2,-3.909869385E-1,-2.781216431E-1,3.528612213E0
1.777541601E2,-2.136058044E-1,1.686991882E-1,3.921245728E0
1.777743241E2,-4.219725037E-1,2.838098145E-1,4.182003479E0
1.777944891E2,-4.565505981E-1,2.038760376E-1,4.800966339E0
1.778146541E2,-6.125262451E-1,-1.716929626E-1,6.195616150E0
1.778348191E2,-5.743556213E-1,-5.490582275E-1,8.782536621E0
1.778549841E2,-1.237626343E0,-8.283773804E-1,1.006596771E1
1.778751492E2,-2.476001129E0,-9.015751648E-1,1.014260834E1
1.778953142E2,-3.759881287E0,-1.222807159E0,1.048494644E1
1.779154792E2,-4.262985077E0,-2.086361389E0,1.303788757E1
1.779356442E2,-4.046535187E0,-2.851570129E0,1.586146591E1
1.779558092E2,-4.522545319E0,-2.623594208E0,1.731135086E1
1.779759742E2,-5.789211273E0,-2.379002838E0,1.609183685E1
1.779961382E2,-6.354286194E0,-2.185455322E0,1.542602142E1
1.780163032E2,-6.581064606E0,-1.562001801E0,1.461725327E1
1.780364682E2,-5.607489166E0,-1.103205872E0,1.325194244E1
1.780566332E2,-4.302203522E0,-1.130149841E-1,1.123832977E1
1.780767982E2,-4.134252777E0,-4.625381470E-2,1.021371048E1
1.780969632E2,-3.661984863E0,2.872526550E-1,9.215586090E0
1.781171282E2,-2.839145966E0,7.476951599E-1,7.225324860E0
1.781372932E2,-1.847308502E0,3.165916443E-1,1.033091675E1
1.781574582E2,-4.568499756E-1,5.420228577E-1,9.405241699E0
1.781776232E2,5.840853882E-1,8.015830994E-1,8.722062378E0
1.781977872E2,7.979905701E-1,9.532177734E-1,8.373437347E0
1.782179522E2,8.846603394E-1,1.221310272E0,7.982300720E0
1.782381172E2,1.391805725E0,1.704355774E0,6.494843903E0
1.782582822E2,1.797312469E0,2.084565125E0,6.526577911E0
1.782784472E2,1.746717682E0,2.161205750E0,7.497608643E0
1.782986122E2,1.522483978E0,2.491269379E0,8.009095001E0
1.783187772E2,1.251697083E0,2.723286896E0,8.802744598E0
1.783389422E2,1.074914703E0,2.778072968E0,1.052820648E1
1.783591072E2,8.184979248E-1,2.795885925E0,1.263148270E1
1.783792722E2,9.618997192E-1,2.947071533E0,1.514894760E1
1.783994372E2,3.787124634E-1,2.086511078E0,1.796414337E1
1.784196012E2,-8.702902222E-1,8.223898315E-1,2.048744614E1
1.784397662E2,-1.467697906E0,2.502795410E-1,2.049403244E1
1.784599312E2,-1.344354401E0,-2.113604736E-1,1.946432373E1
1.784800962E2,-1.652563477E0,-1.134939880E0,1.922751617E1
1.785002612E2,-2.285447388E0,-2.006876678E0,1.855421631E1
1.785204262E2,-2.139650574E0,-2.573298798E0,1.675899948E1
1.785405912E2,-1.933978271E0,-2.814597015E0,1.387359970E1
1.785607562E2,-1.537452850E0,-2.533631287E0,1.079989151E1
1.785809212E2,-8.261320496E-1,-2.402653656E0,9.071884918E0
1.786010862E2,-1.194515991E-1,-2.110910339E0,7.576494598E0
1.786212502E2,-6.795867920E-2,-1.817670135E0,5.927673340E0
1.786414152E2,-5.170248413E-1,-1.535357208E0,4.776417389E0
1.786615802E2,-5.092410278E-1,-1.386716309E0,5.358556824E0
1.786817452E2,-1.103205872E-1,-1.205293579E0,4.954247589E0
1.787019102E2,2.559677124E-1,-8.318202209E-1,3.909869385E0
1.787220752E2,4.047583008E-1,-6.020480347E-1,3.278482361E0
1.787422402E2,5.312452698E-1,-3.710783386E-1,3.171754303E0
1.787624052E2,4.510121155E-1,-3.637435913E-1,3.088527374E0
1.787825702E2,2.363584900E-1,-3.432362366E-1,2.809806976E0
1.788027352E2,1.713935852E-1,-4.098477173E-1,3.501219177E0
1.788229002E2,5.183720398E-1,-6.246510315E-1,4.269421692E0
1.788430642E2,6.129753113E-1,-7.994874573E-1,4.575535126E0
1.788632292E2,1.389111328E-1,-5.878276062E-1,4.349954224E0
1.788833948E2,-7.827223206E-1,-6.222560120E-1,4.907544708E0
1.789035598E2,-9.422904968E-1,-9.568103027E-1,5.897735596E0
1.789237247E2,-9.406439209E-1,-1.150058441E0,6.979535980E0
1.789438897E2,-1.488504639E0,-1.193917236E0,8.250393219E0
1.789640548E2,-2.419119415E0,-1.039139099E0,9.668843536E0
1.789842198E2,-3.379522247E0,-1.775607605E0,1.269734573E1
1.790043848E2,-4.779560852E0,-2.710563354E0,1.445154785E1
1.790245498E2,-6.171216888E0,-2.161056061E0,1.433688629E1
1.790447138E2,-6.412215729E0,-1.930385742E0,1.519804550E1
1.790648788E2,-5.028193817E0,-1.979483643E0,1.894580200E1
1.790850438E2,-4.235741730E0,-1.441352692E0,1.910551987E1
1.791052087E2,-4.236490173E0,-4.604425049E-1,1.763063690E1
1.791253737E2,-4.076023865E0,5.821394348E-1,1.500359985E1
1.791455388E2,-3.732637939E0,8.785231018E-1,1.385009857E1
1.791657038E2,-2.679877167E0,1.263971558E0,1.164278870E1
1.791858688E2,-1.741328888E0,1.543290710E0,9.932595062E0
1.792060338E2,-9.214837646E-1,1.663341064E0,9.210197296E0
1.792261987E2,-2.371069336E-1,1.812281342E0,8.721912689E0
1.792463638E2,-5.089416504E-3,1.495540009E0,8.945397949E0
1.792665278E2,2.674937439E-1,1.427880707E0,8.346343689E0
1.792866927E2,5.915698242E-1,1.532812500E0,7.591313782E0
1.793068577E2,5.725593567E-1,1.643133087E0,7.309300232E0
1.793270228E2,5.273533630E-1,1.740281067E0,7.294031982E0
1.793471878E2,1.044228516E0,1.578916626E0,8.132737885E0
1.793673528E2,1.935325470E0,1.925895081E0,8.385562134E0
1.793875178E2,1.903741150E0,2.818339233E0,9.049132233E0
1.794076827E2,4.888833618E-1,3.107238464E0,1.022538620E1
1.794278478E2,-3.523672485E-1,3.085683289E0,1.103909409E1
1.794480128E2,-1.707948303E-1,3.123704224E0,1.203976318E1
1.794681768E2,-8.292755127E-1,2.752476196E0,1.434826263E1
1.794883417E2,-1.484163666E0,1.175206146E0,1.833058136E1
1.795085068E2,-6.340814209E-1,-3.803590393E-1,2.140863052E1
1.795286718E2,7.918533325E-1,-8.887019348E-1,2.107287872E1
1.795488368E2,1.042432251E0,-3.987707520E-1,1.772179733E1
1.795690018E2,-8.390052795E-1,-1.061442719E0,1.659089905E1
1.795891667E2,-1.744472351E0,-2.303110657E0,1.663041687E1
1.796093318E2,-1.022823029E0,-2.667752380E0,1.434556824E1
1.796294968E2,-1.230441284E-1,-2.149979095E0,1.120375168E1
1.796496618E2,4.805007935E-2,-1.742227020E0,9.036109314E0
1.796698268E2,-9.310638428E-2,-1.295705566E0,7.321574707E0
1.796899908E2,-3.237767029E-1,-1.023721161E0,6.185437317E0
1.797101558E2,-1.896556091E-1,-8.836125183E-1,5.814508667E0
1.797303208E2,8.831634521E-2,-8.948391724E-1,6.026318207E0
1.797504858E2,3.351530457E-1,-1.053808594E0,5.852978668E0
1.797706507E2,5.504054260E-1,-1.063388672E0,5.208119659E0
1.797908158E2,7.836204529E-1,-9.217831421E-1,4.489763489E0
1.798109808E2,8.268804932E-1,-6.346801758E-1,3.509751434E0
1.798311458E2,7.792794800E-1,-2.636018372E-1,2.476300507E0
1.798513108E2,5.207670593E-1,3.757186890E-2,2.021546173E0
1.798714757E2,3.517684937E-1,3.981719971E-2,2.720891876E0
1.798916400E2,5.077441406E-1,4.236190796E-2,3.695664825E0
1.799118040E2,2.842588806E-1,-1.477427673E-1,4.004322968E0
1.799319690E2,2.451901245E-1,-3.526666260E-1,4.201912079E0
1.799521340E2,5.830375671E-1,-4.287084961E-1,5.503156128E0
1.799722990E2,8.906478882E-2,-7.800279236E-1,6.224655762E0
1.799924640E2,-7.937992859E-1,-5.287005615E-1,6.241720276E0
1.800126290E2,-1.574725342E0,-5.658233643E-1,7.754474487E0
1.800327940E2,-2.435285797E0,-1.359622650E0,9.886341248E0
1.800529590E2,-2.814147949E0,-1.497036896E0,1.227327759E1
1.800731240E2,-3.053500214E0,-1.539548492E0,1.372780289E1
1.800932890E2,-4.382736053E0,-1.742376709E0,1.558379333E1
1.801134540E2,-5.871689758E0,-1.825453949E0,1.654883652E1
1.801336180E2,-6.318360901E0,-1.784439240E0,1.665586395E1
1.801537830E2,-5.916596375E0,-1.450932770E0,1.671109909E1
1.801739480E2,-4.954247589E0,-1.040785675E0,1.734248611E1
1.801941130E2,-4.537364502E0,-6.873706055E-1,1.707439362E1
1.802142780E2,-4.398752747E0,-2.354603577E-1,1.554397614E1
1.802344430E2,-3.882925415E0,3.216810608E-1,1.171239395E1
1.802546080E2,-3.812721405E0,1.887574768E-1,1.166823578E1
1.802747730E2,-3.298690338E0,1.008901978E-1,1.069001999E1
1.802949380E2,-1.962119751E0,2.894979858E-1,9.571096802E0
1.803151030E2,-5.339396667E-1,6.032455444E-1,8.465645599E0
1.803352680E2,2.697390747E-1,8.346643066E-1,7.807015228E0
1.803554320E2,6.734495544E-1,1.115480347E0,7.349566498E0
1.803755970E2,1.000818787E0,1.271156616E0,7.624095612E0
1.803957620E2,1.057550812E0,1.205892334E0,7.992479553E0
1.804159270E2,9.419911194E-1,1.600471802E0,7.185807037E0
1.804360920E2,6.795867920E-1,2.185605011E0,7.043902130E0
1.804562570E2,8.866062927E-1,2.215842133E0,8.675658875E0
1.804764220E2,1.462458801E0,2.423759766E0,9.421408081E0
1.804965870E2,1.696571960E0,2.890339508E0,9.418713684E0
1.805167520E2,2.004481659E0,2.967129822E0,1.132395172E1
1.805369170E2,1.823358307E0,2.943628693E0,1.307650726E1
1.805570810E2,1.538800049E0,3.408561859E0,1.286050644E1
1.805772460E2,1.312919769E0,2.955603790E0,1.432071991E1
1.805974110E2,1.240620117E0,8.887019348E-1,1.801099594E1
1.806175760E2,2.160457306E0,-8.514294434E-1,2.050016968E1
1.806377410E2,2.856659546E0,-8.657995605E-1,1.870136032E1
1.806579060E2,1.372495880E0,-7.694000244E-1,1.623239456E1
1.806780710E2,-5.165757751E-1,-1.724563751E0,1.606938354E1
1.806982360E2,-6.261479187E-1,-2.698588257E0,1.639735153E1
1.807184010E2,5.641767883E-1,-2.624342651E0,1.377794861E1
1.807385660E2,1.267414398E0,-1.978585510E0,9.397158508E0
1.807587310E2,3.823049927E-1,-1.529369659E0,6.834936676E0
1.807788960E2,-9.008267212E-1,-1.348096619E0,6.530469818E0
1.807990600E2,-9.901908875E-1,-9.940827942E-1,5.900579681E0
1.808192250E2,-1.011895752E-1,-5.004093933E-1,4.671485596E0
1.808393900E2,5.252577209E-1,-2.339634705E-1,4.367767181E0
1.808595550E2,2.570155334E-1,-5.284011841E-2,4.010609894E0
1.808797206E2,-1.246907043E-1,-1.517843628E-1,3.763922882E0
1.808998856E2,-1.321751404E-1,-5.373825073E-2,3.639830933E0
1.809200506E2,3.188369751E-1,3.367996216E-2,3.292253723E0
1.809402156E2,7.285350037E-1,2.225871277E-1,3.042123871E0
1.809603806E2,8.934919739E-1,3.121009827E-1,3.264411621E0
1.809805456E2,8.662486267E-1,3.748205566E-1,3.617826691E0
1.810007106E2,8.527766418E-1,1.809736633E-1,4.698878632E0
1.810208746E2,8.815168762E-1,1.272354126E-1,4.331542511E0
1.810410396E2,5.683680725E-1,3.956272888E-1,3.672313385E0
1.810612046E2,4.805007935E-2,2.439926147E-2,5.551056519E0
1.810813696E2,-9.425898743E-1,-1.304387512E0,9.099277954E0
1.811015346E2,-1.507515106E0,-1.348845062E0,1.067085983E1
1.811216996E2,-2.129172363E0,-9.123527527E-1,1.184352127E1
1.811418646E2,-3.714076538E0,-1.006357269E0,1.393197830E1
1.811620296E2,-5.478158112E0,-1.264270935E0,1.605800720E1
1.811821946E2,-5.992937622E0,-1.063688049E0,1.555041275E1
1.812023596E2,-5.915548553E0,-2.444416809E-1,1.541359726E1
1.812225246E2,-5.970783691E0,3.359014893E-1,1.716839813E1
1.812426886E2,-5.495072937E0,6.965016174E-1,1.673489960E1
1.812628536E2,-5.057532806E0,1.449286194E0,1.449286194E1
1.812830186E2,-5.229824524E0,1.369801483E0,1.382495087E1
1.813031836E2,-4.397106171E0,1.537452850E0,1.117575989E1
1.813233486E2,-3.352578278E0,1.443598022E0,9.637708282E0
1.813435136E2,-2.138153687E0,9.274713135E-1,1.065873505E1
1.813636786E2,-1.220412140E0,7.420069885E-1,1.062266006E1
1.813838436E2,-5.554948425E-1,8.119116211E-1,1.016895355E1
1.814040086E2,-2.685415649E-1,9.651928711E-1,9.239386597E0
1.814241736E2,-2.008822632E-1,1.266516266E0,8.075706482E0
1.814443386E2,1.637594604E-1,1.441502380E0,7.563321991E0
1.814645026E2,6.855743408E-1,1.420096893E0,7.837402039E0
1.814846676E2,8.445437622E-1,1.388512573E0,7.826774139E0
1.815048326E2,7.304809570E-1,1.680704956E0,7.113507385E0
1.815249976E2,4.126918030E-1,2.119891663E0,6.688990173E0
1.815451626E2,8.490344238E-1,2.005679169E0,8.064928894E0
1.815653276E2,1.488804016E0,1.776056671E0,9.198521576E0
1.815854926E2,1.669478302E0,1.947001190E0,8.921597443E0
1.816056576E2,1.218166809E0,2.174677734E0,9.211544495E0
1.816258226E2,6.183641052E-1,2.122735748E0,1.025846741E1
1.816459876E2,4.038601685E-1,1.971101074E0,1.066442322E1
1.816661526E2,5.191204834E-1,1.654509430E0,1.187585403E1
1.816863176E2,6.306385803E-1,1.021625519E0,1.327035416E1
1.817064816E2,1.201701050E0,4.150868225E-1,1.469554047E1
1.817266466E2,1.215472412E0,-1.052311707E-1,1.619197861E1
1.817468116E2,1.018032990E0,-4.331991577E-1,1.621503067E1
1.817669766E2,1.115031281E0,2.784210205E-2,1.491767853E1
1.817871416E2,1.433718567E0,-1.146615601E-1,1.505614059E1
1.818073066E2,1.472338257E0,-5.278024292E-1,1.578347809E1
1.818274716E2,8.824150085E-1,-1.145118713E0,1.505449402E1
1.818476366E2,3.701802063E-1,-1.223555603E0,1.296319290E1
1.818678016E2,2.851570129E-1,-9.752220154E-1,1.021236328E1
1.818879667E2,4.989125061E-1,-4.059558105E-1,8.115074615E0
1.819081317E2,3.016227722E-1,-5.249583435E-1,7.347021790E0
1.819282967E2,6.010002136E-1,-3.891906738E-1,7.316485291E0
1.819484607E2,4.650828552E-1,-8.881031799E-1,7.965236206E0
1.819686257E2,2.290237427E-1,-6.530918884E-1,7.023544464E0
1.819887907E2,-5.385800171E-1,-2.935395813E-1,5.829926605E0
1.820089557E2,-9.690847778E-1,-1.441502380E-1,5.558990021E0
1.820291207E2,-1.062340851E0,-1.287322998E-2,5.468128967E0
1.820492857E2,-7.006929016E-1,1.698966980E-1,5.155878296E0
1.820694507E2,-5.770500183E-1,3.460803223E-1,4.859794006E0
1.820896157E2,-7.209008789E-1,5.595364380E-1,4.722978516E0
1.821097807E2,-7.869136047E-1,7.135661316E-1,4.491559753E0
1.821299457E2,-8.024812317E-1,9.508227539E-1,4.149670715E0
1.821501107E2,-6.599775696E-1,1.093176727E0,3.746558990E0
1.821702757E2,-2.151026917E-1,1.262025604E0,4.075275421E0
1.821904397E2,3.314108276E-1,1.161734161E0,5.065615997E0
1.822106047E2,5.297483826E-1,1.372046814E0,5.975573730E0
1.822307697E2,6.152206421E-1,1.527573395E0,7.014712830E0
1.822509347E2,1.417701874E0,1.855541382E0,7.631430359E0
1.822710997E2,1.970053253E0,2.150577850E0,7.912246399E0
1.822912647E2,2.335593109E0,2.887046356E0,7.962392120E0
1.823114297E2,2.296075287E0,3.231629791E0,8.973389740E0
1.823315947E2,2.405348053E0,2.840343475E0,1.160192368E1
1.823517597E2,2.471959534E0,2.319576416E0,1.367256775E1
1.823719247E2,3.207080841E0,2.592159576E0,1.457010132E1
1.823920897E2,3.684887238E0,2.814746704E0,1.458147766E1
1.824122547E2,3.359314270E0,2.760110321E0,1.524489807E1
1.824324197E2,3.129242706E0,2.928659821E0,1.531450333E1
1.824525837E2,2.625989227E0,2.632425842E0,1.653147263E1
1.824727487E2,2.243085480E0,2.597548370E0,1.638657394E1
1.824929137E2,2.271376648E0,2.525997162E0,1.578287933E1
1.825130787E2,2.047592010E0,1.873653717E0,1.652009628E1
1.825332437E2,1.901046753E0,1.302291870E0,1.631726807E1
1.825534087E2,1.907932434E0,1.384321289E0,1.449690353E1
1.825735737E2,1.357227631E0,1.118773499E0,1.368169876E1
1.825937387E2,5.345384216E-1,2.619552612E-1,1.361987732E1
1.826139037E2,1.654060364E-1,-7.415579224E-1,1.351314926E1
1.826340687E2,-2.788700867E-1,-1.235530701E0,1.213301926E1
1.826542337E2,-7.915539551E-1,-1.688039703E0,1.015218842E1
1.826743987E2,-1.619182892E0,-2.201022949E0,7.808063049E0
1.826945627E2,-2.180515594E0,-2.397713928E0,6.441405029E0
1.827147277E2,-2.568359070E0,-2.606230316E0,5.696853333E0
1.827348927E2,-2.269879761E0,-2.536475372E0,5.181624756E0
1.827550577E2,-1.601220245E0,-2.483934631E0,5.116809540E0
1.827752227E2,-1.180894318E0,-2.276915131E0,4.275558929E0
1.827953877E2,-8.804690552E-1,-1.776505737E0,3.228336639E0
1.828155527E2,-7.458988953E-1,-1.320404205E0,2.455194397E0
1.828357177E2,-8.132588196E-1,-9.972262573E-1,2.451601868E0
1.828558827E2,-9.861492920E-1,-9.029223633E-1,3.138074341E0
1.828760471E2,-1.228195953E0,-7.295828247E-1,3.486250305E0
1.828962121E2,-1.543290710E0,-4.314028931E-1,3.666026459E0
1.829163771E2,-1.897304535E0,-4.969665527E-2,4.697681122E0
1.829365421E2,-1.852547607E0,4.397854614E-1,5.808970184E0
1.829567071E2,-1.681902466E0,7.694000244E-1,6.761589203E0
1.829768711E2,-1.864822083E0,1.170266418E0,8.447233887E0
1.829970361E2,-2.977158966E0,1.550475769E0,1.039348663E1
1.830172011E2,-4.067790985E0,1.973196716E0,1.168724625E1
1.830373661E2,-3.103645935E0,2.658172302E0,1.222432938E1
1.830575311E2,-1.062041473E0,3.143313446E0,1.218047058E1
1.830776961E2,2.451901245E-1,2.576741638E0,1.543200897E1
1.830978611E2,1.523232422E0,2.411784668E0,1.531974243E1
1.831180261E2,2.609224091E0,1.054706726E0,1.907588150E1
1.831381911E2,3.533551941E0,5.050497437E-1,1.984333557E1
1.831583561E2,4.337979126E0,6.256988525E-1,1.898337387E1
1.831785211E2,4.213138733E0,7.587721252E-1,1.746298553E1
1.831986861E2,4.097579041E0,6.605763245E-1,1.644899414E1
1.832188511E2,4.162244568E0,1.254391479E-1,1.567675003E1
1.832390161E2,3.809727631E0,-7.435038757E-1,1.568468353E1
1.832591801E2,3.109184418E0,-1.152154083E0,1.379381561E1
1.832793451E2,2.174677734E0,-1.387464752E0,1.243509109E1
1.832995101E2,1.658551025E0,-9.708810425E-1,1.101828735E1
1.833196751E2,1.677860870E0,-5.749543762E-1,1.115330658E1
1.833398401E2,2.205363922E0,-5.547463989E-1,1.022074585E1
1.833600051E2,2.148033142E0,-4.433779907E-1,9.688901825E0
1.833801701E2,1.669777679E0,-4.987628174E-1,9.035809937E0
1.834003351E2,1.473386078E0,-4.848417664E-1,8.140970764E0
1.834205001E2,1.311722260E0,-4.493655396E-1,7.295528870E0
1.834406651E2,1.061891785E0,-3.294648743E-1,6.769822083E0
1.834608301E2,8.710386658E-1,-3.300636292E-1,6.568790131E0
1.834809951E2,9.440867615E-1,-4.022135925E-1,6.376589813E0
1.835011601E2,9.852511597E-1,-4.436773682E-1,5.826633453E0
1.835213251E2,1.011895752E0,-4.191284180E-1,5.214406586E0
1.835414901E2,1.156794434E0,-3.109034729E-1,4.587959290E0
1.835616551E2,1.045575714E0,-2.291734314E-1,4.146826630E0
1.835818191E2,1.021026764E0,-5.328918457E-2,3.710633698E0
1.836019841E2,9.693841553E-1,1.242416382E-2,3.762276306E0
1.836221491E2,5.204676819E-1,-1.636097717E-1,3.922592926E0
1.836423141E2,8.143066406E-2,-2.330653381E-1,4.524491272E0
1.836624791E2,-9.131011963E-2,-2.558180237E-1,5.838608551E0
1.836826441E2,-6.797364807E-1,-5.013075256E-1,7.493417358E0
1.837028091E2,-1.587448883E0,-5.812413025E-1,8.740324402E0
1.837229741E2,-2.225422211E0,-3.966751099E-1,9.031918030E0
1.837431391E2,-2.927612000E0,-3.821553040E-1,1.000579285E1
1.837633041E2,-3.624412994E0,-7.125183105E-1,1.174382858E1
1.837834691E2,-4.464166718E0,-5.861810303E-1,1.229079117E1
1.838036341E2,-5.216801605E0,-3.126997375E-1,1.256876312E1
1.838237991E2,-5.356910248E0,-9.436376953E-1,1.491363693E1
1.838439641E2,-3.265609131E0,-1.175206146E0,1.661919022E1
1.838641291E2,2.754272461E-2,7.896080017E-1,1.438463699E1
1.838842947E2,5.144801331E-1,1.526974640E0,1.340552307E1
1.839044598E2,-1.167272644E0,1.277443542E0,1.473909988E1
1.839246248E2,-1.576820984E0,1.603615265E0,1.375085495E1
1.839447898E2,-8.921447754E-1,1.572330322E0,1.219678665E1
1.839649548E2,3.110531616E-1,1.502425690E0,1.129116989E1
1.839851197E2,1.533710632E0,6.822811890E-1,1.291813660E1
1.840052848E2,3.013533325E0,5.463638306E-1,1.161090500E1
1.840254498E2,3.265459442E0,8.399034119E-1,9.541009369E0
1.840456138E2,2.019899597E0,7.776329041E-1,1.025143204E1
1.840657787E2,7.229965210E-1,4.222718811E-1,1.147393982E1
1.840859438E2,8.967851257E-1,4.104464722E-1,1.223226288E1
1.841061088E2,1.591939545E0,5.134323120E-2,1.244811401E1
1.841262738E2,1.274898834E0,-1.734892273E-1,1.226714035E1
1.841464388E2,3.893403625E-1,-3.878434753E-1,1.201835770E1
1.841666037E2,-2.001338196E-1,-6.213578796E-1,1.208616669E1
1.841867688E2,-2.637515259E-1,-9.656419373E-1,1.292651917E1
1.842069338E2,-3.113525391E-1,-1.617835693E0,1.436951843E1
1.842270988E2,-5.542973328E-1,-2.265389099E0,1.486438934E1
1.842472638E2,-1.132544861E0,-2.589315491E0,1.449001785E1
1.842674287E2,-1.331032104E0,-2.530188446E0,1.350252136E1
1.842875938E2,-1.100361786E0,-2.614014130E0,1.262654297E1
1.843077588E2,-1.005608826E0,-2.709365845E0,1.194051956E1
1.843279238E2,-9.369017029E-1,-2.831511841E0,1.100122284E1
1.843480888E2,-7.667056274E-1,-2.666255493E0,9.658515015E0
1.843682537E2,-6.599775696E-1,-2.127076721E0,8.483757935E0
1.843884187E2,-7.882608032E-1,-1.844763794E0,7.634723511E0
1.844085838E2,-5.927673340E-1,-1.700463867E0,7.386240234E0
1.844287488E2,-2.430944824E-1,-1.515598297E0,6.702162781E0
1.844489138E2,3.881428528E-1,-1.220112762E0,6.157295837E0
1.844690788E2,5.924679565E-1,-7.491920471E-1,5.266947327E0
1.844892437E2,3.438349915E-1,-7.095245361E-2,4.599784698E0
1.845094088E2,1.895059204E-1,3.658392334E-1,3.905678101E0
1.845295738E2,-9.879455566E-2,8.969348145E-1,3.350782013E0
1.845497388E2,-4.011657715E-1,1.189725952E0,3.067121887E0
1.845699038E2,-5.298980713E-1,1.314865723E0,3.920197906E0
1.845900687E2,-6.207591248E-1,1.093476105E0,4.967719574E0
1.846102338E2,-2.076182556E-1,1.031654663E0,6.309529266E0
1.846303988E2,7.723937988E-2,1.052461395E0,7.159761200E0
1.846505638E2,-4.266128540E-2,1.259780273E0,8.071964264E0
1.846707288E2,-6.197113037E-2,1.528920593E0,8.010741577E0
1.846908937E2,4.649331665E-1,2.101330261E0,8.187523956E0
1.847110588E2,9.077124023E-1,2.386187897E0,9.415121155E0
1.847312238E2,1.276994476E0,2.399659882E0,1.087174210E1
1.847513888E2,1.352287903E0,2.930605774E0,1.083327209E1
1.847715538E2,1.025068359E0,3.426973572E0,1.034992722E1
1.847917187E2,1.262025604E0,3.309916992E0,1.169503006E1
1.848118837E2,2.133363647E0,3.111878815E0,1.298310150E1
1.848320488E2,2.951113129E0,2.873424683E0,1.413780029E1
1.848522138E2,3.202739868E0,2.847229156E0,1.507709702E1
1.848723788E2,2.497705994E0,2.975063324E0,1.517813690E1
1.848925436E2,1.036145325E0,2.955603790E0,1.591340790E1
1.849127086E2,4.665797424E-1,2.659220123E0,1.664433792E1
1.849328736E2,2.050735474E-1,1.938319244E0,1.751582565E1
1.849530386E2,-1.294807434E-1,1.907483368E0,1.640977570E1
1.849732036E2,-4.177812195E-1,2.067949677E0,1.433059937E1
1.849933686E2,-6.445596313E-1,2.136956177E0,1.264345779E1
1.850135336E2,-7.851173401E-1,1.535506897E0,1.308474014E1
1.850336986E2,-7.999365234E-1,2.646496582E-1,1.414154251E1
1.850538636E2,-8.259823608E-1,-5.972579956E-1,1.350446732E1
1.850740286E2,-1.192570038E0,-1.046922913E0,1.166479294E1
1.850941936E2,-1.572180634E0,-1.125060425E0,9.533973999E0
1.851143586E2,-1.625918884E0,-8.234376526E-1,7.258256378E0
1.851345236E2,-1.507814484E0,-6.554869080E-1,6.147566071E0
1.851546886E2,-1.397194519E0,-8.946894836E-1,6.874005432E0
1.851748536E2,-1.191372528E0,-1.051413574E0,6.681056671E0
1.851950186E2,-1.248254242E0,-1.088237000E0,6.208788757E0
1.852151836E2,-1.577569427E0,-8.250842285E-1,5.382207642E0
1.852353486E2,-2.068997498E0,-5.870791626E-1,4.239783325E0
1.852555136E2,-2.990181885E0,-5.010081482E-1,3.567231903E0
1.852756786E2,-2.413580933E0,-2.200424194E-2,2.979703674E0
1.852958436E2,-1.969903564E0,-2.707868958E-1,3.658991089E0
1.853160086E2,-1.040635986E0,-1.950444031E-1,5.340145111E0
1.853361736E2,-2.239343262E-1,1.047821045E-1,3.914509735E0
1.853563386E2,-1.089284821E0,4.227209473E-1,3.435805206E0
1.853765036E2,-2.354902954E0,6.646179199E-1,1.953138428E0
1.853966686E2,-3.231629791E0,3.712280273E-2,2.474803619E0
1.854168336E2,-3.205583954E0,-7.198530579E-1,5.061724091E0
1.854369986E2,-3.029100952E0,-9.822573853E-1,7.313790894E0
1.854571636E2,-3.880680084E0,-3.918850708E-1,7.773185577E0
1.854773286E2,-4.069587250E0,1.790277100E-1,7.516619110E0
1.854974936E2,-4.323459320E0,1.568737793E-1,7.154073029E0
1.855176586E2,-4.770729218E0,-1.712438965E-1,8.586594086E0
1.855378236E2,-5.198988647E0,-3.082090759E-1,1.242102036E1
1.855579886E2,-3.440744934E0,-1.191372528E0,1.666140244E1
1.855781536E2,-1.287322998E0,-1.857637024E0,1.663969757E1
1.855983186E2,-2.951861572E-1,-1.753902740E0,1.566911591E1
1.856184836E2,-1.860630798E0,-9.827064514E-1,1.403526352E1
1.856386486E2,-1.987117767E0,-1.337768097E0,1.529040344E1
1.856588136E2,7.752378845E-1,-1.509011993E0,1.537916885E1
1.856789786E2,2.834655304E0,-1.564097443E0,1.413091461E1
1.856991436E2,4.029171295E0,-1.387015686E0,1.241308685E1
1.857193086E2,4.396806793E0,-1.102307739E0,1.176867691E1
1.857394736E2,4.110601959E0,-1.284029846E0,1.332528992E1
1.857596386E2,3.353027344E0,-1.358724518E0,1.459659622E1
1.857798036E2,2.686912537E0,-1.068178711E0,1.391910507E1
1.857999686E2,2.571053467E0,-4.915777588E-1,1.229049179E1
1.858201336E2,2.070943451E0,-3.770658875E-1,1.264570312E1
1.858402986E2,1.200952606E0,-1.113534393E0,1.605112152E1
1.858604636E2,8.958869934E-1,-1.896107025E0,1.778721130E1
1.858806282E2,4.116439819E-1,-2.177072754E0,1.583601883E1
1.859007932E2,-2.553689575E-1,-1.980531464E0,1.263088394E1
1.859209582E2,-9.503736877E-1,-2.024090881E0,1.147334106E1
1.859411232E2,-1.675166473E0,-2.673590240E0,1.123862915E1
1.859612882E2,-2.463277588E0,-3.166066132E0,9.926457825E0
1.859814532E2,-2.192490692E0,-3.172951813E0,7.879913635E0
1.860016182E2,-2.048789520E0,-3.457061005E0,6.439159698E0
1.860217832E2,-1.915716248E0,-3.993844757E0,4.906047821E0
1.860419482E2,-1.706601105E0,-4.303850098E0,3.173700256E0
1.860621132E2,-1.599723358E0,-4.759801941E0,2.908302155E0
1.860822782E2,-1.783840485E0,-4.852608948E0,3.483705597E0
1.861024432E2,-1.839824066E0,-5.223836975E0,4.676275635E0
1.861226082E2,-1.451531525E0,-5.509143677E0,4.779411163E0
1.861427732E2,-1.671274567E0,-6.165977783E0,4.075125732E0
1.861629382E2,-2.224973145E0,-6.752458191E0,3.761378174E0
1.861831032E2,-3.285817108E0,-7.461084595E0,3.933819580E0
1.862032682E2,-4.039948883E0,-8.851393433E0,5.496120758E0
1.862234332E2,-3.813619537E0,-9.650431824E0,6.795119476E0
1.862435982E2,-3.954027557E0,-1.028481262E1,7.146139526E0
1.862637632E2,-4.602928162E0,-1.091724747E1,6.814579010E0
1.862839282E2,-5.794749756E0,-1.224783051E1,6.535259857E0
1.863040932E2,-5.368436279E0,-1.364113312E1,6.586303711E0
1.863242582E2,-4.700225830E0,-1.435230423E1,6.605613556E0
1.863444232E2,-4.260590057E0,-1.265453476E1,6.981781311E0
1.863645882E2,-4.837490387E0,-1.113414642E1,7.204518127E0
1.863847532E2,-4.585115204E0,-1.028615982E1,7.285649414E0
1.864049182E2,-4.001927948E0,-1.055515045E1,7.455546112E0
1.864250832E2,-3.343596954E0,-1.118773499E1,8.129594421E0
1.864452482E2,-4.050127716E0,-1.143532013E1,9.137298889E0
1.864654132E2,-4.560117188E0,-1.138652161E1,8.829987946E0
1.864855782E2,-4.826862488E0,-1.097936829E1,8.447682953E0
1.865057432E2,-4.357139282E0,-1.017673737E1,7.648345184E0
1.865259082E2,-4.231999512E0,-9.346414032E0,7.401658173E0
1.865460732E2,-3.863016815E0,-8.590785370E0,7.150181122E0
1.865662382E2,-3.728596344E0,-7.663912811E0,7.576943665E0
1.865864032E2,-3.989803162E0,-6.584357758E0,8.656349030E0
1.866065682E2,-3.768263855E0,-5.765410767E0,8.632548523E0
1.866267332E2,-3.407214661E0,-4.840633850E0,7.368277588E0
1.866468982E2,-3.013683014E0,-4.120631104E0,6.947652283E0
1.866670632E2,-3.929328918E0,-4.269421692E0,7.746241608E0
1.866872282E2,-4.452191620E0,-4.412374420E0,7.770640869E0
1.867073932E2,-4.502936096E0,-4.663851471E0,7.290289764E0
1.867275582E2,-5.062622223E0,-5.142256622E0,7.177723846E0
1.867477232E2,-5.218747559E0,-5.677992554E0,7.929460602E0
1.867678882E2,-5.258564758E0,-6.164480896E0,8.987161102E0
1.867880532E2,-5.016518097E0,-6.727759552E0,9.980046387E0
1.868082182E2,-5.419031067E0,-7.307653656E0,1.073672287E1
1.868283832E2,-5.912105713E0,-8.247100067E0,1.105885300E1
1.868485482E2,-6.729256439E0,-9.379644928E0,1.153755753E1
1.868687142E2,-7.605534210E0,-1.172481812E1,1.104253693E1
1.868888791E2,-7.357649689E0,-1.314042435E1,1.058718384E1
1.869090431E2,-7.648045807E0,-1.393976212E1,9.426647186E0
1.869292091E2,-6.796616364E0,-1.365939514E1,8.247100067E0
1.869493741E2,-5.773344269E0,-1.342902420E1,7.717201996E0
1.869695391E2,-5.092709656E0,-1.404574173E1,7.393425293E0
1.869897041E2,-5.209317169E0,-1.494746658E1,6.757846985E0
1.870098691E2,-4.812642059E0,-1.551957687E1,6.299350433E0
1.870300341E2,-3.609743500E0,-1.535896088E1,5.475164337E0
1.870501991E2,-2.684218140E0,-1.521061935E1,4.712949371E0
1.870703641E2,-2.422861633E0,-1.428299835E1,4.148922272E0
1.870905291E2,-2.240091705E0,-1.279823593E1,3.522474976E0
1.871106941E2,-1.802252197E0,-1.129431335E1,3.525917816E0
1.871308591E2,-1.788480835E0,-1.022778122E1,3.562292175E0
1.871510241E2,-1.431622925E0,-9.008267212E0,1.823058929E0
1.871711891E2,-1.088835754E0,-8.052804108E0,3.003354492E0
1.871913541E2,-5.023553467E-1,-7.205116882E0,1.673070831E0
1.872115191E2,-4.933740234E-1,-6.508914642E0,1.094224548E0
1.872316841E2,-8.544232178E-1,-5.890550537E0,8.505313110E-1
1.872518491E2,-1.347797241E0,-5.570366364E0,6.134243774E-1
1.872720141E2,-1.144969025E0,-5.193150787E0,3.212319946E-1
1.872921791E2,-7.384144592E-1,-4.976401520E0,2.380050659E-2
1.873123441E2,-7.689509583E-1,-5.212760010E0,-3.570075989E-1
1.873325091E2,-1.104253693E0,-5.859415283E0,-1.941462708E-1
1.873526741E2,-1.642983398E0,-6.574328613E0,5.709127808E-1
1.873728391E2,-2.106868744E0,-7.541617126E0,1.951641541E0
1.873930041E2,-2.287393341E0,-8.687334595E0,2.457439728E0
1.874131691E2,-2.724185028E0,-1.025502457E1,2.075583801E0
1.874333341E2,-3.941902771E0,-1.134894974E1,2.986888733E0
1.874534991E2,-5.961353302E0,-1.247371078E1,4.456981659E0
1.874736641E2,-6.351591797E0,-1.340612183E1,5.639073486E0
1.874938291E2,-7.729775848E0,-1.483969070E1,6.034102020E0
1.875139941E2,-8.231682129E0,-1.633463196E1,5.699847107E0
1.875341591E2,-7.747139740E0,-1.573003922E1,6.987020416E0
1.875543241E2,-7.444169769E0,-1.391581192E1,8.857081604E0
1.875744891E2,-7.344327393E0,-1.246143631E1,9.137598267E0
1.875946541E2,-6.322552185E0,-1.144205612E1,1.020487885E1
1.876148191E2,-5.977519684E0,-1.052296738E1,1.102397552E1
1.876349841E2,-5.974525909E0,-9.706116028E0,9.316176910E0
1.876551491E2,-5.777385864E0,-8.836723938E0,7.632777557E0
1.876753141E2,-5.886808319E0,-7.929610291E0,7.283404083E0
1.876954791E2,-5.577401733E0,-6.541247406E0,7.180418243E0
1.877156441E2,-5.475613403E0,-5.500162354E0,6.648873596E0
1.877358091E2,-5.701194305E0,-4.559518433E0,5.574407959E0
1.877559741E2,-5.705535278E0,-3.825744324E0,4.771926727E0
1.877761391E2,-5.028193817E0,-3.324586487E0,4.788093109E0
1.877963041E2,-4.275259552E0,-3.114124146E0,5.041665802E0
1.878164691E2,-4.291725311E0,-3.317401428E0,5.337450714E0
1.878366341E2,-4.951553192E0,-3.839216309E0,5.864804077E0
1.878567991E2,-5.291795654E0,-4.532873840E0,5.959856415E0
1.878769641E2,-5.165308685E0,-5.560636597E0,5.841003571E0
1.878971295E2,-5.343587952E0,-6.388714600E0,5.989943848E0
1.879172945E2,-6.281687164E0,-7.148534546E0,6.532715149E0
1.879374595E2,-7.023993530E0,-7.626640320E0,7.473209381E0
1.879576245E2,-6.500382385E0,-8.338859253E0,8.305478668E0
1.879777895E2,-5.885910187E0,-8.747060394E0,8.663234711E0
1.879979545E2,-6.450985107E0,-9.721234589E0,9.116791534E0
1.880181195E2,-7.485184479E0,-1.091230774E1,9.454938354E0
1.880382845E2,-7.887847137E0,-1.256067993E1,9.108558655E0
1.880584495E2,-7.329508209E0,-1.265678009E1,9.196875000E0
1.880786145E2,-6.851851501E0,-1.198737213E1,8.663683777E0
1.880987795E2,-6.704408112E0,-1.159698395E1,7.510182495E0
1.881189445E2,-6.364315338E0,-1.219454132E1,6.304589539E0
1.881391095E2,-5.527106323E0,-1.308369232E1,5.926924896E0
1.881592745E2,-5.364095306E0,-1.356838440E1,6.339317322E0
1.881794395E2,-5.267097015E0,-1.375998596E1,6.337371368E0
1.881996045E2,-5.340145111E0,-1.376657227E1,6.077811127E0
1.882197695E2,-5.035678253E0,-1.328891556E1,5.047204285E0
1.882399345E2,-3.615731049E0,-1.195653625E1,4.969815216E0
1.882600995E2,-3.098406830E0,-1.100646194E1,2.135758667E0
1.882802645E2,-3.501368866E0,-9.748028870E0,2.158511353E0
1.883004295E2,-3.554807739E0,-8.675658875E0,2.241588593E0
1.883205945E2,-2.892285461E0,-7.617509308E0,2.936593323E0
1.883407595E2,-1.994901581E0,-6.886878662E0,2.175725555E0
1.883609245E2,-1.733395386E0,-6.144123230E0,2.055824890E0
1.883810895E2,-1.970951385E0,-5.928122406E0,1.679208069E0
1.884012545E2,-2.225422211E0,-5.646108856E0,1.616937561E0
1.884214195E2,-1.972897339E0,-5.407505035E0,8.270301819E-1
1.884415845E2,-1.933529205E0,-5.610782318E0,5.968089294E-1
1.884617495E2,-1.585203552E0,-5.824238434E0,5.023553467E-1
1.884819155E2,-1.507515106E0,-6.203250275E0,-5.703140259E-2
1.885020805E2,-1.944456482E0,-7.370672607E0,4.646337891E-1
1.885222455E2,-2.314487000E0,-8.519832916E0,2.092498627E0
1.885424105E2,-1.995200958E0,-1.007345215E1,2.576591949E0
1.885625755E2,-2.660118256E0,-1.112905701E1,3.620521088E0
1.885827405E2,-4.097279663E0,-1.188752975E1,4.551734619E0
1.886029055E2,-5.342091064E0,-1.242176880E1,4.566254425E0
1.886230705E2,-5.052144012E0,-1.198707275E1,4.255051575E0
1.886432355E2,-4.661905518E0,-1.142738663E1,4.935536499E0
1.886634005E2,-5.937852173E0,-1.197644485E1,7.211553497E0
1.886835655E2,-6.740632782E0,-1.214065338E1,8.061486053E0
1.887037305E2,-5.954617310E0,-1.178843582E1,7.575895844E0
1.887238955E2,-4.522096252E0,-1.132754425E1,8.265811157E0
1.887440605E2,-4.419709167E0,-1.098999619E1,9.301058350E0
1.887642255E2,-4.136947174E0,-9.968819733E0,8.929680634E0
1.887843905E2,-3.232378235E0,-8.800648956E0,8.865015106E0
1.888045555E2,-2.738405457E0,-7.781717834E0,9.516161041E0
1.888247205E2,-2.785108337E0,-6.442303162E0,1.012344818E1
1.888448855E2,-3.402125244E0,-5.929469604E0,9.653874664E0
1.888650505E2,-3.383713531E0,-5.191055145E0,8.497678986E0
1.888852154E2,-2.781216431E0,-4.714745636E0,8.452772369E0
1.889053804E2,-2.556234283E0,-4.620591431E0,8.638386383E0
1.889255454E2,-2.935096436E0,-4.818479919E0,8.356672211E0
1.889457104E2,-2.862048340E0,-4.987478485E0,7.424410858E0
1.889658754E2,-2.414179688E0,-5.344935150E0,7.250322876E0
1.889860404E2,-2.404150543E0,-5.961053925E0,8.121062164E0
1.890062054E2,-2.788700867E0,-6.718329163E0,9.309440918E0
1.890263704E2,-2.861599274E0,-7.244035950E0,1.040216858E1
1.890465354E2,-2.289339294E0,-7.223229218E0,1.159713364E1
1.890667004E2,-2.267784119E0,-7.025640106E0,1.211041626E1
1.890868654E2,-2.732567596E0,-7.290738831E0,1.166898422E1
1.891070304E2,-3.494333496E0,-8.403375092E0,1.054826477E1
1.891271954E2,-4.016896820E0,-9.508975983E0,1.030067963E1
1.891473604E2,-4.425097961E0,-1.078133011E1,1.040127045E1
1.891675254E2,-4.153712311E0,-1.101379669E1,1.070304291E1
1.891876904E2,-4.414020996E0,-1.085677322E1,1.064960403E1
1.892078554E2,-5.191953278E0,-1.099688187E1,9.261390839E0
1.892280204E2,-4.843927002E0,-1.106618774E1,7.707023163E0
1.892481854E2,-3.883973236E0,-1.148860931E1,6.806046753E0
1.892683504E2,-3.176694031E0,-1.183558777E1,7.106921082E0
1.892885154E2,-2.589465179E0,-1.262265106E1,8.555159454E0
1.893086804E2,-2.629731445E0,-1.260199402E1,9.758656769E0
1.893288454E2,-3.015329590E0,-1.219963074E1,8.364755402E0
1.893490114E2,-2.771935730E0,-1.106768463E1,5.764961700E0
1.893691764E2,-2.090852051E0,-1.001207977E1,4.675527191E0
1.893893414E2,-1.656305695E0,-8.976383514E0,3.506757660E0
1.894095064E2,-1.492246857E0,-7.931107178E0,3.232078857E0
1.894296714E2,-1.558558960E0,-7.271279297E0,3.206482086E0
1.894498364E2,-1.407822418E0,-6.848708038E0,2.954705658E0
1.894700014E2,-1.170416107E0,-6.663543091E0,2.297123108E0
1.894901664E2,-1.113534393E0,-6.323749695E0,1.639989624E0
1.895103314E2,-8.791218567E-1,-6.112987976E0,6.477030945E-1
1.895304964E2,-5.538482666E-1,-5.870342560E0,8.801696777E-2
1.895506614E2,-7.023394775E-1,-5.662873993E0,5.427713013E-1
1.895708264E2,-1.030906219E0,-5.529052277E0,1.127455444E0
1.895909914E2,-1.014590149E0,-5.612877960E0,6.863227844E-1
1.896111564E2,-1.207838287E0,-6.145320740E0,7.420069885E-1
1.896313214E2,-1.299148407E0,-6.637347565E0,6.854246521E-1
1.896514864E2,-1.429826660E0,-7.858957214E0,3.948788452E-1
1.896716514E2,-1.514999542E0,-9.445957031E0,1.749861145E0
1.896918164E2,-1.655407562E0,-1.103175934E1,4.022584991E0
1.897119814E2,-2.000140686E0,-1.220292389E1,5.920039215E0
1.897321464E2,-3.188519440E0,-1.336944809E1,7.271728363E0
1.897523114E2,-4.341122589E0,-1.483475098E1,7.209308167E0
1.897724764E2,-4.529880066E0,-1.604079300E1,6.706952820E0
1.897926414E2,-2.681972809E0,-1.543590088E1,8.998836823E0
1.898128064E2,-1.910926208E0,-1.357137817E1,1.301857773E1
1.898329714E2,-1.786085815E0,-1.109358078E1,1.351165237E1
1.898531364E2,-1.087488556E0,-9.087452545E0,1.174113419E1
1.898733014E2,-1.504671021E0,-8.419990540E0,1.184636536E1
1.898934663E2,-7.467970276E-1,-8.054750061E0,1.210817093E1
1.899136313E2,-3.468287659E-1,-7.976313171E0,1.009919861E1
1.899337962E2,-8.020321655E-1,-7.462132416E0,9.423354034E0
1.899539612E2,-2.365530853E0,-6.903643799E0,8.257578278E0
1.899741263E2,-3.558100891E0,-5.828878784E0,7.673193512E0
1.899942913E2,-3.402873688E0,-4.999004517E0,7.237749023E0
1.900144563E2,-3.007545776E0,-4.117487640E0,6.756200409E0
1.900346213E2,-3.716321869E0,-3.588338013E0,6.164181519E0
1.900547873E2,-3.859124908E0,-3.250191193E0,5.479355621E0
1.900749522E2,-3.603306885E0,-3.186423798E0,6.043682098E0
1.900951173E2,-3.072810059E0,-3.415597229E0,6.696624298E0
1.901152823E2,-2.910248108E0,-3.852987671E0,6.623276825E0
1.901354473E2,-3.063379669E0,-5.000351715E0,7.498506775E0
1.901556123E2,-2.787952423E0,-6.443949738E0,8.849447479E0
1.901757772E2,-3.219804382E0,-7.714208221E0,1.098266144E1
1.901959422E2,-3.920197906E0,-8.105344849E0,1.242102036E1
1.902161073E2,-4.357887726E0,-8.075257416E0,1.295166687E1
1.902362723E2,-4.058061218E0,-8.875792694E0,1.347168549E1
1.902564373E2,-3.347189484E0,-9.613458710E0,1.362227234E1
1.902766022E2,-3.745511169E0,-1.005938141E1,1.266965332E1
1.902967672E2,-4.831053772E0,-1.173379944E1,1.085946762E1
1.903169323E2,-5.328170013E0,-1.420186707E1,9.838440857E0
1.903370973E2,-4.996759186E0,-1.627819931E1,9.863887939E0
1.903572623E2,-3.159330139E0,-1.639390869E1,9.662406921E0
1.903774273E2,-1.259780273E0,-1.485166580E1,9.377100220E0
1.903975922E2,-1.097368011E0,-1.344758560E1,8.956624603E0
1.904177573E2,-1.867217102E0,-1.283026932E1,7.210056610E0
1.904379223E2,-2.259850616E0,-1.240665024E1,6.021977234E0
1.904580873E2,-2.303559723E0,-1.195593750E1,4.676425323E0
1.904782523E2,-1.968556366E0,-1.131616791E1,2.375260620E0
1.904984172E2,-1.645827484E0,-1.030741562E1,1.963017883E0
1.905185823E2,-1.710343323E0,-9.658964081E0,3.392395477E0
1.905387473E2,-1.582509155E0,-9.129515076E0,3.926185455E0
1.905589123E2,-1.536105652E0,-8.715775452E0,3.173101501E0
1.905790773E2,-1.390308838E0,-8.029452667E0,2.245031433E0
1.905992422E2,-1.228495331E0,-7.349416809E0,1.485959930E0
1.906194083E2,-1.022074585E0,-6.595434723E0,1.258283386E0
1.906395732E2,-7.241940308E-1,-6.003415833E0,1.309476929E0
1.906597383E2,-2.302212524E-1,-5.656886444E0,1.353934479E0
1.906799033E2,-3.293151855E-3,-5.271138611E0,1.308129730E0
1.907000683E2,-1.598675537E-1,-4.833299103E0,1.243314514E0
1.907202333E2,-6.233038330E-1,-4.648433533E0,7.791297913E-1
1.907403982E2,-8.907975769E-1,-4.710704041E0,4.558021545E-1
1.907605633E2,-1.078058167E0,-4.816683655E0,4.799020386E-1
1.907807283E2,-1.456171875E0,-5.169050903E0,6.173162842E-1
1.908008933E2,-1.916015625E0,-6.276148682E0,1.047821045E0
1.908210583E2,-2.205962677E0,-7.247179413E0,1.783690796E0
1.908412232E2,-2.843337250E0,-8.030201111E0,2.140099640E0
1.908613883E2,-3.410956879E0,-8.783434753E0,2.831212463E0
1.908815533E2,-4.162244568E0,-1.027777725E1,5.106481018E0
1.909017186E2,-3.346291351E0,-1.184412003E1,7.650141449E0
1.909218836E2,-2.512225800E0,-1.341585159E1,8.600964203E0
1.909420486E2,-1.597927094E0,-1.467353622E1,9.989925842E0
1.909622136E2,-2.673889618E0,-1.602432724E1,1.186447769E1
1.909823786E2,-3.331322479E0,-1.657473267E1,1.260453873E1
1.910025436E2,-3.771407318E0,-1.750938904E1,1.181792450E1
1.910227086E2,-3.021915894E0,-1.677336960E1,1.100556381E1
1.910428736E2,-1.970801697E0,-1.377570328E1,1.130000153E1
1.910630386E2,-2.642155609E0,-1.138562347E1,1.169218597E1
1.910832036E2,-3.597319336E0,-9.902657318E0,1.159623550E1
1.911033686E2,-3.497926025E0,-8.946745148E0,1.068328400E1
1.911235346E2,-2.158661041E0,-8.060587921E0,8.598419495E0
1.911436996E2,-1.540147247E0,-7.331603851E0,7.928412781E0
1.911638646E2,-2.321222992E0,-7.004983063E0,6.920259247E0
1.911840296E2,-3.404969330E0,-6.572232971E0,7.247329102E0
1.912041946E2,-3.473676453E0,-5.958808594E0,6.747967529E0
1.912243596E2,-3.627257080E0,-5.510490875E0,6.177204437E0
1.912445246E2,-3.719914398E0,-5.231171722E0,5.775739288E0
1.912646896E2,-3.509751434E0,-4.796325989E0,5.928571472E0
1.912848546E2,-3.464246063E0,-4.658013611E0,6.515201569E0
1.913050196E2,-3.589984589E0,-4.648134155E0,7.102879486E0
1.913251846E2,-4.133953400E0,-5.061424713E0,7.233408051E0
1.913453496E2,-5.096002808E0,-5.712570648E0,7.329657898E0
1.913655146E2,-5.871689758E0,-6.416257324E0,7.270381165E0
1.913856796E2,-5.786217499E0,-7.280559998E0,6.867868195E0
1.914058446E2,-5.069058838E0,-8.248447266E0,6.702162781E0
1.914260096E2,-4.438420258E0,-9.258546753E0,6.794071655E0
1.914461746E2,-3.988905029E0,-9.682764587E0,7.781717834E0
1.914663396E2,-3.831881561E0,-1.006327332E1,9.072184296E0
1.914865046E2,-3.562741241E0,-1.056562866E1,8.752898254E0
1.915066696E2,-3.597019958E0,-1.109717331E1,7.742499390E0
1.915268346E2,-3.427422638E0,-1.143771515E1,7.099885712E0
1.915469996E2,-3.211122437E0,-1.176882660E1,6.631210327E0
1.915671646E2,-2.773432617E0,-1.222852066E1,6.574927368E0
1.915873296E2,-2.376607819E0,-1.293639862E1,6.543193359E0
1.916074956E2,-1.765578461E0,-1.283326309E1,5.895490265E0
1.916276606E2,-1.849254456E0,-1.238554413E1,5.058281250E0
1.916478256E2,-2.750081177E0,-1.214229996E1,3.892954559E0
1.916679906E2,-3.130889282E0,-1.174876831E1,2.689906311E0
1.916881556E2,-2.754122772E0,-1.133203491E1,2.675386505E0
1.917083206E2,-2.153272247E0,-1.119821320E1,2.766546936E0
1.917284856E2,-1.495540009E0,-1.194366302E1,3.166515198E0
1.917486506E2,-1.636846161E0,-1.221624619E1,3.533551941E0
1.917688156E2,-1.968706055E0,-1.135059631E1,3.123404846E0
1.917889806E2,-1.774859161E0,-9.563462677E0,2.814147949E0
1.918091456E2,-1.739981689E0,-8.208779755E0,2.333198090E0
1.918293106E2,-1.583107910E0,-7.485184479E0,3.934568024E0
1.918494756E2,-1.827848969E0,-7.979007568E0,1.538500671E0
1.918696406E2,-2.565664673E0,-8.019722900E0,9.107061768E-1
1.918898052E2,-2.854863281E0,-8.332272949E0,1.299298096E0
1.919099702E2,-2.410736847E0,-8.174800415E0,1.623523865E0
1.919301352E2,-2.404150543E0,-8.046367493E0,1.532363434E0
1.919503002E2,-2.614014130E0,-8.154293060E0,1.510957947E0
1.919704652E2,-2.721490631E0,-8.528963928E0,2.032323761E0
1.919906302E2,-2.274819489E0,-8.284971313E0,2.620001678E0
1.920107952E2,-2.307301941E0,-8.104446716E0,2.544259186E0
1.920309612E2,-2.729573822E0,-8.061785431E0,2.207459564E0
1.920511262E2,-3.335064697E0,-8.278235321E0,2.297572174E0
1.920712912E2,-3.470233612E0,-8.319250031E0,2.653981018E0
1.920914562E2,-3.080294495E0,-8.396339722E0,3.243754578E0
1.921116212E2,-2.906206512E0,-8.618028717E0,3.584446106E0
1.921317862E2,-3.453019409E0,-8.977581024E0,3.744912415E0
1.921519512E2,-4.302652588E0,-9.393865356E0,3.975133667E0
1.921721162E2,-5.244344330E0,-9.393416290E0,3.072959747E0
1.921922812E2,-5.322032776E0,-1.024275009E1,5.252128143E0
1.922124462E2,-5.006039886E0,-1.076007431E1,8.375233612E0
1.922326112E2,-5.019811249E0,-1.047072601E1,8.862021332E0
1.922527762E2,-4.763095093E0,-1.003453308E1,9.119036865E0
1.922729412E2,-4.245321808E0,-9.409882050E0,7.485184479E0
1.922931062E2,-3.848497009E0,-8.784332886E0,7.623496857E0
1.923132712E2,-3.882326660E0,-8.318501587E0,9.218579865E0
1.923334362E2,-3.920497284E0,-8.010442200E0,9.842482452E0
1.923536012E2,-3.954326935E0,-7.630681915E0,9.430688782E0
1.923737662E2,-4.321663055E0,-7.665559387E0,8.238867188E0
1.923939312E2,-4.101470947E0,-7.440427551E0,7.577692108E0
1.924140962E2,-4.007017365E0,-7.383396149E0,6.941964111E0
1.924342612E2,-3.702400818E0,-7.377857666E0,6.741680603E0
1.924544272E2,-4.109554138E0,-7.869285736E0,6.586303711E0
1.924745922E2,-4.443060608E0,-8.353828125E0,6.493047638E0
1.924947572E2,-4.374652863E0,-8.922645264E0,6.593638458E0
1.925149222E2,-3.886517944E0,-9.540111237E0,6.980434113E0
1.925350872E2,-3.259771271E0,-1.032642609E1,7.191944275E0
1.925552522E2,-2.609373779E0,-1.113294891E1,7.653584290E0
1.925754172E2,-2.263892212E0,-1.163141235E1,7.231462097E0
1.925955822E2,-2.764151917E0,-1.194081894E1,6.666087799E0
1.926157472E2,-3.395688629E0,-1.247371078E1,7.442822571E0
1.926359122E2,-3.544928284E0,-1.350461700E1,7.216642914E0
1.926560772E2,-2.954106903E0,-1.350102448E1,6.057752838E0
1.926762422E2,-3.009491730E0,-1.291424469E1,4.589905243E0
1.926964072E2,-2.820135498E0,-1.214424591E1,4.449048157E0
1.927165722E2,-2.395767975E0,-1.131646729E1,5.258265381E0
1.927367372E2,-2.880609741E0,-1.074091415E1,6.296955414E0
1.927569022E2,-3.194506989E0,-1.053254745E1,5.834267578E0
1.927770672E2,-3.696712646E0,-1.084419937E1,4.374203796E0
1.927972322E2,-3.755989380E0,-1.107442062E1,3.182232513E0
1.928173972E2,-3.144660645E0,-1.097308136E1,2.672093353E0
1.928375622E2,-2.519710236E0,-1.075079361E1,2.720293121E0
1.928577282E2,-2.149080963E0,-1.034349060E1,2.172731781E0
1.928778932E2,-1.846410370E0,-9.367370453E0,1.424587555E0
1.928980584E2,-1.864073639E0,-8.464897156E0,1.256038055E0
1.929182234E2,-1.936972046E0,-7.583829346E0,1.532662811E0
1.929383884E2,-1.951791229E0,-6.746620331E0,1.078357544E0
1.929585534E2,-1.674418030E0,-5.992787933E0,5.525010681E-1
1.929787184E2,-1.896406403E0,-5.653742981E0,3.821553040E-1
1.929988834E2,-2.223176880E0,-5.285209351E0,3.332070923E-1
1.930190484E2,-2.680326233E0,-5.189857635E0,4.197271729E-1
1.930392134E2,-3.235671387E0,-5.243296509E0,3.921844482E-1
1.930593784E2,-3.346141663E0,-5.181774445E0,3.797602844E-1
1.930795434E2,-3.293002167E0,-5.259313202E0,3.908372498E-1
1.930997084E2,-3.493285675E0,-5.665269012E0,9.349557495E-1
1.931198734E2,-3.950884094E0,-6.068081360E0,1.952090607E0
1.931400384E2,-4.385879517E0,-6.616241455E0,2.675835571E0
1.931602034E2,-4.752167816E0,-6.985224152E0,2.706821136E0
1.931803684E2,-5.551804962E0,-7.778873749E0,3.175346832E0
1.932005334E2,-6.514602814E0,-8.394393768E0,4.862338715E0
1.932206984E2,-6.650669861E0,-8.976832581E0,6.775210876E0
1.932408644E2,-6.313870239E0,-9.650132446E0,8.797505493E0
1.932610294E2,-6.470594330E0,-1.008542725E1,1.027433441E1
1.932811944E2,-6.561455383E0,-1.023601410E1,9.896220703E0
1.933013594E2,-6.543343048E0,-1.068747528E1,9.466165009E0
1.933215244E2,-5.753884735E0,-1.032956955E1,9.832752686E0
1.933416894E2,-5.365442505E0,-9.263785858E0,1.117965179E1
1.933618544E2,-4.105213165E0,-7.993677063E0,1.174263107E1
1.933820194E2,-2.195334778E0,-7.598648529E0,1.222612564E1
1.934021844E2,-1.949396210E0,-8.060438232E0,1.214424591E1
1.934223494E2,-2.414928131E0,-8.340655518E0,1.045575714E1
1.934425144E2,-2.620151367E0,-8.315058746E0,8.613687744E0
1.934626794E2,-2.799927521E0,-7.980803833E0,7.235653381E0
1.934828444E2,-2.734214172E0,-7.464826813E0,6.962022400E0
1.935030094E2,-2.965333557E0,-6.928791504E0,6.654112701E0
1.935231744E2,-3.065475311E0,-6.510411530E0,6.198160858E0
1.935433394E2,-2.980751495E0,-6.395151215E0,5.637875977E0
1.935635044E2,-2.758014679E0,-6.778504028E0,5.857469330E0
1.935836694E2,-2.309996338E0,-7.567513275E0,7.572902069E0
1.936038354E2,-2.770289154E0,-8.365503845E0,8.709787903E0
1.936240004E2,-3.247496796E0,-8.752898254E0,7.547754364E0
1.936441654E2,-2.940335541E0,-8.927435303E0,7.005731506E0
1.936643304E2,-2.990930328E0,-9.509125671E0,7.957302704E0
1.936844954E2,-2.825374603E0,-1.019814285E1,9.010961609E0
1.937046604E2,-2.678080902E0,-1.056622742E1,8.540789337E0
1.937248254E2,-2.503244476E0,-1.078881454E1,6.892417145E0
1.937449904E2,-2.356100464E0,-1.074735077E1,6.172264709E0
1.937651554E2,-2.371219025E0,-1.076246933E1,5.705086212E0
1.937853204E2,-2.302960968E0,-1.074315948E1,5.201084290E0
1.938054854E2,-2.036065979E0,-1.043689636E1,4.769831085E0
1.938256504E2,-2.114053802E0,-1.019664597E1,4.333937531E0
1.938458154E2,-2.462828522E0,-1.005893234E1,3.958967285E0
1.938659804E2,-2.377955017E0,-9.870174866E0,3.842060394E0
1.938861454E2,-2.191442871E0,-9.378447418E0,3.414250031E0
1.939063107E2,-2.004781036E0,-8.692873077E0,2.998564453E0
1.939264757E2,-2.721490631E0,-8.562643890E0,2.402204590E0
1.939466407E2,-3.146307220E0,-8.342900848E0,1.952090607E0
1.939668067E2,-2.788401489E0,-8.264014893E0,1.918710022E0
1.939869717E2,-2.202070770E0,-8.027057648E0,2.236050110E0
1.940071367E2,-2.381547546E0,-7.915988617E0,2.396965485E0
1.940273017E2,-2.986888733E0,-7.701185303E0,2.540217590E0
1.940474667E2,-3.417094116E0,-7.352111206E0,2.195035400E0
1.940676317E2,-3.308270416E0,-6.883735199E0,1.819616089E0
1.940877967E2,-3.939657440E0,-7.298971710E0,1.744172974E0
1.941079617E2,-5.445525970E0,-8.602311401E0,1.520388336E0
1.941281267E2,-5.923332367E0,-9.463620300E0,1.023122406E0
1.941482917E2,-5.205874329E0,-8.567284241E0,1.541344757E0
1.941684567E2,-4.721182251E0,-7.761958923E0,2.416574707E0
1.941886217E2,-4.550986176E0,-7.591613159E0,2.605032806E0
1.942087867E2,-5.022505646E0,-8.402027893E0,3.063828735E0
1.942289517E2,-5.310057678E0,-8.922944641E0,4.517605591E0
1.942491167E2,-5.266198883E0,-9.171427917E0,4.950355682E0
1.942692817E2,-5.129084015E0,-9.445957031E0,4.443359985E0
1.942894467E2,-5.042563934E0,-9.630672913E0,4.660109253E0
1.943096127E2,-5.051395569E0,-9.191486206E0,5.390739899E0
1.943297777E2,-5.235812073E0,-8.575816498E0,5.055437164E0
1.943499427E2,-5.210664368E0,-8.005502472E0,4.752167816E0
1.943701077E2,-4.816983032E0,-7.585326233E0,4.089944916E0
1.943902727E2,-5.188809814E0,-7.499704285E0,4.367318115E0
1.944104377E2,-5.587879944E0,-7.442523193E0,3.991300049E0
1.944306027E2,-5.501210175E0,-7.527396698E0,3.531605988E0
1.944507677E2,-4.912783813E0,-7.641609192E0,3.919449463E0
1.944709327E2,-4.920567627E0,-7.755671997E0,4.769831085E0
1.944910977E2,-5.586383057E0,-7.823930054E0,5.263504486E0
1.945112627E2,-5.707481232E0,-7.693551178E0,5.509143677E0
1.945314277E2,-5.531596985E0,-7.658673706E0,6.080954590E0
1.945515927E2,-5.625002747E0,-7.717950439E0,6.565646667E0
1.945717577E2,-5.898184662E0,-7.799081726E0,7.316185913E0
1.945919227E2,-5.999074860E0,-7.660769348E0,7.200925598E0
1.946120877E2,-5.682632904E0,-7.788304138E0,6.561305695E0
1.946322537E2,-5.270539856E0,-7.803273010E0,6.051316223E0
1.946524187E2,-4.824018402E0,-8.005502472E0,5.700445862E0
1.946725837E2,-4.568799133E0,-8.428971863E0,5.429060211E0
1.946927487E2,-4.354744263E0,-9.105864258E0,6.094276886E0
1.947129137E2,-4.065246277E0,-9.611812134E0,7.153623962E0
1.947330787E2,-3.757635956E0,-1.049332901E1,6.556815033E0
1.947532437E2,-3.800297241E0,-1.183229462E1,5.202880554E0
1.947734087E2,-4.109404449E0,-1.286335052E1,4.564607849E0
1.947935737E2,-4.777315521E0,-1.447804276E1,4.442162476E0
1.948137387E2,-4.931943970E0,-1.517155060E1,5.342240753E0
1.948339037E2,-4.056863708E0,-1.376926666E1,6.545738068E0
1.948540687E2,-3.181633759E0,-1.228734833E1,6.701114960E0
1.948742337E2,-2.899919586E0,-1.200293976E1,6.318211212E0
1.948943983E2,-3.056044922E0,-1.277039383E1,5.421725464E0
1.949145633E2,-2.961142273E0,-1.377959518E1,4.631219330E0
1.949347283E2,-2.427202606E0,-1.399035690E1,3.786226501E0
1.949548933E2,-1.873054962E0,-1.365250946E1,3.213966522E0
1.949750593E2,-1.252744904E0,-1.293609924E1,3.298390961E0
1.949952243E2,-1.410666504E0,-1.207299408E1,3.181783447E0
1.950153893E2,-1.353934479E0,-1.107007965E1,3.744912415E0
1.950355543E2,-7.403604126E-1,-1.032492920E1,3.638633423E0
1.950557193E2,-2.004331970E-1,-9.435478821E0,1.934127960E0
1.950758843E2,-5.373825073E-1,-8.811276855E0,1.893262939E0
1.950960493E2,-1.094673615E0,-8.320297852E0,2.928210754E0
1.951162143E2,-1.462309113E0,-7.849227448E0,4.644391937E0
1.951363793E2,-1.735341339E0,-7.431595917E0,5.410798187E0
1.951565443E2,-1.552122345E0,-7.053931274E0,5.261408844E0
1.951767093E2,-1.495540009E0,-7.194938049E0,5.194198608E0
1.951968743E2,-2.002984772E0,-6.269263000E0,5.686674500E0
1.952170393E2,-2.454895020E0,-5.526357880E0,7.109316101E0
1.952372043E2,-2.827769623E0,-4.771926727E0,8.775800629E0
1.952573693E2,-2.887196045E0,-4.584067383E0,9.088200989E0
1.952775353E2,-3.329825592E0,-4.682861938E0,9.557325439E0
1.952977003E2,-2.510878601E0,-4.061803436E0,8.654702454E0
1.953178653E2,-1.792073364E0,-2.841990051E0,8.257877655E0
1.953380303E2,-1.274300079E0,-1.892963562E0,6.195915527E0
1.953581953E2,-1.931433563E0,-2.765199738E0,6.701414337E0
1.953783603E2,-1.697320404E0,-1.999990997E0,1.183034866E1
1.953985253E2,-1.689386902E0,-1.135239258E0,1.090587112E1
1.954186903E2,-2.465223541E0,2.514770508E-2,8.742869110E0
1.954388553E2,-4.274211731E0,-5.566923523E-1,8.007298737E0
1.954590203E2,-3.821103973E0,-1.776805115E-1,9.178912354E0
1.954791853E2,-4.605023804E0,-1.698667603E0,9.049132233E0
1.954993503E2,-4.264481964E0,-2.773731995E0,1.136706207E1
1.955195153E2,-4.073778534E0,-2.415975952E0,1.267653900E1
1.955396803E2,-4.452940063E0,-8.855584717E-1,1.096933914E1
1.955598453E2,-4.928201752E0,-6.105802917E-1,9.268875275E0
1.955800103E2,-5.742059326E0,-1.098864899E0,8.850495300E0
1.956001763E2,-4.723427582E0,-1.656455383E0,1.037387741E1
1.956203413E2,-4.051624603E0,-6.059399414E-1,9.808353424E0
1.956405063E2,-2.547702026E0,7.975415039E-1,9.078620911E0
1.956606713E2,-3.198249207E0,-1.053359528E0,8.619675293E0
1.956808363E2,-4.448000336E0,-2.823728027E0,9.500892792E0
1.957010013E2,-3.497327271E0,-3.353027344E0,9.063801727E0
1.957211663E2,-3.337310028E0,-2.810555420E0,8.474477234E0
1.957413313E2,-3.023113403E0,-2.091450806E0,7.340285797E0
1.957614963E2,-4.172124023E0,-1.861079865E0,6.308481445E0
1.957816613E2,-4.548142090E0,-1.432371368E0,5.312003632E0
1.958018263E2,-4.495601349E0,-3.115920410E0,5.598956909E0
1.958219913E2,-2.461780701E0,-1.888023834E0,4.656217346E0
1.958421563E2,-2.339185638E0,-3.730242920E-1,6.735094299E0
1.958623213E2,-7.084916840E0,-4.137545929E0,8.954828339E0
1.958824863E2,-5.702092438E0,-3.680995331E0,6.589297485E0
1.959026522E2,-3.228785706E0,-2.388133850E0,4.072131958E0
1.959228172E2,-1.529369659E0,-5.041516113E-1,3.502117310E0
1.959429822E2,-4.133055267E0,-2.537223816E0,3.650159454E0
1.959631472E2,-4.397106171E0,-2.468666382E0,2.504891052E0
1.959833122E2,-4.309388580E0,-2.650388489E0,1.931882629E0
1.960034772E2,-3.704197083E0,-3.263962555E0,1.977687378E0
1.960236422E2,-3.473077698E0,-4.310436401E0,2.691702576E0
1.960438072E2,-2.621348877E0,-6.280339966E0,1.647024994E0
1.960639722E2,-4.561464386E0,-7.280859375E0,2.230062561E0
1.960841372E2,-4.794679413E0,-9.566157074E0,3.724405060E0
1.961043022E2,-2.796933746E0,-1.028421387E1,6.666237488E0
1.961244672E2,-2.761906586E0,-1.132035919E1,5.837261353E0
1.961446322E2,-3.276835785E0,-1.264330811E1,4.100872192E0
1.961647972E2,-4.529880066E0,-1.544997162E1,5.392386475E0
1.961849622E2,-4.993166656E0,-1.782837570E1,7.159611511E0
1.962051282E2,-4.524491272E0,-1.893307846E1,9.085356903E0
1.962252932E2,-3.906875610E0,-1.802476730E1,1.047401917E1
1.962454582E2,-4.091142426E0,-1.541868668E1,1.195923065E1
1.962656232E2,-4.425097961E0,-1.274524612E1,1.335447922E1
1.962857882E2,-5.479205933E0,-1.101933517E1,1.366029327E1
1.963059532E2,-5.837560730E0,-1.014979340E1,1.287397842E1
1.963261182E2,-5.804180145E0,-9.275910645E0,1.123623413E1
1.963462832E2,-5.032085724E0,-8.295150146E0,8.695717163E0
1.963664482E2,-4.377496948E0,-7.153025208E0,8.556356964E0
1.963866132E2,-3.005150757E0,-6.098917236E0,6.767127686E0
1.964067782E2,-2.868035889E0,-5.779182129E0,7.887398071E0
1.964269432E2,-1.761387177E0,-5.136867828E0,8.142767029E0
1.964471082E2,-1.625320129E0,-4.484524384E0,7.735913086E0
1.964672732E2,-2.391127625E0,-4.103267212E0,7.467970276E0
1.964874392E2,-2.360890503E0,-3.556304626E0,6.230493622E0
1.965076042E2,-2.732567596E0,-3.701203308E0,5.707181854E0
1.965277692E2,-3.905229034E0,-3.957919464E0,6.841073914E0
1.965479342E2,-4.057612152E0,-4.457430725E0,6.612199860E0
1.965680992E2,-3.508553925E0,-5.179379425E0,5.798342285E0
1.965882642E2,-2.959346008E0,-5.674100647E0,5.870492249E0
1.966084292E2,-2.972668304E0,-6.693031769E0,6.470594330E0
1.966285942E2,-2.848875732E0,-7.890840912E0,7.418123932E0
1.966487592E2,-2.357447662E0,-9.506431274E0,7.540419617E0
1.966689242E2,-1.527872772E0,-1.089209976E1,7.546556854E0
1.966890892E2,-1.496737518E0,-1.154923325E1,7.819289703E0
1.967092542E2,-2.350861359E0,-1.193902267E1,7.980504456E0
1.967294192E2,-2.855911102E0,-1.211490692E1,7.686964874E0
1.967495842E2,-4.102818146E0,-1.252729935E1,6.944359131E0
1.967697492E2,-4.437522125E0,-1.276590317E1,5.517077179E0
1.967899152E2,-3.817212067E0,-1.255708740E1,4.631518707E0
1.968100802E2,-3.373235321E0,-1.272144562E1,5.237907715E0
1.968302452E2,-2.733615417E0,-1.243673767E1,5.514382782E0
1.968504102E2,-3.151246948E0,-1.247969833E1,4.794829102E0
1.968705752E2,-3.793261871E0,-1.268058060E1,3.952380981E0
1.968907405E2,-4.174369354E0,-1.242596008E1,2.434986420E0
1.969109055E2,-3.588188324E0,-1.210098587E1,1.857637024E0
1.969310705E2,-3.297193451E0,-1.162377823E1,2.478695526E0
1.969512355E2,-3.001258850E0,-1.027867538E1,3.044069824E0
1.969714005E2,-2.495760040E0,-8.022267609E0,3.552113342E0
1.969915655E2,-2.371817780E0,-6.619534607E0,4.004173279E0
1.970117305E2,-3.106490021E0,-6.090384979E0,3.642974396E0
1.970318955E2,-3.615581360E0,-6.207291870E0,2.857857056E0
1.970520615E2,-3.653302917E0,-6.545588379E0,2.954256592E0
1.970722265E2,-3.848197632E0,-6.878945160E0,3.447780304E0
1.970923915E2,-3.304827576E0,-6.644382935E0,2.638563080E0
1.971125565E2,-2.702779541E0,-6.566844177E0,1.876946869E0
1.971327215E2,-2.235002289E0,-6.323450317E0,1.915117493E0
1.971528865E2,-1.884730682E0,-6.247109070E0,2.291285248E0
1.971730515E2,-1.686243439E0,-6.372099152E0,2.828817444E0
1.971932165E2,-1.955982513E0,-6.606960754E0,3.842210083E0
1.972133815E2,-2.197879486E0,-6.698420563E0,5.016967163E0
1.972335465E2,-2.555485840E0,-6.412365417E0,3.813918915E0
1.972537115E2,-2.705473938E0,-6.345454559E0,3.356919250E0
1.972738765E2,-2.388283539E0,-6.565197601E0,3.522325287E0
1.972940415E2,-2.096989288E0,-7.123835907E0,5.196443939E0
1.973142075E2,-1.835183716E0,-7.281158752E0,6.216572571E0
1.973343725E2,-1.850152588E0,-7.307653656E0,5.695805511E0
1.973545375E2,-2.564616852E0,-7.483837280E0,4.769082642E0
1.973747025E2,-3.207230530E0,-7.716453552E0,4.574187927E0
1.973948675E2,-2.848276978E0,-8.340356140E0,5.263504486E0
1.974150325E2,-2.559527435E0,-8.634045410E0,6.797364807E0
1.974351975E2,-2.928959198E0,-8.812923431E0,7.878865814E0
1.974553625E2,-3.531007233E0,-9.020841064E0,7.605683899E0
1.974755275E2,-3.447181549E0,-9.307045898E0,7.862998810E0
1.974956925E2,-3.031645660E0,-9.598190460E0,9.314380646E0
1.975158575E2,-3.163521423E0,-9.319919128E0,1.082743423E1
1.975360225E2,-4.192930756E0,-9.103768616E0,1.151375702E1
1.975561885E2,-5.531896362E0,-8.787775726E0,1.125314896E1
1.975763535E2,-6.776258698E0,-9.000034332E0,9.845775604E0
1.975965185E2,-7.153474274E0,-9.846374359E0,8.813372498E0
1.976166835E2,-6.983427887E0,-1.077279785E1,8.785081329E0
1.976368485E2,-6.464906158E0,-1.151285889E1,9.415570221E0
1.976570135E2,-5.348527679E0,-1.100930603E1,9.498048706E0
1.976771785E2,-4.163292389E0,-9.474547577E0,9.184301147E0
1.976973435E2,-3.818559265E0,-8.469387817E0,8.089028778E0
1.977175085E2,-4.303101654E0,-8.671018524E0,7.458839264E0
1.977376735E2,-4.619543610E0,-9.944570160E0,6.668033752E0
1.977578385E2,-4.562512207E0,-1.138547379E1,6.886579285E0
1.977780035E2,-3.566483459E0,-1.246817230E1,5.337301025E0
1.977981685E2,-2.765798492E0,-1.269554947E1,6.147566071E0
1.978183345E2,-2.632725220E0,-1.278611115E1,7.028783569E0
1.978384995E2,-3.179538116E0,-1.267818558E1,5.688620453E0
1.978586645E2,-3.582649841E0,-1.211236221E1,9.449549561E0
1.978788295E2,-3.631298676E0,-1.219394257E1,2.040257263E-1
1.978989939E2,-3.908522186E0,-1.075902649E1,3.751349030E0
1.979191589E2,-3.101849670E0,-1.012120285E1,4.829556885E0
1.979393239E2,-2.145638123E0,-9.497000885E0,4.396956482E0
1.979594889E2,-2.054777069E0,-8.867110748E0,3.101999359E0
1.979796539E2,-1.812281342E0,-8.191715240E0,2.403851166E0
1.979998189E2,-1.245559845E0,-7.403903503E0,1.614991608E0
1.980199839E2,-7.711962891E-1,-6.531218262E0,1.197958832E0
1.980401489E2,-7.924520874E-1,-5.859564972E0,1.232237549E0
1.980603149E2,-1.251098328E0,-5.525759125E0,1.623972931E0
1.980804799E2,-1.104553070E0,-5.183870087E0,1.234632568E0
1.981006449E2,-7.929011536E-1,-5.054688721E0,4.087998962E-1
1.981208099E2,-3.685336304E-1,-4.877457275E0,1.601669312E-1
1.981409749E2,-8.496331787E-1,-5.084925842E0,5.439688110E-1
1.981611399E2,-1.557511139E0,-5.707630920E0,1.099463654E0
1.981813049E2,-1.608255615E0,-6.610403595E0,1.491199036E0
1.982014699E2,-1.584455109E0,-7.289541321E0,1.320853271E0
1.982216349E2,-2.248025208E0,-8.441396027E0,1.357826385E0
1.982417999E2,-3.512595520E0,-1.025637177E1,3.329975281E0
1.982619649E2,-4.780009918E0,-1.220621704E1,4.733307037E0
1.982821299E2,-5.037923584E0,-1.349428848E1,5.605992279E0
1.983022959E2,-5.137316895E0,-1.502111343E1,5.853128357E0
1.983224609E2,-6.455176392E0,-1.703053482E1,6.844516754E0
1.983426259E2,-6.970404968E0,-1.775383072E1,7.707621918E0
1.983627909E2,-5.787564697E0,-1.659015060E1,9.009464722E0
1.983829559E2,-3.952680359E0,-1.378199020E1,1.092113937E1
1.984031209E2,-2.478246460E0,-1.099882782E1,1.180774567E1
1.984232859E2,-3.078198853E0,-9.365274811E0,1.211805038E1
1.984434509E2,-3.747307434E0,-8.324339447E0,1.103116058E1
1.984636159E2,-4.521946564E0,-8.265062714E0,1.111408813E1
1.984837809E2,-4.230352936E0,-8.281977539E0,9.429341583E0
1.985039459E2,-4.574487305E0,-7.992180176E0,7.422165527E0
1.985241119E2,-5.303471375E0,-7.510930939E0,6.123466187E0
1.985442769E2,-5.450166321E0,-6.603817291E0,6.090983734E0
1.985644419E2,-4.629123688E0,-5.473368073E0,5.893843689E0
1.985846069E2,-3.479963379E0,-4.511767731E0,6.247258759E0
1.986047719E2,-3.700454865E0,-4.318519592E0,6.338868256E0
1.986249369E2,-3.632645874E0,-4.145778809E0,5.763764191E0
1.986451019E2,-3.325933685E0,-4.141587524E0,5.789660339E0
1.986652669E2,-3.386108551E0,-4.234693909E0,6.148314514E0
1.986854319E2,-3.834725647E0,-4.281995544E0,5.622907104E0
1.987055969E2,-4.307442627E0,-4.784799957E0,5.784271545E0
1.987257619E2,-4.806504822E0,-5.202431488E0,6.887627106E0
1.987459279E2,-5.459447021E0,-5.985004120E0,6.189927979E0
1.987660929E2,-4.583318939E0,-6.574627991E0,5.789510651E0
1.987862579E2,-3.938010864E0,-7.355554047E0,7.310797119E0
1.988064229E2,-4.326453094E0,-8.043822784E0,9.128317566E0
1.988265879E2,-4.774471436E0,-8.861572266E0,8.861871643E0
1.988467529E2,-3.986959076E0,-9.446406097E0,8.015381927E0
1.988669179E2,-3.880979462E0,-9.984986115E0,8.376730499E0
1.988870829E2,-4.089346161E0,-1.028316605E1,8.551716614E0
1.989072485E2,-4.530329132E0,-1.157617722E1,8.523575134E0
1.989274135E2,-4.500391388E0,-1.295046936E1,8.497229919E0
1.989475785E2,-4.135150909E0,-1.381447266E1,8.455915833E0
1.989677435E2,-3.185675354E0,-1.314326843E1,8.473728790E0
1.989879095E2,-2.410736847E0,-1.176328812E1,8.581654358E0
1.990080745E2,-1.031954041E0,-1.088281906E1,6.419999542E0
1.990282395E2,-2.124981079E0,-1.068208649E1,7.014862518E0
1.990484045E2,-2.684517517E0,-1.136616394E1,7.957003326E0
1.990685695E2,-2.467768250E0,-1.155896301E1,6.184988251E0
1.990887345E2,-3.279380493E0,-1.169592819E1,5.450914764E0
1.991088995E2,-3.484154663E0,-1.112531479E1,4.660258942E0
1.991290645E2,-2.990331573E0,-1.036489609E1,3.558250580E0
1.991492295E2,-1.910177765E0,-9.354048157E0,2.818937988E0
1.991693945E2,-1.148411865E0,-8.218659210E0,2.873424683E0
1.991895595E2,-9.482780457E-1,-7.229516144E0,3.434158630E0
1.992097255E2,-1.091530151E0,-6.466852112E0,3.054398346E0
1.992298905E2,-9.288185120E-1,-5.490282898E0,1.753154297E0
1.992500555E2,-8.358618164E-1,-4.849166107E0,7.788304138E-1
1.992702205E2,-7.979905701E-1,-4.464615784E0,8.809181213E-1
1.992903855E2,-6.755451965E-1,-4.270469513E0,8.870553589E-1
1.993105505E2,-7.806266785E-1,-4.624483337E0,9.117539978E-1
1.993307155E2,-8.077203369E-1,-5.372926941E0,1.264720001E0
1.993508805E2,-6.881190491E-1,-5.930218048E0,2.152374115E0
1.993710455E2,-1.132095795E0,-6.631060638E0,2.046244812E0
1.993912105E2,-1.811083832E0,-7.346423035E0,1.803599396E0
1.994113755E2,-2.090702362E0,-8.504564667E0,2.014510803E0
1.994315415E2,-2.348166962E0,-9.831106110E0,3.738326111E0
1.994517065E2,-2.806513824E0,-1.112366821E1,4.673730927E0
1.994718715E2,-3.443888397E0,-1.211954727E1,4.436324615E0
1.994920365E2,-4.026925964E0,-1.290017395E1,4.844675446E0
1.995122015E2,-4.578528900E0,-1.378079269E1,6.285279694E0
1.995323665E2,-5.367089081E0,-1.444376404E1,7.199428711E0
1.995525315E2,-5.751340027E0,-1.471200623E1,6.578669586E0
1.995726965E2,-4.776267700E0,-1.422312286E1,7.168143768E0
1.995928615E2,-3.371588745E0,-1.289897644E1,8.880882111E0
1.996130265E2,-2.793041840E0,-1.176224030E1,1.003318588E1
1.996331915E2,-2.114053802E0,-1.080797470E1,9.922565918E0
1.996533575E2,-2.589315491E0,-1.016012192E1,1.053494247E1
1.996735225E2,-2.370470581E0,-9.186097412E0,9.891580353E0
1.996936875E2,-2.078876953E0,-8.558003540E0,9.449100494E0
1.997138525E2,-1.970053253E0,-8.159981232E0,9.028924255E0
1.997340175E2,-2.594255219E0,-7.738158417E0,8.450826416E0
1.997541825E2,-3.149450684E0,-6.730004883E0,7.674540710E0
1.997743475E2,-3.331172791E0,-5.508844299E0,6.959028625E0
1.997945125E2,-2.691852264E0,-4.465364227E0,6.301895142E0
1.998146775E2,-1.490600281E0,-3.814667358E0,6.215524750E0
1.998348425E2,-9.731263733E-1,-3.548969879E0,6.628515930E0
1.998550085E2,-1.635948029E0,-3.590882721E0,6.741530914E0
1.998751735E2,-2.163151703E0,-3.525319061E0,5.618865509E0
1.998953383E2,-1.573378143E0,-3.445684662E0,4.566703491E0
1.999155032E2,-1.423689423E0,-3.817212067E0,5.557493134E0
1.999356682E2,-2.405647430E0,-4.747377777E0,6.989415436E0
1.999558333E2,-2.550546112E0,-5.780978394E0,6.710844727E0
1.999759983E2,-1.864822083E0,-6.768624573E0,6.815776520E0
1.999961633E2,-1.383722534E0,-7.816595306E0,8.063132629E0
2.000163282E2,-1.782792664E0,-8.762178955E0,9.702074432E0
2.000364932E2,-1.857038269E0,-9.083560638E0,1.025726990E1
2.000566583E2,-1.835483093E0,-9.452243958E0,1.037163208E1
2.000768243E2,-2.458188171E0,-9.714498596E0,1.017524048E1
2.000969893E2,-2.922372894E0,-9.990823975E0,9.364975433E0
2.001171543E2,-4.211941223E0,-1.107995911E1,8.857680359E0
2.001373193E2,-4.513264618E0,-1.250065475E1,9.084159393E0
2.001574842E2,-3.511847076E0,-1.337708221E1,9.261091461E0
2.001776493E2,-2.070943451E0,-1.265947449E1,1.005489075E1
2.001978143E2,-1.710043945E0,-1.114327744E1,9.862241364E0
2.002179793E2,-1.780547333E0,-9.980345764E0,7.699688416E0
2.002381443E2,-2.393672333E0,-9.790091400E0,6.073919220E0
2.002583103E2,-3.010090485E0,-1.027523254E1,6.566395111E0
2.002784753E2,-2.938988342E0,-1.073283096E1,6.229296112E0
2.002986402E2,-2.829116821E0,-1.095526840E1,5.162314911E0
2.003188053E2,-2.367626495E0,-1.098191299E1,4.752167816E0
2.003389703E2,-2.215393066E0,-1.087503525E1,4.893174591E0
2.003591353E2,-1.462907867E0,-1.024499542E1,5.889353027E0
2.003793003E2,-1.769170990E0,-9.210047607E0,3.393443298E0
2.003994652E2,-1.957778778E0,-8.450227661E0,3.123554535E0
2.004196303E2,-1.177301788E0,-7.719746704E0,3.120710449E0
2.004397953E2,-6.122268677E-1,-6.741680603E0,2.254761200E0
2.004599613E2,-3.608995056E-1,-6.028713226E0,2.147883453E0
2.004801263E2,-1.061592407E0,-5.717959442E0,3.326682129E0
2.005002913E2,-1.540147247E0,-5.351671143E0,2.727029114E0
2.005204563E2,-1.181642761E0,-4.831053772E0,8.967851257E-1
2.005406212E2,-9.229806519E-1,-4.580624542E0,-8.563691711E-1
2.005607863E2,-7.641609192E-1,-4.549788666E0,-1.025816803E0
2.005809513E2,-1.296304321E0,-4.975503387E0,1.125509491E0
2.006011163E2,-1.859882355E0,-5.746549988E0,3.103047180E0
2.006212813E2,-1.673819275E0,-6.217620392E0,2.593057709E0
2.006414473E2,-1.745071106E0,-6.836583252E0,1.201551361E0
2.006616122E2,-2.107168121E0,-7.726782074E0,8.955876160E-1
2.006817772E2,-2.415227509E0,-9.065747681E0,2.413431244E0
2.007019423E2,-2.981799316E0,-1.104403381E1,4.845573578E0
2.007221073E2,-3.208877106E0,-1.267788620E1,6.371650085E0
2.007422723E2,-3.357667694E0,-1.382150803E1,6.522985382E0
2.007624372E2,-4.664150848E0,-1.463491653E1,7.631430359E0
2.007826022E2,-6.455475769E0,-1.586730377E1,8.249794464E0
2.008027673E2,-7.593858490E0,-1.708651840E1,8.190667419E0
2.008229333E2,-6.745123444E0,-1.775951889E1,8.669970703E0
2.008430983E2,-4.678670654E0,-1.618988297E1,1.099358871E1
2.008632633E2,-2.947520599E0,-1.256636810E1,1.249257156E1
2.008834283E2,-3.226839752E0,-9.497000885E0,1.206251587E1
2.009035937E2,-3.721710663E0,-7.735613708E0,1.074031540E1
2.009237587E2,-4.213887177E0,-7.003486176E0,8.959468689E0
2.009439237E2,-4.409081268E0,-6.791227570E0,7.616162109E0
2.009640887E2,-4.783602448E0,-6.671626282E0,6.956184540E0
2.009842537E2,-5.078489227E0,-6.500232697E0,6.825805664E0
2.010044197E2,-5.073250122E0,-5.765859833E0,6.217470703E0
2.010245847E2,-4.121828613E0,-4.977599030E0,5.594017181E0
2.010447497E2,-4.010011139E0,-4.508025513E0,6.114185486E0
2.010649147E2,-3.305126953E0,-4.265230408E0,5.867498474E0
2.010850797E2,-2.521656189E0,-4.323309631E0,5.987399139E0
2.011052447E2,-2.062111816E0,-4.269571381E0,6.699468384E0
2.011254097E2,-2.440824280E0,-4.265080719E0,6.597530365E0
2.011455747E2,-2.645299072E0,-4.206851807E0,5.562283173E0
2.011657397E2,-3.075055389E0,-4.516108704E0,5.737568665E0
2.011859057E2,-3.598666534E0,-4.995112610E0,6.434968414E0
2.012060707E2,-3.934568024E0,-5.750142517E0,6.069578247E0
2.012262357E2,-3.609593811E0,-6.239025879E0,5.981112213E0
2.012464007E2,-3.598217468E0,-6.722520447E0,6.738686829E0
2.012665657E2,-3.645519104E0,-7.050338745E0,7.412136383E0
2.012867307E2,-3.221900024E0,-7.502248993E0,7.347770233E0
2.013068957E2,-2.677332458E0,-8.348888397E0,7.565417633E0
2.013270607E2,-2.127525787E0,-9.155710602E0,8.180338898E0
2.013472267E2,-2.988834686E0,-9.909243622E0,8.965156860E0
2.013673917E2,-3.994593201E0,-9.989027710E0,8.193960571E0
2.013875567E2,-4.420307922E0,-1.003887405E1,7.051386566E0
2.014077217E2,-4.183949432E0,-1.105136856E1,7.343129883E0
2.014278867E2,-3.673510895E0,-1.213182175E1,8.317154388E0
2.014480517E2,-3.959865417E0,-1.290945465E1,8.275391235E0
2.014682167E2,-4.153113556E0,-1.237252121E1,7.232659607E0
2.014883817E2,-3.094963989E0,-1.046548691E1,7.258855133E0
2.015085467E2,-2.059567108E0,-9.192534027E0,7.835755463E0
2.015287127E2,-1.694775696E0,-8.985065460E0,8.359965363E0
2.015488777E2,-3.082839203E0,-9.303752747E0,8.022117920E0
2.015690427E2,-3.888763275E0,-9.259594574E0,6.552024994E0
2.015892077E2,-3.766467590E0,-8.977431335E0,6.115832062E0
2.016093727E2,-3.245101776E0,-9.164093170E0,4.497846680E0
2.016295377E2,-2.772833862E0,-9.258546753E0,5.492378540E0
2.016497027E2,-1.937570801E0,-9.422455902E0,6.819668427E0
2.016698677E2,-2.345921631E0,-9.306297455E0,4.538412323E0
2.016900337E2,-2.304906921E0,-8.353977814E0,3.911366272E0
2.017101987E2,-1.909129944E0,-7.845934296E0,4.052672424E0
2.017303637E2,-1.581012268E0,-7.129374390E0,3.907025299E0
2.017505287E2,-1.044827271E0,-6.039041748E0,2.645897827E0
2.017706937E2,-1.147663422E0,-5.380112000E0,2.394121399E0
2.017908587E2,-1.058748322E0,-4.847669220E0,1.565893707E0
2.018110237E2,-8.216413879E-1,-4.525090027E0,1.072968750E0
2.018311887E2,-7.473957825E-1,-4.320465546E0,1.228944397E0
2.018513537E2,-7.906558228E-1,-4.295317841E0,1.450783081E0
2.018715197E2,-8.416996765E-1,-4.433480530E0,1.491498413E0
2.018916847E2,-1.201551361E0,-4.725074158E0,1.472937012E0
2.019118498E2,-1.315614166E0,-5.109774170E0,1.153950348E0
2.019320147E2,-1.612895966E0,-5.567073212E0,1.114731903E0
2.019521798E2,-2.448757782E0,-6.407874756E0,1.671424255E0
2.019723448E2,-3.173550568E0,-7.363936615E0,2.652184753E0
2.019925098E2,-3.420087891E0,-8.613987122E0,3.644471283E0
2.020126748E2,-3.549868011E0,-9.840835876E0,4.146676941E0
2.020328408E2,-3.507655792E0,-1.055470139E1,5.343587952E0
2.020530058E2,-4.616849213E0,-1.117531082E1,7.394323425E0
2.020731707E2,-6.183940430E0,-1.198078583E1,8.378826141E0
2.020933358E2,-5.765111389E0,-1.224169327E1,8.591234436E0
2.021135008E2,-4.850662994E0,-1.222702377E1,9.686955872E0
2.021336658E2,-4.433779907E0,-1.230501160E1,1.083910995E1
2.021538308E2,-3.710783386E0,-1.253927444E1,1.105795486E1
2.021739957E2,-3.050805817E0,-1.278191986E1,1.147977768E1
2.021941617E2,-2.163451080E0,-1.155896301E1,1.189561295E1
2.022143268E2,-4.731660461E-1,-9.550589447E0,1.094958023E1
2.022344918E2,-3.141966248E-1,-7.930807800E0,9.935439148E0
2.022546568E2,-1.479822693E0,-6.757397919E0,8.935817871E0
2.022748218E2,-2.267035675E0,-5.923931122E0,7.222929840E0
2.022949867E2,-2.700983276E0,-5.431904297E0,6.381679230E0
2.023151517E2,-3.178639984E0,-5.217400360E0,6.395899658E0
2.023353177E2,-3.688030701E0,-5.149291992E0,6.201753387E0
2.023554828E2,-3.951931915E0,-5.061574402E0,5.269192657E0
2.023756478E2,-3.576512604E0,-4.935237122E0,4.477189636E0
2.023958128E2,-3.109633484E0,-4.828509064E0,4.777016144E0
2.024159778E2,-3.340603180E0,-4.897066498E0,5.143903198E0
2.024361427E2,-3.635190582E0,-5.023703156E0,4.491410065E0
2.024563078E2,-3.368295593E0,-5.142556000E0,4.151616669E0
2.024764728E2,-3.173251190E0,-5.655838623E0,5.416336670E0
2.024966388E2,-3.206631775E0,-6.378236389E0,6.337970123E0
2.025168038E2,-3.146456909E0,-6.860982513E0,6.828350372E0
2.025369688E2,-2.997965698E0,-7.038513336E0,7.732320557E0
2.025571338E2,-3.168311462E0,-7.207661591E0,8.680149536E0
2.025772987E2,-3.436853027E0,-7.270381165E0,8.635991364E0
2.025974638E2,-3.687431946E0,-7.263794861E0,7.567213898E0
2.026176288E2,-4.151167603E0,-7.355254669E0,7.367828522E0
2.026377938E2,-4.249064026E0,-7.899971924E0,7.549550629E0
2.026579598E2,-3.877237244E0,-8.486901398E0,7.688162384E0
2.026781248E2,-3.915407867E0,-9.173673248E0,7.319628754E0
2.026982897E2,-3.771706696E0,-9.745035095E0,7.507338409E0
2.027184547E2,-3.027304688E0,-1.004935226E1,7.645052032E0
2.027386198E2,-2.141895905E0,-9.866282959E0,7.693251801E0
2.027587848E2,-1.815125427E0,-1.005863297E1,7.166347504E0
2.027789498E2,-1.718426514E0,-9.994117126E0,7.224426727E0
2.027991147E2,-1.733994141E0,-9.841883698E0,7.039261780E0
2.028192808E2,-1.501976624E0,-9.730964355E0,6.637646942E0
2.028394457E2,-1.290167084E0,-9.654024353E0,7.385641479E0
2.028596108E2,-1.057101746E0,-9.236093445E0,6.645879822E0
2.028797758E2,-1.169967041E0,-8.719517670E0,6.967111816E0
2.028999408E2,-9.484277344E-1,-8.544830933E0,6.433321838E0
2.029201058E2,-6.424639893E-1,-8.695417786E0,5.722899170E0
2.029402708E2,-5.923182678E-1,-8.919202423E0,6.733298035E0
2.029604368E2,-1.353186035E-1,-8.592581635E0,5.358407135E0
2.029806018E2,-4.628375244E-1,-8.230334930E0,5.512736206E0
2.030007668E2,-6.376739502E-2,-7.887398071E0,4.985382843E0
2.030209318E2,-2.252815247E-1,-7.467970276E0,5.437592468E0
2.030410968E2,-4.896318054E-1,-7.144792328E0,5.650449829E0
2.030612618E2,-5.739065552E-1,-6.863826599E0,4.740492096E0
2.030814268E2,-7.532336426E-1,-6.673721924E0,4.339925079E0
2.031015918E2,-6.665638733E-1,-6.545438690E0,4.545896759E0
2.031217578E2,-6.325845337E-1,-6.525230713E0,4.264332275E0
2.031419228E2,-4.308041382E-1,-6.643185425E0,3.992647247E0
2.031620878E2,-5.592370605E-1,-6.918462982E0,3.998185730E0
2.031822528E2,-7.849676514E-1,-6.818171539E0,3.662433929E0
2.032024178E2,-1.337768097E0,-6.547234955E0,3.358116760E0
2.032225828E2,-1.991159363E0,-6.587950287E0,3.020718384E0
2.032427478E2,-2.293231201E0,-7.013665009E0,3.046614532E0
2.032629138E2,-2.112107849E0,-7.594457245E0,3.580254822E0
2.032830788E2,-2.146985321E0,-7.976013794E0,3.809128876E0
2.033032438E2,-2.708767090E0,-8.421786804E0,3.926484833E0
2.033234088E2,-4.106410675E0,-8.772507477E0,4.269721069E0
2.033435738E2,-4.776567078E0,-9.084309082E0,4.054768066E0
2.033637388E2,-4.458478546E0,-1.015563126E1,5.072351990E0
2.033839038E2,-5.255720673E0,-1.225741058E1,6.540648651E0
2.034040698E2,-5.335804138E0,-1.343351486E1,6.823410645E0
2.034242348E2,-3.665128326E0,-1.174562485E1,8.085585938E0
2.034443998E2,-2.555785217E0,-9.463320923E0,1.007988876E1
2.034645648E2,-2.138752441E0,-7.713609467E0,1.044737457E1
2.034847298E2,-2.409689026E0,-6.670428772E0,1.004875351E1
2.035048948E2,-2.269281006E0,-6.017636261E0,9.273515625E0
2.035250598E2,-3.078348541E0,-6.364165649E0,9.562115479E0
2.035452248E2,-4.389771423E0,-7.082671509E0,1.095347214E1
2.035653908E2,-4.595294037E0,-6.953041077E0,9.840686188E0
2.035855558E2,-3.490740967E0,-6.517596588E0,8.912017365E0
2.036057208E2,-1.805245972E0,-6.166277161E0,8.958121490E0
2.036258858E2,-4.891827393E-1,-5.848787384E0,9.107959900E0
2.036460508E2,-3.306623840E-1,-5.529052277E0,8.937314758E0
2.036662158E2,-3.995191956E-1,-5.095853119E0,7.847730560E0
2.036863808E2,-5.752537537E-1,-4.885241089E0,7.012168121E0
2.037065468E2,-6.491999817E-1,-4.937183075E0,6.450086975E0
2.037267118E2,-8.702902222E-1,-5.375471649E0,6.797813873E0
2.037468768E2,-8.515791321E-1,-5.948779449E0,7.153923340E0
2.037670418E2,-5.641767883E-1,-6.391558685E0,7.706723785E0
2.037872068E2,-3.974235535E-1,-6.623576202E0,8.414452057E0
2.038073718E2,-8.434959412E-1,-6.564299469E0,8.247549133E0
2.038275368E2,-1.222657471E0,-6.409371643E0,7.476053467E0
2.038477028E2,-1.289568329E0,-6.441105652E0,7.514673157E0
2.038678678E2,-1.132694550E0,-6.735243988E0,7.694898376E0
2.038880328E2,-9.722282410E-1,-7.245981903E0,7.379354553E0
2.039081970E2,-1.152303772E0,-7.784262543E0,7.194039917E0
2.039283620E2,-1.307530975E0,-8.233029327E0,6.811884613E0
2.039485270E2,-1.323248291E0,-8.552015991E0,6.675817566E0
2.039686930E2,-9.442364502E-1,-8.744665375E0,7.165000305E0
2.039888580E2,-1.700463867E-1,-9.014105072E0,7.685617676E0
2.040090230E2,1.999841309E-1,-9.502539368E0,7.922874298E0
2.040291880E2,6.806346130E-1,-9.715546417E0,7.741900635E0
2.040493530E2,7.286846924E-1,-1.016640884E1,7.666158142E0
2.040695180E2,1.591340790E0,-9.862840118E0,8.369844818E0
2.040896830E2,1.879940643E0,-8.974736938E0,9.059161377E0
2.041098490E2,1.432820435E0,-8.189170532E0,8.550818481E0
2.041300140E2,9.761201477E-1,-7.768844604E0,7.704777832E0
2.041501790E2,6.408174133E-1,-7.907456360E0,6.977140961E0
2.041703440E2,9.440867615E-1,-8.450227661E0,6.755002899E0
2.041905090E2,1.848356323E0,-8.913813629E0,7.191495209E0
2.042106740E2,2.582878876E0,-9.145531769E0,7.471113739E0
2.042308400E2,2.937641144E0,-8.916807404E0,7.278015289E0
2.042510050E2,2.878514099E0,-8.322543182E0,7.529342651E0
2.042711700E2,2.705923004E0,-8.035440216E0,8.108488312E0
2.042913350E2,2.505340118E0,-7.980504456E0,8.390651550E0
2.043115000E2,2.208806763E0,-8.003107452E0,8.730145569E0
2.043316650E2,1.903890839E0,-8.006400604E0,8.219108276E0
2.043518310E2,1.395398254E0,-7.856262817E0,7.121740265E0
2.043719960E2,9.657916260E-1,-7.630831604E0,6.060896301E0
2.043921610E2,8.105644226E-1,-7.427554321E0,5.385201416E0
2.044123260E2,4.556524658E-1,-7.564220123E0,5.416336670E0
2.044324910E2,6.141728210E-1,-7.586374054E0,4.983586578E0
2.044526560E2,7.855664063E-1,-7.726931763E0,4.628524933E0
2.044728220E2,6.477030945E-1,-7.610024872E0,4.397555237E0
2.044929870E2,4.200265503E-1,-7.396868134E0,4.147874451E0
2.045131520E2,3.038681030E-2,-7.367678833E0,4.054169312E0
2.045333170E2,-6.939569092E-1,-7.778724060E0,4.690795441E0
2.045534820E2,-1.058598633E0,-8.256829834E0,4.619842987E0
2.045736470E2,-1.560654602E0,-8.591384125E0,4.501439209E0
2.045938130E2,-2.422113190E0,-8.426427155E0,4.655468903E0
2.046139780E2,-3.709436188E0,-8.125702515E0,4.782255249E0
2.046341430E2,-4.652624817E0,-8.298443298E0,3.713328094E0
2.046543080E2,-5.043013000E0,-9.116641846E0,3.024161224E0
2.046744730E2,-3.532055054E0,-8.814420319E0,3.920497284E0
2.046946380E2,-3.566184082E0,-8.121211853E0,5.604944458E0
2.047148040E2,-4.228107605E0,-7.315437469E0,5.783523102E0
2.047349690E2,-4.983586578E0,-7.209906921E0,4.525688782E0
2.047551340E2,-4.976551208E0,-7.587870941E0,3.894750824E0
2.047752990E2,-4.587210846E0,-8.104596405E0,4.560416565E0
2.047954640E2,-4.354594574E0,-8.667575684E0,5.041815491E0
2.048156300E2,-3.541036377E0,-8.951235809E0,4.608616333E0
2.048357950E2,-3.594475250E0,-9.698332214E0,5.600154419E0
2.048559600E2,-3.422033844E0,-9.717941437E0,8.187224579E0
2.048761250E2,-3.513793030E0,-9.165290680E0,8.417595520E0
2.048962900E2,-3.904480591E0,-8.479416962E0,8.289461975E0
2.049164565E2,-4.544848938E0,-8.343200226E0,7.687114563E0
2.049366215E2,-4.376898193E0,-7.644902344E0,8.169710999E0
2.049567865E2,-3.813320160E0,-7.124584351E0,8.408314819E0
2.049769515E2,-2.970872040E0,-6.599775696E0,8.352480927E0
2.049971165E2,-2.615660706E0,-6.548881531E0,8.615184631E0
2.050172825E2,-1.955234070E0,-6.574777679E0,8.236771545E0
2.050374475E2,-1.667532349E0,-6.802154846E0,8.932075653E0
2.050576125E2,-1.468296661E0,-6.607709198E0,9.168733521E0
2.050777775E2,-1.418749695E0,-6.130351868E0,8.748108215E0
2.050979425E2,-1.614991608E0,-5.919889526E0,8.647218018E0
2.051181075E2,-1.354982300E0,-5.729635162E0,8.857380981E0
2.051382735E2,-1.003213806E0,-5.662125549E0,8.817414093E0
2.051584385E2,-5.469625854E-1,-5.658383331E0,7.870632935E0
2.051786035E2,-7.676037598E-1,-6.001918945E0,8.108937378E0
2.051987685E2,-1.233435059E0,-6.801256714E0,8.551566925E0
2.052189335E2,-1.034648438E0,-7.554490356E0,8.422235870E0
2.052390995E2,-4.993615723E-1,-8.273744659E0,8.469836884E0
2.052592645E2,-2.772235107E-1,-9.305998077E0,8.311915283E0
2.052794295E2,-3.628454590E-1,-1.054122940E1,8.853938141E0
2.052995945E2,-3.833528137E-1,-1.189710983E1,9.860295410E0
2.053197595E2,7.276368713E-1,-1.262384857E1,1.014200958E1
2.053399255E2,2.665507050E0,-1.256651779E1,1.043270508E1
2.053600905E2,4.054917755E0,-1.197165482E1,1.043510010E1
2.053802555E2,3.883524170E0,-1.113264954E1,9.439520416E0
2.054004205E2,2.536475372E0,-1.075693085E1,7.874973907E0
2.054205855E2,1.329984283E0,-1.123368942E1,7.349865875E0
2.054407515E2,1.146016846E0,-1.210517715E1,7.229067078E0
2.054609165E2,1.407822418E0,-1.225232117E1,6.910679169E0
2.054810815E2,1.266665955E0,-1.188229065E1,6.466103668E0
2.055012465E2,8.825646973E-1,-1.118608841E1,6.035748596E0
2.055214115E2,3.583547974E-1,-1.040546173E1,5.510939941E0
2.055415775E2,2.142045593E-1,-9.651479645E0,4.554429016E0
2.055617425E2,-2.977308655E-1,-9.116342468E0,4.019441528E0
2.055819075E2,-3.385958862E-1,-8.827293549E0,4.697681122E0
2.056020725E2,-2.691403198E-1,-8.672665100E0,5.455255737E0
2.056222375E2,-1.697470093E-1,-8.450976105E0,5.027894440E0
2.056424035E2,9.954299927E-2,-8.258476410E0,4.287983093E0
2.056625685E2,4.520599365E-1,-8.021818542E0,4.074227600E0
2.056827335E2,6.740483093E-1,-7.748636627E0,3.035986633E0
2.057028985E2,6.114784241E-1,-7.359595642E0,3.611390076E0
2.057230635E2,1.815724182E-1,-7.023394775E0,3.990701294E0
2.057432285E2,-2.336640930E-1,-6.609505463E0,3.422482910E0
2.057633945E2,-6.303392029E-1,-6.461762695E0,2.815195770E0
2.057835595E2,-7.342231750E-1,-6.268514557E0,2.045496368E0
2.058037245E2,-8.704399109E-1,-6.280190277E0,2.130968628E0
2.058238895E2,-1.085392914E0,-6.547085266E0,3.098855896E0
2.058440545E2,-1.397194519E0,-7.111561432E0,4.285139008E0
2.058642205E2,-1.793121185E0,-7.639064484E0,4.454736328E0
2.058843855E2,-1.755699005E0,-8.137827301E0,3.921694794E0
2.059045505E2,-1.989662476E0,-9.411079559E0,4.676724701E0
2.059247155E2,-3.049009552E0,-1.110136459E1,6.518644409E0
2.059448805E2,-3.775299225E0,-1.217448303E1,7.498057709E0
2.059650465E2,-4.050876160E0,-1.351120331E1,7.733368378E0
2.059852115E2,-3.635639648E0,-1.427386734E1,8.129893799E0
2.060053765E2,-2.349065094E0,-1.383108810E1,9.313781891E0
2.060255415E2,-8.710386658E-1,-1.252729935E1,1.101319794E1
2.060457065E2,-5.212161255E-1,-1.056562866E1,1.232536926E1
2.060658725E2,-1.522184601E0,-8.818012848E0,1.145253433E1
2.060860375E2,-1.965412903E0,-8.019573212E0,1.110256210E1
2.061062025E2,-1.548679504E0,-8.127947845E0,1.116513199E1
2.061263675E2,-1.000070343E0,-8.183332672E0,1.156584869E1
2.061465325E2,-6.866221619E-1,-7.896978149E0,1.104208786E1
2.061666975E2,-7.909552002E-1,-6.876999207E0,8.834179230E0
2.061868635E2,-1.477727051E0,-6.248755646E0,9.946516113E0
2.062070285E2,-1.754501495E0,-5.145998840E0,9.637857971E0
2.062271935E2,-1.313518524E0,-4.263883209E0,8.065827026E0
2.062473585E2,-6.662644958E-1,-3.683390350E0,8.046666870E0
2.062675235E2,-3.323089600E-1,-3.282823334E0,8.601263580E0
2.062876895E2,-7.520361328E-1,-3.222947845E0,8.403824158E0
2.063078545E2,-8.693920898E-1,-3.297193451E0,7.534282379E0
2.063280195E2,-6.547384644E-1,-3.678899689E0,7.680079193E0
2.063481845E2,-4.269122314E-1,-4.236041107E0,8.188571777E0
2.063683495E2,-2.011816406E-1,-5.147196350E0,7.904013519E0
2.063885155E2,-2.947370911E-1,-6.218069458E0,8.096812592E0
2.064086805E2,-1.057251434E0,-7.065307617E0,7.768994293E0
2.064288455E2,-1.012195129E0,-7.563172302E0,7.213200073E0
2.064490105E2,-5.554948425E-1,-8.126151581E0,8.095764771E0
2.064691755E2,3.129991150E-1,-8.637787628E0,8.211324463E0
2.064893405E2,9.210346985E-1,-9.312285004E0,8.202043762E0
2.065095065E2,1.426533508E0,-9.854457550E0,7.939190369E0
2.065296715E2,1.682201843E0,-9.915979614E0,7.760911102E0
2.065498365E2,8.405021667E-1,-1.053269714E1,7.620952148E0
2.065700015E2,9.192384338E-1,-1.108025848E1,7.289241943E0
2.065901665E2,1.198557587E0,-1.194590836E1,7.491172028E0
2.066103325E2,2.277364197E0,-1.241608063E1,8.580456848E0
2.066304975E2,2.779719543E0,-1.154279663E1,9.365424500E0
2.066506625E2,2.390977936E0,-9.868827667E0,7.928263092E0
2.066708275E2,2.105072479E0,-8.769214325E0,5.958509216E0
2.066909925E2,1.810634766E0,-8.402476959E0,5.323829041E0
2.067111585E2,1.233435059E0,-8.450377350E0,5.598058777E0
2.067313235E2,7.899073792E-1,-8.564589844E0,5.339546356E0
2.067514885E2,2.784210205E-1,-8.161777496E0,4.555027771E0
2.067716535E2,-1.634600830E-1,-7.445217590E0,3.531755676E0
2.067918185E2,-5.188211060E-1,-6.660998383E0,3.156785431E0
2.068119835E2,-3.849993896E-1,-6.369853821E0,3.644022217E0
2.068321495E2,1.592687988E-1,-6.457870789E0,4.656516724E0
2.068523145E2,7.586224365E-1,-6.559509430E0,4.842879181E0
2.068724795E2,8.412506104E-1,-6.255791016E0,4.527035980E0
2.068926445E2,1.095571747E0,-5.782175903E0,3.762725372E0
2.069128091E2,1.098715210E0,-5.503156128E0,3.585493927E0
2.069329751E2,8.051756287E-1,-5.235512695E0,3.546724548E0
2.069531401E2,7.075785828E-1,-5.237758026E0,3.720513153E0
2.069733051E2,9.535171509E-1,-5.596561890E0,4.317621460E0
2.069934701E2,1.350341949E0,-5.682333527E0,4.105961609E0
2.070136351E2,4.558021545E-1,-5.502407684E0,4.633614349E0
2.070338001E2,-4.812492371E-1,-5.279072113E0,5.170248413E0
2.070539661E2,-6.539900208E-1,-5.450465698E0,4.979844360E0
2.070741311E2,-5.249583435E-1,-5.978866882E0,5.478756866E0
2.070942961E2,-5.992039490E-1,-6.637347565E0,6.757248230E0
2.071144611E2,-7.206015015E-1,-7.161258087E0,7.693401489E0
2.071346261E2,-4.567002869E-1,-7.383396149E0,7.931406555E0
2.071547921E2,3.855981445E-1,-7.481591949E0,8.628806305E0
2.071749571E2,6.876699829E-1,-7.597451019E0,1.009171417E1
2.071951221E2,-1.038839722E-1,-7.622149658E0,1.055889267E1
2.072152871E2,-5.566923523E-1,-7.491621094E0,9.838291168E0
2.072354521E2,-8.655001831E-1,-7.325765991E0,9.695637817E0
2.072556181E2,-9.256750488E-1,-7.104376373E0,1.020817200E1
2.072757831E2,-1.354084167E0,-7.139253845E0,1.016341507E1
2.072959481E2,-1.551224213E0,-7.378306732E0,1.054991135E1
2.073161131E2,-1.574276276E0,-7.872129822E0,1.136915771E1
2.073362781E2,-1.685494995E0,-8.507408752E0,1.143951141E1
2.073564441E2,-2.010169830E0,-8.837771759E0,1.037956558E1
2.073766091E2,-1.913620605E0,-9.314829712E0,1.017688705E1
2.073967741E2,-1.079854431E0,-9.699679413E0,1.102891525E1
2.074169391E2,-4.590953064E-1,-9.650731201E0,1.229603027E1
2.074371041E2,3.231779480E-1,-8.576564941E0,1.317575089E1
2.074572691E2,-3.592529297E-2,-6.963668976E0,1.307995010E1
2.074774351E2,-5.905220032E-1,-5.577701111E0,1.153965317E1
2.074976001E2,-1.443298645E0,-5.501359863E0,1.071621552E1
2.075177651E2,-2.130369873E0,-6.363566895E0,1.011267059E1
2.075379301E2,-2.187401276E0,-7.624095612E0,1.044003983E1
2.075580951E2,-1.691183167E0,-8.420439606E0,1.019020935E1
2.075782611E2,-1.844763794E0,-8.707542572E0,1.049707123E1
2.075984261E2,-2.099084930E0,-8.655450897E0,8.720864868E0
2.076185911E2,-1.965712280E0,-8.527167664E0,7.308252411E0
2.076387561E2,-1.831591187E0,-8.326135712E0,6.369105377E0
2.076589211E2,-1.900447998E0,-7.760761414E0,5.270839233E0
2.076790871E2,-2.164199524E0,-6.882388000E0,4.375251617E0
2.076992521E2,-2.255958710E0,-6.084098053E0,3.468287659E0
2.077194171E2,-2.025288391E0,-5.485043793E0,2.827170868E0
2.077395821E2,-1.894759827E0,-5.157075806E0,2.751727753E0
2.077597471E2,-1.497635651E0,-5.036576385E0,2.546953583E0
2.077799121E2,-1.384321289E0,-4.998405762E0,2.256108398E0
2.078000781E2,-1.593885498E0,-5.001848602E0,2.104773102E0
2.078202431E2,-1.503024445E0,-4.846471710E0,2.020648041E0
2.078404081E2,-1.301842804E0,-4.663402405E0,1.588197327E0
2.078605731E2,-1.366358643E0,-4.555027771E0,1.541494446E0
2.078807381E2,-1.659149780E0,-4.539310455E0,1.565444641E0
2.079009049E2,-2.374661865E0,-4.601131897E0,1.443598022E0
2.079210699E2,-2.496807861E0,-4.825664978E0,1.851499786E0
2.079412349E2,-2.190993805E0,-5.637875977E0,2.900069275E0
2.079613999E2,-1.717678070E0,-6.650370483E0,3.733685760E0
2.079815649E2,-1.023421783E0,-7.591014404E0,4.107009430E0
2.080017309E2,-1.096918945E0,-8.706794128E0,6.430328064E0
2.080218959E2,-1.971999207E0,-1.074450668E1,1.001866608E1
2.080420609E2,-2.623444519E0,-1.204799606E1,1.041219772E1
2.080622259E2,-3.563789062E0,-1.390308838E1,1.311467789E1
2.080823909E2,-2.261796570E0,-1.331166824E1,1.505404495E1
2.081025569E2,1.134790192E0,-1.245170654E1,1.281425262E1
2.081227219E2,9.038204956E-1,-1.018886215E1,1.318443283E1
2.081428869E2,3.902384949E-1,-8.677904205E0,1.322439972E1
2.081630519E2,6.262976074E-1,-7.550448761E0,1.179966248E1
2.081832169E2,1.774110718E0,-8.175997925E0,1.305180862E1
2.082033829E2,2.932102661E0,-8.303981781E0,1.298295181E1
2.082235479E2,3.347189484E0,-7.899223480E0,1.271051834E1
2.082437129E2,3.757635956E0,-7.503296814E0,1.403256912E1
2.082638779E2,3.399580536E0,-6.700216827E0,1.250709137E1
2.082840429E2,2.872077484E0,-6.238876190E0,1.149774033E1
2.083042089E2,1.966909790E0,-6.177054749E0,1.256127869E1
2.083243739E2,1.353186035E0,-5.696404266E0,1.086545517E1
2.083445389E2,1.395248566E0,-4.744533691E0,9.049281921E0
2.083647039E2,1.633103943E0,-4.320914612E0,9.534123688E0
2.083848689E2,1.601669312E0,-4.206253052E0,9.995464325E0
2.084050349E2,1.205293579E0,-4.339476013E0,1.020892044E1
2.084251999E2,9.876461792E-1,-5.018763428E0,1.071621552E1
2.084453649E2,4.568499756E-1,-5.700595551E0,1.108145599E1
2.084655299E2,-2.960842896E-1,-6.055357819E0,1.095990875E1
2.084856949E2,-1.649120636E0,-6.874005432E0,1.091470276E1
2.085058609E2,-2.142494659E0,-8.010891266E0,1.074720108E1
2.085260259E2,-2.375559998E0,-9.510173492E0,1.115989288E1
2.085461909E2,-2.490071869E0,-1.012090347E1,1.075004517E1
2.085663559E2,-3.135529633E0,-1.064541275E1,9.851314087E0
2.085865209E2,-3.284320221E0,-1.103819595E1,9.166937256E0
2.086066869E2,-3.288661194E0,-1.148711243E1,8.757987671E0
2.086268519E2,-3.512445831E0,-1.176837753E1,8.227939911E0
2.086470169E2,-3.525169373E0,-1.192899353E1,7.820936279E0
2.086671819E2,-3.284769287E0,-1.175804901E1,7.425308990E0
2.086873469E2,-3.616479492E0,-1.176179123E1,7.157665558E0
2.087075129E2,-3.202739868E0,-1.145028900E1,6.163133698E0
2.087276779E2,-2.351609802E0,-1.042102936E1,5.119653625E0
2.087478429E2,-1.542542267E0,-9.120234375E0,4.306095428E0
2.087680079E2,-6.436614990E-1,-7.706574097E0,3.910767517E0
2.087881729E2,-8.720864868E-1,-7.020999756E0,4.679868164E0
2.088083389E2,-1.758692780E0,-6.586154022E0,4.614753571E0
2.088285039E2,-2.362836456E0,-6.382876740E0,3.930825806E0
2.088486689E2,-2.625839539E0,-6.262377319E0,3.051404572E0
2.088688339E2,-2.697540436E0,-6.042933655E0,2.731519775E0
2.088889989E2,-2.812950439E0,-5.914650421E0,3.019071808E0
2.089091643E2,-3.128943329E0,-5.650898895E0,3.003653870E0
2.089293293E2,-3.054548035E0,-5.191055145E0,2.380350037E0
2.089494943E2,-2.721191254E0,-4.864733734E0,2.186203766E0
2.089696592E2,-2.634521484E0,-4.740342407E0,2.415377197E0
2.089898243E2,-2.323168945E0,-4.821623383E0,2.596949615E0
2.090099902E2,-1.912572784E0,-5.128335571E0,3.524271240E0
2.090301553E2,-2.025288391E0,-5.417983246E0,4.895569611E0
2.090503203E2,-1.982477417E0,-5.793402557E0,4.700525208E0
2.090704853E2,-1.893113251E0,-5.981710968E0,4.048930206E0
2.090906503E2,-1.329684906E0,-6.563850403E0,4.813240814E0
2.091108163E2,-6.538403320E-1,-6.978937225E0,5.202730865E0
2.091309812E2,-1.850152588E-1,-7.533234558E0,5.892496490E0
2.091511463E2,1.392105103E-2,-8.429869995E0,8.556806030E0
2.091713113E2,2.836601257E-1,-8.962312775E0,9.005872192E0
2.091914763E2,6.762936401E-1,-9.183852081E0,9.697733459E0
2.092116423E2,1.348246307E0,-9.146729279E0,1.087638245E1
2.092318073E2,2.126477966E0,-8.981023865E0,1.151480484E1
2.092519723E2,2.203417969E0,-9.219627686E0,1.181268539E1
2.092721372E2,2.114652557E0,-9.364077301E0,1.212403793E1
2.092923023E2,2.018552399E0,-8.961414642E0,1.129221771E1
2.093124683E2,1.549577637E0,-8.146359558E0,1.094044922E1
2.093326333E2,6.325845337E-1,-7.428901520E0,1.107576782E1
2.093527983E2,-3.501219177E-1,-7.773484955E0,1.136391861E1
2.093729633E2,-3.502716064E-2,-8.632398834E0,1.325658279E1
2.093931282E2,4.302053833E-1,-8.346792755E0,1.541524384E1
2.094132943E2,-1.694476318E-1,-6.891219635E0,1.606938354E1
2.094334592E2,-1.753753052E0,-5.608536987E0,1.484073853E1
2.094536243E2,-3.228336639E0,-5.303920441E0,1.370774460E1
2.094737893E2,-3.323538666E0,-5.535937958E0,1.062954575E1
2.094939543E2,-3.158432007E0,-6.091582489E0,9.415270844E0
2.095141203E2,-2.506238251E0,-6.895710297E0,9.034313049E0
2.095342853E2,-1.837279358E0,-8.294102325E0,9.928254089E0
2.095544502E2,-1.058898010E0,-9.274862823E0,1.077489349E1
2.095746153E2,-7.954458618E-1,-9.362879791E0,1.041489212E1
2.095947803E2,-1.042432251E0,-9.084458771E0,9.563911743E0
2.096149463E2,-1.282532959E0,-8.783285065E0,8.333919525E0
2.096351113E2,-2.054926758E0,-8.594527588E0,7.402855682E0
2.096552763E2,-1.825154572E0,-8.756640472E0,7.476951599E0
2.096754413E2,-1.218915253E0,-8.774603119E0,7.199129333E0
2.096956073E2,-9.773176575E-1,-8.545279999E0,6.014043732E0
2.097157722E2,-1.185235291E0,-8.296796722E0,6.064788208E0
2.097359373E2,-1.342857513E0,-8.433612213E0,6.552024994E0
2.097561023E2,-1.411414948E0,-8.805588684E0,6.313421173E0
2.097762673E2,-1.184187469E0,-9.147477722E0,5.745951233E0
2.097964333E2,-9.788145447E-1,-9.186546478E0,5.147346039E0
2.098165983E2,-8.183482361E-1,-8.774453430E0,4.549489288E0
2.098367633E2,-8.675958252E-1,-8.402327271E0,4.274660797E0
2.098569282E2,-1.275198212E0,-8.108488312E0,4.339176636E0
2.098770933E2,-1.583257599E0,-7.616461487E0,3.481310577E0
2.098972593E2,-1.352736969E0,-7.313641205E0,2.050585785E0
2.099174239E2,1.386117554E-1,-7.136709137E0,1.795216827E0
2.099375889E2,5.761518860E-1,-7.094347229E0,2.805765381E0
2.099577539E2,-1.047821045E-2,-6.653214569E0,3.131488037E0
2.099779189E2,-9.797126770E-1,-6.593339081E0,2.424508209E0
2.099980849E2,-1.396595764E0,-6.811884613E0,1.354533234E0
2.100182499E2,-1.943708038E0,-7.522007904E0,1.319506073E0
2.100384149E2,-3.019670563E0,-9.180259552E0,2.377955017E0
2.100585799E2,-4.600982208E0,-1.130074997E1,4.259841614E0
2.100787459E2,-4.737797699E0,-1.283431091E1,5.285957794E0
2.100989109E2,-3.481759644E0,-1.288295975E1,6.473737793E0
2.101190759E2,-3.014431458E0,-1.099658249E1,7.946375427E0
2.101392409E2,-3.366349640E0,-9.377998352E0,8.340206451E0
2.101594059E2,-3.548221436E0,-9.001381531E0,7.475604401E0
2.101795719E2,-2.433489532E0,-9.613159332E0,8.259374542E0
2.101997369E2,-2.331252136E0,-1.023002655E1,1.079659836E1
2.102199019E2,-3.087629242E0,-1.021371048E1,1.078567108E1
2.102400669E2,-3.437002716E0,-9.567354584E0,9.191186829E0
2.102602319E2,-2.350262604E0,-8.820707245E0,8.329877930E0
2.102803979E2,-6.797364807E-1,-8.184829559E0,8.315956879E0
2.103005629E2,-4.481680298E-1,-7.547155609E0,1.027044250E1
2.103207279E2,-1.373843079E0,-6.596482544E0,1.008033783E1
2.103408929E2,-1.565744019E0,-5.494324493E0,8.592282257E0
2.103610579E2,-1.260229340E0,-4.624932404E0,8.357869720E0
2.103812239E2,-1.288819885E0,-4.176165619E0,9.136999512E0
2.104013889E2,-1.968406677E0,-4.084107056E0,9.369915161E0
2.104215539E2,-2.201022949E0,-3.809128876E0,8.688083038E0
2.104417189E2,-1.922601929E0,-3.668571167E0,8.170160065E0
2.104618849E2,-1.609004059E0,-3.878434753E0,8.616980896E0
2.104820499E2,-1.882485352E0,-4.271667023E0,8.533005524E0
2.105022149E2,-1.921703796E0,-4.591402130E0,7.865393829E0
2.105223799E2,-1.456620941E0,-5.120851135E0,8.364456024E0
2.105425449E2,-1.239572296E0,-5.777834930E0,9.688752136E0
2.105627109E2,-1.558858337E0,-6.435866547E0,1.018541931E1
2.105828759E2,-1.548829193E0,-6.912475433E0,9.862989807E0
2.106030409E2,-1.798959045E0,-7.621850281E0,1.061442719E1
2.106232059E2,-1.940863953E0,-8.154143372E0,1.115630035E1
2.106433719E2,-2.807112579E0,-9.392667847E0,1.074750046E1
2.106635369E2,-3.061733093E0,-1.072774155E1,1.045440994E1
2.106837019E2,-2.430196381E0,-1.193243637E1,1.011536499E1
2.107038669E2,-2.072290649E0,-1.254840546E1,1.198916840E1
2.107240319E2,-2.084714813E0,-1.208931015E1,1.199934723E1
2.107441979E2,-1.144819336E0,-1.099553467E1,1.045964905E1
2.107643629E2,-1.338067474E0,-1.058164536E1,9.680818634E0
2.107845279E2,-1.881736908E0,-1.040576111E1,8.242459717E0
2.108046929E2,-2.319576416E0,-1.053718781E1,6.566544800E0
2.108248579E2,-2.178869019E0,-1.092652817E1,7.153474274E0
2.108450239E2,-1.259181519E0,-1.139176071E1,7.041207733E0
2.108651889E2,-5.974076843E-1,-1.142035126E1,6.100563812E0
2.108853539E2,-8.601113892E-1,-1.117950211E1,7.021149445E0
2.109055191E2,-9.927355957E-1,-1.055230637E1,6.415808258E0
2.109256851E2,-1.640588379E0,-9.495204620E0,4.843777313E0
2.109458501E2,-2.059866486E0,-8.484506378E0,4.487518158E0
2.109660151E2,-1.709145813E0,-7.613617401E0,4.089196472E0
2.109861801E2,-1.063238983E0,-6.987170105E0,3.525169373E0
2.110063451E2,-2.068698120E-1,-6.647676086E0,3.032094727E0
2.110265111E2,-2.182461548E-1,-6.387966156E0,2.006128235E0
2.110466761E2,-7.750881958E-1,-6.176755371E0,1.830992432E0
2.110668411E2,-6.677613831E-1,-5.776637421E0,2.512674866E0
2.110870061E2,-5.941145325E-1,-5.450016632E0,2.918630676E0
2.111071721E2,-8.605604553E-1,-5.037025452E0,2.322270813E0
2.111273371E2,-1.008602600E0,-4.702471161E0,1.048120422E0
2.111475021E2,-1.069376221E0,-4.686454468E0,3.037184143E-1
2.111676671E2,-1.201401672E0,-4.995112610E0,7.201524353E-1
2.111878321E2,-1.079704742E0,-5.514682159E0,1.999092865E0
2.112079981E2,-1.321302338E0,-6.048023071E0,2.397713928E0
2.112281631E2,-1.828896790E0,-7.048093414E0,1.663640442E0
2.112483281E2,-2.366728363E0,-8.468639374E0,2.262095947E0
2.112684931E2,-2.889141998E0,-1.033660492E1,3.990850983E0
2.112886591E2,-3.409160614E0,-1.224259140E1,5.430407410E0
2.113088241E2,-4.092190247E0,-1.429781754E1,7.366780701E0
2.113289891E2,-5.188660126E0,-1.575219315E1,1.063747925E1
2.113491541E2,-6.381230164E0,-1.666873718E1,1.151719986E1
2.113693191E2,-6.249504089E0,-1.739547592E1,1.086141357E1
2.113894851E2,-4.318369904E0,-1.711840210E1,1.159997772E1
2.114096501E2,-1.141077118E0,-1.442190948E1,1.635768402E1
2.114298151E2,1.031654663E0,-1.041743683E1,1.590188187E1
2.114499801E2,-8.786727905E-2,-8.010591888E0,1.357661728E1
2.114701461E2,-2.362986145E0,-6.780449982E0,1.144849274E1
2.114903111E2,-3.441792755E0,-6.047873383E0,9.230105896E0
2.115104761E2,-3.901636505E0,-5.794001312E0,7.908653870E0
2.115306411E2,-3.894002380E0,-6.013744354E0,7.419321442E0
2.115508061E2,-4.110003204E0,-6.199208679E0,7.298522644E0
2.115709721E2,-3.820954285E0,-5.680537262E0,6.270610199E0
2.115911371E2,-2.909050598E0,-5.053341522E0,6.115981750E0
2.116113021E2,-2.189496918E0,-4.380341034E0,6.038442993E0
2.116314671E2,-1.888173523E0,-3.748804321E0,6.034850464E0
2.116516331E2,-1.632654877E0,-3.505859528E0,5.735323334E0
2.116717981E2,-1.275796967E0,-3.803141327E0,5.758525085E0
2.116919631E2,-1.784139862E0,-4.142186279E0,6.525230713E0
2.117121281E2,-2.792742462E0,-4.156556396E0,6.411916351E0
2.117322941E2,-3.172502747E0,-4.215084686E0,5.738616486E0
2.117524591E2,-3.664679260E0,-4.497247925E0,5.914500732E0
2.117726241E2,-4.438270569E0,-5.274731140E0,6.378086700E0
2.117927891E2,-4.359683990E0,-6.173162842E0,6.940018158E0
2.118129541E2,-4.179608459E0,-6.825057220E0,8.249644775E0
2.118331201E2,-3.918701019E0,-7.325316925E0,8.935967560E0
2.118532851E2,-3.639980621E0,-7.886799316E0,8.716074829E0
2.118734501E2,-3.172203369E0,-8.962312775E0,9.075327759E0
2.118936151E2,-3.112926636E0,-1.005354355E1,1.122485779E1
2.119137816E2,-4.114942932E0,-1.108504852E1,1.118578903E1
2.119339466E2,-3.929179230E0,-1.128712830E1,9.713899841E0
2.119541116E2,-3.763174438E0,-1.213047455E1,9.441466370E0
2.119742766E2,-2.708168335E0,-1.317455338E1,1.014769775E1
2.119944416E2,-5.975573730E-1,-1.319820419E1,1.168380341E1
2.120146076E2,-5.194198608E-1,-1.241832596E1,1.217343521E1
2.120347726E2,-1.553768921E0,-1.138307877E1,1.001657043E1
2.120549376E2,-2.137255554E0,-1.113010483E1,8.222700806E0
2.120751026E2,-2.229763184E0,-1.149295029E1,7.245682526E0
2.120952686E2,-2.753524017E0,-1.173215286E1,7.254214783E0
2.121154336E2,-3.244203644E0,-1.171209457E1,6.251300354E0
2.121355986E2,-3.131937103E0,-1.107427094E1,5.307213593E0
2.121557636E2,-2.368973694E0,-1.009216324E1,3.877386932E0
2.121759296E2,-1.651964722E0,-8.959468689E0,2.376458130E0
2.121960946E2,-1.354682922E0,-7.879763947E0,2.911295929E0
2.122162596E2,-1.203946381E0,-7.126230927E0,3.994742889E0
2.122364246E2,-1.100960541E0,-6.522686005E0,3.621868286E0
2.122565896E2,-6.375242615E-1,-5.840404816E0,2.308349762E0
2.122767556E2,-1.362167358E-2,-5.215753784E0,1.748963013E0
2.122969206E2,5.041516113E-1,-4.796026611E0,2.100132751E0
2.123170856E2,5.827381897E-1,-4.627028046E0,1.913919983E0
2.123372506E2,2.752775574E-1,-4.679269409E0,1.033899994E0
2.123574166E2,-3.183879089E-1,-4.864733734E0,1.002315674E0
2.123775816E2,-7.788304138E-1,-5.075645142E0,1.166823578E0
2.123977466E2,-1.046623535E0,-5.278024292E0,6.168672180E-1
2.124179116E2,-1.127904510E0,-5.579347687E0,4.320016479E-1
2.124380776E2,-1.243314514E0,-6.377937012E0,1.458117828E0
2.124582426E2,-1.661544800E0,-7.382797394E0,2.884950714E0
2.124784076E2,-1.998344421E0,-8.301886139E0,2.861898651E0
2.124985726E2,-2.543959808E0,-9.132508850E0,2.893932037E0
2.125187386E2,-3.546724548E0,-1.045171555E1,4.314477997E0
2.125389036E2,-4.682263184E0,-1.208197540E1,5.906417542E0
2.125590686E2,-4.986879730E0,-1.357197693E1,6.781797180E0
2.125792336E2,-5.316344604E0,-1.467997284E1,8.836424561E0
2.125993986E2,-6.293811951E0,-1.564097443E1,1.045051804E1
2.126195646E2,-7.246730347E0,-1.682441345E1,1.057895096E1
2.126397296E2,-6.525530090E0,-1.754082367E1,1.057131683E1
2.126598946E2,-5.040468292E0,-1.696362396E1,1.220067856E1
2.126800596E2,-4.457580414E0,-1.361508728E1,1.392793671E1
2.127002256E2,-4.645290070E0,-9.674681396E0,1.281664764E1
2.127203906E2,-4.341721344E0,-6.975793762E0,1.081066910E1
2.127405556E2,-3.633693695E0,-5.644312592E0,1.057371185E1
2.127607206E2,-3.516337738E0,-5.371430054E0,1.059691360E1
2.127808866E2,-4.400099945E0,-5.568719788E0,9.797426147E0
2.128010516E2,-5.295088806E0,-5.441933441E0,8.343499603E0
2.128212166E2,-5.485043793E0,-5.156776428E0,7.269483032E0
2.128413816E2,-4.746180267E0,-4.770579529E0,8.026009827E0
2.128615476E2,-3.993096313E0,-4.535418549E0,8.484955444E0
2.128817126E2,-2.853516083E0,-4.196223907E0,7.953410797E0
2.129018776E2,-2.221230927E0,-4.024530945E0,7.655530243E0
2.129220425E2,-1.900298309E0,-4.052822113E0,7.172035675E0
2.129422075E2,-1.546434174E0,-4.173471222E0,6.391558685E0
2.129623735E2,-1.321452026E0,-4.269870758E0,5.987249451E0
2.129825385E2,-1.299896851E0,-4.241280212E0,5.733976135E0
2.130027035E2,-1.605561218E0,-4.704866180E0,6.315516815E0
2.130228685E2,-2.089055786E0,-5.315895538E0,6.413712616E0
2.130430345E2,-2.358196106E0,-5.663472748E0,5.988746338E0
2.130631995E2,-2.481689301E0,-5.598208466E0,6.068829803E0
2.130833645E2,-2.528841248E0,-5.519921265E0,7.269483032E0
2.131035295E2,-1.981429596E0,-5.840704193E0,8.488847351E0
2.131236955E2,-1.561852112E0,-6.807843018E0,9.489815826E0
2.131438605E2,-1.316961365E0,-7.506290588E0,1.096993790E1
2.131640255E2,-1.397793274E0,-8.144712982E0,1.091096054E1
2.131841905E2,-1.080602875E0,-8.414152679E0,1.068732559E1
2.132043565E2,-1.337768097E0,-8.524323578E0,1.096260315E1
2.132245215E2,-2.776875458E0,-9.237440643E0,1.146181503E1
2.132446865E2,-4.767585754E0,-1.066756668E1,1.120958954E1
2.132648515E2,-5.260211334E0,-1.161838943E1,9.849068756E0
2.132850175E2,-4.846322021E0,-1.258642639E1,1.001222946E1
2.133051825E2,-4.525688782E0,-1.328307770E1,1.059047699E1
2.133253475E2,-3.976929932E0,-1.340013428E1,9.970316620E0
2.133455125E2,-2.850073242E0,-1.258867172E1,9.206455078E0
2.133656775E2,-2.025288391E0,-1.125135269E1,9.022038574E0
2.133858435E2,-2.679128723E0,-1.014290771E1,8.265062714E0
2.134060085E2,-3.526217194E0,-9.358987885E0,6.548731842E0
2.134261735E2,-3.543431396E0,-8.723559265E0,4.798571320E0
2.134463385E2,-2.663261719E0,-7.986342316E0,3.957021332E0
2.134665045E2,-1.714983673E0,-7.440128174E0,4.232149200E0
2.134866695E2,-1.353485413E0,-6.658004608E0,3.467389526E0
2.135068345E2,-1.343306580E0,-6.061195679E0,2.260149994E0
2.135269995E2,-1.080752563E0,-5.356760559E0,1.130149841E0
2.135471655E2,-9.556127930E-1,-4.889432373E0,1.484013977E0
2.135673305E2,-4.029620361E-1,-4.475992126E0,1.442250824E0
2.135874955E2,-4.915777588E-1,-4.169429626E0,1.040037231E0
2.136076605E2,-1.220112762E0,-4.134851532E0,1.001118164E0
2.136278265E2,-1.598825226E0,-4.111500092E0,8.619076538E-1
2.136479915E2,-1.519340515E0,-4.490511932E0,7.964936829E-1
2.136681565E2,-1.106049957E0,-4.997208252E0,1.234183502E0
2.136883215E2,-1.211281128E0,-5.726491699E0,2.110610962E0
2.137084875E2,-1.216370544E0,-6.239325256E0,2.566562805E0
2.137286525E2,-1.453776855E0,-6.855444031E0,3.008743286E0
2.137488175E2,-1.555116119E0,-7.550598450E0,4.010460205E0
2.137689825E2,-2.043999481E0,-8.555907898E0,4.612208862E0
2.137891485E2,-1.886377258E0,-9.413773956E0,6.477480011E0
2.138093135E2,-1.818268890E0,-1.020921982E1,8.923244019E0
2.138294785E2,-2.092049561E0,-1.063837738E1,9.708211670E0
2.138496435E2,-2.319426727E0,-1.064226929E1,1.008737320E1
2.138698085E2,-2.550246735E0,-1.076411591E1,1.039483383E1
2.138899745E2,-1.897454224E0,-1.104822510E1,1.102202957E1
2.139101391E2,-1.123264160E0,-1.101364700E1,1.126183090E1
2.139303041E2,-1.001567230E0,-1.076321777E1,1.103430405E1
2.139504691E2,-1.169967041E0,-1.068687653E1,1.135089569E1
2.139706351E2,-1.206940155E0,-1.021116577E1,1.184711380E1
2.139908001E2,-1.379381561E0,-9.532177734E0,1.113833771E1
2.140109651E2,-1.902094574E0,-8.848699036E0,1.000878662E1
2.140311301E2,-2.409838715E0,-8.459807739E0,9.555678864E0
2.140512961E2,-3.477867737E0,-8.020770721E0,9.996212769E0
2.140714611E2,-4.070036316E0,-7.429500275E0,9.815089417E0
2.140916261E2,-4.306993561E0,-6.989565125E0,9.590556335E0
2.141117911E2,-3.921395416E0,-6.759792938E0,9.818083191E0
2.141319571E2,-3.879183197E0,-7.191794586E0,1.022823029E1
2.141521221E2,-3.448977814E0,-7.689210205E0,1.057326279E1
2.141722871E2,-2.827021179E0,-8.145162048E0,1.096335159E1
2.141924521E2,-2.915487213E0,-8.385711823E0,1.173619446E1
2.142126181E2,-3.108885040E0,-8.492739258E0,1.225905716E1
2.142327831E2,-2.993624725E0,-9.020541687E0,1.097951797E1
2.142529481E2,-3.245251465E0,-1.025367737E1,1.218990097E1
2.142731131E2,-3.776496735E0,-1.193872330E1,1.249571503E1
2.142932791E2,-4.249962158E0,-1.268701721E1,1.356089996E1
2.143134441E2,-3.706442413E0,-1.193857361E1,1.251801865E1
2.143336091E2,-3.337010651E0,-1.084839066E1,1.125090363E1
2.143537741E2,-3.621419220E0,-1.112651230E1,1.159578644E1
2.143739401E2,-3.393293610E0,-1.418225784E1,1.872052048E1
2.143941051E2,2.958447876E0,-1.986099884E1,1.718561234E1
2.144142701E2,1.057580750E1,-2.542986832E1,1.380743729E1
2.144344351E2,6.723568268E0,-2.406246185E1,-1.316706894E1
2.144546011E2,3.427871704E-1,-1.325104431E1,-1.188812851E1
2.144747661E2,5.513035583E-1,-3.284320221E0,-7.886649628E0
2.144949311E2,-1.672322388E0,-7.670349426E0,7.204817505E0
2.145150961E2,-6.983876953E0,-1.415516418E1,1.926538742E1
2.145352621E2,-6.709796906E0,-1.770862473E1,1.037447617E1
2.145554271E2,-2.886447601E0,-1.365161133E1,7.332352295E0
2.145755921E2,2.298769684E0,-6.405479736E0,-3.917802887E0
2.145957571E2,-1.577868805E0,-4.834047546E0,-7.096592560E0
2.146159231E2,-1.796114960E0,-4.796475677E0,2.474354553E-1
2.146360881E2,-2.677033081E0,-8.689130859E0,6.875053253E0
2.146562531E2,-2.510130157E0,-8.103099518E0,5.390440521E0
2.146764181E2,-4.008514252E0,-5.626050568E0,1.571881256E0
2.146965841E2,-5.271887054E0,-2.649340668E0,-3.176694031E0
2.147167491E2,-5.547164612E0,-1.145567780E0,-2.251018982E0
2.147369141E2,-5.187462616E0,-2.057172089E0,1.354383545E0
2.147570791E2,-3.040776672E0,-4.246519318E0,5.627846832E0
2.147772451E2,-1.249002686E0,-3.510948944E0,7.011868744E0
2.147974101E2,-1.680106201E0,-3.395538940E0,6.805747375E0
2.148175751E2,-2.147584076E0,-3.650907898E0,7.746540985E0
2.148377401E2,-2.251168671E0,-3.786376190E0,6.270011444E0
2.148579061E2,-1.946103058E0,-4.641547852E0,5.609285431E0
2.148780711E2,-1.961670685E0,-4.605173492E0,6.913074188E0
2.148982361E2,-1.914369049E0,-5.346731415E0,6.765630798E0
2.149184014E2,-3.745211792E-1,-4.892575836E0,6.527326355E0
2.149385674E2,-2.095642090E-2,-5.470523987E0,6.460565186E0
2.149587324E2,-1.993853760E-1,-6.344107361E0,7.720495148E0
2.149788974E2,-1.247954865E0,-7.163353729E0,9.583520966E0
2.149990624E2,-3.050057373E0,-7.849377136E0,1.050635193E1
2.150192284E2,-5.375172272E0,-9.513915710E0,1.086320984E1
2.150393934E2,-6.242468719E0,-1.099628311E1,1.151914581E1
2.150595584E2,-5.372777252E0,-1.217627930E1,1.164997375E1
2.150797234E2,-4.237837372E0,-1.219903198E1,1.272578659E1
2.150998894E2,-3.838018799E0,-1.125000549E1,1.319820419E1
2.151200544E2,-3.594026184E0,-9.759554901E0,1.318503159E1
2.151402194E2,-3.204087067E0,-8.313112793E0,1.205383392E1
2.151603844E2,-2.749482422E0,-7.519912262E0,1.043614792E1
2.151805504E2,-2.353106689E0,-7.009773102E0,1.015099091E1
2.152007154E2,-2.042801971E0,-7.170239410E0,1.166509232E1
2.152208804E2,-2.125879211E0,-6.948849792E0,1.143666733E1
2.152410454E2,-2.288291473E0,-6.147715759E0,9.424701233E0
2.152612114E2,-2.587369537E0,-5.351970520E0,7.635172577E0
2.152813764E2,-2.690654755E0,-4.938530273E0,6.726861420E0
2.153015414E2,-2.762056274E0,-5.115911407E0,7.474855957E0
2.153217064E2,-2.434687042E0,-5.288502502E0,7.944579163E0
2.153418724E2,-1.795815582E0,-5.207371216E0,7.199877777E0
2.153620374E2,-1.412762146E0,-4.810696106E0,5.717510376E0
2.153822024E2,-1.562600555E0,-4.488266602E0,4.643194427E0
2.154023674E2,-1.470841370E0,-5.293442230E0,6.186485138E0
2.154225334E2,-6.376739502E-1,-5.981561279E0,7.217541046E0
2.154426984E2,-6.173162842E-1,-6.256240082E0,6.791377258E0
2.154628634E2,-1.228345642E0,-6.001769257E0,6.619833984E0
2.154830284E2,-2.062560883E0,-5.813161469E0,5.933810577E0
2.155031944E2,-2.286794586E0,-6.056106262E0,5.201533356E0
2.155233594E2,-2.200723572E0,-6.459667053E0,6.171366577E0
2.155435244E2,-2.483635254E0,-7.539072418E0,8.687035217E0
2.155636894E2,-2.398013306E0,-8.267008667E0,1.025367737E1
2.155838554E2,-2.042801971E0,-8.558302917E0,1.004830444E1
2.156040204E2,-1.349892883E0,-9.237141266E0,9.607920227E0
2.156241854E2,-3.793112183E-1,-1.019604721E1,1.039094193E1
2.156443504E2,-2.496807861E-1,-1.129416367E1,1.009216324E1
2.156645164E2,-8.797206116E-1,-1.118938156E1,9.588311005E0
2.156846814E2,-1.519340515E0,-1.115914444E1,8.108787689E0
2.157048464E2,-1.664987640E0,-1.131317413E1,6.451284485E0
2.157250114E2,-1.589245148E0,-1.135523666E1,5.361400909E0
2.157451774E2,-1.561403046E0,-1.153980286E1,5.333109741E0
2.157653424E2,-1.638193359E0,-1.204215820E1,5.579796753E0
2.157855074E2,-1.744172974E0,-1.219244568E1,5.297633514E0
2.158056724E2,-1.642534332E0,-1.206326431E1,4.618944855E0
2.158258384E2,-1.260528717E0,-1.134909943E1,4.448898468E0
2.158460034E2,-1.657353516E0,-1.112247070E1,5.021158447E0
2.158661684E2,-2.782413940E0,-1.132634674E1,3.851939850E0
2.158863344E2,-2.698438568E0,-1.100077377E1,2.004930725E0
2.159064994E2,-1.673669586E0,-9.718540192E0,1.868414612E0
2.159266644E2,-1.268462219E0,-8.148006134E0,3.139271851E0
2.159468294E2,-1.656006317E0,-7.382048950E0,3.670517120E0
2.159669954E2,-1.962568817E0,-6.934329987E0,3.066972198E0
2.159871604E2,-2.022743683E0,-6.766528931E0,2.464624786E0
2.160073254E2,-2.271526337E0,-6.549629974E0,2.182311859E0
2.160274904E2,-2.388732605E0,-6.424939270E0,2.291135559E0
2.160476564E2,-2.796185303E0,-6.654412079E0,2.837200012E0
2.160678214E2,-3.906875610E0,-6.740034027E0,3.275488586E0
2.160879864E2,-3.605103149E0,-6.430028687E0,2.196083221E0
2.161081514E2,-3.064128113E0,-6.068380737E0,1.637145538E0
2.161283174E2,-3.055446167E0,-5.946983185E0,2.254910889E0
2.161484824E2,-3.915407867E0,-6.405779114E0,3.409010925E0
2.161686474E2,-3.820804596E0,-5.784121857E0,3.449277191E0
2.161888124E2,-3.625161438E0,-5.829776917E0,3.002905426E0
2.162089784E2,-3.943249969E0,-6.224805450E0,3.290457458E0
2.162291434E2,-4.427343292E0,-7.141199799E0,4.327800293E0
2.162493084E2,-4.330644379E0,-7.734715576E0,4.629872131E0
2.162694734E2,-4.342020721E0,-7.983498230E0,5.993237000E0
2.162896394E2,-4.393663330E0,-8.418343964E0,7.255112915E0
2.163098044E2,-4.743934937E0,-8.496930542E0,7.596103821E0
2.163299694E2,-5.227878571E0,-8.679251404E0,8.005352783E0
2.163501344E2,-5.330265656E0,-8.491691437E0,9.113498383E0
2.163703004E2,-5.671555939E0,-7.932454376E0,9.894424438E0
2.163904654E2,-6.219266968E0,-7.174430695E0,9.525741119E0
2.164106304E2,-6.817722473E0,-6.870562592E0,8.781488800E0
2.164307954E2,-7.275919647E0,-7.142097931E0,8.907077637E0
2.164509614E2,-6.369255066E0,-7.411537628E0,8.958869934E0
2.164711264E2,-5.361550598E0,-7.305108948E0,8.910819855E0
2.164912914E2,-4.537214813E0,-7.163054352E0,9.476493530E0
2.165114574E2,-4.176015930E0,-7.536228333E0,9.784552917E0
2.165316224E2,-3.616329803E0,-8.403973846E0,1.015892441E1
2.165517874E2,-2.522105255E0,-9.366322632E0,1.065379532E1
2.165719524E2,-1.141077118E0,-8.766220551E0,1.120659576E1
2.165921184E2,-9.952803040E-1,-8.194858704E0,1.087413712E1
2.166122834E2,-9.786648560E-1,-7.853568420E0,9.890382843E0
2.166324484E2,-1.480271759E0,-8.218359833E0,7.857759705E0
2.166526134E2,-1.803150330E0,-9.022787018E0,6.469097443E0
2.166727794E2,-1.240320740E0,-1.014859589E1,6.121819611E0
2.166929444E2,-2.981799316E-1,-1.066038162E1,6.211782532E0
2.167131094E2,8.783734131E-1,-1.054078033E1,6.205196228E0
2.167332744E2,1.793270874E0,-9.770631866E0,6.411018219E0
2.167534404E2,2.558479614E0,-9.047785034E0,7.601342926E0
2.167736054E2,1.672322388E0,-9.714498596E0,8.757388916E0
2.167937704E2,1.447040863E0,-1.034019745E1,9.317524109E0
2.168139354E2,1.269210663E0,-1.024005569E1,8.007448425E0
2.168341014E2,7.378157043E-1,-9.703571320E0,7.209607544E0
2.168542664E2,-3.233276367E-2,-9.645492096E0,6.961872711E0
2.168744314E2,-1.698966980E-1,-9.739646301E0,7.682923279E0
2.168945974E2,8.584648132E-1,-9.977501678E0,9.231153717E0
2.169147622E2,1.166075134E0,-1.046503784E1,8.662037201E0
2.169349272E2,1.122815094E0,-1.016191818E1,7.388485565E0
2.169550922E2,8.711883545E-2,-1.000100281E1,7.570057983E0
2.169752582E2,-6.601272583E-2,-9.423653412E0,7.712411957E0
2.169954232E2,2.499801636E-2,-8.528814240E0,7.373666382E0
2.170155882E2,-5.706134033E-1,-7.816744995E0,8.428373108E0
2.170357532E2,-1.206341400E0,-7.344028015E0,9.420210571E0
2.170559192E2,-1.491648102E0,-6.717730408E0,8.472680969E0
2.170760842E2,-2.123633881E0,-6.091133423E0,8.676557007E0
2.170962492E2,-2.163900146E0,-5.304519196E0,9.421707458E0
2.171164142E2,-2.312091980E0,-4.845274200E0,1.011805939E1
2.171365802E2,-3.671265564E0,-4.352947998E0,9.015601959E0
2.171567452E2,-3.642824707E0,-2.618654480E0,8.172405396E0
2.171769102E2,-2.691403198E0,-1.232087860E0,9.067244568E0
2.171970752E2,-2.024240570E0,-7.563771057E-1,9.903854828E0
2.172172412E2,-1.850601654E0,-5.864804077E-1,1.000684067E1
2.172374062E2,-1.634151764E0,-1.878593445E-1,1.033136581E1
2.172575712E2,-1.479972382E0,6.628216553E-1,1.051084259E1
2.172777362E2,-1.280287628E0,1.199904785E0,9.964179382E0
2.172979022E2,-1.014141083E0,1.609004059E0,8.735534363E0
2.173180672E2,-8.161029053E-1,1.932182007E0,7.804320831E0
2.173382322E2,-6.828799438E-1,1.716330872E0,7.531887360E0
2.173583982E2,-1.033899994E0,1.865869904E0,8.560548248E0
2.173785632E2,-1.676214294E0,1.686692505E0,9.571396179E0
2.173987282E2,-1.288819885E0,1.440005493E0,1.024933640E1
2.174188932E2,-1.132245483E0,1.142124939E0,9.845176849E0
2.174390592E2,-1.410965881E0,1.571881256E0,7.983647919E0
2.174592242E2,-1.766027527E0,2.510728912E0,6.612648926E0
2.174793892E2,-1.446591797E0,2.897823944E0,6.044580231E0
2.174995542E2,-1.121467896E0,2.685116272E0,6.634054413E0
2.175197202E2,-1.226250000E0,2.694546661E0,7.299720154E0
2.175398852E2,-1.315913544E0,3.094215546E0,6.733447723E0
2.175600502E2,-1.212778015E0,3.782933350E0,6.369853821E0
2.175802152E2,-9.702822876E-1,4.189637604E0,6.377188568E0
2.176003812E2,-1.018032990E0,4.080364838E0,6.791077881E0
2.176205462E2,-6.973997498E-1,4.099674683E0,7.295977936E0
2.176407112E2,-8.048762512E-1,4.046385498E0,6.747219086E0
2.176608772E2,-1.361418915E0,4.042194214E0,4.736450500E0
2.176810422E2,-1.399888916E0,3.901037750E0,2.223027191E0
2.177012072E2,-1.038989410E0,3.439248047E0,8.545729065E-1
2.177213722E2,-6.189628601E-1,2.482437744E0,1.096020813E0
2.177415382E2,-3.424877930E-1,1.391805725E0,2.619702301E0
2.177617032E2,-1.545685730E0,1.510658569E0,8.390052795E-1
2.177818682E2,-2.050436096E0,2.704875183E-1,-1.728006592E0
2.178020332E2,-1.504970398E0,-2.126927032E0,1.363514557E0
2.178221992E2,-8.419990540E-1,-3.464246063E0,6.708898773E0
2.178423642E2,-3.607049103E0,-4.236190796E0,9.477391663E0
2.178625292E2,-3.639232178E0,-4.705315247E0,9.159003754E0
2.178826942E2,-2.266287231E0,-5.519322510E0,7.356601868E0
2.179028602E2,-2.666854248E0,-6.714736633E0,6.328390045E0
2.179230251E2,-4.336332550E0,-8.617879028E0,7.457641754E0
2.179431901E2,-4.576283569E0,-9.772727509E0,8.445587311E0
2.179633561E2,-4.711602173E0,-1.096709381E1,8.180638275E0
2.179835211E2,-5.066663818E0,-1.252370682E1,7.300917664E0
2.180036861E2,-6.418802032E0,-1.440738968E1,8.016130371E0
2.180238511E2,-6.866970062E0,-1.556583069E1,1.014859589E1
2.180440171E2,-6.824907532E0,-1.589694214E1,1.259929962E1
2.180641821E2,-6.804100800E0,-1.512260239E1,1.415112259E1
2.180843471E2,-7.296876068E0,-1.416863617E1,1.322499847E1
2.181045121E2,-7.589068451E0,-1.361823074E1,1.247790207E1
2.181246781E2,-6.847809906E0,-1.323053696E1,1.308518921E1
2.181448431E2,-5.662275238E0,-1.247580643E1,1.201446579E1
2.181650081E2,-5.126988373E0,-1.198392929E1,1.088446564E1
2.181851741E2,-5.499413910E0,-1.177586197E1,1.079046112E1
2.182053391E2,-6.387966156E0,-1.139714951E1,1.024963577E1
2.182255041E2,-6.662046204E0,-1.094074860E1,9.036857758E0
2.182456691E2,-6.693031769E0,-1.077923447E1,6.755601654E0
2.182658351E2,-6.585255890E0,-9.859696655E0,5.387446747E0
2.182860001E2,-7.076983337E0,-9.652228088E0,5.543272705E0
2.183061651E2,-6.531068573E0,-8.293054504E0,7.010371857E0
2.183263301E2,-5.815257111E0,-6.290967865E0,8.417296143E0
2.183464961E2,-5.455405426E0,-5.049299927E0,8.147856445E0
2.183666611E2,-4.662204895E0,-4.427043915E0,7.379204865E0
2.183868261E2,-4.640649719E0,-5.454058228E0,7.206613770E0
2.184069911E2,-5.915997620E0,-6.238427124E0,7.708520050E0
2.184271571E2,-6.985972595E0,-6.575975189E0,6.569987640E0
2.184473221E2,-7.192543030E0,-6.894363098E0,4.797523499E0
2.184674871E2,-6.356980591E0,-7.189998322E0,4.386178894E0
2.184876531E2,-5.844446411E0,-7.500901794E0,5.554349670E0
2.185078181E2,-5.736071777E0,-7.861052856E0,5.918841705E0
2.185279831E2,-5.617667999E0,-8.488398285E0,6.343508606E0
2.185481481E2,-4.680766296E0,-8.787176971E0,6.641089783E0
2.185683141E2,-4.022435303E0,-9.009614410E0,6.221512299E0
2.185884791E2,-4.703219604E0,-9.834548950E0,5.645061035E0
2.186086441E2,-5.529800720E0,-1.109402985E1,5.966442719E0
2.186288091E2,-5.296885071E0,-1.125269989E1,5.762117615E0
2.186489751E2,-6.068979492E0,-1.180909286E1,4.123924255E0
2.186691401E2,-6.669380951E0,-1.215472412E1,5.292095032E0
2.186893051E2,-6.451883240E0,-1.267878433E1,4.946164398E0
2.187094711E2,-5.025050354E0,-1.218526062E1,5.053640900E0
2.187296361E2,-4.499343567E0,-1.103804626E1,5.827980652E0
2.187498011E2,-4.566703491E0,-1.011671219E1,5.692961426E0
2.187699661E2,-4.257296906E0,-9.424401855E0,5.794899445E0
2.187901321E2,-3.538341980E0,-8.662785645E0,5.823639679E0
2.188102971E2,-3.612437897E0,-8.145311737E0,4.270469513E0
2.188304621E2,-4.150119781E0,-7.783663788E0,2.632126465E0
2.188506271E2,-4.168681183E0,-6.959627380E0,1.771266632E0
2.188707931E2,-3.026855621E0,-5.767207031E0,9.991722107E-1
2.188909581E2,-1.912872162E0,-5.165458374E0,1.104852448E0
2.189111231E2,-2.080673218E-1,-4.216132507E0,2.864593048E0
2.189312898E2,-7.647596741E-1,-5.541626129E0,2.574945374E0
2.189514548E2,-7.201524353E-1,-5.830824738E0,3.051404572E0
2.189716197E2,-1.018781433E0,-6.235882416E0,2.520608368E0
2.189917848E2,-8.152047729E-1,-6.333629150E0,2.085912323E0
2.190119508E2,-1.919159088E0,-7.149582367E0,1.493444366E0
2.190321158E2,-2.640658722E0,-7.723937988E0,1.805844727E0
2.190522808E2,-2.535577240E0,-8.136779480E0,2.649340668E0
2.190724458E2,-2.881657562E0,-8.774603119E0,3.085533600E0
2.190926118E2,-2.931354218E0,-9.181906128E0,4.460274811E0
2.191127768E2,-3.699407043E0,-9.207203522E0,5.228327637E0
2.191329417E2,-4.775818634E0,-9.396859131E0,3.745062103E0
2.191531077E2,-5.628146210E0,-9.251361694E0,3.219505005E0
2.191732728E2,-5.995781708E0,-1.030157776E1,3.834126892E0
2.191934378E2,-6.038293304E0,-1.165012344E1,5.539829865E0
2.192136028E2,-5.129383392E0,-1.267070114E1,7.441475372E0
2.192337688E2,-4.474944305E0,-1.312096481E1,7.940238190E0
2.192539338E2,-4.199966125E0,-1.338321945E1,7.290738831E0
2.192740988E2,-4.687951355E0,-1.399335068E1,7.698640594E0
2.192942637E2,-5.633085938E0,-1.461381042E1,8.981472931E0
2.193144297E2,-5.038372650E0,-1.459030930E1,1.001103195E1
2.193345948E2,-4.472100220E0,-1.363918716E1,1.016057098E1
2.193547598E2,-5.576952667E0,-1.321167618E1,1.006911118E1
2.193749258E2,-6.327491913E0,-1.224633362E1,9.681118011E0
2.193950908E2,-6.751110992E0,-1.262684235E1,9.660610657E0
2.194152558E2,-4.714296570E0,-1.167527115E1,8.725056152E0
2.194354208E2,-2.830913086E0,-9.411528625E0,8.149353333E0
2.194555868E2,-2.972368927E0,-7.162754974E0,7.687863007E0
2.194757517E2,-3.835025024E0,-6.314319305E0,8.225245514E0
2.194959168E2,-3.896996155E0,-5.678591309E0,8.476423187E0
2.195160818E2,-4.293820953E0,-6.224955139E0,9.008416901E0
2.195362478E2,-5.295238495E0,-7.495363312E0,9.164542236E0
2.195564128E2,-4.733606415E0,-7.954907684E0,6.830745392E0
2.195765778E2,-3.204236755E0,-8.339458008E0,7.169341278E0
2.195967438E2,-2.299518127E0,-8.943152618E0,8.742719421E0
2.196169088E2,-1.407523041E0,-8.767567749E0,9.698032837E0
2.196370737E2,-2.032024384E0,-8.819210358E0,9.602681122E0
2.196572388E2,-2.275418243E0,-8.381969604E0,1.014006363E1
2.196774047E2,-2.238744507E0,-8.194259949E0,9.894125061E0
2.196975698E2,-1.755399628E0,-7.848329315E0,8.302335205E0
2.197177348E2,-2.076182556E0,-7.746840363E0,8.672665100E0
2.197379008E2,-2.105072479E0,-7.381001129E0,8.326435089E0
2.197580658E2,-2.167193298E0,-6.872957611E0,6.223308563E0
2.197782308E2,-1.757195892E0,-6.690037994E0,6.143973541E0
2.197983957E2,-1.117575989E0,-6.480623474E0,6.964716797E0
2.198185617E2,-1.178798676E0,-6.491251373E0,8.648116150E0
2.198387267E2,-1.002016296E0,-5.914201355E0,8.022117920E0
2.198588918E2,-2.016157379E0,-5.348527679E0,7.659721527E0
2.198790568E2,-2.583028564E0,-5.401517487E0,6.059549103E0
2.198992228E2,-2.585872650E0,-4.129013672E0,4.928800507E0
2.199193873E2,-2.234852600E0,-3.558999023E0,4.987777863E0
2.199395523E2,-2.265688477E0,-4.475692749E0,8.390352173E0
2.199597183E2,-3.219804382E-1,-4.732857971E0,7.620802460E0
2.199798833E2,3.532653809E-2,-3.507955170E0,6.039790192E0
2.200000483E2,-6.161187744E-1,-2.316432953E0,6.229745178E0
2.200202133E2,-1.696721649E0,-2.115850067E0,7.293582916E0
2.200403793E2,-5.523513794E-2,-2.865191803E0,8.830437012E0
2.200605443E2,2.399959259E0,-2.331102448E0,9.478140106E0
2.200807093E2,2.601739655E0,-1.300794983E-1,7.469616852E0
2.201008743E2,2.069147186E0,7.424560547E-2,8.129594421E0
2.201210403E2,1.378034363E0,1.357676697E-1,8.097561035E0
2.201412053E2,5.658233643E-1,1.092727661E-2,7.104675751E0
2.201613703E2,1.669029236E-1,-1.407373352E0,8.296347656E0
2.201815363E2,-9.550140381E-2,-1.967807922E0,9.671987000E0
2.202017013E2,-5.752537537E-1,-1.683998108E0,1.042222687E1
2.202218663E2,-1.055455170E0,-1.095272369E0,9.692943420E0
2.202420313E2,-4.975653076E-1,-5.861810303E-1,7.840246124E0
2.202621973E2,7.372169495E-1,2.273771667E-1,8.968599701E0
2.202823623E2,1.762434998E0,1.110989685E0,1.028885422E1
2.203025273E2,5.977070618E-1,5.915698242E-1,8.401279449E0
2.203226933E2,1.499880981E-1,-6.316864014E-2,7.974217529E0
2.203428583E2,4.619393921E-1,-1.661544800E-2,6.507268066E0
2.203630233E2,1.301842804E0,2.389031982E-1,6.977440338E0
2.203831883E2,1.291963348E0,-1.051712952E0,9.721533966E0
2.204033543E2,-1.546284485E-1,-1.319955139E0,9.386081543E0
2.204235193E2,-1.224603424E0,-1.721569977E0,1.015817596E1
2.204436843E2,-9.961784363E-1,-2.156266022E0,1.269704636E1
2.204638503E2,-7.325765991E-1,-2.399659882E0,1.134131561E1
2.204840153E2,-1.120569763E0,-2.755170593E0,8.872649231E0
2.205041803E2,-2.117945709E0,-3.758234711E0,7.906857605E0
2.205243453E2,-3.734733582E0,-6.021079102E0,1.677890808E1
2.205445113E2,-4.167034607E0,-6.423592072E0,1.146316223E1
2.205646763E2,-1.878443756E0,-6.399791565E0,9.335037689E0
2.205848413E2,-6.083349609E-1,-5.400769043E0,5.746999054E0
2.206050073E2,-2.464026031E0,-6.464157715E0,9.168434143E-1
2.206251723E2,-3.090024261E0,-7.736362152E0,2.144739990E0
2.206453373E2,-4.729415131E0,-8.098908234E0,7.237599335E0
2.206655023E2,-5.318589935E0,-8.903784485E0,9.565558319E0
2.206856683E2,-4.334087219E0,-9.108558655E0,6.690337372E0
2.207058333E2,-2.964585114E0,-9.204509125E0,2.534978485E0
2.207259983E2,-1.967059479E0,-9.947114868E0,1.519340515E0
2.207461643E2,-2.511627045E0,-9.679920502E0,2.748284912E0
2.207663293E2,-3.697461090E0,-1.072070618E1,2.850372620E0
2.207864943E2,-2.700683899E0,-1.088072342E1,3.860921173E0
2.208066593E2,-9.768685913E-1,-1.036265076E1,4.493056641E0
2.208268253E2,7.738906860E-2,-9.969418488E0,3.052452393E0
2.208469903E2,8.994795227E-1,-1.015143997E1,3.453917542E0
2.208671553E2,1.110241241E0,-9.979896698E0,5.878725128E0
2.208873213E2,4.228706360E-1,-9.521998901E0,6.456373901E0
2.209074863E2,4.224215698E-1,-9.233099670E0,3.424279175E0
2.209276513E2,5.131329346E-1,-8.994795227E0,4.806953888E0
2.209478163E2,1.701960754E-1,-8.909921722E0,5.721102905E0
2.209679823E2,-2.315684509E-1,-8.694519653E0,4.818479919E0
2.209881472E2,-2.658471680E-1,-8.716224518E0,4.063450012E0
2.210083122E2,-3.555107117E-1,-9.324110413E0,5.391787720E0
2.210284782E2,-1.094523926E0,-9.567204895E0,6.997049561E0
2.210486433E2,-1.785187683E0,-1.001537292E1,7.742649078E0
2.210688083E2,-1.775757294E0,-1.037986496E1,8.967701569E0
2.210889743E2,-1.108295288E0,-1.089464447E1,9.355545044E0
2.211091393E2,-3.879931641E-1,-1.091335556E1,1.061801971E1
2.211293043E2,-5.551954651E-1,-1.084734283E1,1.185878952E1
2.211494692E2,-7.134164429E-1,-1.055410263E1,1.267863464E1
2.211696353E2,-1.314416656E0,-1.146480881E1,1.310913940E1
2.211898002E2,-1.890568542E0,-1.084839066E1,1.237147339E1
2.212099653E2,-2.836451569E0,-1.020128632E1,1.144220581E1
2.212301313E2,-2.886148224E0,-9.896071014E0,1.040291702E1
2.212502963E2,-2.885848846E0,-1.046952850E1,9.771679688E0
2.212704613E2,-2.943179626E0,-1.146076721E1,8.754544830E0
2.212906263E2,-2.848426666E0,-1.168724625E1,8.061635742E0
2.213107923E2,-3.028352509E0,-1.272818161E1,8.645272064E0
2.213309573E2,-2.265239410E0,-1.356060059E1,9.006770325E0
2.213511222E2,-2.045795746E0,-1.360101654E1,8.379125519E0
2.213712882E2,-2.697540436E0,-1.338067474E1,7.345824280E0
2.213914533E2,-3.317401428E0,-1.310135559E1,6.683601379E0
2.214116183E2,-3.224295044E0,-1.269270538E1,6.551725616E0
2.214317843E2,-2.727478180E0,-1.234647537E1,6.065237274E0
2.214519493E2,-1.966011658E0,-1.177391602E1,5.749543762E0
2.214721143E2,-1.682351532E0,-1.130015121E1,5.626050568E0
2.214922793E2,-1.583407288E0,-1.080737595E1,4.965923309E0
2.215124453E2,-1.462907867E0,-1.004965164E1,3.758384399E0
2.215326102E2,-1.648970947E0,-9.375154266E0,3.236120453E0
2.215527753E2,-1.606609039E0,-8.973689117E0,2.920876007E0
2.215729412E2,-1.226549377E0,-8.813222809E0,3.127596130E0
2.215931063E2,-1.044976959E0,-8.640931091E0,3.957021332E0
2.216132713E2,-1.037342834E0,-8.043972473E0,4.048630829E0
2.216334363E2,-1.189725952E0,-7.787555695E0,3.511996765E0
2.216536023E2,-8.705895996E-1,-7.098388824E0,3.038082275E0
2.216737673E2,-1.115630035E0,-6.620133362E0,2.475402374E0
2.216939322E2,-1.662891998E0,-6.109545135E0,2.164648590E0
2.217140982E2,-2.095642090E0,-6.476282501E0,3.151546326E0
2.217342632E2,-1.239422607E0,-5.930966492E0,3.410208435E0
2.217544283E2,-1.006357269E0,-5.478158112E0,3.101250916E0
2.217745943E2,-1.828747101E0,-5.583239594E0,2.851869507E0
2.217947593E2,-3.221001892E0,-5.536686401E0,3.309018860E0
2.218149243E2,-3.771856384E0,-5.196743317E0,4.649181976E0
2.218350893E2,-3.211870880E0,-4.523443451E0,6.259832611E0
2.218552553E2,-3.530707855E0,-4.830005951E0,8.018076324E0
2.218754202E2,-3.589236145E0,-4.800217896E0,8.490793304E0
2.218955852E2,-4.693190460E0,-4.980293427E0,7.781268768E0
2.219157516E2,-5.592220917E0,-5.460345154E0,9.045240326E0
2.219359166E2,-5.874234467E0,-6.186485138E0,1.024245071E1
2.219560816E2,-5.161117401E0,-6.561754761E0,9.516161041E0
2.219762476E2,-3.654500427E0,-6.868766327E0,8.608448639E0
2.219964126E2,-8.204438782E-1,-6.848558350E0,1.081935104E1
2.220165776E2,1.140328674E0,-6.167774048E0,1.149190247E1
2.220367426E2,1.034199371E0,-4.666396179E0,8.528365173E0
2.220569086E2,-1.329684906E0,-4.719984741E0,5.852828979E0
2.220770736E2,-1.945504303E0,-4.370760956E0,6.010900269E0
2.220972386E2,-1.749561768E0,-4.236190796E0,7.092101898E0
2.221174046E2,-9.409432983E-1,-4.027075653E0,6.728358307E0
2.221375696E2,-5.556445312E-1,-4.483177185E0,6.146667938E0
2.221577346E2,-1.248403931E-1,-4.969964905E0,5.555397491E0
2.221779006E2,2.550695801E-1,-5.081033936E0,6.100264435E0
2.221980656E2,1.492396545E-1,-5.610333252E0,6.492149506E0
2.222182306E2,2.296224976E-1,-6.462660828E0,7.752229156E0
2.222383966E2,6.932084656E-1,-7.393574982E0,8.546028442E0
2.222585616E2,5.975573730E-1,-7.963889008E0,9.143585815E0
2.222787266E2,-4.535568237E-2,-8.089328156E0,1.020622604E1
2.222988916E2,-1.271905060E0,-8.212372284E0,1.174053543E1
2.223190576E2,-2.517315216E0,-8.643775177E0,1.316272797E1
2.223392226E2,-2.134860535E0,-9.798773346E0,1.480406479E1
2.223593876E2,-8.662486267E-1,-1.048868866E1,1.442475357E1
2.223795536E2,-3.125500488E-1,-9.892777863E0,1.265692978E1
2.223997186E2,-6.237528992E-1,-9.730664978E0,1.201596268E1
2.224198836E2,-8.247848511E-1,-9.022936707E0,1.175789932E1
2.224400496E2,-1.353335724E0,-9.987231445E0,1.302980438E1
2.224602146E2,-5.397775269E-1,-1.071621552E1,1.485690491E1
2.224803796E2,-1.823358307E0,-1.096574661E1,1.300435730E1
2.225005456E2,-3.092269592E0,-1.091545120E1,9.447154541E0
2.225207106E2,-3.151097260E0,-1.097143478E1,7.439978485E0
2.225408756E2,-2.132166138E0,-1.146001877E1,7.942782898E0
2.225610406E2,-8.074209595E-1,-1.159967834E1,9.463620300E0
2.225812066E2,-5.770500183E-1,-1.137858810E1,9.070388031E0
2.226013716E2,-1.718426514E0,-1.111723160E1,7.558082886E0
2.226215366E2,-2.474504242E0,-1.049273026E1,6.096971283E0
2.226417026E2,-2.418071594E0,-9.828411713E0,4.603826294E0
2.226618676E2,-2.146536255E0,-8.940458221E0,3.255729675E0
2.226820326E2,-1.898202667E0,-8.408314819E0,2.982996826E0
2.227021986E2,-1.766027527E0,-8.099806366E0,3.581751709E0
2.227223636E2,-1.665287018E0,-7.914192352E0,3.982318726E0
2.227425286E2,-1.644480286E0,-8.100704498E0,3.481011200E0
2.227626946E2,-1.335073700E0,-8.171058197E0,3.296894073E0
2.227828596E2,-1.599423981E0,-8.239166565E0,2.832559662E0
2.228030246E2,-2.396965485E0,-8.432414703E0,2.276466064E0
2.228231906E2,-2.161954193E0,-9.353599091E0,3.269800415E0
2.228433556E2,-1.127305756E0,-9.793833618E0,4.756658478E0
2.228635206E2,-4.968168640E-1,-9.595496063E0,6.315816193E0
2.228836866E2,-1.305884399E0,-8.922645264E0,5.067711639E0
2.229038516E2,-2.184706879E0,-8.768316193E0,4.871320038E0
2.229240163E2,-1.055455170E0,-7.668253784E0,5.598358154E0
2.229441823E2,-8.149053955E-1,-7.626939697E0,6.050717468E0
2.229643473E2,-6.571334839E-1,-6.620881805E0,7.709418182E0
2.229845123E2,-1.534159698E0,-5.997727661E0,9.380243683E0
2.230046783E2,-1.061442719E0,-4.938530273E0,8.433312836E0
2.230248433E2,-1.335522766E0,-4.480482788E0,8.151448975E0
2.230450083E2,-2.712359619E-1,-4.182901611E0,9.757459259E0
2.230651743E2,6.858737183E-1,-3.679797821E0,9.475296021E0
2.230853393E2,7.415579224E-1,-2.805316315E0,9.071585541E0
2.231055043E2,6.641688538E-1,-2.276016998E0,9.432335358E0
2.231256693E2,2.163002014E-1,-8.265811157E-1,7.467221832E0
2.231458353E2,-5.236111450E-1,-9.867480469E-1,6.672374725E0
2.231660003E2,1.936073914E0,-1.580862579E0,6.600374451E0
2.231861653E2,3.822600861E0,-7.120692444E-1,9.697134705E0
2.232063313E2,2.589465179E0,-9.246272278E-1,1.234632568E1
2.232264963E2,6.436614990E-3,-2.469414825E0,1.248508713E1
2.232466613E2,1.800755310E-1,-2.823877716E0,1.216969299E1
2.232668273E2,7.780819702E-1,-2.383792877E0,1.094479019E1
2.232869923E2,4.040098572E-1,-1.125958557E0,1.057775345E1
2.233071573E2,-3.147953796E-1,1.704954529E-1,1.271411087E1
2.233273233E2,1.325942688E0,9.285191345E-1,1.253523285E1
2.233474883E2,-1.065783691E0,1.204395447E0,9.443412323E0
2.233676533E2,-2.535277863E0,4.417314148E-1,9.046437836E0
2.233878193E2,-7.611671448E-1,1.296903076E0,1.081141754E1
2.234079843E2,7.536827087E-1,2.334395599E0,1.189276886E1
2.234281493E2,-6.920109558E-1,1.838027802E0,1.170206543E1
2.234483153E2,-1.063987427E0,1.889969788E0,1.410007874E1
2.234684803E2,-8.313711548E-1,1.596579895E0,1.392599075E1
2.234886453E2,-1.177002411E0,6.258485413E-1,1.338067474E1
2.235088113E2,-1.780547333E0,-3.228785706E-1,1.362197296E1
2.235289763E2,-2.927612000E0,-2.781216431E-1,1.360550720E1
2.235491413E2,-2.907553711E0,6.721023560E-2,1.362406860E1
2.235693073E2,-2.797382812E0,7.858657837E-1,1.270991959E1
2.235894723E2,-2.971321106E0,-4.544549561E-1,1.092982132E1
2.236096383E2,-2.184856567E0,-1.411564636E-1,7.538773041E0
2.236298033E2,-2.046095123E0,-6.773414612E-1,7.554340668E0
2.236499683E2,-3.495381317E0,-1.352587280E0,7.424111481E0
2.236701343E2,-3.885619812E0,-1.743574219E0,7.854915619E0
2.236902993E2,-3.377875671E0,-2.509381714E0,5.753884735E0
2.237104643E2,-1.777104492E0,-2.515518951E0,3.286116486E0
2.237306303E2,6.481521606E-2,-6.039939880E-1,4.474195862E0
2.237507953E2,-8.265811157E-1,-1.044976959E0,3.382815399E0
2.237709603E2,-1.187779999E0,-1.975891113E0,3.000360718E0
2.237911263E2,3.526666260E-1,-2.095342712E0,2.954106903E0
2.238112913E2,2.520159302E0,-9.153465271E-1,3.995341644E0
2.238314563E2,1.053808594E0,-1.955084381E0,2.245480499E0
2.238516223E2,-2.037862244E0,-3.659440155E0,3.201841736E-1
2.238717873E2,-2.959046631E0,-3.833378448E0,-1.537153473E0
2.238919523E2,-1.516795807E0,-4.320315857E0,-4.351451111E-1
2.239121183E2,-1.464255066E0,-4.218377838E0,1.135089569E0
2.239322837E2,-1.880689087E0,-5.661676483E0,2.417323151E0
2.239524497E2,-2.246378632E0,-8.369395752E0,2.442919922E0
2.239726147E2,-3.862268372E0,-1.042013123E1,5.700296173E0
2.239927797E2,-3.276087341E0,-1.210742249E1,6.837930450E0
2.240129457E2,-2.912493439E0,-1.399110535E1,8.083939362E0
2.240331107E2,-3.697461090E0,-1.501901779E1,8.125852203E0
2.240532757E2,-6.436764679E0,-1.604707993E1,6.857240295E0
2.240734417E2,-7.153324585E0,-1.700344116E1,6.328988800E0
2.240936067E2,-7.364535370E0,-1.819002365E1,6.515950012E0
2.241137717E2,-7.892487488E0,-1.953767120E1,7.301666107E0
2.241339377E2,-6.595434723E0,-1.940624451E1,8.427774353E0
2.241541027E2,-4.451443176E0,-1.761611710E1,9.564061432E0
2.241742687E2,-2.653232574E0,-1.579754883E1,1.250574417E1
2.241944337E2,-2.515069885E0,-1.331585953E1,1.495450195E1
2.242145987E2,-3.378324738E0,-1.214454529E1,1.492142075E1
2.242347647E2,-2.970872040E0,-1.122141495E1,1.264061371E1
2.242549297E2,-3.070265350E0,-1.038525375E1,9.952803040E0
2.242750957E2,-4.493056641E0,-8.619525604E0,7.850125580E0
2.242952607E2,-5.931714935E0,-7.263196106E0,6.223907318E0
2.243154257E2,-5.744753723E0,-5.904920654E0,5.526507568E0
2.243355917E2,-4.561464386E0,-4.442461853E0,6.068380737E0
2.243557567E2,-3.506308594E0,-3.809428253E0,5.490133209E0
2.243759217E2,-2.096839600E0,-3.241060181E0,4.914280701E0
2.243960877E2,-2.007774811E0,-3.266806641E0,5.426066437E0
2.244162527E2,-2.133663025E0,-3.632496185E0,5.873935089E0
2.244364187E2,-1.029409332E0,-4.116888885E0,6.090834045E0
2.244565837E2,-1.317260742E0,-4.694687347E0,6.627917175E0
2.244767487E2,-2.447260895E0,-5.733676758E0,6.972799988E0
2.244969147E2,-3.391647034E0,-6.535259857E0,6.297254791E0
2.245170797E2,-3.411106567E0,-7.720944214E0,6.559060364E0
2.245372457E2,-3.347339172E0,-8.943152618E0,8.146209869E0
2.245574107E2,-3.588338013E0,-1.028047165E1,9.894873505E0
2.245775757E2,-3.634142761E0,-1.130763565E1,1.119761444E1
2.245977417E2,-3.604803772E0,-1.196896042E1,1.087249054E1
2.246179067E2,-3.419638824E0,-1.309985870E1,1.009485764E1
2.246380727E2,-3.229833527E0,-1.447085770E1,9.578880615E0
2.246582377E2,-3.274291077E0,-1.428120209E1,8.848399658E0
2.246784027E2,-2.699037323E0,-1.271366180E1,7.879314880E0
2.246985687E2,-2.367327118E0,-1.154564072E1,6.945257263E0
2.247187337E2,-2.825973358E0,-1.161270126E1,6.647526398E0
2.247388997E2,-1.641785889E0,-1.192914322E1,8.827143860E0
2.247590647E2,-1.269809418E0,-1.222507782E1,2.937042389E0
2.247792297E2,-1.937870178E0,-1.217298615E1,4.242926788E0
2.247993957E2,-2.172582092E0,-1.244422211E1,6.722819824E0
2.248195607E2,-1.667532349E0,-1.169173691E1,7.165299683E0
2.248397267E2,-1.245110779E0,-1.111857880E1,3.810925140E0
2.248598917E2,-1.016835480E0,-1.013063324E1,2.826572113E0
2.248800577E2,-7.379653931E-1,-9.352102203E0,2.588866425E0
2.249002227E2,-7.253915405E-1,-8.384514313E0,2.740052032E0
2.249203876E2,-8.966354370E-1,-7.344626770E0,3.551215210E0
2.249405536E2,-1.008003845E0,-6.564598846E0,2.219584351E0
2.249607186E2,-4.631369019E-1,-5.315296783E0,-1.222956848E-1
2.249808846E2,-6.616241455E-1,-4.851710815E0,-4.043092346E-1
2.250010496E2,-9.400451660E-1,-4.880001984E0,1.056502991E0
2.250212146E2,-7.755372620E-1,-4.929249573E0,1.667831726E0
2.250413806E2,-9.892927551E-1,-5.118156738E0,1.100062408E0
2.250615456E2,-1.018631744E0,-5.314997406E0,2.640509033E-1
2.250817116E2,-1.076112213E0,-6.372099152E0,5.568420410E-1
2.251018766E2,-1.989512787E0,-7.850724335E0,1.550625458E0
2.251220426E2,-2.058369598E0,-9.645342407E0,2.528392181E0
2.251422076E2,-1.749112701E0,-1.034528687E1,3.334765320E0
2.251623726E2,-2.863096161E0,-1.109881989E1,4.258195038E0
2.251825386E2,-4.850962372E0,-1.194066925E1,4.912484436E0
2.252027036E2,-5.566624146E0,-1.259376114E1,5.913752289E0
2.252228696E2,-5.608536987E0,-1.363155304E1,7.353159027E0
2.252430346E2,-4.772226105E0,-1.415172134E1,9.352102203E0
2.252631996E2,-5.475613403E0,-1.274853928E1,1.089389603E1
2.252833656E2,-6.478078766E0,-1.069615723E1,1.052805679E1
2.253035306E2,-5.993087311E0,-9.211095428E0,9.272467804E0
2.253236966E2,-4.219874725E0,-8.680448914E0,9.034462738E0
2.253438616E2,-1.704655151E0,-8.439300385E0,1.033450928E1
2.253640276E2,-3.683839417E-1,-7.861202545E0,1.241293716E1
2.253841926E2,-2.666704559E0,-7.587122498E0,1.218990097E1
2.254043576E2,-4.955445099E0,-6.991660767E0,1.019484970E1
2.254245236E2,-5.129383392E0,-6.289171600E0,8.698561249E0
2.254446886E2,-4.389921112E0,-5.330415344E0,9.328900452E0
2.254648546E2,-4.092639313E0,-4.733007660E0,9.824519806E0
2.254850196E2,-3.577560425E0,-4.062551880E0,9.529483337E0
2.255051856E2,-2.987786865E0,-3.452720032E0,9.194929047E0
2.255253506E2,-2.526595917E0,-2.877166901E0,7.588020630E0
2.255455156E2,-2.538870392E0,-2.909649353E0,6.403384094E0
2.255656816E2,-2.675536194E0,-3.464545441E0,6.058950348E0
2.255858466E2,-2.477498016E0,-4.250111847E0,5.894292755E0
2.256060126E2,-2.515668640E0,-5.009333038E0,6.186634827E0
2.256261776E2,-2.848726044E0,-5.331163788E0,7.253466339E0
2.256463436E2,-2.930755463E0,-5.689817963E0,7.370822296E0
2.256665086E2,-3.010838928E0,-6.525530090E0,6.981182556E0
2.256866736E2,-2.555036774E0,-7.078779602E0,6.982829132E0
2.257068396E2,-2.827619934E0,-7.644752655E0,7.690258026E0
2.257270046E2,-3.245700531E0,-7.956703949E0,7.828720093E0
2.257471706E2,-2.652933197E0,-7.865244141E0,6.725214844E0
2.257673356E2,-1.910028076E0,-7.592062225E0,5.901178436E0
2.257875006E2,-1.880090332E0,-7.713459778E0,5.970334625E0
2.258076666E2,-2.061662750E0,-7.715405731E0,5.643863525E0
2.258278316E2,-1.940714264E0,-7.919581146E0,5.375321960E0
2.258479976E2,-1.498384094E0,-8.190966797E0,5.787564697E0
2.258681626E2,-1.257534943E0,-8.281827850E0,6.157295837E0
2.258883286E2,-1.165626068E0,-8.029153290E0,5.903723145E0
2.259084936E2,-1.388213196E0,-8.225544891E0,5.551206207E0
2.259286581E2,-1.812580719E0,-9.231752472E0,5.426665192E0
2.259488241E2,-1.538051605E0,-1.024813889E1,6.143973541E0
2.259689891E2,-1.056802368E-1,-1.077025314E1,7.434589691E0
2.259891551E2,1.581161957E0,-9.729617157E0,1.073357941E1
2.260093201E2,1.379381561E0,-8.754245453E0,1.511496826E1
2.260294861E2,1.331630859E0,-9.008566589E0,1.627086456E1
2.260496511E2,1.301693115E0,-9.360484772E0,1.492067230E1
2.260698161E2,4.393363953E-1,-9.442514191E0,1.261711258E1
2.260899821E2,-7.096742249E-1,-9.601633301E0,1.076666061E1
2.261101471E2,1.856140137E-2,-9.018745422E0,9.948911133E0
2.261303131E2,-6.424639893E-1,-9.079818420E0,5.969137115E0
2.261504781E2,-1.610650635E-1,-8.765921173E0,6.778803406E0
2.261706431E2,3.180885315E-1,-8.787176971E0,6.446494446E0
2.261908091E2,-7.750881958E-1,-9.666897583E0,6.973099365E0
2.262109741E2,-1.954934692E-1,-8.909921722E0,6.942562866E0
2.262311401E2,-1.474433899E-1,-8.752149811E0,4.453838196E0
2.262513051E2,-4.008663940E-1,-7.862849121E0,2.430346069E0
2.262714711E2,-4.505630493E-1,-7.170688477E0,1.297950897E0
2.262916361E2,-4.649331665E-1,-6.702312469E0,1.302591248E0
2.263118011E2,-2.531236267E-1,-6.535559235E0,2.346071320E0
2.263319671E2,-2.020797729E-2,-6.541846161E0,2.838846588E0
2.263521321E2,-1.161584473E-1,-6.365662537E0,2.111958160E0
2.263722981E2,-8.774752808E-1,-6.170169067E0,1.262474670E0
2.263924631E2,-1.544637909E0,-5.633535004E0,4.824467468E-1
2.264126291E2,-2.057022400E0,-5.517825623E0,5.369334412E-1
2.264327941E2,-2.156116333E0,-4.971910858E0,5.743556213E-1
2.264529591E2,-2.211052094E0,-4.735103302E0,6.688092041E-1
2.264731251E2,-2.554288330E0,-4.848417664E0,2.116149445E0
2.264932901E2,-2.948718109E0,-4.986280975E0,3.187471619E0
2.265134561E2,-3.215014343E0,-5.247787170E0,3.281027069E0
2.265336211E2,-3.171903992E0,-5.880521393E0,3.221450958E0
2.265537871E2,-2.976560211E0,-7.155270538E0,4.465663605E0
2.265739521E2,-2.337838440E0,-7.955955505E0,6.790928192E0
2.265941171E2,-2.154170380E0,-9.044791260E0,9.640252991E0
2.266142831E2,-2.708018646E0,-9.759405212E0,1.175819870E1
2.266344481E2,-4.659660187E0,-1.055844360E1,1.315958450E1
2.266546141E2,-6.359674988E0,-1.056682617E1,1.280093033E1
2.266747791E2,-7.168143768E0,-1.090078171E1,1.205862396E1
2.266949451E2,-6.326144714E0,-1.039812698E1,1.245155685E1
2.267151101E2,-5.398823090E0,-1.012329849E1,1.293100983E1
2.267352751E2,-3.846551056E0,-1.071022797E1,1.154953262E1
2.267554411E2,-1.491199036E0,-1.077983322E1,1.113908615E1
2.267756061E2,6.903643799E-1,-8.741521912E0,1.222253311E1
2.267957721E2,2.066752167E0,-6.381230164E0,1.287951691E1
2.268159371E2,2.283501434E0,-5.049150238E0,1.122425903E1
2.268361031E2,1.894909515E0,-4.231700134E0,8.849297791E0
2.268562681E2,1.439855804E0,-4.425696716E0,7.140002289E0
2.268764331E2,1.773511963E0,-5.069507904E0,5.583239594E0
2.268965991E2,1.966909790E0,-6.195167084E0,5.835764465E0
2.269167641E2,1.389859772E0,-6.988517303E0,6.923552399E0
2.269369305E2,1.959425354E-1,-7.196884003E0,7.766748962E0
2.269570955E2,-7.791297913E-1,-7.252119141E0,5.733377380E0
2.269772615E2,-1.310524750E0,-6.542295227E0,5.952970734E0
2.269974265E2,-1.994452515E0,-6.265221405E0,6.188880157E0
2.270175915E2,-2.042203217E0,-6.068231049E0,5.643115082E0
2.270377575E2,-1.602866821E0,-6.241570587E0,5.650599518E0
2.270579225E2,-6.195616150E-1,-6.264173584E0,6.417604523E0
2.270780885E2,3.134481812E-1,-6.800059204E0,7.601342926E0
2.270982535E2,1.001118164E0,-7.648045807E0,8.341254272E0
2.271184195E2,1.457968140E0,-8.533005524E0,8.468040619E0
2.271385845E2,2.237846375E0,-8.918154602E0,8.409362640E0
2.271587505E2,2.299069061E0,-9.034462738E0,8.338410187E0
2.271789155E2,1.183888092E0,-9.284742279E0,8.620872803E0
2.271990805E2,1.137185211E0,-9.313482513E0,8.457861786E0
2.272192465E2,1.060843964E0,-9.769284668E0,7.932154999E0
2.272394115E2,8.831634521E-1,-1.033256332E1,8.426726532E0
2.272595775E2,1.107696533E-2,-1.137319931E1,7.658973083E0
2.272797425E2,-1.191522217E-1,-1.230097000E1,7.132068787E0
2.272999085E2,2.462379456E-1,-1.289104294E1,7.939489746E0
2.273200735E2,8.515791321E-1,-1.282443146E1,8.449030151E0
2.273402385E2,5.307962036E-1,-1.341225906E1,8.674461365E0
2.273604045E2,2.294728088E-1,-1.401281021E1,7.480993195E0
2.273805695E2,3.233276367E-1,-1.441203003E1,7.073540497E0
2.274007355E2,9.586065674E-1,-1.351015549E1,7.382498016E0
2.274209005E2,1.080902252E0,-1.183364182E1,7.145690460E0
2.274410665E2,7.183561707E-1,-1.019978943E1,6.164929962E0
2.274612315E2,8.352630615E-2,-8.967851257E0,5.163512421E0
2.274813965E2,-4.336482239E-1,-8.006550293E0,4.068090363E0
2.275015625E2,-8.855584717E-1,-7.099286957E0,2.971021729E0
2.275217275E2,-9.894424438E-1,-6.024372253E0,1.772464142E0
2.275418935E2,-8.399034119E-1,-5.108876038E0,1.168769531E0
2.275620585E2,-6.010002136E-1,-4.451742554E0,9.618997192E-1
2.275822245E2,-7.177574158E-1,-3.953428802E0,1.114881592E0
2.276023895E2,-1.091679840E0,-3.767814789E0,1.351838837E0
2.276225555E2,-9.624984741E-1,-3.456911316E0,1.618733826E0
2.276427205E2,-7.819738770E-1,-3.538491669E0,2.463427277E0
2.276628855E2,-1.254391479E0,-3.822900238E0,2.664010162E0
2.276830515E2,-2.116149445E0,-4.367467804E0,2.455194397E0
2.277032165E2,-1.745819550E0,-4.508923645E0,1.896256714E0
2.277233825E2,-1.103056183E0,-5.292693787E0,2.665507050E0
2.277435475E2,-8.017327881E-1,-6.096522217E0,4.017794952E0
2.277637135E2,-1.248852997E0,-7.453749847E0,4.813989258E0
2.277838785E2,-1.678759003E0,-8.466843109E0,5.454806671E0
2.278040445E2,-2.893782349E0,-9.411528625E0,6.264622650E0
2.278242095E2,-3.682342529E0,-1.012569351E1,6.881190491E0
2.278443745E2,-4.002676392E0,-1.102876556E1,7.502997437E0
2.278645405E2,-4.043840790E0,-1.209080704E1,8.959319000E0
2.278847055E2,-4.407434692E0,-1.294388306E1,9.923613739E0
2.279048715E2,-4.825664978E0,-1.342258759E1,9.971813507E0
2.279250363E2,-4.850064240E0,-1.325852875E1,1.054706726E1
2.279452023E2,-4.793481903E0,-1.257729538E1,1.100616257E1
2.279653673E2,-3.951782227E0,-1.139400604E1,1.118309464E1
2.279855333E2,-3.221600647E0,-1.128623016E1,1.128158981E1
2.280056983E2,-2.482587433E0,-1.118773499E1,9.743089142E0
2.280258633E2,-2.110610962E0,-1.097382980E1,1.195174622E1
2.280460293E2,-5.965095520E-1,-8.923693085E0,1.053209839E1
2.280661943E2,-3.471281433E-1,-7.201674042E0,1.011311966E1
2.280863603E2,-6.673123169E-1,-5.798192596E0,8.657995605E0
2.281065253E2,-1.686991882E-1,-5.649252319E0,7.299720154E0
2.281266913E2,6.768923950E-1,-5.939947815E0,5.996979218E0
2.281468563E2,-8.083190918E-3,-6.198160858E0,6.758296051E0
2.281670223E2,-1.120420074E0,-6.458020477E0,6.216273193E0
2.281871873E2,-8.719367981E-1,-6.498735809E0,5.435347137E0
2.282073523E2,-6.855743408E-1,-6.195765839E0,6.934030609E0
2.282275183E2,-4.334985352E-1,-5.774691467E0,6.040538635E0
2.282476833E2,-1.165177002E0,-5.575156403E0,5.579048309E0
2.282678493E2,-1.743125153E0,-5.635031891E0,5.338049469E0
2.282880143E2,-1.942809906E0,-6.125112762E0,5.147795105E0
2.283081803E2,-8.981323242E-1,-6.528972931E0,5.160967712E0
2.283283453E2,-4.278103638E-1,-7.068002014E0,5.317841492E0
2.283485113E2,-3.971241760E-1,-6.919061737E0,4.771777039E0
2.283686763E2,-5.664221191E-1,-6.744225311E0,4.365821228E0
2.283888423E2,-2.906954956E-1,-6.702312469E0,5.079686737E0
2.284090073E2,-5.914201355E-1,-6.787185974E0,6.046825562E0
2.284291733E2,-1.331481171E0,-6.512058105E0,5.870791626E0
2.284493383E2,-1.525328064E0,-6.185137939E0,5.639672241E0
2.284695033E2,-1.963766327E0,-6.176755371E0,6.339317322E0
2.284896693E2,-2.363584900E0,-6.226452026E0,6.807843018E0
2.285098343E2,-2.800975342E0,-6.112838287E0,6.704408112E0
2.285300003E2,-2.825823669E0,-6.038742371E0,7.344626770E0
2.285501653E2,-2.516117706E0,-6.161487122E0,8.302035828E0
2.285703313E2,-2.398312683E0,-6.593937836E0,8.414002991E0
2.285904963E2,-1.913770294E0,-7.043602753E0,8.537795563E0
2.286106623E2,-1.546284485E0,-7.269333344E0,8.881181488E0
2.286308273E2,-1.035995636E0,-7.352410583E0,9.481283569E0
2.286509933E2,-1.050814819E0,-7.706574097E0,9.920320587E0
2.286711583E2,-1.545685730E0,-8.824599152E0,9.485175476E0
2.286913233E2,-1.403182068E0,-1.055365356E1,8.909472656E0
2.287114893E2,-9.395960999E-1,-1.203587128E1,9.659712524E0
2.287316543E2,-1.012943573E0,-1.333262466E1,1.053404434E1
2.287518203E2,-1.314266968E-1,-1.401430710E1,1.137873779E1
2.287719853E2,1.478325806E0,-1.385788239E1,1.240919495E1
2.287921513E2,2.144889679E0,-1.273252258E1,1.332663712E1
2.288123163E2,6.298901367E-1,-1.208452011E1,1.164323776E1
2.288324823E2,-1.056652679E0,-1.128593079E1,7.846233673E0
2.288526473E2,-1.849553833E0,-1.058014847E1,7.407196655E0
2.288728133E2,-1.430874481E0,-1.009964767E1,7.995173950E0
2.288929783E2,-8.637039185E-1,-9.676777039E0,7.342980194E0
2.289131433E2,-1.174158325E0,-9.372759247E0,6.287824402E0
2.289333089E2,-1.214125214E0,-8.439150696E0,4.462969208E0
2.289534739E2,-1.359323273E0,-7.954608307E0,2.753823395E0
2.289736399E2,-7.569758606E-1,-6.881190491E0,2.103276215E0
2.289938049E2,-3.299139404E-1,-6.276448059E0,2.212548981E0
2.290139709E2,-2.612068176E-1,-5.523663483E0,2.221829681E0
2.290341359E2,-3.086581421E-1,-4.837191010E0,1.808090057E0
2.290543019E2,-2.550695801E-1,-4.467010803E0,2.188449097E0
2.290744669E2,2.245330811E-2,-4.034859467E0,4.213737488E-1
2.290946329E2,-2.941383362E-1,-4.179608459E0,-8.680448914E-1
2.291147979E2,-6.599775696E-1,-4.469854889E0,3.772155762E-1
2.291349639E2,-8.815168762E-1,-5.385201416E0,1.381926270E0
2.291551289E2,-3.032693481E-1,-5.992488556E0,1.874252472E0
2.291752949E2,-4.439767456E-1,-6.993157654E0,2.317780151E0
2.291954599E2,-1.099912720E0,-8.277786255E0,2.891986084E0
2.292156249E2,-1.761686554E0,-9.186546478E0,3.719165955E0
2.292357909E2,-2.164049835E0,-1.005728577E1,4.320016479E0
2.292559559E2,-1.960473175E0,-1.164697998E1,5.364244995E0
2.292761219E2,-1.848056946E0,-1.328771805E1,6.669081573E0
2.292962869E2,-2.369722137E0,-1.438314011E1,7.412286072E0
2.293164529E2,-2.840044098E0,-1.533860321E1,7.949668579E0
2.293366179E2,-2.894979858E0,-1.541374695E1,8.581953735E0
2.293567839E2,-3.489543457E0,-1.568842575E1,9.248966675E0
2.293769489E2,-4.016298065E0,-1.510808258E1,8.731193390E0
2.293971149E2,-2.993475037E0,-1.360909973E1,8.954528961E0
2.294172799E2,-1.240021362E0,-1.117471207E1,1.002375549E1
2.294374459E2,6.068380737E-1,-9.381740570E0,1.115375565E1
2.294576109E2,1.635498962E0,-8.442144470E0,1.260034744E1
2.294777769E2,7.149133301E-1,-8.334218903E0,1.271381149E1
2.294979419E2,-3.876937866E-1,-8.207133179E0,1.104957230E1
2.295181069E2,-1.163530426E0,-7.410040741E0,8.773405609E0
2.295382729E2,-2.469863892E0,-6.196663971E0,7.749834137E0
2.295584379E2,-3.909869385E0,-5.175188141E0,6.591243439E0
2.295786039E2,-4.239184570E0,-4.259392548E0,5.741460571E0
2.295987689E2,-3.547173615E0,-3.266956329E0,5.708079987E0
2.296189349E2,-3.055446167E0,-2.577041016E0,5.781128082E0
2.296390999E2,-3.567830658E0,-2.352807312E0,4.927902374E0
2.296592659E2,-3.338208160E0,-2.562221832E0,4.120780792E0
2.296794309E2,-1.983076172E0,-3.178340607E0,3.926335144E0
2.296995969E2,-1.332528992E0,-4.109853516E0,4.938530273E0
2.297197619E2,-1.241518250E0,-5.163961487E0,5.434898071E0
2.297399279E2,-7.686515808E-1,-6.110293579E0,6.561904449E0
2.297600929E2,-8.059240723E-1,-6.905889130E0,8.582103424E0
2.297802589E2,-6.490502930E-1,-7.574548645E0,9.581275635E0
2.298004239E2,-6.375242615E-1,-8.324638824E0,1.003647903E1
2.298205899E2,-8.864566040E-1,-9.019194489E0,1.142469223E1
2.298407549E2,-5.894741821E-1,-8.912915497E0,1.173125473E1
2.298609209E2,-3.884422302E-1,-9.222471771E0,1.073986633E1
2.298810859E2,-1.538350983E0,-9.637558594E0,1.000773880E1
2.299012509E2,-3.533402252E0,-1.115061218E1,8.617130585E0
2.299214172E2,-3.298390961E0,-1.279793655E1,8.240813141E0
2.299415822E2,-1.901046753E0,-1.392703857E1,8.024063873E0
2.299617482E2,2.065704346E-2,-1.438733139E1,9.791288910E0
2.299819132E2,7.226971436E-1,-1.361388977E1,1.125075394E1
2.300020792E2,2.401007080E-1,-1.217448303E1,1.044527893E1
2.300222442E2,-8.385562134E-1,-1.115884506E1,8.530760193E0
2.300424102E2,-1.883233795E0,-1.073073532E1,6.761439514E0
2.300625752E2,-2.319127350E0,-1.058538757E1,6.090534668E0
2.300827412E2,-1.439107361E0,-1.090272766E1,5.348228302E0
2.301029062E2,-1.636097717E-1,-1.077519287E1,4.753065948E0
2.301230722E2,1.507365417E-1,-1.010563522E1,4.932093658E0
2.301432372E2,1.568737793E-1,-9.112300873E0,4.859943695E0
2.301634032E2,-3.338058472E-1,-8.079598389E0,3.717669067E0
2.301835682E2,-8.526269531E-1,-7.223827972E0,1.708846436E0
2.302037342E2,-6.741979980E-1,-5.968089294E0,8.020321655E-1
2.302238992E2,-6.587800598E-1,-5.274731140E0,2.078727264E0
2.302440652E2,-7.821235657E-1,-4.648433533E0,2.763104095E0
2.302642302E2,-8.720864868E-1,-4.351151733E0,2.159409485E0
2.302843962E2,-8.276289368E-1,-4.455634460E0,1.735191650E0
2.303045612E2,-5.086422729E-1,-4.804409180E0,1.554966431E0
2.303247262E2,-3.507206726E-1,-5.517825623E0,1.338217163E0
2.303448922E2,-3.969744873E-1,-6.652466125E0,1.277892609E0
2.303650572E2,-5.798941040E-1,-7.846682739E0,2.100132751E0
2.303852232E2,-8.834628296E-1,-8.785231018E0,3.470083923E0
2.304053882E2,-1.250948639E0,-9.279802551E0,3.747906189E0
2.304255542E2,-1.216520233E0,-9.771230621E0,4.216431885E0
2.304457192E2,-9.750723267E-1,-1.027074188E1,4.583468628E0
2.304658852E2,-9.984237671E-1,-1.086560486E1,5.101092224E0
2.304860502E2,-2.433489532E0,-1.189860672E1,6.639742584E0
2.305062162E2,-5.163362732E0,-1.316302734E1,6.660249939E0
2.305263812E2,-6.331084442E0,-1.448148560E1,4.828658752E0
2.305465472E2,-4.208199005E0,-1.529878601E1,5.800587616E0
2.305667122E2,-1.527423706E0,-1.402882690E1,9.799372101E0
2.305868782E2,-1.590292969E0,-1.132395172E1,1.083791245E1
2.306070432E2,-2.086361389E0,-9.450597382E0,9.503886566E0
2.306272092E2,-1.215921478E0,-7.904761963E0,9.222920837E0
2.306473742E2,-7.786807251E-1,-7.444618835E0,1.042522064E1
2.306675402E2,-8.909472656E-1,-7.943531342E0,1.054347473E1
2.306877052E2,-1.377136230E0,-7.982001343E0,1.069690567E1
2.307078712E2,-3.255579987E0,-7.414232025E0,9.505533142E0
2.307280362E2,-4.453838196E0,-6.447542267E0,8.023165741E0
2.307482022E2,-3.968397675E0,-5.419031067E0,7.450905762E0
2.307683672E2,-2.837948456E0,-4.568050690E0,7.598648529E0
2.307885332E2,-2.480042725E0,-4.378395081E0,7.221882019E0
2.308086982E2,-2.142045593E0,-4.104015656E0,6.534062347E0
2.308288642E2,-1.568588104E0,-3.870950317E0,6.156846771E0
2.308490292E2,-1.591939545E0,-3.837569733E0,6.575675812E0
2.308691952E2,-1.479373627E0,-3.881578217E0,6.906338196E0
2.308893602E2,-1.559008026E0,-4.236939240E0,6.994205475E0
2.309095262E2,-1.999242554E0,-4.695435791E0,6.756948853E0
2.309296916E2,-2.351011047E0,-5.293292542E0,6.681655426E0
2.309498576E2,-2.011217651E0,-5.774990845E0,7.303911438E0
2.309700226E2,-1.234931946E0,-6.254294128E0,8.079598389E0
2.309901876E2,-1.042432251E0,-7.124584351E0,8.776848450E0
2.310103536E2,-1.145567780E0,-8.505462799E0,9.764045563E0
2.310305186E2,-1.763333130E0,-9.842033386E0,1.059227325E1
2.310506846E2,-1.998793488E0,-1.042656784E1,1.092533066E1
2.310708496E2,-2.398612061E0,-1.145013931E1,1.083192490E1
2.310910156E2,-2.723137207E0,-1.258971954E1,1.115570160E1
2.311111806E2,-3.547622681E0,-1.342707825E1,1.069750443E1
2.311313466E2,-2.529589691E0,-1.261052628E1,9.660910034E0
2.311515116E2,-1.606010284E0,-1.136810989E1,9.294921112E0
2.311716776E2,-1.599274292E0,-1.032927017E1,8.441396027E0
2.311918426E2,-1.729802856E0,-9.813592529E0,7.465575256E0
2.312120086E2,-2.406545563E0,-1.007524841E1,7.085814972E0
2.312321736E2,-2.521506500E0,-1.022628433E1,6.685996399E0
2.312523396E2,-1.697021027E0,-1.067280579E1,6.190227356E0
2.312725046E2,-3.945794678E-1,-1.051338730E1,6.247857513E0
2.312926706E2,-3.282673645E-1,-9.889634399E0,5.956413574E0
2.313128356E2,-1.009500732E0,-8.979377289E0,5.271737366E0
2.313330016E2,-1.294957123E0,-7.682324524E0,4.438420258E0
2.313531666E2,-1.345252533E0,-6.846013641E0,3.568279724E0
2.313733326E2,-9.716294861E-1,-5.999374237E0,3.206033020E0
2.313934976E2,-9.303153992E-1,-5.319039001E0,2.648442535E0
2.314136636E2,-9.931846619E-1,-4.846471710E0,1.650318146E0
2.314338286E2,-7.000941467E-1,-4.662055206E0,1.188528442E0
2.314539946E2,-5.418731689E-1,-4.682712250E0,1.326391754E0
2.314741596E2,-1.823208618E-1,-4.891827393E0,1.661245422E0
2.314943256E2,-2.251318359E-1,-5.094805298E0,1.916614380E0
2.315144906E2,-9.913883972E-1,-5.402415619E0,1.452279968E0
2.315346566E2,-1.606159973E0,-5.992787933E0,1.192270660E0
2.315548216E2,-1.157692566E0,-6.797963562E0,1.165775757E0
2.315749876E2,-1.802401886E0,-8.232430573E0,2.502795410E0
2.315951526E2,-2.946023712E0,-9.650731201E0,3.647015991E0
2.316153186E2,-3.834875336E0,-1.082878143E1,4.260140991E0
2.316354836E2,-4.168681183E0,-1.179861465E1,4.999004517E0
2.316556496E2,-4.204606476E0,-1.290915527E1,6.370452576E0
2.316758146E2,-4.523593140E0,-1.377630203E1,8.046966248E0
2.316959806E2,-5.738317108E0,-1.502575378E1,8.461604004E0
2.317161456E2,-5.537584534E0,-1.541419601E1,7.906707916E0
2.317363116E2,-3.448229370E0,-1.481005234E1,8.951684875E0
2.317564766E2,-5.545967102E-1,-1.262818954E1,1.053269714E1
2.317766426E2,1.527723083E0,-1.022598495E1,1.125674149E1
2.317968076E2,1.917811890E0,-8.389304352E0,1.228480362E1
2.318169736E2,1.120719452E0,-7.380402374E0,1.228435455E1
2.318371386E2,-5.541476440E-1,-7.843988342E0,1.072340057E1
2.318573046E2,-1.666334839E0,-8.423134003E0,9.002429352E0
2.318774696E2,-1.970202942E0,-7.926616516E0,7.742200012E0
2.318976356E2,-2.298619995E0,-6.850204926E0,6.928492126E0
2.319178006E2,-3.220253448E0,-5.835764465E0,6.756499786E0
2.319379663E2,-4.750670929E0,-4.970413971E0,6.779402161E0
2.319581313E2,-5.217100983E0,-4.166585541E0,6.435118103E0
2.319782973E2,-4.114344177E0,-3.561394043E0,5.840853882E0
2.319984623E2,-3.093018036E0,-3.341351624E0,5.752088470E0
2.320186283E2,-2.316432953E0,-3.198099518E0,5.805826721E0
2.320387933E2,-2.444416809E0,-3.344345398E0,6.374494171E0
2.320589593E2,-3.514840851E0,-3.724405060E0,6.310277710E0
2.320791243E2,-3.495531006E0,-4.287983093E0,5.786965942E0
2.320992903E2,-2.698438568E0,-4.748724976E0,6.104904785E0
2.321194553E2,-2.182910614E0,-6.138584747E0,8.038134613E0
2.321396213E2,-2.442470856E0,-7.671696625E0,1.054407349E1
2.321597863E2,-3.289110260E0,-9.299561462E0,1.105256607E1
2.321799523E2,-3.171005859E0,-9.980196075E0,1.080827408E1
2.322001173E2,-3.391048279E0,-1.083132614E1,1.109777206E1
2.322202833E2,-3.324436798E0,-1.200129318E1,1.134460876E1
2.322404483E2,-3.288960571E0,-1.329310684E1,1.097637451E1
2.322606143E2,-2.054627380E0,-1.321466995E1,1.076815750E1
2.322807793E2,-8.854087830E-1,-1.207703568E1,1.138128250E1
2.323009453E2,-1.373992767E0,-1.146301254E1,1.149160309E1
2.323211103E2,-1.984722748E0,-1.147603546E1,1.014829651E1
2.323412763E2,-2.076481934E0,-1.180505127E1,9.131760406E0
2.323614413E2,-1.594184875E0,-1.181837357E1,8.476572876E0
2.323816073E2,-1.198707275E0,-1.164278870E1,7.573650513E0
2.324017723E2,-1.569785614E0,-1.115420471E1,6.287674713E0
2.324219383E2,-2.539319458E0,-1.061098434E1,5.887407074E0
2.324421033E2,-2.727029114E0,-9.721533966E0,5.269641724E0
2.324622693E2,-1.815125427E0,-9.106762390E0,4.756209412E0
2.324824343E2,-1.347497864E0,-8.377628632E0,4.043092346E0
2.325026003E2,-1.386716309E0,-7.295229492E0,3.956871643E0
2.325227653E2,-1.790426788E0,-6.328689423E0,3.421435089E0
2.325429313E2,-1.868863678E0,-5.605393524E0,2.698887634E0
2.325630963E2,-1.388512573E0,-4.922663269E0,1.533710632E0
2.325832623E2,-7.942483521E-1,-4.895719299E0,7.509883118E-1
2.326034273E2,2.676434326E-1,-4.448748779E0,1.104403381E0
2.326235933E2,2.619552612E-2,-4.455335083E0,2.539020081E0
2.326437583E2,-6.427633667E-1,-4.453987885E0,1.839075623E0
2.326639243E2,-8.982820129E-1,-4.479135590E0,1.326840820E0
2.326840893E2,-8.161029053E-1,-4.786147156E0,7.147636414E-1
2.327042553E2,-3.267704773E-1,-5.089117126E0,6.978488159E-1
2.327244203E2,-9.508227539E-1,-5.720653839E0,1.398691406E0
2.327445863E2,-1.941462708E0,-6.865772552E0,2.296075287E0
2.327647513E2,-2.279609528E0,-8.582702179E0,3.664529572E0
2.327849173E2,-2.132016449E0,-9.961335297E0,5.976322174E0
2.328050823E2,-3.950135651E0,-1.139699982E1,8.667575684E0
2.328252483E2,-6.268215179E0,-1.268117935E1,1.005788452E1
2.328454133E2,-6.338568878E0,-1.335403015E1,1.014964371E1
2.328655793E2,-6.689439240E0,-1.412148422E1,9.411079559E0
2.328857443E2,-5.407954102E0,-1.360595627E1,9.855655060E0
2.329059103E2,-4.236041107E0,-1.261366974E1,1.107965973E1
2.329260761E2,-3.119363251E0,-1.083716400E1,1.161704224E1
2.329462421E2,-1.976938934E0,-9.443262634E0,1.115091156E1
2.329664071E2,-1.230890350E0,-7.921227722E0,1.116423386E1
2.329865731E2,-1.224004669E0,-6.986870728E0,1.101215012E1
2.330067381E2,-1.581311646E0,-6.984924774E0,1.076037369E1
2.330269041E2,-1.819167023E0,-6.798412628E0,1.034618500E1
2.330470691E2,-1.945953369E0,-6.403084717E0,9.094188538E0
2.330672351E2,-1.761836243E0,-5.542075195E0,8.487200775E0
2.330874001E2,-1.354832611E0,-4.508474579E0,8.057893524E0
2.331075661E2,-1.611399078E0,-4.014352112E0,7.685467987E0
2.331277311E2,-1.742676086E0,-3.424428864E0,7.104526062E0
2.331478971E2,-2.478845215E0,-3.086880798E0,7.096293182E0
2.331680621E2,-3.869303741E0,-3.093916168E0,6.046675873E0
2.331882281E2,-3.911815338E0,-3.233575745E0,4.675377502E0
2.332083931E2,-3.401376801E0,-3.624263306E0,4.930746460E0
2.332285591E2,-3.538042603E0,-3.976331177E0,6.344107361E0
2.332487241E2,-4.071383514E0,-4.464765472E0,5.940995636E0
2.332688901E2,-3.290756836E0,-4.985233154E0,5.722749481E0
2.332890561E2,-2.368374939E0,-5.623206482E0,6.749763794E0
2.333092211E2,-2.950065308E0,-6.092330933E0,8.952732697E0
2.333293871E2,-3.300187225E0,-6.283932495E0,8.897796936E0
2.333495521E2,-2.321073303E0,-6.891519012E0,9.099876709E0
2.333697181E2,-9.924362183E-1,-7.798782349E0,1.092787537E1
2.333898831E2,-1.375339966E0,-8.301886139E0,1.243045074E1
2.334100491E2,-2.624642029E0,-8.588240662E0,1.213631241E1
2.334302141E2,-3.058739319E0,-8.905281372E0,1.129401398E1
2.334503801E2,-3.753294983E0,-1.038330780E1,1.054931259E1
2.334705451E2,-4.319866791E0,-1.277054352E1,1.016027161E1
2.334907111E2,-3.845952301E0,-1.396865204E1,9.645641785E0
2.335108761E2,-2.491419067E0,-1.397269363E1,1.088491470E1
2.335310421E2,-1.200802917E0,-1.237117401E1,1.274524612E1
2.335512071E2,-1.078357544E0,-1.071456894E1,1.245425125E1
2.335713731E2,-1.398392029E0,-9.998907166E0,1.092203751E1
2.335915381E2,-2.061962128E0,-1.116138977E1,1.080438217E1
2.336117041E2,-1.862726440E0,-1.162722107E1,5.593867493E0
2.336318691E2,-2.575993195E0,-1.053149963E1,7.296576691E0
2.336520351E2,-2.123035126E0,-1.050695068E1,9.132508850E0
2.336722001E2,-6.280938721E-1,-9.796078949E0,6.591692505E0
2.336923661E2,2.709365845E-2,-8.612490234E0,4.790637817E0
2.337125311E2,-5.450166321E-1,-7.581584015E0,4.068090363E0
2.337326971E2,-1.076411591E0,-6.580166473E0,4.411925354E0
2.337528621E2,-7.089257812E-1,-5.764213257E0,3.575464783E0
2.337730281E2,2.799179077E-2,-5.036426697E0,2.124831390E0
2.337931931E2,3.255729675E-1,-4.294868774E0,1.626517639E0
2.338133591E2,-1.788780212E-1,-4.109853516E0,2.070494385E0
2.338335241E2,-1.478176117E0,-4.123624878E0,2.339784393E0
2.338536901E2,-1.897753601E0,-4.042643280E0,1.614542542E0
2.338738551E2,-1.268162842E0,-4.048780518E0,2.088157654E-1
2.338940211E2,-3.893403625E-1,-4.257745972E0,2.773731995E-1
2.339141861E2,-1.136586456E0,-4.674329681E0,1.508113861E0
2.339343522E2,-1.836979980E0,-5.155279541E0,2.394570465E0
2.339545172E2,-1.344953156E0,-6.009852448E0,2.847977600E0
2.339746832E2,-7.156617737E-1,-7.159761200E0,3.845802612E0
2.339948482E2,-1.785187683E0,-8.386909332E0,5.601651306E0
2.340150142E2,-2.711461487E0,-9.447304230E0,6.365961914E0
2.340351792E2,-2.920426941E0,-1.029050079E1,7.563172302E0
2.340553452E2,-3.979474640E0,-1.172945847E1,9.533375244E0
2.340755112E2,-5.143154755E0,-1.309252396E1,1.012165192E1
2.340956762E2,-6.042783966E0,-1.342034225E1,9.552535400E0
2.341158422E2,-5.858816528E0,-1.285421951E1,8.956624603E0
2.341360072E2,-3.946243744E0,-1.137918686E1,9.761800232E0
2.341561732E2,-1.923200684E0,-1.052700897E1,1.080842377E1
2.341763382E2,-3.896397400E-1,-9.498497772E0,1.169428162E1
2.341965042E2,-2.615061951E-1,-8.881331177E0,1.150387756E1
2.342166692E2,-5.292993164E-1,-8.565338287E0,1.130479156E1
2.342368352E2,-2.136058044E-1,-8.318800964E0,1.160327087E1
2.342570002E2,2.329156494E-1,-7.542814636E0,1.108310257E1
2.342771662E2,-1.867067413E0,-6.445746002E0,1.095871124E1
2.342973312E2,-5.205275574E0,-5.460494843E0,9.231453094E0
2.343174972E2,-5.649252319E0,-4.005221100E0,6.886279907E0
2.343376622E2,-4.329596558E0,-3.112776947E0,6.471791840E0
2.343578282E2,-3.031645660E0,-2.801723785E0,6.484515381E0
2.343779932E2,-2.352657623E0,-2.932252350E0,6.217021637E0
2.343981592E2,-1.698667603E0,-3.134481812E0,5.980962524E0
2.344183242E2,-1.280736694E0,-3.497027893E0,5.887856140E0
2.344384902E2,-1.660496979E0,-4.059707794E0,6.439010010E0
2.344586552E2,-2.041604462E0,-4.530478821E0,7.316485291E0
2.344788212E2,-2.130369873E0,-5.011428680E0,9.183253326E0
2.344989862E2,-2.894680481E0,-6.054609375E0,1.098520615E1
2.345191522E2,-2.688259735E0,-7.230563965E0,1.224498642E1
2.345393172E2,-2.524799652E0,-7.710615692E0,1.288101379E1
2.345594832E2,-3.648812256E0,-7.512278137E0,1.198946777E1
2.345796482E2,-3.904779968E0,-7.062912598E0,1.026670029E1
2.345998142E2,-3.457659760E0,-7.419770508E0,9.976902924E0
2.346199792E2,-2.871628418E0,-7.929310913E0,1.078073135E1
2.346401452E2,-3.357368317E0,-9.194779358E0,1.117815491E1
2.346603112E2,-3.515140228E0,-1.028750702E1,1.034528687E1
2.346804762E2,-2.846929779E0,-1.100825821E1,1.048060547E1
2.347006422E2,-1.783840485E0,-1.127859604E1,1.141436371E1
2.347208072E2,-7.520361328E-1,-1.035905823E1,1.262579453E1
2.347409732E2,-1.122665405E0,-9.602980499E0,1.207494003E1
2.347611382E2,-4.894821167E-1,-9.420360260E0,1.207553879E1
2.347813042E2,-3.242257690E-1,-9.344318390E0,6.453978882E0
2.348014692E2,-1.308279419E-1,-8.569679260E0,5.903274078E0
2.348216352E2,-6.960525513E-2,-9.273665314E0,8.441396027E0
2.348418002E2,5.758525085E-1,-9.504185944E0,8.080795898E0
2.348619662E2,5.538482666E-1,-8.769962769E0,6.344556427E0
2.348821312E2,-7.559280396E-2,-7.980953522E0,5.096751251E0
2.349022972E2,-6.846762085E-1,-6.987619171E0,2.919379120E0
2.349224622E2,-1.267414398E0,-6.185736694E0,3.637435913E0
2.349426277E2,-1.453627167E0,-5.895939331E0,4.849615173E0
2.349627927E2,-9.520202637E-1,-5.293591919E0,2.928510132E0
2.349829587E2,-7.786807251E-1,-4.678221588E0,1.004261627E0
2.350031237E2,-7.006929016E-1,-4.310885468E0,1.470242615E0
2.350232897E2,-5.125341797E-1,-4.289629669E0,1.985620880E0
2.350434547E2,-6.521937561E-1,-4.576283569E0,2.664908295E0
2.350636207E2,-1.154399414E0,-4.725972290E0,2.222877502E0
2.350837857E2,-1.649120636E0,-5.266647949E0,2.187700653E0
2.351039517E2,-1.162632294E0,-5.944139099E0,1.873504028E0
2.351241177E2,-8.503816223E-1,-6.732699280E0,2.091750183E0
2.351442827E2,-1.317560120E0,-8.002957764E0,3.961811371E0
2.351644487E2,-2.215991821E0,-9.331894226E0,5.967640228E0
2.351846137E2,-3.042423248E0,-1.006462051E1,6.852300568E0
2.352047797E2,-3.991300049E0,-1.057401123E1,6.846013641E0
2.352249447E2,-4.278403015E0,-1.148217270E1,6.575376434E0
2.352451107E2,-5.110522614E0,-1.244422211E1,8.045469360E0
2.352652757E2,-7.330556030E0,-1.418300629E1,8.714278564E0
2.352854417E2,-7.795938263E0,-1.448552719E1,7.315138092E0
2.353056067E2,-6.861730957E0,-1.330298630E1,9.265282745E0
2.353257727E2,-4.673581238E0,-1.121572678E1,1.019290375E1
2.353459377E2,-3.145558777E0,-9.824968872E0,1.114342712E1
2.353661037E2,-1.988015900E0,-8.720715179E0,1.101918549E1
2.353862687E2,-2.114502869E0,-8.257129211E0,1.122934845E1
2.354064347E2,-3.003055115E0,-8.483757935E0,1.109043732E1
2.354265997E2,-3.541635132E0,-8.244555359E0,1.158800262E1
2.354467657E2,-2.930905151E0,-6.463259583E0,1.059900925E1
2.354669307E2,-2.510878601E0,-5.074896698E0,7.866741028E0
2.354870967E2,-1.927092590E0,-3.964056702E0,7.058871002E0
2.355072617E2,-1.560654602E0,-3.401526489E0,7.126979370E0
2.355274277E2,-1.851499786E0,-3.241359558E0,6.950047302E0
2.355475937E2,-2.232906647E0,-2.968926086E0,6.462810516E0
2.355677587E2,-2.618355103E0,-2.598296814E0,4.893473969E0
2.355879247E2,-2.236499176E0,-2.633323975E0,4.285438385E0
2.356080897E2,-2.045346680E0,-3.132086792E0,4.542753296E0
2.356282557E2,-2.868035889E0,-3.875141602E0,5.098547516E0
2.356484207E2,-3.755989380E0,-4.662055206E0,5.754333801E0
2.356685867E2,-3.759581909E0,-5.647905121E0,6.332581329E0
2.356887517E2,-3.180885315E0,-6.516399078E0,8.277786255E0
2.357089177E2,-3.358565826E0,-7.079228668E0,9.720486145E0
2.357290827E2,-4.589007111E0,-7.137158203E0,1.032298325E1
2.357492487E2,-4.989723816E0,-7.428003387E0,1.030277527E1
2.357694137E2,-4.409979401E0,-7.391479340E0,9.732311554E0
2.357895797E2,-4.385580139E0,-7.210505676E0,1.013497421E1
2.358097447E2,-4.638105011E0,-7.393724670E0,1.023990601E1
2.358299107E2,-4.777165833E0,-7.489525452E0,9.480535126E0
2.358500757E2,-4.719086609E0,-9.420060883E0,9.581275635E0
2.358702417E2,-4.175716553E0,-1.131676666E1,9.817334747E0
2.358904067E2,-3.048859863E0,-1.104568039E1,1.049752029E1
2.359105727E2,-1.683099976E0,-9.686207428E0,1.276066406E1
2.359307370E2,-2.432441711E-1,-9.963131561E0,1.433583847E1
2.359509030E2,-2.499801636E-2,-1.066726730E1,1.672891205E1
2.359710690E2,-8.171507263E-1,-1.001806732E1,1.091320587E1
2.359912340E2,-1.143322449E0,-8.829538879E0,1.107307343E1
2.360114000E2,-9.508227539E-1,-8.319399719E0,8.303682404E0
2.360315650E2,-1.915117493E0,-7.949967957E0,9.534722443E0
2.360517310E2,-2.418221283E0,-7.954308929E0,1.019260437E1
2.360718960E2,-2.278861084E0,-7.915988617E0,8.136180725E0
2.360920620E2,-1.418450317E0,-6.934329987E0,5.292095032E0
2.361122270E2,-8.904981995E-1,-6.086193695E0,4.571942596E0
2.361323930E2,-7.219487000E-1,-5.483097839E0,4.071982269E0
2.361525580E2,-3.885919189E-1,-4.926704865E0,3.053500214E0
2.361727240E2,-5.388793945E-3,-4.352349243E0,2.559826813E0
2.361928890E2,-4.098477173E-1,-4.505031738E0,2.892285461E0
2.362130550E2,-5.327421570E-1,-4.334985352E0,1.804497528E0
2.362332200E2,-1.465452576E-1,-4.230053558E0,1.770817566E-1
2.362533860E2,-4.977149963E-1,-4.347858582E0,3.897894287E-1
2.362735510E2,-1.182241516E0,-4.596491547E0,1.315464478E0
2.362937170E2,-1.912273407E0,-5.037773895E0,1.985471191E0
2.363138820E2,-2.097438354E0,-5.292544098E0,2.402953033E0
2.363340480E2,-1.880838776E0,-5.436095581E0,1.720222778E0
2.363542140E2,-1.846260681E0,-5.735323334E0,1.431323547E0
2.363743790E2,-2.052531738E0,-6.446943512E0,2.745590515E0
2.363945450E2,-3.104693756E0,-7.172634430E0,5.069507904E0
2.364147100E2,-4.303550720E0,-8.305628357E0,6.155649261E0
2.364348760E2,-4.051325226E0,-9.159452820E0,6.497388611E0
2.364550410E2,-4.002975769E0,-1.080557968E1,8.182284851E0
2.364752070E2,-5.036277008E0,-1.232432144E1,1.104163879E1
2.364953720E2,-6.381679230E0,-1.360909973E1,1.199695221E1
2.365155380E2,-7.661517792E0,-1.473999802E1,1.193827423E1
2.365357030E2,-7.717201996E0,-1.552361847E1,1.132200577E1
2.365558690E2,-6.383924561E0,-1.490645187E1,1.184950882E1
2.365760340E2,-5.423521729E0,-1.297965866E1,1.276859756E1
2.365962000E2,-4.180656281E0,-1.062954575E1,1.252744904E1
2.366163650E2,-3.001857605E0,-8.855884094E0,1.238135284E1
2.366365310E2,-2.494113464E0,-7.873477020E0,1.289209076E1
2.366566960E2,-1.955383759E0,-7.855813751E0,1.302920563E1
2.366768620E2,-2.120490417E0,-7.484136658E0,1.286709274E1
2.366970280E2,-3.051703949E0,-6.426436157E0,1.076336746E1
2.367171930E2,-3.178340607E0,-5.002447357E0,8.410560150E0
2.367373590E2,-2.971620483E0,-4.113146667E0,7.820636902E0
2.367575240E2,-3.181484070E0,-3.309617615E0,8.360713806E0
2.367776900E2,-3.691623230E0,-2.966980133E0,7.784262543E0
2.367978550E2,-3.033292236E0,-2.516866150E0,6.372697906E0
2.368180210E2,-2.374063110E0,-2.274071045E0,6.448590088E0
2.368381860E2,-2.441423035E0,-2.366878052E0,7.636819153E0
2.368583520E2,-2.710862732E0,-3.003504181E0,7.431146851E0
2.368785170E2,-2.775827637E0,-3.670966187E0,7.084767151E0
2.368986830E2,-2.698288879E0,-4.394112396E0,7.208260345E0
2.369188480E2,-2.504142609E0,-5.209017792E0,7.633975067E0
2.369390143E2,-2.389780426E0,-5.870192871E0,7.725285187E0
2.369591793E2,-1.978136444E0,-5.914949799E0,7.376510468E0
2.369793453E2,-1.862427063E0,-5.996679840E0,7.182513885E0
2.369995103E2,-1.853745117E0,-6.131549377E0,6.589746552E0
2.370196763E2,-1.791324921E0,-6.434968414E0,5.884413300E0
2.370398423E2,-1.680255890E0,-6.593488770E0,5.558241577E0
2.370600073E2,-1.654060364E0,-6.353687439E0,5.381758575E0
2.370801733E2,-2.360591125E0,-6.315816193E0,5.930667114E0
2.371003383E2,-2.687511292E0,-6.442452850E0,5.933062134E0
2.371205043E2,-2.653981018E0,-6.898105316E0,5.932313690E0
2.371406693E2,-2.324366455E0,-6.989265747E0,7.065906372E0
2.371608353E2,-2.787653046E0,-7.563920746E0,8.482261047E0
2.371810003E2,-3.470682678E0,-9.106762390E0,8.676856384E0
2.372011663E2,-3.317850494E0,-1.009665390E1,8.588989105E0
2.372213313E2,-3.149151306E0,-1.065828598E1,9.152716827E0
2.372414973E2,-2.192939758E0,-1.098370926E1,1.025577301E1
2.372616623E2,-1.499880981E-1,-9.813293152E0,1.226714035E1
2.372818283E2,8.864566040E-1,-8.244555359E0,1.331795517E1
2.373019933E2,6.177653503E-1,-7.680378571E0,1.213271988E1
2.373221593E2,1.242416382E-2,-7.843090210E0,9.203610992E0
2.373423253E2,-3.942800903E-1,-8.269403687E0,6.417903900E0
2.373624903E2,-4.920268250E-1,-8.752149811E0,5.241500244E0
2.373826563E2,-5.273533630E-1,-9.259295197E0,5.303321686E0
2.374028213E2,4.326004028E-2,-9.292376404E0,5.786516876E0
2.374229873E2,3.484753418E-1,-8.810827789E0,6.392456818E0
2.374431523E2,1.163081360E-1,-8.162376251E0,6.075416107E0
2.374633183E2,-1.510359192E-1,-7.418423309E0,5.686973877E0
2.374834833E2,-4.665797424E-1,-7.102879486E0,6.369105377E0
2.375036493E2,-4.575984192E-1,-6.800657959E0,6.494245148E0
2.375238143E2,-3.020718384E-1,-6.500532074E0,5.666316833E0
2.375439803E2,-2.118095398E-1,-6.107599182E0,5.049898682E0
2.375641453E2,-2.447410583E-1,-5.733527069E0,4.735103302E0
2.375843113E2,-3.400927734E-1,-5.466781769E0,4.364773407E0
2.376044763E2,-4.062551880E-1,-5.300477600E0,3.939956818E0
2.376246423E2,-4.944218445E-1,-5.398523712E0,3.584745483E0
2.376448083E2,-1.613644409E-1,-5.591173096E0,3.012186127E0
2.376649733E2,2.201921082E-1,-6.009553070E0,3.483855286E0
2.376851393E2,2.109114075E-1,-6.599476318E0,5.004393311E0
2.377053043E2,-6.497987366E-1,-6.940018158E0,6.307283936E0
2.377254703E2,-2.129322052E0,-7.399113464E0,6.626719666E0
2.377456353E2,-2.757565613E0,-7.686366119E0,6.477629700E0
2.377658013E2,-2.637365570E0,-8.304131470E0,7.358398132E0
2.377859663E2,-2.815644836E0,-8.904083862E0,9.167685699E0
2.378061323E2,-4.155658264E0,-9.245374146E0,1.037058426E1
2.378262973E2,-6.042334900E0,-9.750124512E0,9.398805084E0
2.378464633E2,-6.559958496E0,-1.060933777E1,7.789202271E0
2.378666283E2,-5.072501678E0,-9.902058563E0,8.245453491E0
2.378867943E2,-2.980901184E0,-7.980953522E0,9.362879791E0
2.379069593E2,-2.098635864E0,-5.536686401E0,9.796528015E0
2.379271253E2,-2.011067963E0,-3.763174438E0,8.655600586E0
2.379472911E2,-1.913919983E0,-2.967429199E0,7.090305634E0
2.379674561E2,-2.478396149E0,-3.461401978E0,6.695127411E0
2.379876221E2,-3.275039520E0,-4.844525757E0,6.391858063E0
2.380077871E2,-3.159928894E0,-6.022575989E0,7.031477966E0
2.380279531E2,-2.245480499E0,-6.256689148E0,6.422244873E0
2.380481181E2,-1.848056946E0,-6.640640717E0,9.471104736E0
2.380682841E2,-1.361718292E0,-6.443051605E0,1.105960144E1
2.380884491E2,-7.685018921E-1,-6.246959381E0,1.146525787E1
2.381086151E2,-1.660047913E-1,-5.608686676E0,9.434281311E0
2.381287801E2,-3.017724609E-1,-5.377118225E0,9.397906952E0
2.381489461E2,-3.591032410E-1,-4.764142914E0,9.113348694E0
2.381691111E2,-9.662406921E-1,-4.682562561E0,8.403674469E0
2.381892771E2,-1.283131714E0,-4.665498047E0,7.611671448E0
2.382094421E2,-1.330583038E0,-4.825066223E0,7.279212799E0
2.382296081E2,-1.539847870E0,-5.063071289E0,7.247778168E0
2.382497741E2,-1.283281403E0,-5.218148804E0,6.880292358E0
2.382699391E2,-6.933581543E-1,-5.536536713E0,6.424639893E0
2.382901051E2,8.217910767E-2,-6.264622650E0,5.905070343E0
2.383102701E2,6.069877625E-1,-7.248975677E0,6.385870514E0
2.383304361E2,1.018032990E0,-7.567812653E0,6.700965271E0
2.383506011E2,7.366181946E-1,-7.634124756E0,6.418652344E0
2.383707671E2,8.217910767E-2,-7.578739929E0,6.176306305E0
2.383909321E2,-1.826202393E-2,-7.543712769E0,5.985602875E0
2.384110981E2,-4.728666687E-1,-7.670648804E0,6.036946106E0
2.384312631E2,-1.140328674E0,-7.842341766E0,6.076613617E0
2.384514291E2,-1.728305969E0,-8.196654968E0,5.919290771E0
2.384715941E2,-1.899849243E0,-8.327782288E0,5.944288788E0
2.384917601E2,-1.620829468E0,-8.711584167E0,5.962251434E0
2.385119261E2,-1.152752838E0,-9.289232941E0,6.115083618E0
2.385320911E2,-4.671784973E-1,-9.565558319E0,6.172414398E0
2.385522571E2,1.639091492E-1,-9.891879730E0,6.481371918E0
2.385724221E2,1.180894318E0,-9.622290344E0,7.214397583E0
2.385925881E2,1.883383484E0,-8.932524719E0,7.989785156E0
2.386127531E2,1.731748810E0,-7.848179626E0,8.562194824E0
2.386329191E2,1.339863739E0,-6.870412903E0,7.916437683E0
2.386530841E2,9.981243896E-1,-6.172564087E0,6.953041077E0
2.386732501E2,5.999523926E-1,-6.042334900E0,6.206094360E0
2.386934151E2,3.293151855E-3,-6.274202728E0,5.836363220E0
2.387135811E2,-2.968327332E-1,-6.386169891E0,4.905598755E0
2.387337461E2,-2.637515259E-1,-6.571484528E0,3.987857208E0
2.387539121E2,7.484436035E-3,-7.116650848E0,4.193230133E0
2.387740781E2,4.968168640E-1,-7.913892975E0,5.721851349E0
2.387942431E2,1.215622101E0,-8.167914734E0,7.304360504E0
2.388144091E2,1.455722809E0,-7.925568695E0,8.101153564E0
2.388345741E2,1.358125763E0,-7.718998260E0,7.878117371E0
2.388547401E2,1.247505798E0,-7.389982452E0,7.581134949E0
2.388749051E2,1.037043457E0,-7.265740814E0,7.588469696E0
2.388950711E2,9.262738037E-1,-7.021748199E0,7.642956390E0
2.389152361E2,7.846682739E-1,-6.987619171E0,6.954088898E0
2.389354030E2,6.503974915E-1,-6.931036835E0,6.361171875E0
2.389555680E2,4.849914551E-1,-6.811884613E0,6.259832611E0
2.389757340E2,4.683760071E-1,-7.146887970E0,6.334976349E0
2.389958990E2,7.982899475E-1,-7.325765991E0,6.657106476E0
2.390160650E2,1.339863739E0,-7.453450470E0,6.976542206E0
2.390362300E2,1.350341949E0,-7.350614319E0,7.510032806E0
2.390563960E2,7.544311523E-1,-7.079977112E0,7.814799042E0
2.390765620E2,5.751040649E-1,-6.816375275E0,7.136858826E0
2.390967270E2,8.321195984E-1,-6.670279083E0,7.100185089E0
2.391168930E2,9.107061768E-1,-6.594386902E0,8.044122162E0
2.391370580E2,2.454895020E-1,-6.691385193E0,8.830137634E0
2.391572240E2,3.293151855E-2,-6.443350983E0,9.338929596E0
2.391773890E2,3.447331238E-1,-6.146967316E0,9.650132446E0
2.391975550E2,8.271798706E-1,-5.642516327E0,9.730515289E0
2.392177200E2,8.129594421E-1,-4.984933777E0,1.014590149E1
2.392378860E2,-6.451583862E-2,-5.032235413E0,1.090931396E1
2.392580510E2,-8.470884705E-1,-6.177054749E0,1.074914703E1
2.392782170E2,-1.239272919E0,-8.102650452E0,1.038420593E1
2.392983820E2,1.893562317E-1,-8.449030151E0,1.074690170E1
2.393185480E2,1.098715210E0,-7.552843781E0,1.154279663E1
2.393387140E2,5.748046875E-2,-7.206613770E0,1.249706223E1
2.393588790E2,-6.162684631E-1,-7.340285797E0,1.174622360E1
2.393790450E2,-1.179696808E0,-7.796237640E0,9.842931519E0
2.393992100E2,-1.256187744E0,-7.702831879E0,8.536148987E0
2.394193760E2,-1.432221680E0,-7.301067352E0,7.277715912E0
2.394395410E2,-2.273322601E0,-6.958130493E0,5.762866058E0
2.394597070E2,-3.246598663E0,-6.562952271E0,4.970713348E0
2.394798720E2,-3.659739532E0,-5.999374237E0,4.721331940E0
2.395000380E2,-3.452420654E0,-5.723497925E0,4.178261261E0
2.395202030E2,-2.845732269E0,-5.409900055E0,3.184178467E0
2.395403690E2,-2.672093353E0,-5.301375732E0,1.713486786E0
2.395605350E2,-2.460283813E0,-5.049150238E0,1.260079651E0
2.395807000E2,-2.425705719E0,-5.398074646E0,1.456770630E0
2.396008660E2,-2.001936951E0,-5.852230225E0,1.404678955E0
2.396210310E2,-1.677711182E0,-5.708828430E0,2.045047302E0
2.396411970E2,-1.562151489E0,-5.894442444E0,2.205663300E0
2.396613620E2,-1.777553558E0,-6.297554169E0,2.049238586E0
2.396815280E2,-2.033970337E0,-6.418053589E0,2.044747925E0
2.397016930E2,-1.943558350E0,-6.806346130E0,2.246528320E0
2.397218590E2,-1.566791840E0,-7.422913971E0,2.955454102E0
2.397420240E2,-1.739083557E0,-7.917934570E0,3.672463074E0
2.397621900E2,-2.439477081E0,-8.511300659E0,4.745731201E0
2.397823550E2,-2.928210754E0,-9.341025238E0,5.533243561E0
2.398025210E2,-2.509381714E0,-9.962532806E0,6.370602264E0
2.398226870E2,-2.070344696E0,-1.035247192E1,7.025191040E0
2.398428520E2,-1.975442047E0,-1.032912048E1,6.906038818E0
2.398630180E2,-2.112706604E0,-1.055350388E1,6.988367615E0
2.398831830E2,-1.600172424E0,-1.051129166E1,7.470964050E0
2.399033490E2,-1.313368835E0,-1.064915497E1,8.601113892E0
2.399235140E2,-1.181044006E0,-1.062026505E1,9.969119110E0
2.399436795E2,-7.955955505E-1,-1.050739975E1,1.092398346E1
2.399638445E2,-8.991801453E-1,-1.020293289E1,1.189740921E1
2.399840105E2,-1.190025330E0,-9.364975433E0,1.209410019E1
2.400041755E2,-2.233355713E0,-9.238338776E0,1.207943069E1
2.400243415E2,-3.047213287E0,-9.227561188E0,1.140014328E1
2.400445075E2,-2.853965149E0,-1.067475174E1,1.090557175E1
2.400646725E2,-2.089205475E0,-1.174682236E1,1.169113815E1
2.400848385E2,-1.051712952E0,-1.186807022E1,1.257475067E1
2.401050035E2,2.368075562E-1,-1.128129044E1,1.337423813E1
2.401251695E2,2.484832764E-1,-1.023032593E1,1.356494156E1
2.401453345E2,-5.972579956E-1,-9.012009430E0,1.162108383E1
2.401655005E2,-2.168839874E0,-8.397387543E0,8.848249969E0
2.401856655E2,-2.721191254E0,-8.289312286E0,6.837032318E0
2.402058315E2,-2.078876953E0,-8.611592102E0,6.253845062E0
2.402259965E2,-1.194665680E0,-9.497749329E0,6.908433838E0
2.402461625E2,-5.779481506E-1,-1.068358337E1,7.663463745E0
2.402663285E2,-1.728904724E-1,-1.153785690E1,7.725285187E0
2.402864935E2,-8.562194824E-2,-1.201192108E1,7.750582581E0
2.403066595E2,1.326242065E-1,-1.189157135E1,7.266788635E0
2.403268245E2,2.275268555E-1,-1.172751251E1,6.900500336E0
2.403469905E2,3.110531616E-1,-1.153980286E1,6.574478302E0
2.403671555E2,2.194436646E-1,-1.128024261E1,5.832022247E0
2.403873215E2,2.939886475E-1,-1.084554657E1,4.319268036E0
2.404074865E2,1.999841309E-1,-1.027927414E1,3.185675354E0
2.404276525E2,-1.187031555E-1,-9.677076416E0,3.569028168E0
2.404478175E2,-7.572752380E-1,-9.413923645E0,3.879781952E0
2.404679835E2,-1.254990234E0,-9.121880951E0,3.597469025E0
2.404881495E2,-1.226699066E0,-9.038654022E0,2.796484680E0
2.405083145E2,-2.965333557E-1,-8.706494751E0,2.205812988E0
2.405284805E2,-3.607498169E-1,-8.299191742E0,2.494712219E0
2.405486455E2,-1.164877625E0,-7.952063599E0,2.560874634E0
2.405688115E2,-1.520388336E0,-7.917186127E0,2.252964935E0
2.405889765E2,-1.060694275E0,-8.098908234E0,1.829196167E0
2.406091425E2,-6.593788147E-1,-8.178692322E0,2.043999481E0
2.406293075E2,-1.301094360E0,-8.515342255E0,2.872676239E0
2.406494735E2,-1.608255615E0,-8.684041443E0,2.575244751E0
2.406696385E2,-1.397044830E0,-9.035809937E0,1.999541931E0
2.406898045E2,-2.271825714E0,-9.853858795E0,2.728675690E0
2.407099705E2,-3.997287598E0,-1.103116058E1,4.008963318E0
2.407301355E2,-5.421276398E0,-1.201027451E1,3.888912964E0
2.407503015E2,-5.092410278E0,-1.190100174E1,2.691552887E0
2.407704665E2,-3.801644440E0,-1.044453049E1,3.342698822E0
2.407906325E2,-3.578608246E0,-9.257947998E0,5.847739563E0
2.408107975E2,-5.097799072E0,-9.114396515E0,7.621999969E0
2.408309635E2,-5.358556824E0,-8.997040558E0,7.119345245E0
2.408511285E2,-4.342170410E0,-9.271869049E0,6.354585571E0
2.408712945E2,-2.713706818E0,-9.768386536E0,6.936425629E0
2.408914595E2,-1.284179535E0,-1.020398071E1,8.959917755E0
2.409116255E2,-6.851252747E-1,-9.642648010E0,9.585466919E0
2.409317915E2,-1.779798889E0,-8.681945801E0,1.137215149E1
2.409519565E2,-2.409389648E0,-7.383096771E0,9.041049042E0
2.409721225E2,-3.663332062E0,-6.383625183E0,7.777376862E0
2.409922875E2,-4.752916260E0,-5.723946991E0,7.390880585E0
2.410124535E2,-4.114942932E0,-4.918621674E0,7.560477905E0
2.410326185E2,-2.952011261E0,-4.532275085E0,7.977061615E0
2.410527845E2,-2.746189270E0,-4.649780731E0,8.368946686E0
2.410729495E2,-2.636317749E0,-5.116659851E0,7.834707642E0
2.410931155E2,-2.492017822E0,-5.250032501E0,7.899223480E0
2.411132815E2,-2.267933807E0,-5.081333313E0,7.993377686E0
2.411334465E2,-2.611619110E0,-5.411846008E0,8.089328156E0
2.411536125E2,-2.784060516E0,-5.843997345E0,8.415200500E0
2.411737775E2,-3.248993683E0,-6.274651794E0,8.196954346E0
2.411939435E2,-3.291804657E0,-6.857988739E0,7.671097870E0
2.412141085E2,-2.671494598E0,-7.213349762E0,8.432115326E0
2.412342745E2,-1.885628815E0,-7.669600983E0,9.703122253E0
2.412544395E2,-1.437760162E0,-7.801925812E0,1.065289719E1
2.412746055E2,-1.735940094E0,-8.642427979E0,1.026655060E1
2.412947715E2,-2.824925537E0,-1.030097900E1,1.041833496E1
2.413149365E2,-3.309168549E0,-1.188992477E1,1.004321503E1
2.413351025E2,-2.880759430E0,-1.300989578E1,9.989327087E0
2.413552675E2,-2.015408936E0,-1.374786118E1,1.035396881E1
2.413754335E2,-3.867956543E-1,-1.324056610E1,1.189187073E1
2.413955985E2,4.135899353E-1,-1.149309998E1,1.209559708E1
2.414157645E2,-2.856060791E-1,-1.032403107E1,9.829160156E0
2.414359295E2,-1.012943573E0,-9.880802765E0,7.715705109E0
2.414560955E2,-1.721420288E0,-1.017269577E1,6.720574493E0
2.414762615E2,-1.575324097E0,-1.053703812E1,5.925577698E0
2.414964265E2,-1.371897125E0,-1.074300980E1,5.500761108E0
2.415165925E2,-9.301657104E-1,-1.072369995E1,5.365442505E0
2.415367575E2,-6.484515381E-1,-1.026879593E1,5.520070953E0
2.415569235E2,-7.994874573E-1,-9.302555237E0,4.459975433E0
2.415770885E2,-1.545985107E0,-8.448581085E0,2.043550415E0
2.415972545E2,-1.588047638E0,-7.304659882E0,2.206411743E0
2.416174195E2,-1.097517700E0,-6.578968964E0,3.852987671E0
2.416375855E2,-5.276527405E-1,-5.912854156E0,4.689747620E0
2.416577515E2,-4.306544495E-1,-5.561085663E0,3.802243195E0
2.416779165E2,-6.032455444E-1,-5.276677094E0,2.049537964E0
2.416980825E2,-8.409512329E-1,-5.337301025E0,1.083596649E0
2.417182475E2,-7.758366394E-1,-5.718109131E0,1.299447784E0
2.417384135E2,-6.448590088E-1,-6.126010895E0,2.297871552E0
2.417585785E2,-6.465055847E-1,-6.499633942E0,2.639311523E0
2.417787445E2,-1.272054749E0,-7.060667267E0,2.056872711E0
2.417989095E2,-1.829794922E0,-7.731422424E0,1.484013977E0
2.418190755E2,-1.906734924E0,-8.781937866E0,1.714684296E0
2.418392415E2,-2.114951935E0,-9.924811249E0,3.048261108E0
2.418594065E2,-2.834206238E0,-1.112306946E1,4.046235809E0
2.418795725E2,-3.832180939E0,-1.206760529E1,4.225562897E0
2.418997375E2,-5.882467346E0,-1.304851547E1,5.338947601E0
2.419199035E2,-6.992558899E0,-1.366867584E1,6.153852997E0
2.419400681E2,-6.529421997E0,-1.404110138E1,5.861959991E0
2.419602341E2,-4.217479706E0,-1.301378769E1,6.070775757E0
2.419803991E2,-2.800825653E0,-1.148022675E1,7.631430359E0
2.420005651E2,-3.868405609E0,-1.076321777E1,8.910670166E0
2.420207311E2,-4.315675507E0,-1.000220032E1,8.470884705E0
2.420408961E2,-4.189787292E0,-9.782756653E0,8.620723114E0
2.420610621E2,-3.045566711E0,-9.592352600E0,9.429341583E0
2.420812271E2,-1.294657745E0,-9.121431885E0,9.990973663E0
2.421013931E2,-1.444496155E-1,-8.070167999E0,1.081141754E1
2.421215581E2,-7.324269104E-1,-6.780000916E0,1.104927292E1
2.421417241E2,-1.877545624E0,-5.811814270E0,9.831106110E0
2.421618891E2,-2.162403259E0,-4.706961823E0,7.779622192E0
2.421820551E2,-1.512305145E0,-3.836970978E0,7.097790070E0
2.422022211E2,-7.586224365E-1,-3.138523407E0,6.587950287E0
2.422223861E2,-7.801776123E-1,-3.045117645E0,6.043981476E0
2.422425521E2,-1.264420624E0,-3.608396301E0,5.908213806E0
2.422627171E2,-1.820214844E0,-4.432881775E0,5.714217224E0
2.422828831E2,-2.107168121E0,-5.282814331E0,5.874084778E0
2.423030481E2,-2.391277313E0,-6.201154633E0,7.273674316E0
2.423232141E2,-2.336042175E0,-7.062313843E0,8.946894836E0
2.423433801E2,-2.664010162E0,-8.036637726E0,1.003917343E1
2.423635451E2,-1.947899323E0,-8.422086182E0,1.060020676E1
2.423837111E2,-1.374890900E0,-8.544232178E0,1.116992203E1
2.424038761E2,-1.134939880E0,-8.445138245E0,1.126033401E1
2.424240421E2,-1.505569153E0,-9.045240326E0,1.049063461E1
2.424442071E2,-1.634301453E0,-9.743388519E0,9.782457275E0
2.424643731E2,-1.646126862E0,-9.970915375E0,9.281748505E0
2.424845391E2,-1.741328888E0,-9.765542450E0,9.158704376E0
2.425047041E2,-1.784738617E0,-9.475296021E0,9.003177795E0
2.425248701E2,-1.592987366E0,-9.621691589E0,8.890013123E0
2.425450351E2,-1.162931671E0,-1.024095383E1,8.966653748E0
2.425652011E2,-8.963360596E-1,-1.101170105E1,9.077273712E0
2.425853661E2,-8.607101440E-1,-1.183678528E1,8.929530945E0
2.426055321E2,-1.132245483E0,-1.206610840E1,8.158933411E0
2.426256971E2,-1.218166809E0,-1.184426971E1,7.320975952E0
2.426458631E2,-1.079555054E0,-1.101918549E1,6.676715698E0
2.426660291E2,-1.475930786E0,-1.002405487E1,6.020929413E0
2.426861941E2,-1.888772278E0,-8.974138184E0,4.891378326E0
2.427063601E2,-1.600022736E0,-7.770640869E0,4.055965576E0
2.427265251E2,-1.357976074E0,-6.866371307E0,3.749702454E0
2.427466911E2,-1.163829803E0,-6.324797516E0,3.719016266E0
2.427668561E2,-1.193767548E0,-6.163433075E0,3.678750000E0
2.427870221E2,-1.389410706E0,-6.281238098E0,3.233575745E0
2.428071881E2,-1.314865723E0,-6.186185760E0,2.718945923E0
2.428273531E2,-1.258433075E0,-6.133345642E0,2.199526062E0
2.428475191E2,-1.533860321E0,-6.009403381E0,1.774859161E0
2.428676841E2,-1.869013367E0,-6.275549927E0,2.055675201E0
2.428878501E2,-1.779798889E0,-6.753206635E0,2.599943390E0
2.429080151E2,-1.372944946E0,-7.190896454E0,2.692900085E0
2.429281811E2,-1.537602539E0,-7.518415375E0,3.104095001E0
2.429483471E2,-2.395468597E0,-8.045619049E0,3.616479492E0
2.429685121E2,-3.163521423E0,-8.825197906E0,3.839066620E0
2.429886781E2,-3.391497345E0,-1.005264542E1,4.403093719E0
2.430088431E2,-2.962489471E0,-1.116363510E1,5.316344604E0
2.430290091E2,-3.733685760E0,-1.232342331E1,6.950496368E0
2.430491741E2,-4.751269684E0,-1.244841339E1,7.676935730E0
2.430693401E2,-4.986280975E0,-1.178933395E1,7.344477081E0
2.430895061E2,-3.817661133E0,-1.036190231E1,7.594008179E0
2.431096711E2,-2.559527435E0,-9.268276520E0,8.488248596E0
2.431298371E2,-1.949545898E0,-8.482111359E0,8.653654633E0
2.431500021E2,-1.889820099E0,-8.230634308E0,8.251291351E0
2.431701681E2,-1.788480835E0,-8.266110535E0,8.050858154E0
2.431903331E2,-1.860780487E0,-8.223748627E0,8.487500153E0
2.432104991E2,-3.163371735E0,-7.835456085E0,7.747289429E0
2.432306651E2,-3.778143311E0,-6.922504578E0,6.201753387E0
2.432508301E2,-3.317401428E0,-6.099216614E0,5.438490601E0
2.432709961E2,-2.809208221E0,-5.446424103E0,6.031108246E0
2.432911611E2,-3.483406219E0,-4.846920776E0,6.654711456E0
2.433113271E2,-3.756139069E0,-4.378993835E0,6.029611359E0
2.433314921E2,-3.159479828E0,-3.956123199E0,5.484894104E0
2.433516581E2,-2.423310699E0,-3.820654907E0,5.674250336E0
2.433718241E2,-2.434687042E0,-3.983815613E0,6.534661102E0
2.433919891E2,-2.452949066E0,-4.354893951E0,6.687642975E0
2.434121551E2,-2.423011322E0,-4.906496887E0,6.771768036E0
2.434323201E2,-2.301763458E0,-5.548362122E0,7.435338135E0
2.434524861E2,-2.331401825E0,-6.183341675E0,8.149503021E0
2.434726521E2,-2.199226685E0,-6.536457367E0,8.146359558E0
2.434928171E2,-2.036365356E0,-6.927593994E0,8.420289917E0
2.435129831E2,-2.309996338E0,-7.063211975E0,8.834179230E0
2.435331481E2,-2.484832764E0,-7.123087463E0,8.460107117E0
2.435533141E2,-2.413281555E0,-7.144492950E0,8.305179291E0
2.435734791E2,-2.636018372E0,-7.261699219E0,7.970026245E0
2.435936451E2,-2.639610901E0,-7.849826202E0,7.262747040E0
2.436138111E2,-2.306104431E0,-8.512647858E0,7.397616577E0
2.436339761E2,-2.211501160E0,-9.266480255E0,7.694598999E0
2.436541421E2,-2.497406616E0,-1.021820114E1,8.197253723E0
2.436743071E2,-2.637215881E0,-1.058568695E1,9.169931030E0
2.436944731E2,-3.087479553E0,-1.044512924E1,1.006746460E1
2.437146391E2,-1.903741150E0,-1.006911118E1,1.083476898E1
2.437348041E2,-1.320254517E0,-9.872120819E0,1.188049438E1
2.437549701E2,-2.002086639E0,-9.928403778E0,1.211939758E1
2.437751351E2,-2.482886810E0,-1.110660370E1,1.155417297E1
2.437953011E2,-2.895877991E0,-1.277683044E1,1.117680771E1
2.438154671E2,-2.607427826E0,-1.319536011E1,1.081216599E1
2.438356321E2,-2.845432892E0,-1.284404068E1,8.992549896E0
2.438557981E2,-3.529660034E0,-1.165521286E1,6.342011719E0
2.438759631E2,-3.591631165E0,-1.058673477E1,5.078189850E0
2.438961291E2,-3.135679321E0,-9.647438049E0,5.399721222E0
2.439162951E2,-2.983146515E0,-8.620872803E0,5.469476166E0
2.439364607E2,-2.744991760E0,-7.726033630E0,3.959266663E0
2.439566267E2,-2.645299072E0,-6.899153137E0,2.050136719E0
2.439767917E2,-2.197879486E0,-6.166127472E0,9.560618591E-1
2.439969577E2,-1.470691681E0,-5.917943573E0,5.321434021E-1
2.440171237E2,-9.063652039E-1,-5.741610260E0,1.124162292E0
2.440372887E2,-1.450483704E0,-5.632187805E0,2.573598175E0
2.440574547E2,-2.302511902E0,-5.565726013E0,2.351011047E0
2.440776207E2,-2.384691010E0,-5.635780334E0,1.098116455E0
2.440977857E2,-1.660946045E0,-5.791007538E0,1.757345581E-1
2.441179517E2,-1.068927155E0,-6.238277435E0,-6.047424316E-2
2.441381167E2,-1.878892822E0,-6.937323761E0,1.419498138E0
2.441582827E2,-2.837948456E0,-7.823780365E0,2.448159027E0
2.441784487E2,-3.083887024E0,-8.573720856E0,2.092648315E0
2.441986137E2,-2.886297913E0,-9.776320038E0,2.191143494E0
2.442187797E2,-3.412902832E0,-1.142379410E1,3.465293884E0
2.442389447E2,-4.725223846E0,-1.255139923E1,4.820425873E0
2.442591107E2,-5.179229736E0,-1.287203247E1,5.378166046E0
2.442792767E2,-5.348377991E0,-1.254900421E1,5.525160370E0
2.442994417E2,-5.263504486E0,-1.222627533E1,5.643414459E0
2.443196077E2,-4.979544983E0,-1.264255966E1,6.472989349E0
2.443397737E2,-3.901935883E0,-1.252041367E1,8.018824768E0
2.443599387E2,-2.990032196E0,-1.207074875E1,9.309141541E0
2.443801047E2,-2.714754639E0,-1.141466309E1,8.960217133E0
2.444002697E2,-2.773582306E0,-1.094164673E1,7.790848846E0
2.444204357E2,-3.636986847E0,-1.027448410E1,6.402336273E0
2.444406017E2,-4.952601013E0,-9.184750214E0,8.434210968E0
2.444607667E2,-4.563709717E0,-8.125552826E0,5.613177338E0
2.444809327E2,-3.858825531E0,-7.241341553E0,5.681285706E0
2.445010987E2,-3.679498444E0,-6.441255341E0,7.235803070E0
2.445212637E2,-4.834646301E0,-5.816753998E0,8.677006073E0
2.445414297E2,-5.848188629E0,-5.091661835E0,7.356152802E0
2.445615947E2,-5.576653290E0,-4.485721893E0,5.815706177E0
2.445817607E2,-5.133724365E0,-4.456682281E0,5.821544037E0
2.446019267E2,-5.135370941E0,-5.300327911E0,7.303312683E0
2.446220917E2,-5.565576324E0,-6.457421722E0,8.530161438E0
2.446422577E2,-5.864804077E0,-6.891369324E0,9.127419434E0
2.446624237E2,-6.153403931E0,-7.155270538E0,8.708141327E0
2.446825887E2,-6.150410156E0,-7.371570740E0,8.352929993E0
2.447027547E2,-5.425467682E0,-7.592660980E0,9.035959625E0
2.447229207E2,-4.798421631E0,-8.264463959E0,9.518106995E0
2.447430857E2,-4.369413757E0,-8.683742065E0,9.619595947E0
2.447632517E2,-4.621639252E0,-9.541009369E0,9.210346985E0
2.447834167E2,-4.758604431E0,-9.777667236E0,8.789422302E0
2.448035827E2,-5.053640900E0,-1.012060410E1,8.713081055E0
2.448237487E2,-5.121449890E0,-1.051413574E1,9.038055267E0
2.448439137E2,-4.934338989E0,-1.081411194E1,8.813522186E0
2.448640797E2,-4.559967499E0,-1.121916962E1,8.539741516E0
2.448842457E2,-4.093986511E0,-1.175999496E1,8.301437073E0
2.449044107E2,-4.015549622E0,-1.252505402E1,8.127049713E0
2.449245767E2,-4.062252502E0,-1.318488190E1,7.757767639E0
2.449447427E2,-3.673510895E0,-1.347228424E1,7.235503693E0
2.449649077E2,-3.177442474E0,-1.309866119E1,6.970105591E0
2.449850737E2,-2.899320831E0,-1.254077133E1,6.382577362E0
2.450052397E2,-2.659818878E0,-1.188782913E1,5.433700562E0
2.450254047E2,-2.481240234E0,-1.119776413E1,3.214415588E0
2.450455707E2,-2.385888519E0,-1.017958145E1,2.319277039E0
2.450657357E2,-2.259102173E0,-9.478140106E0,3.801045685E0
2.450859017E2,-2.304008789E0,-9.059760132E0,4.339476013E0
2.451060677E2,-1.922901306E0,-8.337661743E0,3.008593597E0
2.451262327E2,-1.491947479E0,-7.725734253E0,1.769919434E0
2.451463987E2,-1.172362061E0,-7.185807037E0,1.558109894E0
2.451665647E2,-1.171164551E0,-6.965465240E0,1.973496094E0
2.451867297E2,-1.488354950E0,-7.247029724E0,2.360591125E0
2.452068957E2,-1.802252197E0,-7.199129333E0,2.039808197E0
2.452270617E2,-1.858235779E0,-7.247329102E0,1.374741211E0
2.452472267E2,-1.979932709E0,-7.402556305E0,1.267863464E0
2.452673927E2,-3.021915894E0,-7.993227997E0,2.023192749E0
2.452875577E2,-3.518732758E0,-8.348439331E0,1.733994141E0
2.453077237E2,-3.268453217E0,-8.755442963E0,6.942562866E-1
2.453278897E2,-3.132535858E0,-9.095535736E0,7.776329041E-1
2.453480547E2,-4.405339050E0,-9.561666412E0,3.326233063E0
2.453682207E2,-6.288273468E0,-1.039198975E1,4.755311279E0
2.453883867E2,-6.744524689E0,-1.052431458E1,3.906875610E0
2.454085517E2,-6.417005768E0,-1.030352371E1,3.742966461E0
2.454287177E2,-5.770500183E0,-9.875413971E0,5.047653351E0
2.454488837E2,-6.652017059E0,-9.983788605E0,6.331832886E0
2.454690487E2,-7.457492065E0,-1.020547760E1,6.170169067E0
2.454892147E2,-5.312901764E0,-1.008333160E1,3.500470734E0
2.455093807E2,-5.166356506E0,-1.136900803E1,7.110962677E0
2.455295457E2,-3.865860901E0,-1.084000809E1,9.471254425E0
2.455497117E2,-4.913232880E0,-1.030427216E1,1.014769775E1
2.455698767E2,-4.663701782E0,-8.499924316E0,7.582332458E0
2.455900427E2,-3.523223419E0,-7.500153351E0,6.229745178E0
2.456102087E2,-2.695744171E0,-6.186036072E0,8.257129211E0
2.456303737E2,-1.691781921E0,-5.130580902E0,1.022583527E1
2.456505397E2,-1.532962189E0,-4.615202637E0,1.044033920E1
2.456707057E2,-1.258732452E0,-4.668940887E0,8.831035767E0
2.456908707E2,-8.800199890E-1,-4.317172394E0,7.728578339E0
2.457110367E2,-8.399034119E-1,-3.900588684E0,8.080047455E0
2.457312027E2,-1.041085052E0,-4.140240326E0,8.144862671E0
2.457513677E2,-1.130898285E0,-4.472549286E0,7.742050323E0
2.457715337E2,-2.317929840E0,-5.383704529E0,7.454647980E0
2.457916987E2,-3.640878754E0,-6.883435822E0,7.656727753E0
2.458118647E2,-4.172573090E0,-8.050109711E0,8.343050537E0
2.458320307E2,-5.046904907E0,-8.885372772E0,9.307644653E0
2.458521957E2,-5.480403442E0,-9.010063477E0,9.789342957E0
2.458723617E2,-5.361251221E0,-9.436975708E0,9.529483337E0
2.458925277E2,-5.331313477E0,-1.008078690E1,9.579778748E0
2.459126927E2,-4.487518158E0,-1.054586975E1,9.349856873E0
2.459328587E2,-4.216282196E0,-1.018482056E1,9.778116302E0
2.459530245E2,-4.857848053E0,-9.919572144E0,1.000684067E1
2.459731895E2,-5.884413300E0,-1.001552261E1,9.398356018E0
2.459933555E2,-7.103328552E0,-1.072310120E1,8.896449738E0
2.460135205E2,-7.678133240E0,-1.160806091E1,7.444319458E0
2.460336865E2,-6.733148346E0,-1.241353592E1,6.440207520E0
2.460538525E2,-5.386398926E0,-1.232282455E1,6.347400513E0
2.460740175E2,-4.937931519E0,-1.173529633E1,6.201903076E0
2.460941835E2,-3.719615021E0,-1.054018158E1,8.044870605E0
2.461143495E2,-3.381767578E0,-1.007449997E1,4.128265228E0
2.461345145E2,-3.251239014E0,-9.087302856E0,3.632496185E0
2.461546805E2,-3.211571503E0,-8.501720581E0,4.489913177E0
2.461748465E2,-3.229234772E0,-8.192763062E0,5.817951508E0
2.461950115E2,-3.809278564E0,-8.585546265E0,4.222569122E0
2.462151775E2,-3.265309753E0,-8.004903717E0,2.456691284E0
2.462353425E2,-2.886148224E0,-7.873177643E0,1.253792725E0
2.462555085E2,-2.649340668E0,-7.740104370E0,9.752220154E-1
2.462756745E2,-2.786006470E0,-8.368946686E0,2.319576416E0
2.462958395E2,-3.393143921E0,-9.365873566E0,3.185525665E0
2.463160055E2,-3.384162598E0,-9.397008820E0,1.790277100E0
2.463361715E2,-3.208877106E0,-9.297316132E0,-8.681945801E-2
2.463563365E2,-2.665357361E0,-9.112450562E0,-8.277786255E-2
2.463765025E2,-2.582579498E0,-9.223220215E0,1.086590424E0
2.463966685E2,-2.836002502E0,-8.999884644E0,2.976260834E0
2.464168335E2,-3.763773193E0,-8.610394592E0,3.770808563E0
2.464369995E2,-4.498146057E0,-8.467591553E0,1.952389984E0
2.464571645E2,-4.376299438E0,-8.105644226E0,8.292755127E-1
2.464773305E2,-4.303850098E0,-8.097111969E0,1.759441223E0
2.464974965E2,-5.178481293E0,-8.700956268E0,4.126169586E0
2.465176615E2,-5.288951569E0,-8.666527863E0,4.439468079E0
2.465378275E2,-5.126988373E0,-9.184301147E0,3.207679596E0
2.465579935E2,-4.450245667E0,-9.933343506E0,3.464994507E0
2.465781585E2,-4.039499817E0,-1.050186127E1,4.809348907E0
2.465983245E2,-4.646337891E0,-1.091260712E1,5.785469055E0
2.466184905E2,-5.528902588E0,-1.087698120E1,7.620353394E0
2.466386555E2,-4.482728119E0,-9.718240814E0,5.434898071E0
2.466588215E2,-4.669389954E0,-9.512568512E0,5.494025116E0
2.466789875E2,-4.243974609E0,-9.224417725E0,8.718619537E0
2.466991525E2,-3.428320770E0,-7.303013306E0,1.136182297E1
2.467193185E2,-4.693639526E0,-7.363936615E0,9.928703156E0
2.467394835E2,-4.473597107E0,-6.572083282E0,9.938283234E0
2.467596495E2,-4.109254761E0,-5.971382446E0,1.155971146E1
2.467798155E2,-3.814817047E0,-5.606441345E0,1.097218323E1
2.467999805E2,-3.690425720E0,-5.281167755E0,9.274862823E0
2.468201465E2,-4.263284454E0,-5.506598969E0,8.380622406E0
2.468403125E2,-5.033582611E0,-5.930367737E0,7.886649628E0
2.468604775E2,-5.360353088E0,-6.615642700E0,7.571854248E0
2.468806435E2,-5.218897247E0,-6.829847260E0,7.703131256E0
2.469008095E2,-5.629194031E0,-7.239545288E0,8.054300995E0
2.469209745E2,-5.673651581E0,-7.453450470E0,8.671018524E0
2.469411406E2,-6.129154358E0,-8.271499329E0,9.166338501E0
2.469613066E2,-5.231171722E0,-8.723110199E0,9.604178009E0
2.469814716E2,-4.274511108E0,-8.902736664E0,9.675130463E0
2.470016376E2,-3.952231293E0,-8.901988220E0,1.126662094E1
2.470218026E2,-4.384232941E0,-9.414073334E0,1.150357819E1
2.470419686E2,-4.240980835E0,-9.863438873E0,9.581874390E0
2.470621346E2,-4.289929047E0,-1.028241760E1,8.260721741E0
2.470822996E2,-4.870272217E0,-1.124042542E1,7.787555695E0
2.471024656E2,-5.031337280E0,-1.248673370E1,7.869435425E0
2.471226316E2,-4.460125122E0,-1.323308167E1,8.441096649E0
2.471427966E2,-3.368145905E0,-1.299268158E1,7.959248657E0
2.471629626E2,-2.274370422E0,-1.219394257E1,7.225474548E0
2.471831286E2,-1.730850677E0,-1.154773636E1,7.836503906E0
2.472032936E2,-1.493893433E0,-1.060933777E1,4.375550995E0
2.472234596E2,-2.050885162E0,-9.344468079E0,3.095712433E0
2.472436256E2,-2.147284698E0,-8.622669067E0,4.413122864E0
2.472637906E2,-1.432521057E0,-8.065228271E0,3.816912689E0
2.472839566E2,-1.094972992E0,-7.729027405E0,2.718047791E0
2.473041216E2,-9.636959839E-1,-7.062613220E0,3.006647644E0
2.473242876E2,-1.292711792E0,-6.957531738E0,3.369642792E0
2.473444536E2,-1.643282776E0,-6.667434998E0,2.339185638E0
2.473646186E2,-1.737586670E0,-6.557862854E0,1.106798401E0
2.473847846E2,-1.982028351E0,-6.556515656E0,8.954379272E-1
2.474049506E2,-1.440604248E0,-6.435118103E0,1.206491089E0
2.474251156E2,-8.884025574E-1,-6.430777130E0,2.154469757E0
2.474452816E2,-1.286873932E0,-6.693780212E0,2.811303864E0
2.474654476E2,-2.030677185E0,-6.949897614E0,2.294877777E0
2.474856126E2,-2.849923553E0,-7.392527161E0,1.707199860E0
2.475057786E2,-3.242856445E0,-7.838000793E0,8.649014282E-1
2.475259446E2,-3.737577667E0,-8.819659424E0,1.293160858E0
2.475461096E2,-5.197491760E0,-1.064900528E1,2.974614258E0
2.475662756E2,-6.151457977E0,-1.174652298E1,4.510420532E0
2.475864416E2,-7.008575592E0,-1.181747543E1,5.484145660E0
2.476066066E2,-8.426427155E0,-1.201745956E1,5.373825073E0
2.476267726E2,-7.978708191E0,-1.217148926E1,4.320615234E0
2.476469386E2,-6.798562317E0,-1.257220596E1,5.398673401E0
2.476671036E2,-5.974825287E0,-1.269854324E1,7.605234833E0
2.476872696E2,-4.756059723E0,-1.212718140E1,8.986861725E0
2.477074346E2,-4.761897583E0,-1.145807281E1,9.985734558E0
2.477276006E2,-4.979544983E0,-1.074300980E1,9.477840729E0
2.477477666E2,-4.999303894E0,-9.904902649E0,8.312663727E0
2.477679316E2,-4.843328247E0,-9.143735504E0,7.563621368E0
2.477880976E2,-4.574038239E0,-8.390651550E0,7.681576080E0
2.478082636E2,-4.431833954E0,-7.297175446E0,8.137378235E0
2.478284286E2,-4.899162140E0,-6.502478027E0,7.285050659E0
2.478485946E2,-4.730163574E0,-5.406307526E0,5.667065277E0
2.478687606E2,-4.809199219E0,-5.138813782E0,7.592361603E0
2.478889256E2,-4.142186279E0,-4.368066559E0,8.151299286E0
2.479090916E2,-4.452790375E0,-4.177063751E0,7.213798828E0
2.479292576E2,-4.777465210E0,-4.034560089E0,6.302793274E0
2.479494227E2,-4.671784973E0,-4.101620636E0,6.129304047E0
2.479695887E2,-4.209396515E0,-4.474345551E0,6.396797791E0
2.479897547E2,-3.797752533E0,-4.832700348E0,6.597680054E0
2.480099197E2,-3.465742950E0,-5.469625854E0,6.572382660E0
2.480300857E2,-3.178190918E0,-6.105353851E0,6.807992706E0
2.480502517E2,-2.760559387E0,-6.178701324E0,7.173532562E0
2.480704167E2,-2.073787537E0,-6.269712067E0,6.737788696E0
2.480905827E2,-1.494043121E0,-6.309080200E0,5.870492249E0
2.481107487E2,-1.367406464E0,-6.373745728E0,5.588029633E0
2.481309137E2,-1.513502655E0,-7.068750458E0,5.851631470E0
2.481510797E2,-1.040186920E0,-7.480843506E0,6.066734161E0
2.481712457E2,-6.876699829E-1,-7.648195496E0,6.312223663E0
2.481914107E2,-8.402027893E-1,-8.098608856E0,6.609954529E0
2.482115767E2,-1.939816132E0,-9.195228424E0,7.444020081E0
2.482317427E2,-2.378703461E0,-1.021326141E1,8.030201111E0
2.482519077E2,-3.472179565E0,-1.225815903E1,8.350834351E0
2.482720737E2,-4.172423401E0,-1.422506882E1,8.884774017E0
2.482922397E2,-4.369563446E0,-1.510853165E1,9.309291229E0
2.483124047E2,-3.628903656E0,-1.387734192E1,9.040300598E0
2.483325707E2,-2.925067291E0,-1.206012085E1,8.472231903E0
2.483527367E2,-3.206631775E0,-1.198617462E1,7.835905151E0
2.483729017E2,-3.416345673E0,-1.272159531E1,7.083419952E0
2.483930677E2,-3.316203918E0,-1.353395599E1,6.155200195E0
2.484132337E2,-2.732118530E0,-1.337319031E1,5.256618805E0
2.484333987E2,-2.148033142E0,-1.251233047E1,3.796405334E0
2.484535647E2,-1.826651459E0,-1.123054596E1,2.654430084E0
2.484737307E2,-2.192341003E0,-1.011895752E1,3.281027069E0
2.484938957E2,-2.383343811E0,-9.356443176E0,4.037404175E0
2.485140617E2,-1.804497528E0,-8.418942719E0,4.237388306E0
2.485342277E2,-1.089434509E0,-7.805967407E0,3.706292725E0
2.485543927E2,-6.078858948E-1,-7.232509918E0,2.999312897E0
2.485745587E2,-2.909948730E-1,-6.772516479E0,2.604883118E0
2.485947247E2,-1.523831177E-1,-6.465205536E0,2.549049225E0
2.486148897E2,-1.782792664E-1,-6.388864288E0,2.603984985E0
2.486350557E2,2.918930054E-2,-6.244564362E0,2.793640594E0
2.486552217E2,-3.637435913E-2,-6.287674713E0,2.791994019E0
2.486753867E2,-9.550140381E-2,-6.352938995E0,2.250420227E0
2.486955527E2,-1.655557251E-1,-6.684499512E0,2.002236328E0
2.487157177E2,-5.445675659E-1,-7.433691559E0,2.492317200E0
2.487358837E2,-9.677375793E-1,-8.481512604E0,3.744762726E0
2.487560497E2,-1.364263000E0,-9.614207153E0,4.514611816E0
2.487762147E2,-1.844763794E0,-1.002615051E1,4.958139496E0
2.487963807E2,-3.170407104E0,-1.042162811E1,5.417833557E0
2.488165467E2,-5.283862152E0,-1.081680634E1,6.493197327E0
2.488367127E2,-6.882687378E0,-1.114657059E1,6.804250488E0
2.488568777E2,-8.132887573E0,-1.204036194E1,5.602399750E0
2.488770437E2,-7.017107849E0,-1.086979614E1,4.593198395E0
2.488972097E2,-5.215304718E0,-7.970175934E0,5.405708771E0
2.489173747E2,-5.883365479E0,-6.926097107E0,6.378984833E0
2.489375407E2,-6.951394501E0,-6.086642761E0,6.791976013E0
2.489577055E2,-6.981781311E0,-5.782475281E0,5.559588776E0
2.489778715E2,-6.213129730E0,-5.925278320E0,3.305875397E0
2.489980375E2,-5.359754333E0,-6.187832336E0,2.270777893E0
2.490182025E2,-5.645061035E0,-6.750811615E0,2.810256042E0
2.490383685E2,-6.258934479E0,-7.191644897E0,4.028123474E0
2.490585345E2,-5.527555389E0,-6.896309052E0,4.909490662E0
2.490787005E2,-4.505031738E0,-6.587650909E0,5.156926117E0
2.490988655E2,-4.213887177E0,-6.442452850E0,5.623655548E0
2.491190315E2,-4.884642334E0,-6.427933044E0,5.797893219E0
2.491391975E2,-4.834795990E0,-6.507118378E0,5.332810364E0
2.491593625E2,-4.240980835E0,-6.775210876E0,5.030738525E0
2.491795285E2,-3.814068604E0,-7.144642639E0,5.347479858E0
2.491996945E2,-3.574716339E0,-7.436984711E0,6.197861481E0
2.492198595E2,-3.698359222E0,-7.992479553E0,7.212751007E0
2.492400255E2,-3.652554474E0,-8.117319946E0,8.063731384E0
2.492601915E2,-3.398083649E0,-7.739056549E0,7.970475311E0
2.492803565E2,-3.133433990E0,-7.268734589E0,6.992259521E0
2.493005225E2,-3.019371185E0,-6.853498077E0,6.065985718E0
2.493206885E2,-3.243455200E0,-7.096143494E0,5.838309174E0
2.493408535E2,-3.098406830E0,-7.326963501E0,6.236181793E0
2.493610195E2,-2.904410248E0,-8.094716949E0,6.044280853E0
2.493811855E2,-2.681224365E0,-8.742569733E0,6.008056183E0
2.494013505E2,-2.474204865E0,-9.266180878E0,5.991740112E0
2.494215165E2,-2.338137817E0,-9.872420197E0,6.240971832E0
2.494416825E2,-1.547332306E0,-9.877958679E0,6.475833435E0
2.494618475E2,-1.188827820E0,-9.994865570E0,6.831344147E0
2.494820135E2,-1.348246307E0,-1.018586838E1,6.864874420E0
2.495021795E2,-1.589993591E0,-9.939630432E0,6.272256775E0
2.495223445E2,-1.815424805E0,-1.017030075E1,6.013594666E0
2.495425105E2,-1.619332581E0,-1.034738251E1,6.737489319E0
2.495626765E2,-1.625469818E0,-1.091979218E1,7.848479004E0
2.495828415E2,-1.361718292E0,-1.087488556E1,8.585845642E0
2.496030075E2,-1.097667389E0,-1.000669098E1,8.279732208E0
2.496231735E2,-7.857160950E-1,-9.291178894E0,7.633376312E0
2.496433385E2,-1.454974365E-1,-9.067843323E0,7.531887360E0
2.496635045E2,-1.163081360E-1,-9.830806732E0,8.245902557E0
2.496836705E2,-7.066804504E-1,-1.067475174E1,8.991053009E0
2.497038355E2,-6.948550415E-1,-1.072893906E1,8.398285675E0
2.497240015E2,-5.146298218E-1,-1.033136581E1,7.423512726E0
2.497441675E2,-5.923182678E-1,-1.010054581E1,6.708449707E0
2.497643325E2,-6.842271423E-1,-1.006432114E1,6.422394562E0
2.497844985E2,-7.899073792E-1,-1.021865021E1,6.101911011E0
2.498046645E2,-7.066804504E-1,-1.013362701E1,5.809269562E0
2.498248295E2,-9.747729492E-1,-1.014455429E1,5.319039001E0
2.498449955E2,-1.425335999E0,-9.744436340E0,4.368066559E0
2.498651615E2,-1.570833435E0,-9.177565155E0,3.281775513E0
2.498853265E2,-1.343306580E0,-8.511300659E0,2.638862457E0
2.499054925E2,-1.017733612E0,-8.216264191E0,2.506088562E0
2.499256585E2,-6.846762085E-1,-7.964188385E0,2.430046692E0
2.499458236E2,-7.625143433E-1,-7.751480713E0,2.428400116E0
2.499659896E2,-9.574090576E-1,-7.274722137E0,2.044598236E0
2.499861556E2,-1.330583038E0,-7.177574158E0,1.614841919E0
2.500063206E2,-1.745370483E0,-7.493716736E0,8.653504944E-1
2.500264866E2,-2.460882568E0,-8.690028992E0,1.085392914E0
2.500466526E2,-2.498454437E0,-9.501491547E0,2.404300232E0
2.500668186E2,-2.432142334E0,-9.505233765E0,4.025129700E0
2.500869836E2,-3.608545990E0,-1.005384293E1,4.632416840E0
2.501071496E2,-4.901856537E0,-1.024155258E1,4.723876648E0
2.501273156E2,-5.813610535E0,-1.018452118E1,4.159999237E0
2.501474806E2,-5.847290497E0,-9.399703217E0,3.302582245E0
2.501676466E2,-5.325774994E0,-8.987909546E0,3.326682129E0
2.501878126E2,-4.709207153E0,-9.183852081E0,4.104315033E0
2.502079776E2,-4.066593475E0,-9.596543884E0,5.351671143E0
2.502281436E2,-4.362378387E0,-1.022882904E1,6.595734100E0
2.502483096E2,-4.890480194E0,-1.037896683E1,6.907386017E0
2.502684746E2,-4.538412323E0,-9.655521240E0,6.025719452E0
2.502886406E2,-3.652853851E0,-8.590785370E0,5.332660675E0
2.503088066E2,-4.715045013E0,-7.787406006E0,5.461991730E0
2.503289716E2,-4.888983307E0,-7.152725830E0,7.186854858E0
2.503491376E2,-4.540208588E0,-6.711144104E0,6.415658569E0
2.503693036E2,-4.328249359E0,-6.727011108E0,5.591023407E0
2.503894686E2,-4.863985291E0,-6.896009674E0,5.741011505E0
2.504096346E2,-5.029690704E0,-6.629713440E0,5.282065887E0
2.504298006E2,-4.387825470E0,-6.404282227E0,5.110522614E0
2.504499656E2,-4.108057251E0,-6.688840485E0,6.169869690E0
2.504701316E2,-4.747228088E0,-7.116950226E0,6.944658508E0
2.504902976E2,-4.755161591E0,-7.410639496E0,7.130422211E0
2.505104636E2,-4.713398438E0,-7.150929565E0,7.300767975E0
2.505306286E2,-4.734354858E0,-6.865922241E0,8.528664551E0
2.505507946E2,-4.515360260E0,-6.765032043E0,8.735684052E0
2.505709606E2,-4.282294922E0,-7.355554047E0,8.731941833E0
2.505911256E2,-3.858825531E0,-7.843090210E0,8.639883270E0
2.506112916E2,-3.567680969E0,-8.430169373E0,9.015601959E0
2.506314576E2,-3.360511780E0,-9.169481964E0,8.858279114E0
2.506516226E2,-3.285817108E0,-1.016146912E1,8.076305237E0
2.506717886E2,-3.275338898E0,-1.173754166E1,7.454348602E0
2.506919546E2,-2.713557129E0,-1.222852066E1,8.147108002E0
2.507121196E2,-2.507286072E0,-1.217792587E1,9.010961609E0
2.507322856E2,-2.147135010E0,-1.145642624E1,1.039154068E1
2.507524516E2,-2.032623138E0,-1.059137512E1,1.026999344E1
2.507726166E2,-2.332449646E0,-1.049243088E1,9.255253601E0
2.507927826E2,-2.558180237E0,-1.110241241E1,8.354576569E0
2.508129486E2,-2.278561707E0,-1.208646606E1,7.463928680E0
2.508331136E2,-1.975142670E0,-1.285002823E1,6.769073639E0
2.508532796E2,-1.993255005E0,-1.321571777E1,6.557862854E0
2.508734456E2,-2.155667267E0,-1.294223648E1,6.249504089E0
2.508936106E2,-1.906435547E0,-1.234722382E1,5.563031616E0
2.509137766E2,-1.422491913E0,-1.155596924E1,4.778513031E0
2.509339426E2,-9.192384338E-1,-1.069660629E1,3.551514587E0
2.509541091E2,-6.478527832E-1,-9.817035370E0,2.534529419E0
2.509742741E2,-8.907975769E-1,-8.937464447E0,3.060385895E0
2.509944401E2,-6.397695923E-1,-8.066425781E0,3.352727966E0
2.510146061E2,-5.920188904E-1,-7.495662689E0,2.811603241E0
2.510347711E2,-5.854325867E-1,-7.197482758E0,2.174677734E0
2.510549371E2,-7.649093628E-1,-7.012916565E0,1.988764343E0
2.510751031E2,-8.818162537E-1,-6.730753326E0,1.964814148E0
2.510952681E2,-7.158114624E-1,-6.717880096E0,1.850302277E0
2.511154341E2,-4.670288086E-1,-6.772217102E0,2.456840973E0
2.511356001E2,-6.424639893E-1,-6.935826874E0,3.055146790E0
2.511557651E2,-9.807604980E-1,-6.888375549E0,3.135379944E0
2.511759311E2,-1.262324982E0,-6.863976288E0,3.168610840E0
2.511960971E2,-1.720821533E0,-7.097640381E0,3.077749786E0
2.512162621E2,-2.068398743E0,-7.847580872E0,2.679278412E0
2.512364281E2,-2.042951660E0,-8.534352722E0,3.215313721E0
2.512565941E2,-2.487676849E0,-9.464668121E0,4.395758972E0
2.512767591E2,-3.213218079E0,-1.049826874E1,4.900958405E0
2.512969251E2,-3.909120941E0,-1.136257141E1,4.822521515E0
2.513170911E2,-4.459077301E0,-1.171868088E1,4.974904633E0
2.513372561E2,-5.012177124E0,-1.220397171E1,5.703439636E0
2.513574221E2,-5.961952057E0,-1.344803467E1,6.372847595E0
2.513775881E2,-6.356681213E0,-1.399918854E1,6.150859222E0
2.513977541E2,-5.369633789E0,-1.339848770E1,6.021827545E0
2.514179191E2,-4.111350403E0,-1.199306030E1,7.837551727E0
2.514380851E2,-3.664379883E0,-1.061203217E1,9.570348358E0
2.514582511E2,-4.010460205E0,-9.726773071E0,1.002375549E1
2.514784161E2,-3.889960785E0,-8.877888336E0,9.023535461E0
2.514985821E2,-3.674558716E0,-8.237969055E0,8.280181274E0
2.515187481E2,-3.645070038E0,-7.820337524E0,8.431965637E0
2.515389131E2,-4.152664490E0,-7.247778168E0,8.306975555E0
2.515590791E2,-4.602628784E0,-6.116131439E0,7.167545013E0
2.515792451E2,-4.376598816E0,-4.928201752E0,6.830446014E0
2.515994101E2,-3.777993622E0,-3.808829498E0,6.133046265E0
2.516195761E2,-3.875590668E0,-3.157384186E0,6.248456268E0
2.516397421E2,-4.237837372E0,-2.757715302E0,5.768254852E0
2.516599071E2,-4.319118347E0,-2.805765381E0,5.360802155E0
2.516800731E2,-3.679199066E0,-2.834355927E0,4.897216187E0
2.517002391E2,-2.932701416E0,-3.204685822E0,4.596641235E0
2.517204051E2,-2.541564789E0,-4.098626862E0,4.731211395E0
2.517405701E2,-2.404000854E0,-5.283862152E0,5.885910187E0
2.517607361E2,-2.158810730E0,-6.097420349E0,6.556066589E0
2.517809021E2,-2.098336487E0,-6.623127136E0,6.766379242E0
2.518010671E2,-2.297572174E0,-6.872658234E0,7.018305359E0
2.518212331E2,-1.773212585E0,-6.601272583E0,6.702611847E0
2.518413991E2,-1.348395996E0,-6.127208405E0,7.050189056E0
2.518615641E2,-1.874402161E0,-5.700146484E0,7.256460114E0
2.518817301E2,-3.352727966E0,-5.989794159E0,6.571334839E0
2.519018961E2,-3.691174164E0,-6.169121246E0,6.166127472E0
2.519220611E2,-3.674708405E0,-6.494095459E0,7.330855408E0
2.519422264E2,-3.892954559E0,-6.707102509E0,9.129515076E0
2.519623924E2,-4.342020721E0,-8.303981781E0,9.058113556E0
2.519825574E2,-4.004472656E0,-9.924212494E0,9.628876648E0
2.520027234E2,-4.373155975E0,-1.137364838E1,1.052596115E1
2.520228894E2,-4.534520416E0,-1.248867966E1,1.142304565E1
2.520430544E2,-4.021237793E0,-1.245814316E1,1.181088913E1
2.520632204E2,-3.088227997E0,-1.094359268E1,1.180565002E1
2.520833864E2,-2.523003387E0,-9.989626465E0,1.132065857E1
2.521035524E2,-2.198478241E0,-1.003064117E1,8.829089813E0
2.521237174E2,-2.265538788E0,-1.009874954E1,8.562344513E0
2.521438834E2,-2.721191254E0,-1.036878799E1,7.946225739E0
2.521640494E2,-3.498674469E0,-1.031729507E1,6.910978546E0
2.521842144E2,-3.373534698E0,-9.900411987E0,6.089486847E0
2.522043804E2,-2.722688141E0,-9.077573090E0,5.452112274E0
2.522245464E2,-2.029329987E0,-8.442443848E0,3.353027344E0
2.522447114E2,-1.724414063E0,-7.621550903E0,2.701881409E0
2.522648774E2,-2.448757782E0,-7.378157043E0,4.918621674E0
2.522850434E2,-2.500999146E0,-6.649172974E0,5.384003906E0
2.523052084E2,-1.922601929E0,-5.867049408E0,3.358865204E0
2.523253744E2,-1.310524750E0,-5.242398376E0,1.917213135E0
2.523455404E2,-8.123606873E-1,-5.052593079E0,1.037043457E0
2.523657054E2,-2.035766602E-1,-5.128784637E0,1.020278320E0
2.523858714E2,-6.230044556E-1,-5.375621338E0,2.240989838E0
2.524060374E2,-1.418450317E0,-5.973777466E0,3.228037262E0
2.524262034E2,-1.360071716E0,-5.955066376E0,1.877845001E0
2.524463684E2,-1.096769257E0,-6.071374512E0,2.406994629E-1
2.524665344E2,-1.313518524E0,-6.615343323E0,5.475613403E-1
2.524867004E2,-1.847158813E0,-7.586074677E0,2.888992310E0
2.525068654E2,-2.514022064E0,-8.362809448E0,4.384682007E0
2.525270314E2,-2.789000244E0,-9.172475739E0,4.106859741E0
2.525471974E2,-3.081791382E0,-1.012689102E1,3.963457947E0
2.525673624E2,-3.288661194E0,-1.146645538E1,4.667294312E0
2.525875284E2,-3.935316467E0,-1.327679077E1,6.301296387E0
2.526076944E2,-5.053341522E0,-1.478879654E1,8.098459167E0
2.526278594E2,-6.074218597E0,-1.550251236E1,9.256600800E0
2.526480254E2,-6.834637299E0,-1.628448624E1,8.929381256E0
2.526681914E2,-5.746849365E0,-1.565294952E1,8.155191193E0
2.526883574E2,-3.160228271E0,-1.394664780E1,9.016649780E0
2.527085224E2,-1.813478851E0,-1.188184158E1,1.086216202E1
2.527286884E2,-1.649270325E0,-9.991422729E0,1.132005981E1
2.527488544E2,-1.728305969E0,-8.696615295E0,1.030187714E1
2.527690194E2,-2.084565125E0,-7.974965973E0,9.055568848E0
2.527891854E2,-3.312461700E0,-7.969128113E0,8.334967346E0
2.528093514E2,-3.532803497E0,-7.571704559E0,7.503596191E0
2.528295164E2,-3.276087341E0,-6.505920868E0,6.512058105E0
2.528496824E2,-2.422861633E0,-5.251978455E0,5.683980103E0
2.528698484E2,-1.683549042E0,-4.246070251E0,5.528453522E0
2.528900134E2,-2.099683685E0,-3.822002106E0,5.579647064E0
2.529101794E2,-2.637515259E0,-3.375780029E0,5.180127869E0
2.529303454E2,-2.845732269E0,-3.132086792E0,4.481680298E0
2.529505102E2,-2.373464355E0,-3.064277802E0,3.992048492E0
2.529706762E2,-1.966011658E0,-3.285966797E0,4.148024139E0
2.529908423E2,-2.170785828E0,-4.440964966E0,5.245841217E0
2.530110083E2,-2.709066467E0,-5.434898071E0,6.171965332E0
2.530311732E2,-2.606080627E0,-6.096073151E0,6.751859436E0
2.530513392E2,-2.119741974E0,-6.433172150E0,7.579488373E0
2.530715053E2,-2.449506226E0,-6.726262665E0,8.139473877E0
2.530916702E2,-2.147733765E0,-7.007228394E0,8.440497894E0
2.531118362E2,-1.676064606E0,-7.365134125E0,9.295669556E0
2.531320023E2,-1.281634827E0,-7.526049500E0,1.001522324E1
2.531521672E2,-1.764530640E0,-8.449479218E0,1.021101608E1
2.531723332E2,-9.680369568E-1,-9.254355469E0,9.854158173E0
2.531924992E2,-6.457571411E-1,-1.014455429E1,1.017793488E1
2.532126642E2,-5.568420410E-2,-1.078447357E1,1.136631363E1
2.532328302E2,6.273454285E-1,-1.097517700E1,1.173679321E1
2.532529962E2,6.017486572E-1,-1.099149307E1,1.037028488E1
2.532731613E2,1.856140137E-1,-1.070528824E1,7.818990326E0
2.532933272E2,1.528321838E-1,-1.050021469E1,6.664890289E0
2.533134932E2,3.306623840E-1,-1.075034454E1,6.030210114E0
2.533336592E2,3.950285339E-1,-1.058688446E1,4.423900452E0
2.533538242E2,-5.239105225E-3,-1.049527496E1,4.951553192E0
2.533739902E2,1.152603149E-2,-9.802964630E0,6.432872772E0
2.533941562E2,-2.577639771E-1,-9.253457336E0,4.050427094E0
2.534143213E2,-7.385641479E-1,-8.578061829E0,4.678221588E0
2.534344872E2,-6.500981140E-1,-8.169561310E0,4.403243408E0
2.534546532E2,-3.867956543E-1,-7.876321106E0,3.988006897E0
2.534748183E2,-4.381388855E-1,-7.571554871E0,3.347488861E0
2.534949843E2,-7.262896729E-1,-7.412585449E0,2.433040466E0
2.535151502E2,-8.367599487E-1,-7.147786102E0,1.984273682E0
2.535353153E2,-1.277892609E0,-7.712861023E0,2.857108612E0
2.535554813E2,-8.521778870E-1,-8.159681854E0,4.238136749E0
2.535756472E2,-9.925859070E-1,-8.827592926E0,3.891906738E0
2.535958132E2,-1.484013977E0,-9.245523834E0,3.299887848E0
2.536159783E2,-2.107168121E0,-9.917925568E0,3.335214386E0
2.536361443E2,-2.733765106E0,-1.142169846E1,2.915786591E0
2.536563102E2,-2.680924988E0,-1.247460892E1,3.685635681E0
2.536764753E2,-2.607577515E0,-1.302261932E1,5.162314911E0
2.536966413E2,-2.719544678E0,-1.252520370E1,5.906716919E0
2.537168073E2,-3.321443024E0,-1.197120575E1,5.265749817E0
2.537369723E2,-3.832031250E0,-1.156659714E1,3.509302368E0
2.537571383E2,-3.363056488E0,-1.126272903E1,2.804717560E0
2.537773043E2,-2.496358795E0,-1.014260834E1,3.953728180E0
2.537974693E2,-3.175197144E0,-9.481882324E0,5.150190125E0
2.538176353E2,-3.817062378E0,-9.277557220E0,3.187920685E0
2.538378013E2,-3.657045135E0,-8.779393158E0,3.345093842E0
2.538579673E2,-3.672762451E0,-8.968450012E0,2.929408264E0
2.538781323E2,-3.463497620E0,-9.241931305E0,3.984414368E0
2.538982983E2,-3.398233337E0,-8.997190247E0,6.192173309E0
2.539184643E2,-3.793860626E0,-8.069569244E0,7.072193298E0
2.539386293E2,-2.955903168E0,-7.198231201E0,5.621709595E0
2.539587958E2,-2.332599335E0,-6.370302887E0,4.472399597E0
2.539789618E2,-2.811303864E0,-5.966742096E0,3.335214386E0
2.539991268E2,-3.382216644E0,-5.540428619E0,3.514840851E0
2.540192928E2,-3.119812317E0,-5.464686127E0,6.324647827E0
2.540394588E2,-2.273771667E0,-5.471871185E0,5.925278320E0
2.540596238E2,-1.781146088E0,-5.234015808E0,5.707780609E0
2.540797898E2,-2.879711609E0,-5.757776642E0,5.814209290E0
2.540999558E2,-3.737427979E0,-5.872138824E0,4.709356842E0
2.541201218E2,-3.583997040E0,-6.443800049E0,3.034489746E0
2.541402868E2,-2.320624237E0,-7.696544952E0,3.253184967E0
2.541604528E2,-3.516337738E0,-7.831264801E0,5.289250946E0
2.541806188E2,-2.835703125E0,-8.448581085E0,6.369704132E0
2.542007838E2,-2.867437134E0,-9.682016144E0,8.096213837E0
2.542209498E2,-2.213147736E0,-1.076291840E1,9.322014771E0
2.542411158E2,-3.912863159E-1,-1.129401398E1,1.126482468E1
2.542612808E2,-5.444178772E-1,-1.147798141E1,1.273162445E1
2.542814468E2,-1.166524200E0,-1.101858673E1,1.285975800E1
2.543016128E2,-1.876348114E0,-1.020892044E1,1.161225220E1
2.543217778E2,-3.148402863E0,-1.043554916E1,1.084434906E1
2.543419438E2,-3.993994446E0,-1.094254486E1,8.815019073E0
2.543621098E2,-3.642525330E0,-1.156120834E1,6.411018219E0
2.543822748E2,-2.794389038E0,-1.131197662E1,5.431305542E0
2.544024408E2,-2.635269928E0,-1.211535599E1,7.623347168E0
2.544226068E2,-2.496358795E0,-1.233944000E1,7.378606110E0
2.544427728E2,-2.735561371E0,-1.224079514E1,6.099665680E0
2.544629378E2,-3.304677887E0,-1.188947571E1,5.399272156E0
2.544831038E2,-2.977757721E0,-1.139550293E1,6.070027313E0
2.545032698E2,-2.810705109E0,-1.145597717E1,5.652695160E0
2.545234348E2,-2.497406616E0,-1.090691895E1,4.662504272E0
2.545436008E2,-2.723286896E0,-1.044887146E1,3.402125244E0
2.545637668E2,-2.308050385E0,-9.980495453E0,2.333796844E0
2.545839318E2,-1.773661652E0,-9.398356018E0,2.299368439E0
2.546040978E2,-1.590292969E0,-8.868158569E0,2.839145966E0
2.546242638E2,-2.299667816E0,-8.878636780E0,3.105741577E0
2.546444298E2,-2.749781799E0,-8.765172729E0,2.451152802E0
2.546645948E2,-2.881358185E0,-8.551417236E0,1.264420624E0
2.546847608E2,-2.566413116E0,-8.376580811E0,5.360353088E-1
2.547049268E2,-2.479593658E0,-8.319250031E0,2.234852600E-1
2.547250918E2,-2.765050049E0,-8.123008118E0,6.456074524E-1
2.547452578E2,-3.451821899E0,-8.455167389E0,8.177494812E-1
2.547654238E2,-3.438050537E0,-8.821904755E0,4.394860840E-1
2.547855888E2,-2.759810944E0,-8.974138184E0,1.096769257E0
2.548057548E2,-3.165467377E0,-9.689051514E0,2.745590515E0
2.548259208E2,-4.132905579E0,-9.661957855E0,4.027225342E0
2.548460858E2,-5.365592194E0,-1.018990997E1,3.057392120E0
2.548662518E2,-5.398374023E0,-1.017149826E1,1.868713989E0
2.548864178E2,-4.284839630E0,-9.002579041E0,2.306703186E0
2.549065838E2,-4.950655060E0,-9.618697815E0,3.981869659E0
2.549267488E2,-5.932762756E0,-9.779762878E0,5.160368958E0
2.549469143E2,-6.805298309E0,-1.022718246E1,5.369933167E0
2.549670803E2,-6.099366302E0,-9.951455841E0,4.862039337E0
2.549872452E2,-3.686533813E0,-1.005099884E1,3.801345062E0
2.550074113E2,-3.457210693E0,-1.063074326E1,5.618715820E0
2.550275773E2,-2.516716461E0,-9.618398438E0,7.940088501E0
2.550477422E2,-1.823507996E0,-8.788524170E0,7.984396362E0
2.550679082E2,-1.647024994E0,-7.823181610E0,6.335874481E0
2.550880743E2,-2.041903839E0,-7.081773376E0,5.755681000E0
2.551082392E2,-3.126548309E0,-6.697672119E0,6.338568878E0
2.551284052E2,-4.099075928E0,-6.027815094E0,6.399342499E0
2.551485712E2,-5.176086273E0,-5.705834656E0,5.841302948E0
2.551687373E2,-5.709277496E0,-5.662574615E0,4.565206604E0
2.551889022E2,-5.602549438E0,-5.576653290E0,4.441114655E0
2.552090682E2,-6.437213745E0,-6.288273468E0,5.728587341E0
2.552292343E2,-7.314389648E0,-7.182513885E0,6.301296387E0
2.552493992E2,-6.902595978E0,-8.092920685E0,6.762786713E0
2.552695652E2,-6.098019104E0,-8.453820190E0,7.317084045E0
2.552897312E2,-6.542744293E0,-8.937763824E0,7.651039581E0
2.553098962E2,-6.695576477E0,-9.032666473E0,8.466394043E0
2.553300622E2,-6.340514832E0,-9.145831146E0,9.357341309E0
2.553502282E2,-5.888754272E0,-9.269623718E0,1.002016296E1
2.553703942E2,-6.060596924E0,-1.035456757E1,1.015099091E1
2.553905592E2,-5.517526245E0,-1.051907547E1,1.058523788E1
2.554107252E2,-4.685706024E0,-9.411378937E0,1.060799057E1
2.554308912E2,-5.155279541E0,-8.869356079E0,9.422156525E0
2.554510562E2,-5.695805511E0,-8.936716003E0,7.811954956E0
2.554712222E2,-5.888604584E0,-9.829908600E0,6.237079926E0
2.554913882E2,-5.699996796E0,-1.075513458E1,6.126160583E0
2.555115533E2,-5.363346863E0,-1.174622360E1,6.415957947E0
2.555317192E2,-5.123246155E0,-1.235934860E1,6.599326630E0
2.555518852E2,-4.835843811E0,-1.276814850E1,6.000871124E0
2.555720512E2,-4.069886627E0,-1.287412811E1,5.369783478E0
2.555922163E2,-3.213667145E0,-1.269809418E1,5.307962036E0
2.556123822E2,-2.012265472E0,-1.157423126E1,5.075944519E0
2.556325482E2,-1.679208069E0,-1.099104401E1,6.260131989E0
2.556527133E2,-1.136137390E0,-1.013332764E1,4.871469727E0
2.556728792E2,-1.367256775E0,-9.321416016E0,2.549498291E0
2.556930452E2,-1.684746552E0,-8.743767242E0,2.789898376E0
2.557132103E2,-2.160906372E0,-8.673114166E0,3.069816284E0
2.557333763E2,-1.950144653E0,-8.002359009E0,2.017205200E0
2.557535422E2,-1.899250488E0,-7.699538727E0,1.343605957E0
2.557737082E2,-1.829345856E0,-7.234306183E0,1.020877075E0
2.557938733E2,-1.935175781E0,-6.935677185E0,1.045276337E0
2.558140393E2,-2.324216766E0,-6.878196716E0,9.156459045E-1
2.558342052E2,-2.864593048E0,-6.552474060E0,6.231541443E-1
2.558543703E2,-3.307372284E0,-6.857389984E0,-1.583706665E-1
2.558745363E2,-3.329376526E0,-7.702382813E0,-5.613327026E-2
2.558947022E2,-3.368894348E0,-8.914711761E0,1.659149780E0
2.559148673E2,-3.320694580E0,-9.940678253E0,3.445235596E0
2.559350333E2,-4.585564270E0,-1.154459290E1,5.139262848E0
2.559551997E2,-5.647306366E0,-1.205952209E1,5.034181366E0
2.559753648E2,-6.236630859E0,-1.209469894E1,3.250789948E0
2.559955308E2,-5.550906830E0,-1.106394241E1,2.803370361E0
2.560156967E2,-5.586532745E0,-1.042312500E1,4.891378326E0
2.560358627E2,-6.691983948E0,-1.050066376E1,7.290140076E0
2.560560278E2,-6.995702362E0,-9.923913116E0,7.471113739E0
2.560761938E2,-5.538632355E0,-8.723110199E0,5.262007599E0
2.560963597E2,-6.609505463E0,-9.601782990E0,4.532125397E0
2.561165248E2,-7.518115997E0,-1.042986099E1,6.005960541E0
2.561366908E2,-7.201823730E0,-9.851613464E0,7.552694092E0
2.561568567E2,-5.344935150E0,-8.829987946E0,6.121969299E0
2.561770218E2,-3.212918701E0,-7.695197754E0,6.198160858E0
2.561971878E2,-4.935686188E0,-6.862180023E0,7.995772705E0
2.562173538E2,-6.082002411E0,-6.096671906E0,8.074359283E0
2.562375197E2,-5.579796753E0,-5.001848602E0,5.802982635E0
2.562576848E2,-4.394711151E0,-4.067790985E0,4.637057190E0
2.562778508E2,-3.874692535E0,-4.321064301E0,6.371201019E0
2.562980168E2,-3.546874237E0,-4.218228149E0,6.927893372E0
2.563181818E2,-3.750001831E0,-4.967270508E0,7.085665283E0
2.563383478E2,-3.717818756E0,-5.638923798E0,6.897656250E0
2.563585138E2,-3.760030975E0,-6.111341400E0,6.724466400E0
2.563786788E2,-3.473826141E0,-6.288423157E0,6.693630524E0
2.563988448E2,-3.361559601E0,-6.610553284E0,6.544690247E0
2.564190108E2,-3.608246613E0,-6.608307953E0,6.304290161E0
2.564391768E2,-3.918251953E0,-7.038213959E0,6.613097992E0
2.564593418E2,-3.380270691E0,-7.003785553E0,6.804400177E0
2.564795078E2,-3.629203033E0,-7.208709412E0,6.277046814E0
2.564996738E2,-4.151466980E0,-7.349416809E0,5.527854767E0
2.565198388E2,-4.421655121E0,-7.479496307E0,5.298531647E0
2.565400048E2,-4.427942047E0,-7.608827362E0,5.649551697E0
2.565601708E2,-4.728516998E0,-7.349566498E0,6.288722534E0
2.565803358E2,-5.586832123E0,-7.886649628E0,6.307733002E0
2.566005018E2,-6.641538849E0,-9.113797760E0,6.403683472E0
2.566206678E2,-7.889942780E0,-1.087009552E1,6.443500671E0
2.566408338E2,-8.453820190E0,-1.208422073E1,6.626869354E0
2.566609988E2,-8.002957764E0,-1.297711395E1,7.157216492E0
2.566811648E2,-6.257736969E0,-1.188573349E1,8.586594086E0
2.567013308E2,-4.327351227E0,-1.024110352E1,9.442514191E0
2.567214958E2,-3.224594421E0,-9.730365601E0,1.077025314E1
2.567416618E2,-2.652783508E0,-1.028526169E1,1.122830063E1
2.567618278E2,-2.121538239E0,-1.180295563E1,8.485853577E0
2.567819928E2,-2.776725769E0,-1.276395721E1,6.085894318E0
2.568021588E2,-3.111878815E0,-1.304911423E1,5.120102692E0
2.568223248E2,-3.115321655E0,-1.289388702E1,3.962709503E0
2.568424908E2,-3.007845154E0,-1.251592300E1,3.408861237E0
2.568626558E2,-2.875520325E0,-1.214798813E1,3.435954895E0
2.568828218E2,-2.296674042E0,-1.153800659E1,3.362906799E0
2.569029878E2,-1.987267456E0,-1.072549622E1,3.321293335E0
2.569231528E2,-2.052531738E0,-9.827812958E0,2.781216431E0
2.569433188E2,-2.000589752E0,-8.935817871E0,2.278711395E0
2.569634840E2,-1.792672119E0,-8.014783173E0,2.005379791E0
2.569836490E2,-1.535057831E0,-7.235054626E0,1.817670135E0
2.570038150E2,-1.570534058E0,-6.851851501E0,1.726210327E0
2.570239810E2,-9.404942322E-1,-6.197113037E0,1.452279968E0
2.570441470E2,-6.414161682E-1,-5.905519409E0,1.516496429E0
2.570643120E2,-8.437953186E-1,-5.425168304E0,1.514251099E0
2.570844780E2,-8.598120117E-1,-4.992418213E0,1.035995636E0
2.571046440E2,-8.741821289E-1,-4.706812134E0,5.528004456E-1
2.571248090E2,-8.361611938E-1,-4.662803650E0,6.786886597E-1
2.571449750E2,-1.077459412E0,-4.970413971E0,1.460063782E0
2.571651410E2,-1.436412964E0,-5.327870636E0,2.276016998E0
2.571853060E2,-2.100132751E0,-5.598956909E0,2.534679108E0
2.572054720E2,-2.539768524E0,-5.828130341E0,2.481539612E0
2.572256380E2,-3.021167450E0,-6.133345642E0,2.617007904E0
2.572458040E2,-3.791016541E0,-6.768175507E0,3.053051147E0
2.572659690E2,-4.969665527E0,-7.523504791E0,3.689976654E0
2.572861350E2,-5.974076843E0,-8.154442749E0,4.087250519E0
2.573063010E2,-6.933132477E0,-9.065897369E0,4.356690216E0
2.573264660E2,-7.541317749E0,-9.698332214E0,4.851112061E0
2.573466320E2,-8.349187775E0,-1.038240967E1,5.548362122E0
2.573667980E2,-9.216334534E0,-1.118159775E1,5.899382172E0
2.573869630E2,-9.184750214E0,-1.179352524E1,6.366710358E0
2.574071290E2,-8.928183746E0,-1.173739197E1,7.573201447E0
2.574272950E2,-9.056766357E0,-1.153321655E1,8.471333771E0
2.574474610E2,-8.127648468E0,-1.117531082E1,8.322842560E0
2.574676260E2,-7.126380615E0,-1.092533066E1,8.464448090E0
2.574877920E2,-5.963898010E0,-1.041070084E1,9.206754456E0
2.575079580E2,-4.569996643E0,-8.918603668E0,9.977501678E0
2.575281230E2,-3.955674133E0,-7.250472565E0,1.013168106E1
2.575482890E2,-4.126618652E0,-6.111191711E0,8.358468475E0
2.575684550E2,-4.321513367E0,-5.226681061E0,6.434968414E0
2.575886200E2,-4.783602448E0,-5.035079498E0,5.442083130E0
2.576087860E2,-4.970114594E0,-5.132526855E0,4.928201752E0
2.576289520E2,-4.770130463E0,-5.461542664E0,4.882846069E0
2.576491180E2,-4.693789215E0,-5.877377930E0,4.812941437E0
2.576692830E2,-4.707560577E0,-6.467450867E0,5.350174255E0
2.576894490E2,-4.536017303E0,-6.728358307E0,5.420228577E0
2.577096150E2,-4.349355469E0,-6.785838776E0,5.031486969E0
2.577297800E2,-4.184847565E0,-6.573580170E0,4.839586029E0
2.577499460E2,-4.073179779E0,-6.545289001E0,4.560566254E0
2.577701120E2,-3.795956268E0,-6.724765778E0,4.470453644E0
2.577902780E2,-3.527115326E0,-6.843618622E0,4.740791473E0
2.578104430E2,-3.836671600E0,-7.100185089E0,4.519252167E0
2.578306090E2,-3.737427979E0,-7.351662140E0,3.852388916E0
2.578507750E2,-3.203488312E0,-7.406448212E0,3.745960236E0
2.578709400E2,-2.764301605E0,-7.487429810E0,4.168980560E0
2.578911060E2,-2.726729736E0,-7.319928131E0,4.903503113E0
2.579112720E2,-3.476221161E0,-7.352111206E0,4.866230621E0
2.579314370E2,-3.400328979E0,-6.819219360E0,4.379143524E0
2.579516037E2,-3.158432007E0,-6.486910400E0,4.182153168E0
2.579717698E2,-3.061284027E0,-6.386768646E0,4.184398499E0
2.579919358E2,-3.313509521E0,-6.558611298E0,4.367767181E0
2.580121007E2,-4.148772583E0,-7.177424469E0,3.992497559E0
2.580322668E2,-4.773573303E0,-7.924520874E0,3.862418060E0
2.580524328E2,-4.644391937E0,-8.489895172E0,4.300706635E0
2.580725977E2,-4.468058624E0,-9.092841339E0,4.917723541E0
2.580927637E2,-4.248914337E0,-9.456734619E0,5.686674500E0
2.581129298E2,-4.491110687E0,-1.029454239E1,6.133195953E0
2.581330947E2,-3.941453705E0,-1.005219635E1,6.951993256E0
2.581532607E2,-3.540737000E0,-9.269923096E0,7.776927795E0
2.581734267E2,-3.359164581E0,-8.722062378E0,7.476801910E0
2.581935928E2,-2.946023712E0,-8.281079407E0,6.651418304E0
2.582137577E2,-2.586471405E0,-7.901169434E0,6.244264984E0
2.582339237E2,-2.263742523E0,-7.566465454E0,6.105802917E0
2.582540898E2,-1.961371307E0,-7.309300232E0,6.058351593E0
2.582742547E2,-1.781146088E0,-7.346572723E0,5.859864349E0
2.582944207E2,-1.828447723E0,-7.663763123E0,5.937253418E0
2.583145867E2,-1.995200958E0,-8.168962555E0,6.242768097E0
2.583347528E2,-2.554138641E0,-8.550818481E0,6.504723358E0
2.583549177E2,-2.861449585E0,-8.726253662E0,6.793023834E0
2.583750837E2,-2.831960907E0,-8.735085297E0,7.345674591E0
2.583952497E2,-2.562820587E0,-8.856482849E0,7.516619110E0
2.584154147E2,-2.416275330E0,-8.935069427E0,7.343279572E0
2.584355807E2,-2.135309601E0,-8.915011139E0,6.935078430E0
2.584557467E2,-1.879042511E0,-8.667126617E0,6.639742584E0
2.584759117E2,-1.625918884E0,-8.382268982E0,6.396797791E0
2.584960777E2,-1.413959656E0,-8.304281158E0,5.807622986E0
2.585162437E2,-1.224304047E0,-8.217611389E0,5.243446198E0
2.585364097E2,-9.897418213E-1,-8.179590454E0,5.074148254E0
2.585565747E2,-8.027806091E-1,-8.099057922E0,5.257067871E0
2.585767407E2,-1.115031281E0,-8.252638550E0,5.712420959E0
2.585969067E2,-1.709744568E0,-8.427924042E0,5.695206757E0
2.586170718E2,-2.225122833E0,-8.660091248E0,5.057233429E0
2.586372377E2,-2.745740204E0,-8.602161713E0,4.846471710E0
2.586574037E2,-3.067870331E0,-8.763526154E0,4.916975098E0
2.586775688E2,-3.302282867E0,-9.066047058E0,5.218448181E0
2.586977347E2,-3.430117035E0,-9.170380096E0,5.460943909E0
2.587179007E2,-3.624113617E0,-9.103618927E0,5.153333588E0
2.587380667E2,-3.959266663E0,-8.973090363E0,4.748874664E0
2.587582318E2,-4.091890869E0,-8.789871368E0,4.646786957E0
2.587783977E2,-4.325255585E0,-8.432564392E0,5.062322845E0
2.587985637E2,-5.271437988E0,-8.373137970E0,5.278473358E0
2.588187288E2,-6.719376984E0,-8.834328918E0,4.556374969E0
2.588388948E2,-7.578889618E0,-9.081614685E0,3.098556519E0
2.588590607E2,-6.954987030E0,-8.197553101E0,2.114502869E0
2.588792267E2,-5.647006989E0,-6.647676086E0,3.091970215E0
2.588993918E2,-4.929399261E0,-5.769602051E0,4.631369019E0
2.589195578E2,-4.760550385E0,-5.198240204E0,4.528383179E0
2.589397237E2,-4.293970642E0,-4.768034821E0,3.625760193E0
2.589598881E2,-4.075425110E0,-4.670437775E0,1.955533447E0
2.589800541E2,-4.813839569E0,-5.138514404E0,4.218377838E0
2.590002201E2,-5.194198608E0,-5.841302948E0,4.945415955E0
2.590203861E2,-5.764512634E0,-6.118825836E0,4.700076141E0
2.590405511E2,-6.090534668E0,-5.848338318E0,4.205803986E0
2.590607171E2,-6.358028412E0,-5.762267303E0,4.527035980E0
2.590808831E2,-5.827830963E0,-5.722599792E0,5.057682495E0
2.591010481E2,-5.217400360E0,-5.918841705E0,5.668861542E0
2.591212141E2,-4.503385162E0,-6.168372803E0,6.552324371E0
2.591413801E2,-4.477189636E0,-6.523733826E0,7.005282440E0
2.591615451E2,-4.770579529E0,-6.550079041E0,7.010970612E0
2.591817111E2,-4.944517822E0,-6.627767487E0,6.785389709E0
2.592018771E2,-4.626129913E0,-6.480773163E0,6.977290649E0
2.592220431E2,-4.067940674E0,-6.392307129E0,7.297774200E0
2.592422081E2,-3.821852417E0,-6.275100861E0,7.488477631E0
2.592623741E2,-3.830983429E0,-6.094127197E0,7.368427277E0
2.592825401E2,-3.768862610E0,-5.820196838E0,7.069648590E0
2.593027051E2,-3.506308594E0,-5.676795044E0,6.610403595E0
2.593228711E2,-3.483106842E0,-5.698499908E0,6.471791840E0
2.593430371E2,-3.487298126E0,-6.019731903E0,6.813680878E0
2.593632031E2,-3.485052795E0,-6.348298645E0,7.519163818E0
2.593833681E2,-3.772604828E0,-7.042704620E0,7.642806702E0
2.594035341E2,-4.114793243E0,-7.920479279E0,7.201674042E0
2.594237001E2,-4.307143250E0,-8.769813080E0,7.263196106E0
2.594438651E2,-4.495451660E0,-9.619446259E0,7.718249817E0
2.594640311E2,-4.328399048E0,-1.077758789E1,8.063432007E0
2.594841971E2,-4.076772308E0,-1.170625671E1,8.645571442E0
2.595043621E2,-3.783232727E0,-1.240051300E1,8.863368530E0
2.595245281E2,-3.080593872E0,-1.231863327E1,9.594298553E0
2.595446941E2,-2.472408600E0,-1.128323639E1,9.353000336E0
2.595648601E2,-2.364483032E0,-1.035187317E1,8.772806854E0
2.595850251E2,-2.761307831E0,-1.024170227E1,7.784412231E0
2.596051911E2,-2.853815460E0,-1.054048096E1,6.871460724E0
2.596253571E2,-2.729124756E0,-1.090063202E1,6.396947479E0
2.596455221E2,-2.899919586E0,-1.090437424E1,5.651946716E0
2.596656881E2,-3.191962280E0,-1.098475708E1,5.605543213E0
2.596858541E2,-3.276835785E0,-1.075558365E1,5.220244446E0
2.597060201E2,-2.679278412E0,-9.849368134E0,4.339026947E0
2.597261851E2,-2.262395325E0,-9.146130524E0,3.517984314E0
2.597463511E2,-2.184856567E0,-8.552015991E0,3.285368042E0
2.597665171E2,-2.133363647E0,-7.818840637E0,2.753823395E0
2.597866821E2,-2.162403259E0,-7.430847473E0,2.951412506E0
2.598068481E2,-1.810784454E0,-7.173831940E0,3.577261047E0
2.598270141E2,-1.609004059E0,-6.746620331E0,3.632645874E0
2.598471801E2,-1.657652893E0,-6.601871338E0,3.035387878E0
2.598673451E2,-1.458716583E0,-6.787784729E0,2.285746765E0
2.598875111E2,-1.765728149E0,-7.256759491E0,2.387684784E0
2.599076771E2,-2.273023224E0,-7.943082275E0,2.682721252E0
2.599278421E2,-2.093696136E0,-8.769513702E0,2.937042389E0
2.599480081E2,-1.689985657E0,-9.590706024E0,3.318898315E0
2.599681745E2,-2.081421661E0,-1.059990738E1,4.252806244E0
2.599883395E2,-2.631827087E0,-1.126437561E1,4.467609558E0
2.600085055E2,-3.426225128E0,-1.192659851E1,4.206402740E0
2.600286715E2,-3.646716614E0,-1.225711121E1,4.204307098E0
2.600488375E2,-3.605252838E0,-1.196132629E1,4.862338715E0
2.600690025E2,-4.785099335E0,-1.200563416E1,5.325176239E0
2.600891685E2,-6.314019928E0,-1.187854843E1,4.683011627E0
2.601093345E2,-6.533613281E0,-1.121467896E1,3.472329254E0
2.601294995E2,-5.039270782E0,-9.506580963E0,3.076552277E0
2.601496655E2,-3.876488800E0,-8.779243469E0,4.425846405E0
2.601698315E2,-4.084556122E0,-8.149952087E0,6.651567993E0
2.601899975E2,-5.608087921E0,-8.052055664E0,7.097191315E0
2.602101625E2,-6.132297821E0,-7.793094177E0,5.759423218E0
2.602303285E2,-5.723198547E0,-7.461084595E0,4.427343292E0
2.602504945E2,-4.127217407E0,-6.741081848E0,4.195325775E0
2.602706595E2,-2.370171204E0,-5.852230225E0,4.561763763E0
2.602908255E2,-1.291214905E0,-4.985233154E0,5.278173981E0
2.603109915E2,-1.053359528E0,-4.175417175E0,5.415139160E0
2.603311575E2,-1.217118988E0,-3.752845917E0,4.918322296E0
2.603513225E2,-1.370699615E0,-3.460952911E0,3.926484833E0
2.603714885E2,-1.428180084E0,-3.301833801E0,4.256099396E0
2.603916545E2,-1.670975189E0,-3.536396027E0,4.442312164E0
2.604118195E2,-2.021396484E0,-4.041595459E0,5.105283508E0
2.604319855E2,-2.170187073E0,-5.067861328E0,5.759273529E0
2.604521515E2,-2.741099854E0,-6.236780548E0,6.357429657E0
2.604723175E2,-3.463497620E0,-7.182364197E0,6.995253296E0
2.604924825E2,-3.703448639E0,-7.884254608E0,7.314539337E0
2.605126485E2,-2.922372894E0,-8.048912201E0,8.644822998E0
2.605328145E2,-2.527194672E0,-8.383765869E0,1.019260437E1
2.605529795E2,-2.715203705E0,-8.879235535E0,1.082623672E1
2.605731455E2,-2.504591675E0,-9.205257568E0,1.100840790E1
2.605933115E2,-3.013233948E0,-1.016910324E1,1.158830200E1
2.606134775E2,-3.234623566E0,-1.094868210E1,1.205323517E1
2.606336425E2,-3.303630066E0,-1.127530289E1,1.140732834E1
2.606538085E2,-2.925366669E0,-1.085677322E1,1.118638779E1
2.606739745E2,-2.475102997E0,-9.739945679E0,1.044602737E1
2.606941395E2,-2.080224152E0,-9.113348694E0,9.455537109E0
2.607143055E2,-1.771865387E0,-8.769214325E0,8.275989990E0
2.607344715E2,-2.038011932E0,-9.106163635E0,7.989934845E0
2.607546365E2,-2.074835358E0,-9.737400970E0,7.664062500E0
2.607748025E2,-2.130968628E0,-1.053494247E1,7.636968842E0
2.607949685E2,-2.908302155E0,-1.063119232E1,7.704029388E0
2.608151345E2,-3.295397186E0,-1.027553192E1,7.466772766E0
2.608352995E2,-2.578537903E0,-9.297765198E0,6.486760712E0
2.608554655E2,-2.038910065E0,-8.412655792E0,5.694757690E0
2.608756315E2,-1.856140137E0,-7.606432343E0,5.514831848E0
2.608957965E2,-2.549049225E0,-7.256011047E0,5.063819733E0
2.609159625E2,-2.411485291E0,-7.029082947E0,3.508404236E0
2.609361285E2,-1.764231262E0,-6.505022736E0,2.351160736E0
2.609562950E2,-1.644629974E0,-6.267167358E0,3.060385895E0
2.609764600E2,-2.064806213E0,-6.433770905E0,3.460653534E0
2.609966260E2,-2.730322266E0,-6.958729248E0,2.776276703E0
2.610167920E2,-2.284848633E0,-6.848558350E0,1.446292419E0
2.610369570E2,-1.499880981E0,-6.782096558E0,8.803193665E-1
2.610571230E2,-1.637295227E0,-7.157066803E0,1.582958221E0
2.610772890E2,-2.031425629E0,-7.513475647E0,2.070644073E0
2.610974550E2,-2.107617188E0,-8.354277191E0,2.819985809E0
2.611176200E2,-2.059866486E0,-9.254056091E0,3.537743225E0
2.611377860E2,-2.023941193E0,-1.007464966E1,4.292174377E0
2.611579520E2,-2.731070709E0,-1.115450409E1,4.808151398E0
2.611781170E2,-3.482208710E0,-1.178140045E1,5.233866119E0
2.611982830E2,-4.647385712E0,-1.204170914E1,5.487887878E0
2.612184490E2,-5.653593292E0,-1.252011429E1,5.234913940E0
2.612386150E2,-6.334078217E0,-1.312979645E1,4.808301086E0
2.612587800E2,-5.834566956E0,-1.279434402E1,4.926405487E0
2.612789460E2,-4.343667297E0,-1.127979355E1,6.486760712E0
2.612991120E2,-3.628304901E0,-9.554481354E0,7.630681915E0
2.613192770E2,-3.071013794E0,-8.200097809E0,7.106921082E0
2.613394430E2,-3.975882111E0,-7.747439117E0,7.985593872E0
2.613596090E2,-5.426515503E0,-8.059989166E0,8.031997375E0
2.613797750E2,-5.664520569E0,-8.112080841E0,6.812782745E0
2.613999400E2,-4.542902985E0,-7.887547760E0,6.704408112E0
2.614201060E2,-4.508175201E0,-7.012018433E0,8.074209595E0
2.614402720E2,-5.485343170E0,-6.165828094E0,7.431745605E0
2.614604370E2,-5.151687012E0,-5.333558807E0,4.936883698E0
2.614806030E2,-4.422702942E0,-5.019811249E0,5.882317657E0
2.615007690E2,-2.882855072E0,-4.399650879E0,5.960006104E0
2.615209350E2,-1.647474060E0,-4.407285004E0,4.145778809E0
2.615411000E2,-1.320553894E0,-4.514761505E0,4.509073334E0
2.615612660E2,-1.332229614E0,-4.729564819E0,5.448669434E0
2.615814320E2,-8.786727905E-1,-4.876708832E0,4.749473419E0
2.616015970E2,-7.304809570E-1,-5.295687561E0,4.824168091E0
2.616217630E2,-1.121467896E0,-5.863007812E0,5.460195465E0
2.616419290E2,-1.003363495E0,-6.271658020E0,6.009104004E0
2.616620950E2,-9.400451660E-1,-6.482270050E0,6.290518799E0
2.616822600E2,-1.234033813E0,-6.661746826E0,6.442901917E0
2.617024260E2,-1.823058929E0,-6.738088074E0,6.966213684E0
2.617225920E2,-1.866468658E0,-6.637946320E0,7.001240845E0
2.617427570E2,-1.347198486E0,-6.739435272E0,7.519612885E0
2.617629230E2,-9.193881226E-1,-6.799460449E0,8.409362640E0
2.617830890E2,-1.191821594E0,-6.800957336E0,9.075926514E0
2.618032550E2,-1.884431305E0,-7.800279236E0,9.311536560E0
2.618234200E2,-2.030976563E0,-8.551566925E0,9.507179718E0
2.618435860E2,-2.406994629E0,-9.266180878E0,9.563462677E0
2.618637520E2,-2.360441437E0,-9.894873505E0,9.857301636E0
2.618839170E2,-1.979483643E0,-9.325756989E0,1.091799591E1
2.619040830E2,-1.886976013E0,-8.212222595E0,1.143457169E1
2.619242490E2,-1.583407288E0,-8.062234497E0,1.115869537E1
2.619444150E2,-1.283431091E0,-8.212521973E0,1.066532135E1
2.619645797E2,-1.604214020E0,-8.566835175E0,9.303453369E0
2.619847458E2,-2.021695862E0,-8.934320984E0,7.821085968E0
2.620049118E2,-1.801204376E0,-9.057365112E0,7.079977112E0
2.620250767E2,-1.512155457E0,-9.320517883E0,7.019053802E0
2.620452427E2,-1.624272308E0,-9.366771698E0,6.610403595E0
2.620654088E2,-1.684596863E0,-9.223519592E0,6.020031281E0
2.620855748E2,-1.742825775E0,-9.529183960E0,5.596711578E0
2.621057397E2,-1.249002686E0,-9.552834778E0,5.749244385E0
2.621259057E2,-8.023315430E-1,-9.510622559E0,5.540877686E0
2.621460718E2,-6.920109558E-1,-8.972790985E0,4.331243134E0
2.621662367E2,-1.044527893E0,-8.372539215E0,2.863395538E0
2.621864027E2,-1.779349823E0,-8.141120453E0,2.769091644E0
2.622065687E2,-2.637814636E0,-8.831035767E0,3.500021667E0
2.622267348E2,-2.424657898E0,-9.059161377E0,4.348906403E0
2.622468997E2,-2.059417419E0,-9.880802765E0,4.512665863E0
2.622670657E2,-1.600771179E0,-1.016341507E1,3.527863770E0
2.622872318E2,-1.316212921E0,-1.054332504E1,2.560874634E0
2.623073967E2,-2.109263763E0,-1.063253952E1,2.586172028E0
2.623275627E2,-2.727927246E0,-1.040007294E1,2.491568756E0
2.623477287E2,-2.526745605E0,-1.045291306E1,2.036365356E0
2.623678948E2,-2.102976837E0,-1.048045578E1,1.982327728E0
2.623880597E2,-2.370171204E0,-1.020817200E1,2.308798828E0
2.624082257E2,-3.057990875E0,-9.863738251E0,2.507884827E0
2.624283917E2,-3.975882111E0,-1.035082535E1,2.504741364E0
2.624485567E2,-4.526736603E0,-1.096963852E1,1.610800323E0
2.624687227E2,-4.348008270E0,-1.119207596E1,1.114731903E0
2.624888887E2,-3.746708679E0,-1.022957748E1,3.114124146E0
2.625090548E2,-4.368964691E0,-1.002929398E1,5.089266815E0
2.625292197E2,-4.914729767E0,-1.037118301E1,5.862409058E0
2.625493857E2,-4.166286163E0,-1.060664337E1,4.926255798E0
2.625695517E2,-3.594325562E0,-1.071950867E1,4.145928497E0
2.625897167E2,-3.997736664E0,-1.047132477E1,4.567901001E0
2.626098827E2,-4.393813019E0,-1.013317795E1,3.390748901E0
2.626300487E2,-4.613106995E0,-9.063652039E0,5.229525146E0
2.626502147E2,-3.179987183E0,-8.072563019E0,5.428012390E0
2.626703797E2,-2.286195831E0,-7.593110046E0,4.446802826E0
2.626905457E2,-2.236948242E0,-6.833739166E0,4.648732910E0
2.627107117E2,-2.408790894E0,-6.212680664E0,5.069657593E0
2.627308767E2,-2.476450195E0,-5.771847382E0,5.124293976E0
2.627510427E2,-2.120340729E0,-5.385500793E0,4.907694397E0
2.627712087E2,-1.607806549E0,-5.469326477E0,4.686005402E0
2.627913747E2,-1.975142670E0,-5.524411926E0,4.269870758E0
2.628115397E2,-2.750679932E0,-6.026916962E0,3.945495300E0
2.628317057E2,-3.499123535E0,-6.849007416E0,4.507576447E0
2.628518717E2,-3.008443909E0,-7.639363861E0,5.646258545E0
2.628720368E2,-3.492237854E0,-8.330177307E0,6.805897064E0
2.628922027E2,-4.718338165E0,-8.799301758E0,7.075486450E0
2.629123687E2,-4.236190796E0,-8.773854675E0,6.851851501E0
2.629325347E2,-3.248394928E0,-8.684789886E0,7.310348053E0
2.629526995E2,-2.561772766E0,-8.969348145E0,8.156987457E0
2.629728655E2,-1.781445465E0,-9.374555511E0,9.252259827E0
2.629930315E2,-1.716031494E0,-1.058389069E1,1.069286407E1
2.630131965E2,-2.193837891E0,-1.109896957E1,1.163665146E1
2.630333625E2,-2.666405182E0,-1.083866089E1,1.064825684E1
2.630535285E2,-2.407593384E0,-9.475146332E0,1.011491592E1
2.630736945E2,-2.168690186E0,-9.176068268E0,9.949060822E0
2.630938595E2,-1.964814148E0,-9.654922485E0,9.123976593E0
2.631140255E2,-1.948049011E0,-1.006551865E1,8.125552826E0
2.631341915E2,-2.306403809E0,-1.097023727E1,7.119794312E0
2.631543565E2,-2.442470856E0,-1.174308014E1,6.472390594E0
2.631745225E2,-2.025288391E0,-1.211700256E1,5.771697693E0
2.631946885E2,-1.373543701E0,-1.208437042E1,5.232967987E0
2.632148545E2,-1.478325806E0,-1.202060303E1,4.946613464E0
2.632350195E2,-1.720372467E0,-1.190788742E1,4.642595673E0
2.632551855E2,-1.709145813E0,-1.165536255E1,4.306095428E0
2.632753515E2,-1.541195068E0,-1.118638779E1,4.212090912E0
2.632955165E2,-1.711840210E0,-1.080183746E1,4.317322083E0
2.633156825E2,-1.707199860E0,-1.055320450E1,3.522924042E0
2.633358485E2,-1.760638733E0,-1.039543259E1,1.673220520E0
2.633560145E2,-1.739233246E0,-9.734257507E0,6.637197876E-1
2.633761795E2,-1.719324646E0,-9.456435242E0,1.774260406E0
2.633963455E2,-1.597178650E0,-9.591753845E0,2.923869781E0
2.634165115E2,-2.247276764E0,-9.845775604E0,3.398383026E0
2.634366765E2,-2.808908844E0,-1.017733612E1,2.445464630E0
2.634568425E2,-2.641257477E0,-1.082668579E1,1.219214630E0
2.634770085E2,-1.754501495E0,-1.084494781E1,1.024469604E0
2.634971745E2,-1.834734650E0,-1.105810455E1,1.711391144E0
2.635173395E2,-2.703827362E0,-1.131287476E1,1.851350098E0
2.635375055E2,-2.732717285E0,-1.102262833E1,1.773362274E0
2.635576715E2,-3.600313110E0,-1.133502869E1,2.062860260E0
2.635778375E2,-4.405039673E0,-1.122770187E1,1.719923401E0
2.635980025E2,-4.286486206E0,-1.063044388E1,9.291178894E-1
2.636181685E2,-3.315605164E0,-9.485474854E0,7.795788574E-1
2.636383345E2,-3.301235046E0,-9.144184570E0,1.851200409E0
2.636584995E2,-4.373754730E0,-9.567055206E0,3.719165955E0
2.636786655E2,-4.905898132E0,-9.747579803E0,3.889661407E0
2.636988315E2,-4.014052734E0,-1.011117371E1,3.032244415E0
2.637189975E2,-2.812651062E0,-1.041803558E1,3.279380493E0
2.637391625E2,-2.540816345E0,-1.011551468E1,4.434079285E0
2.637593285E2,-4.915029144E0,-9.777218170E0,6.712491302E0
2.637794945E2,-5.546116791E0,-9.131161652E0,5.906567230E0
2.637996605E2,-4.139342194E0,-7.857759705E0,5.414690094E0
2.638198255E2,-2.313588867E0,-7.222331085E0,4.708159332E0
2.638399915E2,-7.062313843E-1,-7.195836182E0,4.156855774E0
2.638601575E2,-7.619155884E-1,-6.536008301E0,7.719147949E0
2.638803235E2,-2.048939209E0,-6.781048737E0,8.272397461E0
2.639004885E2,-2.553689575E0,-6.338568878E0,6.866520996E0
2.639206545E2,-2.561623077E0,-6.560407562E0,4.975204010E0
2.639408205E2,-2.520907745E0,-7.048692169E0,5.245691528E0
2.639609865E2,-3.343746643E0,-7.771988068E0,7.607330475E0
2.639811515E2,-2.940036163E0,-8.440348206E0,8.808582458E0
2.640013175E2,-1.905238037E0,-8.779991913E0,9.021140442E0
2.640214835E2,-1.696122894E0,-8.945996704E0,9.385333099E0
2.640416485E2,-2.543061676E0,-8.994495850E0,9.395960999E0
2.640618145E2,-2.618953857E0,-9.300758972E0,9.613009644E0
2.640819805E2,-2.571203156E0,-9.338181152E0,1.063194077E1
2.641021465E2,-3.485501862E0,-1.035127441E1,1.108549759E1
2.641223115E2,-3.838467865E0,-1.104148911E1,9.938881989E0
2.641424775E2,-3.368894348E0,-1.083746338E1,9.363029480E0
2.641626435E2,-2.490371246E0,-9.902807007E0,1.018317398E1
2.641828095E2,-2.049837341E0,-9.075776825E0,1.006686584E1
2.642029745E2,-2.011816406E0,-8.644822998E0,8.649762726E0
2.642231405E2,-2.512375488E0,-8.654253387E0,7.228618011E0
2.642433065E2,-3.063529358E0,-9.158105621E0,6.118077393E0
2.642634725E2,-2.859803009E0,-9.716145172E0,5.400769043E0
2.642836375E2,-2.180964661E0,-1.013692017E1,5.750591583E0
2.643038035E2,-1.266665955E0,-1.060290115E1,6.198460236E0
2.643239695E2,-5.975573730E-1,-1.131167725E1,6.677015076E0
2.643441355E2,-1.772314453E-1,-1.171853119E1,6.876250763E0
2.643643005E2,-1.841171265E-1,-1.161554535E1,6.704557800E0
2.643844665E2,-6.559359741E-1,-1.136885834E1,5.974376221E0
2.644046325E2,-5.942642212E-1,-1.075992462E1,5.199737091E0
2.644247985E2,-7.548802185E-1,-1.053419403E1,4.691543884E0
2.644449635E2,-1.380878448E0,-1.063343765E1,4.192032623E0
2.644651295E2,-1.319955139E0,-1.076875626E1,3.251538391E0
2.644852955E2,-9.136999512E-1,-1.050201096E1,2.055974579E0
2.645054615E2,-1.306632843E0,-9.835896149E0,2.598147125E0
2.645256265E2,-1.986668701E0,-9.594448242E0,3.910019073E0
2.645457925E2,-2.198627930E0,-9.393416290E0,4.057761841E0
2.645659585E2,-1.883233795E0,-9.202114105E0,3.414699097E0
2.645861245E2,-1.281335449E0,-9.037306824E0,2.126477966E0
2.646062895E2,-8.972341919E-1,-9.276359711E0,1.623224487E0
2.646264555E2,-1.326840820E0,-9.929152222E0,2.155367889E0
2.646466215E2,-2.142494659E0,-1.050545380E1,2.447560272E0
2.646667875E2,-2.127376099E0,-1.023032593E1,2.371368713E0
2.646869525E2,-2.225871277E0,-1.012000534E1,1.353186035E0
2.647071185E2,-3.045716400E0,-1.063238983E1,1.042432251E0
2.647272845E2,-4.155059509E0,-1.149669250E1,1.580114136E0
2.647474505E2,-4.097429352E0,-1.144415176E1,2.273472290E0
2.647676155E2,-3.530109100E0,-1.113863708E1,2.711910553E0
2.647877815E2,-3.933071136E0,-1.062879730E1,4.597239990E0
2.648079475E2,-5.661377106E0,-1.076770844E1,5.347180481E0
2.648281135E2,-6.071673889E0,-1.078103073E1,4.257895660E0
2.648482785E2,-5.685177612E0,-1.112516510E1,3.773652649E0
2.648684445E2,-5.149291992E0,-1.137514526E1,5.419629822E0
2.648886105E2,-5.590274963E0,-1.160716278E1,6.296955414E0
2.649087765E2,-5.533842316E0,-1.066262695E1,6.031557312E0
2.649289415E2,-4.426744537E0,-9.596843262E0,5.801635437E0
2.649491075E2,-2.200573883E0,-8.992549896E0,5.485043793E0
2.649692737E2,-6.933581543E-1,-8.025411072E0,7.998167725E0
2.649894397E2,-2.567161560E-1,-7.322173462E0,7.651788025E0
2.650096057E2,-1.686991882E0,-6.354884949E0,7.458689575E0
2.650297707E2,-4.893174591E0,-5.718258820E0,7.159162445E0
2.650499367E2,-6.340814209E0,-4.432283020E0,5.688470764E0
2.650701027E2,-5.529950409E0,-4.347259827E0,3.038531342E0
2.650902687E2,-4.046535187E0,-4.271966400E0,3.816164246E0
2.651104337E2,-3.118016052E0,-4.858147430E0,6.463558960E0
2.651305997E2,-3.970792694E0,-5.999374237E0,7.776478729E0
2.651507657E2,-3.924688568E0,-6.478827209E0,7.411986694E0
2.651709307E2,-2.759212189E0,-7.154971161E0,5.985902252E0
2.651910967E2,-1.858086090E0,-7.266638947E0,5.399272156E0
2.652112627E2,-1.682501221E0,-7.281757507E0,5.527705078E0
2.652314287E2,-1.744023285E0,-7.250472565E0,6.138734436E0
2.652515937E2,-2.113904114E0,-7.095993805E0,6.128555603E0
2.652717597E2,-2.678529968E0,-7.407645721E0,5.819298706E0
2.652919257E2,-2.735711060E0,-7.645501099E0,5.499713287E0
2.653120917E2,-2.681523743E0,-8.078101501E0,5.645360413E0
2.653322567E2,-3.034489746E0,-8.755742340E0,6.038293304E0
2.653524227E2,-3.461701355E0,-9.641450500E0,6.468498688E0
2.653725887E2,-3.958667908E0,-1.025053391E1,7.107669525E0
2.653927547E2,-4.407584381E0,-1.185983734E1,7.160659332E0
2.654129197E2,-4.340374146E0,-1.377420639E1,7.658673706E0
2.654330857E2,-3.310066681E0,-1.372900040E1,8.514294434E0
2.654532517E2,-1.640139313E0,-1.252131180E1,9.284891968E0
2.654734177E2,-3.776646423E-1,-1.097038696E1,1.036983582E1
2.654935827E2,-1.938468933E-1,-1.044602737E1,9.832752686E0
2.655137487E2,-9.473799133E-1,-1.062071411E1,7.221732330E0
2.655339147E2,-1.809886322E0,-1.150447632E1,4.921316071E0
2.655540797E2,-1.747166748E0,-1.220187607E1,4.087549896E0
2.655742457E2,-1.165027313E0,-1.233345245E1,4.910089417E0
2.655944117E2,-4.610412598E-1,-1.248134491E1,5.753435669E0
2.656145777E2,3.570075989E-1,-1.222477844E1,5.602699127E0
2.656347427E2,7.433541870E-1,-1.182930084E1,4.946164398E0
2.656549087E2,1.009351044E0,-1.131946106E1,4.301754456E0
2.656750747E2,1.418899384E0,-1.050275940E1,4.084855499E0
2.656952407E2,1.635648651E0,-9.778415680E0,4.492906952E0
2.657154057E2,1.727108459E0,-8.898395691E0,4.911436615E0
2.657355717E2,1.636846161E0,-8.245004425E0,4.713099060E0
2.657557377E2,1.690285034E0,-7.739056549E0,4.233346710E0
2.657759037E2,1.949396210E0,-7.322023773E0,3.900888062E0
2.657960687E2,1.969005432E0,-7.044500885E0,4.090843048E0
2.658162347E2,1.831441498E0,-6.725514221E0,4.128714294E0
2.658364007E2,1.657353516E0,-6.325096893E0,3.838467865E0
2.658565657E2,1.433868256E0,-6.102958832E0,3.344944153E0
2.658767317E2,9.102571106E-1,-6.158343658E0,3.393742676E0
2.658968977E2,-8.681945801E-3,-6.288123779E0,3.327580261E0
2.659170637E2,-5.104385376E-1,-6.677164764E0,2.958148499E0
2.659372287E2,-4.417314148E-1,-6.798861694E0,2.552042999E0
2.659573942E2,-9.415420532E-1,-7.508835297E0,2.646346893E0
2.659775603E2,-1.663041687E0,-7.643854523E0,3.134631500E0
2.659977252E2,-2.382894745E0,-7.449708252E0,2.871329041E0
2.660178912E2,-2.918930054E0,-7.903115387E0,2.243983612E0
2.660380572E2,-2.932402039E0,-8.743916931E0,2.625240784E0
2.660582233E2,-3.104993134E0,-9.325906677E0,3.868854675E0
2.660783882E2,-5.166655884E0,-1.036983582E1,5.379662933E0
2.660985542E2,-7.383396149E0,-1.122036713E1,5.832770691E0
2.661187203E2,-8.647068329E0,-1.261741196E1,4.762646027E0
2.661388863E2,-7.091652832E0,-1.337902817E1,4.059408417E0
2.661590512E2,-3.696113892E0,-1.206251587E1,6.445596313E0
2.661792172E2,-2.609074402E0,-9.984237671E0,9.303902435E0
2.661993833E2,-2.680176544E0,-7.566914520E0,9.724378052E0
2.662195482E2,-2.485581207E0,-6.007457428E0,8.357720032E0
2.662397142E2,-2.196831665E0,-5.070855103E0,7.419022064E0
2.662598802E2,-2.466570740E0,-5.134472809E0,7.376809845E0
2.662800463E2,-2.955304413E0,-5.898633728E0,7.412585449E0
2.663002112E2,-3.201991425E0,-6.782246246E0,7.198680267E0
2.663203772E2,-3.783232727E0,-7.593858490E0,6.752158813E0
2.663405433E2,-3.972738647E0,-7.868088226E0,5.887856140E0
2.663607093E2,-3.768712921E0,-8.042176208E0,6.046526184E0
2.663808742E2,-2.767295380E0,-7.594906311E0,6.166277161E0
2.664010402E2,-1.789528656E0,-6.927444305E0,5.749094696E0
2.664212063E2,-1.938019867E0,-6.277196503E0,5.294340363E0
2.664413712E2,-2.526745605E0,-5.707780609E0,4.762646027E0
2.664615372E2,-2.367776184E0,-5.213508453E0,4.495601349E0
2.664817032E2,-2.397564240E0,-5.278772736E0,4.654870148E0
2.665018693E2,-2.334994354E0,-5.300327911E0,5.536836090E0
2.665220342E2,-2.645598450E0,-5.899232483E0,6.337820435E0
2.665422002E2,-2.694546661E0,-6.704557800E0,6.970704346E0
2.665623663E2,-2.723436584E0,-7.631130981E0,7.544012146E0
2.665825323E2,-2.173031158E0,-7.931406555E0,7.738607483E0
2.666026972E2,-2.314187622E0,-8.043373718E0,7.634124756E0
2.666228632E2,-2.349214783E0,-7.704927521E0,7.210056610E0
2.666430293E2,-2.467917938E0,-7.746391296E0,6.611152039E0
2.666631942E2,-2.001188507E0,-7.558981018E0,6.113886108E0
2.666833602E2,-1.613494720E0,-7.862849121E0,5.559738464E0
2.667035262E2,-1.512754211E0,-8.619675293E0,5.163063354E0
2.667236923E2,-1.365759888E0,-8.907227325E0,5.169499969E0
2.667438572E2,-1.340911560E0,-8.993747406E0,5.167104950E0
2.667640232E2,-1.755100250E0,-9.479038239E0,5.200186157E0
2.667841893E2,-1.626068573E0,-9.649234314E0,4.954996033E0
2.668043542E2,-1.843715973E0,-1.074585388E1,4.442611542E0
2.668245202E2,-6.515950012E-1,-1.064331711E1,5.025349731E0
2.668446862E2,7.517367554E-1,-9.808802490E0,5.966891785E0
2.668648523E2,7.991880798E-1,-8.625064087E0,7.208110657E0
2.668850172E2,-1.353186035E-1,-7.514673157E0,6.861730957E0
2.669051832E2,-6.188131714E-1,-6.532565460E0,4.940625916E0
2.669253492E2,-9.825567627E-1,-6.263724518E0,3.990401917E0
2.669455142E2,-1.158740387E0,-6.676116943E0,4.297563171E0
2.669656802E2,-9.135502625E-1,-7.651638336E0,5.079087982E0
2.669858462E2,-9.774673462E-2,-8.147557068E0,5.300926666E0
2.670060122E2,3.019221497E-1,-8.688681793E0,5.160069580E0
2.670261772E2,-6.271957397E-2,-9.228908386E0,4.949307861E0
2.670463432E2,-4.575984192E-1,-9.616751862E0,4.319866791E0
2.670665092E2,-6.852749634E-1,-9.979297943E0,3.946094055E0
2.670866742E2,-4.613406372E-1,-1.001028351E1,4.106560364E0
2.671068402E2,-3.318598938E-1,-9.739795990E0,4.775968323E0
2.671270062E2,-5.038522339E-1,-9.377848663E0,5.414241028E0
2.671471722E2,-4.123924255E-1,-8.815019073E0,5.577850800E0
2.671673372E2,-2.573149109E-1,-8.312514038E0,5.658682709E0
2.671875032E2,-2.197430420E-1,-8.011190643E0,5.727689209E0
2.672076692E2,-5.246589661E-1,-8.133935394E0,5.440286865E0
2.672278352E2,-9.181906128E-1,-8.640931091E0,4.884043579E0
2.672480002E2,-1.087039490E0,-9.240434418E0,3.988755341E0
2.672681662E2,-7.704478455E-1,-9.468410339E0,3.722010040E0
2.672883322E2,-3.519181824E-1,-9.651928711E0,4.210294647E0
2.673084972E2,-4.598437500E-1,-9.721384277E0,4.282444611E0
2.673286632E2,-6.668632507E-1,-9.819729767E0,3.446582794E0
2.673488292E2,-5.444178772E-1,-9.674082642E0,2.680026855E0
2.673689952E2,-2.748284912E-1,-9.508377228E0,2.709814911E0
2.673891602E2,-4.680766296E-1,-9.598040771E0,3.583997040E0
2.674093262E2,-1.194965057E0,-9.340276794E0,4.824467468E0
2.674294922E2,-1.966161346E0,-9.081614685E0,5.239554291E0
2.674496572E2,-8.196954346E-1,-8.572223969E0,5.400918732E0
2.674698232E2,4.799020386E-1,-7.906558228E0,6.915768585E0
2.674899892E2,6.167175293E-1,-7.521858215E0,8.211923218E0
2.675101552E2,1.601669312E-2,-7.469317474E0,8.291557617E0
2.675303202E2,-1.403182068E0,-7.816445618E0,7.533983002E0
2.675504862E2,-2.634371796E0,-7.973918152E0,5.944588165E0
2.675706522E2,-3.397335205E0,-7.402256927E0,6.452781372E0
2.675908172E2,-3.333717499E0,-6.782545624E0,5.757776642E0
2.676109832E2,-2.212249603E0,-6.605314178E0,5.187761993E0
2.676311492E2,-1.038540344E0,-6.416257324E0,6.368656311E0
2.676513152E2,-5.980064392E-1,-5.978866882E0,6.785090332E0
2.676714802E2,-6.007008362E-1,-6.001320190E0,6.476581879E0
2.676916462E2,-7.140151978E-1,-6.101761322E0,6.984475708E0
2.677118122E2,-7.098239136E-1,-6.537205811E0,7.707172852E0
2.677319772E2,-5.179229736E-1,-6.912325745E0,8.076604614E0
2.677521432E2,-2.375559998E-1,-7.709717560E0,8.657097473E0
2.677723092E2,1.151106262E-1,-8.490493927E0,9.597741394E0
2.677924752E2,4.394860840E-1,-8.986412659E0,1.042671753E1
2.678126402E2,6.294410706E-1,-9.184750214E0,1.031355286E1
2.678328062E2,5.535488892E-1,-9.275760956E0,9.350904694E0
2.678529722E2,-1.035845947E-1,-9.511969757E0,8.409811707E0
2.678731372E2,-5.161267090E-1,-9.645342407E0,7.653284912E0
2.678933032E2,-7.110214233E-1,-9.746082916E0,6.888076172E0
2.679134692E2,-8.785231018E-1,-9.678273926E0,6.264023895E0
2.679336352E2,-7.500901794E-1,-9.433832245E0,5.872438202E0
2.679538002E2,-3.613485718E-1,-9.190887451E0,5.666765900E0
2.679739666E2,1.853146362E-1,-8.541088715E0,5.489684143E0
2.679941326E2,-2.362088013E-1,-8.667425995E0,5.068909149E0
2.680142976E2,-1.130449219E0,-9.453291779E0,4.195026398E0
2.680344636E2,-1.983225861E0,-1.055395294E1,3.027753754E0
2.680546296E2,-9.541159058E-1,-9.638007660E0,2.190245361E0
2.680747956E2,3.314108276E-1,-8.646170197E0,3.264261932E0
2.680949606E2,4.632865906E-1,-7.675738220E0,5.487438812E0
2.681151266E2,-4.968168640E-1,-7.148235168E0,6.728058929E0
2.681352926E2,-2.039209442E0,-7.767796783E0,6.559659119E0
2.681554576E2,-3.026406555E0,-8.613238678E0,6.130351868E0
2.681756236E2,-3.588787079E0,-9.438771973E0,5.832321625E0
2.681957896E2,-3.545377350E0,-1.000968475E1,5.155129852E0
2.682159556E2,-2.635269928E0,-9.695188751E0,4.450095978E0
2.682361206E2,-2.344275055E0,-8.796906738E0,3.457360382E0
2.682562866E2,-2.716101837E0,-7.589517517E0,2.407443695E0
2.682764526E2,-3.289858704E0,-6.850055237E0,9.195378113E-1
2.682966176E2,-3.188519440E0,-5.978417816E0,-5.650749207E-1
2.683167836E2,-2.423909454E0,-6.131699066E0,-5.779481506E-1
2.683369496E2,-1.580263824E0,-6.865473175E0,1.390757904E0
2.683571156E2,-1.381028137E0,-7.715854797E0,3.401077423E0
2.683772806E2,-1.196611633E0,-7.808661804E0,4.505181427E0
2.683974466E2,-1.299148407E0,-7.643106079E0,4.418361969E0
2.684176126E2,-1.830992432E0,-7.158414001E0,3.603157196E0
2.684377776E2,-2.314187622E0,-6.600524139E0,2.917882233E0
2.684579436E2,-2.541714478E0,-6.609056396E0,2.774929504E0
2.684781096E2,-2.322570190E0,-6.805747375E0,3.839365997E0
2.684982756E2,-2.993475037E0,-7.436685333E0,5.102289734E0
2.685184406E2,-3.921245728E0,-7.893834686E0,5.836512909E0
2.685386066E2,-4.749623108E0,-8.673413544E0,6.585405579E0
2.685587726E2,-4.290078735E0,-9.410181427E0,7.973169708E0
2.685789376E2,-3.646417236E0,-1.050635193E1,1.000339783E1
2.685991036E2,-2.653831329E0,-1.101843704E1,1.208931015E1
2.686192696E2,-1.293609924E0,-1.120929016E1,1.431742676E1
2.686394346E2,-3.926335144E-1,-1.163695084E1,1.505000336E1
2.686596006E2,-4.334985352E-1,-1.294777496E1,1.359712463E1
2.686797666E2,-5.941145325E-1,-1.334445007E1,1.154025192E1
2.686999326E2,-3.083587646E-2,-1.279569122E1,1.021805145E1
2.687200976E2,1.489402771E-1,-1.145073807E1,1.016102005E1
2.687402636E2,-7.604187012E-2,-1.038330780E1,9.535321198E0
2.687604296E2,7.140151978E-2,-1.052132080E1,7.202422485E0
2.687805946E2,2.975811768E-1,-1.121108643E1,5.968837738E0
2.688007606E2,-1.017883301E-2,-1.219409225E1,5.889203339E0
2.688209266E2,-9.264234924E-1,-1.280093033E1,5.386698303E0
2.688410926E2,-1.507664795E0,-1.300869827E1,4.575086060E0
2.688612576E2,-1.354982300E0,-1.247161514E1,4.366569672E0
2.688814236E2,-9.041198730E-1,-1.153052216E1,4.628524933E0
2.689015896E2,-6.179150391E-1,-1.095077774E1,4.694238281E0
2.689217546E2,-7.464976501E-1,-1.060290115E1,4.567302246E0
2.689419206E2,-1.217717743E0,-1.013108231E1,4.233197021E0
2.689620860E2,-1.712139587E0,-9.893675995E0,3.577859802E0
2.689822520E2,-1.744023285E0,-9.720037079E0,1.892514496E0
2.690024170E2,-1.629062347E0,-9.833201752E0,-2.168989563E-1
2.690225830E2,-1.370849304E0,-9.475296021E0,6.466552734E-2
2.690427490E2,-1.987117767E0,-9.580676880E0,1.810185699E0
2.690629140E2,-2.638413391E0,-9.953252106E0,2.882106628E0
2.690830800E2,-2.814896393E0,-1.024005569E1,2.934497681E0
2.691032460E2,-2.741848297E0,-1.055485107E1,1.537003784E0
2.691234110E2,-2.522704010E0,-1.111753098E1,6.397695923E-1
2.691435770E2,-1.980681152E0,-1.116842514E1,6.122268677E-1
2.691637430E2,-2.196831665E0,-1.139894577E1,1.421294403E0
2.691839090E2,-2.545007629E0,-1.126542343E1,2.632425842E0
2.692040740E2,-3.665128326E0,-1.108864105E1,3.263812866E0
2.692242400E2,-4.068090363E0,-1.079046112E1,1.739233246E0
2.692444060E2,-3.077600098E0,-9.712852020E0,7.668553162E-1
2.692645710E2,-2.577789459E0,-8.738827515E0,1.742676086E0
2.692847370E2,-3.528911591E0,-8.832233276E0,3.641627197E0
2.693049030E2,-3.632496185E0,-8.706195374E0,4.518204346E0
2.693250690E2,-2.983894958E0,-8.913663940E0,4.064647522E0
2.693452340E2,-3.282673645E0,-9.103918304E0,4.750670929E0
2.693654000E2,-5.024601288E0,-9.441017303E0,4.923262024E0
2.693855660E2,-5.712121582E0,-9.129515076E0,4.655169525E0
2.694057310E2,-4.458478546E0,-8.040379944E0,4.149221649E0
2.694258970E2,-2.622696075E0,-7.043602753E0,4.378544769E0
2.694460630E2,-2.103276215E0,-6.357429657E0,6.067781982E0
2.694662290E2,-3.660637665E0,-6.137087860E0,7.132368164E0
2.694863940E2,-4.304897919E0,-5.928122406E0,6.069578247E0
2.695065600E2,-3.204386444E0,-6.034102020E0,4.839586029E0
2.695267260E2,-2.442620544E0,-6.161936188E0,5.567821655E0
2.695468910E2,-3.284320221E0,-6.797364807E0,6.764582977E0
2.695670570E2,-3.780388641E0,-7.902666321E0,7.182214508E0
2.695872230E2,-3.666774902E0,-8.788524170E0,7.927065582E0
2.696073890E2,-3.822002106E0,-8.784332886E0,8.800050201E0
2.696275540E2,-4.242777100E0,-8.482410736E0,9.629325714E0
2.696477200E2,-4.066443787E0,-7.844587097E0,1.046384033E1
2.696678860E2,-4.071982269E0,-7.782615967E0,1.171463928E1
2.696880510E2,-3.862567749E0,-7.987539825E0,1.222732315E1
2.697082170E2,-4.189637604E0,-8.899742889E0,1.122186401E1
2.697283830E2,-4.453838196E0,-9.810000000E0,9.432634735E0
2.697485480E2,-4.688999176E0,-1.137664215E1,8.869505768E0
2.697687140E2,-4.469106445E0,-1.279703842E1,9.372160492E0
2.697888800E2,-3.630550232E0,-1.325897781E1,1.032178574E1
2.698090460E2,-2.921175385E0,-1.217687805E1,1.072549622E1
2.698292110E2,-2.928360443E0,-1.166374512E1,1.041444305E1
2.698493770E2,-3.347189484E0,-1.181687668E1,9.295968933E0
2.698695430E2,-3.912713470E0,-1.259346176E1,7.746391296E0
2.698897080E2,-3.568429413E0,-1.310884003E1,6.459966431E0
2.699098740E2,-3.381617889E0,-1.345746506E1,5.651797028E0
2.699300400E2,-3.249442749E0,-1.325224182E1,5.110223236E0
2.699502060E2,-2.976111145E0,-1.234108658E1,4.483775940E0
2.699703714E2,-2.544259186E0,-1.114567245E1,4.211492157E0
2.699905374E2,-1.815574493E0,-9.829160156E0,3.996988220E0
2.700107034E2,-1.654060364E0,-8.942104797E0,3.734883270E0
2.700308684E2,-1.998494110E0,-8.248746643E0,2.543810120E0
2.700510344E2,-2.071392517E0,-7.528893585E0,7.300318909E-1
2.700712004E2,-1.939367065E0,-6.987619171E0,3.206332397E-1
2.700913654E2,-1.329834595E0,-6.683751068E0,9.252259827E-1
2.701115314E2,-1.266366577E0,-6.724616089E0,1.848056946E0
2.701316974E2,-1.688189392E0,-6.835984497E0,2.151475983E0
2.701518634E2,-1.301094360E0,-6.641239471E0,1.369801483E0
2.701720284E2,-7.223977661E-1,-6.736890564E0,5.198689270E-1
2.701921944E2,-7.716453552E-1,-6.948849792E0,3.206332397E-1
2.702123604E2,-1.247655487E0,-7.554190979E0,4.442761230E-1
2.702325254E2,-2.065554657E0,-8.600664825E0,1.258133698E0
2.702526914E2,-2.432441711E0,-9.846374359E0,2.148781586E0
2.702728574E2,-2.619702301E0,-1.105855362E1,2.146236877E0
2.702930234E2,-2.571352844E0,-1.224633362E1,2.772384796E0
2.703131884E2,-3.820654907E0,-1.282353333E1,4.412673798E0
2.703333544E2,-6.120322723E0,-1.440080338E1,4.794679413E0
2.703535204E2,-6.544690247E0,-1.517424500E1,4.110901337E0
2.703736854E2,-4.498295746E0,-1.428254929E1,4.474046173E0
2.703938514E2,-3.923940125E0,-1.313234116E1,7.888445892E0
2.704140174E2,-4.988376617E0,-1.141705811E1,9.424102478E0
2.704341824E2,-5.158572693E0,-1.002300705E1,7.470964050E0
2.704543484E2,-4.055965576E0,-9.286388855E0,6.285878448E0
2.704745144E2,-2.767445068E0,-9.218430176E0,6.785838776E0
2.704946804E2,-1.701811066E0,-9.106013947E0,8.654403076E0
2.705148454E2,-3.187471619E0,-8.369695129E0,9.197922821E0
2.705350114E2,-4.169429626E0,-7.137607269E0,7.508835297E0
2.705551774E2,-3.800596619E0,-5.715714111E0,5.701044617E0
2.705753424E2,-2.741698608E0,-4.671934662E0,5.511089630E0
2.705955084E2,-3.098107452E0,-4.274511108E0,6.708150330E0
2.706156744E2,-4.085903320E0,-4.461771698E0,6.453529816E0
2.706358404E2,-3.823199615E0,-4.746180267E0,5.488636322E0
2.706560054E2,-2.984493713E0,-4.998106384E0,4.716990967E0
2.706761714E2,-3.057691498E0,-5.974525909E0,5.714067535E0
2.706963374E2,-3.755390625E0,-7.077582092E0,6.636150055E0
2.707165024E2,-3.846101990E0,-7.714657288E0,7.215146027E0
2.707366684E2,-3.453767853E0,-8.095764771E0,8.141120453E0
2.707568344E2,-3.446133728E0,-8.528215485E0,9.282047882E0
2.707769994E2,-3.242706757E0,-8.354277191E0,1.064735870E1
2.707971654E2,-2.816393280E0,-8.062234497E0,1.147992737E1
2.708173314E2,-2.771037598E0,-8.366252289E0,1.143187729E1
2.708374974E2,-3.289110260E0,-9.883796539E0,1.147304169E1
2.708576624E2,-4.438120880E0,-1.191492279E1,1.139235947E1
2.708778284E2,-4.712799683E0,-1.279135025E1,1.101304825E1
2.708979944E2,-4.370910645E0,-1.212029572E1,1.019619690E1
2.709181594E2,-3.895798645E0,-1.078162949E1,9.420210571E0
2.709383254E2,-3.502716064E0,-1.041938278E1,9.058412933E0
2.709584914E2,-2.880909119E0,-1.081785416E1,8.519533539E0
2.709786564E2,-2.470762024E0,-1.151435577E1,7.821385345E0
2.709988224E2,-2.708617401E0,-1.207823318E1,6.962770844E0
2.710189884E2,-2.935096436E0,-1.232447113E1,6.014193420E0
2.710391544E2,-2.983296204E0,-1.192599976E1,5.132377167E0
2.710593194E2,-2.697839813E0,-1.119836288E1,4.555476837E0
2.710794854E2,-2.361489258E0,-1.009096573E1,4.199517059E0
2.710996514E2,-2.829865265E0,-9.562863922E0,3.399879913E0
2.711198164E2,-3.221750336E0,-9.214687958E0,3.176843719E0
2.711399824E2,-2.653981018E0,-8.950337677E0,2.649340668E0
2.711601484E2,-1.996847534E0,-8.536148987E0,2.421963501E0
2.711803134E2,-1.857786713E0,-8.326435089E0,2.651885376E0
2.712004794E2,-2.432591400E0,-8.723409576E0,2.893183594E0
2.712206454E2,-2.854114838E0,-9.395661621E0,2.308948517E0
2.712408114E2,-2.668500824E0,-1.014724869E1,1.745370483E0
2.712609764E2,-2.205663300E0,-1.050635193E1,1.651964722E0
2.712811424E2,-2.741997986E0,-1.079405365E1,1.134191437E0
2.713013084E2,-3.193010101E0,-1.087743027E1,9.476792908E-1
2.713214734E2,-2.843936005E0,-1.090572144E1,9.339079285E-1
2.713416394E2,-1.859433289E0,-1.028915359E1,1.494492188E0
2.713618054E2,-2.310295715E0,-1.029124924E1,3.276686096E0
2.713819714E2,-3.098406830E0,-9.488468628E0,4.039649506E0
2.714021364E2,-3.951782227E0,-9.363179169E0,3.084186401E0
2.714223024E2,-4.354145508E0,-9.526788940E0,2.428549805E0
2.714424684E2,-4.735402679E0,-9.325008545E0,2.976560211E0
2.714626334E2,-4.952151947E0,-9.112899628E0,2.957699432E0
2.714827994E2,-4.931494904E0,-8.889264679E0,2.725532227E0
2.715029654E2,-4.610262909E0,-8.939111023E0,3.122057648E0
2.715231304E2,-4.033362579E0,-9.067993011E0,3.668271790E0
2.715432964E2,-4.009262695E0,-9.205856323E0,4.374952240E0
2.715634624E2,-4.075425110E0,-8.888067169E0,5.273383942E0
2.715836284E2,-3.361409912E0,-8.438551941E0,5.875282288E0
2.716037934E2,-2.872975616E0,-7.536078644E0,6.442452850E0
2.716239594E2,-2.540966034E0,-6.452781372E0,6.347999268E0
2.716441254E2,-2.412682800E0,-5.769602051E0,5.933660889E0
2.716642904E2,-2.630629578E0,-5.189408569E0,6.123166809E0
2.716844564E2,-3.017125854E0,-4.889432373E0,6.363716583E0
2.717046224E2,-3.334316254E0,-5.147046661E0,6.561305695E0
2.717247874E2,-3.533851318E0,-6.111191711E0,7.151678009E0
2.717449534E2,-3.694018250E0,-7.913892975E0,7.605833588E0
2.717651194E2,-2.966082001E0,-8.829538879E0,9.376501465E0
2.717852854E2,-3.214116211E0,-9.587861938E0,1.066966232E1
2.718054504E2,-3.177741852E0,-9.579479370E0,1.022673340E1
2.718256164E2,-2.660417633E0,-9.001680908E0,9.433832245E0
2.718457824E2,-3.343447266E0,-8.963061218E0,9.563163300E0
2.718659474E2,-4.499493256E0,-8.994944916E0,1.015937347E1
2.718861134E2,-5.092709656E0,-9.594897308E0,1.071890991E1
2.719062794E2,-5.039570160E0,-1.043495041E1,1.167407364E1
2.719264444E2,-4.547393646E0,-1.055799454E1,1.222807159E1
2.719466104E2,-4.174069977E0,-1.072729248E1,1.198392929E1
2.719667765E2,-4.362378387E0,-1.060664337E1,1.134146530E1
2.719869415E2,-4.760101318E0,-1.052521271E1,9.841883698E0
2.720071075E2,-4.861440582E0,-1.055440201E1,7.464976501E0
2.720272735E2,-4.850213928E0,-1.057296341E1,5.920937347E0
2.720474395E2,-4.886438599E0,-1.087817871E1,4.912185059E0
2.720676045E2,-4.177812195E0,-1.101619171E1,4.966222687E0
2.720877705E2,-3.201542358E0,-1.142289597E1,6.094576263E0
2.721079365E2,-1.822160797E0,-1.132215546E1,6.673572235E0
2.721281015E2,-5.307962036E-1,-1.048853897E1,6.061644745E0
2.721482675E2,-7.364685059E-1,-9.927505646E0,5.446573792E0
2.721684335E2,-1.314566345E0,-9.167236633E0,4.549339600E0
2.721885985E2,-1.475631409E0,-8.701555023E0,3.917952576E0
2.722087645E2,-1.130598907E0,-8.193960571E0,3.282523956E0
2.722289305E2,-8.011340332E-1,-7.883506165E0,2.696043549E0
2.722490965E2,-1.093625793E0,-8.296497345E0,3.204536133E0
2.722692615E2,-1.672472076E0,-8.798852692E0,3.519181824E0
2.722894275E2,-1.452729034E0,-8.918753357E0,2.503094788E0
2.723095935E2,-1.348246307E0,-9.130562897E0,1.395997009E0
2.723297585E2,-1.422192535E0,-9.065897369E0,1.261277161E0
2.723499245E2,-1.973945160E0,-9.243727570E0,1.700912933E0
2.723700905E2,-1.919608154E0,-9.458231506E0,1.664837952E0
2.723902555E2,-1.933529205E0,-1.009051666E1,1.887275391E0
2.724104215E2,-1.811532898E0,-1.019230499E1,2.298769684E0
2.724305875E2,-1.883533173E0,-1.003168900E1,2.919678497E0
2.724507535E2,-3.479963379E0,-1.102008362E1,3.489094391E0
2.724709185E2,-4.768483887E0,-1.177556259E1,3.609743500E0
2.724910845E2,-5.168901215E0,-1.180714691E1,3.666774902E0
2.725112505E2,-4.321962433E0,-1.057131683E1,4.548142090E0
2.725314155E2,-4.369264069E0,-9.910141754E0,6.760840759E0
2.725515815E2,-4.889282684E0,-9.188941498E0,7.517816620E0
2.725717475E2,-4.867577820E0,-8.668623505E0,6.294859772E0
2.725919125E2,-4.261787567E0,-8.484805756E0,5.773493958E0
2.726120785E2,-4.426295471E0,-8.503666534E0,6.638395386E0
2.726322445E2,-5.525609436E0,-8.541687469E0,7.031178589E0
2.726524095E2,-5.246739349E0,-7.433541870E0,6.463558960E0
2.726725755E2,-4.203109589E0,-6.504573669E0,5.605094147E0
2.726927415E2,-2.989134064E0,-5.595214691E0,5.585335236E0
2.727129075E2,-2.076032867E0,-4.969665527E0,6.078858948E0
2.727330725E2,-2.118544464E0,-4.281546478E0,6.435417480E0
2.727532385E2,-2.837649078E0,-3.898792419E0,5.625302124E0
2.727734045E2,-3.212619324E0,-3.749253387E0,4.053720245E0
2.727935695E2,-3.889062653E0,-4.161496124E0,4.731061707E0
2.728137355E2,-4.341272278E0,-4.851561127E0,5.263504486E0
2.728339015E2,-4.306993561E0,-5.922733612E0,5.184169464E0
2.728540665E2,-3.605701904E0,-7.704628143E0,5.784870300E0
2.728742325E2,-3.235521698E0,-9.039701843E0,7.269183655E0
2.728943985E2,-3.074606323E0,-9.400751038E0,8.391549683E0
2.729145645E2,-3.011437683E0,-9.578431549E0,9.036558380E0
2.729347295E2,-2.533780975E0,-9.470505981E0,1.017808456E1
2.729548955E2,-2.252964935E0,-1.007539810E1,1.174068512E1
2.729750615E2,-2.030377808E0,-1.057116714E1,1.311497726E1
2.729952265E2,-2.289339294E0,-1.047836014E1,1.361134506E1
2.730153925E2,-2.921624451E0,-1.001791763E1,1.281470169E1
2.730355585E2,-3.866459656E0,-9.823022919E0,1.141900406E1
2.730557235E2,-3.927981720E0,-9.556576996E0,9.705367584E0
2.730758895E2,-3.381617889E0,-9.476044464E0,8.128845978E0
2.730960555E2,-2.946622467E0,-9.775421906E0,7.727231140E0
2.731162205E2,-2.715503082E0,-1.036100418E1,7.796237640E0
2.731363865E2,-2.332000580E0,-1.078806610E1,7.375163269E0
2.731565525E2,-1.844314728E0,-1.083342178E1,6.515201569E0
2.731767185E2,-1.408870239E0,-1.035935760E1,5.592220917E0
2.731968835E2,-1.182091827E0,-9.953102417E0,5.753435669E0
2.732170495E2,-8.047265625E-1,-9.409732361E0,5.044958954E0
2.732372155E2,-9.894424438E-1,-8.838071136E0,4.280199280E0
2.732573805E2,-1.510658569E0,-8.576115875E0,4.210144958E0
2.732775465E2,-1.487905884E0,-8.197702789E0,3.734883270E0
2.732977125E2,-1.178199921E0,-7.914042664E0,3.145858154E0
2.733178775E2,-9.331594849E-1,-7.858957214E0,2.836002502E0
2.733380435E2,-8.729846191E-1,-7.748486938E0,3.097059631E0
2.733582095E2,-9.463320923E-1,-7.861950989E0,3.360960846E0
2.733783745E2,-8.030799866E-1,-7.990383911E0,3.195704498E0
2.733985405E2,-5.706134033E-1,-8.442593536E0,2.516267395E0
2.734187065E2,-5.313949585E-1,-9.241631927E0,2.669698334E0
2.734388715E2,-6.324348450E-1,-1.036010605E1,3.173700256E0
2.734590375E2,-1.265019379E0,-1.110360992E1,3.139870605E0
2.734792035E2,-1.460213470E0,-1.134909943E1,3.382216644E0
2.734993695E2,-1.394200745E0,-1.148127457E1,4.143383789E0
2.735195345E2,-2.010319519E0,-1.190923462E1,4.841382294E0
2.735397005E2,-2.893482971E0,-1.176927567E1,5.092410278E0
2.735598665E2,-4.240681458E0,-1.190055267E1,4.566254425E0
2.735800315E2,-4.997208252E0,-1.104238724E1,4.537364502E0
2.736001975E2,-5.910459137E0,-9.855954437E0,5.113366699E0
2.736203635E2,-6.266867981E0,-8.763675842E0,5.203329620E0
2.736405285E2,-6.302493896E0,-8.448431396E0,5.324727173E0
2.736606945E2,-4.940625916E0,-7.710016937E0,5.354964294E0
2.736808605E2,-4.314627686E0,-7.689958649E0,4.808001709E0
2.737010255E2,-4.056264954E0,-7.729027405E0,4.957540741E0
2.737211915E2,-3.903582458E0,-7.442672882E0,5.278473358E0
2.737413575E2,-4.048032074E0,-6.769373016E0,5.357059937E0
2.737615225E2,-4.145928497E0,-5.827980652E0,4.719236298E0
2.737816885E2,-3.741319885E0,-5.004542999E0,3.579207001E0
2.738018545E2,-3.373983765E0,-4.787494354E0,4.103566589E0
2.738220205E2,-2.318678284E0,-4.595144348E0,3.354823608E0
2.738421855E2,-2.074835358E0,-4.870272217E0,4.065695343E0
2.738623515E2,-2.491269379E0,-4.947661285E0,5.156327362E0
2.738825175E2,-2.854114838E0,-5.415737915E0,4.653972015E0
2.739026825E2,-2.988235931E0,-6.155649261E0,5.165308685E0
2.739228485E2,-2.970123596E0,-6.668782196E0,5.919590149E0
2.739430145E2,-3.098107452E0,-6.893614655E0,6.471043396E0
2.739631800E2,-3.678899689E0,-7.400760040E0,6.845863953E0
2.739833460E2,-3.672463074E0,-7.557933197E0,7.107370148E0
2.740035120E2,-3.355572052E0,-7.461683350E0,7.957452393E0
2.740236770E2,-3.669169922E0,-7.111561432E0,7.875872040E0
2.740438430E2,-3.759731598E0,-6.733447723E0,6.833140411E0
2.740640090E2,-3.977678375E0,-6.990163879E0,6.248007202E0
2.740841740E2,-3.490890656E0,-7.253765717E0,6.282285919E0
2.741043400E2,-3.035836945E0,-7.556436310E0,6.350693665E0
2.741245060E2,-3.218906250E0,-7.618108063E0,6.396049347E0
2.741446710E2,-3.654201050E0,-7.907306671E0,6.111341400E0
2.741648370E2,-4.281097412E0,-8.749904480E0,6.173462219E0
2.741850030E2,-5.214556274E0,-1.008707382E1,6.928641815E0
2.742051690E2,-5.160967712E0,-1.099583405E1,7.580087128E0
2.742253340E2,-4.681215363E0,-1.156465118E1,7.917635193E0
2.742455000E2,-4.453688507E0,-1.236174362E1,7.801476746E0
2.742656660E2,-4.293671265E0,-1.320823334E1,7.886799316E0
2.742858310E2,-3.359164581E0,-1.246008911E1,8.276439056E0
2.743059970E2,-1.976639557E0,-1.129057114E1,8.631800079E0
2.743261630E2,-1.534459076E0,-1.112935638E1,7.963439941E0
2.743463280E2,-2.307002563E0,-1.116004257E1,6.595734100E0
2.743664940E2,-3.034789124E0,-1.133727402E1,4.746030579E0
2.743866600E2,-2.999462585E0,-1.131991013E1,3.539539490E0
2.744068250E2,-3.315754852E0,-1.191192902E1,4.681514740E0
2.744269910E2,-2.887944489E0,-1.223570572E1,6.315965881E0
2.744471570E2,-1.684447174E0,-1.216505264E1,6.955436096E0
2.744673220E2,-7.283853149E-1,-1.180115936E1,6.962022400E0
2.744874880E2,-8.577163696E-2,-1.122545654E1,6.294410706E0
2.745076540E2,1.552272034E-1,-1.057011932E1,5.296136627E0
2.745278190E2,1.025367737E-1,-1.025712021E1,4.894821167E0
2.745479850E2,1.583706665E-1,-9.890233154E0,4.356690216E0
2.745681510E2,-3.248245239E-2,-9.338630219E0,3.636986847E0
2.745883160E2,2.270777893E-1,-8.494685211E0,2.648741913E0
2.746084820E2,5.245092773E-1,-7.657326508E0,1.970202942E0
2.746286480E2,6.054908752E-1,-6.913822632E0,1.832189941E0
2.746488130E2,5.599855042E-1,-6.321803741E0,1.745071106E0
2.746689790E2,2.770738220E-1,-5.925727386E0,1.191522217E0
2.746891450E2,-1.871109009E-2,-5.619913330E0,9.235794067E-1
2.747093110E2,-2.978805542E-1,-5.397625580E0,8.219407654E-1
2.747294760E2,-6.731501770E-1,-5.343737640E0,7.313790894E-1
2.747496420E2,-5.761518860E-1,-5.313650208E0,3.764671326E-1
2.747698080E2,-6.581813049E-1,-5.586832123E0,2.011816406E-1
2.747899730E2,-8.336164856E-1,-6.238127747E0,3.821553040E-1
2.748101390E2,-1.701212311E0,-7.065756683E0,1.291514282E0
2.748303050E2,-2.244732056E0,-7.670199738E0,2.173031158E0
2.748504700E2,-2.721790009E0,-8.436605988E0,2.655028839E0
2.748706360E2,-3.649261322E0,-9.624984741E0,2.919229431E0
2.748908020E2,-5.331313477E0,-1.107951004E1,2.909499664E0
2.749109670E2,-6.680457916E0,-1.183558777E1,3.106789398E0
2.749311330E2,-7.144642639E0,-1.253193970E1,4.191134491E0
2.749512990E2,-7.333250427E0,-1.227372665E1,5.723497925E0
2.749714634E2,-8.065827026E0,-1.224049576E1,6.219117279E0
2.749916294E2,-7.969277802E0,-1.211385910E1,6.556365967E0
2.750117954E2,-7.458839264E0,-1.220576797E1,7.264992371E0
2.750319604E2,-6.418203278E0,-1.164787811E1,8.158035278E0
2.750521264E2,-4.590803375E0,-1.065589096E1,9.104517059E0
2.750722924E2,-2.512375488E0,-8.675060120E0,1.052775742E1
2.750924574E2,-2.098785553E0,-6.734495544E0,1.114746872E1
2.751126234E2,-3.075654144E0,-5.604196014E0,9.610464935E0
2.751327894E2,-3.733985138E0,-4.663851471E0,6.715335388E0
2.751529544E2,-4.290827179E0,-4.733007660E0,4.632416840E0
2.751731204E2,-4.327800293E0,-4.930746460E0,3.811374207E0
2.751932864E2,-4.233646088E0,-5.077740784E0,4.284240875E0
2.752134514E2,-4.327500916E0,-5.648204498E0,6.049220581E0
2.752336174E2,-4.002227325E0,-6.803352356E0,7.506290588E0
2.752537834E2,-2.928360443E0,-8.087531891E0,8.859776001E0
2.752739484E2,-2.055824890E0,-8.707841949E0,1.048913773E1
2.752941144E2,-1.541195068E0,-8.810827789E0,1.104508163E1
2.753142804E2,-1.479673004E0,-8.795709229E0,9.256151733E0
2.753344454E2,-1.539398804E0,-8.898844757E0,7.047794037E0
2.753546114E2,-1.274449768E0,-9.122180328E0,6.186036072E0
2.753747774E2,-8.461903381E-1,-9.409582672E0,6.117628326E0
2.753949434E2,-6.994953918E-1,-9.369765472E0,5.892197113E0
2.754151084E2,-7.963439941E-1,-9.376800842E0,5.049599304E0
2.754352744E2,-4.983137512E-1,-8.753796387E0,4.175716553E0
2.754554404E2,-2.920426941E-1,-8.386310577E0,3.404220886E0
2.754756054E2,-2.023791504E-1,-7.917186127E0,2.953657837E0
2.754957714E2,-1.893562317E-1,-7.305558014E0,2.410287781E0
2.755159374E2,-3.945794678E-1,-7.196884003E0,2.245031433E0
2.755361024E2,-5.270539856E-1,-7.471413116E0,1.913919983E0
2.755562684E2,-4.441264343E-1,-7.661817169E0,1.686542816E0
2.755764344E2,-4.550537109E-1,-7.730823669E0,2.549647980E0
2.755965994E2,-4.849914551E-1,-7.998467102E0,4.628524933E0
2.756167654E2,-3.126997375E-1,-8.154143372E0,6.563850403E0
2.756369314E2,-5.119354248E-1,-8.246201935E0,6.768025818E0
2.756570964E2,-9.524693298E-1,-9.059311066E0,6.260131989E0
2.756772624E2,-1.656006317E0,-1.065199905E1,6.396797791E0
2.756974284E2,-2.098336487E0,-1.211520630E1,7.130721588E0
2.757175934E2,-1.741927643E0,-1.328262863E1,9.264234924E0
2.757377594E2,-3.978726196E-1,-1.190803711E1,1.327140198E1
2.757579254E2,-6.926097107E-1,-1.174801987E1,1.430200882E1
2.757780904E2,-9.940827942E-1,-1.173185349E1,1.156674683E1
2.757982564E2,-1.203647003E0,-1.147813110E1,8.247399445E0
2.758184224E2,-2.381397858E0,-1.278700928E1,6.692133636E0
2.758385874E2,-2.147284698E0,-1.268971161E1,7.238647156E0
2.758587534E2,-1.363364868E0,-1.197000824E1,7.372618561E0
2.758789194E2,-1.252744904E0,-1.162692169E1,7.100185089E0
2.758990844E2,-1.666035461E0,-1.152423523E1,4.469854889E0
2.759192504E2,-2.050136719E0,-1.052955368E1,4.481380920E0
2.759394164E2,-3.019969940E0,-1.052955368E1,4.767735443E0
2.759595814E2,-3.980971527E0,-1.070468948E1,4.367467804E0
2.759797476E2,-3.308719482E0,-1.042896286E1,3.333268433E0
2.759999136E2,-2.286944275E0,-9.999954987E0,2.269430695E0
2.760200786E2,-2.148781586E0,-9.545500031E0,1.949695587E0
2.760402446E2,-2.535577240E0,-9.172924805E0,2.062111816E0
2.760604106E2,-2.703378296E0,-8.756041718E0,1.814376984E0
2.760805756E2,-2.324366455E0,-8.512049103E0,1.439107361E0
2.761007416E2,-2.234403534E0,-8.765322418E0,1.134790192E0
2.761209076E2,-2.209555206E0,-8.590935059E0,1.158291321E0
2.761410726E2,-3.159030762E0,-9.391919403E0,1.405577087E0
2.761612386E2,-3.976331177E0,-1.074944641E1,1.465751953E0
2.761814046E2,-4.142785034E0,-1.184501816E1,1.341210938E0
2.762015696E2,-3.703897705E0,-1.180639847E1,1.867366791E0
2.762217356E2,-4.421804810E0,-1.182406174E1,2.436782684E0
2.762419016E2,-4.913382568E0,-1.118848343E1,2.406395874E0
2.762620666E2,-5.102888489E0,-1.053569092E1,2.568957825E0
2.762822326E2,-5.143903198E0,-9.831405487E0,2.875969391E0
2.763023986E2,-5.291795654E0,-9.730515289E0,3.205434265E0
2.763225636E2,-5.893394623E0,-1.004381378E1,4.061054993E0
2.763427296E2,-6.380481720E0,-1.036983582E1,4.750970306E0
2.763628956E2,-6.329587555E0,-1.068987030E1,5.402116241E0
2.763830606E2,-6.415059814E0,-1.085377945E1,5.543272705E0
2.764032266E2,-6.378835144E0,-1.069840256E1,5.237608337E0
2.764233926E2,-5.537135468E0,-9.818232880E0,5.284909973E0
2.764435576E2,-5.171146545E0,-9.239386597E0,4.559518433E0
2.764637236E2,-4.870122528E0,-7.392227783E0,6.787934418E0
2.764838896E2,-4.021537170E0,-6.531068573E0,6.515650635E0
2.765040546E2,-3.649261322E0,-5.446274414E0,5.731281738E0
2.765242206E2,-4.022584991E0,-5.180726624E0,5.717660065E0
2.765443866E2,-4.629722443E0,-4.996310120E0,6.117029572E0
2.765645516E2,-4.313879242E0,-4.974156189E0,5.898184662E0
2.765847176E2,-4.261488190E0,-5.340145111E0,5.862109680E0
2.766048836E2,-4.725373535E0,-6.275100861E0,6.254443817E0
2.766250486E2,-4.936883698E0,-7.220834198E0,7.259154510E0
2.766452146E2,-5.184019775E0,-7.718549194E0,7.954907684E0
2.766653806E2,-5.160069580E0,-7.946525116E0,8.245603180E0
2.766855456E2,-5.388644257E0,-8.528814240E0,8.436306610E0
2.767057116E2,-5.453010406E0,-9.169481964E0,9.130712585E0
2.767258776E2,-5.294639740E0,-9.583970032E0,1.002330643E1
2.767460426E2,-4.976102142E0,-1.026191025E1,1.049467621E1
2.767662086E2,-4.532275085E0,-1.123608444E1,1.015937347E1
2.767863746E2,-4.293970642E0,-1.135718262E1,9.368717651E0
2.768065396E2,-4.799918518E0,-1.108998825E1,8.219557343E0
2.768267056E2,-5.133125610E0,-1.083446960E1,7.189399567E0
2.768468716E2,-4.401447144E0,-1.096245346E1,6.801406403E0
2.768670366E2,-3.509002991E0,-1.170999893E1,7.538473663E0
2.768872026E2,-3.453618164E0,-1.240335709E1,8.094866638E0
2.769073686E2,-3.981719971E0,-1.303264847E1,7.455995178E0
2.769275336E2,-3.803440704E0,-1.312949707E1,6.297105103E0
2.769476996E2,-3.370690613E0,-1.300420761E1,5.470823364E0
2.769678658E2,-2.747835846E0,-1.250604355E1,4.898563385E0
2.769880308E2,-2.223925323E0,-1.194590836E1,4.359085236E0
2.770081968E2,-1.294208679E0,-1.114447495E1,4.438869324E0
2.770283618E2,-1.045575714E0,-1.042761566E1,5.077291718E0
2.770485278E2,-1.160536652E0,-9.840985565E0,5.024002533E0
2.770686938E2,-1.351689148E0,-9.402397614E0,3.031046906E0
2.770888588E2,-1.466799774E0,-8.962013397E0,-1.224154358E0
2.771090248E2,-2.538121948E0,-8.839268646E0,-4.781057739E-1
2.771291908E2,-3.094514923E0,-1.018018021E1,2.115550690E0
2.771493558E2,-2.784958649E0,-1.132904114E1,3.361409912E0
2.771695218E2,-2.243235168E0,-1.190534271E1,2.376907196E0
2.771896878E2,-2.117945709E0,-1.196970886E1,6.908134460E-1
2.772098528E2,-2.170486450E0,-1.196417038E1,5.447172546E-1
2.772300188E2,-1.886077881E0,-1.118114868E1,1.101110229E0
2.772501848E2,-1.637744293E0,-1.038330780E1,1.520538025E0
2.772703498E2,-1.558259583E0,-9.872420197E0,2.336341553E0
2.772905158E2,-2.325414276E0,-9.973759460E0,3.222498779E0
2.773106818E2,-3.966002655E0,-1.015757721E1,2.991529083E0
2.773308468E2,-5.207371216E0,-1.015458344E1,1.964963837E0
2.773510128E2,-4.775070190E0,-9.888137512E0,1.155746613E0
2.773711788E2,-3.480711823E0,-9.926906891E0,2.073488159E0
2.773913438E2,-3.024161224E0,-9.902956696E0,5.016218719E0
2.774115098E2,-4.806504822E0,-1.007569748E1,6.448440399E0
2.774316758E2,-5.355563049E0,-9.216484222E0,4.737498322E0
2.774518408E2,-5.520070953E0,-9.247619476E0,2.417323151E0
2.774720068E2,-4.001778259E0,-8.235723724E0,3.489244080E0
2.774921728E2,-4.832101593E0,-7.869585114E0,5.225184174E0
2.775123378E2,-5.790408783E0,-7.261699219E0,5.174140320E0
2.775325038E2,-4.714146881E0,-6.556365967E0,3.470083923E0
2.775526698E2,-3.806584167E0,-6.496789856E0,4.198169861E0
2.775728348E2,-2.992876282E0,-5.961652679E0,5.927673340E0
2.775930008E2,-3.984863434E0,-6.005810852E0,6.280789032E0
2.776131658E2,-5.008883972E0,-6.368806000E0,6.012846222E0
2.776333318E2,-4.612358551E0,-6.425538025E0,5.886359253E0
2.776534978E2,-4.720583496E0,-6.999893646E0,6.669380951E0
2.776736628E2,-5.010081482E0,-7.549999695E0,7.336393890E0
2.776938288E2,-5.722300415E0,-8.747060394E0,8.111033020E0
2.777139948E2,-5.076243896E0,-9.466614075E0,9.641899567E0
2.777341598E2,-3.962410126E0,-9.077423401E0,1.046189438E1
2.777543258E2,-3.534749451E0,-8.334667969E0,1.038136185E1
2.777744918E2,-3.871100006E0,-7.774832153E0,9.605824585E0
2.777946568E2,-4.353696442E0,-7.153474274E0,9.385033722E0
2.778148228E2,-4.781057739E0,-7.346572723E0,9.650880890E0
2.778349888E2,-5.067412262E0,-7.915389862E0,1.001207977E1
2.778551538E2,-5.953270111E0,-9.581575012E0,9.871072998E0
2.778753198E2,-6.362668762E0,-1.194530960E1,9.153165894E0
2.778954858E2,-5.062622223E0,-1.375998596E1,8.813372498E0
2.779156508E2,-3.433709564E0,-1.430410446E1,9.286987610E0
2.779358168E2,-2.836002502E0,-1.328771805E1,8.960067444E0
2.779559828E2,-2.671793976E0,-1.202808746E1,7.096442871E0
2.779761471E2,-2.143093414E0,-1.074196198E1,5.080734558E0
2.779963131E2,-1.641935577E0,-1.019934036E1,3.954476624E0
2.780164791E2,-1.341510315E0,-9.718839569E0,3.309018860E0
2.780366441E2,-1.923350372E0,-1.032418076E1,4.593048706E0
2.780568101E2,-1.776505737E0,-1.023361908E1,4.020040283E0
2.780769761E2,-1.595083008E0,-9.706116028E0,3.221001892E0
2.780971411E2,-1.415606232E0,-9.068142700E0,4.534370728E0
2.781173071E2,-1.417402496E0,-8.885522461E0,4.461322632E0
2.781374721E2,-1.665137329E0,-8.911867676E0,4.157454529E0
2.781576381E2,-1.978884888E0,-8.975784760E0,4.310137024E0
2.781778041E2,-1.621727600E0,-8.926836548E0,3.819457397E0
2.781979691E2,-1.797761536E0,-9.048982544E0,3.330124969E0
2.782181351E2,-2.128124542E0,-8.730744324E0,2.674039307E0
2.782383011E2,-2.698887634E0,-8.509205017E0,1.697170715E0
2.782584661E2,-3.036585388E0,-8.473429413E0,1.021326141E0
2.782786321E2,-3.411256256E0,-8.249495087E0,1.872007141E0
2.782987981E2,-3.546874237E0,-8.344248047E0,2.698438568E0
2.783189631E2,-3.163072357E0,-8.340505829E0,2.869083710E0
2.783391291E2,-2.841990051E0,-8.466992798E0,2.594105530E0
2.783592951E2,-2.759960632E0,-8.596024475E0,1.942360840E0
2.783794601E2,-2.753074951E0,-8.645721130E0,2.068847809E0
2.783996261E2,-3.169209595E0,-8.997789001E0,2.167193298E0
2.784197921E2,-3.403622131E0,-9.440867615E0,3.104244690E0
2.784399571E2,-3.239862671E0,-9.636361084E0,3.483256531E0
2.784601231E2,-3.417543182E0,-1.024619293E1,3.706292725E0
2.784802881E2,-4.518054657E0,-1.125225082E1,3.855831757E0
2.785004541E2,-5.012027435E0,-1.188633224E1,4.264781342E0
2.785206201E2,-4.369413757E0,-1.134894974E1,4.943020935E0
2.785407851E2,-4.057462463E0,-1.077444443E1,6.072871399E0
2.785609511E2,-4.560715942E0,-1.083506836E1,6.865622864E0
2.785811171E2,-4.808001709E0,-1.126048370E1,6.697971497E0
2.786012821E2,-3.807182922E0,-1.160716278E1,6.314918060E0
2.786214481E2,-2.505040741E0,-1.229109055E1,6.395749969E0
2.786416141E2,-2.661465454E0,-1.240200989E1,7.189249878E0
2.786617791E2,-3.363505554E0,-1.128158981E1,6.171665955E0
2.786819451E2,-3.019221497E0,-9.809251556E0,3.785178680E0
2.787021111E2,-4.052672424E0,-9.097930756E0,4.317621460E0
2.787222761E2,-4.805906067E0,-8.478818207E0,4.979844360E0
2.787424421E2,-4.527185669E0,-7.307204590E0,3.854334869E0
2.787626071E2,-3.738026733E0,-6.920858002E0,3.656446381E0
2.787827731E2,-3.068169708E0,-6.520889740E0,4.080364838E0
2.788029391E2,-2.739453278E0,-5.949078827E0,4.414919128E0
2.788231041E2,-2.346969452E0,-5.508694611E0,4.284839630E0
2.788432701E2,-2.848276978E0,-6.124813385E0,4.268523560E0
2.788634361E2,-2.567610626E0,-6.123316498E0,5.161416779E0
2.788836011E2,-2.402803345E0,-6.303092651E0,5.284460907E0
2.789037671E2,-2.309846649E0,-6.055806885E0,5.042863312E0
2.789239331E2,-2.246079254E0,-5.953868866E0,4.120481415E0
2.789440981E2,-2.053878937E0,-5.623356171E0,4.135001221E0
2.789642641E2,-1.670077057E0,-5.520070953E0,4.430636444E0
2.789844303E2,-2.029479675E0,-5.678740997E0,4.519850922E0
2.790045953E2,-2.903512115E0,-6.059998169E0,4.338577881E0
2.790247613E2,-3.413800964E0,-6.671476593E0,4.011508026E0
2.790449263E2,-3.076103210E0,-6.727310486E0,4.502786407E0
2.790650923E2,-2.595602417E0,-6.787784729E0,5.925577698E0
2.790852583E2,-2.720442810E0,-6.842570801E0,7.195836182E0
2.791054233E2,-3.606001282E0,-7.225025482E0,6.936725006E0
2.791255893E2,-3.579506378E0,-7.370223541E0,6.301146698E0
2.791457553E2,-2.940335541E0,-7.164700928E0,6.672075348E0
2.791659203E2,-3.181633759E0,-7.471413116E0,7.433092804E0
2.791860863E2,-3.957919464E0,-8.108638000E0,7.291936340E0
2.792062523E2,-4.402944031E0,-8.738079071E0,6.493646393E0
2.792264173E2,-4.468058624E0,-9.460177460E0,6.124064941E0
2.792465833E2,-4.294569397E0,-1.012928604E1,6.246809692E0
2.792667493E2,-4.055366821E0,-1.050545380E1,5.862858124E0
2.792869143E2,-3.864663391E0,-1.118174744E1,5.472170563E0
2.793070803E2,-4.178710327E0,-1.181118851E1,5.924080811E0
2.793272453E2,-4.513863373E0,-1.229872467E1,6.897955627E0
2.793474113E2,-3.694167938E0,-1.192016190E1,7.970325623E0
2.793675773E2,-2.646047516E0,-1.144939087E1,8.924441528E0
2.793877423E2,-1.113384705E0,-1.121931931E1,9.299860840E0
2.794079083E2,-5.511538696E-1,-1.106708588E1,8.635242920E0
2.794280743E2,-1.754800873E0,-1.150522476E1,8.113577728E0
2.794482393E2,-2.989732819E0,-1.151390671E1,7.306156769E0
2.794684053E2,-3.872596893E0,-1.162243103E1,5.846841431E0
2.794885703E2,-3.686234436E0,-1.115615067E1,3.708238678E0
2.795087363E2,-3.499572601E0,-1.087877747E1,1.990111542E0
2.795289023E2,-3.150947571E0,-1.030127838E1,1.700164490E0
2.795490673E2,-2.941533051E0,-9.907297668E0,1.898801422E0
2.795692333E2,-2.364932098E0,-9.423054657E0,1.726659393E0
2.795893993E2,-2.024839325E0,-8.935668182E0,1.857038269E0
2.796095643E2,-1.890119476E0,-8.470585327E0,1.889670410E0
2.796297303E2,-1.806742859E0,-7.983947296E0,1.426683197E0
2.796498963E2,-1.699116669E0,-7.513475647E0,8.885522461E-1
2.796700613E2,-1.572779388E0,-7.221283264E0,4.391867065E-1
2.796902273E2,-1.198557587E0,-7.028633881E0,5.498066711E-1
2.797103923E2,-1.375040588E0,-7.120093689E0,7.979905701E-1
2.797305583E2,-1.890718231E0,-7.109316101E0,9.202862549E-1
2.797507243E2,-2.224823456E0,-7.335046692E0,1.026116180E0
2.797708893E2,-1.956132202E0,-7.353757782E0,1.326541443E0
2.797910553E2,-2.251767426E0,-8.538993073E0,2.203268280E0
2.798112213E2,-2.345622253E0,-9.566306763E0,2.726729736E0
2.798313863E2,-3.088227997E0,-1.104657852E1,3.445834351E0
2.798515523E2,-3.967349854E0,-1.244182709E1,3.857628021E0
2.798717183E2,-4.789140930E0,-1.385803207E1,4.479584656E0
2.798918833E2,-5.033881989E0,-1.434571793E1,4.704716492E0
2.799120493E2,-5.125641174E0,-1.460917007E1,4.912035370E0
2.799322143E2,-5.793103180E0,-1.432221680E1,5.290598145E0
2.799523803E2,-6.944059753E0,-1.460213470E1,5.400769043E0
2.799725468E2,-6.676416321E0,-1.441038345E1,4.829556885E0
2.799927118E2,-5.561834106E0,-1.421803345E1,4.258644104E0
2.800128778E2,-4.543801117E0,-1.408750488E1,4.994214478E0
2.800330438E2,-3.870950317E0,-1.360730347E1,6.470893707E0
2.800532088E2,-3.025807800E0,-1.172766220E1,7.094047852E0
2.800733748E2,-3.047662354E0,-1.018886215E1,6.814878387E0
2.800935398E2,-3.958967285E0,-9.592053223E0,6.015839996E0
2.801137058E2,-3.809727631E0,-8.194709015E0,5.004842377E0
2.801338718E2,-3.618874512E0,-7.125183105E0,4.074976044E0
2.801540368E2,-4.310286713E0,-6.542145538E0,4.150419159E0
2.801742028E2,-5.364095306E0,-5.988596649E0,3.517984314E0
2.801943688E2,-5.865253143E0,-4.982987823E0,2.299518127E0
2.802145338E2,-5.599855042E0,-4.374353485E0,2.311193848E0
2.802346998E2,-5.060526581E0,-4.191134491E0,3.460503845E0
2.802548658E2,-4.745431824E0,-3.736829224E0,3.358416138E0
2.802750308E2,-5.524262238E0,-4.474046173E0,3.528312836E0
2.802951968E2,-4.939129028E0,-3.810775452E0,3.245401154E0
2.803153618E2,-3.924389191E0,-3.812721405E0,2.678979034E0
2.803355278E2,-3.057990875E0,-3.690725098E0,2.529440002E0
2.803556938E2,-2.562521210E0,-3.859124908E0,3.041674805E0
2.803758588E2,-2.491119690E0,-4.545298004E0,3.966751099E0
2.803960248E2,-2.560575256E0,-5.290598145E0,4.222868500E0
2.804161908E2,-2.603685608E0,-6.152206421E0,3.852987671E0
2.804363558E2,-2.097737732E0,-7.015610962E0,3.798950043E0
2.804565218E2,-1.390458527E0,-7.278464355E0,4.853956146E0
2.804766868E2,-2.413580933E0,-7.836054840E0,6.111341400E0
2.804968528E2,-3.407514038E0,-8.429271240E0,7.091503143E0
2.805170188E2,-3.368894348E0,-8.847651215E0,7.292385406E0
2.805371838E2,-4.006268921E0,-9.315428467E0,7.702682190E0
2.805573498E2,-5.830824738E0,-1.020323227E1,8.085286560E0
2.805775158E2,-7.587272186E0,-1.154115005E1,8.310119019E0
2.805976808E2,-8.520431671E0,-1.330583038E1,8.684041443E0
2.806178468E2,-8.067323914E0,-1.539323959E1,8.700656891E0
2.806380118E2,-6.999743958E0,-1.685824310E1,8.272996216E0
2.806581778E2,-5.740412750E0,-1.756986328E1,8.603508911E0
2.806783438E2,-3.747606812E0,-1.588406891E1,7.420219574E0
2.806985088E2,-2.698588257E0,-1.281949173E1,6.828500061E0
2.807186748E2,-2.867586823E0,-1.119836288E1,7.064409485E0
2.807388408E2,-3.404520264E0,-1.080947159E1,6.141578522E0
2.807590058E2,-3.895199890E0,-1.064810715E1,4.001029816E0
2.807791718E2,-3.778742065E0,-1.024170227E1,8.816665649E-1
2.807993368E2,-3.709136810E0,-1.008632538E1,9.822573853E-1
2.808195028E2,-3.160827026E0,-9.724078674E0,3.077151031E0
2.808396688E2,-2.426903229E0,-9.025930481E0,4.947661285E0
2.808598338E2,-1.433868256E0,-7.872578888E0,2.834954681E0
2.808799998E2,-1.132395172E0,-6.169121246E0,2.356100464E-1
2.809001658E2,-1.784439240E0,-5.577401733E0,1.505419464E0
2.809203308E2,-1.736538849E0,-5.069956970E0,3.143762512E0
2.809404968E2,-1.657503204E0,-5.032983856E0,2.822829895E0
2.809606618E2,-1.658700714E0,-5.254373474E0,1.318458252E0
2.809808272E2,-2.103126526E0,-6.209836578E0,1.422042847E0
2.810009932E2,-2.365530853E0,-7.581434326E0,7.505392456E-1
2.810211583E2,-2.887645111E0,-8.811875610E0,5.364843750E-1
2.810413242E2,-3.306324463E0,-9.592801666E0,7.258406067E-1
2.810614902E2,-2.692750397E0,-1.035337006E1,1.256337433E0
2.810816553E2,-2.296973419E0,-1.082982925E1,2.458188171E0
2.811018213E2,-2.900817719E0,-1.174906769E1,3.572770386E0
2.811219863E2,-3.468886414E0,-1.253628067E1,3.848047943E0
2.811421523E2,-3.725153503E0,-1.274225235E1,3.980372772E0
2.811623183E2,-5.087320862E0,-1.327484482E1,4.244124298E0
2.811824833E2,-6.881040802E0,-1.334295319E1,4.138893127E0
2.812026493E2,-7.941884766E0,-1.306737625E1,3.629801788E0
2.812228153E2,-6.918612671E0,-1.206191711E1,4.036506042E0
2.812429803E2,-6.265969849E0,-1.073013657E1,6.434369659E0
2.812631463E2,-7.360942841E0,-9.719737701E0,7.215295715E0
2.812833113E2,-7.383994904E0,-8.803642731E0,6.023324432E0
2.813034773E2,-6.749314728E0,-8.142916718E0,5.443430328E0
2.813236433E2,-5.051096191E0,-7.492968292E0,5.641767883E0
2.813438083E2,-4.101620636E0,-6.627617798E0,6.217171326E0
2.813639743E2,-4.852309570E0,-5.608536987E0,6.144721985E0
2.813841393E2,-5.589526520E0,-4.770280151E0,5.235363007E0
2.814043053E2,-5.386548615E0,-3.820505219E0,4.395160217E0
2.814244713E2,-4.504732361E0,-3.257975006E0,3.973337402E0
2.814446363E2,-3.730841675E0,-3.161725159E0,3.858975220E0
2.814648023E2,-3.047961731E0,-3.327879639E0,3.747008057E0
2.814849683E2,-2.627785492E0,-3.921096039E0,3.820205841E0
2.815051333E2,-2.238744507E0,-4.483177185E0,3.917653198E0
2.815252993E2,-2.093546448E0,-5.350024567E0,4.132007446E0
2.815454642E2,-2.263293457E0,-6.528523865E0,4.496499481E0
2.815656302E2,-2.134561157E0,-7.437433777E0,5.040468292E0
2.815857963E2,-2.022593994E0,-7.917784882E0,5.978717194E0
2.816059612E2,-2.370171204E0,-8.337811432E0,6.591093750E0
2.816261272E2,-3.016826477E0,-8.273145905E0,6.497987366E0
2.816462932E2,-3.820804596E0,-8.082292786E0,6.443800049E0
2.816664582E2,-4.295766907E0,-7.789351959E0,6.604116669E0
2.816866242E2,-5.281167755E0,-8.059240723E0,6.918462982E0
2.817067893E2,-6.223907318E0,-8.239615631E0,7.288493500E0
2.817269552E2,-7.779023438E0,-9.699080658E0,7.986192627E0
2.817471212E2,-8.204588470E0,-1.103490280E1,8.089926910E0
2.817672863E2,-7.730973358E0,-1.235874985E1,7.908055115E0
2.817874523E2,-5.909561005E0,-1.212912735E1,8.401578827E0
2.818076173E2,-3.761976929E0,-1.053105057E1,9.098080444E0
2.818277833E2,-2.648292847E0,-9.677525482E0,9.545050964E0
2.818479493E2,-2.626737671E0,-9.548793182E0,8.938362579E0
2.818681143E2,-2.499202881E0,-9.577533417E0,7.191345520E0
2.818882803E2,-2.504441986E0,-9.981243896E0,5.981710968E0
2.819084453E2,-2.651885376E0,-1.041608963E1,5.992638245E0
2.819286113E2,-2.404898987E0,-1.054856415E1,6.309379578E0
2.819487773E2,-2.296823730E0,-1.008587631E1,6.371201019E0
2.819689423E2,-2.054777069E0,-9.298513641E0,5.665718079E0
2.819891081E2,-1.668131104E0,-8.428522797E0,4.492607574E0
2.820092741E2,-1.631607056E0,-7.848329315E0,3.325334930E0
2.820294391E2,-1.641037445E0,-7.473508759E0,3.332819366E0
2.820496051E2,-1.277593231E0,-7.031328278E0,3.624412994E0
2.820697701E2,-1.206940155E0,-6.968608704E0,3.568728790E0
2.820899361E2,-1.147513733E0,-6.645281067E0,3.195854187E0
2.821101021E2,-1.397942963E0,-6.270460510E0,2.383044434E0
2.821302671E2,-1.534010010E0,-5.985752563E0,1.975142670E0
2.821504331E2,-1.520238647E0,-6.002966766E0,2.109862518E0
2.821705981E2,-1.458866272E0,-6.288872223E0,2.357447662E0
2.821907641E2,-1.467697906E0,-6.821764069E0,2.772534485E0
2.822109301E2,-2.013912048E0,-7.296576691E0,3.031795349E0
2.822310951E2,-2.553839264E0,-7.916138306E0,2.468516693E0
2.822512611E2,-3.033741302E0,-8.853638763E0,3.401676178E0
2.822714261E2,-3.260070648E0,-9.800719299E0,4.817432098E0
2.822915921E2,-2.613415375E0,-1.000998413E1,4.983885956E0
2.823117581E2,-2.349663849E0,-9.837692413E0,4.763095093E0
2.823319231E2,-2.732417908E0,-9.571994934E0,4.108955383E0
2.823520891E2,-3.456162872E0,-9.997410278E0,4.487667847E0
2.823722551E2,-4.030219116E0,-1.018751495E1,5.024152222E0
2.823924201E2,-4.273014221E0,-1.042836411E1,4.585264893E0
2.824125861E2,-6.052663422E0,-1.138053406E1,4.559069366E0
2.824327511E2,-7.422764282E0,-1.211400879E1,4.326752472E0
2.824529171E2,-6.819818115E0,-1.141630966E1,4.523742828E0
2.824730831E2,-6.052214355E0,-1.034289185E1,6.536008301E0
2.824932481E2,-6.375541992E0,-9.434730377E0,8.446036377E0
2.825134141E2,-6.610702972E0,-8.635093231E0,8.810528412E0
2.825335791E2,-6.326743469E0,-8.432115326E0,8.081993408E0
2.825537451E2,-5.763015747E0,-8.301886139E0,7.559280396E0
2.825739111E2,-5.297034760E0,-8.170459442E0,6.856940918E0
2.825940761E2,-5.001998291E0,-7.679630127E0,7.388934631E0
2.826142421E2,-4.390220490E0,-6.585405579E0,6.610253906E0
2.826344071E2,-4.584815826E0,-5.824537811E0,6.220464478E0
2.826545731E2,-4.428840179E0,-5.087470551E0,5.669759674E0
2.826747391E2,-3.938609619E0,-4.658013611E0,5.196144562E0
2.826949041E2,-3.475772095E0,-4.709805908E0,5.082381134E0
2.827150701E2,-3.404819641E0,-5.248385925E0,5.436993713E0
2.827352351E2,-3.315605164E0,-6.026916962E0,5.974226532E0
2.827554011E2,-3.492686920E0,-6.671027527E0,6.347550201E0
2.827755671E2,-3.449426880E0,-7.094796295E0,6.419999542E0
2.827957321E2,-2.925366669E0,-7.476951599E0,5.894891510E0
2.828158981E2,-2.589315491E0,-7.486082611E0,4.785847778E0
2.828360641E2,-2.409239960E0,-7.280260620E0,3.645968170E0
2.828562291E2,-2.478396149E0,-7.181016998E0,2.593806152E0
2.828763951E2,-3.493135986E0,-7.326664124E0,1.392254791E0
2.828965601E2,-4.097728729E0,-7.353009338E0,3.083587646E-1
2.829167261E2,-4.126768341E0,-7.386389923E0,-8.717871094E-1
2.829368921E2,-4.047882385E0,-7.199877777E0,-1.121916962E0
2.829570571E2,-2.668201447E0,-6.731950836E0,-8.710386658E-1
2.829772248E2,-1.734143829E0,-6.118227081E0,4.590953064E-1
2.829973898E2,-2.197729797E0,-5.552403717E0,2.745141449E0
2.830175558E2,-2.946023712E0,-5.247338104E0,4.140988770E0
2.830377218E2,-3.608995056E0,-5.221441956E0,4.012256470E0
2.830578868E2,-3.855682068E0,-5.113516388E0,3.127147064E0
2.830780528E2,-4.085304565E0,-5.147495728E0,2.749332733E0
2.830982178E2,-4.566703491E0,-5.397775269E0,3.112477570E0
2.831183838E2,-5.254373474E0,-5.769602051E0,3.420087891E0
2.831385498E2,-5.259762268E0,-5.965993652E0,3.432362366E0
2.831587148E2,-4.633015594E0,-6.656956787E0,3.982169037E0
2.831788808E2,-3.911965027E0,-7.286846924E0,5.094206543E0
2.831990458E2,-3.879183197E0,-7.918683014E0,6.095624084E0
2.832192118E2,-3.847149811E0,-8.162525940E0,6.825655975E0
2.832393778E2,-3.523073730E0,-8.489446106E0,7.439978485E0
2.832595428E2,-3.082539825E0,-9.093290405E0,8.381370850E0
2.832797088E2,-3.022514648E0,-9.503287811E0,9.725126495E0
2.832998738E2,-3.270399170E0,-9.343120880E0,1.174697205E1
2.833200398E2,-4.067341919E0,-9.342522125E0,1.308653641E1
2.833402058E2,-3.967499542E0,-9.983189850E0,1.241233841E1
2.833603708E2,-3.602558441E0,-1.041564056E1,1.066951263E1
2.833805368E2,-3.904330902E0,-1.222432938E1,1.000025436E1
2.834007018E2,-2.963836670E0,-1.138547379E1,1.077474380E1
2.834208678E2,-2.055076447E0,-9.549841003E0,1.046758255E1
2.834410338E2,-1.669927368E0,-8.028853912E0,8.795709229E0
2.834611988E2,-1.975891113E0,-7.081773376E0,6.690487061E0
2.834813648E2,-2.673739929E0,-7.168892212E0,4.713697815E0
2.835015298E2,-3.293151855E0,-8.185578003E0,3.775149536E0
2.835216958E2,-2.447560272E0,-9.126970367E0,3.106340332E0
2.835418618E2,-3.823049927E-1,-9.819131012E0,4.305197296E0
2.835620268E2,9.202862549E-1,-1.036803955E1,6.749314728E0
2.835821928E2,5.487588501E-1,-1.160701309E1,8.385113068E0
2.836023578E2,4.201762390E-1,-1.203212906E1,7.640411682E0
2.836225238E2,1.293310547E-1,-1.248748215E1,6.253246307E0
2.836426898E2,1.231938171E-1,-1.305944275E1,5.872887268E0
2.836628548E2,3.044668579E-1,-1.358455078E1,6.701863403E0
2.836830208E2,1.042432251E0,-1.339788895E1,7.684719543E0
2.837031858E2,7.587721252E-1,-1.359457993E1,7.778125305E0
2.837233518E2,2.948867798E-1,-1.374621460E1,6.491700439E0
2.837435178E2,-8.232879639E-3,-1.258073822E1,5.391039276E0
2.837636828E2,-7.857160950E-1,-1.159443924E1,4.616400146E0
2.837838488E2,-1.282083893E0,-1.088805817E1,4.003424835E0
2.838040138E2,-1.151705017E0,-1.051069290E1,2.959495697E0
2.838241798E2,-4.096980286E-1,-9.890981598E0,1.957629089E0
2.838443458E2,-4.411326599E-1,-9.362131348E0,1.899998932E0
2.838645108E2,-1.114282837E0,-9.269623718E0,2.223925323E0
2.838846768E2,-1.650318146E0,-8.903934174E0,2.158361664E0
2.839048428E2,-1.857487335E0,-8.337062988E0,1.712438965E0
2.839250078E2,-1.692380676E0,-7.962242432E0,1.128054199E0
2.839451738E2,-1.855541382E0,-8.145760803E0,8.298742676E-1
2.839653388E2,-2.500699768E0,-8.402027893E0,9.913883972E-1
2.839855038E2,-3.141517181E0,-8.735983429E0,1.164428558E0
2.840056698E2,-3.377725983E0,-8.996292114E0,1.816023560E0
2.840258348E2,-3.817361755E0,-9.319619751E0,2.662213898E0
2.840460008E2,-4.143383789E0,-9.078321533E0,3.406615906E0
2.840661658E2,-4.919070740E0,-8.482261047E0,3.933520203E0
2.840863318E2,-5.972579956E0,-7.896529083E0,3.920796661E0
2.841064978E2,-6.967261505E0,-8.510851593E0,2.905009003E0
2.841266628E2,-7.103627930E0,-9.078171844E0,1.770069122E0
2.841468288E2,-6.986870728E0,-9.633367310E0,7.075785828E-1
2.841669948E2,-5.752088470E0,-8.195756836E0,6.102809143E-1
2.841871597E2,-5.010979614E0,-6.956483917E0,1.192719727E0
2.842073258E2,-5.150489502E0,-6.369554443E0,2.137554932E0
2.842274907E2,-5.137616272E0,-6.160439301E0,2.968027954E0
2.842476567E2,-4.970114594E0,-6.435866547E0,3.470982056E0
2.842678228E2,-5.248685303E0,-7.299869843E0,3.758683777E0
2.842879877E2,-4.917124786E0,-8.173902283E0,3.708687744E0
2.843081537E2,-5.423821106E0,-9.894723816E0,4.381688232E0
2.843283197E2,-6.181096344E0,-1.100077377E1,5.205425262E0
2.843484847E2,-6.673272858E0,-1.126871658E1,6.044879608E0
2.843686507E2,-6.232140198E0,-1.067924240E1,6.884783020E0
2.843888158E2,-5.401816864E0,-9.858648834E0,8.433013458E0
2.844089818E2,-4.937632141E0,-8.602910156E0,9.703421631E0
2.844291477E2,-5.516777802E0,-8.379275208E0,9.601483612E0
2.844493128E2,-5.292993164E0,-7.894583130E0,8.828491058E0
2.844694788E2,-4.783901825E0,-7.337142334E0,7.418872375E0
2.844896448E2,-4.835394745E0,-6.882238312E0,6.116730194E0
2.845098098E2,-5.190007324E0,-6.609056396E0,4.956343231E0
2.845299758E2,-5.768554230E0,-6.650520172E0,4.784201202E0
2.845501408E2,-5.500761108E0,-6.592440948E0,5.260959778E0
2.845703068E2,-4.757855988E0,-6.848408661E0,5.839207306E0
2.845904728E2,-4.174818420E0,-7.205416260E0,5.657634888E0
2.846106378E2,-3.936813354E0,-7.537575531E0,5.798491974E0
2.846308038E2,-4.120780792E0,-7.947273560E0,6.030509491E0
2.846509698E2,-4.300556946E0,-8.200097809E0,5.989494781E0
2.846711348E2,-4.320465546E0,-8.342601471E0,5.398673401E0
2.846913008E2,-4.057013397E0,-8.461154938E0,4.656516724E0
2.847114658E2,-3.681594086E0,-8.594377899E0,4.192032623E0
2.847316318E2,-3.457061005E0,-8.860823822E0,4.196373596E0
2.847517978E2,-3.422333221E0,-9.061107330E0,4.253105621E0
2.847719628E2,-3.416195984E0,-9.305099945E0,3.896696777E0
2.847921288E2,-3.301833801E0,-9.449250183E0,3.596720581E0
2.848122948E2,-3.077151031E0,-9.284143524E0,3.420686646E0
2.848324598E2,-3.135529633E0,-9.519005127E0,3.362308044E0
2.848526258E2,-2.643652496E0,-9.380093994E0,3.640429688E0
2.848727918E2,-2.718646545E0,-9.755662994E0,3.809877319E0
2.848929568E2,-3.338657227E0,-1.119417160E1,3.409160614E0
2.849131228E2,-2.960244141E0,-1.142978165E1,2.980601807E0
2.849332877E2,-2.092947693E0,-1.031864227E1,3.404819641E0
2.849534538E2,-1.525926819E0,-9.420959015E0,3.588038635E0
2.849736198E2,-1.393601990E0,-8.812174988E0,4.526287537E0
2.849937848E2,-1.347198486E0,-8.637637939E0,4.871320038E0
2.850139508E2,-1.214274902E0,-8.725205841E0,4.851112061E0
2.850341168E2,-1.723366241E0,-9.134305115E0,5.277126160E0
2.850542818E2,-1.886377258E0,-9.140442352E0,6.144572296E0
2.850744478E2,-1.215322723E0,-8.687334595E0,6.349047089E0
2.850946128E2,-1.378333740E0,-8.765771484E0,6.384074249E0
2.851147788E2,-1.960922241E0,-8.866062927E0,6.208938446E0
2.851349448E2,-2.825673981E0,-9.257349243E0,6.021228790E0
2.851551098E2,-2.858904877E0,-9.099577332E0,5.565875702E0
2.851752758E2,-2.963686981E0,-9.531279602E0,4.516408081E0
2.851954418E2,-2.735561371E0,-9.298813019E0,3.793112183E0
2.852156068E2,-2.330354004E0,-8.891959076E0,3.815116425E0
2.852357728E2,-2.058219910E0,-8.579259338E0,4.083807678E0
2.852559378E2,-2.096989288E0,-8.408913574E0,4.683011627E0
2.852761038E2,-1.941163330E0,-8.393046570E0,5.617967377E0
2.852962698E2,-1.472487946E0,-8.359965363E0,5.417234802E0
2.853164348E2,-1.527872772E0,-8.733438721E0,4.076323242E0
2.853366008E2,-1.657652893E0,-8.934470673E0,3.130739594E0
2.853567668E2,-2.230960693E0,-9.070238342E0,2.662064209E0
2.853769318E2,-2.692750397E0,-9.093140717E0,2.444566498E0
2.853970978E2,-2.418221283E0,-8.977730713E0,2.509082336E0
2.854172628E2,-2.038610687E0,-8.656947784E0,2.992576904E0
2.854374288E2,-1.845661926E0,-8.367749176E0,3.246299286E0
2.854575948E2,-1.830543365E0,-8.031099243E0,2.973716125E0
2.854777598E2,-2.338287506E0,-8.059989166E0,2.450554047E0
2.854979258E2,-2.733465729E0,-8.180937653E0,2.363285522E0
2.855180908E2,-3.067720642E0,-8.129594421E0,2.747835846E0
2.855382568E2,-3.332220612E0,-7.987240448E0,2.944377136E0
2.855584228E2,-4.057462463E0,-8.190517731E0,2.967129822E0
2.855785878E2,-4.988077240E0,-8.895401917E0,2.705773315E0
2.855987538E2,-5.484145660E0,-9.577982483E0,2.608924713E0
2.856189198E2,-5.518424377E0,-1.001971390E1,3.122207336E0
2.856390848E2,-5.795797577E0,-1.082084793E1,3.953877869E0
2.856592508E2,-6.494394836E0,-1.214155151E1,4.372706909E0
2.856794158E2,-7.008276215E0,-1.312021637E1,4.352199554E0
2.856995818E2,-6.882986755E0,-1.313638275E1,4.415368195E0
2.857197478E2,-7.169191589E0,-1.372391098E1,4.829407196E0
2.857399128E2,-6.929390259E0,-1.376208160E1,5.633684692E0
2.857600788E2,-6.485563202E0,-1.308414139E1,5.952222290E0
2.857802438E2,-4.924908600E0,-1.130883316E1,5.887107697E0
2.858004098E2,-3.782783661E0,-9.457932129E0,6.224206696E0
2.858205758E2,-3.197949829E0,-7.793543243E0,6.579717407E0
2.858407408E2,-3.312761078E0,-6.801855469E0,6.285878448E0
2.858609068E2,-3.477568359E0,-6.167774048E0,5.536087646E0
2.858810728E2,-3.945345612E0,-6.159241791E0,4.683161316E0
2.859012378E2,-4.436174927E0,-6.108497314E0,4.065845032E0
2.859214038E2,-4.771028595E0,-6.157445526E0,3.448379059E0
2.859415688E2,-4.941823425E0,-6.425687714E0,3.029250641E0
2.859617348E2,-5.090763702E0,-6.762187958E0,3.128194885E0
2.859819001E2,-4.989574127E0,-7.008725281E0,3.523373108E0
2.860020651E2,-4.298910370E0,-6.889273682E0,3.431314545E0
2.860222311E2,-3.630250854E0,-6.625222778E0,3.483705597E0
2.860423961E2,-3.216211853E0,-6.315816193E0,3.753444672E0
2.860625621E2,-3.427871704E0,-6.133645020E0,3.931125183E0
2.860827281E2,-3.759731598E0,-6.151158600E0,3.821702728E0
2.861028931E2,-3.513194275E0,-6.019133148E0,3.331172791E0
2.861230591E2,-3.456611938E0,-6.183790741E0,3.208727417E0
2.861432241E2,-3.478616180E0,-6.225254517E0,3.241209869E0
2.861633901E2,-3.825444946E0,-6.418053589E0,3.083587646E0
2.861835561E2,-3.743565216E0,-6.334078217E0,2.508034515E0
2.862037211E2,-3.377725983E0,-6.270460510E0,2.011517029E0
2.862238871E2,-2.968926086E0,-6.209686890E0,2.463427277E0
2.862440521E2,-3.369493103E0,-6.447991333E0,2.943179626E0
2.862642181E2,-3.858376465E0,-6.659651184E0,2.890638885E0
2.862843841E2,-4.014352112E0,-6.786886597E0,2.800825653E0
2.863045491E2,-3.739523621E0,-7.252119141E0,3.174299011E0
2.863247151E2,-3.546125793E0,-7.771988068E0,4.195176086E0
2.863448801E2,-3.904031525E0,-8.197403412E0,5.251679077E0
2.863650461E2,-4.659211121E0,-8.136779480E0,6.064189453E0
2.863852121E2,-5.156926117E0,-8.573720856E0,5.947132874E0
2.864053771E2,-5.034031677E0,-8.904981995E0,5.867348785E0
2.864255431E2,-4.838687897E0,-9.337732086E0,6.588099976E0
2.864457081E2,-5.002746735E0,-1.018407211E1,7.933053131E0
2.864658741E2,-4.669539642E0,-9.830357666E0,9.531129913E0
2.864860401E2,-4.845573578E0,-9.174571381E0,1.016072067E1
2.865062051E2,-4.623734894E0,-9.052724762E0,9.462722168E0
2.865263711E2,-4.159849548E0,-9.748777313E0,9.043144684E0
2.865465361E2,-3.674109650E0,-1.026116180E1,8.865015106E0
2.865667021E2,-3.365900574E0,-1.064256866E1,9.456285553E0
2.865868681E2,-2.918480988E0,-1.104373444E1,8.967701569E0
2.866070331E2,-2.848726044E0,-1.077025314E1,6.672524414E0
2.866271991E2,-2.778971100E0,-1.059002792E1,5.421126709E0
2.866473641E2,-2.625240784E0,-1.010907806E1,4.998705139E0
2.866675301E2,-2.686313782E0,-9.479038239E0,4.362677765E0
2.866876961E2,-2.723735962E0,-8.792116699E0,4.023034058E0
2.867078611E2,-2.304607544E0,-7.981851654E0,3.293750610E0
2.867280271E2,-1.905687103E0,-7.430398407E0,2.544408875E0
2.867481921E2,-1.494342499E0,-6.918163605E0,1.988015900E0
2.867683581E2,-1.257684631E0,-6.489006042E0,1.800904999E0
2.867885241E2,-1.563798065E0,-6.465055847E0,2.203268280E0
2.868086891E2,-1.799108734E0,-6.552324371E0,2.087259521E0
2.868288551E2,-1.862726440E0,-6.637946320E0,1.704355774E0
2.868490201E2,-1.903591461E0,-6.786287842E0,1.611848145E0
2.868691861E2,-2.169738007E0,-7.085665283E0,1.516346741E0
2.868893521E2,-2.618654480E0,-7.768096161E0,1.752256165E0
2.869095171E2,-2.901715851E0,-8.526868286E0,2.310445404E0
2.869296831E2,-3.186423798E0,-9.614656219E0,2.809507599E0
2.869498481E2,-3.665278015E0,-1.066621948E1,3.548969879E0
2.869700141E2,-4.328099670E0,-1.156989029E1,4.223018188E0
2.869901801E2,-4.852159882E0,-1.199725159E1,4.746629333E0
2.870103451E2,-6.124813385E0,-1.243344452E1,4.944068756E0
2.870305111E2,-8.191715240E0,-1.291095154E1,4.928501129E0
2.870506761E2,-8.690927124E0,-1.273327103E1,3.625460815E0
2.870708421E2,-6.876849518E0,-1.079644867E1,2.901416473E0
2.870910081E2,-5.846392365E0,-8.915160828E0,3.346141663E0
2.871111731E2,-5.884712677E0,-8.595575409E0,3.952081604E0
2.871313391E2,-5.289550323E0,-7.949518890E0,3.811972961E0
2.871515041E2,-4.705015869E0,-7.604935455E0,3.371289368E0
2.871716701E2,-4.338577881E0,-7.421866150E0,3.179238739E0
2.871918361E2,-4.877906342E0,-7.669451294E0,3.231480103E0
2.872120011E2,-5.340594177E0,-7.503895569E0,3.155887299E0
2.872321671E2,-5.148842926E0,-6.926246796E0,3.240910492E0
2.872523321E2,-4.330644379E0,-6.233188019E0,3.363056488E0
2.872724981E2,-3.703149261E0,-5.561834106E0,3.751199341E0
2.872926641E2,-3.909270630E0,-5.160668335E0,4.440964966E0
2.873128291E2,-4.636757812E0,-4.700674896E0,3.953578491E0
2.873329951E2,-5.189258881E0,-4.728367310E0,3.875590668E0
2.873531601E2,-4.826413422E0,-4.693489838E0,2.356699219E0
2.873733261E2,-4.724774780E0,-5.174140320E0,3.628304901E0
2.873934921E2,-4.754562836E0,-5.646258545E0,4.302203522E0
2.874136571E2,-4.770130463E0,-6.276897125E0,3.887565765E0
2.874338231E2,-4.139342194E0,-6.658303986E0,3.560046844E0
2.874539881E2,-3.458408203E0,-6.557862854E0,4.150419159E0
2.874741541E2,-3.694317627E0,-6.318061523E0,5.015919342E0
2.874943201E2,-4.031416626E0,-6.314618683E0,5.006788330E0
2.875144851E2,-4.016896820E0,-6.242169342E0,4.352798309E0
2.875346511E2,-4.355043640E0,-6.322552185E0,4.286785583E0
2.875548161E2,-5.157674561E0,-6.444997559E0,4.473896484E0
2.875749821E2,-5.469476166E0,-6.734944611E0,4.692891083E0
2.875951471E2,-5.007087708E0,-6.827751617E0,5.134921875E0
2.876153131E2,-4.821623383E0,-7.084318085E0,5.711822205E0
2.876354791E2,-5.521867218E0,-8.100105743E0,5.919290771E0
2.876556441E2,-6.145470428E0,-9.264534302E0,5.770949249E0
2.876758101E2,-6.067632294E0,-1.005144791E1,6.152505798E0
2.876959751E2,-5.922583923E0,-1.101155136E1,6.744524689E0
2.877161411E2,-5.495372314E0,-1.138307877E1,7.487429810E0
2.877363071E2,-4.785398712E0,-1.044902115E1,7.898025970E0
2.877564721E2,-4.345613251E0,-9.148824921E0,8.386609955E0
2.877766381E2,-4.654570770E0,-8.923244019E0,8.517288208E0
2.877968031E2,-4.855303345E0,-8.781488800E0,7.464826813E0
2.878169691E2,-5.094206543E0,-9.151818695E0,6.437064056E0
2.878371351E2,-4.754413147E0,-9.563312988E0,6.419999542E0
2.878573001E2,-4.579576721E0,-9.685908051E0,6.388265533E0
2.878774661E2,-4.113146667E0,-9.752070465E0,6.167923737E0
2.878976311E2,-3.771557007E0,-9.513167267E0,5.767506409E0
2.879177971E2,-3.895948334E0,-9.259295197E0,4.902604980E0
2.879379631E2,-3.469634857E0,-8.807834015E0,4.088448029E0
2.879581281E2,-3.159629517E0,-8.411009216E0,4.055217133E0
2.879782942E2,-2.464026031E0,-7.809559937E0,4.004322968E0
2.879984592E2,-2.012265472E0,-7.417076111E0,3.453019409E0
2.880186252E2,-1.798959045E0,-7.194039917E0,2.639461212E0
2.880387912E2,-1.636546783E0,-7.138505402E0,2.200873260E0
2.880589562E2,-1.528770905E0,-7.084018707E0,2.344125366E0
2.880791222E2,-1.311422882E0,-7.055727539E0,2.319277039E0
2.880992872E2,-1.119222565E0,-7.110663300E0,2.160157928E0
2.881194532E2,-1.491049347E0,-7.422464905E0,2.125579834E0
2.881396192E2,-2.077679443E0,-7.838599548E0,2.412233734E0
2.881597842E2,-2.512525177E0,-8.186476135E0,2.502196655E0
2.881799502E2,-2.659968567E0,-8.526868286E0,2.433190155E0
2.882001152E2,-3.304079132E0,-9.020691376E0,2.979553986E0
2.882202812E2,-4.142186279E0,-9.790390778E0,3.215014343E0
2.882404462E2,-5.059329071E0,-1.091051147E1,3.155887299E0
2.882606122E2,-5.760321350E0,-1.194396240E1,3.162623291E0
2.882807782E2,-5.878126373E0,-1.197659454E1,3.440894623E0
2.883009432E2,-6.619684296E0,-1.272578659E1,3.110531616E0
2.883211092E2,-6.630012817E0,-1.288535477E1,2.145638123E0
2.883412742E2,-6.045777740E0,-1.260887970E1,2.168839874E0
2.883614402E2,-4.905000000E0,-1.067370392E1,3.486699371E0
2.883816062E2,-4.992717590E0,-9.360035706E0,4.592599640E0
2.884017712E2,-5.087320862E0,-8.387657776E0,4.814288635E0
2.884219372E2,-5.097350006E0,-7.839647369E0,4.573589172E0
2.884421022E2,-4.788841553E0,-7.718549194E0,3.699706421E0
2.884622682E2,-4.571792908E0,-7.909701691E0,3.112178192E0
2.884824342E2,-4.427043915E0,-7.809260559E0,3.494932251E0
2.885025992E2,-4.136647797E0,-7.298822021E0,3.962859192E0
2.885227652E2,-3.489094391E0,-6.456224213E0,3.924688568E0
2.885429302E2,-3.160078583E0,-5.788462830E0,4.478087769E0
2.885630962E2,-2.970123596E0,-5.239853668E0,4.583768005E0
2.885832622E2,-2.764002228E0,-4.755910034E0,3.522774353E0
2.886034272E2,-2.775528259E0,-4.437821503E0,3.516637115E0
2.886235932E2,-2.929408264E0,-4.266128540E0,3.743714905E0
2.886437582E2,-2.974614258E0,-4.221820679E0,3.730392609E0
2.886639242E2,-3.653751984E0,-4.569697266E0,3.945195923E0
2.886840902E2,-4.107907562E0,-4.845723267E0,3.801345062E0
2.887042552E2,-4.330045624E0,-5.142256622E0,3.889362030E0
2.887244212E2,-4.616998901E0,-5.498815155E0,3.870201874E0
2.887445862E2,-5.153333588E0,-5.959856415E0,4.877606964E0
2.887647522E2,-5.603746948E0,-6.753056946E0,6.156098328E0
2.887849182E2,-5.735922089E0,-7.489974518E0,7.044201508E0
2.888050832E2,-5.915548553E0,-8.239016876E0,7.317982178E0
2.888252492E2,-5.395529938E0,-8.759783936E0,7.524402924E0
2.888454142E2,-5.042414246E0,-8.776848450E0,8.360414429E0
2.888655802E2,-5.886958008E0,-9.362730103E0,8.941805420E0
2.888857462E2,-5.771398315E0,-9.979597321E0,8.635242920E0
2.889059112E2,-5.121599579E0,-1.019724472E1,8.162076874E0
2.889260772E2,-4.699627075E0,-1.010952713E1,7.902965698E0
2.889462422E2,-4.648283844E0,-9.761949921E0,7.843389587E0
2.889664082E2,-4.825215912E0,-9.454040222E0,8.126600647E0
2.889865746E2,-4.984634399E0,-9.344168701E0,8.233927460E0
2.890067396E2,-4.702321472E0,-9.553283844E0,8.150251465E0
2.890269056E2,-4.547393646E0,-1.023541534E1,8.215515747E0
2.890470706E2,-4.290378113E0,-1.101424576E1,7.890391846E0
2.890672366E2,-4.230203247E0,-1.137948624E1,7.085814972E0
2.890874016E2,-4.007316742E0,-1.102038300E1,6.123017120E0
2.891075676E2,-3.628454590E0,-1.063194077E1,5.663921814E0
2.891277336E2,-3.344195709E0,-1.018137772E1,5.373076630E0
2.891478986E2,-3.149450684E0,-9.718989258E0,4.840783539E0
2.891680646E2,-2.956052856E0,-9.067244568E0,4.118385773E0
2.891882296E2,-2.727178802E0,-8.577463074E0,2.758912811E0
2.892083956E2,-2.678080902E0,-8.484805756E0,1.067430267E0
2.892285616E2,-2.415526886E0,-7.787256317E0,1.183888092E0
2.892487266E2,-2.366728363E0,-7.622748413E0,2.478545837E0
2.892688926E2,-1.814676361E0,-7.229216766E0,2.957998810E0
2.892890576E2,-1.957479401E0,-7.224875793E0,2.611020355E0
2.893092236E2,-1.923350372E0,-7.172784119E0,1.673669586E0
2.893293896E2,-1.520687714E0,-7.217091980E0,8.220904541E-1
2.893495546E2,-1.512903900E0,-7.366331635E0,1.145268402E0
2.893697206E2,-2.187850342E0,-8.056546326E0,1.768123169E0
2.893898856E2,-2.678979034E0,-8.934320984E0,1.867217102E0
2.894100516E2,-3.166964264E0,-1.009845016E1,1.893562317E0
2.894302176E2,-3.376528473E0,-1.071277267E1,2.073338470E0
2.894503826E2,-3.869603119E0,-1.118279526E1,2.814896393E0
2.894705486E2,-4.567751312E0,-1.113399673E1,3.570375366E0
2.894907136E2,-6.354585571E0,-1.218526062E1,3.582500153E0
2.895108796E2,-7.318131866E0,-1.267743713E1,2.770588531E0
2.895310456E2,-6.975494385E0,-1.233255432E1,1.734742584E0
2.895512106E2,-6.182892609E0,-1.126572281E1,2.875220947E0
2.895713766E2,-6.123316498E0,-1.034184402E1,5.307662659E0
2.895915416E2,-5.968089294E0,-9.414073334E0,5.730233917E0
2.896117076E2,-5.204826508E0,-8.832382965E0,4.699627075E0
2.896318736E2,-4.533771973E0,-8.581804047E0,4.606670380E0
2.896520386E2,-4.580474854E0,-8.789422302E0,4.989723816E0
2.896722046E2,-4.018244019E0,-8.656498718E0,5.283263397E0
2.896923696E2,-2.777623901E0,-7.919880524E0,4.536017303E0
2.897125356E2,-2.659220123E0,-6.814579010E0,5.751489716E0
2.897327016E2,-2.164199524E0,-5.895340576E0,5.965394897E0
2.897528666E2,-1.750459900E0,-5.113217010E0,4.584516449E0
2.897730326E2,-2.496658173E0,-4.762945404E0,4.713548126E0
2.897931976E2,-3.793411560E0,-4.626129913E0,5.058730316E0
2.898133636E2,-4.404141541E0,-4.552333374E0,4.524940338E0
2.898335296E2,-4.410727844E0,-4.574337616E0,3.532055054E0
2.898536946E2,-4.259242859E0,-4.945865021E0,3.090024261E0
2.898738606E2,-4.470453644E0,-5.511987762E0,4.056863708E0
2.898940256E2,-4.693489838E0,-6.040987701E0,4.960833893E0
2.899141916E2,-4.816833344E0,-6.831194458E0,4.882995758E0
2.899343576E2,-5.037324829E0,-7.653135223E0,4.634811859E0
2.899545226E2,-5.888454895E0,-8.398285675E0,5.068460083E0
2.899746886E2,-6.302942963E0,-8.900341644E0,5.464985504E0
2.899948539E2,-6.343358917E0,-9.616602173E0,6.056255951E0
2.900150199E2,-6.265071716E0,-9.960437164E0,7.124584351E0
2.900351849E2,-7.149133301E0,-9.874366150E0,8.198750610E0
2.900553509E2,-7.976762238E0,-1.012509476E1,7.867489471E0
2.900755169E2,-7.415279846E0,-1.010877869E1,7.415130157E0
2.900956819E2,-6.987619171E0,-9.629176025E0,8.023165741E0
2.901158479E2,-6.579268341E0,-9.441316681E0,8.541537781E0
2.901360129E2,-6.127807159E0,-1.039034317E1,8.709638214E0
2.901561789E2,-6.090235291E0,-1.112606323E1,9.308093719E0
2.901763449E2,-5.722749481E0,-1.178873520E1,8.387957153E0
2.901965099E2,-5.671705627E0,-1.268402344E1,6.409371643E0
2.902166759E2,-5.361101532E0,-1.324430832E1,5.229525146E0
2.902368409E2,-5.023104401E0,-1.354248825E1,4.844376068E0
2.902570069E2,-4.278253326E0,-1.310120590E1,5.017116852E0
2.902771729E2,-3.363655243E0,-1.222926910E1,5.009033661E0
2.902973379E2,-2.808908844E0,-1.134326157E1,4.471501465E0
2.903175039E2,-3.200195160E0,-1.080049026E1,4.077670441E0
2.903376689E2,-3.352428589E0,-1.033795212E1,3.395239563E0
2.903578349E2,-2.734214172E0,-9.385632477E0,1.923050995E0
2.903780009E2,-2.384241943E0,-8.906329193E0,7.345225525E-1
2.903981659E2,-2.442919922E0,-8.700207825E0,8.005352783E-1
2.904183319E2,-2.345472565E0,-8.249644775E0,1.503772888E0
2.904384969E2,-2.649789734E0,-8.325387268E0,2.288740540E0
2.904586629E2,-2.523452454E0,-8.341403961E0,2.404898987E0
2.904788279E2,-1.780996399E0,-8.147706757E0,1.982776794E0
2.904989939E2,-2.666554871E0,-1.006372238E1,2.462080078E0
2.905191599E2,-2.173180847E0,-8.764274597E0,1.789528656E0
2.905393249E2,-3.083288269E0,-8.305029602E0,3.106939087E0
2.905594909E2,-2.827769623E0,-7.818541260E0,2.780018921E0
2.905796559E2,-2.924019470E0,-8.157137146E0,2.255060577E0
2.905998219E2,-2.825673981E0,-8.776549072E0,3.316203918E0
2.906199879E2,-4.015399933E0,-8.769962769E0,3.363954620E0
2.906401529E2,-5.595663757E0,-8.822653198E0,3.717070312E0
2.906603189E2,-5.410498810E0,-9.471254425E0,3.706442413E0
2.906804839E2,-5.008135529E0,-9.226812744E0,5.118905182E0
2.907006499E2,-4.965174866E0,-9.194929047E0,5.821244659E0
2.907208159E2,-5.493875427E0,-9.138795776E0,5.698499908E0
2.907409809E2,-6.003266144E0,-9.201665039E0,5.214855652E0
2.907611469E2,-7.161557465E0,-9.817185059E0,4.096680908E0
2.907813119E2,-6.026318207E0,-9.927355957E0,5.277275848E0
2.908014779E2,-4.885989532E0,-9.564061432E0,7.076085205E0
2.908216439E2,-4.875361633E0,-8.258775787E0,7.161856842E0
2.908418089E2,-4.505929871E0,-6.917415161E0,5.444478149E0
2.908619749E2,-3.857927399E0,-6.100863190E0,4.985233154E0
2.908821399E2,-3.405268707E0,-5.551505585E0,5.445975037E0
2.909023059E2,-3.524420929E0,-5.193001099E0,5.722001038E0
2.909224709E2,-4.139940948E0,-4.875810699E0,5.148543549E0
2.909426369E2,-4.385580139E0,-4.671635284E0,4.459226990E0
2.909628029E2,-4.452790375E0,-5.128784637E0,4.977449341E0
2.909829675E2,-4.948858795E0,-5.833668823E0,6.212231598E0
2.910031335E2,-5.777834930E0,-6.859934692E0,6.601721649E0
2.910232985E2,-5.666765900E0,-7.708520050E0,6.666237488E0
2.910434645E2,-5.606890411E0,-8.200247498E0,7.439828796E0
2.910636305E2,-5.605842590E0,-8.480015717E0,8.494834900E0
2.910837955E2,-5.396727448E0,-8.291108551E0,8.807834015E0
2.911039615E2,-5.251379700E0,-7.933951263E0,8.784632263E0
2.911241265E2,-5.099745026E0,-7.749085693E0,8.758736115E0
2.911442925E2,-5.018464050E0,-7.738457794E0,8.658744049E0
2.911644585E2,-4.817282410E0,-7.972720642E0,8.553812256E0
2.911846235E2,-5.522765350E0,-9.327403564E0,8.523874512E0
2.912047895E2,-5.952371979E0,-1.098969681E1,8.609795837E0
2.912249545E2,-5.826932831E0,-1.211011688E1,8.546178131E0
2.912451205E2,-5.032085724E0,-1.211176346E1,8.289911041E0
2.912652865E2,-4.357438660E0,-1.107651627E1,8.332123260E0
2.912854515E2,-4.087699585E0,-9.906100159E0,8.349337463E0
2.913056175E2,-4.197720795E0,-9.481732635E0,8.128247223E0
2.913257825E2,-4.277953949E0,-1.000534378E1,7.482939148E0
2.913459485E2,-3.680396576E0,-1.046234344E1,6.841972046E0
2.913661135E2,-3.105292511E0,-1.120584732E1,6.763235779E0
2.913862795E2,-2.774330750E0,-1.139430542E1,7.448660431E0
2.914064455E2,-2.949915619E0,-1.149040558E1,7.262747040E0
2.914266105E2,-2.667303314E0,-1.116153946E1,5.770649872E0
2.914467765E2,-2.275717621E0,-1.055170761E1,4.263883209E0
2.914669415E2,-1.973047028E0,-9.855954437E0,3.714974670E0
2.914871075E2,-1.851799164E0,-9.198820953E0,3.248843994E0
2.915072735E2,-1.506916351E0,-8.483308868E0,2.458637238E0
2.915274385E2,-1.472487946E0,-7.890242157E0,2.510130157E0
2.915476045E2,-1.409468994E0,-7.504494324E0,2.740351410E0
2.915677695E2,-1.020727386E0,-7.181915131E0,2.107467499E0
2.915879355E2,-7.584727478E-1,-6.810836792E0,1.494641876E0
2.916081005E2,-7.918533325E-1,-6.593937836E0,1.149759064E0
2.916282665E2,-7.984396362E-1,-6.410569153E0,9.671388245E-1
2.916484325E2,-9.008267212E-1,-6.285130005E0,6.731501770E-1
2.916685975E2,-6.051914978E-1,-6.011199646E0,5.345384216E-1
2.916887635E2,-3.637435913E-1,-5.752986603E0,6.309379578E-1
2.917089285E2,-3.504212952E-1,-5.523813171E0,9.229806519E-1
2.917290945E2,-5.451663208E-1,-5.319937134E0,1.290167084E0
2.917492605E2,-9.057664490E-1,-5.309907990E0,1.514700165E0
2.917694255E2,-1.484163666E0,-5.761818237E0,1.903441772E0
2.917895915E2,-2.048639832E0,-6.525979156E0,2.382595367E0
2.918097565E2,-2.554587708E0,-7.728877716E0,2.899171143E0
2.918299225E2,-3.352727966E0,-9.253457336E0,3.549119568E0
2.918500885E2,-4.217629395E0,-1.103445374E1,4.692591705E0
2.918702535E2,-5.172493744E0,-1.290047333E1,6.589147797E0
2.918904195E2,-5.542973328E0,-1.404319702E1,8.290809174E0
2.919105845E2,-6.170917511E0,-1.492531265E1,9.357341309E0
2.919307505E2,-7.585775299E0,-1.603585327E1,9.947414246E0
2.919509155E2,-7.858807526E0,-1.623089767E1,1.009246262E1
2.919710815E2,-7.176526337E0,-1.559172684E1,1.019245468E1
2.919912475E2,-7.039860535E0,-1.548829193E1,1.048539551E1
2.920114125E2,-5.748645630E0,-1.467054245E1,1.090347610E1
2.920315785E2,-3.851191406E0,-1.205772583E1,1.210338089E1
2.920517435E2,-3.735032959E0,-9.036708069E0,1.233809280E1
2.920719095E2,-3.841761017E0,-6.639143829E0,1.072130493E1
2.920920755E2,-3.864962769E0,-5.411097565E0,8.792416077E0
2.921122405E2,-3.995042267E0,-5.176086273E0,7.842491455E0
2.921324065E2,-4.346661072E0,-5.123994598E0,7.914940796E0
2.921525715E2,-4.629273376E0,-4.890330505E0,7.942633209E0
2.921727375E2,-4.500690765E0,-4.562212830E0,8.519533539E0
2.921929025E2,-3.744163971E0,-4.646188202E0,9.377549286E0
2.922130685E2,-2.573149109E0,-5.063071289E0,9.955946503E0
2.922332345E2,-1.882036285E0,-5.662424927E0,9.948013000E0
2.922533995E2,-1.835034027E0,-6.313570862E0,9.187594299E0
2.922735655E2,-2.406246185E0,-6.967111816E0,8.230035553E0
2.922937305E2,-2.460134125E0,-7.515720978E0,7.561076660E0
2.923138965E2,-2.121987305E0,-8.194259949E0,7.085066528E0
2.923340615E2,-1.914967804E0,-9.153165894E0,7.127877502E0
2.923542275E2,-1.821112976E0,-1.022763153E1,7.841293945E0
2.923743935E2,-1.685345306E0,-1.120794296E1,8.821306000E0
2.923945585E2,-1.857038269E0,-1.187839874E1,9.117390289E0
2.924147245E2,-1.941313019E0,-1.189740921E1,8.236172791E0
2.924348895E2,-2.315385132E0,-1.170895111E1,6.633755035E0
2.924550555E2,-2.562371521E0,-1.140807678E1,5.107828217E0
2.924752205E2,-2.644251251E0,-1.117905304E1,4.183949432E0
2.924953865E2,-2.575244751E0,-1.087144272E1,3.745361481E0
2.925155525E2,-2.573747864E0,-1.038360718E1,3.187471619E0
2.925357175E2,-2.433788910E0,-9.859846344E0,2.110910339E0
2.925558835E2,-2.094444580E0,-9.092991028E0,1.493144989E0
2.925760485E2,-1.333876190E0,-7.877668304E0,1.395248566E0
2.925962145E2,-1.052461395E0,-6.909930725E0,1.563049622E0
2.926163805E2,-1.357826385E0,-5.917943573E0,1.473386078E0
2.926365455E2,-1.407223663E0,-5.022954712E0,8.002359009E-1
2.926567115E2,-1.591041412E0,-4.794978790E0,5.093907166E-1
2.926768765E2,-2.129322052E0,-5.105433197E0,2.748284912E-1
2.926970425E2,-2.739752655E0,-5.476960602E0,2.604583740E-2
2.927172075E2,-3.740421753E0,-6.060746613E0,-4.340972900E-2
2.927373735E2,-4.449347534E0,-6.621779938E0,-2.993774414E-3
2.927575395E2,-4.730612640E0,-7.730673981E0,1.475930786E-1
2.927777045E2,-5.058880005E0,-8.879834290E0,1.265318756E0
2.927978705E2,-5.930218048E0,-1.096424973E1,2.098486176E0
2.928180355E2,-4.832251282E0,-1.197719330E1,4.016747131E0
2.928382015E2,-3.212769012E0,-1.181193695E1,7.218738556E0
2.928583665E2,-3.324885864E0,-1.137604340E1,9.512718201E0
2.928785325E2,-4.485272827E0,-1.104792572E1,9.579928436E0
2.928986985E2,-5.183720398E0,-1.064466431E1,6.349346466E0
2.929188635E2,-6.336473236E0,-1.084809128E1,9.503287811E0
2.929390295E2,-6.087091827E0,-1.103729782E1,8.483907623E0
2.929591945E2,-5.714815979E0,-1.110316086E1,8.290210419E0
2.929793605E2,-4.962181091E0,-1.079809525E1,9.903555450E0
2.929995270E2,-4.249363403E0,-9.905651093E0,1.067265610E1
2.930196920E2,-3.688330078E0,-8.682843933E0,1.144235550E1
2.930398580E2,-3.649860077E0,-7.877967682E0,1.262429764E1
2.930600230E2,-3.495680695E0,-7.406448212E0,1.357242599E1
2.930801890E2,-3.593427429E0,-7.463329926E0,1.241593094E1
2.931003540E2,-3.530109100E0,-7.282356262E0,9.869725800E0
2.931205200E2,-3.094664612E0,-6.963219910E0,7.683821411E0
2.931406860E2,-2.496807861E0,-6.828500061E0,6.960974579E0
2.931608510E2,-2.098486176E0,-7.038962402E0,6.945107574E0
2.931810170E2,-1.613195343E0,-7.392377472E0,6.985074463E0
2.932011820E2,-8.270301819E-1,-7.561226349E0,6.544989624E0
2.932213480E2,-2.981799316E-1,-7.862400055E0,6.549480286E0
2.932415130E2,-7.084767151E-1,-8.232430573E0,7.322472839E0
2.932616790E2,-1.507066040E0,-8.676856384E0,7.999664612E0
2.932818450E2,-1.877994690E0,-9.392667847E0,7.281009064E0
2.933020100E2,-2.311942291E0,-1.035411850E1,6.755002899E0
2.933221760E2,-2.048340454E0,-1.092577972E1,6.690037994E0
2.933423410E2,-1.660347290E0,-1.142169846E1,6.853947144E0
2.933625070E2,-1.569037170E0,-1.146331192E1,7.090155945E0
2.933826720E2,-1.928888855E0,-1.165715881E1,6.584657135E0
2.934028380E2,-2.658321991E0,-1.202344711E1,5.489983521E0
2.934230040E2,-3.361409912E0,-1.305974213E1,4.360282745E0
2.934431690E2,-2.411634979E0,-1.236473740E1,3.484454041E0
2.934633350E2,-1.067280579E0,-1.065783691E1,3.613336029E0
2.934835000E2,-6.107299805E-2,-8.653804321E0,4.974006500E0
2.935036660E2,-2.427951050E-1,-7.475604401E0,6.856791229E0
2.935238310E2,-1.009650421E0,-6.962172089E0,5.946534119E0
2.935439970E2,-1.780697021E0,-7.176975403E0,5.084027710E0
2.935641630E2,-4.019740906E0,-9.025331726E0,5.272186432E0
2.935843280E2,-5.160668335E0,-1.042911255E1,3.754492493E0
2.936044940E2,-4.434827728E0,-1.056428146E1,1.606010284E0
2.936246590E2,-3.202889557E0,-1.017898270E1,1.373394012E0
2.936448250E2,-2.202220459E0,-9.429491272E0,2.927462311E0
2.936649900E2,-1.741628265E0,-8.354426880E0,3.802692261E0
2.936851560E2,-1.125359802E0,-7.342680817E0,3.350482635E0
2.937053210E2,-7.033872986E-1,-6.559509430E0,2.424059143E0
2.937254870E2,-9.857002258E-1,-6.153254242E0,2.117646332E0
2.937456530E2,-1.621727600E0,-6.071075134E0,2.257904663E0
2.937658180E2,-2.045496368E0,-6.035299530E0,2.014810181E0
2.937859840E2,-2.058219910E0,-6.059698792E0,1.674268341E0
2.938061490E2,-1.632355499E0,-5.975723419E0,1.652264099E0
2.938263150E2,-1.717229004E0,-6.085594940E0,1.724713440E0
2.938464810E2,-2.137854309E0,-6.161487122E0,1.914668427E0
2.938666460E2,-2.516716461E0,-6.555018768E0,1.853296051E0
2.938868120E2,-2.586920471E0,-7.179071045E0,2.442620544E0
2.939069770E2,-2.952460327E0,-7.848029938E0,3.445834351E0
2.939271430E2,-3.665128326E0,-8.444090424E0,4.303101654E0
2.939473080E2,-5.142705688E0,-9.690997467E0,4.653972015E0
2.939674740E2,-6.301296387E0,-1.104463257E1,5.056634674E0
2.939876382E2,-7.010371857E0,-1.182421143E1,6.204447784E0
2.940078042E2,-8.013885040E0,-1.290601181E1,7.524851990E0
2.940279702E2,-8.349337463E0,-1.385159546E1,8.550219727E0
2.940481353E2,-7.473808136E0,-1.385234390E1,9.708511047E0
2.940683012E2,-5.800886993E0,-1.267773651E1,1.173903854E1
2.940884663E2,-4.459676056E0,-1.024319916E1,1.408466080E1
2.941086323E2,-4.214036865E0,-8.718769226E0,1.428659088E1
2.941287973E2,-3.822002106E0,-7.745343475E0,1.121647522E1
2.941489633E2,-3.785028992E0,-7.302564240E0,7.527696075E0
2.941691293E2,-3.581152954E0,-7.373217316E0,5.804030457E0
2.941892943E2,-2.489323425E0,-6.935826874E0,5.231471100E0
2.942094603E2,-2.077380066E0,-6.591842194E0,5.198988647E0
2.942296253E2,-1.403182068E0,-6.136638794E0,5.082231445E0
2.942497913E2,-8.164022827E-1,-5.903124390E0,5.443580017E0
2.942699563E2,3.577560425E-2,-5.743107147E0,5.225034485E0
2.942901223E2,2.665956116E-1,-6.665339355E0,5.961053925E0
2.943102873E2,2.456391907E-1,-7.594457245E0,7.288643188E0
2.943304533E2,4.655319214E-2,-8.235274658E0,7.432194672E0
2.943506193E2,4.061054993E-1,-8.456514587E0,6.363716583E0
2.943707843E2,5.358856201E-1,-8.768465881E0,5.863307190E0
2.943909503E2,6.472540283E-1,-9.367071075E0,6.294710083E0
2.944111152E2,1.094523926E0,-1.001372635E1,6.676865387E0
2.944312812E2,1.451082458E0,-9.914782104E0,6.405330048E0
2.944514462E2,9.527687073E-1,-9.740544434E0,5.447022858E0
2.944716122E2,-4.715194702E-2,-1.043270508E1,4.481979675E0
2.944917773E2,-1.781295776E-2,-1.035920792E1,3.805236969E0
2.945119433E2,6.418652344E-1,-9.721384277E0,3.585793304E0
2.945321092E2,4.983137512E-1,-9.524393921E0,3.631598053E0
2.945522743E2,-1.505868530E-1,-9.705666962E0,3.246598663E0
2.945724403E2,-8.741821289E-2,-8.908275146E0,2.956052856E0
2.945926053E2,-2.320175171E-2,-8.131390686E0,3.471730499E0
2.946127713E2,-3.912863159E-1,-8.110284576E0,4.233646088E0
2.946329363E2,-8.041278076E-1,-8.475974121E0,5.018014984E0
2.946531023E2,-1.117126923E0,-8.830437012E0,5.790558472E0
2.946732683E2,-1.291514282E0,-8.938362579E0,6.036047974E0
2.946934333E2,-1.481020203E0,-9.202263794E0,6.097270660E0
2.947135993E2,-7.306306458E-1,-9.486223297E0,6.972500610E0
2.947337643E2,-2.923420715E-1,-9.466913452E0,8.119864655E0
2.947539303E2,-4.484674072E-1,-9.179810486E0,8.230783997E0
2.947740953E2,-6.554869080E-1,-8.963210907E0,7.127877502E0
2.947942613E2,-8.289761353E-1,-8.419391785E0,5.878276062E0
2.948144262E2,-1.181044006E0,-8.117769012E0,5.272785187E0
2.948345923E2,-1.858385468E0,-8.159232788E0,4.664899292E0
2.948547583E2,-2.423161011E0,-8.074059906E0,4.031865692E0
2.948749232E2,-3.072510681E0,-7.810458069E0,3.597319336E0
2.948950892E2,-3.737427979E0,-7.660020905E0,3.176694031E0
2.949152542E2,-4.323758698E0,-7.576644287E0,2.869233398E0
2.949354202E2,-4.534221039E0,-7.517966309E0,2.568059692E0
2.949555853E2,-4.418661346E0,-7.685617676E0,2.590363312E0
2.949757512E2,-3.967649231E0,-7.558681641E0,3.264561310E0
2.949959170E2,-3.863914948E0,-7.455246735E0,4.131109314E0
2.950160830E2,-3.643872528E0,-7.765551453E0,4.349654846E0
2.950362490E2,-3.701203308E0,-8.001760254E0,5.215903473E0
2.950564140E2,-4.061803436E0,-8.190218353E0,6.136189728E0
2.950765800E2,-3.830384674E0,-8.640631714E0,5.860014038E0
2.950967450E2,-3.209775238E0,-9.202862549E0,5.473068695E0
2.951169110E2,-3.009791107E0,-9.840237122E0,6.186634827E0
2.951370760E2,-3.679648132E0,-1.037672150E1,7.490273895E0
2.951572420E2,-3.873944092E0,-1.050530411E1,7.793842621E0
2.951774070E2,-3.451971588E0,-1.058853104E1,8.119714966E0
2.951975730E2,-3.616629181E0,-1.088326813E1,8.493038635E0
2.952177380E2,-4.148323517E0,-1.137394775E1,8.907676392E0
2.952379040E2,-4.811145172E0,-1.202329742E1,8.998537445E0
2.952580700E2,-5.466033325E0,-1.271291336E1,9.008566589E0
2.952782350E2,-5.042863312E0,-1.273327103E1,8.727900238E0
2.952984010E2,-3.847149811E0,-1.136825958E1,8.436605988E0
2.953185660E2,-2.971620483E0,-9.082662506E0,8.435109100E0
2.953387320E2,-2.776725769E0,-7.332951050E0,8.349936218E0
2.953588970E2,-3.119063873E0,-6.912924500E0,6.540498962E0
2.953790630E2,-3.364703064E0,-6.775809631E0,5.059179382E0
2.953992280E2,-3.666325836E0,-7.293882294E0,3.400478668E0
2.954193940E2,-3.938609619E0,-8.059390411E0,2.215393066E0
2.954395600E2,-3.522624664E0,-8.230334930E0,1.323847046E0
2.954597250E2,-2.807711334E0,-8.049960022E0,2.335144043E0
2.954798910E2,-2.029928741E0,-8.229736176E0,3.784729614E0
2.955000560E2,-1.916614380E0,-8.520880737E0,4.207450562E0
2.955202220E2,-2.058968353E0,-8.418942719E0,3.222349091E0
2.955403870E2,-2.210453339E0,-7.774682465E0,1.902693329E0
2.955605530E2,-2.002685394E0,-7.011269989E0,1.378483429E0
2.955807180E2,-2.130968628E0,-6.899901581E0,1.325792999E0
2.956008840E2,-1.845512238E0,-7.011569366E0,7.746391296E-1
2.956210500E2,-1.672472076E0,-6.834337921E0,5.011578369E-1
2.956412150E2,-2.070344696E0,-6.693929901E0,-1.781295776E-2
2.956613810E2,-2.611020355E0,-6.135890350E0,-9.337582397E-1
2.956815460E2,-2.864293671E0,-5.488636322E0,-1.477577362E0
2.957017120E2,-2.674039307E0,-5.169649658E0,-8.887019348E-1
2.957218770E2,-2.416724396E0,-5.393883362E0,4.102967834E-1
2.957420430E2,-2.237097931E0,-6.202202454E0,2.032024384E0
2.957622080E2,-2.081721039E0,-6.408473511E0,3.851939850E0
2.957823740E2,-2.858455811E0,-6.455924835E0,4.969216461E0
2.958025390E2,-4.597838745E0,-6.895560608E0,4.774172058E0
2.958227050E2,-5.709277496E0,-7.542964325E0,4.128414917E0
2.958428710E2,-5.738017731E0,-8.294701080E0,3.803141327E0
2.958630360E2,-5.392985229E0,-9.086853790E0,5.384452972E0
2.958832020E2,-5.371280365E0,-1.070738388E1,8.022866364E0
2.959033670E2,-5.222340088E0,-1.184052750E1,1.123398880E1
2.959235330E2,-6.352938995E0,-1.296603699E1,1.365954483E1
2.959436980E2,-7.871680756E0,-1.273132507E1,1.291544220E1
2.959638640E2,-7.198530579E0,-1.075977493E1,1.067310516E1
2.959840290E2,-6.606661377E0,-9.759105835E0,1.202898560E1
2.960041946E2,-4.795427856E0,-9.526489563E0,1.425770096E1
2.960243596E2,-3.012335815E0,-9.888885956E0,1.307575882E1
2.960445256E2,-2.018702087E0,-1.002570145E1,9.170679474E0
2.960646916E2,-1.213227081E0,-9.560169525E0,6.236630859E0
2.960848566E2,-7.048841858E-1,-8.897796936E0,5.276826782E0
2.961050226E2,-7.701484680E-1,-8.675060120E0,5.674699402E0
2.961251876E2,-1.257085876E0,-8.863069153E0,5.672753448E0
2.961453536E2,-2.320474548E0,-9.989626465E0,6.195915527E0
2.961655186E2,-2.596650238E0,-1.076276871E1,6.284680939E0
2.961856846E2,-2.611020355E0,-1.124147324E1,5.961053925E0
2.962058496E2,-2.923570404E0,-1.168604874E1,5.410947876E0
2.962260156E2,-3.458258514E0,-1.209709396E1,4.925507355E0
2.962461806E2,-3.936364288E0,-1.201012482E1,4.224814453E0
2.962663466E2,-4.077969818E0,-1.190878555E1,3.438798981E0
2.962865126E2,-3.567830658E0,-1.146570694E1,2.738854523E0
2.963066776E2,-3.005749512E0,-1.104059097E1,2.274071045E0
2.963268436E2,-2.339335327E0,-1.031819321E1,2.139351196E0
2.963470086E2,-1.905986481E0,-9.619595947E0,2.364632721E0
2.963671746E2,-1.600322113E0,-8.936117249E0,2.277214508E0
2.963873396E2,-1.288819885E0,-8.565787354E0,2.071542206E0
2.964075056E2,-1.576371918E0,-8.928782501E0,2.293829956E0
2.964276706E2,-2.529739380E0,-9.663903809E0,2.520159302E0
2.964478366E2,-2.706671448E0,-1.010398865E1,2.267484741E0
2.964680016E2,-3.110082550E0,-1.074016571E1,1.524130554E0
2.964881676E2,-3.426823883E0,-1.133083740E1,1.469344482E0
2.965083326E2,-3.579955444E0,-1.184202438E1,2.050885162E0
2.965284986E2,-3.946692810E0,-1.162497574E1,2.727927246E0
2.965486646E2,-4.591102753E0,-1.155058044E1,2.752925262E0
2.965688296E2,-5.482199707E0,-1.179502213E1,2.453847198E0
2.965889956E2,-6.303242340E0,-1.201955521E1,1.876946869E0
2.966091606E2,-6.317163391E0,-1.142993134E1,1.342109070E0
2.966293266E2,-5.408403168E0,-9.790241089E0,2.092199249E0
2.966494916E2,-4.958438873E0,-8.730594635E0,3.828738098E0
2.966696576E2,-5.211412811E0,-8.466244354E0,5.645809479E0
2.966898226E2,-5.187013550E0,-7.970924377E0,6.302493896E0
2.967099886E2,-5.474864960E0,-7.659871216E0,5.471122742E0
2.967301536E2,-4.887187042E0,-6.989265747E0,4.454287262E0
2.967503196E2,-4.745132446E0,-6.583609314E0,3.910767517E0
2.967704846E2,-4.553680573E0,-5.850883026E0,3.899840240E0
2.967906506E2,-4.573589172E0,-5.367687836E0,3.986510010E0
2.968108166E2,-4.360282745E0,-4.879852295E0,3.953428802E0
2.968309816E2,-3.934118958E0,-4.568200378E0,3.837270355E0
2.968511476E2,-3.524271240E0,-4.535568237E0,4.190086670E0
2.968713126E2,-3.622467041E0,-4.821473694E0,4.534670105E0
2.968914786E2,-3.969295807E0,-5.303022308E0,5.126688995E0
2.969116436E2,-3.921395416E0,-6.062542877E0,5.024451599E0
2.969318096E2,-4.461622009E0,-6.913672943E0,5.354215851E0
2.969519746E2,-5.260660400E0,-7.708819427E0,6.068680115E0
2.969721406E2,-5.211562500E0,-7.688761139E0,6.957980804E0
2.969923051E2,-4.665048981E0,-7.269932098E0,7.784861298E0
2.970124711E2,-4.662055206E0,-6.932833099E0,8.031398621E0
2.970326361E2,-4.943320312E0,-6.524931335E0,7.632029114E0
2.970528021E2,-5.375471649E0,-6.322552185E0,7.502698059E0
2.970729671E2,-5.640720062E0,-6.210135956E0,7.698490906E0
2.970931331E2,-6.085445251E0,-6.636898499E0,7.103627930E0
2.971132991E2,-6.216572571E0,-7.024292908E0,6.746770020E0
2.971334641E2,-6.084247742E0,-8.226592712E0,6.749165039E0
2.971536301E2,-6.463409271E0,-9.745035095E0,6.730603638E0
2.971737951E2,-6.881489868E0,-1.136796021E1,7.080426178E0
2.971939611E2,-8.170010376E0,-1.412073578E1,7.357350311E0
2.972141261E2,-8.889564056E0,-1.551194275E1,6.909481659E0
2.972342921E2,-7.134463806E0,-1.497485962E1,6.023623810E0
2.972544571E2,-4.775219879E0,-1.298983749E1,7.188950500E0
2.972746231E2,-3.911066895E0,-1.249616409E1,8.571774902E0
2.972947881E2,-3.961961060E0,-1.253044281E1,8.826545105E0
2.973149541E2,-4.656816101E0,-1.270662643E1,7.514373779E0
2.973351191E2,-4.809348907E0,-1.267459305E1,5.838907928E0
2.973552851E2,-3.684288483E0,-1.210637466E1,4.392465820E0
2.973754501E2,-2.828368378E0,-1.130015121E1,3.785478058E0
2.973956161E2,-2.854414215E0,-1.051099228E1,4.753215637E0
2.974157821E2,-3.270997925E0,-9.987530823E0,5.689518585E0
2.974359471E2,-2.383643188E0,-8.886121216E0,2.520758057E0
2.974561131E2,-1.037342834E0,-7.972720642E0,-2.163900146E0
2.974762781E2,-1.354084167E0,-6.966812439E0,5.583389282E-1
2.974964441E2,-1.284628601E0,-6.529272308E0,3.055895233E0
2.975166091E2,-1.366807709E0,-6.005511475E0,4.240382080E0
2.975367751E2,-1.645079041E0,-6.152206421E0,3.794309692E0
2.975569401E2,-1.442999268E0,-6.380631409E0,1.184636536E0
2.975771061E2,-1.302142181E0,-7.138655090E0,-6.149212646E-1
2.975972711E2,-2.210004272E0,-8.367300110E0,-9.855505371E-1
2.976174371E2,-2.327958984E0,-9.139544220E0,-2.691403198E-1
2.976376021E2,-2.057920532E0,-1.022897873E1,1.179397430E0
2.976577681E2,-2.203417969E0,-1.142109970E1,3.027604065E0
2.976779331E2,-2.921175385E0,-1.224603424E1,3.487747192E0
2.976980991E2,-2.903661804E0,-1.302381683E1,2.897674255E0
2.977182641E2,-2.738255768E0,-1.310719345E1,3.407663727E0
2.977384301E2,-3.427871704E0,-1.294328430E1,4.404889984E0
2.977585961E2,-4.176015930E0,-1.282577866E1,5.169350281E0
2.977787611E2,-5.419031067E0,-1.291274780E1,5.248385925E0
2.977989271E2,-6.077811127E0,-1.261142441E1,4.820276184E0
2.978190921E2,-5.274880829E0,-1.132080826E1,4.581971741E0
2.978392581E2,-4.577780457E0,-1.025053391E1,5.449717255E0
2.978594231E2,-5.071154480E0,-9.612710266E0,6.873256989E0
2.978795891E2,-5.672603760E0,-9.390422516E0,7.331753540E0
2.978997541E2,-5.148543549E0,-8.724158020E0,6.877597961E0
2.979199201E2,-4.047283630E0,-7.778574371E0,6.712640991E0
2.979400851E2,-3.786974945E0,-6.815926208E0,6.196663971E0
2.979602511E2,-4.368066559E0,-6.159241791E0,5.493426361E0
2.979804161E2,-4.239034882E0,-5.329217834E0,5.085374908E0
2.980005828E2,-3.301534424E0,-4.620142365E0,4.775519257E0
2.980207478E2,-2.947969666E0,-4.119433594E0,4.972060547E0
2.980409138E2,-3.684288483E0,-4.018842773E0,5.090164948E0
2.980610788E2,-4.439917145E0,-4.225113831E0,4.708758087E0
2.980812448E2,-4.429139557E0,-4.615951080E0,4.787943420E0
2.981014098E2,-4.359833679E0,-5.229525146E0,5.034181366E0
2.981215758E2,-4.536166992E0,-6.146218872E0,5.283712463E0
2.981417408E2,-4.340823212E0,-7.188501434E0,5.918093262E0
2.981619068E2,-4.304598541E0,-8.005203094E0,7.052284698E0
2.981820728E2,-4.262685699E0,-8.509504395E0,8.151299286E0
2.982022378E2,-4.466412048E0,-8.591234436E0,8.465196533E0
2.982224038E2,-4.781357117E0,-8.906628571E0,8.966653748E0
2.982425688E2,-5.224735107E0,-9.464518433E0,9.462422791E0
2.982627348E2,-5.278772736E0,-9.992320862E0,8.993597717E0
2.982828998E2,-5.413791962E0,-1.053988220E1,8.087980957E0
2.983030658E2,-5.205874329E0,-1.095661560E1,8.328530731E0
2.983232308E2,-4.793930969E0,-1.091604996E1,8.562344513E0
2.983433968E2,-4.777016144E0,-1.039827667E1,8.030051422E0
2.983635618E2,-4.800666962E0,-9.820478210E0,7.325466614E0
2.983837278E2,-4.794679413E0,-9.990973663E0,7.586374054E0
2.984038928E2,-3.529660034E0,-1.100855759E1,7.613916779E0
2.984240588E2,-3.050955505E0,-1.120435043E1,7.847730560E0
2.984442238E2,-3.174149323E0,-1.122919876E1,7.573500824E0
2.984643898E2,-3.084635468E0,-1.097847015E1,8.497080231E0
2.984845548E2,-2.927013245E0,-1.082938019E1,5.435945892E0
2.985047208E2,-3.044518890E0,-9.763147430E0,5.498815155E0
2.985248858E2,-3.221600647E0,-9.341923370E0,5.311554565E0
2.985450518E2,-1.677112427E0,-8.349936218E0,3.386407928E0
2.985652168E2,-2.218237152E0,-7.543712769E0,3.056194611E0
2.985853828E2,-2.182611237E0,-7.378157043E0,3.118016052E0
2.986055478E2,-1.932182007E0,-7.074887695E0,2.515818329E0
2.986257138E2,-2.051783295E0,-7.336992645E0,2.232008514E0
2.986458788E2,-2.197580109E0,-7.720495148E0,2.396815796E0
2.986660448E2,-2.114203491E0,-8.124804382E0,1.984423370E0
2.986862108E2,-1.869312744E0,-8.251291351E0,1.481618958E0
2.987063758E2,-1.986069946E0,-8.610095215E0,8.500822449E-1
2.987265418E2,-2.034269714E0,-8.793912964E0,1.198856964E0
2.987467068E2,-2.114053802E0,-9.388326874E0,2.285148010E0
2.987668728E2,-1.970202942E0,-1.016401382E1,2.859952698E0
2.987870378E2,-2.110311584E0,-1.111274094E1,2.817890167E0
2.988072038E2,-2.513423309E0,-1.188139252E1,3.152743835E0
2.988273688E2,-3.620072021E0,-1.256532028E1,3.635340271E0
2.988475348E2,-5.212310944E0,-1.337154373E1,3.785028992E0
2.988676998E2,-6.474186859E0,-1.454166046E1,2.971919861E0
2.988878658E2,-6.206393738E0,-1.498878067E1,1.852996674E0
2.989080308E2,-4.973407745E0,-1.345402222E1,1.535955963E0
2.989281968E2,-4.147275696E0,-1.143082947E1,2.669099579E0
2.989483618E2,-3.849993896E0,-9.521998901E0,4.210594025E0
2.989685278E2,-3.546874237E0,-8.105494537E0,5.136867828E0
2.989886927E2,-3.983216858E0,-7.616910553E0,5.587430878E0
2.990088587E2,-5.049599304E0,-7.382048950E0,5.817352753E0
2.990290237E2,-6.787635040E0,-7.424560547E0,5.109774170E0
2.990491897E2,-6.641688538E0,-6.878945160E0,4.063300323E0
2.990693547E2,-6.207441559E0,-6.667285309E0,3.899989929E0
2.990895207E2,-5.790857849E0,-5.871989136E0,6.482419739E0
2.991096857E2,-6.360872498E0,-5.473068695E0,7.391479340E0
2.991298517E2,-6.349047089E0,-4.811444550E0,6.614594879E0
2.991500167E2,-5.458548889E0,-4.605472870E0,5.403313751E0
2.991701827E2,-3.899690552E0,-4.439617767E0,4.600383453E0
2.991903477E2,-3.253783722E0,-4.655618591E0,4.660258942E0
2.992105137E2,-3.281925201E0,-5.114863586E0,5.148094482E0
2.992306787E2,-3.731290741E0,-5.571863251E0,5.169050903E0
2.992508447E2,-3.576063538E0,-5.880222015E0,4.832251282E0
2.992710097E2,-3.205284576E0,-5.968987427E0,4.554279327E0
2.992911757E2,-3.398682404E0,-6.349047089E0,4.856351166E0
2.993113407E2,-4.091741180E0,-6.531667328E0,5.472919006E0
2.993315067E2,-4.561464386E0,-6.675368500E0,5.808521118E0
2.993516717E2,-4.557273102E0,-6.486611023E0,5.699697418E0
2.993718377E2,-4.567451935E0,-6.876550140E0,5.396577759E0
2.993920027E2,-4.283791809E0,-6.755302277E0,5.778283997E0
2.994121687E2,-4.301155701E0,-6.776707764E0,5.983058167E0
2.994323347E2,-4.573589172E0,-7.436984711E0,6.157295837E0
2.994524997E2,-5.669909363E0,-8.616082764E0,6.488556976E0
2.994726657E2,-6.943460999E0,-9.996961212E0,6.431226196E0
2.994928307E2,-6.998696136E0,-1.158815231E1,6.149512024E0
2.995129967E2,-6.705755310E0,-1.354967331E1,6.124514008E0
2.995331617E2,-7.292385406E0,-1.520313492E1,7.831863556E0
2.995533277E2,-7.019502869E0,-1.444151871E1,9.163793793E0
2.995734927E2,-5.887856140E0,-1.236698273E1,8.242759094E0
2.995936587E2,-4.572092285E0,-1.081680634E1,6.716981964E0
2.996138237E2,-3.203188934E0,-9.802665253E0,6.196514282E0
2.996339897E2,-3.362757111E0,-9.652527466E0,6.208938446E0
2.996541547E2,-3.899989929E0,-9.647887115E0,7.227869568E0
2.996743207E2,-3.783382416E0,-9.702673187E0,4.946164398E0
2.996944857E2,-3.018023987E0,-8.569379883E0,2.492766266E0
2.997146517E2,-2.703827362E0,-7.805668030E0,1.798659668E0
2.997348167E2,-3.088227997E0,-7.510032806E0,2.372865601E0
2.997549827E2,-3.551514587E0,-7.131769409E0,4.377796326E0
2.997751477E2,-2.825374603E0,-6.879543915E0,4.377047882E0
2.997953137E2,-1.960473175E0,-6.584208069E0,3.454965363E0
2.998154787E2,-1.535806274E0,-6.396947479E0,2.390828247E0
2.998356447E2,-1.550026703E0,-6.442003784E0,1.698368225E0
2.998558097E2,-1.793420563E0,-6.797364807E0,2.062710571E0
2.998759757E2,-1.930535431E0,-7.325616302E0,2.242037659E0
2.998961407E2,-1.769470367E0,-8.152646484E0,1.520238647E0
2.999163067E2,-1.746268616E0,-8.671168213E0,1.931583252E0
2.999364717E2,-2.325264587E0,-9.452243958E0,2.765648804E0
2.999566377E2,-2.883902893E0,-1.000908600E1,3.026406555E0
2.999768027E2,-3.069816284E0,-1.041339523E1,2.915786591E0
2.999969687E2,-3.230432281E0,-1.082938019E1,2.497556305E0
3.000171337E2,-3.702251129E0,-1.143352386E1,2.255958710E0
3.000372997E2,-4.518054657E0,-1.245110779E1,3.049009552E0
3.000574647E2,-4.892575836E0,-1.246323257E1,3.640279999E0
3.000776307E2,-6.458319855E0,-1.326571381E1,3.781286774E0
3.000977957E2,-6.876849518E0,-1.273836044E1,3.249442749E0
3.001179617E2,-6.316265259E0,-1.157063873E1,2.803220673E0
3.001381267E2,-5.004692688E0,-9.978549500E0,3.614832916E0
3.001582927E2,-4.159849548E0,-9.138346710E0,5.077142029E0
3.001784577E2,-5.271138611E0,-8.671168213E0,5.660928040E0
3.001986237E2,-6.038143616E0,-8.123008118E0,4.928800507E0
3.002187887E2,-5.647456055E0,-7.864795074E0,3.692521362E0
3.002389547E2,-5.243745575E0,-7.717052307E0,3.220103760E0
3.002591197E2,-4.599784698E0,-7.776778107E0,3.480562134E0
3.002792857E2,-4.053869934E0,-7.203170929E0,5.276377716E0
3.002994507E2,-3.472628632E0,-6.414760437E0,5.817352753E0
3.003196167E2,-3.245700531E0,-5.570516052E0,5.619164886E0
3.003397817E2,-3.102747803E0,-4.763544159E0,5.103786621E0
3.003599477E2,-3.275787964E0,-4.131109314E0,4.547842712E0
3.003801127E2,-3.628454590E0,-3.908372498E0,4.181704102E0
3.004002787E2,-3.936663666E0,-3.991449738E0,3.931723938E0
3.004204437E2,-3.999981995E0,-4.515210571E0,4.111051025E0
3.004406097E2,-3.934418335E0,-4.974904633E0,4.557871857E0
3.004607747E2,-4.319268036E0,-5.842949524E0,4.626129913E0
3.004809407E2,-4.493206329E0,-6.718628540E0,4.757706299E0
3.005011057E2,-4.819527740E0,-7.420369263E0,5.222938843E0
3.005212717E2,-5.068460083E0,-8.261919250E0,5.647156677E0
3.005414367E2,-5.074597321E0,-9.172475739E0,6.074967041E0
3.005616027E2,-4.900808716E0,-9.828411713E0,6.698420563E0
3.005817677E2,-5.216053162E0,-1.037911652E1,7.271279297E0
3.006019337E2,-4.914280701E0,-1.014051270E1,7.508535919E0
3.006220987E2,-4.764292603E0,-1.090886490E1,7.542814636E0
3.006422647E2,-3.504961395E0,-1.045111679E1,8.051756287E0
3.006624297E2,-2.839445343E0,-9.524094543E0,8.085885315E0
3.006825957E2,-2.839295654E0,-8.334817657E0,7.168143768E0
3.007027607E2,-3.079695740E0,-7.881410522E0,5.861061859E0
3.007229267E2,-3.297492828E0,-7.688312073E0,5.185965729E0
3.007430917E2,-3.580404510E0,-8.027506714E0,5.084626465E0
3.007632577E2,-3.631598053E0,-8.381071472E0,4.901856537E0
3.007834227E2,-3.553011475E0,-8.687334595E0,5.208868103E0
3.008035887E2,-2.910697174E0,-8.894653473E0,5.563031616E0
3.008237537E2,-2.286944275E0,-8.809031525E0,5.688919830E0
3.008439197E2,-1.996997223E0,-8.639134827E0,5.500461731E0
3.008640847E2,-2.465672607E0,-8.472531281E0,5.548811188E0
3.008842507E2,-2.477348328E0,-7.980654144E0,5.727689209E0
3.009044157E2,-2.264490967E0,-7.483986969E0,5.700445862E0
3.009245817E2,-1.966161346E0,-7.193740540E0,5.983806610E0
3.009447467E2,-2.077978821E0,-7.245682526E0,6.149062958E0
3.009649127E2,-2.142195282E0,-7.355703735E0,5.890101471E0
3.009850777E2,-1.914668427E0,-7.605683899E0,5.474715271E0
3.010052434E2,-1.425635376E0,-7.649542694E0,4.858147430E0
3.010254084E2,-1.179846497E0,-7.642207947E0,4.669839020E0
3.010455744E2,-1.773811340E0,-7.862549744E0,4.748126221E0
3.010657394E2,-2.510728912E0,-8.171357574E0,4.643643494E0
3.010859054E2,-2.837948456E0,-8.557704163E0,4.133055267E0
3.011060704E2,-2.880609741E0,-8.951086121E0,3.641926575E0
3.011262364E2,-3.129841461E0,-9.298363953E0,3.224444733E0
3.011464014E2,-3.826941833E0,-9.827962646E0,2.688708801E0
3.011665674E2,-4.135300598E0,-1.021445892E1,2.067201233E0
3.011867324E2,-4.012406158E0,-1.071591614E1,2.162103882E0
3.012068984E2,-3.962410126E0,-1.106948090E1,2.714455261E0
3.012270634E2,-4.053570557E0,-1.099194214E1,2.654130707E0
3.012472294E2,-4.469555511E0,-1.102562210E1,2.972817993E0
3.012673944E2,-5.414091339E0,-1.191282715E1,2.495161285E0
3.012875604E2,-5.311704254E0,-1.194201645E1,1.480720825E0
3.013077254E2,-4.746779022E0,-1.083087708E1,2.038910065E0
3.013278914E2,-5.023254089E0,-1.000579285E1,3.310815125E0
3.013480564E2,-5.249433746E0,-9.305549011E0,4.049229584E0
3.013682214E2,-5.562881927E0,-9.075627136E0,4.209396515E0
3.013883874E2,-5.550308075E0,-8.796008606E0,3.898043976E0
3.014085524E2,-5.564378815E0,-8.557105408E0,3.351680145E0
3.014287184E2,-5.651946716E0,-8.443192291E0,1.977388000E0
3.014488834E2,-5.507796478E0,-7.736811218E0,3.527564392E0
3.014690494E2,-4.918172607E0,-7.296427002E0,4.623435516E0
3.014892144E2,-4.530778198E0,-6.850055237E0,4.692442017E0
3.015093804E2,-4.822671204E0,-6.657854919E0,4.340823212E0
3.015295454E2,-4.551884308E0,-6.337371368E0,4.138144684E0
3.015497114E2,-4.200115814E0,-6.088738403E0,4.204007721E0
3.015698764E2,-4.148173828E0,-5.747747498E0,4.593048706E0
3.015900424E2,-3.910019073E0,-5.551954651E0,4.591402130E0
3.016102074E2,-3.859274597E0,-5.521867218E0,4.654421082E0
3.016303734E2,-3.926185455E0,-5.801485748E0,4.784500580E0
3.016505384E2,-3.964954834E0,-5.916296997E0,4.697381744E0
3.016707044E2,-4.152514801E0,-5.919590149E0,4.433630219E0
3.016908694E2,-4.110452271E0,-5.926026764E0,4.298311615E0
3.017110354E2,-3.764671326E0,-5.932313690E0,4.187991028E0
3.017312004E2,-3.419489136E0,-5.819897461E0,4.020639038E0
3.017513664E2,-3.495830383E0,-5.787714386E0,3.796704712E0
3.017715314E2,-3.766018524E0,-5.915099487E0,3.653302917E0
3.017916974E2,-3.863465881E0,-6.073919220E0,3.759282532E0
3.018118624E2,-3.590283966E0,-6.063740387E0,3.811224518E0
3.018320284E2,-4.245920563E0,-6.422544250E0,3.723656616E0
3.018521934E2,-4.710853729E0,-6.743327179E0,3.679199066E0
3.018723594E2,-4.758454742E0,-6.937323761E0,3.871399384E0
3.018925244E2,-4.175866241E0,-6.655160522E0,4.395758972E0
3.019126904E2,-4.116589508E0,-6.811884613E0,4.772824860E0
3.019328554E2,-4.285887451E0,-7.113357697E0,4.739593964E0
3.019530214E2,-4.684059448E0,-7.397466888E0,4.705165558E0
3.019731864E2,-5.465135193E0,-7.719746704E0,4.727469177E0
3.019933525E2,-5.705984344E0,-8.080047455E0,4.821024628E0
3.020135175E2,-5.547913055E0,-9.036408691E0,4.906646576E0
3.020336835E2,-5.101541290E0,-9.975555725E0,5.401068420E0
3.020538485E2,-5.267246704E0,-1.098355957E1,5.873186646E0
3.020740145E2,-5.433401184E0,-1.170281387E1,6.352040863E0
3.020941795E2,-4.473148041E0,-1.092084000E1,7.171137543E0
3.021143455E2,-3.156336365E0,-8.973240051E0,7.796387329E0
3.021345105E2,-2.158511353E0,-7.559130707E0,8.475075989E0
3.021546755E2,-2.078278198E0,-7.303312683E0,8.442443848E0
3.021748415E2,-2.279010773E0,-7.683372345E0,7.187453613E0
3.021950065E2,-2.370620270E0,-8.440198517E0,5.636828156E0
3.022151725E2,-2.798430634E0,-9.470805359E0,4.641398163E0
3.022353375E2,-3.124752045E0,-1.004037094E1,4.418661346E0
3.022555035E2,-3.383863220E0,-1.036489609E1,4.258045349E0
3.022756685E2,-3.138074341E0,-1.036923706E1,4.228706360E0
3.022958345E2,-2.930007019E0,-1.019455032E1,4.702321472E0
3.023159995E2,-2.893632660E0,-9.977052612E0,5.355712738E0
3.023361655E2,-2.836451569E0,-9.608369293E0,5.634283447E0
3.023563305E2,-2.733465729E0,-9.446256409E0,5.095553741E0
3.023764965E2,-2.714754639E0,-9.400451660E0,4.971461792E0
3.023966615E2,-2.506687317E0,-9.687554626E0,4.633464661E0
3.024168275E2,-2.240690460E0,-9.729617157E0,4.540957031E0
3.024369925E2,-1.785636749E0,-9.517807617E0,4.757406921E0
3.024571585E2,-1.506167908E0,-9.088799744E0,4.946463776E0
3.024773235E2,-1.582060089E0,-9.011710052E0,4.688400421E0
3.024974895E2,-1.679208069E0,-8.895401917E0,4.252806244E0
3.025176545E2,-1.710193634E0,-8.763975220E0,4.179608459E0
3.025378205E2,-1.830094299E0,-8.518635406E0,4.463268585E0
3.025579855E2,-1.998494110E0,-8.243208160E0,4.132755890E0
3.025781515E2,-2.189197540E0,-8.026907959E0,3.855233002E0
3.025983165E2,-2.582729187E0,-7.841144257E0,3.843108215E0
3.026184825E2,-2.916385345E0,-7.976462860E0,3.773353271E0
3.026386475E2,-3.177891541E0,-8.133785706E0,3.547173615E0
3.026588125E2,-3.156036987E0,-8.074209595E0,3.372636566E0
3.026789785E2,-3.341651001E0,-7.850275269E0,3.625311127E0
3.026991435E2,-4.048331451E0,-7.709567871E0,3.967948608E0
3.027193095E2,-5.013374634E0,-7.786507874E0,3.799249420E0
3.027394745E2,-6.162085876E0,-8.086933136E0,3.573967896E0
3.027596405E2,-6.820267181E0,-8.757538605E0,3.187022552E0
3.027798055E2,-7.198530579E0,-9.297765198E0,3.402723999E0
3.027999715E2,-7.587421875E0,-9.673483887E0,3.640579376E0
3.028201365E2,-7.690557404E0,-8.725505219E0,3.396137695E0
3.028403025E2,-6.866071930E0,-7.429200897E0,3.382366333E0
3.028604675E2,-5.807922363E0,-6.224356384E0,4.300706635E0
3.028806335E2,-5.440137177E0,-5.514831848E0,5.210065613E0
3.029007985E2,-5.247038727E0,-5.241949310E0,5.280119934E0
3.029209645E2,-5.108426971E0,-5.244194641E0,5.009033661E0
3.029411295E2,-5.266797638E0,-5.587281189E0,4.685706024E0
3.029612955E2,-5.657335510E0,-5.893394623E0,4.186494141E0
3.029814605E2,-6.232439575E0,-5.887407074E0,4.407584381E0
3.030016268E2,-7.113657074E0,-5.981561279E0,4.342469788E0
3.030217918E2,-6.909631348E0,-5.801336060E0,3.587140503E0
3.030419578E2,-6.033802643E0,-5.803880768E0,3.657045135E0
3.030621228E2,-5.081483002E0,-5.776188354E0,4.175716553E0
3.030822878E2,-4.148024139E0,-5.804479523E0,4.659211121E0
3.031024538E2,-3.464096375E0,-5.902974701E0,5.061574402E0
3.031226188E2,-3.405717773E0,-6.004763031E0,5.685177612E0
3.031427848E2,-3.788322144E0,-6.023174744E0,5.816005554E0
3.031629498E2,-4.293072510E0,-6.069578247E0,5.204078064E0
3.031831158E2,-4.520299988E0,-6.104455719E0,4.792284393E0
3.032032808E2,-4.437671814E0,-6.070925446E0,4.964576111E0
3.032234468E2,-4.230352936E0,-6.096821594E0,5.170248413E0
3.032436118E2,-4.326902161E0,-6.105054474E0,5.079537048E0
3.032637778E2,-4.031865692E0,-6.008654938E0,4.676125946E0
3.032839428E2,-3.799249420E0,-5.871989136E0,4.455933838E0
3.033041088E2,-3.672762451E0,-5.694757690E0,4.378993835E0
3.033242738E2,-3.945195923E0,-5.850134583E0,4.776267700E0
3.033444398E2,-4.072880402E0,-6.154900818E0,4.738246765E0
3.033646048E2,-4.257596283E0,-6.465654602E0,4.617298279E0
3.033847708E2,-4.101470947E0,-6.771019592E0,4.539460144E0
3.034049358E2,-4.254452820E0,-7.653584290E0,4.372257843E0
3.034251018E2,-4.242477722E0,-8.949738922E0,4.346062317E0
3.034452668E2,-3.926035767E0,-9.643695831E0,6.009253693E0
3.034654318E2,-3.808230743E0,-9.440119171E0,8.023465118E0
3.034855978E2,-4.238735504E0,-9.312285004E0,8.940907288E0
3.035057628E2,-4.950056305E0,-9.895621948E0,9.283245392E0
3.035259288E2,-5.602699127E0,-1.042851379E1,9.238189087E0
3.035460938E2,-5.465284882E0,-1.081261505E1,7.987988892E0
3.035662598E2,-4.874912567E0,-1.159354111E1,6.956334229E0
3.035864248E2,-4.341871033E0,-1.223211319E1,6.414461060E0
3.036065908E2,-3.841311951E0,-1.259540771E1,5.891598358E0
3.036267558E2,-3.380270691E0,-1.277383667E1,5.119354248E0
3.036469218E2,-2.927612000E0,-1.218915253E1,4.709356842E0
3.036670868E2,-2.766546936E0,-1.178798676E1,4.292773132E0
3.036872528E2,-2.687511292E0,-1.126183090E1,3.964505768E0
3.037074178E2,-2.597698059E0,-1.073357941E1,3.426225128E0
3.037275838E2,-2.769989777E0,-1.045306274E1,2.702480164E0
3.037477488E2,-2.865790558E0,-1.029738647E1,1.985620880E0
3.037679148E2,-2.781216431E0,-1.004141876E1,1.582060089E0
3.037880798E2,-2.670596466E0,-9.624086609E0,1.633103943E0
3.038082448E2,-2.372416534E0,-9.118438110E0,1.857038269E0
3.038284108E2,-1.961071930E0,-8.504714355E0,1.960173798E0
3.038485758E2,-2.026186523E0,-8.273295593E0,1.832938385E0
3.038687418E2,-2.040856018E0,-7.991731110E0,1.990710297E0
3.038889068E2,-1.949994965E0,-7.699389038E0,2.313289490E0
3.039090728E2,-2.057471466E0,-7.662415924E0,2.462080078E0
3.039292378E2,-2.026485901E0,-7.691904602E0,2.521656189E0
3.039494038E2,-2.202968903E0,-7.628885651E0,2.877765656E0
3.039695688E2,-2.618804169E0,-7.899672546E0,3.223546600E0
3.039897348E2,-2.555785217E0,-8.101003876E0,3.537892914E0
3.040099000E2,-2.318229218E0,-8.617280273E0,3.978875885E0
3.040300660E2,-2.009271698E0,-8.659043427E0,4.468956757E0
3.040502310E2,-2.801125031E0,-9.238039398E0,4.389771423E0
3.040703960E2,-3.649411011E0,-9.866582336E0,3.857777710E0
3.040905620E2,-4.316873016E0,-1.049198181E1,2.956352234E0
3.041107270E2,-4.742587738E0,-1.090377548E1,2.345771942E0
3.041308930E2,-4.807402954E0,-1.054107971E1,1.890568542E0
3.041510580E2,-4.616849213E0,-1.001507355E1,1.824256439E0
3.041712240E2,-4.142485657E0,-9.237290955E0,2.774330750E0
3.041913890E2,-4.790039062E0,-8.955277405E0,3.819457397E0
3.042115550E2,-5.739813995E0,-9.025631104E0,4.010909271E0
3.042317200E2,-6.491999817E0,-8.752149811E0,3.428470459E0
3.042518860E2,-7.032226410E0,-8.724008331E0,2.602338409E0
3.042720510E2,-7.366930389E0,-8.685538330E0,2.610421600E0
3.042922170E2,-7.821535034E0,-8.886570282E0,3.679797821E0
3.043123820E2,-8.014783173E0,-8.746910706E0,5.414390717E0
3.043325480E2,-8.585246887E0,-8.613538055E0,6.413712616E0
3.043527130E2,-9.018595734E0,-7.966134338E0,6.215524750E0
3.043728780E2,-8.997339935E0,-7.197931824E0,5.677543488E0
3.043930440E2,-8.636739807E0,-6.310277710E0,4.892725525E0
3.044132090E2,-8.270900574E0,-6.002667389E0,4.042194214E0
3.044333750E2,-7.603588257E0,-5.840853882E0,3.791166229E0
3.044535400E2,-6.760990448E0,-5.622757416E0,3.911366272E0
3.044737060E2,-6.342011719E0,-5.517376556E0,4.243675232E0
3.044938710E2,-6.208938446E0,-5.611530762E0,4.543651428E0
3.045140370E2,-5.711522827E0,-5.763464813E0,4.644541626E0
3.045342020E2,-5.065166931E0,-5.663472748E0,4.790039062E0
3.045543680E2,-5.093458099E0,-5.720653839E0,5.431155853E0
3.045745330E2,-4.898413696E0,-5.477559357E0,5.494174805E0
3.045946990E2,-5.120252380E0,-5.981561279E0,5.162015533E0
3.046148640E2,-5.486690369E0,-6.836134186E0,5.092410278E0
3.046350300E2,-5.665867767E0,-7.573201447E0,5.126988373E0
3.046551950E2,-5.446124725E0,-8.128845978E0,5.117258606E0
3.046753600E2,-5.156027985E0,-8.844208374E0,5.244793396E0
3.046955260E2,-4.727469177E0,-9.719438324E0,5.417085114E0
3.047156910E2,-4.775369568E0,-1.127769791E1,5.323529663E0
3.047358570E2,-4.153113556E0,-1.146959885E1,5.843099213E0
3.047560220E2,-3.580554199E0,-1.163949554E1,6.633755035E0
3.047761880E2,-3.142714691E0,-1.136107452E1,7.424410858E0
3.047963530E2,-3.811224518E0,-1.157333313E1,7.199428711E0
3.048165190E2,-4.282145233E0,-1.156749527E1,6.307733002E0
3.048366840E2,-4.114344177E0,-1.155132889E1,5.841302948E0
3.048568500E2,-3.658542023E0,-1.166748734E1,5.763464813E0
3.048770150E2,-3.593277740E0,-1.205533081E1,5.479954376E0
3.048971800E2,-3.294499054E0,-1.201192108E1,5.005890198E0
3.049173460E2,-3.161126404E0,-1.161060562E1,4.884193268E0
3.049375110E2,-3.156336365E0,-1.147543671E1,5.398374023E0
3.049576770E2,-2.809956665E0,-1.119821320E1,4.775968323E0
3.049778420E2,-2.907703400E0,-1.104118973E1,4.147425385E0
3.049980073E2,-2.986589355E0,-1.028870453E1,3.127895508E0
3.050181723E2,-3.011437683E0,-9.277257843E0,1.850302277E0
3.050383383E2,-2.746488647E0,-8.500672760E0,2.273472290E0
3.050585033E2,-2.210153961E0,-7.960146790E0,3.409909058E0
3.050786693E2,-1.884431305E0,-7.438182220E0,4.075574799E0
3.050988343E2,-2.026485901E0,-7.150031433E0,3.888912964E0
3.051190003E2,-2.261048126E0,-6.962770844E0,3.184627533E0
3.051391653E2,-2.516866150E0,-6.600524139E0,2.590513000E0
3.051593302E2,-2.865940247E0,-6.224206696E0,2.362986145E0
3.051794962E2,-3.289858704E0,-6.035449219E0,2.076182556E0
3.051996612E2,-3.217559052E0,-5.958658905E0,1.510508881E0
3.052198272E2,-2.558479614E0,-6.144871674E0,1.649270325E0
3.052399923E2,-2.264191589E0,-6.540349274E0,2.130818939E0
3.052601583E2,-2.759511566E0,-7.015461273E0,2.610122223E0
3.052803233E2,-3.156935120E0,-7.278464355E0,2.683769073E0
3.053004893E2,-3.535946960E0,-7.964188385E0,2.724933472E0
3.053206543E2,-3.606300659E0,-8.591234436E0,3.308869171E0
3.053408203E2,-4.394860840E0,-1.013362701E1,4.478985901E0
3.053609853E2,-4.622387695E0,-1.142244690E1,5.580694885E0
3.053811503E2,-4.772974548E0,-1.254990234E1,6.212381287E0
3.054013163E2,-4.747228088E0,-1.308878174E1,6.542145538E0
3.054214812E2,-5.922434235E0,-1.358799362E1,7.021897888E0
3.054416473E2,-7.838300171E0,-1.391970383E1,6.653813324E0
3.054618122E2,-8.733139343E0,-1.300211197E1,5.096002808E0
3.054819782E2,-7.588020630E0,-1.124985580E1,3.996239777E0
3.055021432E2,-4.967120819E0,-9.283245392E0,4.883893890E0
3.055223092E2,-3.745361481E0,-8.019273834E0,6.737938385E0
3.055424743E2,-3.931873627E0,-7.379204865E0,7.523804169E0
3.055626403E2,-4.542304230E0,-6.833290100E0,6.512656860E0
3.055828053E2,-4.630620575E0,-6.404731293E0,5.031337280E0
3.056029703E2,-4.371659088E0,-6.226751404E0,4.836292877E0
3.056231363E2,-4.414170685E0,-6.024671631E0,5.525459747E0
3.056433013E2,-4.384382629E0,-5.733826447E0,5.529800720E0
3.056634673E2,-3.924838257E0,-5.191055145E0,4.686304779E0
3.056836323E2,-3.078797607E0,-4.702171783E0,4.861889648E0
3.057037983E2,-2.453398132E0,-4.311783600E0,5.402565308E0
3.057239632E2,-2.472258911E0,-4.163891144E0,5.093458099E0
3.057441293E2,-2.481689301E0,-4.123175812E0,4.453688507E0
3.057642942E2,-2.039658508E0,-4.380341034E0,4.369114380E0
3.057844602E2,-1.979783020E0,-4.628075867E0,5.012027435E0
3.058046253E2,-2.963836670E0,-5.328768768E0,5.321883087E0
3.058247912E2,-3.165916443E0,-5.810167694E0,5.485642548E0
3.058449563E2,-3.564088440E0,-6.526128845E0,6.039640503E0
3.058651223E2,-4.214186554E0,-7.379504242E0,6.129753113E0
3.058852873E2,-3.961212616E0,-7.799081726E0,6.709647217E0
3.059054523E2,-4.290976868E0,-7.852670288E0,7.827372894E0
3.059256183E2,-5.161716156E0,-7.998616791E0,8.114026794E0
3.059457833E2,-5.319039001E0,-7.975115662E0,7.644303589E0
3.059659493E2,-5.274880829E0,-8.366851044E0,7.914342041E0
3.059861143E2,-4.259093170E0,-8.394244080E0,8.052504730E0
3.060062801E2,-4.100572815E0,-8.136779480E0,7.384294281E0
3.060264451E2,-4.322261810E0,-7.713310089E0,7.069349213E0
3.060466111E2,-4.024381256E0,-7.586673431E0,7.093598785E0
3.060667761E2,-3.289110260E0,-7.853867798E0,6.866970062E0
3.060869421E2,-2.517165527E0,-8.243956604E0,7.340884552E0
3.061071071E2,-2.068847809E0,-8.706195374E0,8.016878815E0
3.061272731E2,-2.163900146E0,-9.183552704E0,8.238268433E0
3.061474381E2,-2.636916504E0,-9.697434082E0,8.189170532E0
3.061676041E2,-2.777623901E0,-9.922715607E0,7.407645721E0
3.061877691E2,-2.469714203E0,-9.819729767E0,6.838828583E0
3.062079351E2,-2.106569366E0,-9.356443176E0,6.913972321E0
3.062281001E2,-1.917811890E0,-8.790619812E0,6.733597412E0
3.062482651E2,-2.028431854E0,-8.309819641E0,5.852978668E0
3.062684311E2,-2.135758667E0,-8.047265625E0,5.121749268E0
3.062885961E2,-2.097588043E0,-7.919581146E0,4.400698700E0
3.063087621E2,-1.882784729E0,-7.867489471E0,3.839515686E0
3.063289271E2,-1.986219635E0,-7.935897217E0,3.146307220E0
3.063490931E2,-2.154619446E0,-8.355325012E0,2.535726929E0
3.063692581E2,-2.086660767E0,-8.916058960E0,3.178041229E0
3.063894241E2,-2.352957001E0,-9.293274536E0,4.029021606E0
3.064095891E2,-2.587519226E0,-9.433981934E0,3.892954559E0
3.064297551E2,-2.937940521E0,-1.030442184E1,3.761527863E0
3.064499201E2,-3.411855011E0,-1.139729919E1,4.032763824E0
3.064700861E2,-4.003724213E0,-1.222477844E1,4.685556335E0
3.064902511E2,-4.786745911E0,-1.250724106E1,4.861739960E0
3.065104171E2,-4.657414856E0,-1.196012878E1,4.276756439E0
3.065305821E2,-5.028642883E0,-1.148756149E1,4.510420532E0
3.065507481E2,-5.394631805E0,-1.057011932E1,3.241060181E0
3.065709131E2,-4.366719360E0,-9.609417114E0,1.301244049E0
3.065910791E2,-2.721790009E0,-8.339308319E0,2.880759430E0
3.066112441E2,-1.922152863E0,-7.536677399E0,5.002896423E0
3.066314101E2,-3.116369476E0,-7.252867584E0,5.597460022E0
3.066515751E2,-4.346960449E0,-6.881040802E0,4.157005463E0
3.066717411E2,-5.065915375E0,-6.451733551E0,3.062032471E0
3.066919061E2,-4.754712524E0,-6.470893707E0,3.071762238E0
3.067120721E2,-3.788322144E0,-6.113736420E0,3.607797546E0
3.067322371E2,-2.336640930E0,-5.703888702E0,4.034111023E0
3.067524021E2,-1.353335724E0,-5.147346039E0,4.311334534E0
3.067725681E2,-1.234782257E0,-4.751718750E0,4.148173828E0
3.067927331E2,-1.626068573E0,-4.278403015E0,4.016447754E0
3.068128991E2,-2.176773376E0,-3.972738647E0,3.932622070E0
3.068330641E2,-2.475402374E0,-3.861070862E0,4.084855499E0
3.068532301E2,-2.946921844E0,-4.199966125E0,4.280798035E0
3.068733951E2,-3.565435638E0,-4.828359375E0,4.554728394E0
3.068935611E2,-3.949985962E0,-5.348078613E0,4.942272491E0
3.069137261E2,-4.171525269E0,-5.957012329E0,5.332960052E0
3.069338921E2,-4.049229584E0,-6.671027527E0,6.405330048E0
3.069540571E2,-3.866908722E0,-7.309449921E0,7.573051758E0
3.069742231E2,-4.072431335E0,-7.684120789E0,8.501720581E0
3.069943881E2,-4.915328522E0,-7.939789124E0,9.052126007E0
3.070145540E2,-5.719156952E0,-8.374784546E0,8.944050751E0
3.070347190E2,-5.705684967E0,-8.557255096E0,8.645421753E0
3.070548850E2,-5.853278046E0,-9.691446533E0,8.711284790E0
3.070750500E2,-5.416336670E0,-1.010907806E1,8.866212616E0
3.070952160E2,-5.405708771E0,-1.029080017E1,9.084907837E0
3.071153810E2,-5.038522339E0,-9.164991302E0,9.901310120E0
3.071355470E2,-4.754413147E0,-8.136929169E0,1.019155655E1
3.071557120E2,-4.235592041E0,-7.430847473E0,9.434281311E0
3.071758780E2,-4.980892181E0,-8.073760529E0,8.983867950E0
3.071960430E2,-5.826334076E0,-8.356522522E0,8.876092072E0
3.072162090E2,-5.815257111E0,-8.739426270E0,7.762707367E0
3.072363740E2,-5.682183838E0,-9.027876434E0,6.504723358E0
3.072565400E2,-5.190606079E0,-9.217981110E0,5.904172211E0
3.072767050E2,-4.526736603E0,-9.419013062E0,6.174659729E0
3.072968710E2,-4.510121155E0,-9.477691040E0,6.959028625E0
3.073170360E2,-4.290976868E0,-9.433682556E0,7.162455597E0
3.073372020E2,-3.818559265E0,-9.095236359E0,6.452931061E0
3.073573670E2,-3.819607086E0,-8.914711761E0,5.046755219E0
3.073775330E2,-3.581751709E0,-8.464148712E0,3.839066620E0
3.073976980E2,-3.191962280E0,-8.200995941E0,3.124003601E0
3.074178640E2,-2.736609192E0,-8.254285126E0,2.794987793E0
3.074380290E2,-2.097288666E0,-8.407716064E0,2.774929504E0
3.074581950E2,-2.512076111E0,-8.765472107E0,2.887794800E0
3.074783600E2,-2.819686432E0,-8.818312225E0,2.634072418E0
3.074985260E2,-2.772983551E0,-8.989107056E0,1.977238312E0
3.075186910E2,-2.602637787E0,-9.072333984E0,1.687141571E0
3.075388570E2,-2.709216156E0,-9.835746460E0,1.609453125E0
3.075590220E2,-2.940634918E0,-1.054332504E1,1.646426239E0
3.075791880E2,-2.888692932E0,-1.082054855E1,1.773511963E0
3.075993530E2,-3.102298737E0,-1.128428421E1,2.887345734E0
3.076195190E2,-3.289559326E0,-1.103894440E1,4.101171570E0
3.076396840E2,-3.945195923E0,-1.136167328E1,3.421584778E0
3.076598500E2,-4.023483124E0,-1.127440475E1,1.946402435E0
3.076800150E2,-3.951333160E0,-1.085722229E1,1.616189117E0
3.077001810E2,-3.168012085E0,-9.408235474E0,2.189347229E0
3.077203460E2,-3.180585938E0,-9.012308807E0,2.596350861E0
3.077405120E2,-3.398832092E0,-8.614885254E0,3.315156097E0
3.077606770E2,-4.010909271E0,-8.572673035E0,3.473077698E0
3.077808430E2,-4.387825470E0,-8.708141327E0,3.107687531E0
3.078010080E2,-4.610861664E0,-9.078770599E0,3.037333832E0
3.078211740E2,-4.423601074E0,-9.140592041E0,4.065695343E0
3.078413390E2,-3.787573700E0,-8.909921722E0,5.499264221E0
3.078615050E2,-3.273991699E0,-7.971373444E0,6.130800934E0
3.078816700E2,-3.361110535E0,-7.185956726E0,5.815855865E0
3.079018360E2,-3.272345123E0,-6.424340515E0,5.465284882E0
3.079220010E2,-3.702700195E0,-6.154751129E0,5.286107483E0
3.079421670E2,-4.083208923E0,-5.974974976E0,5.453309784E0
3.079623320E2,-4.043541412E0,-5.940247192E0,5.853727112E0
3.079824980E2,-4.153862000E0,-5.977819061E0,6.235433350E0
3.080026637E2,-4.517006836E0,-6.113437042E0,6.476881256E0
3.080228297E2,-5.041216736E0,-6.371201019E0,6.456673279E0
3.080429947E2,-5.479804688E0,-6.891369324E0,7.074588318E0
3.080631607E2,-5.835764465E0,-7.138355713E0,7.962841187E0
3.080833257E2,-5.837261353E0,-7.009174347E0,8.465046844E0
3.081034917E2,-5.999972992E0,-6.829697571E0,8.530460815E0
3.081236567E2,-6.457122345E0,-7.034920807E0,8.189170532E0
3.081438227E2,-6.395151215E0,-7.191345520E0,8.263416138E0
3.081639877E2,-5.629942474E0,-7.368127899E0,8.692124634E0
3.081841537E2,-5.340294800E0,-7.778724060E0,8.319250031E0
3.082043187E2,-6.264173584E0,-9.049281921E0,7.763455811E0
3.082244847E2,-7.034471741E0,-1.032971924E1,7.570806427E0
3.082446497E2,-6.603517914E0,-1.131122818E1,7.765102386E0
3.082648157E2,-5.857169952E0,-1.216774704E1,8.739875336E0
3.082849807E2,-4.995861053E0,-1.216834579E1,9.896669769E0
3.083051467E2,-4.511618042E0,-1.131856293E1,1.046114594E1
3.083253117E2,-4.482728119E0,-1.129865433E1,9.549541626E0
3.083454777E2,-4.398603058E0,-1.131871262E1,7.822433167E0
3.083656427E2,-5.088668060E0,-1.198782120E1,6.411018219E0
3.083858087E2,-5.164410553E0,-1.273776169E1,6.405030670E0
3.084059737E2,-4.427343292E0,-1.278401550E1,6.191125488E0
3.084261397E2,-3.365451508E0,-1.240754837E1,5.978567505E0
3.084463057E2,-3.036435699E0,-1.191447372E1,5.532495117E0
3.084664707E2,-3.226989441E0,-1.103894440E1,4.546794891E0
3.084866367E2,-3.365451508E0,-1.023616379E1,4.333189087E0
3.085068017E2,-2.856509857E0,-9.357191620E0,4.307891693E0
3.085269677E2,-2.216889954E0,-8.512498169E0,3.672313385E0
3.085471327E2,-1.464554443E0,-7.738457794E0,1.282982025E0
3.085672987E2,-1.028810577E0,-7.046297150E0,8.170010376E-1
3.085874637E2,-9.988728333E-1,-6.787335663E0,2.648891602E0
3.086076297E2,-1.493294678E0,-6.751560059E0,4.096531219E0
3.086277947E2,-1.939516754E0,-7.041357422E0,3.515140228E0
3.086479607E2,-1.235979767E0,-6.815327454E0,1.648671570E0
3.086681257E2,-9.026229858E-1,-6.621330872E0,7.033872986E-1
3.086882917E2,-1.194216614E0,-6.623576202E0,8.170010376E-1
3.087084567E2,-1.701811066E0,-7.039261780E0,1.254990234E0
3.087286227E2,-1.751358032E0,-7.137457581E0,1.513802032E0
3.087487877E2,-2.332749023E0,-8.121062164E0,1.526076508E0
3.087689537E2,-3.530558167E0,-9.644593964E0,2.501897278E0
3.087891187E2,-3.963008881E0,-1.037657181E1,2.844385071E0
3.088092847E2,-4.297263794E0,-1.138906631E1,3.120860138E0
3.088294497E2,-5.161865845E0,-1.276994476E1,3.693120117E0
3.088496157E2,-6.077362061E0,-1.392554169E1,4.401147766E0
3.088697807E2,-6.209537201E0,-1.386551651E1,5.012775879E0
3.088899467E2,-5.533842316E0,-1.243299545E1,5.331912231E0
3.089101117E2,-6.049370270E0,-1.120509888E1,6.403683472E0
3.089302777E2,-6.593937836E0,-1.030082932E1,6.643634491E0
3.089504427E2,-5.977968750E0,-9.272168427E0,6.600075073E0
3.089706087E2,-4.788691864E0,-8.602760468E0,6.464906158E0
3.089907737E2,-4.367168427E0,-8.431217194E0,7.440577240E0
3.090109400E2,-3.855233002E0,-8.310418396E0,6.562203827E0
3.090311050E2,-4.139641571E0,-7.811805267E0,8.700058136E0
3.090512710E2,-4.461322632E0,-7.287894745E0,7.431446228E0
3.090714370E2,-4.558171234E0,-6.366560669E0,6.023025055E0
3.090916020E2,-4.287683716E0,-5.605094147E0,5.716312866E0
3.091117680E2,-4.636458435E0,-5.203628998E0,5.939199371E0
3.091319330E2,-4.620441742E0,-4.792284393E0,5.965394897E0
3.091520990E2,-4.160747681E0,-4.462969208E0,5.442232819E0
3.091722640E2,-3.942800903E0,-4.538112946E0,5.330714722E0
3.091924300E2,-4.199067993E0,-4.840933228E0,5.497767334E0
3.092125950E2,-4.492308197E0,-5.436993713E0,5.509443054E0
3.092327610E2,-4.734504547E0,-6.189927979E0,6.012995911E0
3.092529260E2,-5.290897522E0,-7.046297150E0,7.276069336E0
3.092730920E2,-6.155200195E0,-8.135132904E0,8.031847687E0
3.092932570E2,-6.742578735E0,-8.786727905E0,8.377928009E0
3.093134230E2,-6.910679169E0,-8.816066895E0,8.715925140E0
3.093335880E2,-6.699169006E0,-8.662037201E0,9.417216797E0
3.093537540E2,-6.848708038E0,-9.509275360E0,9.810000000E0
3.093739190E2,-6.419251099E0,-1.021206390E1,9.839338989E0
3.093940850E2,-6.570287018E0,-1.103565125E1,8.791517944E0
3.094142500E2,-5.804778900E0,-1.070274353E1,7.315138092E0
3.094344160E2,-4.576582947E0,-1.000803818E1,6.420149231E0
3.094545810E2,-3.340752869E0,-9.328301697E0,6.249204712E0
3.094747470E2,-3.246748352E0,-9.010063477E0,6.364614716E0
3.094949120E2,-3.468137970E0,-9.219028931E0,6.226452026E0
3.095150780E2,-3.533851318E0,-9.925110626E0,6.651418304E0
3.095352430E2,-3.325634308E0,-1.073702225E1,6.336622925E0
3.095554090E2,-2.781964874E0,-1.122949814E1,5.687123566E0
3.095755740E2,-2.094893646E0,-1.116303635E1,6.747368774E0
3.095957400E2,-1.266067200E0,-1.084629501E1,7.257507935E0
3.096159050E2,-7.057823181E-1,-1.036803955E1,7.715705109E0
3.096360710E2,-6.993457031E-1,-9.805060272E0,7.905660095E0
3.096562370E2,-1.086590424E0,-9.420210571E0,7.147486725E0
3.096764020E2,-1.142274628E0,-8.869655457E0,6.018833771E0
3.096965680E2,-1.206491089E0,-8.485404510E0,5.176086273E0
3.097167330E2,-1.325942688E0,-8.111482086E0,4.714146881E0
3.097368990E2,-1.276994476E0,-7.705226898E0,4.625381470E0
3.097570640E2,-1.283730469E0,-7.386090546E0,3.933071136E0
3.097772300E2,-1.851200409E0,-7.090155945E0,3.803440704E0
3.097973950E2,-2.049088898E0,-6.846462708E0,4.584815826E0
3.098175610E2,-2.016456757E0,-6.369105377E0,4.879552917E0
3.098377260E2,-2.187401276E0,-5.946234741E0,3.876937866E0
3.098578920E2,-2.024689636E0,-5.621410217E0,2.734962616E0
3.098780570E2,-2.301763458E0,-5.801635437E0,2.375410309E0
3.098982230E2,-3.208577728E0,-6.627617798E0,2.634072418E0
3.099183880E2,-3.056194611E0,-6.765780487E0,3.122357025E0
3.099385540E2,-3.393143921E0,-7.557933197E0,3.759881287E0
3.099587190E2,-3.419938202E0,-8.550369415E0,3.282673645E0
3.099788850E2,-4.038601685E0,-9.359586639E0,3.168012085E0
3.099990490E2,-5.616769867E0,-1.076261902E1,2.531984711E0
3.100192150E2,-6.483617249E0,-1.237536530E1,9.654922485E-1
3.100393800E2,-6.019582214E0,-1.332244583E1,5.159770203E-1
3.100595460E2,-5.101391602E0,-1.304462357E1,3.273692322E0
3.100797110E2,-4.977000275E0,-1.213721054E1,6.713838501E0
3.100998770E2,-6.636748810E0,-1.197075668E1,7.720644836E0
3.101200420E2,-7.241042175E0,-1.161255157E1,5.106181641E0
3.101402080E2,-6.561904449E0,-1.084165466E1,3.476221161E0
3.101603730E2,-6.971153412E0,-1.152827682E1,5.053790588E0
3.101805390E2,-6.672823792E0,-1.137364838E1,6.368057556E0
3.102007040E2,-6.939120026E0,-1.065454376E1,5.848038940E0
3.102208700E2,-6.702611847E0,-1.001297791E1,5.390440521E0
3.102410350E2,-5.373675385E0,-9.521400146E0,7.516469421E0
3.102612010E2,-4.323609009E0,-7.951614532E0,8.669671326E0
3.102813660E2,-3.321742401E0,-6.717730408E0,9.039851532E0
3.103015320E2,-3.724554749E0,-5.790857849E0,7.603737946E0
3.103216970E2,-4.508773956E0,-5.333858185E0,7.595654755E0
3.103418630E2,-4.396507416E0,-4.515210571E0,7.136409760E0
3.103620280E2,-4.093687134E0,-4.308191071E0,7.142097931E0
3.103821940E2,-3.970643005E0,-4.420906677E0,7.218738556E0
3.104023590E2,-3.608096924E0,-4.880451050E0,7.133865051E0
3.104225250E2,-3.524869995E0,-5.312901764E0,6.667584686E0
3.104426900E2,-3.533102875E0,-5.689219208E0,6.452481995E0
3.104628560E2,-4.090094604E0,-6.035748596E0,6.299500122E0
3.104830210E2,-4.345313873E0,-6.180796967E0,6.387068024E0
3.105031870E2,-4.270768890E0,-6.145769806E0,5.916296997E0
3.105233520E2,-4.373006287E0,-6.234235840E0,5.342839508E0
3.105435180E2,-4.410428467E0,-6.375092926E0,4.331542511E0
3.105636830E2,-3.728596344E0,-6.557114410E0,4.097279663E0
3.105838490E2,-2.758463745E0,-6.490951996E0,4.984335022E0
3.106040140E2,-2.706072693E0,-6.806196442E0,5.516179047E0
3.106241800E2,-3.857328644E0,-7.120243378E0,5.675148468E0
3.106443450E2,-4.799170074E0,-7.447612610E0,5.530998230E0
3.106645110E2,-5.652096405E0,-7.683372345E0,5.191953278E0
3.106846760E2,-6.629713440E0,-8.382418671E0,5.387297058E0
3.107048420E2,-7.386389923E0,-9.327403564E0,6.372248840E0
3.107250070E2,-8.324339447E0,-1.145433060E1,6.742279358E0
3.107451730E2,-1.030008087E1,-1.352976471E1,6.533164215E0
3.107653380E2,-1.062715073E1,-1.404005356E1,5.642366638E0
3.107855040E2,-8.178243256E0,-1.330553101E1,6.591393127E0
3.108056690E2,-5.114564209E0,-1.195234497E1,9.065148926E0
3.108258340E2,-3.640729065E0,-1.139250916E1,1.114058304E1
3.108460000E2,-3.136427765E0,-1.194186676E1,1.104448288E1
3.108661650E2,-3.163222046E0,-1.291334656E1,9.481433258E0
3.108863310E2,-2.993475037E0,-1.348081650E1,6.673123169E0
3.109064960E2,-2.922522583E0,-1.366343674E1,7.031627655E0
3.109266620E2,-2.840193787E0,-1.359951965E1,3.979025574E0
3.109468270E2,-3.039429474E0,-1.298280212E1,2.897225189E0
3.109669930E2,-2.916535034E0,-1.245904129E1,3.219205627E0
3.109871580E2,-2.613714752E0,-1.202329742E1,3.330424347E0
3.110073250E2,-2.342329102E0,-1.146959885E1,3.366948395E0
3.110274900E2,-2.336640930E0,-1.070229446E1,3.117117920E0
3.110476560E2,-1.734143829E0,-9.605974274E0,2.039508820E0
3.110678210E2,-1.693278809E0,-8.859776001E0,2.276466064E0
3.110879870E2,-1.262474670E0,-8.039032745E0,2.668650513E0
3.111081520E2,-6.084846497E-1,-7.289241943E0,-9.267228699E-1
3.111283180E2,-7.560777283E-1,-6.341562653E0,-9.669891357E-2
3.111484830E2,-1.196012878E0,-6.082301788E0,2.397264862E0
3.111686490E2,-7.873626709E-1,-5.951324158E0,1.657353516E0
3.111888140E2,-6.683601379E-1,-5.898783417E0,1.589843903E0
3.112089800E2,-6.973997498E-1,-5.607189789E0,1.986219635E0
3.112291450E2,-6.652166748E-1,-5.635780334E0,1.642684021E0
3.112493110E2,-6.873706055E-1,-5.665867767E0,1.751956787E0
3.112694760E2,-8.393046570E-1,-5.747897186E0,2.000589752E0
3.112896420E2,-1.110839996E0,-6.124364319E0,2.326013031E0
3.113098070E2,-1.366658020E0,-6.521039429E0,2.271226959E0
3.113299730E2,-1.502276001E0,-7.012617188E0,1.879641266E0
3.113501380E2,-1.720671844E0,-7.642657013E0,2.196831665E0
3.113703040E2,-2.422113190E0,-8.449179840E0,3.079246674E0
3.113904690E2,-3.399131470E0,-9.817334747E0,3.390150146E0
3.114106350E2,-4.177961884E0,-1.118773499E1,3.597319336E0
3.114308000E2,-4.956343231E0,-1.246293320E1,4.228556671E0
3.114509660E2,-5.578449554E0,-1.355311615E1,5.078489227E0
3.114711310E2,-5.892047424E0,-1.402942566E1,6.923402710E0
3.114912970E2,-6.374943237E0,-1.384755386E1,8.557105408E0
3.115114620E2,-6.435866547E0,-1.313683182E1,9.452842712E0
3.115316270E2,-6.300098877E0,-1.225785965E1,1.026909531E1
3.115517930E2,-7.404053192E0,-1.140912460E1,1.133832184E1
3.115719580E2,-8.160729675E0,-1.047461792E1,1.113878677E1
3.115921240E2,-7.585924988E0,-9.805209961E0,9.745783539E0
3.116122890E2,-6.559509430E0,-9.272318115E0,8.882378998E0
3.116324550E2,-5.819598083E0,-8.579558716E0,8.762927399E0
3.116526200E2,-5.665269012E0,-7.882458344E0,8.681496735E0
3.116727860E2,-6.566694489E0,-7.256160736E0,8.373437347E0
3.116929510E2,-8.218958588E0,-6.941964111E0,7.007078705E0
3.117131170E2,-9.343120880E0,-6.489455109E0,6.032754822E0
3.117332820E2,-9.557624817E0,-6.114933929E0,6.217470703E0
3.117534480E2,-9.060658264E0,-6.291267242E0,7.213499451E0
3.117736130E2,-8.459658051E0,-6.972201233E0,8.266110535E0
3.117937790E2,-6.879992981E0,-7.562573547E0,8.404572601E0
3.118139440E2,-5.718109131E0,-8.282875671E0,8.047565002E0
3.118341100E2,-5.232668610E0,-9.449100494E0,7.593559113E0
3.118542750E2,-5.163961487E0,-1.126392654E1,7.183262329E0
3.118744410E2,-5.396727448E0,-1.308533890E1,7.339237976E0
3.118946060E2,-4.144581299E0,-1.252535339E1,7.603288879E0
3.119147720E2,-2.948867798E0,-1.074540482E1,8.272247772E0
3.119349370E2,-2.803669739E0,-1.005084915E1,8.095315704E0
3.119551030E2,-3.101400604E0,-1.014560211E1,7.933502197E0
3.119752680E2,-3.973337402E0,-1.092383377E1,7.729326782E0
3.119954340E2,-4.355792084E0,-1.169293442E1,7.173532562E0
3.120155988E2,-4.396507416E0,-1.274749146E1,6.216572571E0
3.120357648E2,-4.358486481E0,-1.337992630E1,5.276677094E0
3.120559298E2,-4.297712860E0,-1.338082443E1,4.707710266E0
3.120760958E2,-4.075874176E0,-1.282428177E1,4.156855774E0
3.120962608E2,-3.794160004E0,-1.231683701E1,3.716770935E0
3.121164268E2,-3.173999634E0,-1.136825958E1,2.901865540E0
3.121365918E2,-2.566113739E0,-1.025158173E1,1.165326691E0
3.121567578E2,-2.106120300E0,-9.084309082E0,5.674699402E-1
3.121769228E2,-1.710043945E0,-8.092621307E0,1.326990509E0
3.121970888E2,-1.313817902E0,-7.336693268E0,1.923649750E0
3.122172538E2,-1.306782532E0,-6.750212860E0,1.961071930E0
3.122374198E2,-1.451681213E0,-6.264323273E0,1.339714050E0
3.122575848E2,-1.450184326E0,-5.855972443E0,1.303788757E-1
3.122777498E2,-1.352736969E0,-5.537734222E0,-6.541397095E-1
3.122979158E2,-1.588646393E0,-5.052593079E0,-9.868977356E-1
3.123180808E2,-2.055974579E0,-4.725373535E0,-7.704478455E-1
3.123382468E2,-2.467917938E0,-4.308939514E0,2.163002014E-1
3.123584118E2,-2.620899811E0,-4.044289856E0,1.054856415E0
3.123785778E2,-2.742297363E0,-4.409979401E0,1.182840271E0
3.123987428E2,-2.709066467E0,-5.369783478E0,8.861572266E-1
3.124189088E2,-3.477718048E0,-7.025789795E0,1.309776306E0
3.124390738E2,-4.586612091E0,-8.349636841E0,2.490520935E0
3.124592398E2,-5.626948700E0,-9.570947113E0,3.736529846E0
3.124794048E2,-6.908134460E0,-1.086021606E1,4.385729828E0
3.124995708E2,-7.514972534E0,-1.275961624E1,3.437002716E0
3.125197358E2,-8.267158356E0,-1.571087906E1,5.153034210E0
3.125399018E2,-8.031847687E0,-1.714175354E1,7.119644623E0
3.125600668E2,-7.450606384E0,-1.636741379E1,9.150172119E0
3.125802328E2,-6.008205872E0,-1.366298767E1,1.126392654E1
3.126003978E2,-4.957540741E0,-1.072295151E1,1.321332275E1
3.126205638E2,-4.753215637E0,-8.744216309E0,1.330044159E1
3.126407288E2,-4.813091125E0,-7.645501099E0,1.090512268E1
3.126608948E2,-5.191504211E0,-7.600444794E0,8.441396027E0
3.126810598E2,-5.243146820E0,-7.946375427E0,7.061415710E0
3.127012258E2,-5.060676270E0,-7.855364685E0,6.540798340E0
3.127213908E2,-5.902375946E0,-7.745942230E0,6.294859772E0
3.127415568E2,-6.055208130E0,-7.205116882E0,6.246510315E0
3.127617218E2,-5.641767883E0,-6.562054138E0,6.668632507E0
3.127818878E2,-5.010680237E0,-6.305936737E0,7.935298462E0
3.128020528E2,-4.563560028E0,-6.681206360E0,8.933871918E0
3.128222188E2,-4.154610443E0,-7.519163818E0,8.835526428E0
3.128423838E2,-3.326233063E0,-8.334069214E0,8.260721741E0
3.128625498E2,-2.390079803E0,-8.842262421E0,8.020621033E0
3.128827148E2,-1.535806274E0,-9.150621185E0,8.383616180E0
3.129028808E2,-1.053958282E0,-9.709858246E0,8.269553375E0
3.129230458E2,-6.665638733E-1,-1.037746994E1,7.707921295E0
3.129432118E2,1.534309387E-1,-1.073971664E1,6.965764618E0
3.129633768E2,7.149133301E-1,-1.051937485E1,6.914271698E0
3.129835428E2,7.556286621E-1,-1.014605118E1,6.350543976E0
3.130037073E2,2.621049500E-1,-9.992769928E0,6.118825836E0
3.130238733E2,-1.775308228E-1,-9.798473969E0,5.637277222E0
3.130440383E2,-3.550616455E-1,-9.217532043E0,4.792284393E0
3.130642043E2,-3.876937866E-1,-8.977281647E0,4.443659363E0
3.130843693E2,-3.245251465E-1,-9.058562622E0,4.938979340E0
3.131045343E2,-7.656578064E-1,-9.215137024E0,5.581742706E0
3.131247003E2,-1.435365143E0,-9.059011688E0,6.053561554E0
3.131448653E2,-2.254012756E0,-9.038204956E0,6.306535492E0
3.131650313E2,-2.490520935E0,-8.977431335E0,6.577322388E0
3.131851963E2,-2.465073853E0,-9.358538818E0,6.456224213E0
3.132053623E2,-2.566562805E0,-9.490713959E0,6.433920593E0
3.132255273E2,-3.173700256E0,-9.235494690E0,7.138355713E0
3.132456933E2,-3.883524170E0,-8.929381256E0,7.778274994E0
3.132658583E2,-4.507426758E0,-9.192534027E0,7.419471130E0
3.132860243E2,-5.184468842E0,-9.816286926E0,5.724845123E0
3.133061893E2,-5.729335785E0,-1.050575317E1,3.534599762E0
3.133263553E2,-5.508544922E0,-1.070049820E1,2.242037659E0
3.133465203E2,-4.225712585E0,-9.307045898E0,2.428998871E0
3.133666863E2,-2.731968842E0,-7.466323700E0,2.835553436E0
3.133868513E2,-2.284399567E0,-6.027665405E0,3.562142487E0
3.134070173E2,-2.739752655E0,-5.681435394E0,3.901037750E0
3.134271823E2,-3.299139404E0,-6.068979492E0,2.993475037E0
3.134473483E2,-4.144880676E0,-6.671177216E0,1.405577087E0
3.134675133E2,-4.954846344E0,-7.462880859E0,1.960922241E-1
3.134876793E2,-4.796924744E0,-7.669451294E0,-1.272354126E-1
3.135078443E2,-4.354744263E0,-7.136559448E0,4.990621948E-1
3.135280103E2,-4.219425659E0,-6.685996399E0,1.964065704E0
3.135481753E2,-4.132306824E0,-6.700366516E0,2.726280670E0
3.135683413E2,-3.624562683E0,-6.709347839E0,2.784060516E0
3.135885063E2,-2.970722351E0,-6.722071381E0,2.915038147E0
3.136086723E2,-3.270848236E0,-6.828050995E0,3.499572601E0
3.136288373E2,-4.514013062E0,-7.243586884E0,4.071533203E0
3.136490033E2,-4.827760620E0,-7.410789185E0,4.245471497E0
3.136691683E2,-4.461322632E0,-7.537126465E0,4.648134155E0
3.136893343E2,-4.303550720E0,-7.881859589E0,4.934937744E0
3.137094993E2,-4.624183960E0,-8.271948395E0,5.656736755E0
3.137296653E2,-4.999752960E0,-8.531209259E0,6.360124054E0
3.137498303E2,-5.099445648E0,-8.449030151E0,7.053631897E0
3.137699963E2,-4.686454468E0,-8.082891541E0,7.785609741E0
3.137901613E2,-4.600682831E0,-7.791148224E0,8.020171967E0
3.138103273E2,-4.899162140E0,-7.379653931E0,7.946674805E0
3.138304923E2,-4.975802765E0,-7.086413727E0,7.287146301E0
3.138506583E2,-5.373376007E0,-7.275171204E0,7.491770782E0
3.138708233E2,-5.285808105E0,-7.568261719E0,8.314609680E0
3.138909893E2,-5.110672302E0,-7.898624725E0,7.786208496E0
3.139111543E2,-5.329966278E0,-8.552015991E0,8.003107452E0
3.139313203E2,-5.535488892E0,-8.835376740E0,9.401200104E0
3.139514853E2,-5.009183350E0,-8.976383514E0,9.674232330E0
3.139716513E2,-3.970792694E0,-8.992250519E0,9.227710876E0
3.139918163E2,-3.570824432E0,-1.010698242E1,8.617280273E0
3.140119827E2,-3.797752533E0,-1.147169449E1,8.058791656E0
3.140321477E2,-3.945944366E0,-1.210891937E1,7.666307831E0
3.140523137E2,-3.333717499E0,-1.185549637E1,8.276289368E0
3.140724787E2,-1.900597687E0,-1.082833237E1,9.037157135E0
3.140926447E2,-1.930834808E0,-9.836195526E0,8.299940186E0
3.141128097E2,-2.375559998E0,-9.482930145E0,6.306385803E0
3.141329757E2,-2.336491241E0,-9.103618927E0,4.858596497E0
3.141531407E2,-2.225571899E0,-8.908125458E0,4.766088867E0
3.141733067E2,-2.252964935E0,-8.785530396E0,4.874613190E0
3.141934717E2,-2.146685944E0,-9.109756165E0,5.288652191E0
3.142136377E2,-2.315983887E0,-9.652527466E0,6.073769531E0
3.142338027E2,-2.470312958E0,-9.983788605E0,6.407575378E0
3.142539687E2,-2.523302765E0,-9.855804749E0,5.972579956E0
3.142741337E2,-2.373164978E0,-9.699080658E0,4.960235138E0
3.142942997E2,-2.630330200E0,-9.702972565E0,4.754263458E0
3.143144647E2,-2.626587982E0,-9.575138397E0,5.340594177E0
3.143346307E2,-2.140399017E0,-9.088799744E0,5.294639740E0
3.143547957E2,-1.908830566E0,-8.767268372E0,4.977748718E0
3.143749617E2,-2.288441162E0,-8.774453430E0,4.657265167E0
3.143951267E2,-2.292782135E0,-8.748856659E0,3.966451721E0
3.144152927E2,-2.462529144E0,-9.056317291E0,3.028651886E0
3.144354577E2,-2.204914856E0,-8.901688843E0,2.607876892E0
3.144556237E2,-2.107018433E0,-9.103618927E0,2.694696350E0
3.144757887E2,-1.883682861E0,-9.492360535E0,3.359014893E0
3.144959547E2,-2.350412292E0,-1.005219635E1,4.412224731E0
3.145161197E2,-2.950364685E0,-1.048898804E1,4.285887451E0
3.145362857E2,-3.070714417E0,-1.054467224E1,3.236419830E0
3.145564507E2,-3.069666595E0,-1.071561676E1,2.501148834E0
3.145766167E2,-3.178041229E0,-1.091111023E1,2.475402374E0
3.145967817E2,-3.641028442E0,-1.144235550E1,3.476071472E0
3.146169477E2,-3.585344238E0,-1.116812576E1,4.534819794E0
3.146371127E2,-5.130431213E0,-1.160895905E1,4.750521240E0
3.146572787E2,-5.837411041E0,-1.122620499E1,2.615061951E0
3.146774437E2,-5.227279816E0,-1.009545639E1,8.517288208E-2
3.146976097E2,-4.230802002E0,-8.537496185E0,4.016148376E-1
3.147177747E2,-4.950505371E0,-8.261320496E0,2.998714142E0
3.147379407E2,-5.357658691E0,-8.092471619E0,4.393813019E0
3.147581057E2,-4.853207703E0,-7.938142548E0,4.128714294E0
3.147782717E2,-4.680616608E0,-8.105195160E0,3.923491058E0
3.147984367E2,-5.413043518E0,-8.095315704E0,4.074227600E0
3.148186027E2,-5.911956024E0,-7.608977051E0,4.165537720E0
3.148387677E2,-5.317542114E0,-6.430926819E0,3.723955994E0
3.148589337E2,-5.163961487E0,-5.997577972E0,4.115092621E0
3.148790987E2,-4.453389130E0,-5.113965454E0,4.567601624E0
3.148992647E2,-4.676425323E0,-5.008883972E0,5.576952667E0
3.149194297E2,-4.304448853E0,-4.616998901E0,6.003116455E0
3.149395957E2,-4.102967834E0,-4.586163025E0,5.043013000E0
3.149597607E2,-4.279450836E0,-4.428690491E0,4.473447418E0
3.149799267E2,-4.841232605E0,-4.991669769E0,4.174519043E0
3.150000917E2,-5.199886780E0,-5.477409668E0,4.031416626E0
3.150202577E2,-4.854704590E0,-5.990542603E0,4.336781616E0
3.150404227E2,-4.884342957E0,-6.428831177E0,5.362748108E0
3.150605887E2,-5.465584259E0,-6.513704681E0,5.864654388E0
3.150807537E2,-5.699697418E0,-6.430477753E0,5.361700287E0
3.151009197E2,-4.829706573E0,-6.060596924E0,4.859794006E0
3.151210847E2,-4.001329193E0,-5.690117340E0,5.309608612E0
3.151412507E2,-4.501139832E0,-5.923781433E0,6.258635101E0
3.151614157E2,-5.826483765E0,-6.390510864E0,6.476432190E0
3.151815817E2,-6.133195953E0,-6.414910126E0,6.344706116E0
3.152017467E2,-6.365512848E0,-6.393055573E0,5.865253143E0
3.152219127E2,-6.517297211E0,-6.898554382E0,5.809868317E0
3.152420777E2,-6.824009399E0,-7.642507324E0,5.892346802E0
3.152622437E2,-7.185807037E0,-9.544003143E0,5.975124664E0
3.152824087E2,-6.565047913E0,-1.097936829E1,6.562503204E0
3.153025747E2,-5.956563263E0,-1.196806229E1,7.580236816E0
3.153227397E2,-6.018384705E0,-1.252310806E1,7.938741302E0
3.153429057E2,-5.856571198E0,-1.195758408E1,7.823780365E0
3.153630707E2,-4.840933228E0,-1.025517426E1,7.372468872E0
3.153832367E2,-4.076921997E0,-8.979077911E0,7.253316650E0
3.154034027E2,-4.259991302E0,-9.078022156E0,7.201674042E0
3.154235677E2,-4.540358276E0,-9.635612640E0,7.036417694E0
3.154437337E2,-4.290078735E0,-1.056757462E1,6.958429871E0
3.154638987E2,-3.590733032E0,-1.094254486E1,4.715045013E0
3.154840647E2,-3.867657166E0,-1.080857346E1,4.637206879E0
3.155042297E2,-3.707041168E0,-1.042177780E1,4.901108093E0
3.155243957E2,-3.688928833E0,-9.897268524E0,5.087470551E0
3.155445607E2,-3.657045135E0,-9.057514801E0,5.809568939E0
3.155647267E2,-3.177741852E0,-7.933053131E0,5.465733948E0
3.155848917E2,-2.163750458E0,-6.911876678E0,3.187770996E0
3.156050577E2,-1.713935852E0,-6.326893158E0,1.631607056E0
3.156252227E2,-1.888772278E0,-6.310427399E0,2.766546936E0
3.156453887E2,-1.643282776E0,-6.608158264E0,3.176843719E0
3.156655537E2,-1.751956787E0,-6.888525238E0,2.694396973E0
3.156857197E2,-1.906285858E0,-6.775360565E0,1.924847260E0
3.157058847E2,-2.000589752E0,-6.479425964E0,1.000220032E0
3.157260507E2,-2.046394501E0,-6.310128021E0,3.170407104E-1
3.157462157E2,-2.146087189E0,-6.433172150E0,7.527845764E-1
3.157663817E2,-2.452200623E0,-6.870562592E0,2.581232300E0
3.157865467E2,-2.364183655E0,-7.268435211E0,3.888912964E0
3.158067127E2,-2.887196045E0,-8.200846252E0,3.429967346E0
3.158268777E2,-3.552113342E0,-9.383536835E0,2.357597351E0
3.158470437E2,-4.519401855E0,-1.107007965E1,2.597398682E0
3.158672087E2,-5.142855377E0,-1.210547653E1,4.409530334E0
3.158873747E2,-5.375621338E0,-1.275048523E1,5.917195129E0
3.159075397E2,-6.072572021E0,-1.254990234E1,6.689588928E0
3.159277057E2,-8.002209320E0,-1.322544754E1,5.802383881E0
3.159478707E2,-8.786278839E0,-1.323457855E1,3.510050812E0
3.159680367E2,-6.650819550E0,-1.219933136E1,2.978655853E0
3.159882017E2,-4.795727234E0,-1.017030075E1,5.667963409E0
3.160083670E2,-4.848567352E0,-8.625064087E0,7.764952698E0
3.160285320E2,-5.473218384E0,-7.453001404E0,7.361092529E0
3.160486980E2,-5.436245270E0,-6.667434998E0,5.799090729E0
3.160688630E2,-5.253924408E0,-6.426436157E0,4.877606964E0
3.160890290E2,-5.343438263E0,-6.589147797E0,4.517904968E0
3.161091940E2,-5.506898346E0,-6.533613281E0,4.375700684E0
3.161293600E2,-6.280789032E0,-5.939648438E0,4.837789764E0
3.161495250E2,-6.489006042E0,-5.173840942E0,3.804488525E0
3.161696910E2,-5.534740448E0,-4.757556610E0,2.647843781E0
3.161898560E2,-4.300556946E0,-4.497996368E0,1.934577026E0
3.162100220E2,-3.762276306E0,-4.745282135E0,3.026705933E0
3.162301870E2,-3.246598663E0,-4.848118286E0,4.691693573E0
3.162503530E2,-3.060086517E0,-4.995861053E0,4.938829651E0
3.162705190E2,-3.598816223E0,-5.267845459E0,3.888613586E0
3.162906840E2,-4.057761841E0,-5.420677643E0,3.236569519E0
3.163108500E2,-4.430187378E0,-5.812712402E0,3.244952087E0
3.163310150E2,-4.897365875E0,-6.220165100E0,3.730691986E0
3.163511810E2,-4.470753021E0,-6.484365692E0,3.943998413E0
3.163713460E2,-4.522096252E0,-6.642736359E0,4.326453094E0
3.163915120E2,-4.612957306E0,-6.660399628E0,4.162693634E0
3.164116770E2,-4.244423676E0,-6.665938110E0,4.112098846E0
3.164318430E2,-3.892355804E0,-6.508914642E0,4.759951630E0
3.164520080E2,-4.263583832E0,-6.422693939E0,5.781128082E0
3.164721740E2,-4.668791199E0,-5.977369995E0,5.949827271E0
3.164923390E2,-5.472320251E0,-5.907016296E0,5.097499695E0
3.165125050E2,-5.461093597E0,-5.909561005E0,4.353097687E0
3.165326700E2,-5.449417877E0,-5.961502991E0,4.731211395E0
3.165528360E2,-5.688620453E0,-6.180946655E0,5.930816803E0
3.165730010E2,-6.246360626E0,-7.497159576E0,6.125112762E0
3.165931670E2,-6.292464752E0,-8.928333435E0,6.069129181E0
3.166133320E2,-6.549929352E0,-1.039124130E1,6.578968964E0
3.166334980E2,-6.494843903E0,-1.118938156E1,7.686216431E0
3.166536630E2,-6.326444092E0,-1.114432526E1,8.971294098E0
3.166738290E2,-5.774691467E0,-9.668544159E0,9.889335022E0
3.166939940E2,-5.259612579E0,-8.472231903E0,9.687404938E0
3.167141600E2,-4.617298279E0,-7.904312897E0,8.715176697E0
3.167343250E2,-4.500690765E0,-8.021818542E0,8.192613373E0
3.167544910E2,-4.961582336E0,-8.802744598E0,7.880512390E0
3.167746560E2,-5.012177124E0,-9.559570770E0,7.410340118E0
3.167948220E2,-4.643493805E0,-9.569450226E0,6.637197876E0
3.168149870E2,-3.998634796E0,-9.224567413E0,5.894292755E0
3.168351530E2,-3.485950928E0,-8.981023865E0,5.560486908E0
3.168553180E2,-3.102747803E0,-8.731343079E0,5.188360748E0
3.168754840E2,-3.349734192E0,-8.671766968E0,4.728217621E0
3.168956500E2,-3.603456573E0,-8.453520813E0,3.932771759E0
3.169158150E2,-3.305126953E0,-8.007149048E0,3.431913300E0
3.169359810E2,-2.928659821E0,-7.561675415E0,3.329077148E0
3.169561460E2,-2.159409485E0,-7.391778717E0,3.955973511E0
3.169763120E2,-1.891766052E0,-7.435338135E0,2.646496582E0
3.169964770E2,-2.201472015E0,-7.499554596E0,2.254761200E0
3.170166430E2,-2.552791443E0,-7.634873199E0,2.157613220E0
3.170368080E2,-2.904709625E0,-7.596253510E0,2.137105865E0
3.170569740E2,-3.296295319E0,-7.937094727E0,2.223625946E0
3.170771390E2,-3.609444122E0,-8.248447266E0,2.671344910E0
3.170973050E2,-3.824546814E0,-8.357720032E0,2.895578613E0
3.171174700E2,-4.117188263E0,-8.818162537E0,2.931952972E0
3.171376360E2,-4.115841064E0,-9.291328583E0,3.549119568E0
3.171578010E2,-4.226610718E0,-1.038285873E1,3.981869659E0
3.171779670E2,-4.541705475E0,-1.108654541E1,4.148622894E0
3.171981320E2,-5.275329895E0,-1.156689651E1,4.200265503E0
3.172182980E2,-5.500910797E0,-1.081111816E1,4.584516449E0
3.172384630E2,-7.429200897E0,-1.173709259E1,4.012855225E0
3.172586290E2,-8.073161774E0,-1.188797882E1,2.810256042E0
3.172787940E2,-7.170987854E0,-1.065783691E1,2.724185028E0
3.172989600E2,-6.248156891E0,-8.887019348E0,3.953877869E0
3.173191250E2,-5.761967926E0,-7.707322540E0,4.865781555E0
3.173392910E2,-5.682932281E0,-7.228767700E0,5.118456116E0
3.173594560E2,-5.541027374E0,-6.808741150E0,4.888683929E0
3.173796220E2,-5.775888977E0,-6.534062347E0,4.440366211E0
3.173997870E2,-6.199508057E0,-6.300697632E0,3.943998413E0
3.174199530E2,-6.290967865E0,-5.905669098E0,3.572321320E0
3.174401180E2,-5.762117615E0,-5.296136627E0,3.508703613E0
3.174602840E2,-4.611310730E0,-4.580624542E0,3.341201935E0
3.174804500E2,-4.849764862E0,-4.496798859E0,4.370162201E0
3.175006150E2,-4.630620575E0,-4.342469788E0,4.852159882E0
3.175207810E2,-4.148922272E0,-4.191882935E0,4.723876648E0
3.175409460E2,-3.975582733E0,-4.225113831E0,4.384981384E0
3.175611120E2,-4.112248535E0,-4.565805359E0,3.643124084E0
3.175812770E2,-3.923041992E0,-4.706961823E0,4.038901062E0
3.176014430E2,-3.546275482E0,-5.020110626E0,4.840633850E0
3.176216080E2,-3.491788788E0,-5.347629547E0,5.378016357E0
3.176417740E2,-3.760480042E0,-5.755681000E0,5.429958344E0
3.176619390E2,-3.836372223E0,-6.106850739E0,5.423372040E0
3.176821050E2,-3.495231628E0,-6.267317047E0,5.511089630E0
3.177022700E2,-3.835025024E0,-6.066883850E0,6.154451752E0
3.177224360E2,-4.467459869E0,-5.818999329E0,6.041885834E0
3.177426010E2,-4.512516174E0,-5.827381897E0,5.246739349E0
3.177627670E2,-4.408931580E0,-6.097869415E0,4.973557434E0
3.177829320E2,-4.247866516E0,-6.248605957E0,5.280119934E0
3.178030980E2,-4.556225281E0,-6.578968964E0,5.611530762E0
3.178232630E2,-4.718787231E0,-6.801556091E0,5.838458862E0
3.178434290E2,-4.384083252E0,-6.845115509E0,6.145919495E0
3.178635940E2,-4.669240265E0,-7.943980408E0,6.466103668E0
3.178837600E2,-4.983436890E0,-9.311237183E0,6.555318146E0
3.179039250E2,-5.807323608E0,-1.015922379E1,6.690487061E0
3.179240910E2,-6.434669037E0,-1.080049026E1,6.937623138E0
3.179442560E2,-6.549031219E0,-1.058733353E1,7.776029663E0
3.179644220E2,-6.073021088E0,-9.411378937E0,8.257578278E0
3.179845880E2,-5.243595886E0,-8.021369476E0,7.710765381E0
3.180047530E2,-4.336781616E0,-7.565567322E0,7.998167725E0
3.180249196E2,-3.359913025E0,-7.232809296E0,8.802594910E0
3.180450846E2,-3.063679047E0,-7.529043274E0,8.599467316E0
3.180652506E2,-3.460354156E0,-7.816744995E0,6.731651459E0
3.180854156E2,-3.539838867E0,-7.650740204E0,5.222639465E0
3.181055816E2,-3.970493317E0,-7.685318298E0,4.908592529E0
3.181257466E2,-4.534969482E0,-7.836054840E0,5.492079163E0
3.181459126E2,-4.262685699E0,-7.644752655E0,5.795049133E0
3.181660776E2,-3.617527313E0,-7.432943115E0,4.566703491E0
3.181862436E2,-2.970722351E0,-6.948400726E0,4.287234650E0
3.182064086E2,-2.951412506E0,-6.664141846E0,4.816234589E0
3.182265746E2,-3.098257141E0,-6.665938110E0,4.583318939E0
3.182467396E2,-2.815195770E0,-6.525530090E0,4.227808228E0
3.182669056E2,-2.751128998E0,-6.537804565E0,4.299808502E0
3.182870706E2,-2.986439667E0,-6.868616638E0,4.196223907E0
3.183072366E2,-3.427422638E0,-7.232210541E0,3.763623505E0
3.183274016E2,-3.639531555E0,-7.696544952E0,3.376977539E0
3.183475676E2,-3.692970428E0,-8.058192902E0,3.813020782E0
3.183677326E2,-3.801195374E0,-8.519982605E0,4.599784698E0
3.183878986E2,-4.214635620E0,-9.158704376E0,4.775070190E0
3.184080636E2,-4.315076752E0,-9.469009094E0,4.494104462E0
3.184282296E2,-4.531676331E0,-9.974956970E0,4.316573639E0
3.184483956E2,-4.538262634E0,-1.050455566E1,4.478836212E0
3.184685606E2,-4.737198944E0,-1.110959747E1,4.832101593E0
3.184887266E2,-4.529580688E0,-1.080273560E1,5.220843201E0
3.185088916E2,-5.215604095E0,-1.152139114E1,4.982688446E0
3.185290576E2,-5.503305817E0,-1.171478897E1,4.076622620E0
3.185492226E2,-5.671855316E0,-1.155821457E1,3.050656128E0
3.185693886E2,-4.422553253E0,-9.998757477E0,3.207978973E0
3.185895536E2,-3.478167114E0,-8.317004700E0,4.211043091E0
3.186097196E2,-3.654350739E0,-7.916437683E0,4.660558319E0
3.186298846E2,-3.657793579E0,-7.748636627E0,3.747606812E0
3.186500506E2,-3.756887512E0,-7.650889893E0,2.495161285E0
3.186702156E2,-4.084705811E0,-7.901319122E0,1.352138214E0
3.186903816E2,-4.735851746E0,-8.162376251E0,5.206173706E-1
3.187105466E2,-4.938081207E0,-7.886050873E0,3.338058472E-2
3.187307126E2,-4.553530884E0,-7.531587982E0,2.947370911E-1
3.187508776E2,-3.975433044E0,-7.142546997E0,4.436773682E-1
3.187710436E2,-3.366349640E0,-6.644382935E0,3.417393494E-1
3.187912086E2,-3.405418396E0,-6.531068573E0,2.395019531E-1
3.188113746E2,-3.389252014E0,-6.240971832E0,1.162482605E0
3.188315406E2,-3.430266724E0,-6.124514008E0,2.145338745E0
3.188517056E2,-3.514691162E0,-6.162235565E0,2.660267944E0
3.188718716E2,-3.402873688E0,-6.439908142E0,2.237546997E0
3.188920366E2,-2.939287720E0,-7.035220184E0,2.640808411E0
3.189122026E2,-3.039579163E0,-7.524253235E0,3.674858093E0
3.189323676E2,-3.373534698E0,-7.502248993E0,4.833149414E0
3.189525336E2,-3.921245728E0,-7.527995453E0,5.611530762E0
3.189726986E2,-3.908372498E0,-7.409292297E0,6.051166534E0
3.189928646E2,-3.733087006E0,-7.206464081E0,5.960155792E0
3.190130296E2,-4.690046997E0,-7.146139526E0,6.921905823E0
3.190331956E2,-5.581593018E0,-6.796316986E0,7.448959808E0
3.190533606E2,-5.983207855E0,-6.503376160E0,7.369325409E0
3.190735266E2,-6.052513733E0,-6.355034637E0,7.286248169E0
3.190936916E2,-7.073091431E0,-6.834038544E0,7.400760040E0
3.191138576E2,-7.428003387E0,-6.900051270E0,7.399712219E0
3.191340226E2,-8.203840027E0,-7.466623077E0,7.987988892E0
3.191541886E2,-7.909252625E0,-8.256231079E0,7.831713867E0
3.191743536E2,-7.236102448E0,-9.407487030E0,8.019573212E0
3.191945196E2,-7.398365021E0,-1.048015640E1,8.454119568E0
3.192146856E2,-7.092850342E0,-1.103175934E1,9.029822388E0
3.192348506E2,-6.063590698E0,-9.993518372E0,1.007390121E1
3.192550166E2,-5.395080872E0,-9.494156799E0,1.022179367E1
3.192751816E2,-4.875361633E0,-9.510323181E0,9.498497772E0
3.192953476E2,-5.610033875E0,-1.073567505E1,8.536897430E0
3.193155126E2,-6.342909851E0,-1.176822784E1,7.304959259E0
3.193356786E2,-5.925577698E0,-1.210128525E1,6.468199310E0
3.193558436E2,-5.524411926E0,-1.212628326E1,6.180347900E0
3.193760096E2,-4.832550659E0,-1.208571762E1,5.634433136E0
3.193961746E2,-4.241429901E0,-1.181702637E1,5.490582275E0
3.194163406E2,-4.288881226E0,-1.173110504E1,5.948330383E0
3.194365056E2,-4.503834229E0,-1.162078445E1,5.525459747E0
3.194566716E2,-3.863914948E0,-1.116408417E1,3.975882111E0
3.194768366E2,-2.729124756E0,-1.035531601E1,1.413211212E0
3.194970026E2,-2.616858215E0,-9.311985626E0,2.307002563E0
3.195171676E2,-3.168311462E0,-8.951984253E0,4.250710602E0
3.195373336E2,-3.171155548E0,-8.369246063E0,4.520000610E0
3.195574996E2,-2.862347717E0,-7.934250641E0,3.125051422E0
3.195776646E2,-2.433339844E0,-7.444020081E0,1.764830017E0
3.195978306E2,-1.950144653E0,-6.850055237E0,1.186881866E0
3.196179956E2,-1.735640717E0,-6.276747437E0,1.530118103E0
3.196381616E2,-2.101330261E0,-6.010600891E0,2.053130493E0
3.196583266E2,-2.494412842E0,-5.912704468E0,2.244133301E0
3.196784926E2,-2.729573822E0,-5.737418976E0,1.692979431E0
3.196986576E2,-3.125051422E0,-5.742658081E0,1.070124664E0
3.197188236E2,-3.598965912E0,-5.977369995E0,9.666897583E-1
3.197389886E2,-4.004322968E0,-7.096742249E0,1.592987366E0
3.197591546E2,-4.363575897E0,-8.832382965E0,2.776276703E0
3.197793196E2,-5.154531097E0,-1.000639160E1,4.128414917E0
3.197994856E2,-6.550528107E0,-1.093775482E1,4.790937195E0
3.198196506E2,-8.220305786E0,-1.289418640E1,4.056414642E0
3.198398166E2,-8.498726807E0,-1.386596558E1,3.242108002E0
3.198599826E2,-6.569688263E0,-1.300450699E1,3.882326660E0
3.198801476E2,-5.860912170E0,-1.184905975E1,5.963149567E0
3.199003136E2,-6.168073425E0,-1.063673080E1,7.864196320E0
3.199204786E2,-6.676865387E0,-9.907746735E0,7.917934570E0
3.199406446E2,-5.952521667E0,-9.148675232E0,7.233557739E0
3.199608096E2,-4.975952454E0,-8.486003265E0,7.226672058E0
3.199809756E2,-6.694977722E0,-8.602610779E0,7.800877991E0
3.200011406E2,-8.541238403E0,-8.302933960E0,6.267766113E0
3.200213068E2,-7.699089661E0,-7.410489807E0,3.983815613E0
3.200414718E2,-6.005361786E0,-6.187383270E0,4.437522125E0
3.200616378E2,-4.412973175E0,-5.541027374E0,5.965394897E0
3.200818028E2,-3.261567535E0,-5.364544373E0,6.154601440E0
3.201019688E2,-3.280727692E0,-5.117857361E0,6.904541931E0
3.201221338E2,-3.404819641E0,-4.684209137E0,5.947731628E0
3.201422998E2,-3.904330902E0,-4.469854889E0,4.959187317E0
3.201624658E2,-4.875810699E0,-4.398453369E0,4.209546204E0
3.201826308E2,-5.910010071E0,-4.698130188E0,3.529510345E0
3.202027968E2,-6.272855530E0,-4.797224121E0,3.158731384E0
3.202229617E2,-5.916895752E0,-4.717739410E0,3.815715179E0
3.202431278E2,-6.030359802E0,-5.528303833E0,4.575385437E0
3.202632927E2,-6.584058380E0,-6.134992218E0,4.953050079E0
3.202834587E2,-6.506519623E0,-6.300398254E0,4.361779633E0
3.203036238E2,-5.285059662E0,-5.758076019E0,4.477638702E0
3.203237897E2,-5.312153320E0,-5.674400024E0,5.630092163E0
3.203439548E2,-6.091582489E0,-5.852230225E0,5.725443878E0
3.203641208E2,-5.491779785E0,-5.749094696E0,5.153632965E0
3.203842858E2,-4.314028931E0,-5.645061035E0,4.774471436E0
3.204044518E2,-4.183650055E0,-5.938899994E0,5.068310394E0
3.204246178E2,-4.846022644E0,-6.577472076E0,5.498964844E0
3.204447828E2,-5.163662109E0,-7.012916565E0,5.753884735E0
3.204649488E2,-5.227279816E0,-7.529043274E0,5.545218658E0
3.204851138E2,-5.311255188E0,-8.087681580E0,5.679489441E0
3.205052798E2,-5.417234802E0,-8.500972137E0,6.236181793E0
3.205254448E2,-5.503305817E0,-8.785530396E0,7.009024658E0
3.205456108E2,-7.121141510E0,-1.069989944E1,7.246281281E0
3.205657758E2,-7.826025696E0,-1.196596664E1,6.811884613E0
3.205859418E2,-7.800877991E0,-1.272204437E1,5.910459137E0
3.206061067E2,-6.242618408E0,-1.278476395E1,6.277346191E0
3.206262727E2,-4.059857483E0,-1.230501160E1,7.711663513E0
3.206464377E2,-2.627037048E0,-1.133667526E1,9.235345001E0
3.206666037E2,-2.877017212E0,-1.157872192E1,8.865314484E0
3.206867697E2,-3.534450073E0,-1.214065338E1,7.975714417E0
3.207069347E2,-4.488266602E0,-1.282697617E1,7.627239075E0
3.207271007E2,-5.035827942E0,-1.311138474E1,7.495213623E0
3.207472658E2,-5.113666077E0,-1.289074356E1,7.059320068E0
3.207674318E2,-4.699327698E0,-1.251921616E1,6.999594269E0
3.207875968E2,-3.502416687E0,-1.242685822E1,5.070106659E0
3.208077628E2,-3.403921509E0,-1.222642502E1,5.305866394E0
3.208279278E2,-3.284170532E0,-1.202883591E1,6.244863739E0
3.208480938E2,-2.770438843E0,-1.143846359E1,5.891448669E0
3.208682588E2,-2.069147186E0,-1.041474243E1,4.799619141E0
3.208884248E2,-1.377136230E0,-9.161099396E0,3.602558441E0
3.209085898E2,-8.307723999E-1,-7.959548035E0,2.889441376E0
3.209287558E2,-5.270539856E-1,-7.130721588E0,2.988086243E0
3.209489218E2,-1.410067749E-1,-6.577172699E0,3.051554260E0
3.209690868E2,3.823049927E-1,-6.056705017E0,3.339106293E0
3.209892528E2,9.081614685E-1,-5.601800995E0,3.504811707E0
3.210094177E2,1.025218048E0,-5.018913116E0,2.218087463E0
3.210295835E2,2.962339783E-1,-4.659061432E0,-6.887178040E-1
3.210497485E2,-6.694079590E-1,-4.359234924E0,-2.474354553E-1
3.210699145E2,-9.132508850E-1,-4.204307098E0,9.542655945E-1
3.210900795E2,-1.378333740E0,-4.294270020E0,1.690285034E0
3.211102455E2,-1.508562927E0,-4.267326050E0,2.314636688E0
3.211304105E2,-1.850901031E0,-4.760999451E0,2.101030884E0
3.211505765E2,-2.648592224E0,-5.575904846E0,1.650168457E0
3.211707425E2,-3.263962555E0,-6.797963562E0,2.103725281E0
3.211909075E2,-3.674409027E0,-7.336992645E0,3.747606812E0
3.212110735E2,-4.553979950E0,-7.785759430E0,4.620441742E0
3.212312385E2,-5.561834106E0,-8.627159729E0,4.597689056E0
3.212514045E2,-5.956263885E0,-9.672286377E0,4.143533478E0
3.212715695E2,-5.931265869E0,-1.015757721E1,4.907844086E0
3.212917355E2,-8.029153290E0,-1.076202026E1,6.076613617E0
3.213119005E2,-9.842931519E0,-1.119282440E1,5.743107147E0
3.213320665E2,-1.031579819E1,-1.176703033E1,4.777914276E0
3.213522315E2,-9.459279327E0,-1.179412399E1,3.713926849E0
3.213723975E2,-7.767347717E0,-1.155776550E1,4.752916260E0
3.213925635E2,-8.002059631E0,-1.114851654E1,7.833510132E0
3.214127285E2,-8.772357788E0,-9.594448242E0,8.823251953E0
3.214328945E2,-7.864196320E0,-8.110733643E0,7.125332794E0
3.214530595E2,-6.589147797E0,-7.118746490E0,5.955814819E0
3.214732255E2,-6.450985107E0,-7.126829681E0,5.980513458E0
3.214933905E2,-6.896309052E0,-7.199877777E0,5.768853607E0
3.215135565E2,-7.181316376E0,-7.272327118E0,4.969815216E0
3.215337215E2,-7.280110931E0,-7.141648865E0,4.363126831E0
3.215538875E2,-6.576873322E0,-6.901248779E0,4.469405823E0
3.215740525E2,-5.592520294E0,-6.650220795E0,5.567971344E0
3.215942185E2,-4.772974548E0,-6.445147247E0,6.916966095E0
3.216143845E2,-4.364474030E0,-5.904172211E0,7.717950439E0
3.216345495E2,-4.288881226E0,-5.611979828E0,7.876021729E0
3.216547155E2,-4.719535675E0,-5.337899780E0,7.184908905E0
3.216748805E2,-5.495671692E0,-5.470074921E0,6.353537750E0
3.216950465E2,-6.169570312E0,-5.941893768E0,6.322701874E0
3.217152115E2,-6.548881531E0,-6.246959381E0,6.439758453E0
3.217353775E2,-6.113287354E0,-6.270759888E0,6.465953979E0
3.217555425E2,-5.460494843E0,-6.341263275E0,6.151457977E0
3.217757085E2,-4.911137238E0,-6.524182892E0,5.885610809E0
3.217958745E2,-4.521647186E0,-6.721772003E0,5.855673065E0
3.218160395E2,-4.098477173E0,-7.033124542E0,5.457501068E0
3.218362055E2,-3.930676117E0,-7.840844879E0,4.941224670E0
3.218563705E2,-3.681743774E0,-8.552315369E0,4.594994659E0
3.218765365E2,-3.481011200E0,-8.843459930E0,4.723726959E0
3.218967015E2,-3.329077148E0,-8.860674133E0,5.102888489E0
3.219168675E2,-3.065625000E0,-8.714128876E0,5.168751526E0
3.219370325E2,-2.877765656E0,-8.871451721E0,4.664300537E0
3.219571985E2,-2.440375214E0,-8.868757324E0,4.434678040E0
3.219773645E2,-2.209555206E0,-9.108858032E0,4.406237183E0
3.219975295E2,-1.609453125E0,-8.658744049E0,4.391268311E0
3.220176952E2,-1.664688263E0,-8.684191132E0,3.990701294E0
3.220378602E2,-1.784738617E0,-8.911568298E0,4.429888000E0
3.220580262E2,-1.910327454E0,-8.727750549E0,5.494174805E0
3.220781912E2,-1.757345581E0,-8.352331238E0,6.428831177E0
3.220983572E2,-1.907932434E0,-8.251291351E0,7.303911438E0
3.221185222E2,-2.311193848E0,-8.265811157E0,7.525450745E0
3.221386882E2,-2.647245026E0,-8.432714081E0,7.313341827E0
3.221588532E2,-3.302282867E0,-8.961714020E0,7.026388550E0
3.221790192E2,-4.099225616E0,-9.579179993E0,7.481292572E0
3.221991852E2,-4.782105560E0,-1.014919464E1,7.901917877E0
3.222193502E2,-4.733905792E0,-1.050440598E1,7.985893250E0
3.222395162E2,-4.321064301E0,-1.064750839E1,8.032745819E0
3.222596812E2,-3.624263306E0,-1.053299652E1,8.202492828E0
3.222798472E2,-2.826272736E0,-1.022418869E1,7.538922729E0
3.223000122E2,-3.115770721E0,-9.999206543E0,7.107669525E0
3.223201782E2,-3.089874573E0,-9.603728943E0,6.245612183E0
3.223403432E2,-2.772384796E0,-9.152417450E0,4.877157898E0
3.223605092E2,-2.488874359E0,-8.810528412E0,3.710783386E0
3.223806752E2,-2.455793152E0,-9.070986786E0,3.091371460E0
3.224008402E2,-2.444865875E0,-9.347012787E0,2.919977875E0
3.224210062E2,-2.462080078E0,-9.379644928E0,2.863844604E0
3.224411712E2,-2.277962952E0,-9.203161926E0,3.132236481E0
3.224613372E2,-2.898123322E0,-9.235943756E0,3.375031586E0
3.224815022E2,-3.340902557E0,-9.291777649E0,2.843636627E0
3.225016682E2,-3.752546539E0,-9.248068542E0,2.077978821E0
3.225218332E2,-5.721102905E0,-1.070169571E1,1.555565186E0
3.225419992E2,-6.426286469E0,-1.074854828E1,1.280137939E0
3.225621652E2,-5.563330994E0,-9.330696716E0,8.957373047E-1
3.225823302E2,-5.032684479E0,-9.533225555E0,1.051712952E0
3.226024962E2,-4.381239166E0,-8.457412720E0,2.523452454E0
3.226226612E2,-4.773872681E0,-7.637717285E0,3.402873688E0
3.226428272E2,-5.555996246E0,-7.370971985E0,2.904709625E0
3.226629922E2,-5.729485474E0,-7.675438843E0,1.698068848E0
3.226831582E2,-5.416636047E0,-7.829468536E0,1.066083069E0
3.227033232E2,-5.742209015E0,-7.977510681E0,1.283281403E0
3.227234892E2,-6.450086975E0,-8.009095001E0,1.497485962E0
3.227436552E2,-6.191424866E0,-7.620353394E0,1.950144653E0
3.227638202E2,-5.194497986E0,-6.956034851E0,2.767894135E0
3.227839862E2,-4.566254425E0,-6.819369049E0,3.488795013E0
3.228041512E2,-4.699926453E0,-6.704707489E0,4.223317566E0
3.228243172E2,-5.804329834E0,-6.925198975E0,4.130809937E0
3.228444822E2,-6.568041687E0,-7.186405792E0,3.347488861E0
3.228646482E2,-6.059848480E0,-7.402256927E0,3.516188049E0
3.228848132E2,-5.893993378E0,-7.435188446E0,4.676724701E0
3.229049792E2,-6.374643860E0,-7.824528809E0,5.806275787E0
3.229251452E2,-6.459517365E0,-7.953261108E0,7.122488708E0
3.229453102E2,-5.904172211E0,-7.857909393E0,7.747139740E0
3.229654762E2,-5.719456329E0,-7.338788910E0,7.779771881E0
3.229856412E2,-6.640940094E0,-7.402556305E0,7.688461761E0
3.230058072E2,-7.309599609E0,-7.281757507E0,8.177494812E0
3.230259728E2,-7.050039368E0,-7.178023224E0,8.654103699E0
3.230461388E2,-6.697073364E0,-7.484885101E0,9.290430450E0
3.230663048E2,-5.606141968E0,-7.991282043E0,9.807455292E0
3.230864698E2,-4.375401306E0,-8.253985748E0,1.017419266E1
3.231066358E2,-3.728746033E0,-8.641080780E0,9.893975372E0
3.231268008E2,-3.894152069E0,-1.015997223E1,9.180858307E0
3.231469668E2,-4.743785248E0,-1.044093796E1,9.117539978E0
3.231671318E2,-5.692212982E0,-9.854158173E0,8.528365173E0
3.231872978E2,-5.354814606E0,-8.897796936E0,8.333320770E0
3.232074628E2,-4.866529999E0,-8.670270081E0,8.523724823E0
3.232276288E2,-4.568799133E0,-9.112899628E0,8.078849945E0
3.232477948E2,-4.582869873E0,-1.028586044E1,8.407716064E0
3.232679598E2,-4.571643219E0,-1.135254227E1,6.860832825E0
3.232881258E2,-4.509223022E0,-1.207987976E1,4.713697815E0
3.233082908E2,-4.084256744E0,-1.222971817E1,5.246439972E0
3.233284568E2,-3.820954285E0,-1.211296097E1,5.644162903E0
3.233486218E2,-3.256478119E0,-1.178199921E1,5.072651367E0
3.233687878E2,-2.754571838E0,-1.154309601E1,4.378095703E0
3.233889538E2,-2.727178802E0,-1.139116196E1,4.237687683E0
3.234091188E2,-2.665956116E0,-1.115839600E1,4.457730103E0
3.234292848E2,-2.869981842E0,-1.070094727E1,4.169429626E0
3.234494498E2,-2.601140900E0,-9.989925842E0,2.939736786E0
3.234696158E2,-2.247276764E0,-9.301357727E0,9.785151672E-1
3.234897808E2,-2.199825439E0,-8.974437561E0,-6.361770630E-2
3.235099468E2,-2.579436035E0,-8.828790436E0,1.764231262E0
3.235301118E2,-2.325114899E0,-8.660540314E0,3.392245789E0
3.235502778E2,-2.301164703E0,-8.121511230E0,3.623514862E0
3.235704438E2,-2.427202606E0,-7.618108063E0,2.337089996E0
3.235906088E2,-2.398162994E0,-7.407645721E0,1.508562927E0
3.236107748E2,-2.389331360E0,-7.580087128E0,2.945724335E0
3.236309398E2,-2.743195496E0,-8.521928558E0,4.188739471E0
3.236511058E2,-3.127147064E0,-8.945098572E0,4.451443176E0
3.236712708E2,-3.712130585E0,-9.362879791E0,4.976551208E0
3.236914368E2,-4.521946564E0,-9.929451599E0,4.999603271E0
3.237116028E2,-4.684508514E0,-9.545050964E0,5.700745239E0
3.237317678E2,-6.365063782E0,-1.082818268E1,6.312972107E0
3.237519338E2,-7.424111481E0,-1.163395706E1,5.716013489E0
3.237720988E2,-6.812633057E0,-1.078357544E1,4.384532318E0
3.237922648E2,-4.971312103E0,-8.708440704E0,4.748874664E0
3.238124298E2,-3.907773743E0,-7.959997101E0,5.609584808E0
3.238325958E2,-4.057312775E0,-7.539371796E0,5.286107483E0
3.238527618E2,-4.871320038E0,-7.621700592E0,3.983815613E0
3.238729268E2,-5.179229736E0,-7.943830719E0,2.700833588E0
3.238930928E2,-4.968018951E0,-8.318501587E0,2.171683960E0
3.239132578E2,-5.005141754E0,-8.695417786E0,1.733545074E0
3.239334238E2,-4.749473419E0,-8.776399384E0,2.784808960E0
3.239535888E2,-4.778063965E0,-8.033643951E0,4.915029144E0
3.239737548E2,-4.358636169E0,-7.021897888E0,5.143005066E0
3.239939208E2,-3.828289032E0,-6.115682373E0,4.642445984E0
3.240140855E2,-3.948788452E0,-5.436844025E0,4.379891968E0
3.240342515E2,-5.546266479E0,-5.726491699E0,4.788991241E0
3.240544165E2,-5.899831238E0,-5.001100159E0,5.095254364E0
3.240745825E2,-5.453459473E0,-5.116210785E0,4.047133942E0
3.240947475E2,-5.221142578E0,-5.412744141E0,3.731290741E0
3.241149135E2,-5.837860107E0,-6.016438751E0,4.494104462E0
3.241350795E2,-6.273154907E0,-6.417903900E0,5.664819946E0
3.241552445E2,-6.190826111E0,-6.264622650E0,6.207740936E0
3.241754105E2,-6.711892548E0,-6.450536041E0,6.201454010E0
3.241955755E2,-6.570736084E0,-6.722670135E0,6.519841919E0
3.242157415E2,-6.366710358E0,-7.009773102E0,7.174580383E0
3.242359065E2,-6.002667389E0,-7.328759766E0,8.230634308E0
3.242560725E2,-6.568640442E0,-7.545958099E0,8.865613861E0
3.242762385E2,-7.259902954E0,-7.710016937E0,8.491092682E0
3.242964035E2,-7.294481049E0,-7.672295380E0,7.163503418E0
3.243165695E2,-7.959997101E0,-9.154363403E0,6.761140137E0
3.243367345E2,-8.031398621E0,-1.042806473E1,7.310048676E0
3.243569005E2,-8.193960571E0,-1.150028503E1,8.266260223E0
3.243770665E2,-7.496261444E0,-1.184591629E1,8.788823547E0
3.243972315E2,-6.201903076E0,-1.092233688E1,8.536897430E0
3.244173975E2,-5.064119110E0,-1.000953506E1,7.480394440E0
3.244375625E2,-4.727618866E0,-9.647587738E0,6.234834595E0
3.244577285E2,-5.394182739E0,-1.020278320E1,5.756728821E0
3.244778935E2,-5.984105988E0,-1.100990479E1,5.068909149E0
3.244980595E2,-5.485792236E0,-1.094748459E1,4.158652039E0
3.245182245E2,-4.920118561E0,-1.041998154E1,3.838916931E0
3.245383905E2,-4.609514465E0,-9.893526306E0,4.244872742E0
3.245585565E2,-4.067940674E0,-9.250463562E0,4.608766022E0
3.245787215E2,-3.632196808E0,-8.724307709E0,4.455335083E0
3.245988875E2,-2.243684235E0,-7.461982727E0,6.449488220E0
3.246190525E2,-3.525768127E0,-8.838520203E0,8.876541138E-2
3.246392185E2,-3.571423187E0,-7.416776733E0,3.420836334E0
3.246593845E2,-3.035687256E0,-7.097939758E0,3.338657227E0
3.246795495E2,-2.669698334E0,-7.024442596E0,2.909200287E0
3.246997155E2,-2.581082611E0,-6.901847534E0,2.851570129E0
3.247198805E2,-2.450853424E0,-7.065008240E0,1.928589478E0
3.247400465E2,-2.686164093E0,-7.383096771E0,1.030606842E0
3.247602115E2,-2.681374054E0,-7.484436035E0,1.134640503E0
3.247803775E2,-3.148552551E0,-7.669750671E0,2.078577576E0
3.248005435E2,-3.125799866E0,-8.024512939E0,2.681823120E0
3.248207085E2,-3.628005524E0,-8.682245178E0,3.061882782E0
3.248408745E2,-4.923561401E0,-9.848769379E0,2.652933197E0
3.248610395E2,-5.023553467E0,-9.855804749E0,2.494113464E0
3.248812055E2,-5.420527954E0,-1.069121750E1,3.339255981E0
3.249013705E2,-5.342540131E0,-1.103535187E1,4.899910583E0
3.249215365E2,-6.028713226E0,-1.128413452E1,5.971681824E0
3.249417025E2,-7.251221008E0,-1.149280060E1,5.377118225E0
3.249618675E2,-7.061415710E0,-1.059092606E1,3.810625763E0
3.249820335E2,-5.819897461E0,-9.055419159E0,3.896846466E0
3.250021985E2,-5.771997070E0,-7.948920135E0,5.826633453E0
3.250223648E2,-6.607260132E0,-7.336693268E0,6.998097382E0
3.250425308E2,-7.291337585E0,-7.132517853E0,6.912026367E0
3.250626958E2,-6.782545624E0,-6.753356323E0,6.092330933E0
3.250828618E2,-6.165079651E0,-6.592141571E0,5.556145935E0
3.251030268E2,-5.039719849E0,-6.441255341E0,5.333858185E0
3.251231928E2,-3.763773193E0,-6.038892059E0,5.494474182E0
3.251433578E2,-2.944526825E0,-5.481151886E0,5.541476440E0
3.251635238E2,-3.034639435E0,-5.025948486E0,4.855902100E0
3.251836898E2,-3.561693420E0,-4.463717651E0,3.957171021E0
3.252038548E2,-3.528013458E0,-3.911366272E0,3.386407928E0
3.252240208E2,-3.321293335E0,-3.527863770E0,2.998564453E0
3.252441858E2,-3.544628906E0,-3.426374817E0,3.310216370E0
3.252643518E2,-4.525539093E0,-4.393663330E0,3.591631165E0
3.252845178E2,-4.724625092E0,-4.965623932E0,3.571273499E0
3.253046828E2,-5.050347748E0,-5.253475342E0,3.585044861E0
3.253248488E2,-5.982309723E0,-5.398972778E0,3.490441589E0
3.253450138E2,-6.557713165E0,-5.748196564E0,3.984713745E0
3.253651798E2,-6.576424255E0,-6.109096069E0,4.831951904E0
3.253853448E2,-5.788462830E0,-6.130950623E0,5.526657257E0
3.254055108E2,-5.873486023E0,-6.085445251E0,6.027665405E0
3.254256768E2,-6.511459351E0,-6.137237549E0,5.741310883E0
3.254458418E2,-6.450386353E0,-6.666387177E0,4.848567352E0
3.254660078E2,-6.099965057E0,-7.178771667E0,5.156926117E0
3.254861728E2,-5.808970184E0,-7.200177155E0,6.979685669E0
3.255063388E2,-6.336622925E0,-7.449857941E0,7.805368652E0
3.255265048E2,-7.162156219E0,-8.312663727E0,7.313790894E0
3.255466698E2,-7.347470856E0,-8.900641022E0,6.771019592E0
3.255668358E2,-7.521858215E0,-9.679321747E0,6.671626282E0
3.255870008E2,-7.419171753E0,-1.032283356E1,7.276518402E0
3.256071668E2,-6.545139313E0,-9.930050354E0,8.083041229E0
3.256273328E2,-4.933440857E0,-8.560847626E0,8.525371399E0
3.256474978E2,-3.766766968E0,-7.622898102E0,8.370593262E0
3.256676638E2,-3.540587311E0,-7.493866425E0,8.138875122E0
3.256878288E2,-3.335962830E0,-7.585326233E0,8.054899750E0
3.257079948E2,-3.615281982E0,-7.925419006E0,7.281607819E0
3.257281598E2,-3.598816223E0,-8.059839478E0,6.432274017E0
3.257483258E2,-4.014352112E0,-8.138426056E0,5.663023682E0
3.257684918E2,-3.786076813E0,-7.980953522E0,4.958289185E0
3.257886568E2,-3.571123810E0,-7.950417023E0,4.682562561E0
3.258088228E2,-3.257076874E0,-7.906558228E0,4.948709106E0
3.258289878E2,-3.185825043E0,-7.991581421E0,4.816384277E0
3.258491538E2,-2.837200012E0,-7.601193237E0,4.047283630E0
3.258693198E2,-2.750829620E0,-7.014862518E0,3.660487976E0
3.258894848E2,-2.561623077E0,-6.599626007E0,3.649411011E0
3.259096508E2,-2.465971985E0,-6.521039429E0,3.437601471E0
3.259298158E2,-2.651436310E0,-6.596033478E0,3.412304077E0
3.259499818E2,-2.935994568E0,-6.444847870E0,3.031196594E0
3.259701478E2,-2.962489471E0,-6.446045380E0,2.040706329E0
3.259903128E2,-2.805166626E0,-6.621779938E0,1.840123444E0
3.260104788E2,-2.924169159E0,-6.989565125E0,2.978206787E0
3.260306431E2,-3.118465118E0,-7.365134125E0,4.072131958E0
3.260508091E2,-3.419040070E0,-7.672594757E0,4.387226715E0
3.260709751E2,-3.969295807E0,-8.067922668E0,4.431684265E0
3.260911401E2,-4.243226166E0,-8.295150146E0,5.190905457E0
3.261113061E2,-4.657714233E0,-8.729546814E0,5.536686401E0
3.261314711E2,-5.016518097E0,-9.283993835E0,5.282065887E0
3.261516371E2,-4.828808441E0,-9.267827454E0,5.210664368E0
3.261718031E2,-4.404889984E0,-8.959917755E0,5.533542938E0
3.261919681E2,-5.564378815E0,-9.723180542E0,5.612428894E0
3.262121341E2,-7.003037109E0,-1.085632416E1,4.605173492E0
3.262322991E2,-7.433990936E0,-1.147977768E1,3.889062653E0
3.262524651E2,-7.094197540E0,-1.170895111E1,3.704795837E0
3.262726311E2,-7.077582092E0,-1.181657730E1,4.156706085E0
3.262927961E2,-7.327412567E0,-1.122785156E1,4.991220703E0
3.263129621E2,-6.581663361E0,-9.562564545E0,5.462590485E0
3.263331271E2,-5.409450989E0,-7.864196320E0,5.723348236E0
3.263532931E2,-4.885690155E0,-7.181166687E0,5.697152710E0
3.263734591E2,-4.768783264E0,-6.745871887E0,4.922363892E0
3.263936241E2,-4.935985565E0,-6.340814209E0,3.794010315E0
3.264137901E2,-5.066963196E0,-6.047124939E0,3.181783447E0
3.264339551E2,-5.252427521E0,-5.945935364E0,2.944975891E0
3.264541211E2,-5.400020599E0,-5.704637146E0,2.730621643E0
3.264742871E2,-4.812791748E0,-5.345384216E0,2.753374329E0
3.264944521E2,-4.428989868E0,-5.181624756E0,2.951113129E0
3.265146181E2,-4.723128204E0,-4.971461792E0,2.576442261E0
3.265347831E2,-4.329596558E0,-4.480482788E0,2.015259247E0
3.265549491E2,-3.632645874E0,-4.049229584E0,2.067500610E0
3.265751151E2,-3.685036926E0,-4.019890594E0,2.975063324E0
3.265952801E2,-4.168980560E0,-4.262536011E0,3.733536072E0
3.266154461E2,-5.060676270E0,-4.645290070E0,4.217928772E0
3.266356121E2,-5.720204773E0,-4.906047821E0,4.430486755E0
3.266557771E2,-6.971003723E0,-4.484225006E0,5.435347137E0
3.266759431E2,-8.573870544E0,-4.870122528E0,6.957831116E0
3.266961081E2,-8.236621857E0,-5.723497925E0,9.404642944E0
3.267162741E2,-7.992778931E0,-6.300997009E0,1.189890610E1
3.267364401E2,-8.753497009E0,-6.008804626E0,1.211805038E1
3.267566051E2,-7.733667755E0,-5.695506134E0,1.146570694E1
3.267767711E2,-6.143225098E0,-5.191803589E0,1.241233841E1
3.267969361E2,-5.898184662E0,-5.005740509E0,1.259166550E1
3.268171021E2,-6.321504364E0,-4.648732910E0,1.290346710E1
3.268372681E2,-7.046297150E0,-4.937482452E0,1.294433212E1
3.268574331E2,-6.884333954E0,-5.626200256E0,1.242925323E1
3.268775991E2,-5.495821381E0,-5.524112549E0,1.102322708E1
3.268977641E2,-4.221072235E0,-5.410648499E0,1.100586319E1
3.269179301E2,-2.762505341E0,-5.510341187E0,9.292376404E0
3.269380961E2,-4.503684540E0,-5.030289459E0,1.185684357E1
3.269582611E2,-4.728516998E0,-4.820725250E0,1.089449478E1
3.269784271E2,-3.966751099E0,-4.284390564E0,1.013961456E1
3.269985931E2,-2.725681915E0,-3.439846802E0,1.096933914E1
3.270187587E2,-2.399210815E0,-3.782035217E0,9.829459534E0
3.270389247E2,-1.876497803E0,-2.315085754E0,1.173843979E1
3.270590897E2,-3.061433716E0,-2.463876343E0,9.688153381E0
3.270792557E2,-3.726351013E0,-1.713037720E0,8.643625488E0
3.270994217E2,-1.758992157E0,-1.548978882E0,8.148904266E0
3.271195868E2,-9.009764099E-1,-1.572330322E0,8.956025848E0
3.271397527E2,-1.403631134E0,-1.345402222E0,9.390721893E0
3.271599178E2,-1.666185150E0,-1.290466461E0,1.033241364E1
3.271800838E2,-1.807940369E0,-1.129251709E0,9.608968048E0
3.272002497E2,-1.985770569E0,-6.249504089E-1,7.380701752E0
3.272204148E2,-1.246308289E0,1.278341675E-1,5.410049744E0
3.272405808E2,-7.274871826E-2,6.503974915E-1,4.527035980E0
3.272607468E2,1.411564636E-1,5.387297058E-1,5.809269562E0
3.272809118E2,-2.893482971E-1,9.234297180E-1,6.607858887E0
3.273010778E2,-7.969427490E-1,1.549727325E0,6.191574554E0
3.273212428E2,-7.156617737E-1,1.876946869E0,5.470523987E0
3.273414088E2,-7.274871826E-2,2.699187012E0,4.178261261E0
3.273615748E2,4.284091187E-1,3.285218353E0,4.228856049E0
3.273817398E2,6.890171814E-1,3.511847076E0,4.910388794E0
3.274019058E2,4.640350342E-3,3.468736725E0,5.766608276E0
3.274220718E2,-3.191363525E-1,3.501368866E0,6.193969574E0
3.274422368E2,6.331832886E-2,3.942052460E0,5.774242401E0
3.274624028E2,-5.059478760E-2,4.090543671E0,5.195994873E0
3.274825678E2,1.213975525E-1,4.332141266E0,5.960305481E0
3.275027338E2,2.338137817E-1,4.117038574E0,7.338190155E0
3.275228998E2,2.478845215E-1,3.886068878E0,8.907526703E0
3.275430648E2,-1.865121460E-1,3.979774017E0,9.302255859E0
3.275632308E2,-3.787124634E-1,4.265080719E0,9.192983093E0
3.275833968E2,-5.020559692E-1,4.556075592E0,8.953481140E0
3.276035618E2,-6.550378418E-1,4.539460144E0,9.999805298E0
3.276237278E2,8.307723999E-2,4.663851471E0,1.106079895E1
3.276438927E2,9.948312378E-1,5.410199432E0,1.119926102E1
3.276640588E2,1.442849579E0,5.705086212E0,1.066696793E1
3.276842248E2,1.474284210E0,5.581593018E0,1.021924896E1
3.277043897E2,1.558708649E0,4.975054321E0,1.032732422E1
3.277245557E2,1.079555054E0,3.832031250E0,1.108534790E1
3.277447218E2,3.043171692E-1,2.970273285E0,1.197045731E1
3.277648867E2,-3.957769775E-1,2.325114899E0,1.227148132E1
3.277850527E2,-4.848417664E-1,2.288141785E0,1.143996048E1
3.278052178E2,-5.887257385E-1,2.606679382E0,1.037971527E1
3.278253837E2,-7.195536804E-1,2.900967407E0,9.383985901E0
3.278455497E2,-9.490264893E-1,2.654130707E0,9.975855103E0
3.278657148E2,-9.363029480E-1,2.248773651E0,1.099418747E1
3.278858807E2,-7.466473389E-1,1.952988739E0,1.119207596E1
3.279060467E2,-1.157692566E0,1.733545074E0,1.029873367E1
3.279262118E2,-1.638343048E0,1.519340515E0,9.232800293E0
3.279463778E2,-2.166744232E0,1.323996735E0,8.170010376E0
3.279665437E2,-3.420387268E0,1.535806274E0,6.884034576E0
3.279867088E2,-3.671115875E0,1.689386902E0,6.258036346E0
3.280068748E2,-2.995870056E0,1.646276550E0,6.896159363E0
3.280270389E2,-2.501747589E0,1.431173859E0,7.917036438E0
3.280472049E2,-2.942730560E0,1.531764679E0,7.619305573E0
3.280673709E2,-3.193309479E0,1.951940918E0,6.511010284E0
3.280875359E2,-2.843486938E0,2.203867035E0,6.045178986E0
3.281077019E2,-2.346520386E0,2.568508759E0,5.837560730E0
3.281278679E2,-2.045945435E0,2.739153900E0,6.317313080E0
3.281480329E2,-2.377206573E0,2.897374878E0,7.790549469E0
3.281681989E2,-3.312461700E0,2.843037872E0,8.923693085E0
3.281883649E2,-3.357218628E0,3.208428040E0,8.710536346E0
3.282085299E2,-3.508104858E0,3.376678162E0,8.524473267E0
3.282286959E2,-3.906426544E0,3.530408478E0,9.065448303E0
3.282488619E2,-4.322112122E0,3.903582458E0,8.969348145E0
3.282690269E2,-4.262835388E0,4.270918579E0,8.275840302E0
3.282891929E2,-3.758983154E0,4.303550720E0,8.796307983E0
3.283093589E2,-3.024310913E0,4.174968109E0,1.002659958E1
3.283295239E2,-2.499951324E0,4.254752197E0,1.045575714E1
3.283496899E2,-2.055974579E0,4.267924805E0,1.040156982E1
3.283698559E2,-2.186652832E0,4.107009430E0,1.021939865E1
3.283900209E2,-2.229314117E0,4.533173218E0,1.012719040E1
3.284101869E2,-1.578467560E0,4.865931244E0,1.037582336E1
3.284303529E2,-6.688092041E-1,4.832999725E0,1.082444046E1
3.284505179E2,2.769241333E-2,4.593797150E0,1.138682098E1
3.284706839E2,4.028123474E-1,4.601431274E0,1.146974854E1
3.284908499E2,-4.385879517E-2,4.575684814E0,1.066666855E1
3.285110149E2,-3.234773254E-1,4.443509674E0,1.040606049E1
3.285311809E2,-1.377136230E-1,4.218677216E0,1.108400070E1
3.285513469E2,3.932322693E-1,4.366569672E0,1.093056976E1
3.285715119E2,7.747888184E-1,4.517455902E0,9.950707397E0
3.285916779E2,7.556286621E-1,4.500690765E0,8.803043976E0
3.286118439E2,5.595364380E-1,4.563110962E0,7.961793365E0
3.286320089E2,4.761598206E-1,4.517904968E0,7.777376862E0
3.286521749E2,5.298980713E-1,4.360881500E0,8.151598663E0
3.286723409E2,7.593708801E-1,4.420756989E0,7.971223755E0
3.286925059E2,7.045848083E-1,4.443958740E0,7.370822296E0
3.287126719E2,5.882766724E-1,4.248764648E0,7.594606934E0
3.287328379E2,3.537144470E-1,4.022584991E0,7.521858215E0
3.287530029E2,1.880090332E-1,3.877835999E0,7.400310974E0
3.287731689E2,2.829116821E-2,3.922592926E0,7.613767090E0
3.287933349E2,-1.302291870E-2,3.994144135E0,7.326963501E0
3.288134999E2,-1.056802368E-1,4.152215424E0,6.343957672E0
3.288336659E2,-1.574725342E-1,4.313280487E0,6.148164825E0
3.288538319E2,-4.296066284E-2,4.471052399E0,6.332431641E0
3.288739969E2,7.185058594E-2,4.596341858E0,6.558910675E0
3.288941629E2,7.933502197E-2,4.480333099E0,6.652166748E0
3.289143289E2,-2.067201233E-1,4.514611816E0,6.555168457E0
3.289344939E2,-7.722441101E-1,4.534071350E0,6.960375824E0
3.289546599E2,-7.379653931E-1,4.603377228E0,7.682773590E0
3.289748259E2,-2.719844055E-1,4.771477661E0,7.824678497E0
3.289949909E2,-2.155517578E-1,4.960235138E0,7.669750671E0
3.290151569E2,-9.047186279E-1,4.960684204E0,8.052205353E0
3.290353241E2,-9.571096802E-1,4.767286377E0,8.778195648E0
3.290554891E2,-1.177002411E0,4.707859955E0,9.120234375E0
3.290756551E2,-1.282083893E0,4.930447083E0,9.212442627E0
3.290958211E2,-1.071621552E0,5.167853394E0,9.050928497E0
3.291159861E2,-1.478774872E0,5.306315460E0,7.961044922E0
3.291361521E2,-2.025737457E0,5.867498474E0,6.013594666E0
3.291563181E2,-1.925146637E0,5.462440796E0,8.904383240E0