"Time (s)","X (rad/s)","Y (rad/s)","Z (rad/s)"
3.559508335E-2,4.381410778E-2,-1.248256564E-1,5.716979876E-2
5.575808333E-2,7.097473741E-2,-8.954387158E-2,6.634323299E-2
7.592108333E-2,7.795114070E-2,-4.200381786E-2,9.677850455E-2
9.608408334E-2,6.544139236E-2,-3.229834139E-2,1.060641706E-1
1.162470834E-1,2.217579447E-2,-5.130749941E-2,8.738153428E-2
1.364100833E-1,-6.444779690E-3,-8.402545750E-2,8.844582736E-2
1.565740833E-1,3.002072498E-2,-1.481710821E-1,6.099045649E-2
1.767370833E-1,7.700495422E-2,-2.579126060E-1,-1.429032767E-3
1.969000833E-1,5.381258950E-2,-3.605153263E-1,-6.148259342E-2
2.170630833E-1,2.644665306E-3,-4.812070131E-1,-6.811324507E-2
2.372260834E-1,-5.931482092E-2,-5.290312171E-1,-3.832539171E-2
2.573890833E-1,-3.870688379E-2,-4.904558659E-1,2.302395180E-2
2.775520833E-1,7.631666213E-2,-4.241297841E-1,1.387187243E-1
2.977160834E-1,8.269035071E-2,-3.604010046E-1,1.587504297E-1
3.178790833E-1,-1.245241519E-2,-6.130535007E-1,7.987739146E-2
3.380420833E-1,-7.080577314E-2,-1.061108947E0,9.448496997E-2
3.582050834E-1,-1.098148599E-1,-1.505714893E0,1.605558395E-1
3.783680833E-1,-2.300873101E-1,-1.318015814E0,2.458648980E-1
3.985310833E-1,-3.707138002E-1,-6.504704952E-1,3.227027953E-1
4.186940833E-1,-3.320442438E-1,-7.669070363E-2,3.294470012E-1
4.388580833E-1,-3.383778632E-1,1.233615447E-2,3.577979803E-1
4.590210833E-1,-5.218201280E-1,-2.144613117E-1,4.315872490E-1
4.791840833E-1,-8.244906664E-1,-3.112605959E-2,4.666941762E-1
4.993470833E-1,-1.272408605E0,1.031636953E0,4.101091325E-1
5.195100833E-1,-1.364819884E0,1.539936543E0,3.330371082E-1
5.396730833E-1,-1.148576975E0,1.535306931E0,1.026137471E-1
5.598360834E-1,-1.030571818E0,1.359630942E0,-1.667558551E-1
5.799990833E-1,-1.121773124E0,5.593013763E-1,-3.125416338E-1
6.001630833E-1,-1.178927898E0,-2.231030259E-3,-3.628469408E-1
6.203260833E-1,-1.211827517E0,8.658033609E-2,-6.742293239E-1
6.404890833E-1,-1.388073087E0,3.059262037E-1,-8.085305691E-1
6.606520833E-1,-1.311917067E0,3.550311923E-1,-6.111873388E-1
6.808150834E-1,-9.961909056E-1,3.134366274E-1,-5.075794458E-1
7.009780833E-1,-9.697519541E-1,2.333801985E-1,-7.201375961E-1
7.211410000E-1,-1.094287038E0,3.164857626E-1,-7.816699147E-1
7.413050000E-1,-7.874947786E-1,2.913892269E-1,-5.129130483E-1
7.614680000E-1,-1.778335869E-1,6.160840392E-2,-3.742108941E-1
7.816310000E-1,4.142310321E-1,-2.904013395E-1,-6.841222048E-1
8.017940000E-1,1.207029104E0,-4.325381219E-1,-9.805905819E-1
8.219570000E-1,2.052726746E0,-2.603588998E-1,-7.910635471E-1
8.421200000E-1,2.673259974E0,-2.714123726E-1,-5.213002563E-1
8.622830000E-1,2.821503639E0,-9.224627018E-1,-3.261943161E-1
8.824470000E-1,2.565619946E0,-1.662368178E0,-2.755669355E-1
9.026100000E-1,2.304743052E0,-1.926432967E0,-3.154229224E-1
9.227730000E-1,2.311339855E0,-1.637811661E0,-4.291049838E-1
9.429360000E-1,2.405382156E0,-1.227591753E0,-5.572308898E-1
9.630990000E-1,2.400052309E0,-9.057025313E-1,-5.729768872E-1
9.832620000E-1,2.245921373E0,-7.667255402E-1,-5.261948109E-1
1.003425000E0,1.923253655E0,-7.730311751E-1,-5.414952636E-1
1.023588000E0,1.523594379E0,-8.007938862E-1,-5.295533538E-1
1.043752000E0,1.065783978E0,-6.027908921E-1,-6.095445156E-1
1.063915000E0,6.174257398E-1,-2.558318377E-1,-7.277214527E-1
1.084078000E0,1.645518094E-1,-2.490233630E-2,-8.029525280E-1
1.104241000E0,-1.483154893E-1,2.515001297E-1,-8.235054016E-1
1.124404000E0,-3.802358508E-1,5.045778155E-1,-8.402688503E-1
1.144567000E0,-8.778474927E-1,6.766191721E-1,-8.168067932E-1
1.164730000E0,-1.566746831E0,6.604362130E-1,-8.899214864E-1
1.184894000E0,-2.199082375E0,6.140332222E-1,-8.395923376E-1
1.205057000E0,-2.725132704E0,5.520876050E-1,-6.788598895E-1
1.225220000E0,-3.547060013E0,6.892321706E-1,-2.974839807E-1
1.245383000E0,-4.086311817E0,1.249912262E0,-2.397964709E-3
1.265546000E0,-3.642831564E0,1.745788097E0,-1.489493251E-1
1.285709000E0,-2.930335522E0,1.841035128E0,-6.934157014E-1
1.305872000E0,-4.002697945E0,1.697979569E0,-4.274995327E-1
1.326036000E0,-4.806859016E0,1.356330395E0,5.801708698E-1
1.346199000E0,-3.892290831E0,1.429277778E0,9.757144451E-1
1.366362000E0,-2.834123135E0,4.352656603E-1,3.124943972E-1
1.386525000E0,-2.602397919E0,-8.286942840E-1,9.363452345E-2
1.406688000E0,-1.840645790E0,-1.001211166E0,4.034912586E-1
1.426851000E0,-6.742333770E-1,-8.128910661E-1,1.315078288E-1
1.447014000E0,8.039502501E-1,-6.303153038E-1,-3.934087455E-1
1.467178000E0,1.736464262E0,-2.211674154E-1,-6.673743725E-1
1.487341000E0,1.983862400E0,1.541799307E-2,-4.811665416E-1
1.507504000E0,2.125501394E0,-1.833947748E-1,-1.540760845E-1
1.527667000E0,2.526567459E0,-9.364137053E-1,-2.332866378E-2
1.547830000E0,2.989395142E0,-1.562139034E0,-4.201010801E-3
1.567993000E0,3.496816158E0,-1.700764775E0,6.116084382E-2
1.588157000E0,3.690523863E0,-1.676574469E0,1.856105179E-1
1.608320000E0,3.735941410E0,-1.931936502E0,3.076278567E-1
1.628483000E0,3.653544188E0,-2.212100983E0,2.566695213E-1
1.648646000E0,3.606775284E0,-2.254145384E0,5.893021077E-2
1.668809000E0,3.510915756E0,-1.862819672E0,-6.042129919E-2
1.688972000E0,3.199520111E0,-1.113621235E0,-7.870804518E-2
1.709135000E0,2.634039164E0,-5.145805478E-1,-9.882839769E-2
1.729299250E0,1.969972372E0,-2.048391253E-1,-1.265244186E-1
1.749462250E0,1.399850726E0,2.270041034E-2,-2.147439420E-1
1.769625250E0,1.010183930E0,2.526548207E-1,-2.476447821E-1
1.789788250E0,4.442246854E-1,4.309215546E-1,-2.007209361E-1
1.809951250E0,-2.213526368E-1,5.000388622E-1,-1.661588848E-1
1.830114250E0,-8.441854715E-1,4.114354849E-1,-1.232988611E-1
1.850277250E0,-1.292727947E0,3.472460806E-1,-8.511275798E-2
1.870441250E0,-1.508221388E0,2.957083583E-1,-2.321595848E-1
1.890604250E0,-1.724698067E0,3.406310380E-1,-3.779996932E-1
1.910767250E0,-2.127524853E0,5.652912855E-1,-4.253957272E-1
1.930930250E0,-2.477088690E0,8.172545433E-1,-3.275334239E-1
1.951093250E0,-2.672030687E0,9.680012465E-1,-2.193906009E-1
1.971256250E0,-3.181675911E0,1.031016946E0,-1.102360487E-1
1.991420250E0,-3.673227549E0,1.207938910E0,-3.272300959E-2
2.011583250E0,-3.595126867E0,1.494577289E0,-1.552592148E-3
2.031746250E0,-3.337928772E0,1.453624606E0,6.672435254E-2
2.051909250E0,-3.554173470E0,8.010307550E-1,2.444926500E-1
2.072072250E0,-3.755019426E0,8.871138096E-2,3.989195526E-1
2.092235250E0,-3.267267466E0,-1.437512785E-1,4.710583985E-1
2.112398250E0,-2.248800993E0,1.939354539E-1,3.859063089E-1
2.132562250E0,-1.859742880E0,1.585752219E-1,3.069986105E-1
2.152725250E0,-1.277506232E0,-3.381984234E-1,2.822072804E-1
2.172888250E0,-4.966528118E-1,-6.153166890E-1,1.620412767E-1
2.193051250E0,2.926008999E-1,-6.264935732E-1,2.973614074E-2
2.213214250E0,1.021833658E0,-3.472574949E-1,-9.070261568E-2
2.233377250E0,1.516858459E0,-1.955432147E-1,-2.451903820E-1
2.253541250E0,1.759133220E0,-2.993835509E-1,-2.786723077E-1
2.273704250E0,1.898440361E0,-5.301042199E-1,-2.000161707E-1
2.293867250E0,2.066906691E0,-6.554291844E-1,-1.431398243E-1
2.314030250E0,2.351126432E0,-5.721308589E-1,-1.130049154E-1
2.334193250E0,2.698827982E0,-6.559793949E-1,-8.188341558E-2
2.354356250E0,2.839191675E0,-8.671892881E-1,-4.689977039E-3
2.374520250E0,2.881835461E0,-1.121464491E0,8.216625452E-2
2.394683250E0,2.968114376E0,-1.345911384E0,1.112077683E-1
2.414846250E0,3.037420034E0,-1.407092929E0,5.576653779E-2
2.435009250E0,3.049708605E0,-1.197847009E0,-4.359411448E-2
2.455172250E0,2.862042665E0,-7.535853982E-1,-7.557005435E-2
2.475335250E0,2.393461466E0,-3.545821905E-1,-6.178055331E-2
2.495499250E0,1.844348311E0,-8.555875719E-2,-1.084758192E-1
2.515662250E0,1.445449471E0,2.000840381E-2,-2.022139281E-1
2.535825250E0,1.086009622E0,6.282761693E-2,-2.665677667E-1
2.555988250E0,7.491719127E-1,2.079533488E-1,-3.231993020E-1
2.576151250E0,3.488000035E-1,4.289598465E-1,-3.740837872E-1
2.596314250E0,-1.299163252E-1,5.601019859E-1,-3.996572196E-1
2.616477250E0,-6.960067749E-1,6.853711605E-1,-3.364459872E-1
2.636641250E0,-1.077840805E0,9.953432083E-1,-2.541385293E-1
2.656804250E0,-1.503302932E0,1.463629961E0,-2.544274181E-2
2.676967250E0,-2.073506355E0,1.933383822E0,1.467910111E-1
2.697130250E0,-2.418639898E0,2.222110987E0,-9.127995372E-2
2.717293458E0,-2.589274168E0,2.165484905E0,-3.442635536E-1
2.737457458E0,-2.547717333E0,1.849103689E0,-1.703763753E-1
2.757620458E0,-2.412383556E0,1.255075336E0,1.975507587E-1
2.777783458E0,-2.368993044E0,8.193359971E-1,2.171703428E-1
2.797946458E0,-2.531105995E0,6.899131536E-1,6.979966164E-2
2.818109458E0,-2.602866173E0,6.824368834E-1,6.122004241E-2
2.838272458E0,-2.369238377E0,7.134013772E-1,2.203242928E-1
2.858436458E0,-2.235707998E0,4.242065847E-1,2.786593139E-1
2.878599458E0,-2.177264214E0,1.425946504E-1,3.207190633E-1
2.898762458E0,-2.030376911E0,1.539845020E-1,2.944510579E-1
2.918925458E0,-1.590396404E0,4.073211551E-1,2.226498574E-1
2.939088458E0,-1.114315748E0,3.846940100E-1,5.381780863E-2
2.959251458E0,-7.890260816E-1,-9.292244911E-2,9.105975740E-3
2.979415458E0,-6.052775979E-1,-6.226692200E-1,1.380244344E-1
2.999578458E0,-2.093531638E-1,-7.860648632E-1,2.309260666E-1
3.019741458E0,3.684706390E-1,-6.787987947E-1,1.360827535E-1
3.039904458E0,8.145881891E-1,-5.885893106E-1,8.637174033E-3
3.060067458E0,1.212292671E0,-6.792709827E-1,-2.179940045E-2
3.080230458E0,1.660950065E0,-1.026791096E0,-1.160987392E-1
3.100394458E0,2.294609785E0,-1.391196489E0,-3.135125041E-1
3.120557458E0,2.650384903E0,-1.493899107E0,-4.763937891E-1
3.140720458E0,2.949044466E0,-1.415961862E0,-5.867359042E-1
3.160883458E0,3.359583616E0,-1.253816605E0,-6.976507306E-1
3.181046458E0,3.636755228E0,-1.033427954E0,-7.170281410E-1
3.201210458E0,3.661750793E0,-1.039667010E0,-5.633949637E-1
3.221373458E0,3.605419636E0,-1.208414078E0,-4.463651776E-1
3.241536458E0,3.388418436E0,-1.367297769E0,-4.102263749E-1
3.261699458E0,2.994913816E0,-1.192933321E0,-3.790759742E-1
3.281862458E0,2.608978987E0,-8.130697012E-1,-3.678795695E-1
3.302025458E0,2.369575739E0,-5.956290960E-1,-4.371728897E-1
3.322189458E0,2.237770081E0,-6.548786759E-1,-5.760126710E-1
3.342352458E0,1.738550305E0,-8.523857594E-1,-6.995134354E-1
3.362515458E0,1.007801890E0,-1.134428024E0,-8.495208025E-1
3.382678458E0,-7.889720201E-1,-4.475959763E-2,-5.545032620E-1
3.402841458E0,-2.418069363E0,1.576209426E0,4.025325552E-2
3.423005458E0,-2.585898399E0,1.841578722E0,2.645847499E-1
3.443168458E0,-2.089071035E0,7.356442213E-1,-1.687750518E-1
3.463331458E0,-2.846828461E0,3.668609560E-1,-4.709635675E-1
3.483494458E0,-3.948461771E0,9.924175739E-1,-4.051799327E-2
3.503657458E0,-4.392385006E0,1.795503855E0,5.969262719E-1
3.523820458E0,-4.396003723E0,2.005377531E0,8.186224103E-1
3.543984458E0,-4.277975559E0,1.404620051E0,7.174864411E-1
3.564147458E0,-4.056231499E0,6.231845617E-1,6.684379578E-1
3.584310458E0,-3.433300495E0,3.674106002E-1,6.691251397E-1
3.604473458E0,-2.718826056E0,5.600393414E-1,6.244080663E-1
3.624636458E0,-2.539475918E0,5.984687209E-1,5.914207697E-1
3.644800458E0,-2.378667831E0,6.107108593E-1,6.476895213E-1
3.664963458E0,-1.794500589E0,5.233486295E-1,5.303576589E-1
3.685126458E0,-7.217807770E-1,4.685191214E-1,2.967311144E-1
3.705289458E0,-5.779183656E-2,1.628176272E-1,2.066093385E-1
3.725452333E0,2.590292990E-1,-2.475517243E-1,3.235934675E-1
3.745615333E0,8.145458698E-1,-4.527938962E-1,3.142137825E-1
3.765779333E0,1.318905354E0,-2.745435536E-1,1.430902034E-1
3.785942333E0,1.552605867E0,-1.360779107E-1,1.620093547E-2
3.806105333E0,1.821460128E0,-2.887143493E-1,7.540530711E-2
3.826268333E0,1.930033565E0,-8.730859756E-1,1.303558052E-1
3.846431333E0,1.664443970E0,-1.203374147E0,1.684476882E-1
3.866595333E0,1.692938924E0,-9.778119326E-1,2.701777816E-1
3.886758333E0,1.542378426E0,-2.859693170E-1,5.041847229E-1
3.906921333E0,3.681931794E-1,6.553087831E-1,7.128692865E-1
3.927084333E0,8.814551234E-1,-4.460826144E-2,2.721169293E-1
3.947247333E0,2.101307392E0,-1.652652860E0,-4.851564765E-1
3.967411333E0,2.480505466E0,-2.382701397E0,-9.727688432E-1
3.987574333E0,2.526582718E0,-1.919403672E0,-1.158516645E0
4.007737333E0,2.628233671E0,-7.901055217E-1,-1.259684682E0
4.027900333E0,2.691632986E0,1.706956141E-2,-1.127850652E0
4.048063333E0,2.512887478E0,2.116660178E-1,-8.246511221E-1
4.068227333E0,2.065473795E0,1.583450288E-2,-5.007473230E-1
4.088390333E0,1.415214539E0,-1.141827330E-1,-1.943884939E-1
4.108553333E0,7.431819439E-1,-4.785743356E-2,-1.429003850E-2
4.128716333E0,2.665298581E-1,2.329986989E-1,1.348851323E-1
4.148879333E0,6.318616867E-2,3.284514248E-1,1.782014221E-1
4.169042333E0,-1.513707340E-1,1.836367399E-1,1.229890585E-1
4.189206333E0,-5.288467407E-1,8.110545576E-2,2.312313206E-2
4.209369333E0,-1.039926767E0,3.237254918E-3,-7.274147123E-2
4.229532333E0,-1.326050878E0,2.077352256E-2,-1.261382103E-1
4.249695333E0,-1.258038998E0,1.857006550E-1,-1.524308473E-1
4.269858333E0,-1.071153998E0,4.546052516E-1,-1.602462828E-1
4.290022333E0,-1.109127045E0,3.099013567E-1,-4.127080142E-1
4.310185333E0,-1.671704650E0,-2.973801494E-1,-4.618945122E-1
4.330348333E0,-2.495600224E0,4.497557133E-2,4.785695672E-2
4.350511333E0,-3.325173855E0,1.655679941E0,6.745033264E-1
4.370674333E0,-3.848353624E0,3.364868164E0,7.285842896E-1
4.390838333E0,-3.838115215E0,4.351682663E0,3.979839683E-1
4.411001333E0,-3.473809481E0,3.144974232E0,3.191550970E-1
4.431164333E0,-3.106650591E0,8.985090256E-1,4.652762413E-1
4.451327333E0,-2.806006908E0,-4.643306136E-1,3.190431893E-1
4.471490333E0,-2.523113728E0,-7.099792361E-1,1.631849855E-1
4.491654333E0,-2.022153854E0,-4.745630622E-1,1.381726861E-1
4.511817333E0,-1.303506255E0,-2.658903897E-1,1.203903779E-1
4.531980333E0,-5.123890042E-1,-5.219515562E-1,-5.005791411E-2
4.552143333E0,1.222000569E-1,-7.393252254E-1,-3.011961579E-1
4.572306333E0,8.848330975E-1,-5.156114101E-1,-4.975210428E-1
4.592470333E0,1.340440273E0,-1.844787449E-1,-7.028151751E-1
4.612633333E0,1.467647910E0,6.398693658E-3,-6.002460718E-1
4.632796333E0,1.859123707E0,1.125430837E-1,-1.241353378E-1
4.652959333E0,2.431857109E0,-9.621910006E-2,4.606631398E-1
4.673122333E0,2.697327852E0,-7.606822848E-1,7.262860537E-1
4.693286333E0,2.976747990E0,-1.577809095E0,7.536776066E-1
4.713449333E0,3.654255152E0,-2.150367737E0,5.936041474E-1
4.733613000E0,4.317704201E0,-2.341093302E0,3.974414766E-1
4.753776000E0,4.600092888E0,-2.309844732E0,2.839818001E-1
4.773939000E0,4.542407990E0,-1.965371609E0,2.838416994E-1
4.794103000E0,4.046288967E0,-1.523689270E0,3.147569299E-1
4.814266000E0,3.360134840E0,-1.504163504E0,2.098101676E-1
4.834429000E0,3.195683956E0,-1.267266989E0,-6.050267071E-2
4.854592000E0,3.374991894E0,-1.038807273E0,-4.013456702E-1
4.874756000E0,2.806330919E0,-7.937523723E-1,-6.050904989E-1
4.894919000E0,1.379910707E0,-4.556893110E-1,-4.845084548E-1
4.915082000E0,-7.164303660E-1,5.762505531E-2,-1.794262677E-1
4.935245000E0,-3.119907856E0,9.535967112E-1,2.922676802E-1
4.955408000E0,-4.496416092E0,1.374227643E0,4.827117920E-1
4.975572000E0,-4.256103039E0,1.275379539E0,1.164500862E-1
4.995735000E0,-3.293637037E0,1.141890764E0,-6.199800372E-1
5.015898000E0,-3.014096498E0,1.782705426E0,-9.314985275E-1
5.036061000E0,-3.321882725E0,2.319381237E0,-6.817989945E-1
5.056224000E0,-3.631130219E0,2.084150314E0,-3.710897863E-1
5.076388000E0,-3.576582432E0,1.601895094E0,-2.128060460E-1
5.096551000E0,-3.483039856E0,1.233154416E0,-2.367857471E-2
5.116714000E0,-3.473967075E0,1.269659877E0,3.228062689E-1
5.136877000E0,-3.464936256E0,1.181791306E0,4.724247754E-1
5.157041000E0,-3.368309975E0,5.656030774E-1,3.593941331E-1
5.177204000E0,-2.672177792E0,-3.222500682E-1,3.505316973E-1
5.197367000E0,-1.641247034E0,-7.434239388E-1,3.426241875E-1
5.217530000E0,-9.769137502E-1,-6.644974351E-1,3.602274358E-1
5.237693000E0,-9.818150401E-1,-3.750624657E-1,1.642370671E-1
5.257857000E0,-4.106431007E-1,-1.743026078E-1,-1.009906903E-1
5.278020000E0,2.621254027E-1,-1.007573605E-1,-4.559495747E-1
5.298183000E0,6.389034390E-1,2.090158174E-3,-6.431153417E-1
5.318346000E0,1.048980117E0,1.281675100E-1,-5.433875918E-1
5.338509000E0,1.447317243E0,-1.990823448E-1,-4.571392238E-1
5.358673000E0,2.018582582E0,-9.922728539E-1,-5.423241854E-1
5.378836000E0,2.375585318E0,-1.887809992E0,-6.636800170E-1
5.398999000E0,2.543980360E0,-1.463548183E0,-4.644939005E-1
5.419162000E0,2.650883436E0,-3.702972233E-1,-1.115773171E-1
5.439326000E0,2.803635359E0,-1.449674666E-1,4.146140814E-2
5.459489000E0,2.678499699E0,-2.799083591E-1,2.022462338E-1
5.479652000E0,3.042989731E0,-7.611753345E-1,5.610218272E-2
5.499815000E0,3.326097488E0,-1.619360566E0,-1.670409292E-1
5.519978000E0,3.002693176E0,-2.147959232E0,-2.724263668E-1
5.540142000E0,2.524932623E0,-1.782115459E0,-1.133200452E-1
5.560305000E0,2.080509901E0,-9.933596849E-1,1.204465516E-2
5.580468000E0,1.601092100E0,-5.647985935E-1,8.269977756E-3
5.600631000E0,1.360639215E0,-3.901623487E-1,-9.934696555E-2
5.620795000E0,1.237233281E0,-2.571279109E-1,-2.081998140E-1
5.640958000E0,1.049117446E0,-1.492843330E-1,-2.792845666E-1
5.661121000E0,8.010802269E-1,-2.770323306E-2,-2.940534055E-1
5.681284000E0,5.243669152E-1,1.785380095E-1,-2.956198454E-1
5.701447000E0,2.237087041E-1,4.696013033E-1,-2.875492871E-1
5.721610375E0,-1.835551709E-1,7.665254474E-1,-1.583431810E-1
5.741773375E0,-5.677528381E-1,1.083347440E0,7.186524570E-2
5.761936375E0,-8.193397522E-1,1.222874284E0,2.646897435E-1
5.782099375E0,-9.787935019E-1,1.164077282E0,2.640296817E-1
5.802263375E0,-1.297560215E0,9.779766202E-1,2.717537880E-1
5.822426375E0,-1.774292588E0,8.460803628E-1,4.687360823E-1
5.842589375E0,-1.837558270E0,9.119303823E-1,6.465405226E-1
5.862752375E0,-1.275718808E0,7.231435180E-1,4.932401180E-1
5.882915375E0,-1.376734495E0,4.188340604E-1,3.989897668E-1
5.903079375E0,-2.596312046E0,6.756885052E-1,8.837593794E-1
5.923242375E0,-3.309429407E0,1.133046150E0,1.516588926E0
5.943405375E0,-3.187048912E0,9.708024263E-1,1.403658986E0
5.963568375E0,-3.281924963E0,2.244748771E-1,9.999848604E-1
5.983732375E0,-3.236594915E0,-5.460014939E-1,7.301931977E-1
6.003895375E0,-2.572045565E0,-6.349033713E-1,4.627924562E-1
6.024058375E0,-1.725078225E0,-3.809542060E-1,1.191117987E-2
6.044221375E0,-6.451622844E-1,2.196897119E-1,-3.860072792E-1
6.064384375E0,1.932246834E-1,3.594566584E-1,-4.317350686E-1
6.084548375E0,7.181318402E-1,3.588097692E-1,-2.959561944E-1
6.104711375E0,8.835046291E-1,-2.645972744E-2,-1.259786934E-1
6.124874375E0,1.233037591E0,-3.053523600E-1,1.987939328E-2
6.145037375E0,1.683384895E0,-5.057219267E-1,-1.965297386E-2
6.165201375E0,2.128584146E0,-7.970001698E-1,-6.254335865E-3
6.185364375E0,2.471899033E0,-1.285627365E0,-3.385170922E-2
6.205527375E0,2.545795679E0,-1.645923734E0,-1.580975056E-1
6.225690375E0,2.494375229E0,-1.666646957E0,-3.009446561E-1
6.245854375E0,2.474716902E0,-1.467162013E0,-4.555480480E-1
6.266017375E0,2.427468061E0,-1.295162678E0,-6.587681174E-1
6.286180375E0,2.197685242E0,-1.066743731E0,-7.284916043E-1
6.306343375E0,1.861196160E0,-7.955529094E-1,-5.616742969E-1
6.326506375E0,1.713322043E0,-5.674793124E-1,-4.051796496E-1
6.346670375E0,1.802961349E0,-2.611319721E-1,-4.443403780E-1
6.366833375E0,1.698866963E0,1.304019392E-1,-5.049987435E-1
6.386996375E0,1.515167594E0,3.518734574E-1,-5.143900514E-1
6.407159375E0,1.440449715E0,9.848453104E-2,-5.636019707E-1
6.427323375E0,7.832637429E-1,-2.540451288E-1,-5.564240217E-1
6.447486375E0,-8.294889927E-1,-2.368115187E-1,-3.545049429E-1
6.467649375E0,-2.079120398E0,2.501473725E-1,-1.659321487E-1
6.487812375E0,-3.009196281E0,1.407677054E0,2.424301058E-1
6.507976375E0,-3.613585234E0,2.161237955E0,3.768368959E-1
6.528139375E0,-3.495677948E0,1.816927433E0,-2.876418084E-2
6.548302375E0,-3.211871624E0,1.157576561E0,-6.189497113E-1
6.568465375E0,-3.272498131E0,1.168377280E0,-6.839598417E-1
6.588629375E0,-3.517903566E0,1.489532351E0,-4.532991052E-1
6.608792375E0,-3.882355452E0,1.192205548E0,-2.941413224E-1
6.628955375E0,-3.713302851E0,6.349445581E-1,-1.616413146E-1
6.649118375E0,-3.497299910E0,5.289505422E-2,-2.648232281E-1
6.669282375E0,-2.905442953E0,-7.312370539E-1,-3.409356177E-1
6.689445375E0,-1.290406942E0,4.774921536E-1,7.482009381E-2
6.709608375E0,-1.002964973E0,6.534070373E-1,5.124917999E-2
6.729771000E0,-5.265861750E-1,3.070241809E-1,1.575743556E-1
6.749934000E0,1.459418982E-1,-3.786849380E-1,2.496858984E-1
6.770098000E0,9.545455575E-1,-2.924588621E-1,3.596606553E-1
6.790261000E0,1.556869745E0,-1.370310485E-1,4.608817399E-1
6.810424000E0,1.787516117E0,-4.889683127E-1,5.657999516E-1
6.830587000E0,2.014075994E0,-9.155980945E-1,6.293348074E-1
6.850751000E0,2.484083652E0,-1.265045881E0,5.966689587E-1
6.870914000E0,2.854020834E0,-1.400112391E0,4.291061163E-1
6.891077000E0,3.182944059E0,-1.245025516E0,3.917446136E-1
6.911240000E0,3.720241070E0,-1.086867213E0,4.247739017E-1
6.931404000E0,3.928682089E0,-1.271879792E0,3.693934679E-1
6.951567000E0,3.781748772E0,-1.221796989E0,4.221116006E-1
6.971730000E0,3.427397251E0,-1.058831811E0,5.486682653E-1
6.991893000E0,2.826325178E0,-8.222628832E-1,4.511549771E-1
7.012057000E0,2.150653362E0,-6.650111079E-1,2.540170848E-1
7.032220000E0,1.419004321E0,-6.321580410E-1,1.281556040E-1
7.052383000E0,7.714813352E-1,-5.550825596E-1,-8.120844513E-2
7.072547000E0,4.556690156E-1,-3.351296782E-1,-3.927895129E-1
7.092710000E0,4.808400571E-1,-1.390743703E-1,-8.177408576E-1
7.112873000E0,5.606848001E-1,1.242559403E-2,-1.085597277E0
7.133036000E0,3.935088813E-1,1.190599352E-1,-1.027874470E0
7.153200000E0,-9.947276115E-2,-2.573057450E-2,-8.287383914E-1
7.173363000E0,-7.824093699E-1,-1.811374277E-1,-6.213163137E-1
7.193526000E0,-1.185766101E0,1.059150696E-1,-4.441169202E-1
7.213689000E0,-1.224118233E0,6.386357546E-1,-3.798336983E-1
7.233853000E0,-1.233357668E0,9.285305738E-1,-2.801874578E-1
7.254016000E0,-1.213401675E0,9.964975715E-1,-2.279606760E-1
7.274179000E0,-1.220086575E0,8.170737624E-1,-2.010609210E-1
7.294342000E0,-1.516589880E0,5.209458470E-1,-1.622724235E-1
7.314506000E0,-2.253840208E0,2.784858644E-2,-4.268664494E-2
7.334669000E0,-2.594682693E0,-3.041663766E-1,-6.257834844E-3
7.354832000E0,-2.570594072E0,-1.996021569E-1,2.959898207E-3
7.374995000E0,-2.738676786E0,2.093727291E-1,2.173576355E-1
7.395159000E0,-2.390242577E0,9.478125572E-1,4.035754204E-1
7.415322000E0,-1.662818670E0,1.375702620E0,2.064494193E-1
7.435485000E0,-1.370596886E0,4.706642628E-1,-1.871040910E-1
7.455649000E0,-1.487577200E0,-5.843992233E-1,-4.011235237E-1
7.475812000E0,-9.331564903E-1,-7.363777757E-1,-4.044779241E-1
7.495975000E0,-3.463225961E-1,2.975751460E-1,-4.843409956E-1
7.516138000E0,3.349675983E-2,1.566879153E0,-2.640492022E-1
7.536302000E0,1.096378565E0,1.019902706E0,-1.456402838E-1
7.556465000E0,1.804544926E0,-6.454433799E-1,-2.153117061E-1
7.576628000E0,1.753363371E0,-1.532248735E0,-1.772027910E-1
7.596792000E0,1.746545911E0,-1.216049552E0,5.184481293E-2
7.616955000E0,1.972490311E0,-7.950971127E-1,2.418421209E-1
7.637118000E0,2.038997173E0,-9.368682504E-1,2.816234827E-1
7.657281000E0,2.003872633E0,-1.166612983E0,2.641269863E-1
7.677445000E0,1.966248155E0,-1.091782212E0,2.944808900E-1
7.697608000E0,2.007298946E0,-6.180717349E-1,3.649344444E-1
7.717771000E0,2.153414965E0,-4.575465247E-2,4.483498335E-1
7.737935708E0,2.459150553E0,4.474741518E-1,4.497848451E-1
7.758098708E0,2.600020647E0,6.798472404E-1,4.616789222E-1
7.778261708E0,2.384196758E0,7.948421836E-1,6.096686125E-1
7.798425708E0,2.059679985E0,8.069236875E-1,7.952285409E-1
7.818588708E0,1.642793298E0,6.281777024E-1,9.136371017E-1
7.838751708E0,1.128079295E0,3.602603972E-1,9.474537969E-1
7.858915708E0,6.761314273E-1,2.525921166E-1,9.179349542E-1
7.879078708E0,2.475600541E-1,4.004943371E-1,9.025757909E-1
7.899241708E0,-4.180339724E-2,5.844680071E-1,8.523763418E-1
7.919405708E0,-4.191169441E-1,6.866810322E-1,7.609801292E-1
7.939568708E0,-1.044677973E0,8.802430630E-1,7.206292152E-1
7.959731708E0,-1.862713456E0,1.343390465E0,8.003072143E-1
7.979894708E0,-2.585353374E0,1.349292517E0,8.565335274E-1
8.000058708E0,-3.269676685E0,8.607309461E-1,9.297791123E-1
8.020221708E0,-3.945944071E0,8.478562832E-1,9.403696656E-1
8.040384708E0,-4.426891804E0,1.311664581E0,8.820432425E-1
8.060548708E0,-4.473638535E0,1.623211980E0,9.076172113E-1
8.080711708E0,-4.013132095E0,1.492067337E0,8.335561752E-1
8.100874708E0,-3.504650116E0,1.110720396E0,4.716343582E-1
8.121038708E0,-3.205758810E0,7.125130296E-1,2.274778634E-1
8.141201708E0,-2.568053007E0,5.230916739E-1,3.679411709E-1
8.161364708E0,-1.994279146E0,3.353039324E-1,4.948475659E-1
8.181528708E0,-1.568209171E0,2.466758192E-1,3.676426113E-1
8.201691708E0,-1.236052036E0,2.720221132E-2,3.613238931E-1
8.221854708E0,-6.969513893E-1,-3.408614099E-1,4.849334061E-1
8.242018708E0,-1.012714282E-1,-5.357268453E-1,5.827746987E-1
8.262181708E0,2.370951623E-1,-3.679195046E-1,4.971742630E-1
8.282344708E0,2.969553769E-1,-1.307299882E-1,4.162279069E-1
8.302508708E0,8.265867829E-1,-7.246050239E-2,4.140596688E-1
8.322671708E0,1.384913325E0,-4.796261787E-1,2.604569495E-1
8.342834708E0,1.515926719E0,-8.508690596E-1,1.806463897E-1
8.362998708E0,1.756793022E0,-7.706005573E-1,3.260815442E-1
8.383161708E0,2.153541327E0,-3.827798367E-1,5.143964887E-1
8.403324708E0,2.839673281E0,-3.272767067E-1,4.843885005E-1
8.423488708E0,3.012425900E0,-7.552559972E-1,4.314340353E-1
8.443651708E0,2.557414055E0,-9.490656853E-1,7.632178068E-1
8.463815708E0,2.006227732E0,-1.117708445E0,1.126561522E0
8.483978708E0,1.891586542E0,-8.617445827E-1,9.389938712E-1
8.504141708E0,1.984795690E0,-5.482267737E-1,7.404663563E-1
8.524305708E0,2.257369041E0,-5.899298787E-1,5.538311601E-1
8.544468708E0,2.491009712E0,-8.110718131E-1,3.669348061E-1
8.564631708E0,2.364819050E0,-9.574903846E-1,2.095716298E-1
8.584795708E0,2.172506094E0,-7.424820065E-1,1.672328264E-1
8.604958708E0,1.963882804E0,-3.442639709E-1,1.869027317E-1
8.625121708E0,1.865721583E0,-1.129727066E-2,2.551066577E-1
8.645285708E0,1.752205253E0,1.988233775E-1,2.666664422E-1
8.665448708E0,1.476217031E0,2.614052594E-1,2.970683873E-1
8.685612708E0,1.051932216E0,2.975097597E-1,3.207827508E-1
8.705775708E0,6.129928231E-1,4.353772402E-1,2.476622760E-1
8.725939708E0,1.896326840E-1,6.799271703E-1,1.372168213E-1
8.746103708E0,-2.836965322E-1,8.866175413E-1,9.553248435E-2
8.766266708E0,-6.179301143E-1,9.888786077E-1,1.107475534E-1
8.786429708E0,-9.244352579E-1,1.140207171E0,2.161559761E-1
8.806593708E0,-1.427497983E0,1.454079270E0,3.017695844E-1
8.826756708E0,-2.276434183E0,1.817442656E0,3.797397316E-1
8.846920708E0,-3.068886995E0,2.166275978E0,6.287732124E-1
8.867083708E0,-3.685169458E0,2.140325546E0,9.231073260E-1
8.887246708E0,-4.138542652E0,1.680172324E0,1.161003590E0
8.907410708E0,-4.493441105E0,1.342860460E0,1.410346389E0
8.927573708E0,-4.739263058E0,1.096544147E0,1.582873344E0
8.947736708E0,-4.362253666E0,7.292487621E-1,1.643000007E0
8.967900708E0,-3.396573782E0,4.759484529E-1,1.539755106E0
8.988063708E0,-2.664921999E0,3.944808245E-1,1.223248124E0
9.008227708E0,-1.404767156E0,2.702886462E-1,1.069173455E0
9.028390708E0,-1.159663945E-1,2.224041522E-1,8.784340620E-1
9.048553708E0,9.629756808E-1,-1.813962758E-1,9.054183960E-1
9.068717708E0,1.857595563E0,-4.430601001E-1,1.165264726E0
9.088880708E0,2.183119535E0,-4.447325468E-1,1.491157651E0
9.109043708E0,2.200327635E0,-5.883195400E-1,1.746605754E0
9.129207708E0,2.221064329E0,-8.295857310E-1,1.786460638E0
9.149370708E0,2.255798578E0,-1.034378290E0,1.835648775E0
9.169534708E0,2.299658537E0,-1.169250488E0,1.795198798E0
9.189697708E0,2.423542976E0,-1.067853928E0,1.621792912E0
9.209860708E0,2.513321638E0,-8.502467871E-1,1.357696772E0
9.230024708E0,2.485007048E0,-6.743203998E-1,1.108529091E0
9.250187708E0,2.364748955E0,-4.240302444E-1,9.566224217E-1
9.270350708E0,2.113410950E0,-1.591570377E-1,8.169251084E-1
9.290514708E0,1.780857086E0,1.141699404E-1,7.399053574E-1
9.310677708E0,1.313612819E0,2.965854108E-1,7.026879787E-1
9.330841708E0,7.711002827E-1,2.549910247E-1,6.443870068E-1
9.351004708E0,1.797717214E-1,1.379358768E-1,5.456002951E-1
9.371167708E0,-4.754352868E-1,7.590902597E-2,4.572599530E-1
9.391331708E0,-1.238945484E0,5.321947113E-2,4.046744108E-1
9.411494708E0,-1.612802386E0,2.995258272E-1,4.079889953E-1
9.431657708E0,-1.703458786E0,3.757745326E-1,1.949816495E-1
9.451821708E0,-2.315118313E0,4.148051739E-1,4.008115456E-2
9.471984708E0,-3.200971365E0,6.703795195E-1,1.091136411E-1
9.492148708E0,-3.638049364E0,1.336256981E0,2.668508887E-1
9.512311708E0,-3.465102196E0,1.830189347E0,1.957195401E-1
9.532474708E0,-3.384984493E0,1.609054327E0,2.738929093E-1
9.552638708E0,-2.931211710E0,1.198410034E0,3.323290348E-1
9.572801708E0,-1.945118785E0,5.854534507E-1,1.777937114E-1
9.592965708E0,-1.000366449E0,-2.722737193E-2,6.931047887E-2
9.613128708E0,-1.568852216E-1,-5.046043396E-1,1.365717351E-1
9.633291708E0,7.740433216E-1,-6.565691233E-1,1.168241650E-1
9.653455708E0,1.709500790E0,-6.129328609E-1,7.149130106E-2
9.673618708E0,2.240593910E0,-3.378916681E-1,2.419350594E-1
9.693781708E0,2.476362467E0,-5.932900682E-2,6.604859829E-1
9.713945708E0,2.631609917E0,-1.439270973E-1,1.049543142E0
9.734107833E0,2.682803631E0,-4.617185295E-1,1.321658015E0
9.754271833E0,2.646796227E0,-6.370638609E-1,1.501912832E0
9.774434833E0,2.593854666E0,-6.418817639E-1,1.595267653E0
9.794597833E0,2.445417643E0,-5.187610388E-1,1.615275502E0
9.814761833E0,2.291269064E0,-4.657124877E-1,1.585928082E0
9.834924833E0,2.116047859E0,-4.224416316E-1,1.503959298E0
9.855088833E0,1.925954223E0,-2.546848655E-1,1.376827955E0
9.875251833E0,1.651821613E0,-1.703979075E-2,1.223223448E0
9.895414833E0,1.283209324E0,9.997831285E-2,1.047682047E0
9.915578833E0,8.680934310E-1,3.023252487E-1,8.377661109E-1
9.935741833E0,5.534852743E-1,6.549790502E-1,7.062422633E-1
9.955904833E0,2.283253223E-1,9.830222726E-1,6.642837524E-1
9.976068833E0,-2.889352143E-1,1.319358945E0,7.178714275E-1
9.996231833E0,-6.010847092E-1,1.628580451E0,8.122715354E-1
1.001639583E1,-7.774565816E-1,1.837257743E0,6.152991652E-1
1.003655883E1,-1.023476839E0,1.705285072E0,8.802654594E-2
1.005672183E1,-1.785983682E0,1.377186298E0,6.468317471E-3
1.007688583E1,-2.984857559E0,1.063561201E0,6.864624619E-1
1.009704883E1,-3.850493670E0,5.986406207E-1,1.097459793E0
1.011721283E1,-3.479107857E0,4.808964133E-1,5.569422841E-1
1.013737583E1,-2.686522961E0,8.368340135E-1,4.850467294E-2
1.015753883E1,-2.456983805E0,1.111777782E0,3.484281898E-1
1.017770283E1,-2.621013880E0,1.270812035E0,1.008029699E0
1.019786583E1,-2.513321877E0,9.823885560E-1,1.154689908E0
1.021802983E1,-1.776892781E0,5.346719027E-1,7.011578083E-1
1.023819283E1,-9.490420818E-1,1.396942884E-1,6.053723693E-1
1.025835583E1,-6.463278532E-1,-2.190102041E-1,1.034805655E0
1.027851983E1,-8.294256926E-1,-7.049027681E-1,1.473648548E0
1.029868283E1,-3.775537610E-1,-8.809589148E-1,1.517863870E0
1.031884683E1,3.884469867E-1,-5.364169478E-1,1.313228965E0
1.033900983E1,8.930361867E-1,2.166880853E-2,1.232419014E0
1.035917283E1,1.117727160E0,3.762414455E-1,1.487380385E0
1.037933683E1,1.332289577E0,3.747328222E-1,1.833263516E0
1.039949983E1,1.679012537E0,1.151865199E-1,1.865746260E0
1.041966383E1,2.255235434E0,-1.083723083E-1,1.757960916E0
1.043982683E1,2.745428085E0,2.377999201E-2,1.813593149E0
1.045998983E1,3.036786795E0,2.026670724E-1,1.961465120E0
1.048015383E1,3.031737089E0,-3.153245430E-3,2.080886126E0
1.050031683E1,2.684993505E0,-5.921265483E-1,2.083886862E0
1.052048083E1,2.107931376E0,-1.219472289E0,1.965284824E0
1.054064383E1,1.634433508E0,-1.472228169E0,1.750102878E0
1.056080683E1,1.319907308E0,-1.144877315E0,1.537474394E0
1.058097083E1,1.057476997E0,-5.243816972E-1,1.401004910E0
1.060113383E1,9.087340832E-1,4.079884291E-2,1.189840436E0
1.062129783E1,1.021694064E0,3.086301684E-1,8.568395376E-1
1.064146083E1,1.002815485E0,3.421663642E-1,4.511969388E-1
1.066162383E1,4.190436006E-1,2.545972168E-1,8.526434749E-2
1.068178783E1,-1.589795947E-1,2.612770349E-2,-7.969095558E-2
1.070195083E1,-4.869265854E-2,-3.671273589E-3,-1.582454890E-1
1.072211475E1,-3.150951117E-3,4.334369600E-1,-5.420469865E-2
1.074227775E1,-5.782632232E-1,1.119018316E0,8.417861909E-2
1.076244175E1,-1.395702839E0,1.314941049E0,8.589951321E-3
1.078260475E1,-2.131644249E0,9.907039404E-1,-3.859911859E-2
1.080276775E1,-2.434035301E0,4.455755651E-1,-1.157203224E-5
1.082293175E1,-2.627653360E0,3.028352261E-1,2.018668801E-1
1.084309475E1,-2.984846830E0,9.310216308E-1,2.486019731E-1
1.086325875E1,-3.342566252E0,1.694878221E0,4.283697307E-1
1.088342175E1,-3.502286196E0,1.834268570E0,6.010416150E-1
1.090358475E1,-3.269381046E0,1.334496498E0,4.850430191E-1
1.092374875E1,-2.672847986E0,7.786485553E-1,3.563327789E-1
1.094391175E1,-2.028725624E0,5.299889445E-1,4.591003358E-1
1.096407575E1,-1.183223486E0,3.275850713E-1,5.591423512E-1
1.098423875E1,-2.023456842E-1,1.213873699E-1,6.149662733E-1
1.100440175E1,6.742840409E-1,-9.586659819E-2,6.021099687E-1
1.102456575E1,1.200650096E0,-2.683430314E-1,6.645663381E-1
1.104472875E1,1.399863124E0,-3.535915017E-1,8.775736690E-1
1.106489275E1,1.479655981E0,-3.307334185E-1,1.104304314E0
1.108505575E1,1.643403769E0,-1.692993045E-1,1.203757763E0
1.110521975E1,1.889269948E0,-5.085867643E-2,1.258854508E0
1.112538275E1,1.994870305E0,-6.748028845E-2,1.305588007E0
1.114554575E1,1.944806576E0,-1.317037493E-1,1.368668914E0
1.116570975E1,1.724167705E0,-2.277416289E-1,1.367964029E0
1.118587275E1,1.538954616E0,-1.821346432E-1,1.323954463E0
1.120603675E1,1.520542860E0,-1.045130193E-2,1.237771749E0
1.122619975E1,1.478906512E0,3.391862512E-1,1.200468540E0
1.124636375E1,1.497256875E0,5.606617332E-1,1.227061033E0
1.126652675E1,1.577716708E0,3.261805177E-1,1.282640576E0
1.128668975E1,1.543850780E0,-1.197961643E-1,1.176194549E0
1.130685375E1,1.310508966E0,-4.084798396E-1,8.957446814E-1
1.132701675E1,1.026466131E0,-2.764517963E-1,6.533972621E-1
1.134718075E1,9.870454073E-1,7.627560198E-2,5.269197226E-1
1.136734375E1,1.103673697E0,4.115110338E-1,4.695217013E-1
1.138750775E1,1.011248827E0,5.683985353E-1,5.191928744E-1
1.140767075E1,3.818272054E-1,4.349030256E-1,6.169299483E-1
1.142783375E1,-7.672600746E-1,2.790083587E-1,6.649476290E-1
1.144799775E1,-1.669587255E0,2.654070556E-1,6.464948654E-1
1.146816075E1,-1.623714805E0,3.553066850E-1,5.300136209E-1
1.148832475E1,-9.404287934E-1,4.059692919E-1,4.769766331E-2
1.150848775E1,-7.926371098E-1,3.074534237E-1,-3.085281849E-1
1.152865175E1,-1.307141423E0,2.278410047E-1,-2.462460697E-1
1.154881475E1,-1.946532369E0,1.555966437E-1,-6.282871962E-2
1.156897775E1,-2.104535818E0,1.891282350E-1,-1.251385510E-1
1.158914175E1,-1.701215744E0,4.158712327E-1,-4.701607525E-1
1.160930475E1,-1.797839999E0,5.824422240E-1,-5.933657289E-1
1.162946875E1,-2.272520065E0,7.394463420E-1,-7.075136900E-2
1.164963175E1,-2.774902105E0,8.200371265E-1,2.913152575E-1
1.166979575E1,-2.958527565E0,8.501462340E-1,3.200167120E-1
1.168995875E1,-2.853103638E0,9.292132258E-1,4.647539556E-1
1.171012175E1,-2.408002615E0,1.035013080E0,6.297488213E-1
1.173028521E1,-1.884283900E0,8.211376071E-1,7.333956361E-1
1.175044821E1,-1.361569762E0,6.196466088E-2,5.988500118E-1
1.177061221E1,-6.413064003E-1,-4.408421218E-1,4.336776435E-1
1.179077521E1,2.284316719E-1,-5.235210657E-1,2.534005642E-1
1.181093921E1,8.834512830E-1,-5.539194345E-1,2.551984042E-2
1.183110221E1,1.338013291E0,-4.417566061E-1,-2.456148155E-2
1.185126621E1,1.762631416E0,-2.803990245E-1,-1.497191191E-2
1.187142921E1,2.145293474E0,-2.793046832E-1,-5.350770429E-2
1.189159221E1,2.320784330E0,-3.527419865E-1,-8.616215736E-2
1.191175621E1,2.455906153E0,-5.456382036E-1,8.264261298E-3
1.193191921E1,2.474755287E0,-7.974047661E-1,1.792612672E-1
1.195208321E1,2.226094007E0,-1.017467737E0,2.458600551E-1
1.197224621E1,1.911377907E0,-9.977602959E-1,2.338359207E-1
1.199241021E1,1.788791656E0,-8.279224634E-1,1.350567639E-1
1.201257321E1,1.835137129E0,-6.483287215E-1,8.799226582E-2
1.203273621E1,2.073931456E0,-7.429826856E-1,1.834135056E-1
1.205290021E1,2.307724476E0,-8.762366176E-1,1.391385794E-1
1.207306321E1,2.404160738E0,-8.530029655E-1,-5.840912461E-2
1.209322721E1,2.276574850E0,-5.912453532E-1,-1.309206486E-1
1.211339021E1,1.959274769E0,-2.086001337E-1,-1.057591215E-1
1.213355421E1,1.338824034E0,1.020537913E-1,3.591668606E-2
1.215371721E1,8.769003749E-1,1.135796010E-1,1.572317928E-1
1.217388121E1,7.156230807E-1,8.105432242E-2,6.589390337E-2
1.219404421E1,6.600390077E-1,5.049704760E-2,-1.805227697E-1
1.221420821E1,3.049272895E-1,3.783798078E-3,-3.415199220E-1
1.223437121E1,-3.625184000E-1,-3.740908206E-2,-3.500222862E-1
1.225453421E1,-8.504402041E-1,-3.414106742E-2,-2.318718880E-1
1.227469821E1,-1.075483322E0,-3.734090030E-1,-2.510832846E-1
1.229486121E1,-1.494549513E0,-8.827894926E-1,-3.651506305E-1
1.231502521E1,-2.415054321E0,-9.107454419E-1,-5.011392236E-1
1.233518821E1,-3.203959227E0,4.425923526E-1,-3.246646821E-1
1.235535221E1,-3.654974699E0,2.645400763E0,2.200999409E-1
1.237551521E1,-4.005885124E0,3.655783176E0,3.587904871E-1
1.239567921E1,-3.958045721E0,2.320909023E0,-8.776868135E-2
1.241584221E1,-4.028358459E0,7.892102003E-1,-1.069632173E-1
1.243600621E1,-3.766012430E0,6.856284142E-1,4.462724328E-1
1.245616921E1,-2.682947397E0,1.240061641E0,5.489338636E-1
1.247633221E1,-9.402851462E-1,7.897098064E-1,1.984081045E-2
1.249649621E1,8.021863103E-1,-4.751177132E-1,-4.072670937E-1
1.251665921E1,1.744665742E0,-1.093482137E0,-3.369695842E-1
1.253682321E1,2.068294525E0,-9.013788104E-1,6.835240871E-2
1.255698621E1,2.163934231E0,-6.173895597E-1,3.410745561E-1
1.257715021E1,2.140634060E0,-4.824388325E-1,4.575520456E-1
1.259731321E1,2.368518591E0,-1.659979224E-1,6.559675932E-1
1.261747721E1,2.918609858E0,-3.820632398E-2,8.339203596E-1
1.263764021E1,3.224621534E0,2.419728786E-2,9.998776317E-1
1.265780421E1,3.175876141E0,-1.037093922E-1,1.110663891E0
1.267796721E1,2.865635395E0,-3.408204317E-1,1.117796779E0
1.269813121E1,2.553450346E0,-3.859353960E-1,9.435658455E-1
1.271829421E1,2.299765587E0,-1.191253215E-1,7.209691405E-1
1.273845833E1,2.025237560E0,3.071850538E-1,6.719883084E-1
1.275862133E1,1.739283323E0,5.719928145E-1,7.072902322E-1
1.277878433E1,1.707125783E0,4.352137446E-1,5.743600726E-1
1.279894833E1,1.617268324E0,9.900139272E-2,4.229646325E-1
1.281911133E1,5.731769800E-1,-7.207310945E-2,3.945733607E-1
1.283927533E1,-1.366769075E0,-2.343440205E-1,5.451651216E-1
1.285943833E1,-2.914826870E0,-4.487549663E-1,7.333813310E-1
1.287960233E1,-3.469339371E0,-5.782376528E-1,3.737914264E-1
1.289976533E1,-3.559034586E0,-2.715483606E-1,-2.894889414E-1
1.291992933E1,-3.476543665E0,7.177119255E-1,-6.065825224E-1
1.294009233E1,-3.427041292E0,2.145434380E0,-6.391019821E-1
1.296025633E1,-2.983536005E0,2.773302794E0,-6.442034245E-1
1.298041933E1,-3.021793604E0,1.907917857E0,-7.426604033E-1
1.300058333E1,-2.948251247E0,6.486040950E-1,-8.531051278E-1
1.302074633E1,-2.231848955E0,5.122965574E-1,-7.088851333E-1
1.304091033E1,-1.431912780E0,6.118277907E-1,-3.954381049E-1
1.306107333E1,-1.395639658E0,2.606232762E-1,-1.718043983E-1
1.308123733E1,-1.163664103E0,-2.844671905E-1,-2.322048508E-2
1.310140033E1,-5.205997825E-1,-3.531980813E-1,-3.777671233E-2
1.312156433E1,8.278398775E-3,-2.716611326E-1,-1.878987253E-1
1.314172733E1,3.003198802E-1,-1.556706131E-1,-1.275604963E-1
1.316189033E1,5.295695066E-1,-3.079809844E-1,-7.486458123E-2
1.318205433E1,9.044995904E-1,-6.138097644E-1,-1.406964958E-1
1.320221733E1,1.232096314E0,-7.891550660E-1,-2.883156836E-1
1.322238133E1,1.484844089E0,-6.850614548E-1,-4.754124880E-1
1.324254433E1,1.716352224E0,-6.205735207E-1,-6.113155484E-1
1.326270833E1,1.631017685E0,-6.342931986E-1,-6.789340377E-1
1.328287133E1,1.389516950E0,-6.104999781E-1,-7.510003448E-1
1.330303533E1,1.164151549E0,-3.153786063E-1,-8.771355748E-1
1.332319833E1,1.092346907E0,3.429425359E-1,-7.011381984E-1
1.334336233E1,9.415855408E-1,4.620121121E-1,-3.731195927E-1
1.336352533E1,7.274084687E-1,-6.821114421E-1,-4.403957427E-1
1.338368933E1,6.492956877E-1,-1.469848871E0,-5.964089632E-1
1.340385233E1,6.687372923E-1,-1.456456304E0,-5.822040439E-1
1.342401633E1,5.848520398E-1,-8.906909823E-1,-4.424355924E-1
1.344417933E1,4.133150876E-1,-3.311711550E-1,-3.061989546E-1
1.346434333E1,9.887717664E-2,-2.481816858E-1,-1.989561915E-1
1.348450633E1,-3.363299370E-2,-4.435271025E-1,-1.544647664E-1
1.350467033E1,9.451519698E-2,-4.139580131E-1,-2.236004025E-1
1.352483333E1,1.566662788E-1,-5.522346124E-2,-3.163101971E-1
1.354499733E1,1.181398705E-1,4.403258562E-1,-3.326312602E-1
1.356516033E1,3.428647667E-2,7.739391327E-1,-2.801523507E-1
1.358532433E1,-2.095651031E-1,9.099715352E-1,-1.923758090E-1
1.360548733E1,-6.058512330E-1,1.033696175E0,-5.875211209E-2
1.362565133E1,-9.921587110E-1,1.234550118E0,2.061515898E-1
1.364581433E1,-1.403432012E0,1.191275120E0,4.304575622E-1
1.366597833E1,-1.711793303E0,1.066100478E0,6.220570207E-1
1.368614133E1,-1.819209933E0,8.397591710E-1,8.300259113E-1
1.370630533E1,-1.587533712E0,6.352301240E-1,9.035412073E-1
1.372646875E1,-1.589163780E0,6.324569583E-1,8.759233952E-1
1.374663275E1,-1.589455128E0,7.113558650E-1,9.163733721E-1
1.376679575E1,-1.523871183E0,2.811362147E-1,9.603340030E-1
1.378695975E1,-1.617627025E0,-3.428094685E-1,9.447087646E-1
1.380712275E1,-1.433548689E0,-4.946093261E-1,8.938501477E-1
1.382728675E1,-1.330350757E0,-7.834536582E-2,8.591215014E-1
1.384744975E1,-1.377987385E0,3.887071311E-1,1.009911776E0
1.386761375E1,-9.171894193E-1,6.553785205E-1,9.004586935E-1
1.388777675E1,-6.096307561E-2,-2.987675071E-1,1.491361558E-1
1.390794075E1,1.232664943E0,-1.557701707E0,-7.651056051E-1
1.392810375E1,2.270702839E0,-2.001416206E0,-1.301890731E0
1.394826775E1,2.802511215E0,-1.433274984E0,-1.348705292E0
1.396843075E1,2.889966488E0,-6.249918938E-1,-1.131512880E0
1.398859475E1,2.795388460E0,-5.741387606E-1,-8.589965105E-1
1.400875775E1,2.606507778E0,-9.250208735E-1,-6.652918458E-1
1.402892175E1,2.552222729E0,-1.021413803E0,-5.426715612E-1
1.404908475E1,2.707264185E0,-6.884596944E-1,-4.061246514E-1
1.406924875E1,2.867670774E0,-2.600504160E-1,-1.615321040E-1
1.408941175E1,2.691419363E0,-2.056519538E-1,4.673403874E-2
1.410957575E1,2.198166132E0,-6.066088080E-1,1.616703719E-1
1.412973875E1,1.615423322E0,-9.754377604E-1,1.328960359E-1
1.414990275E1,1.173283935E0,-9.489785433E-1,4.952702299E-2
1.417006575E1,9.739634395E-1,-6.302841902E-1,-2.590660937E-2
1.419022975E1,8.734852076E-1,-2.738509178E-1,-1.057980284E-1
1.421039275E1,6.473802924E-1,-1.595861278E-2,-1.320209205E-1
1.423055675E1,1.488737613E-1,1.285457462E-1,-7.870257646E-2
1.425071975E1,-7.108573318E-1,9.708045423E-2,1.873603649E-2
1.427088375E1,-1.385492206E0,-4.462909698E-2,2.947740257E-3
1.429104675E1,-1.556790113E0,5.027903989E-2,-1.844969839E-1
1.431121075E1,-1.359174252E0,2.593847215E-1,-4.873480201E-1
1.433137375E1,-1.544378996E0,4.413737059E-1,-5.206639767E-1
1.435153775E1,-1.912839293E0,6.330763102E-1,-2.977467775E-1
1.437170075E1,-1.721829772E0,5.211364031E-1,-2.975465953E-1
1.439186475E1,-1.977411509E0,5.289675593E-1,-4.803177118E-1
1.441202775E1,-2.804960489E0,9.671066999E-1,-4.490492940E-1
1.443219175E1,-3.706046820E0,1.967494130E0,1.335628480E-1
1.445235475E1,-4.259321690E0,2.758365393E0,6.103246808E-1
1.447251875E1,-4.012372494E0,2.308315754E0,5.329108238E-1
1.449268175E1,-3.212152719E0,7.926229239E-1,1.508645131E-3
1.451284575E1,-2.800607681E0,-7.111754268E-2,-2.598238885E-1
1.453300875E1,-2.907734156E0,2.529540360E-1,2.185460366E-2
1.455317275E1,-2.790449619E0,4.161278605E-1,2.497934848E-1
1.457333575E1,-2.164994240E0,1.992175281E-1,5.325784534E-2
1.459349975E1,-1.744744301E0,-2.015481740E-1,-2.862481773E-1
1.461366275E1,-8.475670815E-1,-2.891640365E-1,-1.347850114E-1
1.463382675E1,2.687670290E-1,1.900844425E-1,3.755033389E-2
1.465399075E1,1.025501609E0,5.187129974E-2,-1.750077009E-1
1.467415375E1,1.494794607E0,-6.805155873E-1,-2.511176467E-1
1.469431775E1,1.634539604E0,-1.438339114E0,-1.146294847E-1
1.471448075E1,2.290571451E0,-1.909995556E0,5.814644322E-2
1.473464500E1,3.393801212E0,-2.049960136E0,-3.537467122E-2
1.475480800E1,4.269810677E0,-1.962970734E0,-7.750712335E-2
1.477497200E1,4.643407822E0,-1.809103251E0,1.138114929E-1
1.479513500E1,4.661056519E0,-1.536897182E0,3.638881445E-1
1.481529900E1,4.632563114E0,-1.327789307E0,4.845837951E-1
1.483546200E1,4.453719139E0,-1.370296836E0,5.404838324E-1
1.485562600E1,4.145316601E0,-1.263568759E0,5.783522129E-1
1.487578900E1,3.732681990E0,-8.074331880E-1,5.092125535E-1
1.489595300E1,3.450088978E0,-3.744833469E-1,3.245029747E-1
1.491611600E1,3.003348589E0,-1.639869809E-1,1.146170571E-1
1.493628000E1,1.989348173E0,-4.593265057E-2,-9.481228888E-2
1.495644300E1,4.594578743E-1,3.488723338E-1,-9.933240712E-2
1.497660700E1,-9.569938183E-1,6.570149660E-1,-2.639831305E-1
1.499677000E1,-2.433369398E0,7.215499282E-1,-5.040059686E-1
1.501693400E1,-3.669854879E0,9.203739762E-1,-3.645483553E-1
1.503709800E1,-4.108714104E0,1.489512205E0,-3.149564862E-1
1.505726100E1,-4.320024967E0,2.209564686E0,-5.047326684E-1
1.507742500E1,-4.567620277E0,2.821248293E0,-5.180255771E-1
1.509758800E1,-4.366384506E0,2.682882071E0,-5.951972008E-1
1.511775200E1,-4.084191799E0,2.004153967E0,-6.167559624E-1
1.513791500E1,-3.840873957E0,1.365036011E0,-4.041787386E-1
1.515807900E1,-3.480020523E0,9.999938607E-1,-1.505069733E-1
1.517824200E1,-2.884470463E0,8.460790515E-1,-7.415529341E-2
1.519840600E1,-2.224486113E0,7.644643784E-1,5.128361657E-2
1.521856900E1,-1.604209542E0,3.989032507E-1,8.923929185E-2
1.523873300E1,-1.455864668E0,-2.430292219E-2,1.115369424E-1
1.525889600E1,-1.685246348E0,-1.096653193E-1,2.004338354E-1
1.527906000E1,-1.458717942E0,9.994775802E-2,1.995648593E-1
1.529922300E1,-4.519777596E-1,3.090369701E-1,-1.200022176E-1
1.531938700E1,4.035214484E-1,1.894616932E-1,-5.936530232E-1
1.533955100E1,6.709573269E-1,6.667083502E-2,-7.163566351E-1
1.535971400E1,8.526847959E-1,1.120241880E-1,-5.255236626E-1
1.537987800E1,1.239507318E0,-1.986683309E-1,-5.042979717E-1
1.540004100E1,1.658182144E0,-8.246722221E-1,-6.722537875E-1
1.542020500E1,1.472187281E0,-7.849346399E-1,-5.289464593E-1
1.544036800E1,1.356599450E0,-9.734899551E-2,-2.172005549E-2
1.546053200E1,2.026104450E0,1.143542975E-1,9.589639306E-2
1.548069500E1,2.514049530E0,-3.698306084E-1,-1.061909739E-2
1.550085900E1,2.674542427E0,-9.962808490E-1,-1.329157948E-1
1.552102200E1,2.412991762E0,-1.383888364E0,-1.332321167E-1
1.554118600E1,1.824635506E0,-1.470644951E0,4.547973350E-2
1.556134900E1,1.456391573E0,-1.287957191E0,2.881218791E-1
1.558151300E1,1.183081985E0,-1.210523725E0,3.729716837E-1
1.560167700E1,9.902301431E-1,-1.150207400E0,2.858007848E-1
1.562184000E1,1.003849030E0,-1.025524378E0,2.109369338E-1
1.564200400E1,9.209001660E-1,-7.152310610E-1,2.225652784E-1
1.566216700E1,7.546037436E-1,-3.590613604E-1,2.799897790E-1
1.568233100E1,6.646888852E-1,-2.747419104E-2,2.933531404E-1
1.570249400E1,7.321102023E-1,1.551514268E-1,2.916285694E-1
1.572265800E1,8.024795651E-1,2.396018505E-1,2.555285692E-1
1.574282008E1,7.485887408E-1,3.359013200E-1,1.896045953E-1
1.576298408E1,5.791593790E-1,4.704384208E-1,2.106842548E-1
1.578314708E1,4.467356503E-1,5.986243486E-1,3.374480009E-1
1.580331108E1,4.598166645E-1,5.154221058E-1,4.110842049E-1
1.582347408E1,3.078601062E-1,4.575232863E-1,3.916952610E-1
1.584363808E1,-1.077042148E-1,4.870007336E-1,4.515801072E-1
1.586380208E1,-4.231961966E-1,6.886945963E-1,6.100183129E-1
1.588396508E1,-5.450451970E-1,8.192306161E-1,6.672093272E-1
1.590412908E1,-5.341731906E-1,6.988106370E-1,4.182901084E-1
1.592429208E1,-1.198548555E0,5.323546529E-1,3.382545710E-1
1.594445608E1,-2.616635799E0,7.391368747E-1,8.386985064E-1
1.596461908E1,-3.628388166E0,1.131992936E0,1.344259858E0
1.598478308E1,-3.955731392E0,1.149547338E0,1.228687048E0
1.600494608E1,-3.975176096E0,7.675768137E-1,4.785004854E-1
1.602511008E1,-3.472439051E0,8.511591554E-1,-8.168686181E-2
1.604527408E1,-2.787671089E0,1.263016105E0,-4.109914303E-1
1.606543708E1,-2.611179352E0,1.132921338E0,-4.764685035E-1
1.608560108E1,-2.466626644E0,9.237331748E-1,-6.150197387E-1
1.610576408E1,-1.901300430E0,7.629889250E-1,-5.872375369E-1
1.612592808E1,-1.257839799E0,4.411113560E-1,-3.822437227E-1
1.614609108E1,-9.103931785E-1,-4.606740922E-2,-1.989367753E-1
1.616625508E1,-8.439095020E-1,-3.566510975E-1,-2.368586324E-2
1.618641808E1,-5.662041903E-1,-4.491902292E-1,7.967324555E-2
1.620658208E1,3.910683468E-2,-2.550520301E-1,-5.982628837E-2
1.622674608E1,7.084487081E-1,-1.430627555E-1,-2.530616224E-1
1.624690908E1,9.582123756E-1,-2.427001595E-1,-3.384072185E-1
1.626707308E1,9.372864962E-1,-4.679614305E-1,-3.061436117E-1
1.628723608E1,1.173936248E0,-4.690877199E-1,-2.862334251E-1
1.630740008E1,1.649182200E0,-3.729616702E-1,-4.046207368E-1
1.632756308E1,1.988079429E0,-3.840305209E-1,-5.161226988E-1
1.634772708E1,2.285610437E0,-4.121219516E-1,-4.774476588E-1
1.636789008E1,2.568990946E0,-5.477426648E-1,-4.132405818E-1
1.638805408E1,2.437422991E0,-9.179334044E-1,-3.830474317E-1
1.640821708E1,2.102748156E0,-1.128004313E0,-2.248570025E-1
1.642838108E1,1.715544462E0,-7.321556211E-1,-4.734281451E-2
1.644854508E1,1.515259266E0,-1.847482771E-1,1.260471046E-1
1.646870808E1,1.743449926E0,-3.797228634E-1,1.641527414E-1
1.648887208E1,1.789396048E0,-8.096931577E-1,-1.424713992E-2
1.650903508E1,1.612434745E0,-9.813692570E-1,-4.983149469E-2
1.652919908E1,1.434279919E0,-9.528195858E-1,8.431025594E-2
1.654936208E1,1.271792531E0,-9.329254031E-1,1.409608871E-1
1.656952608E1,1.178572536E0,-9.050747156E-1,1.507828683E-1
1.658969008E1,1.163019419E0,-8.396955729E-1,1.427063346E-1
1.660985308E1,1.103828073E0,-6.439091563E-1,1.101049632E-1
1.663001708E1,9.763535857E-1,-2.831455767E-1,1.165461764E-1
1.665018008E1,7.313960791E-1,2.398950011E-1,2.201109380E-1
1.667034408E1,6.044270396E-1,5.471547246E-1,3.867118061E-1
1.669050708E1,5.331125259E-1,6.237217188E-1,5.114238262E-1
1.671067108E1,4.953541458E-1,6.351469159E-1,5.543888807E-1
1.673083483E1,4.199286699E-1,7.023934722E-1,5.919040442E-1
1.675099783E1,8.343401551E-2,8.407513499E-1,8.429709077E-1
1.677116183E1,-2.114285380E-1,9.111202359E-1,1.140182734E0
1.679132483E1,-1.670291871E-1,7.980865240E-1,1.293349147E0
1.681148883E1,7.708341628E-2,4.019948244E-1,1.095879197E0
1.683165183E1,2.268798091E-2,5.239869654E-2,8.199118972E-1
1.685181583E1,-4.452455342E-1,-4.700021818E-2,8.012600541E-1
1.687197983E1,-1.140034318E0,1.901521981E-1,1.095812082E0
1.689214283E1,-1.871691346E0,3.485335708E-1,1.251862645E0
1.691230683E1,-2.934870243E0,2.582122087E-1,1.226636887E0
1.693246983E1,-3.730815411E0,4.533912838E-1,1.135462046E0
1.695263383E1,-3.786855221E0,6.852067709E-1,6.871852875E-1
1.697279683E1,-3.401945114E0,1.148379803E0,2.449846268E-1
1.699296083E1,-2.708374977E0,1.499184132E0,-1.180790272E-2
1.701312483E1,-2.194497347E0,1.395406842E0,-1.866729707E-1
1.703328783E1,-2.154890537E0,1.012016773E0,-7.346538454E-2
1.705345183E1,-1.942314148E0,3.687128425E-1,1.470679343E-1
1.707361483E1,-1.293565273E0,-1.355227381E-1,1.729512215E-1
1.709377883E1,-5.961102843E-1,-3.282287121E-1,1.146672890E-1
1.711394183E1,-1.509570032E-1,-5.539974570E-1,1.796359271E-1
1.713410583E1,-1.842856258E-1,-8.533529639E-1,3.163783252E-1
1.715426983E1,1.229942068E-1,-5.709761977E-1,4.764877260E-1
1.717443283E1,6.015142202E-1,-2.638901472E-1,3.493676186E-1
1.719459683E1,9.999380112E-1,-2.467614263E-1,1.492768377E-1
1.721475983E1,1.199001789E0,-4.843758941E-1,7.122290134E-2
1.723492383E1,1.329398751E0,-5.410982966E-1,1.123546287E-1
1.725508683E1,1.566151142E0,-3.737494946E-1,2.058212161E-1
1.727525083E1,1.860944390E0,-1.762483716E-1,2.782433629E-1
1.729541483E1,2.206188679E0,-2.250062823E-1,2.975690961E-1
1.731557783E1,1.758770347E0,-2.526659146E-2,5.098928213E-1
1.733574183E1,7.691594362E-1,1.969657838E-1,9.768037200E-1
1.735590483E1,4.078133404E-1,1.186948657E0,1.375185013E0
1.737606883E1,1.387758493E0,1.319421768E0,9.444637895E-1
1.739623283E1,1.834985018E0,-2.702742815E-1,2.306577265E-1
1.741639583E1,1.696398616E0,-1.400618434E0,3.986345232E-2
1.743655983E1,1.739721417E0,-1.190004945E0,1.406392157E-1
1.745672283E1,1.745477915E0,-2.311727256E-1,1.673614234E-1
1.747688683E1,1.375192046E0,3.750953078E-1,2.536292374E-1
1.749704983E1,8.125220537E-1,3.517025113E-1,4.398889840E-1
1.751721383E1,4.825664163E-1,1.585367471E-1,6.349956989E-1
1.753737783E1,4.095692337E-1,1.148231141E-2,6.887409091E-1
1.755754083E1,5.525851846E-1,1.489959806E-1,6.389361024E-1
1.757770483E1,7.891362309E-1,5.674204230E-1,6.697032452E-1
1.759786783E1,9.274724126E-1,9.054588079E-1,7.674136162E-1
1.761803183E1,8.160828948E-1,8.306717277E-1,9.010177255E-1
1.763819583E1,6.831877828E-1,6.362047195E-1,9.680526853E-1
1.765835883E1,6.487140656E-1,4.712482095E-1,9.716656208E-1
1.767852283E1,4.859251678E-1,4.585136473E-1,1.053031683E0
1.769868583E1,1.278471351E-1,5.568126440E-1,1.279507399E0
1.771884983E1,-3.483965397E-1,6.544478536E-1,1.660207510E0
1.773901363E1,-6.340075731E-1,7.632943988E-1,1.894490957E0
1.775917763E1,-3.705685437E-1,6.311331391E-1,1.732842684E0
1.777934163E1,-2.551541328E-1,2.199161053E-1,1.359427571E0
1.779950462E1,-1.196603537E0,2.028921098E-1,1.538207412E0
1.781966863E1,-2.517700434E0,5.708445907E-1,2.136922836E0
1.783983162E1,-2.706069469E0,7.717019916E-1,2.104035616E0
1.785999563E1,-2.172966480E0,5.889648795E-1,1.468518257E0
1.788015962E1,-2.132855177E0,5.509706736E-1,8.936949968E-1
1.790032263E1,-2.724005699E0,1.299671769E0,1.129406214E0
1.792048662E1,-3.174384594E0,1.926195264E0,1.504472971E0
1.794064963E1,-2.679815054E0,1.870433927E0,1.572012067E0
1.796081363E1,-2.038172245E0,1.198755980E0,1.383261800E0
1.798097763E1,-1.792209983E0,2.738454342E-1,1.222375751E0
1.800114063E1,-1.903058171E0,-6.342946291E-1,1.405650139E0
1.802130462E1,-1.974044561E0,-1.790963173E0,1.704407215E0
1.804146763E1,-8.045383692E-1,-1.233285546E0,2.025487185E0
1.806163162E1,-8.823929727E-2,-1.537432373E-1,1.930847645E0
1.808179563E1,-1.084294617E-1,1.569599360E-1,1.765028477E0
1.810195863E1,-5.876466036E-1,-4.326537848E-1,1.817332506E0
1.812212263E1,-7.834390998E-1,-1.190813184E0,1.864657521E0
1.814228563E1,-4.233909547E-1,-1.344827294E0,1.779136777E0
1.816244963E1,1.807029396E-1,-8.301264644E-1,1.636304975E0
1.818261363E1,5.361726284E-1,-3.207345605E-1,1.564264655E0
1.820277662E1,5.348069668E-1,-4.028966427E-1,1.478798866E0
1.822294063E1,4.532147348E-1,-7.860082984E-1,1.303424597E0
1.824310363E1,7.529597282E-1,-9.558481574E-1,9.978021383E-1
1.826326763E1,1.306113958E0,-9.869015813E-1,4.583626688E-1
1.828343162E1,1.625191569E0,-6.662349701E-1,7.970068604E-2
1.830359463E1,1.694999933E0,-9.324117005E-2,8.884007484E-2
1.832375863E1,1.460828900E0,4.262994528E-1,3.427176178E-1
1.834392162E1,1.619380713E0,6.681624651E-1,5.867752433E-1
1.836408563E1,1.960230589E0,2.210882157E-1,5.653542280E-1
1.838424962E1,1.760443807E0,-5.886375308E-1,4.317978919E-1
1.840441263E1,1.576423526E0,-8.394819498E-1,4.639591873E-1
1.842457662E1,1.574732900E0,-5.962329507E-1,6.116050482E-1
1.844473963E1,1.623750091E0,-2.681086957E-1,6.328927875E-1
1.846490363E1,1.582584500E0,-1.862516999E-1,5.438074470E-1
1.848506763E1,1.402910233E0,-1.984220594E-1,4.969962537E-1
1.850523063E1,1.085426569E0,-1.363693476E-1,5.148056149E-1
1.852539463E1,7.117673755E-1,-4.820893519E-4,6.254660487E-1
1.854555863E1,4.610101581E-1,1.449299455E-1,7.423328161E-1
1.856572162E1,2.825352550E-1,3.257522583E-1,7.595985532E-1
1.858588563E1,-1.584754512E-2,5.936787128E-1,8.065996170E-1
1.860604863E1,-4.740856588E-1,8.430003524E-1,1.025446296E0
1.862621263E1,-1.002809405E0,9.812443256E-1,1.281791449E0
1.864637662E1,-1.330154300E0,1.027669430E0,1.429222107E0
1.866653963E1,-1.593406677E0,9.780974388E-1,1.483153343E0
1.868670363E1,-1.669161797E0,9.009739161E-1,1.405796051E0
1.870686662E1,-1.730656147E0,6.710915565E-1,1.343739986E0
1.872703063E1,-1.990913153E0,2.305186838E-1,1.369582534E0
1.874719458E1,-2.005073547E0,4.776602983E-2,1.395321846E0
1.876735758E1,-1.844038725E0,9.977404773E-2,1.333580494E0
1.878752158E1,-1.225414276E0,4.588476419E-1,1.252521515E0
1.880768558E1,-6.709045172E-1,6.070599556E-1,1.144222140E0
1.882784858E1,-5.415650606E-1,4.665119648E-1,1.064599156E0
1.884801258E1,-2.974058688E-1,3.238727748E-1,9.828745127E-1
1.886817558E1,1.156399474E-1,2.447040975E-1,8.665387034E-1
1.888833958E1,5.788571835E-1,2.565640807E-1,8.533679247E-1
1.890850358E1,8.338717818E-1,4.923290312E-1,9.161742330E-1
1.892866658E1,7.580443621E-1,4.455970824E-1,1.037164688E0
1.894883058E1,6.993902922E-1,2.248988673E-2,1.174333096E0
1.896899458E1,1.196807742E0,-4.070043266E-1,9.692596197E-1
1.898915758E1,1.900383472E0,-5.428738594E-1,6.763468981E-1
1.900932158E1,2.319384575E0,-4.538470209E-1,6.445670724E-1
1.902948558E1,2.495182753E0,-1.308392584E-1,8.148433566E-1
1.904964858E1,2.427367687E0,7.072682679E-2,1.092509627E0
1.906981258E1,2.226259470E0,9.443652630E-2,1.332365751E0
1.908997558E1,1.994022250E0,5.499919876E-2,1.441718340E0
1.911013958E1,1.762483239E0,5.177970976E-2,1.515315771E0
1.913030358E1,1.493022561E0,8.867627382E-2,1.621748686E0
1.915046658E1,1.155372143E0,1.590409577E-1,1.660126567E0
1.917063058E1,8.022261262E-1,2.402131408E-1,1.556140065E0
1.919079458E1,3.973456621E-1,3.623389304E-1,1.376467586E0
1.921095758E1,1.337803304E-1,5.474105477E-1,1.201197982E0
1.923112158E1,-2.603737265E-2,6.973943114E-1,1.063773632E0
1.925128558E1,-3.680202663E-1,7.997984886E-1,9.896770716E-1
1.927144858E1,-9.156939387E-1,8.620471358E-1,1.020556808E0
1.929161258E1,-1.361456275E0,9.435077906E-1,1.073944449E0
1.931177558E1,-1.533353448E0,9.367552400E-1,1.054626346E0
1.933193958E1,-1.662979841E0,6.040455103E-1,9.807909727E-1
1.935210358E1,-1.939827442E0,3.946616352E-1,9.308398962E-1
1.937226658E1,-2.157039642E0,5.018938184E-1,9.749239683E-1
1.939243058E1,-2.227082491E0,6.163082719E-1,9.854474664E-1
1.941259458E1,-2.006072760E0,2.779978514E-1,8.553107977E-1
1.943275758E1,-1.832359552E0,-2.997348309E-1,6.762127280E-1
1.945292158E1,-1.768072248E0,-3.338400126E-1,5.040315986E-1
1.947308558E1,-1.526460886E0,1.451449990E-1,5.039796233E-1
1.949324858E1,-1.008186936E0,4.938423038E-1,5.309223533E-1
1.951341258E1,-2.086720318E-1,6.337938458E-2,3.436452746E-1
1.953357658E1,2.983367443E-1,-4.744542539E-1,1.043632105E-1
1.955373958E1,4.837009311E-1,-5.526912212E-1,8.299395442E-2
1.957390358E1,6.132310033E-1,-8.684550226E-2,2.367811203E-1
1.959406758E1,7.132744789E-1,2.019840479E-1,2.716028690E-1
1.961423058E1,1.051330328E0,1.782169640E-1,2.009664923E-1
1.963439458E1,1.446003199E0,-5.924220383E-2,1.233476102E-1
1.965455858E1,1.551549196E0,-2.746910453E-1,9.415742755E-2
1.967472158E1,1.523764491E0,-3.493236601E-1,1.439991742E-1
1.969488558E1,1.632209778E0,-2.644200325E-1,1.671421528E-1
1.971504958E1,1.776463151E0,-1.483522207E-1,1.011779681E-1
1.973521396E1,1.848978162E0,-3.020818904E-2,3.919015080E-2
1.975537796E1,1.807113051E0,3.275598213E-2,5.462598428E-2
1.977554196E1,1.592731357E0,8.897226304E-2,1.100486144E-1
1.979570496E1,1.293387175E0,1.492058188E-1,2.203284651E-1
1.981586896E1,1.017661810E0,2.168738842E-1,2.772103250E-1
1.983603296E1,7.676431537E-1,2.891508639E-1,2.551054358E-1
1.985619596E1,4.974462092E-1,2.999363542E-1,2.303929478E-1
1.987635996E1,1.797713488E-1,3.406322002E-1,2.562034726E-1
1.989652396E1,-7.387547940E-2,4.099538624E-1,2.981699705E-1
1.991668696E1,-2.050889134E-1,4.968585074E-1,2.795247436E-1
1.993685096E1,-2.173677236E-1,5.380633473E-1,2.193669975E-1
1.995701496E1,-2.474845648E-1,4.798881710E-1,1.801067144E-1
1.997717796E1,-3.559446037E-1,4.450233281E-1,1.812298596E-1
1.999734196E1,-6.226872802E-1,5.540065765E-1,3.056716621E-1
2.001750596E1,-9.231215715E-1,5.595465302E-1,4.675243795E-1
2.003766996E1,-1.190975428E0,4.604519010E-1,5.320746303E-1
2.005783296E1,-1.259384513E0,3.750934601E-1,5.017205477E-1
2.007799696E1,-1.031207085E0,3.346708715E-1,4.129210114E-1
2.009816096E1,-8.976968527E-1,5.766010880E-1,6.331840158E-1
2.011832396E1,-1.493634701E0,1.120010376E0,1.036713839E0
2.013848796E1,-2.857706785E0,1.633407831E0,1.411100388E0
2.015865196E1,-4.071129799E0,1.156346440E0,1.592617989E0
2.017881596E1,-3.576326847E0,-3.605875969E-1,1.425959349E0
2.019897896E1,-2.341917515E0,-2.187174559E0,2.657473683E-1
2.021914296E1,-1.886848569E0,-2.231178761E0,-4.919019043E-1
2.023930696E1,-1.448121071E0,-6.662245393E-1,-4.162740111E-1
2.025946996E1,-1.031424046E0,7.188966274E-1,-3.248794675E-1
2.027963396E1,-2.810740471E-1,1.110700727E0,-3.116857708E-1
2.029979796E1,2.820724547E-1,6.247358322E-1,-1.172818989E-1
2.031996196E1,7.154271603E-1,-1.469131261E-1,-6.640190259E-4
2.034012496E1,1.237696528E0,-8.650302291E-1,-1.942180693E-1
2.036028896E1,1.813313246E0,-1.180150032E0,-4.352476001E-1
2.038045296E1,2.285277128E0,-1.191265583E0,-6.690873504E-1
2.040061596E1,2.542362690E0,-1.058318734E0,-8.101069927E-1
2.042077996E1,2.616750479E0,-9.249234796E-1,-8.195821643E-1
2.044094396E1,2.673551321E0,-8.584340811E-1,-7.736427188E-1
2.046110796E1,2.761142015E0,-6.177926064E-1,-7.911217809E-1
2.048127096E1,2.982042551E0,-2.802958786E-1,-8.422874212E-1
2.050143496E1,3.234652042E0,-1.338291168E-2,-8.462102413E-1
2.052159896E1,3.103122711E0,-2.872427180E-2,-7.537440062E-1
2.054176296E1,2.479956388E0,-2.808470428E-1,-5.584621429E-1
2.056192596E1,1.783295274E0,-4.623607397E-1,-3.351352215E-1
2.058208996E1,1.685613155E0,-5.484750271E-1,-3.522329628E-1
2.060225396E1,1.599338293E0,-8.860672116E-1,-6.389359832E-1
2.062241796E1,5.420698524E-1,-9.812003374E-1,-9.356769323E-1
2.064258096E1,-1.242488623E0,-4.780582786E-1,-6.601254940E-1
2.066274496E1,-3.000321627E0,9.012994766E-1,1.792416275E-1
2.068290896E1,-4.049962521E0,2.176083803E0,4.609682858E-1
2.070307296E1,-3.675856829E0,2.305291176E0,5.740444362E-2
2.072323696E1,-3.773889780E0,1.964506745E0,-3.282071948E-1
2.074339846E1,-4.621308327E0,1.975380540E0,9.220856428E-2
2.076356246E1,-4.930699825E0,2.223170042E0,5.889612436E-1
2.078372646E1,-4.491575718E0,1.992993832E0,4.346058965E-1
2.080389046E1,-3.719191313E0,1.158256769E0,4.866793752E-2
2.082405346E1,-3.175738811E0,-7.402217388E-2,-8.833085001E-2
2.084421746E1,-2.305677891E0,-1.640477628E-1,1.142618656E-1
2.086438146E1,-1.781220794E0,-2.006192654E-1,7.799749821E-2
2.088454546E1,-4.257268906E-1,1.361008286E-1,1.432184726E-1
2.090470946E1,2.383325249E-1,2.503178716E-1,4.206106439E-2
2.092487246E1,4.241752028E-1,-3.518180922E-3,-5.255247280E-2
2.094503646E1,4.099492431E-1,-2.453727126E-1,5.248505250E-2
2.096520046E1,6.311450601E-1,-3.460106254E-1,1.546210498E-1
2.098536446E1,1.377947450E0,-4.363969862E-1,1.065196767E-1
2.100552746E1,2.072270155E0,-4.946395755E-1,-1.588591561E-2
2.102569146E1,2.268500090E0,-6.766398549E-1,-1.279527321E-2
2.104585546E1,2.143191576E0,-9.986210465E-1,2.341048419E-1
2.106601946E1,2.195674658E0,-1.793933868E0,2.144851387E-1
2.108618346E1,1.739553571E0,-2.031941891E0,1.327148359E-2
2.110634646E1,-1.351280957E-1,-1.386120617E-1,5.660595298E-1
2.112651046E1,-1.569046617E0,2.274651051E0,1.351727724E0
2.114667446E1,-1.006398082E0,3.048286915E0,1.040968180E0
2.116683846E1,1.081004381E0,-2.742320895E-1,-6.334052682E-1
2.118700246E1,1.964310050E0,-2.868165255E0,-1.795324922E0
2.120716546E1,2.191536427E0,-2.682222366E0,-1.956333518E0
2.122732946E1,2.477994442E0,-9.554895163E-1,-1.725074172E0
2.124749346E1,2.610673428E0,3.564071357E-1,-1.313792229E0
2.126765746E1,2.278036594E0,3.149271607E-1,-7.418345213E-1
2.128782146E1,1.658540249E0,-5.466275215E-1,-2.602734566E-1
2.130798446E1,1.075396657E0,-1.155023336E0,-1.857257634E-2
2.132814846E1,6.759286523E-1,-1.112673759E0,4.895819584E-4
2.134831246E1,5.715143681E-1,-6.490392685E-1,-1.958505996E-2
2.136847646E1,5.396796465E-1,1.020580828E-1,-1.550226808E-1
2.138864046E1,5.307335854E-1,5.919430256E-1,-1.682214588E-1
2.140880446E1,4.041142166E-1,7.351146936E-1,-1.544013023E-1
2.142896746E1,4.790374264E-2,5.988319516E-1,-2.214651257E-1
2.144913146E1,-5.379872322E-1,3.976429105E-1,-2.111156136E-1
2.146929546E1,-1.181136012E0,6.870624423E-2,-1.080589965E-1
2.148945946E1,-1.507151842E0,-1.103163734E-1,3.372560721E-3
2.150962346E1,-1.545513988E0,-4.472491518E-2,-1.300705038E-2
2.152978646E1,-1.723204017E0,-1.653016359E-2,-5.175556615E-2
2.154995046E1,-2.029026270E0,1.229638420E-2,-1.006876305E-1
2.157011446E1,-2.339826345E0,3.066800833E-1,1.846155338E-2
2.159027846E1,-2.243130684E0,8.710968494E-1,1.015747115E-1
2.161044246E1,-2.226050377E0,7.175704837E-1,9.720159322E-2
2.163060646E1,-2.946729183E0,4.102755487E-1,2.540518045E-1
2.165076946E1,-3.557220459E0,1.665239215E0,6.084058285E-1
2.167093346E1,-2.903914452E0,3.311793089E0,6.950298548E-1
2.169109746E1,-1.560297489E0,3.455945492E0,7.612479925E-1
2.171126146E1,3.603732586E-1,3.824684918E-1,4.846064746E-1
2.173142546E1,1.540504098E0,-1.792639613E0,6.557324529E-2
2.175158958E1,1.641900063E0,-1.432981849E0,7.097471505E-3
2.177175258E1,1.986119628E0,6.588327885E-2,4.203583300E-1
2.179191658E1,2.582924128E0,-7.362307608E-2,6.262685061E-1
2.181208058E1,3.306402683E0,-1.437977910E0,2.542309165E-1
2.183224458E1,3.818852186E0,-1.740492225E0,1.990371570E-2
2.185240858E1,4.059613705E0,-6.512679458E-1,1.928581148E-1
2.187257258E1,4.303608894E0,4.630512893E-1,5.363225341E-1
2.189273658E1,4.068249226E0,3.157432079E-1,5.266600847E-1
2.191289958E1,3.579403877E0,-8.488796651E-3,5.131288171E-1
2.193306358E1,2.875606537E0,-3.901158869E-1,3.830490410E-1
2.195322758E1,2.308583260E0,1.323367804E-1,1.647754312E-1
2.197339158E1,2.102422237E0,1.136877298E0,4.304204583E-1
2.199355558E1,1.752179146E0,1.254968762E0,8.488469124E-1
2.201371958E1,1.210615873E0,5.983617902E-1,7.151545882E-1
2.203388258E1,8.890263438E-1,2.497368306E-1,5.588203073E-1
2.205404658E1,6.334163547E-1,-4.542213678E-2,4.316036999E-1
2.207421058E1,2.869363725E-1,-1.115049720E-1,2.338668704E-1
2.209437458E1,-4.341242835E-2,4.423669875E-1,1.238195226E-1
2.211453858E1,-2.339323908E-1,1.089735508E0,1.153080687E-1
2.213470258E1,-3.362848759E-1,1.140579581E0,-3.760351613E-2
2.215486658E1,-3.255212903E-1,6.620749235E-1,-4.483841956E-1
2.217502958E1,-9.589059949E-1,1.557486802E-1,-5.205329061E-1
2.219519358E1,-2.778616667E0,-2.492415607E-1,-3.923074305E-1
2.221535758E1,-4.382562160E0,2.865094505E-2,-3.882947862E-1
2.223552158E1,-5.337191105E0,4.634754360E-2,-2.762989700E-1
2.225568558E1,-5.849450111E0,-3.774512410E-1,2.006438971E-1
2.227584958E1,-5.598589897E0,-8.066818714E-1,8.726124465E-2
2.229601358E1,-5.269667625E0,-6.051334143E-1,-2.794350088E-1
2.231617658E1,-4.629736900E0,-2.891173959E-1,-4.590252638E-1
2.233634058E1,-3.613664627E0,1.110540107E-1,-5.744470954E-1
2.235650458E1,-3.685874224E0,-3.125951290E-1,-4.918158352E-1
2.237666858E1,-3.085924387E0,-4.910322428E-1,-2.552630901E-1
2.239683258E1,-1.581448078E0,-6.462800503E-1,-1.377628595E-1
2.241699658E1,-1.091241762E-1,-7.001291513E-1,-1.526218951E-1
2.243716058E1,8.644254804E-1,-6.640139818E-1,-1.638819128E-1
2.245732458E1,1.523898602E0,-7.793505192E-1,-8.448360115E-2
2.247748758E1,2.815087557E0,-7.505601048E-1,2.477838658E-2
2.249765158E1,3.956081629E0,-6.353381872E-1,-8.240761235E-3
2.251781558E1,4.135539532E0,-9.249902368E-1,-2.771680988E-2
2.253797958E1,4.188499451E0,-1.493671179E0,7.740517706E-2
2.255814358E1,4.542896748E0,-1.673774481E0,1.922562718E-1
2.257830758E1,4.923606396E0,-1.589291930E0,1.614658237E-1
2.259847158E1,5.082328320E0,-1.359789848E0,9.432518482E-2
2.261863558E1,4.843855381E0,-1.093297839E0,3.412970901E-2
2.263879858E1,4.250169277E0,-9.059535265E-1,-1.587119997E-1
2.265896258E1,3.462433338E0,-8.808135390E-1,-3.736563921E-1
2.267912658E1,2.355994225E0,-8.969628811E-1,-4.932169616E-1
2.269929058E1,1.298145294E0,-7.087800503E-1,-5.467723012E-1
2.271945458E1,6.912876368E-1,-3.526562452E-1,-5.749374032E-1
2.273961900E1,4.736299813E-1,3.379193321E-2,-7.079766393E-1
2.275978300E1,-3.309720457E-1,3.061513007E-1,-9.245220423E-1
2.277994700E1,-2.464762926E0,1.038217545E0,-8.926889300E-1
2.280011100E1,-5.043628693E0,2.226657152E0,-3.097097874E-1
2.282027400E1,-5.577007771E0,2.709102869E0,-2.502457425E-2
2.284043800E1,-4.926925182E0,1.796805620E0,-4.965388477E-1
2.286060200E1,-5.587320328E0,1.277403831E0,-7.357621789E-1
2.288076600E1,-6.268468857E0,1.387853622E0,-1.453408785E-2
2.290093000E1,-5.905944347E0,1.637976050E0,5.588892102E-1
2.292109400E1,-5.125364304E0,1.077180862E0,4.187420607E-1
2.294125800E1,-3.908353090E0,3.164819479E-1,-1.538155042E-2
2.296142200E1,-2.446848392E0,3.931091428E-1,-1.356138736E-1
2.298158600E1,-6.810845137E-1,2.078920901E-1,-1.833369732E-1
2.300174900E1,1.259509206E0,-2.991782725E-1,-3.271389604E-1
2.302191300E1,2.595323086E0,-8.423319459E-1,-3.527240753E-1
2.304207700E1,3.363787651E0,-1.035273790E0,-7.919339091E-2
2.306224100E1,3.739427567E0,-1.013573289E0,3.408700824E-1
2.308240500E1,3.940483809E0,-1.125749946E0,6.699095964E-1
2.310256900E1,4.210738659E0,-1.490078449E0,8.590033054E-1
2.312273300E1,4.499413013E0,-1.709263682E0,8.932912946E-1
2.314289700E1,4.774351120E0,-1.617514729E0,7.645377517E-1
2.316306100E1,5.070067883E0,-1.390535235E0,6.258785725E-1
2.318322400E1,5.293496132E0,-8.669953346E-1,5.722334981E-1
2.320338800E1,4.703901291E0,-3.742987812E-1,5.458527207E-1
2.322355200E1,3.497748613E0,-7.101182342E-1,2.577084303E-1
2.324371600E1,2.181690931E0,-9.467593431E-1,-1.794946343E-1
2.326388000E1,5.778599977E-1,-6.842123866E-1,-5.898588300E-1
2.328404400E1,-1.264310956E0,2.863953114E-1,-7.146089673E-1
2.330420800E1,-3.165095568E0,1.679621339E0,-5.322865248E-1
2.332437200E1,-4.348417759E0,2.323823690E0,-6.130951047E-1
2.334453600E1,-5.019846916E0,1.769590259E0,-9.167603850E-1
2.336470000E1,-5.471493244E0,1.205122232E0,-1.226801515E0
2.338486300E1,-5.455313206E0,2.236543417E0,-1.129085660E0
2.340502700E1,-5.155022144E0,3.240105867E0,-6.572914124E-1
2.342519100E1,-5.396140575E0,2.616315842E0,-1.686524153E-1
2.344535500E1,-4.855309486E0,5.039641261E-1,1.092237160E-1
2.346551900E1,-3.505904436E0,-7.624987364E-1,-3.191996813E-1
2.348568300E1,-2.578015804E0,-5.437238812E-1,-7.074763775E-1
2.350584700E1,-1.896839380E0,-4.727468640E-2,-6.156887487E-2
2.352601100E1,-1.699963212E0,-2.604686320E-1,3.559275568E-1
2.354617500E1,-1.632971883E0,-7.033213377E-1,2.585212886E-1
2.356633900E1,-1.004555583E0,-6.092137694E-1,9.502267838E-2
2.358650200E1,1.066885423E-2,-2.442583889E-1,-2.593915164E-2
2.360666600E1,7.724391222E-1,6.774260849E-2,-7.190643996E-2
2.362683000E1,8.824646473E-1,-2.007897496E-1,-8.240161091E-2
2.364699400E1,8.427410126E-1,-4.339166284E-1,1.027414277E-1
2.366715800E1,1.252207160E0,-5.215594769E-1,2.831248343E-1
2.368732200E1,1.751228929E0,-5.233182311E-1,3.995010257E-1
2.370748600E1,1.796081066E0,-3.825747967E-1,8.332604766E-1
2.372765000E1,2.048098803E0,1.186460182E-1,1.431395411E0
2.374781321E1,2.992726803E0,-2.053247541E-1,1.377821803E0
2.376797721E1,3.365900755E0,-3.077462316E-1,9.443763494E-1
2.378814121E1,3.746331692E0,-1.295223683E-1,7.054368854E-1
2.380830421E1,4.109872818E0,-5.753639936E-1,4.668118954E-1
2.382846821E1,3.512617588E0,-1.334061265E0,5.097023845E-1
2.384863221E1,2.562996149E0,-1.633780360E0,7.241876125E-1
2.386879621E1,1.700580239E0,-1.513560176E0,7.962542176E-1
2.388896021E1,1.307006001E0,-1.058447838E0,6.192558408E-1
2.390912421E1,1.299100757E0,-4.385866523E-1,3.076498210E-1
2.392928821E1,1.360695481E0,2.823660076E-1,1.239741370E-1
2.394945221E1,1.175740957E0,7.882693410E-1,1.778879911E-1
2.396961621E1,7.099165320E-1,9.032505155E-1,3.144616485E-1
2.398978021E1,5.853316933E-2,6.429281235E-1,3.802616000E-1
2.400994421E1,-5.815030336E-1,3.638152778E-1,4.468694329E-1
2.403010821E1,-8.866894245E-1,3.783619404E-1,5.613557100E-1
2.405027221E1,-1.055609465E0,6.026628017E-1,5.973770022E-1
2.407043621E1,-1.528431416E0,9.549043179E-1,6.745110750E-1
2.409060021E1,-2.249727964E0,1.165463567E0,9.405994415E-1
2.411076321E1,-2.524862766E0,1.119409919E0,1.149899840E0
2.413092721E1,-2.261410952E0,7.306412458E-1,1.030884862E0
2.415109121E1,-1.897345185E0,2.730455101E-1,6.508057714E-1
2.417125521E1,-2.314765215E0,-1.018486172E-2,5.865689516E-1
2.419141921E1,-3.442726135E0,-1.393213123E-1,1.360811234E0
2.421158321E1,-3.969395161E0,-4.432405233E-1,1.524059057E0
2.423174721E1,-3.549518108E0,-7.742918730E-1,8.271068931E-1
2.425191121E1,-2.575892210E0,-1.753402054E-1,2.027350664E-1
2.427207521E1,-1.816038132E0,1.179814577E0,-1.164326072E-1
2.429223921E1,-6.620836258E-1,2.032660484E0,-1.889473200E-1
2.431240321E1,1.307710290E0,1.263263583E0,-1.075158864E-1
2.433256721E1,2.581683159E0,-2.974803448E-1,-2.374380976E-1
2.435273121E1,2.946649551E0,-1.113785267E0,1.324914303E-2
2.437289521E1,2.800477982E0,-1.382636070E0,5.055287480E-1
2.439305921E1,2.407693148E0,-1.619062304E0,7.791869044E-1
2.441322321E1,2.444483280E0,-1.776666164E0,8.488152623E-1
2.443338721E1,2.748708010E0,-1.580252409E0,7.186055779E-1
2.445355121E1,3.107781172E0,-1.050557494E0,4.304239154E-1
2.447371521E1,3.351692915E0,-2.363148779E-1,3.413049281E-1
2.449387921E1,3.294682980E0,5.282301903E-1,4.596148431E-1
2.451404221E1,2.933544397E0,7.541845441E-1,4.616324306E-1
2.453420621E1,2.367998362E0,4.618839324E-1,3.499923646E-1
2.455437021E1,1.628716707E0,-5.281614512E-2,2.847259939E-1
2.457453421E1,9.942713976E-1,-5.116681457E-1,3.752460480E-1
2.459469821E1,5.298433900E-1,-6.606212258E-1,6.054137349E-1
2.461486221E1,2.866414841E-3,-4.932536781E-1,7.590509057E-1
2.463502621E1,-5.080497265E-1,-2.104294747E-1,5.959734321E-1
2.465519021E1,-8.584557772E-1,-2.128598467E-2,3.034985363E-1
2.467535421E1,-8.785415888E-1,1.229015216E-1,1.282238811E-1
2.469551821E1,-7.991719842E-1,1.830228865E-1,-9.839817882E-2
2.471568221E1,-1.423407316E0,5.196353793E-1,-2.032670230E-1
2.473584621E1,-2.989439726E0,1.361875415E0,-3.114795871E-2
2.475601021E1,-4.710586071E0,2.160426855E0,5.496059060E-1
2.477617421E1,-6.015411377E0,2.869976044E0,1.338822126E0
2.479633821E1,-6.137687683E0,2.589073896E0,1.696070552E0
2.481650221E1,-4.464783192E0,8.746099472E-1,1.377830625E0
2.483666621E1,-3.324876785E0,2.879105508E-1,1.025850654E0
2.485683021E1,-2.489236593E0,8.621390462E-1,1.038002491E0
2.487699421E1,-1.376420259E0,1.023038507E0,1.052032948E0
2.489715821E1,2.403033525E-1,2.558736801E-1,8.712245226E-1
2.491732221E1,2.139948368E0,-7.141819000E-1,7.682373524E-1
2.493748621E1,3.126100302E0,-8.710901141E-1,1.065056324E0
2.495765021E1,3.501073599E0,-7.002738118E-1,1.641485453E0
2.497781421E1,3.857103109E0,-7.752377391E-1,1.998939753E0
2.499797821E1,4.224573135E0,-1.004105926E0,2.135619164E0
2.501814221E1,4.398882866E0,-1.123867512E0,2.255384922E0
2.503830621E1,4.240767479E0,-1.135883451E0,2.312197685E0
2.505847021E1,3.767561436E0,-1.197363377E0,2.212111712E0
2.507863421E1,3.226536751E0,-1.161666036E0,1.974921942E0
2.509879821E1,2.761758089E0,-8.499493003E-1,1.711193562E0
2.511896221E1,2.366668701E0,-3.587600589E-1,1.484335661E0
2.513912621E1,1.939326167E0,1.671400964E-1,1.153109670E0
2.515929021E1,1.596361995E0,4.180829823E-1,6.381936073E-1
2.517945421E1,8.249081373E-1,6.295741796E-1,1.427375078E-1
2.519961821E1,-6.972789168E-1,8.903493881E-1,9.019348025E-2
2.521978221E1,-2.238099337E0,9.151682854E-1,-1.032400802E-1
2.523994621E1,-3.518876791E0,1.384365916E0,5.237576365E-2
2.526011021E1,-4.541809559E0,2.030202389E0,1.691223830E-1
2.528027421E1,-5.271446228E0,1.621512651E0,-3.289371729E-2
2.530043821E1,-5.439375401E0,9.721829295E-1,-2.381722927E-1
2.532060221E1,-4.671802521E0,1.793434262E0,-6.396427155E-1
2.534076621E1,-3.271409988E0,3.195435762E0,-7.459935546E-1
2.536093021E1,-3.066656113E0,2.788198709E0,-2.192563564E-1
2.538109421E1,-4.213158131E0,5.097839236E-1,4.309359193E-1
2.540125821E1,-4.107442856E0,-5.826046467E-1,5.746174455E-1
2.542142221E1,-2.379570246E0,1.427329034E-1,3.037241697E-1
2.544158621E1,-9.366838932E-1,8.918528557E-1,3.751884103E-1
2.546175021E1,-1.202841282E0,4.842319489E-1,9.215527773E-1
2.548191421E1,-9.422546625E-1,4.111926630E-2,1.438728452E0
2.550207821E1,-1.661679894E-1,-4.975057244E-1,1.345601201E0
2.552224221E1,3.179595768E-1,-1.160378695E0,1.169271946E0
2.554240621E1,7.809087038E-1,-1.146839619E0,1.418964505E0
2.556257021E1,1.467402935E0,-8.789318800E-1,1.827444434E0
2.558273421E1,1.929232597E0,-8.235391378E-1,1.795821667E0
2.560289821E1,2.147134542E0,-1.174291492E0,1.575123310E0
2.562306221E1,2.370412588E0,-1.589356065E0,1.442890644E0
2.564322621E1,2.405149460E0,-1.674961329E0,1.500867844E0
2.566339021E1,2.430460691E0,-1.308354735E0,1.584337354E0
2.568355421E1,3.060386896E0,-8.579523563E-1,1.405784965E0
2.570371821E1,3.568569660E0,-8.298009038E-1,9.868680835E-1
2.572388221E1,3.424246073E0,-1.515687227E0,7.298453450E-1
2.574404700E1,3.218599319E0,-1.681645393E0,8.806118369E-1
2.576421100E1,3.122707367E0,-1.229317427E0,1.035703659E0
2.578437500E1,3.038980722E0,-6.531860828E-1,8.306233883E-1
2.580453900E1,2.651552200E0,-4.197868109E-1,6.226398945E-1
2.582470300E1,2.193361282E0,-4.871284068E-1,5.641490817E-1
2.584486700E1,1.885389328E0,-2.123512775E-1,6.175957918E-1
2.586503100E1,1.595445395E0,1.716515124E-1,5.142446160E-1
2.588519500E1,1.254314899E0,4.789473712E-1,2.890605628E-1
2.590535900E1,9.556358457E-1,7.877335548E-1,9.571727365E-2
2.592552300E1,6.143894196E-1,9.469310641E-1,1.683091521E-1
2.594568700E1,8.623505011E-3,9.910995960E-1,3.099954128E-1
2.596585100E1,-8.715394139E-1,1.087066412E0,4.173890650E-1
2.598601500E1,-1.628735304E0,1.249201536E0,3.957772851E-1
2.600617900E1,-2.070119858E0,1.689609885E0,3.184845746E-1
2.602634300E1,-2.131484032E0,2.038547516E0,2.634449899E-1
2.604650700E1,-2.472337484E0,1.936109543E0,2.799547017E-1
2.606667100E1,-3.081724405E0,1.726173759E0,3.573788702E-1
2.608683500E1,-3.628566742E0,1.623248696E0,4.552078843E-1
2.610699900E1,-4.305881500E0,1.499394774E0,7.524492741E-1
2.612716300E1,-4.778209209E0,1.469082713E0,1.172927499E0
2.614732700E1,-4.284460545E0,1.356850147E0,1.030872941E0
2.616749100E1,-3.597511768E0,1.481217146E0,4.397902489E-1
2.618765500E1,-3.424698591E0,1.417638183E0,3.014292717E-1
2.620781900E1,-3.717608929E0,1.179323077E0,5.785881877E-1
2.622798300E1,-4.360135078E0,5.966471434E-1,8.378047943E-1
2.624814700E1,-3.746359110E0,1.901849955E-1,8.729420304E-1
2.626831100E1,-1.951583862E0,-4.523092508E-1,4.721739590E-1
2.628847500E1,-5.792510509E-1,-8.622019291E-1,4.499992356E-2
2.630863900E1,6.665493250E-1,-9.518836141E-1,4.680234939E-2
2.632880400E1,2.071385145E0,-8.104739189E-1,5.105352774E-2
2.634896800E1,3.150247574E0,-7.438226342E-1,-4.094865173E-3
2.636913200E1,3.829031467E0,-6.309916973E-1,2.085234523E-1
2.638929600E1,4.003907681E0,-7.033733726E-1,5.540285707E-1
2.640946000E1,3.835109949E0,-9.477892518E-1,8.750203252E-1
2.642962400E1,3.714539051E0,-9.919991493E-1,9.616594911E-1
2.644978800E1,3.611361742E0,-1.052688122E0,9.251936674E-1
2.646995200E1,3.633759975E0,-9.663469791E-1,8.796739578E-1
2.649011600E1,3.698960066E0,-6.177207232E-1,8.220517635E-1
2.651028000E1,3.540828943E0,-3.541804552E-1,8.460210562E-1
2.653044400E1,3.110301495E0,-3.289506435E-1,8.875653744E-1
2.655060800E1,2.743148804E0,-2.376842797E-1,8.837297559E-1
2.657077200E1,2.430722475E0,-6.874487549E-2,8.558284640E-1
2.659093600E1,2.092447519E0,1.732762754E-1,7.662205100E-1
2.661110000E1,1.775838375E0,4.223631918E-1,6.464287043E-1
2.663126400E1,1.374124885E0,5.808561444E-1,5.114954710E-1
2.665142800E1,9.385323524E-1,5.604891777E-1,4.183827341E-1
2.667159200E1,3.061385155E-1,4.000942111E-1,3.885701299E-1
2.669175600E1,-4.183335900E-1,1.625200808E-1,3.445928991E-1
2.671192100E1,-9.627759457E-1,1.232645810E-1,2.439412475E-1
2.673208500E1,-1.364502072E0,4.440577924E-1,1.921899915E-1
2.675224813E1,-1.542143464E0,1.049884796E0,1.805687249E-1
2.677241213E1,-1.620967984E0,1.431868434E0,1.044997498E-1
2.679257613E1,-2.088058949E0,1.583466291E0,1.957501322E-1
2.681274012E1,-3.236195326E0,1.727507949E0,5.111150146E-1
2.683290413E1,-4.263472557E0,1.656126618E0,8.384774327E-1
2.685306812E1,-4.194074154E0,1.591387510E0,8.500109911E-1
2.687323213E1,-3.698596001E0,1.341666937E0,7.288547158E-1
2.689339613E1,-3.809207678E0,8.243674636E-1,7.558875084E-1
2.691356013E1,-4.293694019E0,4.762885273E-1,1.000864983E0
2.693372413E1,-4.188573360E0,4.952379465E-1,1.143300891E0
2.695388813E1,-3.434738874E0,6.075562239E-1,8.159455061E-1
2.697405213E1,-2.489429712E0,5.136354566E-1,3.164927363E-1
2.699421612E1,-2.037248850E0,2.570098341E-1,3.177660704E-1
2.701438113E1,-1.794948578E0,1.070797145E-1,5.932859778E-1
2.703454513E1,-1.408878803E0,3.457652777E-2,5.760132670E-1
2.705470913E1,-8.749382496E-1,-5.801519006E-2,5.413112044E-1
2.707487313E1,-1.450127661E-1,6.147689000E-2,6.025381088E-1
2.709503712E1,4.891344607E-1,3.689820766E-1,6.924097538E-1
2.711520113E1,1.128895521E0,4.111379683E-1,7.793743610E-1
2.713536512E1,1.553054690E0,1.217037365E-1,8.986814022E-1
2.715552913E1,1.687408328E0,-4.198146164E-1,1.134179115E0
2.717569312E1,1.813476324E0,-7.131065130E-1,1.375394464E0
2.719585713E1,2.112024784E0,-8.260413408E-1,1.319033980E0
2.721602113E1,2.467334986E0,-7.773312926E-1,1.171178222E0
2.723618513E1,2.574943304E0,-7.557352185E-1,1.296135306E0
2.725635013E1,2.535577536E0,-8.386832476E-1,1.414289713E0
2.727651412E1,2.599240065E0,-8.849740028E-1,1.371373892E0
2.729667813E1,2.791980028E0,-9.827328324E-1,1.287963390E0
2.731684213E1,2.993173599E0,-1.061690927E0,1.136018038E0
2.733700613E1,3.096082687E0,-1.055115819E0,9.346310496E-1
2.735717013E1,2.865282297E0,-6.970316172E-1,8.088157177E-1
2.737733413E1,2.486315489E0,-3.145221770E-1,8.231852055E-1
2.739749813E1,2.189458609E0,-2.386628836E-2,7.254179716E-1
2.741766212E1,1.978038430E0,1.433711648E-1,5.801447630E-1
2.743782613E1,1.701405287E0,3.273226321E-1,5.073600411E-1
2.745799113E1,1.003732800E0,6.481362581E-1,5.849876404E-1
2.747815513E1,6.936710328E-2,8.797679543E-1,7.976406217E-1
2.749831913E1,-5.276348591E-1,7.057728171E-1,8.785170317E-1
2.751848312E1,-7.199743390E-1,3.414271772E-1,6.362723708E-1
2.753864713E1,-8.004185557E-1,2.255401909E-1,1.855150312E-1
2.755881112E1,-9.135874510E-1,5.150181651E-1,-1.954047382E-2
2.757897513E1,-1.223891735E0,8.985090852E-1,1.918180138E-1
2.759913912E1,-1.742654681E0,1.011209846E0,4.843795598E-1
2.761930313E1,-2.098002911E0,1.009002209E0,3.319238424E-1
2.763946813E1,-2.140107393E0,1.077173829E0,-1.233400032E-1
2.765963212E1,-1.913287640E0,1.221559286E0,-3.788020015E-1
2.767979613E1,-2.049165010E0,1.249641418E0,-2.234435081E-1
2.769996012E1,-2.855609179E0,1.333006859E0,7.895962149E-2
2.772012413E1,-3.379702806E0,1.596619368E0,3.380216956E-1
2.774028808E1,-3.327315569E0,1.615161777E0,4.485805929E-1
2.776045208E1,-3.002600670E0,1.034795880E0,4.958225191E-1
2.778061708E1,-2.779247284E0,2.759358287E-1,6.058290601E-1
2.780078108E1,-2.522255421E0,-1.218738854E-1,8.404520750E-1
2.782094508E1,-2.220539093E0,-2.721368074E-1,9.901915193E-1
2.784110908E1,-1.667210579E0,-3.674657047E-1,9.771378636E-1
2.786127308E1,-1.012696624E0,-4.374438822E-1,7.655202150E-1
2.788143708E1,-5.718807578E-1,-4.090480804E-1,4.923675060E-1
2.790160108E1,-2.902057171E-1,-3.647747040E-1,3.436920941E-1
2.792176508E1,6.327626854E-2,-3.087415993E-1,3.393356800E-1
2.794193008E1,3.533249199E-1,-3.473247588E-1,2.255356312E-1
2.796209408E1,4.135284722E-1,-4.052310586E-1,1.122998819E-1
2.798225808E1,4.735712409E-1,-2.230949849E-1,4.056958109E-2
2.800242208E1,8.401937485E-1,-4.064366221E-2,-7.213249803E-2
2.802258608E1,1.298945785E0,-8.111832291E-2,-3.358359635E-1
2.804275008E1,1.532866597E0,-2.212531269E-1,-4.595740139E-1
2.806291508E1,1.497920990E0,-2.385014147E-1,-4.044540823E-1
2.808307908E1,1.488395691E0,-1.566866785E-1,-3.423076272E-1
2.810324308E1,1.574860334E0,-4.820213467E-2,-3.387591541E-1
2.812340708E1,1.634841919E0,-1.182602793E-1,-2.669908106E-1
2.814357108E1,1.673607111E0,-3.049046993E-1,-1.578052789E-1
2.816373508E1,1.720267534E0,-6.535412669E-1,-4.345161095E-2
2.818389908E1,1.736544847E0,-9.894846678E-1,-1.924267784E-2
2.820406408E1,1.748078465E0,-1.151414275E0,-4.878136516E-2
2.822422808E1,1.713890314E0,-1.053243518E0,-6.423292309E-2
2.824439208E1,1.639650226E0,-7.820597291E-1,-3.516665660E-3
2.826455608E1,1.542306185E0,-5.581575632E-1,6.432832032E-2
2.828472008E1,1.429610610E0,-5.203012228E-1,1.033160985E-1
2.830488508E1,1.276213765E0,-4.903827608E-1,8.625089377E-2
2.832504908E1,1.119591475E0,-2.521669865E-1,5.626466125E-2
2.834521308E1,8.796679974E-1,1.517275274E-1,1.158541292E-1
2.836537708E1,6.048813462E-1,4.332988560E-1,2.395928949E-1
2.838554108E1,3.572192490E-1,4.188805223E-1,2.767409980E-1
2.840570508E1,1.670946181E-1,2.208167464E-1,2.428279072E-1
2.842587008E1,5.333717563E-4,1.127788723E-1,1.730861813E-1
2.844603408E1,-1.807125658E-1,1.583643854E-1,1.253290921E-1
2.846619808E1,-4.787438512E-1,3.789458573E-1,1.297647208E-1
2.848636208E1,-8.875313997E-1,6.957336068E-1,2.488700747E-1
2.850652608E1,-1.011086941E0,8.810076714E-1,2.861762941E-1
2.852669108E1,-9.731177688E-1,7.951916456E-1,1.112355143E-1
2.854685508E1,-1.223923206E0,4.835764170E-1,-2.944584377E-2
2.856701908E1,-1.640642524E0,1.279167831E-1,3.491529822E-2
2.858718308E1,-1.889605641E0,2.363987118E-1,3.465483487E-1
2.860734708E1,-2.674237967E0,8.840869069E-1,7.320920825E-1
2.862751208E1,-3.662047148E0,1.208054662E0,1.122503400E0
2.864767608E1,-4.660002708E0,9.280500412E-1,1.765922189E0
2.866784008E1,-3.965904236E0,-4.896992445E-1,1.525840759E0
2.868800408E1,-2.440840006E0,-1.522940874E0,1.659276485E-1
2.870816808E1,-1.336277723E0,-1.099242330E0,-5.796890855E-1
2.872833308E1,-1.173475146E0,-1.771350652E-1,-5.026059151E-1
2.874849708E1,-1.465495825E0,2.576193959E-2,-3.875784278E-1
2.876866108E1,-1.198190093E0,1.808917075E-1,-4.137353897E-1
2.878882508E1,-7.670231164E-2,6.734453440E-1,-7.392413616E-1
2.880899008E1,8.067173958E-1,9.086921811E-1,-1.026123166E0
2.882915408E1,8.671718240E-1,5.413640141E-1,-9.697614312E-1
2.884931808E1,4.753382504E-1,-1.310996562E-1,-6.778078079E-1
2.886948208E1,2.354331017E-1,-5.739264488E-1,-5.081647038E-1
2.888964608E1,2.956412137E-1,-4.382789433E-1,-5.826675892E-1
2.890981108E1,5.247683525E-1,6.293540448E-2,-6.598219275E-1
2.892997508E1,6.796365380E-1,2.590577006E-1,-6.596629024E-1
2.895013908E1,7.817859650E-1,3.466482162E-1,-6.455007195E-1
2.897030308E1,1.109422684E0,1.893120706E-1,-6.491475105E-1
2.899046808E1,1.405806899E0,-2.761406302E-1,-6.357613206E-1
2.901063208E1,1.289751768E0,-6.499653459E-1,-4.891266525E-1
2.903079608E1,1.153124452E0,-5.583896041E-1,-2.192305028E-1
2.905096008E1,1.337428212E0,-3.524316251E-1,1.321223974E-1
2.907112508E1,2.204590082E0,-1.027434111E0,7.725096494E-2
2.909128908E1,2.956834316E0,-1.969617009E0,-3.141393960E-1
2.911145308E1,3.364705086E0,-2.006625175E0,-4.888242781E-1
2.913161708E1,3.742891788E0,-1.329173923E0,-3.381595016E-1
2.915178208E1,3.920679569E0,-7.335623503E-1,-3.041208386E-1
2.917194608E1,3.554512501E0,-3.954194188E-1,-2.179144323E-1
2.919211008E1,2.949735165E0,-4.115704596E-1,-9.915488958E-2
2.921227408E1,2.432365179E0,-7.124919295E-1,-7.826565206E-2
2.923243908E1,1.907011032E0,-8.955405951E-1,-7.799847424E-2
2.925260308E1,1.423002005E0,-6.543840766E-1,-1.165919229E-1
2.927276708E1,1.095523596E0,-5.791725963E-2,-1.381805837E-1
2.929293108E1,7.279055715E-1,5.370970368E-1,-2.645859420E-1
2.931309608E1,1.556814015E-1,8.910194635E-1,-3.863766789E-1
2.933326008E1,-3.818251193E-1,9.495761395E-1,-4.615464807E-1
2.935342408E1,-7.328375578E-1,9.413589835E-1,-4.948060513E-1
2.937358808E1,-9.664050341E-1,1.046408653E0,-5.066599846E-1
2.939375308E1,-1.120802522E0,1.227896929E0,-5.477454662E-1
2.941391708E1,-1.251510382E0,1.440792203E0,-5.818562508E-1
2.943408108E1,-1.466799736E0,1.597923517E0,-5.222522020E-1
2.945424508E1,-1.723083615E0,1.605506539E0,-3.628819585E-1
2.947441008E1,-1.844482660E0,1.550373673E0,-2.836051881E-1
2.949457408E1,-1.711330414E0,1.329045296E0,-2.670112550E-1
2.951473808E1,-1.815054297E0,9.412264228E-1,-1.319096684E-1
2.953490308E1,-2.010786057E0,5.717024207E-1,2.291112393E-1
2.955506708E1,-2.134569645E0,5.798175931E-1,6.647560596E-1
2.957523108E1,-1.731632590E0,5.356988311E-1,7.790279984E-1
2.959539508E1,-1.695083976E0,-3.029221594E-1,7.334718108E-1
2.961556008E1,-2.601110935E0,-7.725931406E-1,1.375306726E0
2.963572408E1,-3.251036406E0,-1.137607932E0,2.395753384E0
2.965588808E1,-4.237280369E0,-1.084360719E0,2.823648691E0
2.967605308E1,-4.553724289E0,-1.240494132E0,2.313035011E0
2.969621708E1,-3.332854986E0,-8.301295638E-1,6.818337440E-1
2.971638108E1,-1.855605841E0,8.892631531E-1,-8.326854110E-1
2.973654508E1,-9.609844089E-1,2.176083565E0,-1.194022059E0
2.975671038E1,-8.890832663E-1,2.124130011E0,-9.666908979E-1
2.977687438E1,-1.139679551E0,8.808169365E-1,-3.613484204E-1
2.979703837E1,-1.446008444E0,-2.013017237E-1,-9.778471291E-2
2.981720338E1,-7.284692526E-1,-3.387156725E-1,-7.808978669E-3
2.983736738E1,3.522714972E-1,4.075467288E-1,-1.788625866E-1
2.985753138E1,9.777809381E-1,7.335148454E-1,-3.766290545E-1
2.987769638E1,1.049043298E0,5.637190938E-1,-4.582706094E-1
2.989786038E1,8.231474161E-1,-4.948594421E-2,-5.193564892E-1
2.991802438E1,8.021949530E-1,-4.390596747E-1,-5.327240229E-1
2.993818938E1,1.010619402E0,-3.017230630E-1,-5.767737031E-1
2.995835337E1,1.056328058E0,1.465454139E-2,-5.759501457E-1
2.997851738E1,1.135816336E0,3.413417339E-1,-4.621204436E-1
2.999868138E1,1.306039929E0,3.878247440E-1,-5.234833360E-1
3.001884637E1,1.270893335E0,8.179118484E-2,-6.316435933E-1
3.003901038E1,1.333516121E0,-4.922993779E-1,-5.652177930E-1
3.005917437E1,1.775166869E0,-1.150535941E0,-4.438370764E-1
3.007933938E1,2.204025030E0,-2.043126345E0,-6.046627164E-1
3.009950338E1,1.876311660E0,-1.906604052E0,-7.410489321E-1
3.011966737E1,1.790344715E-1,6.428695321E-1,2.550512850E-1
3.013983238E1,-5.579514503E-1,3.355710268E0,1.307241797E0
3.015999638E1,1.047900677E0,2.197225571E0,1.115361214E0
3.018016038E1,2.377040863E0,-1.409683704E0,9.358342737E-2
3.020032538E1,2.394547939E0,-2.968972683E0,-3.900600374E-1
3.022048938E1,2.250347376E0,-2.616983175E0,-2.301651984E-1
3.024065338E1,2.280180693E0,-1.959940314E0,-1.222298965E-1
3.026081838E1,2.377219677E0,-1.591804862E0,-1.829843223E-1
3.028098237E1,2.379273415E0,-1.440083742E0,-3.364247382E-1
3.030114638E1,2.337651968E0,-9.913291335E-1,-5.671021342E-1
3.032131138E1,2.207681894E0,-3.568469882E-1,-6.365827918E-1
3.034147537E1,1.993721128E0,3.119994700E-1,-5.928272605E-1
3.036164038E1,1.621336818E0,6.940547228E-1,-5.761819482E-1
3.038180438E1,1.099982262E0,7.641800046E-1,-5.845512152E-1
3.040196837E1,5.028813481E-1,8.028080463E-1,-4.978540540E-1
3.042213338E1,-4.320771992E-2,1.064873457E0,-3.806702793E-1
3.044229738E1,-5.253359675E-1,1.448930383E0,-2.081524283E-1
3.046246138E1,-1.001416802E0,1.692096710E0,-3.340099007E-2
3.048262638E1,-1.372234821E0,1.660640359E0,1.865562499E-1
3.050279038E1,-1.577362299E0,1.394827008E0,1.591983885E-1
3.052295438E1,-1.939827919E0,1.045185208E0,1.781798452E-1
3.054311938E1,-2.129836082E0,7.683827281E-1,2.656078041E-1
3.056328337E1,-1.841066122E0,4.909366965E-1,3.402600288E-1
3.058344837E1,-1.969542742E0,6.695554405E-2,5.741936564E-1
3.060361238E1,-2.892786264E0,3.440388143E-1,9.528058171E-1
3.062377637E1,-3.450601578E0,6.008725166E-1,1.446918130E0
3.064394138E1,-3.973753452E0,1.374944299E-1,1.613526344E0
3.066410538E1,-4.542937756E0,-6.552537680E-1,1.785749674E0
3.068426937E1,-4.016040802E0,-5.050253868E-1,1.439555287E0
3.070443438E1,-2.834107161E0,3.219936788E-1,4.832381010E-1
3.072459838E1,-1.886537910E0,1.083741903E0,-1.157614738E-1
3.074476271E1,-1.544850111E0,1.070191741E0,-3.508235514E-2
3.076492771E1,-1.497490287E0,5.970433950E-1,2.183492482E-1
3.078509171E1,-1.377605557E0,1.741474867E-1,2.769234180E-1
3.080525571E1,-1.131608605E0,1.496093869E-1,2.912774123E-2
3.082542071E1,-7.355591655E-1,2.507895231E-1,-2.156295925E-1
3.084558471E1,-1.783843488E-1,3.327997029E-1,-1.726465821E-1
3.086574971E1,-4.128016904E-2,1.873708814E-1,-1.577964574E-1
3.088591371E1,-2.235983461E-1,-2.076816410E-1,-3.076111078E-1
3.090607771E1,-1.289001554E-1,-2.428396493E-1,-4.865472615E-1
3.092624271E1,4.421873689E-1,3.526770175E-1,-5.612000823E-1
3.094640671E1,7.631183267E-1,4.482216239E-1,-6.429502368E-1
3.096657071E1,9.374191165E-1,-8.749502152E-2,-7.649325132E-1
3.098673571E1,8.058730364E-1,-7.183441520E-1,-9.149543643E-1
3.100689971E1,7.295239568E-1,-7.554200888E-1,-9.272640347E-1
3.102706471E1,1.116789818E0,-3.557728529E-1,-7.239847183E-1
3.104722871E1,1.914232612E0,-5.630890653E-2,-5.655841827E-1
3.106739271E1,2.474817514E0,-5.157089829E-1,-6.356411576E-1
3.108755771E1,2.347111702E0,-1.243524551E0,-4.656798840E-1
3.110772171E1,2.339905977E0,-1.130951047E0,-1.907963604E-1
3.112788571E1,2.583096027E0,-5.231298804E-1,-2.174401581E-1
3.114805071E1,2.588315010E0,-1.629967541E-1,-4.437215924E-1
3.116821471E1,2.401260376E0,1.132958159E-1,-3.871450126E-1
3.118837971E1,2.305409670E0,-6.339719892E-2,-1.396388859E-1
3.120854371E1,2.194490194E0,-7.099354863E-1,-1.114025041E-1
3.122870771E1,1.977182269E0,-1.225679517E0,-2.799062431E-1
3.124887271E1,1.725095272E0,-1.291687131E0,-4.087400138E-1
3.126903671E1,1.571944594E0,-8.441545367E-1,-4.932873845E-1
3.128920171E1,1.581984639E0,-2.107006311E-1,-4.819072783E-1
3.130936571E1,1.570252419E0,1.230613440E-1,-3.346348703E-1
3.132952971E1,1.320449471E0,1.199941635E-1,-2.470988929E-1
3.134969471E1,9.145300984E-1,1.309570111E-2,-2.257950455E-1
3.136985871E1,5.367031693E-1,1.183083877E-1,-1.688465327E-1
3.139002371E1,2.802302539E-1,5.208688974E-1,-2.978193015E-2
3.141018771E1,5.464265868E-2,9.857697487E-1,1.487898231E-1
3.143035171E1,-2.573427856E-1,1.237007618E0,3.337340355E-1
3.145051671E1,-4.287807345E-1,1.297170281E0,5.296775103E-1
3.147068071E1,-5.916102529E-1,1.064402819E0,6.327620149E-1
3.149084571E1,-1.167025447E0,7.815849185E-1,7.331966758E-1
3.151100971E1,-1.591334105E0,7.475523353E-1,9.199790955E-1
3.153117371E1,-1.268450022E0,7.304383516E-1,1.092078805E0
3.155133871E1,-1.044010162E0,4.236664474E-1,1.185961604E0
3.157150271E1,-1.748329997E0,7.217524201E-2,1.226389527E0
3.159166771E1,-2.621330738E0,1.501075737E-2,1.352115154E0
3.161183171E1,-3.076586485E0,3.266349733E-1,1.623036504E0
3.163199571E1,-3.536058426E0,4.230754673E-1,1.712661266E0
3.165216071E1,-3.745244980E0,2.137217224E-1,1.605018497E0
3.167232471E1,-3.444722176E0,4.502743483E-1,1.142159462E0
3.169248971E1,-2.711676121E0,9.685092568E-1,5.642562509E-1
3.171265371E1,-2.159508228E0,1.165529609E0,4.620285630E-1
3.173281771E1,-1.544119120E0,8.633058667E-1,6.597118974E-1
3.175298296E1,-9.206535220E-1,3.001777828E-1,5.823986530E-1
3.177314696E1,-5.581998229E-1,-1.497789919E-1,2.382334918E-1
3.179331196E1,-3.658700585E-1,-2.701408267E-1,-1.225525066E-1
3.181347596E1,-3.367288113E-1,-8.671667427E-3,-3.561380506E-1
3.183364096E1,-2.750069499E-1,3.289764225E-1,-3.950026929E-1
3.185380496E1,-2.805667557E-2,4.465557635E-1,-5.237309337E-1
3.187396896E1,3.791582882E-1,5.653865933E-1,-6.807817817E-1
3.189413396E1,6.084586382E-1,5.501180887E-1,-9.230523705E-1
3.191429796E1,2.557492256E-1,1.757226735E-1,-1.228414416E0
3.193446296E1,1.560845971E-1,-1.772133261E-2,-1.234807134E0
3.195462696E1,7.591608763E-1,5.612091348E-2,-1.169987917E0
3.197479196E1,1.405276060E0,-2.140831500E-1,-1.382090688E0
3.199495596E1,1.687674999E0,-6.999965906E-1,-1.596356273E0
3.201511996E1,1.785193682E0,-8.335935473E-1,-1.437756300E0
3.203528496E1,2.131330252E0,-8.333320022E-1,-1.051369786E0
3.205544896E1,2.343505144E0,-7.965214849E-1,-9.334756136E-1
3.207561396E1,2.296438932E0,-5.705041289E-1,-8.709079623E-1
3.209577796E1,2.128034115E0,2.101158053E-1,-6.343511939E-1
3.211594296E1,1.944047332E0,9.496594071E-1,-1.877058297E-1
3.213610696E1,2.220072031E0,1.890741736E-1,-2.161325216E-1
3.215627096E1,2.340668201E0,-1.067728996E0,-5.940709114E-1
3.217643596E1,2.182401180E0,-1.539789796E0,-7.851497531E-1
3.219659996E1,1.991253972E0,-1.407662988E0,-6.706749201E-1
3.221676496E1,1.801546335E0,-1.003548980E0,-5.492679477E-1
3.223692896E1,1.561762333E0,-7.119022608E-1,-4.709439278E-1
3.225709396E1,1.211963654E0,-4.944730103E-1,-4.116534591E-1
3.227725796E1,7.776862979E-1,-2.540246844E-1,-3.232945502E-1
3.229742196E1,4.418886304E-1,1.053444073E-1,-2.320345342E-1
3.231758696E1,2.156714201E-1,5.378228426E-1,-1.530521214E-1
3.233775096E1,1.808044687E-2,8.212242126E-1,-3.908976912E-2
3.235791596E1,-1.495476067E-1,9.248262644E-1,1.353240758E-1
3.237807996E1,-2.562783360E-1,8.551861644E-1,3.482567072E-1
3.239824496E1,-4.544894993E-1,7.332512140E-1,4.587872922E-1
3.241840896E1,-7.669903636E-1,6.996498108E-1,5.932030678E-1
3.243857396E1,-9.672824740E-1,8.809621334E-1,7.774348259E-1
3.245873796E1,-1.116613626E0,1.211551428E0,1.101385117E0
3.247890196E1,-1.343089938E0,1.188988566E0,1.408711553E0
3.249906696E1,-1.576645374E0,7.681865692E-1,1.410040498E0
3.251923096E1,-1.794850826E0,3.696862757E-1,1.309948921E0
3.253939596E1,-2.179373980E0,2.785023451E-1,1.377975464E0
3.255955996E1,-2.557177067E0,2.629002035E-1,1.754438639E0
3.257972496E1,-3.108434916E0,1.033901796E-1,1.861023545E0
3.259988896E1,-3.734225035E0,1.244195625E-1,1.777936697E0
3.262005296E1,-3.438081503E0,6.249854565E-1,1.271504760E0
3.264021796E1,-2.026103258E0,1.422521949E0,5.777106285E-1
3.266038196E1,-9.394832850E-1,1.769353747E0,2.198125869E-1
3.268054696E1,-8.319955468E-1,1.201589108E0,2.731182575E-1
3.270071096E1,-1.089539409E0,2.911139727E-1,5.028820038E-1
3.272087596E1,-1.144351244E0,-1.798977256E-1,6.538000703E-1
3.274103996E1,-6.925783157E-1,-5.057515576E-2,5.359508991E-1
3.276120425E1,-3.105786741E-1,2.611134946E-1,2.592733800E-1
3.278136825E1,-1.473122984E-1,2.850891352E-1,5.938935876E-1
3.280153325E1,-1.441957653E-1,2.389853001E-1,9.701309800E-1
3.282169725E1,-3.188110888E-1,-1.739836335E-1,1.004331350E0
3.284186125E1,-2.962068915E-1,-4.972231984E-1,8.475203514E-1
3.286202625E1,1.109661311E-1,-3.895204365E-1,5.876547694E-1
3.288219025E1,7.479405999E-1,-2.414697558E-1,5.603794456E-1
3.290235525E1,1.020820022E0,-4.584510624E-1,6.139922142E-1
3.292251925E1,9.727959633E-1,-7.919715047E-1,5.578690171E-1
3.294268425E1,1.038163424E0,-9.371536970E-1,4.240069985E-1
3.296284825E1,1.263709664E0,-9.827888608E-1,2.935135663E-1
3.298301325E1,1.663393855E0,-1.137793303E0,1.703362316E-1
3.300317725E1,1.480870128E0,-1.020453930E0,2.767452300E-1
3.302334125E1,9.684348702E-1,-2.278910726E-1,4.548932016E-1
3.304350625E1,5.016193390E-1,8.042601347E-1,5.398387313E-1
3.306367025E1,5.382556915E-1,1.048326850E0,4.487942159E-1
3.308383525E1,1.009892344E0,3.072956502E-1,9.363296628E-2
3.310399925E1,1.194274545E0,-7.780693173E-1,-3.911834210E-2
3.312416425E1,1.182167172E0,-1.268434763E0,-1.413953677E-2
3.314432825E1,1.088937640E0,-9.948135614E-1,3.918292746E-2
3.316449325E1,9.679587483E-1,-5.331460834E-1,9.453334659E-2
3.318465725E1,8.781815171E-1,-3.881720901E-1,2.555513978E-1
3.320482225E1,7.925248742E-1,-5.561182499E-1,5.514444113E-1
3.322498625E1,6.392843723E-1,-7.683753371E-1,7.045776248E-1
3.324515025E1,5.892112851E-1,-7.283381820E-1,6.905959249E-1
3.326531525E1,7.532290816E-1,-3.329870999E-1,6.222512722E-1
3.328547925E1,1.032579780E0,2.338172048E-1,5.535212159E-1
3.330564425E1,1.194176435E0,6.114012003E-1,5.607010126E-1
3.332580825E1,1.121818781E0,6.800745726E-1,6.611262560E-1
3.334597325E1,6.609769464E-1,4.479582310E-1,8.497360945E-1
3.336613725E1,6.703049876E-3,3.263777494E-1,1.073001146E0
3.338630225E1,-4.506797791E-1,3.677382469E-1,1.351224780E0
3.340646625E1,-5.826051235E-1,4.976174235E-1,1.578035712E0
3.342663125E1,-2.157776803E-1,5.135289431E-1,1.570895314E0
3.344679525E1,6.017555669E-2,2.847176790E-1,1.455260754E0
3.346696025E1,-4.376769960E-1,7.804463059E-2,1.488115430E0
3.348712425E1,-1.055803895E0,5.693189800E-2,1.742483258E0
3.350728925E1,-6.649479270E-1,1.000885479E-2,1.535319686E0
3.352745325E1,-1.141429782E0,4.369868636E-1,1.444128871E0
3.354761725E1,-2.433260441E0,1.234501004E0,1.871476412E0
3.356778225E1,-3.362130880E0,1.697031975E0,2.638969183E0
3.358794625E1,-4.211013317E0,9.054201245E-1,2.837602854E0
3.360811125E1,-4.145561695E0,-1.325181574E-1,2.158117294E0
3.362827525E1,-2.783708096E0,-6.245438382E-2,1.161149502E0
3.364844025E1,-1.796337008E0,4.210896790E-1,8.030317426E-1
3.366860425E1,-1.768271804E0,2.380604744E-1,9.896636605E-1
3.368876925E1,-2.316575527E0,-3.404422998E-1,1.367992640E0
3.370893325E1,-2.428098917E0,-4.795472324E-1,1.694071770E0
3.372909825E1,-1.543209791E0,-1.449242234E-1,1.382288218E0
3.374926246E1,-7.727759480E-1,4.595960677E-1,9.695973396E-1
3.376942746E1,-6.394408643E-2,6.202882528E-1,7.944166660E-1
3.378959146E1,3.766050339E-1,-1.402693801E-2,7.215128541E-1
3.380975646E1,7.549923062E-1,-5.165172219E-1,7.589455843E-1
3.382992046E1,8.659793735E-1,-6.448259354E-1,6.911390424E-1
3.385008546E1,1.010203481E0,-3.731057048E-1,7.438288927E-1
3.387024946E1,1.400811791E0,-3.146349490E-1,9.613952637E-1
3.389041346E1,1.172100306E0,-7.190979719E-1,1.169990659E0
3.391057846E1,6.518620849E-1,-9.786667228E-1,1.416476250E0
3.393074246E1,5.503942966E-1,-9.050514102E-1,1.497339249E0
3.395090746E1,7.338773012E-1,-1.022873640E0,1.314318538E0
3.397107146E1,5.035377145E-1,-1.177073002E0,1.170588493E0
3.399123646E1,1.967304796E-1,-1.306159019E0,1.156234741E0
3.401140046E1,5.499503016E-1,-1.403810024E0,9.304392338E-1
3.403156546E1,1.139919877E0,-1.067726731E0,3.005328774E-1
3.405172946E1,1.381148577E0,-5.512858033E-1,-5.044950843E-1
3.407189446E1,1.279621243E0,-3.817692026E-2,-7.534810901E-1
3.409205846E1,1.295778751E0,6.677878499E-1,-4.733657241E-1
3.411222346E1,1.350521207E0,8.341190815E-1,-3.401031792E-1
3.413238746E1,1.317344785E0,4.438674450E-1,-4.147341549E-1
3.415255246E1,1.262734413E0,-7.831238955E-2,-4.417530298E-1
3.417271646E1,1.289119959E0,-3.111136854E-1,-2.814716399E-1
3.419288146E1,1.323922396E0,-1.175897419E-1,2.573077008E-2
3.421304546E1,1.337905407E0,3.018530607E-1,3.311882615E-1
3.423321046E1,1.327187896E0,5.490186214E-1,4.019360542E-1
3.425337446E1,1.228667498E0,4.643445015E-1,3.144325316E-1
3.427353946E1,9.418212175E-1,2.497938275E-1,4.109998047E-1
3.429370346E1,4.921694696E-1,1.586343646E-1,7.345781326E-1
3.431386846E1,4.917941242E-2,2.042083144E-1,1.106508255E0
3.433403246E1,-1.017909721E-1,3.687536120E-1,1.173749566E0
3.435419746E1,-1.939320564E-1,6.588122249E-1,1.153243899E0
3.437436146E1,-2.814578712E-1,7.197797894E-1,1.199862480E0
3.439452646E1,-5.397679210E-1,4.914353192E-1,1.267558098E0
3.441469046E1,-7.205814719E-1,2.770297229E-1,1.368530989E0
3.443485546E1,-8.010084629E-1,2.204447836E-1,1.395054340E0
3.445501946E1,-9.413220286E-1,4.004464746E-1,1.360680699E0
3.447518446E1,-9.974434376E-1,6.514073610E-1,1.306062579E0
3.449534846E1,-9.081140161E-1,8.546752930E-1,1.333255768E0
3.451551346E1,-6.855326295E-1,9.339315295E-1,1.282637596E0
3.453567746E1,-6.867758036E-1,7.005895972E-1,1.249677658E0
3.455584246E1,-9.888561368E-1,6.494857073E-1,1.396957397E0
3.457600646E1,-1.139292836E0,8.761051893E-1,1.690765381E0
3.459617146E1,-8.935670257E-1,1.011760831E0,1.889043689E0
3.461633546E1,-4.523917735E-1,6.663347483E-1,1.836162329E0
3.463650046E1,1.102516241E-2,-7.823849469E-2,1.568364501E0
3.465666446E1,5.080456138E-1,-4.444500506E-1,1.422942996E0
3.467682946E1,8.246852756E-1,-3.997361958E-1,1.452337623E0
3.469699346E1,9.022701383E-1,-2.298213691E-1,1.555391550E0
3.471715846E1,7.675031424E-1,-9.795178473E-2,1.685522676E0
3.473732246E1,4.837833047E-1,-1.069466025E-1,1.785906672E0
3.475748758E1,3.353486061E-1,2.977268398E-2,1.759956956E0
3.477765158E1,4.703343511E-1,4.026605189E-1,1.658763289E0
3.479781658E1,6.048755646E-1,6.932574511E-1,1.566127658E0
3.481798058E1,3.712325990E-1,7.403282523E-1,1.570621371E0
3.483814558E1,-2.754218280E-1,6.558278203E-1,1.744092822E0
3.485830958E1,-8.375427127E-1,7.201330662E-1,1.844586015E0
3.487847458E1,-9.631680250E-1,7.003214359E-1,1.845469236E0
3.489863858E1,-1.018687844E0,5.369403362E-1,1.748970866E0
3.491880358E1,-1.186561942E0,3.109907806E-1,1.694836855E0
3.493896758E1,-1.384390831E0,2.063499242E-1,1.728305459E0
3.495913258E1,-1.424663782E0,2.746279836E-1,1.781512380E0
3.497929658E1,-1.366450548E0,2.718542516E-1,1.680943608E0
3.499946158E1,-1.335575938E0,-2.515625060E-1,1.550781965E0
3.501962558E1,-1.085333586E0,-3.513176441E-1,1.587595820E0
3.503979058E1,-8.647562265E-1,-3.090460896E-1,1.577228308E0
3.505995458E1,-8.137693405E-1,-1.126131862E-1,1.574442506E0
3.508011958E1,-8.653830886E-1,8.936744183E-2,1.620757937E0
3.510028358E1,-8.183668256E-1,9.853532165E-2,1.543680072E0
3.512044858E1,-2.390122265E-1,-1.726541072E-1,1.209434032E0
3.514061258E1,5.162337422E-1,-5.268457532E-1,6.099103689E-1
3.516077758E1,9.612798691E-1,-5.096297264E-1,8.312007040E-2
3.518094158E1,9.990255833E-1,-2.217231393E-1,-9.478825331E-2
3.520110658E1,7.715338469E-1,9.517572075E-2,-9.877207130E-2
3.522127058E1,6.523424387E-1,2.377113700E-1,-1.129463837E-1
3.524143558E1,6.904178262E-1,1.915962845E-1,-1.358081400E-1
3.526159958E1,8.491974473E-1,-2.180359885E-2,-2.297252417E-1
3.528176458E1,9.263054132E-1,-2.372995168E-1,-2.886735499E-1
3.530192958E1,9.219703674E-1,-2.979910076E-1,-2.430982739E-1
3.532209358E1,9.477947950E-1,-2.220402062E-1,-1.829348505E-1
3.534225858E1,9.805725217E-1,-7.983279228E-2,-2.284704745E-1
3.536242258E1,9.221133590E-1,8.703313023E-2,-2.245052755E-1
3.538258758E1,6.913482547E-1,2.275197804E-1,-1.433402151E-1
3.540275158E1,4.804812670E-1,2.281104773E-1,-2.044769563E-2
3.542291658E1,4.434324801E-1,1.232414991E-1,2.018096484E-2
3.544308058E1,2.552905381E-1,-1.019430533E-2,4.564040899E-2
3.546324558E1,8.457837254E-2,1.238764357E-2,9.382203221E-2
3.548340958E1,1.035646424E-1,2.267245203E-1,1.832567602E-1
3.550357458E1,-1.554023474E-3,3.699641824E-1,3.232106268E-1
3.552373858E1,-2.882735729E-1,4.594086409E-1,4.025779963E-1
3.554390358E1,-4.712718129E-1,4.927518368E-1,5.401273370E-1
3.556406758E1,-3.814912140E-1,4.213147163E-1,5.996914506E-1
3.558423258E1,-3.082917035E-1,2.005639970E-1,5.404739976E-1
3.560439658E1,-5.013113618E-1,1.228417754E-1,4.775087237E-1
3.562456158E1,-1.116596580E0,4.988947511E-1,6.552165747E-1
3.564472658E1,-1.879041076E0,7.392965555E-1,9.869625568E-1
3.566489058E1,-1.632189631E0,6.986519098E-1,1.107819915E0
3.568505558E1,-9.140976071E-1,1.670999080E-1,7.136698365E-1
3.570521958E1,-6.412598491E-1,-2.049717158E-1,2.762273252E-1
3.572538458E1,-5.047433376E-1,1.526272148E-1,2.614388168E-1
3.574554846E1,-4.228804410E-1,5.307071209E-1,4.665780663E-1
3.576571346E1,-4.172980487E-1,3.876295686E-1,5.529691577E-1
3.578587746E1,-4.086383581E-1,-9.763384610E-2,5.270866752E-1
3.580604246E1,-2.394167334E-1,-3.255495131E-1,5.348769426E-1
3.582620646E1,-6.148884818E-2,-2.823228836E-1,5.860572457E-1
3.584637146E1,4.756512493E-2,-1.695514023E-1,6.807093024E-1
3.586653646E1,4.469617829E-2,-7.127056271E-2,7.287318707E-1
3.588670046E1,-2.998423390E-2,-3.781903908E-2,7.418429852E-1
3.590686546E1,-5.531999469E-2,5.578849837E-2,6.631125212E-1
3.592702946E1,-7.652759552E-2,2.004203498E-1,5.733116865E-1
3.594719446E1,-7.465092838E-2,2.903799713E-1,5.455964208E-1
3.596735846E1,-1.370706111E-1,2.781240046E-1,5.767393708E-1
3.598752346E1,-2.667258084E-1,1.645689607E-1,6.015370488E-1
3.600768746E1,-3.539608419E-1,1.259986907E-1,4.945684075E-1
3.602785246E1,-3.201965988E-1,1.832568496E-1,3.442228138E-1
3.604801746E1,-1.915453821E-1,2.430940121E-1,1.581725925E-1
3.606818146E1,-8.165460825E-2,2.177386731E-1,-3.702342510E-2
3.608834646E1,3.501825035E-2,6.637705117E-2,-1.857204437E-1
3.610851046E1,6.203610823E-2,-1.480931044E-1,-3.170485795E-1
3.612867546E1,1.355955452E-1,-1.968971193E-1,-3.533818424E-1
3.614883946E1,1.836612821E-1,-1.890808791E-1,-3.880088925E-1
3.616900446E1,1.470813602E-1,-1.404114664E-1,-4.290397763E-1
3.618916846E1,1.302665919E-1,-1.480175108E-1,-4.986533523E-1
3.620933346E1,1.398331821E-1,-2.307126224E-1,-5.253531933E-1
3.622949846E1,2.423380911E-1,-3.677279353E-1,-5.142626762E-1
3.624966246E1,3.746970892E-1,-5.019310117E-1,-4.927491844E-1
3.626982746E1,6.090779901E-1,-5.809640884E-1,-4.660796523E-1
3.628999146E1,9.330487251E-1,-7.942922115E-1,-5.017992258E-1
3.631015646E1,6.795847416E-1,-9.347545505E-1,-4.791316688E-1
3.633032046E1,3.645576239E-1,-7.846873403E-1,-2.425642610E-1
3.635048546E1,-6.403875351E-2,4.532202184E-1,9.376827627E-2
3.637065046E1,-3.525495827E-1,1.746470332E0,4.263598919E-1
3.639081446E1,3.638595939E-1,1.161052823E0,3.418171108E-1
3.641097946E1,8.590398431E-1,-7.912538201E-2,1.264624447E-1
3.643114346E1,7.302432656E-1,-8.387143016E-1,-2.011448294E-1
3.645130846E1,5.995334387E-1,-9.072895050E-1,-2.128818929E-1
3.647147246E1,8.571612239E-1,-6.153969169E-1,-2.671388723E-2
3.649163746E1,1.203345418E0,-3.726285994E-1,2.030082978E-2
3.651180246E1,1.500964642E0,-2.741822898E-1,-2.723314613E-2
3.653196646E1,1.651843309E0,-1.178844124E-1,-9.091644734E-2
3.655213146E1,1.643307447E0,3.863420710E-2,-1.235402450E-1
3.657229546E1,1.524873257E0,1.623499840E-1,-1.136946976E-1
3.659246046E1,1.457077980E0,2.172930539E-1,-8.181187510E-2
3.661262546E1,1.461649776E0,3.496489823E-1,-1.818394475E-2
3.663278946E1,1.380759716E0,5.399553776E-1,9.788668901E-2
3.665295446E1,1.024566531E0,6.931443810E-1,2.410827577E-1
3.667311846E1,6.134293079E-1,7.330231667E-1,3.668946028E-1
3.669328346E1,3.039059639E-1,6.193301678E-1,4.824577570E-1
3.671344746E1,1.103097796E-1,4.027271867E-1,4.949752092E-1
3.673361246E1,-1.618790030E-1,1.958911717E-1,6.059337258E-1
3.675377683E1,-7.173457742E-1,1.131707430E-1,8.975411654E-1
3.677394083E1,-1.188053966E0,6.642249227E-2,1.167350769E0
3.679410583E1,-1.140394688E0,-1.236799136E-1,8.829801679E-1
3.681426983E1,-1.185495496E0,-2.965407073E-1,6.592707634E-1
3.683443483E1,-2.118306637E0,2.664651275E-1,1.211668730E0
3.685459983E1,-3.368233204E0,9.901384115E-1,1.986950994E0
3.687476383E1,-4.003276348E0,9.688413739E-1,1.943165421E0
3.689492883E1,-3.925677538E0,4.194183946E-1,1.272327900E0
3.691509283E1,-2.879914761E0,2.471824735E-1,3.772474229E-1
3.693525783E1,-1.521679640E0,1.053338647E0,-7.027192414E-2
3.695542283E1,-1.802311659E0,7.992305756E-1,-2.241068035E-1
3.697558683E1,-1.703799963E0,4.232161641E-1,3.539843857E-1
3.699575183E1,-1.295380116E0,8.025614172E-2,6.868717074E-1
3.701591583E1,-7.309031487E-1,1.047960017E-3,5.529986024E-1
3.703608083E1,-5.188401341E-1,1.450258642E-1,2.414075136E-1
3.705624583E1,-2.663767934E-1,2.418302298E-1,1.808491945E-1
3.707640983E1,3.104107641E-2,1.071334407E-1,1.806104332E-1
3.709657483E1,2.034995407E-1,-7.848117501E-2,5.518957973E-2
3.711673883E1,2.262448519E-1,-2.960032821E-1,-1.083992720E-1
3.713690383E1,2.611541748E-1,-2.361502051E-1,-1.515769064E-1
3.715706883E1,3.662020862E-1,5.318688974E-2,-9.160190076E-2
3.717723283E1,6.395365000E-1,1.811851189E-2,-8.313789964E-2
3.719739783E1,1.022610426E0,-5.163023472E-1,-4.495095611E-1
3.721756183E1,1.256657243E0,-1.009629130E0,-7.828670740E-1
3.723772683E1,1.321824193E0,-8.178977370E-1,-7.504644394E-1
3.725789183E1,1.337382913E0,-3.306253254E-1,-4.137529433E-1
3.727805583E1,1.652254820E0,-2.459159493E-1,-2.808785439E-1
3.729822083E1,2.371470451E0,-9.767829776E-1,-4.549797475E-1
3.731838483E1,2.712515116E0,-1.925414920E0,-8.847884536E-1
3.733854983E1,2.488253355E0,-1.944028378E0,-9.634478092E-1
3.735871483E1,2.060575485E0,-1.113930583E0,-7.773506045E-1
3.737887883E1,1.975920677E0,-5.467212796E-1,-7.736611962E-1
3.739904383E1,1.551987767E0,2.021764219E-1,-6.783200502E-1
3.741920883E1,1.230479598E0,6.209803224E-1,-7.544699311E-1
3.743937283E1,1.056675434E0,3.372864425E-1,-8.127003908E-1
3.745953783E1,9.719355702E-1,-8.055383712E-2,-8.483888507E-1
3.747970183E1,9.405256510E-1,-4.693406522E-1,-7.485741377E-1
3.749986683E1,8.806350231E-1,-6.495198011E-1,-6.265812516E-1
3.752003183E1,8.599502444E-1,-5.168228149E-1,-5.164126754E-1
3.754019583E1,8.491699100E-1,-2.200516462E-1,-4.326303303E-1
3.756036083E1,7.070773244E-1,3.229033202E-2,-3.859247863E-1
3.758052483E1,4.986684322E-1,1.467408389E-1,-3.871962130E-1
3.760068983E1,2.816756964E-1,1.903372556E-1,-4.101338387E-1
3.762085483E1,-2.160505857E-3,1.435831636E-1,-3.772631586E-1
3.764101883E1,-3.223116696E-1,2.518598437E-1,-2.417126149E-1
3.766118383E1,-5.776238441E-1,5.372567177E-1,-3.118051775E-2
3.768134883E1,-7.788216472E-1,9.469261169E-1,2.315392196E-1
3.770151283E1,-8.028458953E-1,1.172356009E0,4.515564144E-1
3.772167783E1,-1.068494081E0,9.305622578E-1,6.984861493E-1
3.774184183E1,-1.522286177E0,6.001910567E-1,8.725135922E-1
3.776200733E1,-1.949671865E0,4.368329346E-1,9.905406833E-1
3.778217233E1,-2.253956079E0,6.533431411E-1,1.257744431E0
3.780233633E1,-2.088703156E0,7.848008275E-1,1.378543019E0
3.782250133E1,-1.938024521E0,2.664376497E-1,1.281442523E0
3.784266533E1,-1.870680809E0,2.871318161E-1,1.540663600E0
3.786283033E1,-1.859692097E0,8.738849163E-1,1.852076650E0
3.788299533E1,-2.641624928E0,8.175069094E-1,1.735427499E0
3.790315933E1,-3.101354837E0,8.084490299E-1,1.682636261E0
3.792332433E1,-2.226546288E0,1.801024824E-1,1.047934294E0
3.794348833E1,-1.364954829E0,-6.902363300E-1,2.274125963E-1
3.796365333E1,-9.101162553E-1,-5.829012990E-1,-8.415453881E-2
3.798381833E1,-7.415735126E-1,7.562752813E-2,-3.090059943E-2
3.800398233E1,-3.423868418E-1,3.951498270E-1,-8.921059966E-2
3.802414733E1,2.890725732E-1,5.197252631E-1,-3.557738066E-1
3.804431233E1,8.165183067E-1,5.611790419E-1,-6.383460164E-1
3.806447633E1,9.697292447E-1,4.154190123E-1,-6.381838918E-1
3.808464133E1,7.696392536E-1,6.001858413E-2,-5.110303760E-1
3.810480533E1,5.615406036E-1,-2.954615057E-1,-3.994311690E-1
3.812497033E1,6.133652925E-1,-3.443424702E-1,-3.824450672E-1
3.814513533E1,7.804825306E-1,-7.259352505E-2,-5.896450281E-1
3.816529933E1,8.460412025E-1,-4.083663970E-2,-7.608063221E-1
3.818546433E1,9.558535218E-1,-4.359274507E-1,-8.173577785E-1
3.820562933E1,1.431154490E0,-6.217975616E-1,-8.539398909E-1
3.822579333E1,1.529650807E0,-6.880024672E-1,-1.060075998E0
3.824595833E1,1.401185989E0,-5.301455259E-1,-1.038664460E0
3.826612333E1,1.499574900E0,-2.001993507E-1,-8.028960228E-1
3.828628733E1,1.772943258E0,-1.821814030E-1,-7.334713340E-1
3.830645233E1,1.640931129E0,-6.485819221E-1,-7.402027249E-1
3.832661633E1,1.227109909E0,-9.577639103E-1,-7.575823665E-1
3.834678133E1,4.044235349E-1,2.387437075E-1,-3.613913357E-1
3.836694633E1,4.161795378E-1,1.379409790E0,-4.581157118E-2
3.838711033E1,1.044164658E0,8.516688347E-1,-1.564820260E-1
3.840727533E1,1.392092347E0,-6.131010652E-1,-6.689494252E-1
3.842744033E1,9.285910130E-1,-1.154475331E0,-9.505629539E-1
3.844760433E1,3.216731250E-1,-6.929411292E-1,-4.757588208E-1
3.846776933E1,1.353465170E-1,-4.127458632E-1,1.065846160E-2
3.848793333E1,2.318797261E-1,-6.787821054E-1,-6.670696288E-2
3.850809833E1,4.285930395E-1,-9.342416525E-1,-2.667562366E-1
3.852826333E1,5.684418678E-1,-8.806010485E-1,-3.968092203E-1
3.854842733E1,6.592320800E-1,-4.747585058E-1,-4.366500974E-1
3.856859233E1,6.571639776E-1,-2.368422784E-2,-3.552425802E-1
3.858875733E1,5.545667410E-1,2.357137203E-1,-1.998633891E-1
3.860892133E1,3.799057901E-1,2.671296597E-1,-1.344398856E-1
3.862908633E1,1.065942422E-1,3.207325339E-1,-1.334629953E-1
3.864925133E1,-3.223581910E-1,5.308499932E-1,-1.409235597E-2
3.866941533E1,-7.587208748E-1,6.907574534E-1,2.722097933E-1
3.868958033E1,-1.023096919E0,6.684269905E-1,5.263561010E-1
3.870974533E1,-1.152926803E0,5.992806554E-1,6.477672458E-1
3.872990933E1,-1.431222558E0,6.160346270E-1,7.845896482E-1
3.875007813E1,-1.577961326E0,8.568201661E-1,1.055657148E0
3.877024212E1,-1.425401688E0,8.732230663E-1,1.199699402E0
3.879040712E1,-9.576089382E-1,2.988742590E-1,1.055435300E0
3.881057213E1,-1.255467772E0,-2.832524478E-1,1.066215515E0
3.883073613E1,-1.856825829E0,-6.903221607E-1,1.515325427E0
3.885090112E1,-2.432394981E0,-5.854692459E-1,2.070154667E0
3.887106612E1,-3.155335188E0,-1.126847118E-1,2.372155428E0
3.889123013E1,-3.329189777E0,1.884454042E-1,2.311517477E0
3.891139513E1,-2.417003632E0,-1.213569567E-2,1.351641297E0
3.893156012E1,-1.674416065E0,-2.318959981E-1,9.210915118E-2
3.895172413E1,-1.013054729E0,1.462659389E-1,-3.997223675E-1
3.897188913E1,-7.499884963E-1,3.193602562E-1,-3.143890202E-1
3.899205413E1,-5.682213902E-1,3.666148484E-1,-8.753429353E-2
3.901221813E1,-2.067342848E-1,3.964645565E-1,-1.788246036E-1
3.903238313E1,6.948038936E-2,4.229417741E-1,-5.246531367E-1
3.905254713E1,2.319113612E-1,4.583267868E-1,-7.337853909E-1
3.907271212E1,4.626064897E-1,3.811131716E-1,-6.941788793E-1
3.909287713E1,7.069887519E-1,1.759029180E-1,-6.849154234E-1
3.911304113E1,8.691404462E-1,1.678607799E-2,-8.279556036E-1
3.913320612E1,9.557618499E-1,-1.663575917E-1,-8.537328243E-1
3.915337112E1,1.033612132E0,-3.067159355E-1,-8.291308284E-1
3.917353513E1,1.497047782E0,-2.929201126E-1,-7.010591626E-1
3.919370013E1,1.827319264E0,-2.782536447E-1,-5.801056027E-1
3.921386512E1,1.835208416E0,-3.744105995E-1,-4.853598475E-1
3.923402913E1,1.676290751E0,-4.800761342E-1,-2.948976457E-1
3.925419413E1,1.690010071E0,-5.323792696E-1,-1.372426152E-1
3.927435913E1,2.311795235E0,-9.830982089E-1,-1.403097063E-1
3.929452313E1,2.704209805E0,-1.209199429E0,-3.594617844E-1
3.931468813E1,2.598661423E0,-1.121650934E0,-3.825841546E-1
3.933485313E1,2.375532866E0,-9.280140996E-1,-2.069991380E-1
3.935501712E1,2.156660080E0,-7.555747032E-1,-1.365898997E-1
3.937518213E1,1.794463158E0,-5.405277014E-1,-5.505983159E-2
3.939534713E1,1.556332946E0,-4.537564814E-1,-1.090924665E-1
3.941551113E1,1.295544982E0,-5.932736397E-1,-2.337088436E-1
3.943567612E1,1.035156488E0,-5.998775363E-1,-3.724239469E-1
3.945584113E1,9.087344408E-1,-2.173097730E-1,-3.962297440E-1
3.947600513E1,7.627722025E-1,2.883805037E-1,-3.100756407E-1
3.949617012E1,4.501254559E-1,3.663932979E-1,-2.662156820E-1
3.951633512E1,5.482272431E-2,2.193925381E-1,-2.961122692E-1
3.953649913E1,-3.542566299E-1,1.720118076E-1,-3.879805505E-1
3.955666413E1,-5.916107893E-1,3.307088315E-1,-4.776790142E-1
3.957682912E1,-7.814432383E-1,6.902391911E-1,-4.065570533E-1
3.959699313E1,-1.048068047E0,1.157222867E0,-1.179799959E-1
3.961715813E1,-1.125860095E0,1.259791732E0,1.928270757E-1
3.963732313E1,-1.049382567E0,9.794297814E-1,3.371255398E-1
3.965748713E1,-9.226882458E-1,6.266415715E-1,2.932569683E-1
3.967765213E1,-8.925532699E-1,4.301359653E-1,2.610017359E-1
3.969781713E1,-8.448002338E-1,6.011504531E-1,3.784127235E-1
3.971798112E1,-6.653850079E-1,6.034500599E-1,4.845188558E-1
3.973814613E1,-7.702261806E-1,2.399379462E-1,5.433458090E-1
3.975830758E1,-1.168131828E0,-6.767807901E-2,7.554638982E-1
3.977847158E1,-1.217585921E0,1.133558601E-1,8.904448152E-1
3.979863658E1,-8.136289120E-1,3.812327385E-1,8.010753393E-1
3.981880158E1,-1.122277737E0,7.418247461E-1,8.768697381E-1
3.983896558E1,-2.454366684E0,7.776400447E-1,1.237856030E0
3.985913058E1,-3.675688982E0,7.592742443E-1,1.748063922E0
3.987929558E1,-4.054021835E0,8.636583686E-1,2.189857006E0
3.989945958E1,-3.109941483E0,4.005551934E-1,1.637351513E0
3.991962458E1,-2.304223299E0,3.124345541E-1,6.279476881E-1
3.993978958E1,-2.077317476E0,6.838164926E-1,4.068424925E-2
3.995995358E1,-1.978379726E0,8.622443676E-1,-4.577058926E-2
3.998011858E1,-1.841831684E0,6.713160872E-1,5.465511978E-2
4.000028358E1,-1.526579022E0,3.381941319E-1,4.454488158E-1
4.002044758E1,-5.944370627E-1,1.017776430E-1,3.141701594E-2
4.004061258E1,4.102729261E-2,1.757281721E-1,-4.977899492E-1
4.006077758E1,1.607675403E-1,3.384656608E-1,-6.953639388E-1
4.008094158E1,2.144985348E-1,3.670064807E-1,-5.109024048E-1
4.010110658E1,4.017231464E-1,2.039608508E-1,-4.656214118E-1
4.012127158E1,8.849247098E-1,-9.602359682E-2,-6.304364800E-1
4.014143558E1,1.419018269E0,-2.276134044E-1,-8.794457912E-1
4.016160058E1,1.739689350E0,-2.146573067E-1,-1.006761551E0
4.018176558E1,1.786938667E0,-2.387032956E-1,-9.080681801E-1
4.020192958E1,1.939545393E0,-2.988551259E-1,-6.729545593E-1
4.022209458E1,2.126831532E0,-6.400956511E-1,-5.631635785E-1
4.024225958E1,2.024731159E0,-7.829014063E-1,-3.178789318E-1
4.026242358E1,1.695133328E0,-8.058981895E-1,1.398208141E-1
4.028258858E1,1.358685732E0,-6.167334318E-1,4.348692596E-1
4.030275358E1,1.497774124E0,-2.607866526E-1,5.243168473E-1
4.032291758E1,1.957204580E0,-1.904712915E-1,3.911624849E-1
4.034308258E1,2.188451529E0,-6.886187792E-1,8.210380375E-2
4.036324758E1,1.983533621E0,-1.148627520E0,-9.378171712E-2
4.038341158E1,1.734109044E0,-1.175098658E0,-1.233673766E-1
4.040357658E1,1.603065610E0,-9.025958180E-1,-1.648476869E-1
4.042374158E1,1.474814177E0,-5.717195868E-1,-2.332124114E-1
4.044390558E1,1.360395670E0,-1.536776125E-1,-2.445845157E-1
4.046407058E1,1.147674084E0,1.509035379E-1,-7.765752077E-2
4.048423558E1,8.014387488E-1,2.776770294E-1,8.839792013E-2
4.050439958E1,5.869451165E-1,2.875900865E-1,1.553264558E-1
4.052456458E1,5.451995134E-1,3.355450928E-1,1.749306470E-1
4.054472958E1,5.594665408E-1,4.633372724E-1,1.967990696E-1
4.056489458E1,4.210266769E-1,7.104008794E-1,2.750037909E-1
4.058505858E1,1.841145307E-1,8.010424376E-1,4.492456615E-1
4.060522358E1,2.811614797E-2,6.543782949E-1,5.618714094E-1
4.062538858E1,-7.704369724E-2,4.228025377E-1,5.982183814E-1
4.064555258E1,-9.190919995E-2,1.982953995E-1,5.606158376E-1
4.066571758E1,-1.477010846E-1,1.595947742E-1,5.246902704E-1
4.068588258E1,-3.488291204E-1,3.540851474E-1,5.682814717E-1
4.070604658E1,-6.594564915E-1,6.181194782E-1,8.096513152E-1
4.072621158E1,-6.123080254E-1,6.429835558E-1,9.410439134E-1
4.074637658E1,-6.505337358E-1,4.548138082E-1,6.860129833E-1
4.076654046E1,-1.387539625E0,5.269166231E-1,5.386093855E-1
4.078670546E1,-2.243001461E0,4.738411307E-1,7.543673515E-1
4.080687046E1,-2.941194773E0,2.928906381E-1,1.233633995E0
4.082703446E1,-4.108273029E0,8.211237192E-1,1.487377644E0
4.084719946E1,-4.311852455E0,8.172863722E-1,1.164256334E0
4.086736446E1,-3.241308451E0,4.189174771E-1,5.423780084E-1
4.088752846E1,-2.280465126E0,5.504620671E-1,1.072816700E-1
4.090769346E1,-2.075248957E0,6.244257092E-1,3.078938648E-2
4.092785846E1,-1.963863730E0,3.046215177E-1,2.247364819E-1
4.094802246E1,-1.534190893E0,2.119021714E-1,3.840294182E-1
4.096818746E1,-1.127374053E0,7.467582822E-2,3.927508593E-1
4.098835246E1,-5.578898191E-1,2.913963795E-1,6.950663924E-1
4.100851746E1,-3.160806596E-1,4.097961485E-1,8.186648488E-1
4.102868146E1,-2.191544920E-1,4.633834958E-2,7.789830565E-1
4.104884646E1,-2.149401978E-2,-2.412455529E-1,6.195241809E-1
4.106901146E1,1.800556034E-1,-3.613266945E-1,4.564436376E-1
4.108917546E1,5.325638652E-1,-2.790828049E-1,3.959943950E-1
4.110934046E1,7.944691181E-1,-2.048334479E-1,3.523514569E-1
4.112950546E1,8.012053370E-1,-2.867293060E-1,3.499090970E-1
4.114966946E1,7.705561519E-1,-3.282867670E-1,3.602852523E-1
4.116983446E1,8.484950662E-1,-2.364313900E-1,3.401592970E-1
4.118999946E1,9.515212178E-1,-1.089579165E-1,3.345376253E-1
4.121016346E1,1.086392760E0,7.945915312E-2,3.990613222E-1
4.123032846E1,1.266789079E0,1.677590460E-1,4.896486402E-1
4.125049346E1,1.373166561E0,-1.176616177E-3,6.110876203E-1
4.127065846E1,1.482529163E0,-5.414384604E-1,6.655556560E-1
4.129082246E1,1.345956922E0,-9.434713721E-1,6.745291948E-1
4.131098746E1,9.224690199E-1,-1.094388127E0,6.436901093E-1
4.133115246E1,5.921396613E-1,-9.644188881E-1,5.045102239E-1
4.135131646E1,2.295661718E-1,-4.229209423E-1,4.943206906E-1
4.137148146E1,-2.402093261E-1,2.570374012E-1,4.805280268E-1
4.139164646E1,-1.724076420E-1,6.265558600E-1,4.155329764E-1
4.141181046E1,3.676998019E-1,6.751853824E-1,2.133807391E-1
4.143197546E1,7.727307677E-1,4.898051918E-1,4.948775843E-2
4.145214046E1,8.615783453E-1,1.138864979E-1,2.088868432E-2
4.147230546E1,8.403040767E-1,-2.587568164E-1,1.122343987E-1
4.149246946E1,7.675567865E-1,-4.144594371E-1,2.724798620E-1
4.151263446E1,6.396547556E-1,-3.065468669E-1,5.084618330E-1
4.153279946E1,7.022892237E-1,-1.276437789E-1,6.690278053E-1
4.155296346E1,8.968933821E-1,6.831580400E-2,7.440087199E-1
4.157312846E1,1.066851020E0,2.460143119E-1,8.069148064E-1
4.159329346E1,1.061794162E0,3.923836052E-1,8.759984970E-1
4.161345746E1,9.471682310E-1,4.540087581E-1,9.400206208E-1
4.163362246E1,7.051233053E-1,5.031992793E-1,1.045506120E0
4.165378746E1,4.537790418E-1,5.544790626E-1,1.178305864E0
4.167395246E1,1.963653564E-1,6.818798780E-1,1.371430159E0
4.169411646E1,-4.860966932E-3,8.781786561E-1,1.567690969E0
4.171428146E1,-1.273270845E-1,8.957688212E-1,1.614821792E0
4.173444646E1,-1.976915449E-1,6.892233491E-1,1.531143308E0
4.175460983E1,-2.265237123E-1,5.257907510E-1,1.415047646E0
4.177477483E1,-5.958908796E-1,6.927130222E-1,1.532655120E0
4.179493983E1,-1.417274952E0,9.095745087E-1,1.920423865E0
4.181510483E1,-1.947690129E0,4.812930524E-1,2.105065823E0
4.183526883E1,-1.734028697E0,-2.533267438E-1,1.865596652E0
4.185543383E1,-1.162370920E0,-3.401638865E-1,1.328462958E0
4.187559883E1,-6.219350696E-1,1.786287278E-1,1.026358604E0
4.189576283E1,-3.785826266E-1,7.498431206E-1,1.085074544E0
4.191592783E1,-4.953225553E-1,8.252049088E-1,1.238452911E0
4.193609283E1,-8.179237843E-1,5.253956914E-1,1.355801105E0
4.195625783E1,-9.617940187E-1,2.558758855E-1,1.406293273E0
4.197642183E1,-7.303436995E-1,2.068846673E-1,1.393239737E0
4.199658683E1,-3.531330824E-1,3.025225103E-1,1.348549008E0
4.201675183E1,-2.315377742E-1,2.998298407E-1,1.379502177E0
4.203691583E1,-4.561595917E-1,1.681199670E-1,1.485034943E0
4.205708083E1,-7.297447920E-1,9.323506802E-2,1.654977083E0
4.207724583E1,-8.309081793E-1,1.266720891E-1,1.690102696E0
4.209741083E1,-7.706558704E-1,3.075798452E-1,1.676344872E0
4.211757483E1,-8.628653884E-1,2.038657218E-1,1.635866284E0
4.213773983E1,-9.797270298E-1,-7.218640298E-2,1.698908806E0
4.215790483E1,-1.001654148E0,-1.738975197E-1,1.771841645E0
4.217806883E1,-9.684802890E-1,-1.628095806E-1,1.655452490E0
4.219823383E1,-8.525858521E-1,-1.368429214E-1,1.401305914E0
4.221839883E1,-7.018914223E-1,-2.149389684E-1,1.177074194E0
4.223856383E1,-6.486796737E-1,-3.464023173E-1,1.015902996E0
4.225872783E1,-4.939249158E-1,-3.820668459E-1,8.413266540E-1
4.227889283E1,-8.051589131E-2,-2.342377603E-1,6.239945292E-1
4.229905783E1,6.398282945E-2,3.077146970E-2,5.392375588E-1
4.231922283E1,-1.613664031E-1,3.532790542E-1,6.283488274E-1
4.233938683E1,-1.220747754E-1,4.280452728E-1,7.409067750E-1
4.235955183E1,5.568184853E-1,-4.620034993E-2,5.792281032E-1
4.237971683E1,1.237876654E0,-5.119639635E-1,2.688077688E-1
4.239988083E1,1.539446831E0,-3.391169608E-1,1.328886151E-1
4.242004583E1,1.456321359E0,-3.456052020E-2,1.572082490E-1
4.244021083E1,1.287924409E0,-6.435690075E-2,3.387410939E-1
4.246037583E1,1.179049611E0,-1.933924407E-1,5.319464207E-1
4.248053983E1,1.164447427E0,-3.075146973E-1,6.367216706E-1
4.250070483E1,1.177017450E0,-3.697839379E-1,6.985014677E-1
4.252086983E1,1.143569827E0,-3.617505729E-1,7.494194508E-1
4.254103483E1,1.042678237E0,-3.153597414E-1,7.883145809E-1
4.256119883E1,8.848431110E-1,-2.695820928E-1,8.302240968E-1
4.258136383E1,7.438605428E-1,-1.863186508E-1,8.956725597E-1
4.260152883E1,5.821057558E-1,-4.759395123E-2,9.147070646E-1
4.262169283E1,3.965136409E-1,1.515026093E-1,9.695960283E-1
4.264185783E1,2.280845642E-1,3.337073326E-1,1.026761413E0
4.266202283E1,1.256371886E-1,4.618396759E-1,1.166606903E0
4.268218783E1,-1.980470680E-2,5.796601176E-1,1.260602355E0
4.270235183E1,-2.176833153E-1,6.064347029E-1,1.259530187E0
4.272251683E1,-3.857527375E-1,6.344487071E-1,1.250768900E0
4.274268183E1,-4.258415699E-1,7.179960012E-1,1.281607389E0
4.276284725E1,-4.829480052E-1,7.823422551E-1,1.377795815E0
4.278301125E1,-5.908645988E-1,8.026794195E-1,1.391876817E0
4.280317625E1,-6.283714771E-1,8.553711772E-1,1.365436792E0
4.282334125E1,-6.082227826E-1,9.095057845E-1,1.399827242E0
4.284350625E1,-6.633672118E-1,8.204045892E-1,1.436386466E0
4.286367025E1,-7.688247561E-1,7.232306600E-1,1.460050941E0
4.288383525E1,-6.978969574E-1,8.114852905E-1,1.459281802E0
4.290400025E1,-4.029752612E-1,8.488746881E-1,1.398913980E0
4.292416525E1,-2.088020593E-1,7.097557783E-1,1.290183425E0
4.294432925E1,-1.257657707E-1,5.942857862E-1,1.206672668E0
4.296449425E1,-7.297696173E-2,6.098136306E-1,1.214286923E0
4.298465925E1,-1.603004038E-1,6.870297194E-1,1.300929308E0
4.300482425E1,-4.053110778E-1,7.466114163E-1,1.372440815E0
4.302498825E1,-4.648162425E-1,4.457454681E-1,1.335880280E0
4.304515325E1,-2.473060191E-1,-7.305625081E-2,1.192621350E0
4.306531825E1,4.491813108E-2,-3.130365312E-1,9.743890166E-1
4.308548325E1,1.967773139E-1,-1.526821852E-1,8.926544189E-1
4.310564725E1,2.589828670E-1,3.381418437E-2,9.234119654E-1
4.312581225E1,2.172648758E-1,1.009695530E-1,9.954808354E-1
4.314597725E1,2.478544861E-1,8.687477559E-2,9.881451130E-1
4.316614225E1,1.755288839E-1,2.290830575E-2,9.278831482E-1
4.318630625E1,-3.795371950E-2,-8.132556081E-2,8.659910560E-1
4.320647125E1,-2.416168153E-1,-3.535715491E-2,8.802137375E-1
4.322663625E1,-4.379499853E-1,4.740800336E-2,8.803319335E-1
4.324680125E1,-5.743826032E-1,2.334705591E-1,9.147613645E-1
4.326696625E1,-7.584881186E-1,4.527348876E-1,9.838961363E-1
4.328713025E1,-1.083185315E0,6.033401489E-1,1.138977051E0
4.330729525E1,-1.260046482E0,4.862254262E-1,1.236772180E0
4.332746025E1,-1.187351704E0,3.262188435E-1,1.189301491E0
4.334762525E1,-1.077816963E0,2.799718380E-1,1.176151156E0
4.336778925E1,-1.073886037E0,2.573243380E-1,1.232563138E0
4.338795425E1,-9.994259477E-1,1.031418815E-1,1.257050633E0
4.340811925E1,-8.050330877E-1,-1.257428229E-1,1.195313096E0
4.342828425E1,-7.044812441E-1,-2.096273899E-1,1.051090002E0
4.344844925E1,-6.903651953E-1,-2.065566331E-1,9.327611923E-1
4.346861325E1,-5.020983219E-1,-2.641283572E-1,8.975987434E-1
4.348877825E1,-1.832535714E-1,-2.022492290E-1,7.604903579E-1
4.350894325E1,9.135151282E-3,-2.858732343E-1,6.373789310E-1
4.352910825E1,1.676845998E-1,-3.659780025E-1,6.200354099E-1
4.354927225E1,2.038027346E-1,-4.562462270E-1,5.414301753E-1
4.356943725E1,1.429916322E-1,-5.979633331E-1,4.193941653E-1
4.358960225E1,3.703653440E-2,-5.357069373E-1,3.790616393E-1
4.360976725E1,1.927393302E-2,-4.198478162E-1,2.976037264E-1
4.362993225E1,-3.377701505E-4,-3.855188787E-1,9.518779069E-2
4.365009625E1,1.365157664E-1,-3.906788826E-1,-1.614028364E-1
4.367026125E1,6.522946358E-1,-4.057144225E-1,-4.228422940E-1
4.369042625E1,1.197051287E0,-4.213304222E-1,-6.844225526E-1
4.371059125E1,1.351670623E0,-5.128039718E-1,-8.313630819E-1
4.373075525E1,1.266745567E0,-4.810463190E-1,-8.431919813E-1
4.375092025E1,1.123842597E0,-1.971629709E-1,-7.468879819E-1
4.377108521E1,1.228584647E0,1.539625078E-1,-6.882666349E-1
4.379125021E1,1.367985368E0,3.189542890E-1,-6.454033256E-1
4.381141521E1,1.311134815E0,3.625273705E-1,-5.602513552E-1
4.383157921E1,1.244297743E0,2.687001526E-1,-4.398452044E-1
4.385174421E1,1.216791987E0,4.558412731E-2,-4.073946774E-1
4.387190921E1,1.254421353E0,-1.450167149E-1,-4.211922288E-1
4.389207421E1,1.183300614E0,-3.098762929E-1,-3.484157324E-1
4.391223921E1,9.443020821E-1,-2.508430779E-1,-1.596950144E-1
4.393240321E1,5.348314643E-1,-4.661832750E-2,7.350884378E-2
4.395256821E1,1.649320424E-1,-3.221905604E-2,2.803464830E-1
4.397273321E1,-9.225476533E-2,-1.435463876E-1,3.910567462E-1
4.399289821E1,-4.030281007E-1,-1.060182974E-1,4.611518383E-1
4.401306321E1,-6.823510528E-1,8.368763328E-2,5.433886647E-1
4.403322721E1,-7.665775418E-1,1.999056041E-1,5.093114376E-1
4.405339221E1,-7.062695026E-1,1.096857563E-1,4.847532809E-1
4.407355721E1,-8.895410299E-1,-2.099199295E-1,4.703139365E-1
4.409372221E1,-1.076021075E0,-3.200641572E-1,4.225765765E-1
4.411388721E1,-1.022693872E0,2.474383824E-2,4.483935535E-1
4.413405121E1,-8.094031811E-1,4.377871752E-1,5.386161804E-1
4.415421621E1,-7.706229687E-1,5.844442844E-1,5.438778996E-1
4.417438121E1,-1.218325257E0,5.266535282E-1,5.337568521E-1
4.419454621E1,-1.856767416E0,6.024367809E-1,6.833469868E-1
4.421471121E1,-1.851517200E0,8.005488515E-1,8.660868406E-1
4.423487521E1,-1.241919398E0,6.211507320E-1,8.402372003E-1
4.425504021E1,-8.428726792E-1,5.912911892E-2,5.968036652E-1
4.427520521E1,-5.683161616E-1,3.096195310E-2,6.307616830E-1
4.429537021E1,-3.751168847E-1,-1.613968760E-1,5.700178146E-1
4.431553521E1,-4.373543859E-1,-5.659986734E-1,4.433984160E-1
4.433569921E1,-7.717807889E-1,-1.043196321E0,3.443594575E-1
4.435586421E1,-1.857158780E0,-2.637776732E-1,7.201706171E-1
4.437602921E1,-2.574882269E0,7.988914251E-1,1.113437653E0
4.439619421E1,-1.862877846E0,8.125516772E-1,6.992097497E-1
4.441635921E1,-5.220285654E-1,-2.337766588E-1,-4.264514148E-1
4.443652321E1,-3.533780277E-1,-2.480659336E-1,-1.084981561E0
4.445668821E1,-2.673758268E-1,7.143301368E-1,-7.623298764E-1
4.447685321E1,5.492130518E-1,1.003777742E0,-5.595923066E-1
4.449701821E1,1.555493593E0,2.649719417E-1,-7.853500247E-1
4.451718321E1,2.229452372E0,-3.270216584E-1,-9.510526061E-1
4.453734721E1,2.381785393E0,-5.388737917E-1,-7.268097997E-1
4.455751221E1,2.222491503E0,-5.264477730E-1,-3.469353318E-1
4.457767721E1,2.075785637E0,-5.506579876E-1,-1.678769588E-1
4.459784221E1,1.956939578E0,-6.000545621E-1,-9.781927615E-2
4.461800721E1,1.873131275E0,-5.911276340E-1,-1.226622844E-3
4.463817221E1,1.845492840E0,-4.486318827E-1,2.777077258E-2
4.465833621E1,1.815678835E0,-3.634583652E-1,7.149457932E-2
4.467850121E1,1.833843708E0,-4.517456591E-1,8.043025434E-2
4.469866621E1,1.873109460E0,-6.398684382E-1,1.040000934E-3
4.471883121E1,1.709581852E0,-8.404828310E-1,-1.416345090E-1
4.473899621E1,1.441055655E0,-8.155603409E-1,-2.880901396E-1
4.475916050E1,1.357107997E0,-6.753419638E-1,-3.682162166E-1
4.477932550E1,1.382164478E0,-5.177972317E-1,-3.755401671E-1
4.479949050E1,1.282734990E0,-4.197559059E-1,-4.567295909E-1
4.481965550E1,1.152725935E0,-1.934036613E-2,-5.737441778E-1
4.483982050E1,1.076567531E0,5.931383371E-1,-5.558145642E-1
4.485998450E1,9.519189596E-1,8.085753918E-1,-4.101924300E-1
4.488014950E1,8.343719244E-1,5.747805834E-1,-2.861937284E-1
4.490031450E1,4.450018406E-1,2.914808095E-1,-4.622469246E-1
4.492047950E1,-1.237817764E0,5.950765014E-1,-4.067105353E-1
4.494064450E1,-3.122608900E0,1.512190700E0,3.365080059E-1
4.496080850E1,-3.467273951E0,1.630135655E0,9.037892222E-1
4.498097350E1,-2.760501623E0,8.945361972E-1,5.792577863E-1
4.500113850E1,-2.678718805E0,8.705232739E-1,1.059932411E-1
4.502130350E1,-3.315750837E0,1.324462295E0,2.879290283E-1
4.504146850E1,-4.117027283E0,1.773369431E0,8.586729169E-1
4.506163250E1,-4.366188049E0,1.590828538E0,1.206225038E0
4.508179750E1,-4.048323154E0,6.562165618E-1,1.033286333E0
4.510196250E1,-3.237036705E0,-9.350123256E-2,6.032472849E-1
4.512212750E1,-2.498144627E0,-2.153867781E-1,3.606984317E-1
4.514229250E1,-2.588535786E0,-2.364507169E-1,5.465964079E-1
4.516245750E1,-1.995630026E0,-2.442650050E-1,9.853472710E-1
4.518262150E1,-8.914783001E-1,2.222990543E-1,9.152567983E-1
4.520278650E1,-1.558385193E-1,3.412959278E-1,5.209991932E-1
4.522295150E1,2.617245615E-1,2.966590822E-1,4.283254147E-1
4.524311650E1,5.060939789E-1,1.349860281E-1,4.782329500E-1
4.526328150E1,5.983867049E-1,7.070840150E-2,5.734905005E-1
4.528344550E1,7.135747671E-1,-7.465451211E-2,6.059812307E-1
4.530361050E1,1.124863505E0,-2.685090005E-1,5.129981041E-1
4.532377550E1,1.607150316E0,-4.515929520E-1,2.788756490E-1
4.534394050E1,1.967659831E0,-5.383735299E-1,1.350285113E-1
4.536410550E1,2.113455534E0,-5.484891534E-1,-3.129786253E-2
4.538426950E1,1.805374980E0,-8.347507119E-1,-1.113963407E-2
4.540443450E1,9.302498698E-1,-9.434235096E-1,2.395638227E-1
4.542459950E1,4.616454542E-1,-7.765686512E-1,3.093168736E-1
4.544476450E1,4.233751297E-1,-6.385033727E-1,3.236780167E-1
4.546492950E1,3.904330730E-1,-9.299690127E-1,4.549183547E-1
4.548509450E1,6.775012612E-1,-1.494406223E0,-1.135532260E-1
4.550525850E1,1.094763517E0,-1.593595862E0,-7.769335508E-1
4.552542350E1,1.674278736E0,-1.290028811E0,-1.153167486E0
4.554558850E1,2.184996605E0,-7.965421677E-1,-1.380146503E0
4.556575350E1,2.473256350E0,-2.301188409E-1,-1.467002392E0
4.558591850E1,2.491046667E0,2.109750807E-1,-1.301792145E0
4.560608250E1,2.125596523E0,3.733011782E-1,-1.047049880E0
4.562624750E1,1.767077804E0,3.067149818E-1,-8.678932786E-1
4.564641250E1,1.554130912E0,1.905150861E-1,-7.654371858E-1
4.566657750E1,1.353421569E0,8.538603038E-2,-6.689797640E-1
4.568674250E1,1.014939547E0,-8.551751077E-2,-5.833593011E-1
4.570690750E1,7.544403672E-1,-1.818373203E-1,-5.118277669E-1
4.572707150E1,6.514605284E-1,-2.170337550E-2,-4.892070889E-1
4.574723650E1,6.554428935E-1,1.867571622E-1,-5.813568830E-1
4.576740208E1,6.225957870E-1,1.851955354E-1,-6.924356222E-1
4.578756708E1,6.708032489E-1,1.221759021E-1,-7.688809633E-1
4.580773208E1,5.587738156E-1,7.333921641E-2,-7.133374214E-1
4.582789708E1,1.584236026E-1,-1.114558354E-1,-5.716791153E-1
4.584806208E1,-2.822244167E-1,-2.138985842E-1,-5.006519556E-1
4.586822608E1,-6.643835902E-1,-9.013327211E-2,-4.003407061E-1
4.588839108E1,-9.429405928E-1,1.346726865E-1,-3.017989993E-1
4.590855608E1,-1.608668566E0,5.070554018E-1,-1.107133701E-1
4.592872108E1,-2.722376108E0,6.194224954E-1,1.630893499E-1
4.594888608E1,-3.696891069E0,7.300411463E-1,4.624192119E-1
4.596905008E1,-3.785670042E0,1.001205087E0,6.888486743E-1
4.598921508E1,-2.929793119E0,7.186985612E-1,5.949268341E-1
4.600938008E1,-2.515186548E0,3.824940920E-1,5.379142761E-1
4.602954508E1,-2.936664820E0,3.601525724E-1,8.114803433E-1
4.604971008E1,-3.551145792E0,3.616461158E-1,1.134485960E0
4.606987508E1,-3.877616644E0,5.994533375E-2,1.346693516E0
4.609004008E1,-3.270057440E0,-3.084410727E-1,1.325126767E0
4.611020408E1,-2.217851639E0,-4.852402210E-1,9.306043386E-1
4.613036908E1,-1.674674153E0,-7.689914107E-1,6.189763546E-1
4.615053408E1,-1.141381025E0,-2.199366689E-1,6.543172002E-1
4.617069908E1,-7.355768681E-1,4.799881279E-1,5.976974964E-1
4.619086408E1,-3.282754421E-1,8.964756131E-1,5.316640139E-1
4.621102908E1,2.806736529E-1,9.171350002E-1,4.235095382E-1
4.623119308E1,7.361954451E-1,6.168294549E-1,2.753797472E-1
4.625135808E1,9.250680208E-1,1.830738485E-1,1.902435720E-1
4.627152308E1,1.027524352E0,6.722973287E-2,1.928394288E-1
4.629168808E1,1.338405490E0,9.637506306E-2,1.479877681E-1
4.631185308E1,1.657830596E0,-1.774386037E-3,9.690796584E-2
4.633201808E1,1.697929382E0,-2.061898261E-1,2.536127344E-2
4.635218308E1,1.916229963E0,-3.946643770E-1,-8.070635796E-2
4.637234708E1,2.170976400E0,-7.131767273E-1,-2.530444562E-1
4.639251208E1,1.859635353E0,-1.447513819E0,-2.379991263E-1
4.641267708E1,5.977296233E-1,-2.493931293E0,1.486555189E-1
4.643284208E1,-7.803085446E-1,-2.258782387E0,5.097840428E-1
4.645300708E1,-1.728580832E0,-7.197201848E-1,1.761268079E-1
4.647317208E1,-1.498914719E0,7.553608418E-1,-6.887847781E-1
4.649333708E1,2.913106680E-1,9.736217856E-1,-2.020601511E0
4.651350108E1,1.807577729E0,4.314811230E-1,-2.652344227E0
4.653366608E1,1.907840252E0,-2.090612948E-1,-2.449898481E0
4.655383108E1,1.217413187E0,-6.696618348E-2,-1.871768832E0
4.657399608E1,1.104639292E0,5.419184566E-1,-1.099864006E0
4.659416108E1,1.953832150E0,3.850325644E-1,-6.488717794E-1
4.661432608E1,2.728049755E0,-1.887329668E-1,-6.180821061E-1
4.663449108E1,3.022491932E0,-3.657732606E-1,-5.515507460E-1
4.665465508E1,2.726824999E0,-4.693572521E-1,-2.413988709E-1
4.667482008E1,2.234723568E0,-5.684928298E-1,1.929429024E-1
4.669498508E1,1.950935006E0,-5.959191918E-1,4.836023152E-1
4.671515008E1,1.794885278E0,-6.489423513E-1,4.861534536E-1
4.673531508E1,1.799618483E0,-5.350251198E-1,4.077568948E-1
4.675547958E1,1.859558105E0,-2.871304452E-1,3.252058923E-1
4.677564458E1,1.796183586E0,-1.289484948E-1,3.210979402E-1
4.679580858E1,1.494876266E0,-1.855486780E-1,3.411336541E-1
4.681597358E1,9.627341032E-1,-2.817721367E-1,2.853300869E-1
4.683613858E1,5.194731355E-1,-2.484327406E-1,1.423346400E-1
4.685630358E1,5.770523846E-2,-2.666418254E-1,7.368785143E-2
4.687646858E1,-2.122277170E-1,-1.804928333E-1,6.430600304E-3
4.689663358E1,-8.143731952E-2,-8.057198673E-2,-1.700192392E-1
4.691679858E1,-2.972936630E-1,2.143791765E-1,-2.620988786E-1
4.693696358E1,-1.023881912E0,3.442199528E-1,-2.152080983E-1
4.695712758E1,-2.044048071E0,7.449315786E-1,1.553650647E-1
4.697729258E1,-3.016855478E0,1.695448279E0,4.482444823E-1
4.699745758E1,-3.892567396E0,2.553125381E0,3.375164866E-1
4.701762258E1,-4.008352757E0,2.223489285E0,2.007913888E-1
4.703778758E1,-3.563365221E0,1.286519289E0,2.503123283E-1
4.705795258E1,-3.817754745E0,9.720959663E-1,3.604916930E-1
4.707811758E1,-4.105031967E0,9.064330459E-1,4.971114397E-1
4.709828158E1,-3.843050003E0,7.064700127E-1,6.702854633E-1
4.711844658E1,-3.616866112E0,2.478811331E-2,6.961572766E-1
4.713861158E1,-3.188224316E0,-1.183476806E0,7.709798217E-1
4.715877658E1,-2.191834688E0,-8.964479566E-1,9.957594872E-1
4.717894158E1,-1.482490778E0,1.542414427E-1,1.051083922E0
4.719910658E1,-9.744986892E-1,6.303159595E-1,9.470533133E-1
4.721927158E1,-4.912712276E-1,5.766695738E-1,9.335832000E-1
4.723943558E1,-1.233629659E-1,4.651710689E-1,8.784905672E-1
4.725960058E1,4.830862582E-1,6.928440928E-2,6.645463109E-1
4.727976558E1,1.207305789E0,-4.201788902E-1,2.593155503E-1
4.729993058E1,1.624506354E0,-8.996719122E-1,-5.819484591E-3
4.732009558E1,1.800369978E0,-1.251467466E0,-5.279098824E-2
4.734026058E1,2.004039288E0,-1.180813789E0,4.082553461E-2
4.736042558E1,2.013913870E0,-7.393029928E-1,2.804781199E-1
4.738059058E1,1.760201097E0,-5.174075365E-1,5.623939633E-1
4.740075458E1,1.674733281E0,-8.278412819E-1,4.157498777E-1
4.742091958E1,1.289025545E0,-1.582272410E0,-1.847213507E-1
4.744108458E1,5.616835952E-1,-1.463189125E0,-1.216919541E0
4.746124958E1,9.367977083E-2,3.594018817E-1,-1.397589922E0
4.748141458E1,4.350866377E-1,1.662464261E0,-8.697695136E-1
4.750157958E1,5.122648478E-1,1.635832787E0,-8.149296045E-1
4.752174458E1,2.587202378E-2,6.870077848E-1,-1.180999994E0
4.754190958E1,-2.812565267E-1,-2.517106831E-1,-1.270060301E0
4.756207358E1,3.303576708E-1,-4.927454889E-1,-1.070111990E0
4.758223858E1,1.422178388E0,-4.412290454E-1,-1.032367587E0
4.760240358E1,2.019409895E0,-2.778538167E-1,-1.061835527E0
4.762256858E1,2.073926926E0,-2.042989731E-1,-9.483522177E-1
4.764273358E1,1.786561012E0,-1.802743077E-1,-6.432398558E-1
4.766289858E1,1.304958940E0,-2.523817420E-1,-4.032689929E-1
4.768306358E1,9.358293414E-1,-1.868455410E-1,-3.352621198E-1
4.770322758E1,9.166989923E-1,9.199916385E-3,-2.862875760E-1
4.772339258E1,1.052752614E0,1.759111434E-1,-2.608392239E-1
4.774355758E1,1.149972916E0,-2.443993837E-2,-2.973403931E-1
4.776372225E1,9.933145642E-1,-3.440789282E-1,-3.268017173E-1
4.778388725E1,5.672709346E-1,-5.175921917E-1,-3.070625663E-1
4.780405225E1,3.029648960E-1,-5.555344224E-1,-3.066922426E-1
4.782421725E1,4.559840262E-1,-5.236552954E-1,-3.995833099E-1
4.784438225E1,5.778403878E-1,-4.963364899E-1,-4.934406877E-1
4.786454625E1,3.689529002E-1,-4.071092606E-1,-3.737659752E-1
4.788471125E1,2.930387855E-1,-3.013921976E-1,-3.331879675E-1
4.790487625E1,-4.271194637E-1,-2.388574034E-1,-2.870471478E-1
4.792504125E1,-1.732178569E0,3.177112639E-1,-1.772908121E-2
4.794520625E1,-2.783955336E0,1.566848040E0,5.885059237E-1
4.796537125E1,-2.811017513E0,2.053071260E0,1.069864392E0
4.798553625E1,-2.014333010E0,4.564406872E-1,8.282068372E-1
4.800570125E1,-2.156216860E0,-1.017050266E0,2.247985303E-1
4.802586525E1,-2.851772070E0,-1.090070724E0,4.739322364E-1
4.804603025E1,-3.286545038E0,-1.578051895E-1,1.257959366E0
4.806619525E1,-2.509480953E0,-9.886938334E-2,1.294844747E0
4.808636025E1,-1.612071037E0,-4.929501414E-1,4.958199561E-1
4.810652525E1,-1.015996218E0,-5.348001719E-1,1.437168941E-2
4.812669025E1,-6.355178952E-1,-1.063804328E-1,1.880518645E-1
4.814685525E1,-5.086844042E-2,6.945476532E-1,8.742057085E-1
4.816701925E1,4.440929890E-1,7.615198493E-1,9.820498228E-1
4.818718425E1,7.435376048E-1,1.359173805E-1,7.251418233E-1
4.820734925E1,7.551075220E-1,-3.792996407E-1,8.344058990E-1
4.822751425E1,8.414168954E-1,-6.021922827E-1,1.283034444E0
4.824767925E1,9.859704375E-1,-7.794628739E-1,1.754484653E0
4.826784425E1,1.012094855E0,-8.832689524E-1,1.935320020E0
4.828800925E1,8.017115593E-1,-6.034133434E-1,1.851994514E0
4.830817425E1,1.053341985E0,-2.073893882E-2,1.586925745E0
4.832833825E1,1.645661950E0,-1.457415521E-1,1.284684777E0
4.834850325E1,1.655030012E0,-6.310001016E-1,8.261212111E-1
4.836866825E1,8.116441965E-1,-4.307597578E-1,3.872479498E-1
4.838883325E1,-7.205983251E-2,5.202599168E-1,3.476180136E-1
4.840899825E1,-8.064889312E-1,1.520415187E0,5.478088260E-1
4.842916325E1,-1.118370891E0,1.099328756E0,3.682797253E-1
4.844932825E1,-9.433872104E-1,-1.538546532E-1,-2.064753473E-1
4.846949325E1,-7.993606925E-1,-6.223964095E-1,-7.104411125E-1
4.848965725E1,-7.001113892E-1,-2.133648694E-1,-6.898974776E-1
4.850982225E1,5.459097773E-2,3.525126874E-1,-6.543926001E-1
4.852998725E1,5.856111646E-1,3.369007111E-1,-7.795758247E-1
4.855015225E1,5.840514898E-1,-2.489079982E-1,-9.588432908E-1
4.857031725E1,5.356274843E-1,-7.997040749E-1,-1.069841623E0
4.859048225E1,5.148982406E-1,-8.859355450E-1,-9.845797420E-1
4.861064725E1,4.766066968E-1,-6.303092241E-1,-7.526962757E-1
4.863081225E1,4.094879627E-1,-3.234567344E-1,-6.202469468E-1
4.865097725E1,4.543312490E-1,-1.362442225E-1,-6.628523469E-1
4.867114125E1,6.660816073E-1,-1.082165986E-1,-6.367906332E-1
4.869130625E1,7.891085148E-1,-1.723668575E-1,-5.614790320E-1
4.871147125E1,5.613798499E-1,-2.917377949E-1,-4.740878940E-1
4.873163625E1,3.131429553E-1,-2.877053916E-1,-3.272375762E-1
4.875180125E1,4.535897970E-1,-1.470871419E-1,-1.971205920E-1
4.877196663E1,8.881688714E-1,-7.386344671E-2,-2.917168438E-1
4.879213162E1,1.004502296E0,-7.339047641E-2,-3.643268645E-1
4.881229662E1,6.946451068E-1,1.531504393E-1,-1.200589761E-1
4.883246163E1,6.311338544E-1,5.263345838E-1,3.076869622E-2
4.885262563E1,7.569236755E-1,2.280531973E-1,1.311669946E-1
4.887279062E1,1.182433739E-1,-2.450202852E-1,4.207926095E-1
4.889295562E1,-6.124389172E-1,-2.637721598E-1,7.670407295E-1
4.891312063E1,-6.544982195E-1,1.436748505E-1,7.024384141E-1
4.893328563E1,-4.823978841E-1,3.806708157E-1,3.324294090E-1
4.895345063E1,-4.474215806E-1,3.247699142E-1,3.834737837E-1
4.897361563E1,-3.973188698E-1,2.061886191E-1,8.727282882E-1
4.899378062E1,-1.661389172E-1,-2.838651650E-3,6.649798155E-1
4.901394563E1,-2.983205318E-1,-2.749170065E-1,4.273817539E-1
4.903410963E1,-7.813114524E-1,-6.577120423E-1,5.925908685E-1
4.905427462E1,-1.102163911E0,-1.030615807E0,6.273788214E-1
4.907443962E1,-7.514390349E-1,-9.861724377E-1,2.746513784E-1
4.909460463E1,-1.573349833E-1,-6.370342970E-1,-1.142076254E-1
4.911476963E1,4.510286078E-2,-3.209642768E-1,-3.402598798E-1
4.913493463E1,9.359699488E-2,1.563345194E-1,-3.100993633E-1
4.915509963E1,3.603271544E-1,3.447603881E-1,-1.834067702E-1
4.917526462E1,4.882207215E-1,2.123313956E-2,-1.226557642E-1
4.919542963E1,6.528990865E-1,-2.853906453E-1,-1.307437420E-1
4.921559463E1,8.155702949E-1,-1.390056908E-1,7.429312170E-2
4.923575863E1,6.236310601E-1,2.547344863E-1,4.363642931E-1
4.925592362E1,3.567405045E-1,5.230028629E-1,6.682353616E-1
4.927608863E1,2.381559759E-1,3.338597715E-1,7.875603437E-1
4.929625363E1,5.520339608E-1,2.923419774E-1,8.534274697E-1
4.931641863E1,9.162008166E-1,6.140949726E-1,9.490369558E-1
4.933658363E1,1.419100523E0,6.418355107E-1,7.980551720E-1
4.935674862E1,1.634172201E0,-2.270221710E-1,3.775227368E-1
4.937691363E1,1.188432693E0,-5.262690187E-1,9.360509366E-2
4.939707863E1,6.766197085E-1,-1.875677258E-1,6.226570159E-2
4.941724363E1,-3.520812467E-2,9.824456275E-2,5.428330302E-1
4.943740762E1,-1.316294789E0,1.833627373E-1,1.098650694E0
4.945757263E1,-1.998114347E0,-4.909507036E-1,1.179982305E0
4.947773763E1,-1.883587599E0,-9.759639502E-1,8.547649384E-1
4.949790263E1,-1.636699200E0,-6.835335493E-1,2.783040404E-1
4.951806763E1,-1.399256468E0,-3.162947297E-2,7.428931445E-2
4.953823262E1,-1.132722020E0,4.368255734E-1,1.229356043E-2
4.955839763E1,-1.262806416E0,3.463961482E-1,-1.872259527E-1
4.957856263E1,-1.569526672E0,1.383216083E-1,-2.072117031E-1
4.959872763E1,-1.431585908E0,6.708130836E-1,-3.049106896E-1
4.961889263E1,-2.748978436E-1,1.570503235E0,-5.058373213E-1
4.963905762E1,1.111872435E0,1.853933692E0,-7.923943996E-1
4.965922163E1,2.205352068E0,9.606067538E-1,-8.440810442E-1
4.967938663E1,1.396316171E0,-2.607596219E-1,-1.387012005E0
4.969955163E1,-3.511143029E-1,3.199896216E-1,-1.402808547E0
4.971971662E1,-4.168199897E-1,1.168483973E0,-8.885272145E-1
4.973988163E1,4.437167346E-1,1.254662871E0,-4.496205151E-1
4.976004671E1,8.088693023E-1,-5.190141797E-1,-4.306116402E-1
4.978021171E1,-1.666818261E-1,-1.843091965E0,-2.085597962E-1
4.980037671E1,-1.080662370E0,-1.687976956E0,2.421439588E-1
4.982054171E1,-1.086523771E0,-9.545091391E-1,3.548843861E-1
4.984070671E1,-6.915948391E-1,-6.795284748E-1,5.710063875E-2
4.986087171E1,8.653993607E-1,-2.989831686E0,2.883723378E-2
4.988103671E1,7.701316476E-1,-2.167775869E0,1.281509757E0
4.990120071E1,4.807949960E-1,2.462729216E-1,1.517550945E0
4.992136571E1,7.988991141E-1,9.243288636E-1,1.646335483E0
4.994153071E1,5.537203550E-1,5.625523627E-2,1.656324267E0
4.996169571E1,-3.202959895E-1,-9.527583718E-1,1.968047142E0
4.998186071E1,-5.408668518E-1,-6.034982800E-1,2.234908342E0
5.000202571E1,6.239643693E-2,3.295972645E-1,1.915951490E0
5.002219071E1,2.498841882E-1,1.160197854E-1,1.255421519E0
5.004235571E1,2.542397678E-1,-1.597291380E-1,8.649308085E-1
5.006252071E1,6.196762323E-1,3.338141441E-1,8.021844625E-1
5.008268571E1,8.944599032E-1,7.228909731E-1,7.768448591E-1
5.010285071E1,4.986397624E-1,4.007324874E-1,7.991700768E-1
5.012301571E1,1.826150119E-1,1.840430051E-1,8.053070307E-1
5.014318071E1,4.245457351E-1,4.243038595E-1,8.520781398E-1
5.016334471E1,9.102072716E-1,7.152755260E-1,8.918209672E-1
5.018350971E1,8.829618692E-1,7.006078362E-1,1.097858310E0
5.020367471E1,4.627977610E-1,2.714340687E-1,1.343974352E0
5.022383971E1,3.197547495E-1,1.682845503E-1,1.215283513E0
5.024400471E1,6.648281217E-1,4.168645740E-1,1.010713458E0
5.026416971E1,9.859883785E-1,5.041612983E-1,1.123537660E0
5.028433471E1,5.464980006E-1,6.915783882E-1,1.688192368E0
5.030449971E1,3.658264875E-1,3.828180134E-1,2.011821508E0
5.032466471E1,5.136120319E-1,-1.156584695E-1,1.881001830E0
5.034482971E1,-6.027604267E-2,-4.657332897E-1,1.921479464E0
5.036499471E1,-1.125810862E0,3.628095984E-2,2.227786779E0
5.038515971E1,-1.149004102E0,8.149600029E-1,2.240121841E0
5.040532471E1,-1.220783889E-1,1.050017953E0,1.814195633E0
5.042548971E1,6.395555139E-1,7.419328094E-1,1.578251839E0
5.044565371E1,5.246789455E-1,4.844761193E-1,1.679246187E0
5.046581871E1,1.840933859E-1,4.827407300E-1,1.964008212E0
5.048598371E1,-2.807650529E-2,5.389341116E-1,2.172667980E0
5.050614871E1,2.167065293E-1,5.187323689E-1,2.179061651E0
5.052631371E1,6.500492692E-1,5.657085180E-1,2.073094845E0
5.054647871E1,8.392069936E-1,6.924553514E-1,2.134428024E0
5.056664371E1,5.858851075E-1,6.983396411E-1,2.298658371E0
5.058680871E1,1.563163102E-1,5.628561378E-1,2.397271156E0
5.060697371E1,2.265144140E-1,4.929177165E-1,2.336277485E0
5.062713871E1,5.500309467E-1,5.762472749E-1,2.183317423E0
5.064730371E1,6.796990633E-1,1.002618194E0,2.115208149E0
5.066746871E1,4.558244944E-1,1.341747165E0,2.052918911E0
5.068763371E1,-4.581600055E-2,1.346408486E0,2.213551283E0
5.070779871E1,-5.186902285E-1,1.025384665E0,2.333368063E0
5.072796371E1,-7.241435647E-1,6.493026614E-1,2.223377943E0
5.074812771E1,-4.280381799E-1,2.627033591E-1,1.852204561E0
5.076829300E1,-2.731879354E-1,8.647597581E-2,1.564164877E0
5.078845800E1,-3.587313890E-1,6.968043000E-2,1.649496436E0
5.080862300E1,-5.565199256E-1,1.019678041E-1,1.822409034E0
5.082878800E1,-6.077204347E-1,-7.078686357E-2,1.741091371E0
5.084895300E1,-4.768782556E-1,-4.429734647E-1,1.394155741E0
5.086911800E1,-6.013275385E-1,-3.479915559E-1,1.068242908E0
5.088928300E1,-8.208279610E-1,2.428630367E-2,9.579356909E-1
5.090944800E1,-6.910780668E-1,1.812587678E-1,9.571661353E-1
5.092961300E1,-1.448715925E-1,2.056206763E-1,8.719847798E-1
5.094977800E1,4.361166358E-1,1.818999201E-1,6.157944202E-1
5.096994300E1,7.380211949E-1,3.242668808E-1,4.168871045E-1
5.099010800E1,7.283607721E-1,4.953758121E-1,4.640781283E-1
5.101027300E1,5.502395034E-1,5.202477574E-1,6.123957634E-1
5.103043800E1,3.483157158E-1,3.352133930E-1,7.679290771E-1
5.105060300E1,2.319719195E-1,1.799786985E-1,8.071749210E-1
5.107076700E1,2.261109501E-1,2.339230664E-2,8.714088798E-1
5.109093200E1,3.862509131E-1,-1.159647107E-1,8.248149753E-1
5.111109700E1,4.094897509E-1,-1.318300068E-1,8.166403770E-1
5.113126200E1,2.996459007E-1,-5.681243166E-2,8.727287054E-1
5.115142700E1,9.149253368E-2,3.735739039E-3,9.563586116E-1
5.117159200E1,1.144686639E-1,2.070029527E-1,1.032695055E0
5.119175700E1,4.119233489E-1,5.961480141E-1,9.776131511E-1
5.121192200E1,4.439225495E-1,8.278005123E-1,9.748032093E-1
5.123208700E1,2.120107114E-1,7.991735935E-1,1.074914694E0
5.125225200E1,-6.363405287E-2,5.967932940E-1,1.193429828E0
5.127241700E1,-3.215021491E-1,3.254852891E-1,1.172999859E0
5.129258200E1,-4.049726129E-1,1.946036220E-1,1.017801404E0
5.131274700E1,-2.223829627E-1,1.835936308E-1,9.169777036E-1
5.133291200E1,-7.794260979E-2,3.193073869E-1,8.985313773E-1
5.135307700E1,-1.334548295E-1,4.224527776E-1,9.735064507E-1
5.137324200E1,-2.143017352E-1,4.208412766E-1,1.062252998E0
5.139340700E1,-2.845475376E-1,3.026385307E-1,1.005668163E0
5.141357200E1,-2.442558408E-1,7.070197910E-2,9.087870717E-1
5.143373600E1,-8.160353452E-2,-4.569271114E-3,7.590556741E-1
5.145390100E1,-5.372380465E-2,2.137104049E-2,7.182941437E-1
5.147406600E1,-1.637123376E-1,3.170183003E-1,7.397434711E-1
5.149423100E1,-7.719282508E-1,5.868842006E-1,9.281955957E-1
5.151439600E1,-1.228150964E0,3.740684092E-1,1.052112460E0
5.153456100E1,-6.654068828E-1,-3.790031970E-1,1.035666108E0
5.155472600E1,2.127010077E-1,-3.006763458E-1,6.864264011E-1
5.157489100E1,8.105242252E-1,-4.379502237E-1,2.444651276E-1
5.159505600E1,8.008701205E-1,-2.103829980E-1,2.250619531E-1
5.161522100E1,5.907298923E-1,2.227822542E-1,6.214914918E-1
5.163538600E1,3.038721383E-1,6.476036906E-1,1.165264010E0
5.165555100E1,3.022565041E-3,5.312585831E-1,1.461991549E0
5.167571600E1,-1.754375249E-1,2.841021419E-1,1.450745225E0
5.169588100E1,-1.053883731E-1,1.904005259E-1,1.297486424E0
5.171604600E1,1.062033772E-1,3.132445216E-1,1.214568615E0
5.173621100E1,1.827603430E-1,5.391237736E-1,1.234039664E0
5.175637600E1,3.327241400E-3,6.852743626E-1,1.264893651E0
5.177654108E1,-3.111392558E-1,5.704398751E-1,1.373145223E0
5.179670608E1,-5.024037957E-1,4.306853712E-1,1.355676532E0
5.181687108E1,-5.971962810E-1,5.396524072E-1,1.307291865E0
5.183703508E1,-5.769144297E-1,5.154575109E-1,1.336087227E0
5.185720008E1,-4.777942896E-1,2.996698618E-1,1.297176957E0
5.187736508E1,-4.000511765E-1,1.706928313E-1,1.224231601E0
5.189753008E1,-4.015505612E-1,1.507606655E-1,1.153441310E0
5.191769508E1,-4.330676496E-1,4.833136871E-2,1.040881157E0
5.193786008E1,-3.718306422E-1,-1.142948270E-1,8.337272406E-1
5.195802508E1,-2.933773398E-1,-2.063986808E-1,6.085833907E-1
5.197819008E1,-3.397951424E-1,-3.235383332E-1,5.284954906E-1
5.199835508E1,-3.634358943E-1,-2.870186567E-1,5.102108717E-1
5.201852008E1,-5.169376731E-1,-2.309016138E-1,4.018970430E-1
5.203868508E1,-5.171450973E-1,-3.272396326E-1,1.402154714E-1
5.205885008E1,-4.192101359E-1,-4.603798985E-1,-1.636171043E-1
5.207901508E1,-5.202422142E-1,-3.318949938E-1,-3.301929832E-1
5.209918008E1,-8.384420276E-1,-3.808945417E-2,-2.460397929E-1
5.211934508E1,-7.547464371E-1,4.309618473E-1,-1.543468833E-1
5.213951008E1,-1.143195108E-1,5.315765142E-1,-4.004124403E-1
5.215967508E1,6.899698973E-1,7.402864844E-2,-8.485627770E-1
5.217984008E1,1.175800920E0,-4.303601980E-1,-1.157228470E0
5.220000508E1,1.131359458E0,-6.157405376E-1,-1.136175156E0
5.222017008E1,9.228371978E-1,-5.672702789E-1,-9.487337470E-1
5.224033508E1,9.061369896E-1,-2.712146640E-1,-8.338446021E-1
5.226049908E1,9.840652347E-1,7.414123416E-2,-7.800649405E-1
5.228066408E1,1.042288423E0,1.917677522E-1,-6.765483618E-1
5.230082908E1,9.616006613E-1,9.912689775E-2,-5.193448663E-1
5.232099408E1,7.248225808E-1,-3.999717161E-2,-3.504594266E-1
5.234115908E1,5.848264694E-1,-1.273236424E-1,-2.196598649E-1
5.236132408E1,7.370219231E-1,-2.294466197E-1,-1.638086289E-1
5.238148908E1,1.022477508E0,-2.066574395E-1,-1.279945821E-1
5.240165408E1,1.310107470E0,-1.350676268E-1,-3.717356548E-2
5.242181908E1,1.418207407E0,-5.907484889E-2,1.327960342E-1
5.244198408E1,1.247570276E0,-3.857135773E-2,2.733776569E-1
5.246214908E1,8.959403038E-1,4.779740795E-2,3.556690216E-1
5.248231408E1,5.878513455E-1,1.211137697E-1,3.392504454E-1
5.250247908E1,4.586964846E-1,1.558362097E-1,3.074614406E-1
5.252264408E1,4.304457307E-1,2.050621212E-1,3.291219473E-1
5.254280908E1,3.192557395E-1,2.389842123E-1,3.701350391E-1
5.256297408E1,5.882029608E-2,1.973693520E-1,4.089941978E-1
5.258313908E1,-2.919607759E-1,3.990693763E-2,4.271140099E-1
5.260330408E1,-4.295133650E-1,-4.766418785E-2,3.850714266E-1
5.262346908E1,-2.861845791E-1,-5.400710739E-3,3.083291650E-1
5.264363408E1,-7.714405656E-2,1.270851195E-1,2.428836226E-1
5.266379908E1,-2.658408508E-2,2.807606757E-1,2.133405358E-1
5.268396408E1,-1.268461943E-1,3.858627975E-1,2.661154270E-1
5.270412908E1,-3.055586815E-1,3.585755229E-1,3.745617568E-1
5.272429408E1,-3.729816675E-1,1.761563867E-1,4.200019836E-1
5.274445908E1,-3.638564348E-1,-6.703913212E-2,3.854991794E-1
5.276462258E1,-5.291329622E-1,-1.574369371E-1,4.581487179E-1
5.278478758E1,-8.153774142E-1,8.330439031E-2,6.207205653E-1
5.280495258E1,-5.495030880E-1,1.252987087E-1,7.614281774E-1
5.282511758E1,-2.364025116E-1,-2.309008688E-1,8.990277052E-1
5.284528258E1,-7.187445164E-1,-3.605984449E-1,1.125376582E0
5.286544758E1,-1.704406261E0,1.704046503E-2,1.599263191E0
5.288561258E1,-3.128650427E0,8.685469031E-1,2.351519585E0
5.290577758E1,-3.549640894E0,6.288976669E-1,2.590470791E0
5.292594258E1,-2.661272764E0,2.902251109E-2,1.887982249E0
5.294610758E1,-1.509335518E0,-1.020818055E-1,7.770028710E-1
5.296627258E1,-9.742304087E-1,6.665217280E-1,2.060389817E-1
5.298643758E1,-8.105422258E-1,1.255758405E0,5.142373592E-2
5.300660258E1,-6.520273685E-1,1.073459387E0,6.610638648E-2
5.302676758E1,-4.364875853E-1,6.565523148E-1,6.549933553E-2
5.304693258E1,-4.063709080E-1,4.893214405E-1,-7.635383308E-2
5.306709758E1,-7.526206374E-1,3.711712956E-1,-2.460017800E-1
5.308726258E1,-8.455310464E-1,2.550235987E-1,-2.689232528E-1
5.310742758E1,-4.779307246E-1,2.434428781E-1,-2.731719017E-1
5.312759258E1,1.282605808E-2,1.000539884E-1,-4.538829327E-1
5.314775758E1,2.725977302E-1,-2.548199380E-3,-7.115195394E-1
5.316792258E1,4.046499133E-1,-1.275257319E-1,-9.588339329E-1
5.318808758E1,6.748996377E-1,-2.958521843E-1,-1.190631151E0
5.320825258E1,1.107470274E0,-4.877248108E-1,-1.402673721E0
5.322841758E1,1.674737692E0,-6.319029331E-1,-1.550284266E0
5.324858258E1,2.101377010E0,-9.865803719E-1,-1.633247375E0
5.326874758E1,2.159972906E0,-1.264166594E0,-1.578961253E0
5.328891258E1,1.882758141E0,-1.053998351E0,-1.298210502E0
5.330907758E1,1.462637186E0,-2.844188511E-1,-9.639385343E-1
5.332924258E1,9.527400136E-1,1.014694214E0,-4.585582912E-1
5.334940658E1,1.259178638E0,1.602735162E0,-1.236142516E-1
5.336957158E1,1.795040011E0,7.246234417E-1,-3.100984544E-2
5.338973658E1,1.876230955E0,-3.313396275E-1,-1.807043403E-1
5.340990158E1,1.051370740E0,-7.130097747E-1,-2.834231555E-1
5.343006658E1,-4.982496053E-2,-6.858330965E-1,-1.925760806E-1
5.345023158E1,-5.948802829E-1,-6.163531542E-1,4.644132406E-2
5.347039658E1,-2.578904033E-1,-3.949072957E-1,1.076805443E-1
5.349056158E1,5.357851982E-1,-3.027333915E-1,-2.802129462E-2
5.351072658E1,1.032506347E0,-2.861043215E-1,-1.636252105E-1
5.353089158E1,1.148649096E0,-2.350853980E-1,-2.351348549E-1
5.355105658E1,1.086750150E0,-2.231453359E-1,-2.438978851E-1
5.357122158E1,9.153879285E-1,-9.125179052E-2,-1.990963668E-1
5.359138658E1,7.180345654E-1,7.146850228E-2,-6.941466779E-2
5.361155158E1,6.199784875E-1,2.848560512E-1,8.055425435E-2
5.363171658E1,7.133409381E-1,4.868187606E-1,2.060668916E-1
5.365188158E1,6.953559518E-1,7.071679235E-1,4.039221406E-1
5.367204658E1,3.984024227E-1,7.190260887E-1,6.044927239E-1
5.369221158E1,2.057869360E-2,4.460088611E-1,8.017043471E-1
5.371237658E1,-1.722612381E-1,1.949048638E-1,8.905028701E-1
5.373254158E1,-1.085724235E-1,1.816020608E-1,8.143239021E-1
5.375270658E1,-3.265188932E-1,6.130918264E-1,8.853052258E-1
5.377287133E1,-1.234319687E0,9.173263311E-1,1.200790286E0
5.379303633E1,-2.403028488E0,7.360324860E-1,1.470820427E0
5.381320133E1,-3.131931305E0,4.694527090E-1,1.589979053E0
5.383336633E1,-3.793729782E0,4.779008925E-1,1.649824500E0
5.385353133E1,-3.745402575E0,5.489326715E-1,1.546273828E0
5.387369633E1,-2.784121275E0,7.418292165E-1,1.005044222E0
5.389386133E1,-1.865988493E0,8.880279660E-1,3.575069606E-1
5.391402633E1,-1.663458705E0,1.073872685E0,5.226888880E-2
5.393419133E1,-1.681790590E0,1.252007365E0,1.111008748E-1
5.395435633E1,-1.907843947E0,1.061715722E0,2.382353693E-2
5.397452133E1,-1.728600144E0,7.497677803E-1,-1.737884581E-1
5.399468633E1,-1.284158587E0,3.999898434E-1,-2.035295963E-1
5.401485133E1,-8.556034565E-1,-1.343971789E-1,6.588183343E-3
5.403501633E1,-6.440413594E-1,-6.290149689E-1,3.303583860E-1
5.405518033E1,-7.262247205E-1,-6.717461348E-1,4.041920304E-1
5.407534533E1,-5.263224840E-1,-4.919014275E-1,8.839429915E-2
5.409551033E1,1.535088103E-2,4.786566272E-2,-2.941671908E-1
5.411567533E1,5.400115252E-1,3.168368638E-1,-5.145577192E-1
5.413584033E1,8.274967670E-1,5.452649668E-2,-5.174719095E-1
5.415600533E1,8.232780695E-1,-3.789471686E-1,-5.165770650E-1
5.417617033E1,1.030805707E0,-5.344187021E-1,-7.598763704E-1
5.419633533E1,1.688129306E0,-5.848876834E-1,-9.610522985E-1
5.421650033E1,2.216643810E0,-7.023967505E-1,-9.985432029E-1
5.423666533E1,2.409693956E0,-7.502571940E-1,-9.352163672E-1
5.425683033E1,2.631375790E0,-7.796506286E-1,-8.054476976E-1
5.427699533E1,2.963975668E0,-1.010379791E0,-7.733824849E-1
5.429716033E1,3.249413729E0,-1.125364900E0,-8.654035330E-1
5.431732533E1,3.386958361E0,-1.029550314E0,-8.830050230E-1
5.433749033E1,3.173114777E0,-7.797583938E-1,-6.636189222E-1
5.435765533E1,2.643304825E0,-5.652866960E-1,-2.309989035E-1
5.437782033E1,2.154944897E0,-5.895599127E-1,-1.253833175E-1
5.439798533E1,2.091141939E0,-9.200613499E-1,-4.671637714E-1
5.441815033E1,2.005729198E0,-8.745671511E-1,-6.803028584E-1
5.443831533E1,1.587937355E0,-4.572812617E-1,-6.565089822E-1
5.445848033E1,9.392530322E-1,-1.415251642E-1,-4.088862538E-1
5.447864533E1,2.025099546E-1,-1.789307296E-1,-1.594393253E-1
5.449881033E1,-3.580443561E-1,-5.164297819E-1,-1.587254703E-1
5.451897533E1,-5.740690827E-1,-7.235149145E-1,-2.554534078E-1
5.453914033E1,-6.141334176E-1,-6.755522490E-1,-2.803249955E-1
5.455930533E1,-6.108641624E-1,-3.798331320E-1,-1.559272259E-1
5.457947033E1,-6.819526553E-1,1.158284303E-2,4.988432676E-2
5.459963533E1,-8.308447003E-1,2.097148746E-1,1.681966931E-1
5.461980033E1,-8.357694149E-1,2.032727748E-1,1.020048186E-1
5.463996533E1,-6.185825467E-1,1.755823940E-1,-2.897223830E-2
5.466012933E1,-2.668007612E-1,3.628563881E-1,-6.052024662E-2
5.468029433E1,-8.504712582E-2,7.163124084E-1,1.868098527E-1
5.470045933E1,-2.475969791E-1,1.120969534E0,5.965198874E-1
5.472062433E1,-6.001617312E-1,1.316413641E0,8.851572871E-1
5.474078933E1,-7.917405963E-1,1.384139419E0,1.005111575E0
5.476095433E1,-6.567718983E-1,1.141593575E0,1.029270172E0
5.478111946E1,-2.991288006E-1,8.472272158E-1,1.063157678E0
5.480128446E1,-3.095182478E-1,4.896956682E-1,1.046203256E0
5.482144946E1,-8.474019766E-1,2.709185779E-1,1.044357419E0
5.484161446E1,-1.456706524E0,2.562197149E-1,9.685040116E-1
5.486177946E1,-2.022952318E0,4.563118517E-1,1.039806128E0
5.488194446E1,-2.663631916E0,6.283411980E-1,1.240788102E0
5.490210946E1,-2.996166229E0,8.401237726E-1,1.271893263E0
5.492227446E1,-2.818364620E0,7.219777107E-1,9.135671258E-1
5.494243946E1,-2.601678371E0,5.668883324E-1,5.359069109E-1
5.496260446E1,-2.672821045E0,5.610947609E-1,3.524560034E-1
5.498276946E1,-2.639241934E0,7.056622952E-2,2.352358401E-1
5.500293446E1,-1.500879169E0,-3.524749875E-1,1.350378990E-1
5.502309946E1,-2.530208528E-1,-6.005011797E-1,-5.186094344E-2
5.504326446E1,4.527003169E-1,-4.823076427E-1,6.705738604E-2
5.506342946E1,7.049728036E-1,-9.181145579E-2,3.950584531E-1
5.508359446E1,8.307949305E-1,2.445766479E-1,5.445649028E-1
5.510375946E1,1.107385516E0,3.448851109E-1,3.065869212E-1
5.512392446E1,1.245941639E0,5.722063780E-2,-7.263060659E-2
5.514408946E1,1.168092847E0,-2.514525652E-1,-2.764227092E-1
5.516425446E1,9.489129782E-1,-5.783070326E-1,-3.646817207E-1
5.518441946E1,9.872349501E-1,-6.010641456E-1,-5.690635443E-1
5.520458446E1,1.351579547E0,-2.656517923E-1,-9.294732213E-1
5.522474946E1,1.554378390E0,2.204875052E-1,-1.239910722E0
5.524491446E1,1.428212166E0,7.195382714E-1,-1.349035382E0
5.526507946E1,1.413308263E0,6.818994880E-1,-1.256790996E0
5.528524446E1,1.474234223E0,4.598468840E-1,-1.018101215E0
5.530540946E1,9.736139774E-1,4.003682435E-1,-7.800685763E-1
5.532557346E1,5.516402423E-3,5.158696771E-1,-4.572445750E-1
5.534573846E1,-3.355420530E-1,3.560958803E-1,-2.151984423E-1
5.536590346E1,1.864324361E-1,-9.779207408E-2,-1.843592227E-1
5.538606846E1,7.135902643E-1,-6.469292045E-1,-4.549252093E-1
5.540623346E1,7.836220264E-1,-7.891561985E-1,-5.684406161E-1
5.542639846E1,6.771204472E-1,-5.870219469E-1,-5.154857039E-1
5.544656346E1,5.573734045E-1,-3.201352656E-1,-3.449896276E-1
5.546672846E1,4.886129498E-1,-2.760709524E-1,-8.960439265E-2
5.548689346E1,3.636949062E-1,-3.089174628E-1,1.173882335E-1
5.550705846E1,2.031720877E-1,-4.521365762E-1,1.913910210E-1
5.552722346E1,9.513314068E-2,-5.228281617E-1,2.016213238E-1
5.554738846E1,1.623080075E-1,-3.840966523E-1,2.202427387E-1
5.556755346E1,2.269903868E-1,-2.496951222E-1,3.124078512E-1
5.558771846E1,2.496367842E-1,-2.747412324E-1,4.214470983E-1
5.560788346E1,3.157508969E-1,-2.859621942E-1,5.373826027E-1
5.562804846E1,4.613101482E-1,-7.385247201E-2,5.770469308E-1
5.564821346E1,4.451249242E-1,1.921414435E-1,5.689227581E-1
5.566837846E1,4.041618481E-2,2.637031674E-1,6.347672343E-1
5.568854346E1,-1.436360627E-1,8.584335446E-2,6.275723577E-1
5.570870846E1,-4.719654098E-2,-6.959624588E-2,6.110121012E-1
5.572887346E1,-5.483188033E-1,3.056524992E-1,6.737757921E-1
5.574903846E1,-1.643047333E0,9.069605470E-1,1.046854258E0
5.576920371E1,-2.571858406E0,1.214392304E0,1.446371913E0
5.578936871E1,-2.883849859E0,1.000277996E0,1.566140771E0
5.580953371E1,-3.478463650E0,8.694573641E-1,1.623645425E0
5.582969871E1,-3.825259209E0,4.257190526E-1,1.326282978E0
5.584986371E1,-3.347863674E0,-1.394400001E-1,8.761069179E-1
5.587002871E1,-2.655601501E0,-3.959002495E-1,3.500492573E-1
5.589019371E1,-2.036731005E0,-7.294699550E-1,-5.032929406E-2
5.591035871E1,-1.141396523E0,-4.685825109E-1,-9.309074283E-2
5.593052371E1,-5.644710064E-1,5.900189653E-2,-6.537213176E-2
5.595068871E1,-3.199143112E-1,5.655125976E-1,-1.740398854E-1
5.597085371E1,-2.284728289E-1,9.206606150E-1,-4.778357744E-1
5.599101871E1,4.882467166E-2,8.009052277E-1,-7.454690337E-1
5.601118371E1,4.363238215E-1,5.489954352E-1,-8.853877783E-1
5.603134871E1,7.243542671E-1,5.182420015E-1,-9.098074436E-1
5.605151271E1,9.778057337E-1,5.878843069E-1,-9.601486325E-1
5.607167771E1,1.161514282E0,4.478134215E-1,-1.027683377E0
5.609184271E1,1.319835424E0,-5.027909949E-2,-1.131216764E0
5.611200771E1,1.459228992E0,-4.266243875E-1,-1.213547349E0
5.613217271E1,1.666998863E0,-5.368297100E-1,-1.138939738E0
5.615233771E1,1.914127111E0,-5.996499658E-1,-1.087648749E0
5.617250271E1,2.221497059E0,-8.900429606E-1,-1.166008711E0
5.619266771E1,2.399365664E0,-1.152357936E0,-1.029963255E0
5.621283271E1,2.166775465E0,-9.271847606E-1,-7.787568569E-1
5.623299771E1,1.425679326E0,3.006174564E-1,-3.179542422E-1
5.625316271E1,1.258539200E0,1.238920093E0,3.385952860E-2
5.627332771E1,1.719344139E0,1.074517012E0,7.377444766E-3
5.629349271E1,2.091114044E0,7.212726027E-2,-3.243059218E-1
5.631365771E1,1.866023540E0,-3.816601336E-1,-5.302696228E-1
5.633382271E1,1.166497350E0,-1.226269677E-1,-3.536266685E-1
5.635398771E1,6.562565565E-1,3.101261146E-2,2.993874624E-2
5.637415271E1,7.132829428E-1,-1.635544449E-1,2.706739008E-1
5.639431771E1,9.399774671E-1,-4.707629681E-1,2.710915208E-1
5.641448271E1,8.872616887E-1,-5.644512177E-1,1.809115857E-1
5.643464771E1,6.494066715E-1,-3.330809772E-1,1.608469635E-1
5.645481271E1,3.832046390E-1,2.163515426E-3,3.234246671E-1
5.647497771E1,1.788004190E-1,2.193027139E-1,5.024443269E-1
5.649514271E1,8.412660658E-2,3.453293741E-1,6.517008543E-1
5.651530771E1,8.331829309E-2,5.217418671E-1,8.402798176E-1
5.653547271E1,4.197230563E-2,6.197653413E-1,9.543666244E-1
5.655563771E1,-6.404140592E-2,8.645584583E-1,1.036050797E0
5.657580271E1,-1.517556608E-1,1.147035837E0,1.236298084E0
5.659596771E1,7.871555537E-2,9.726616740E-1,1.269471645E0
5.661613271E1,3.824388683E-1,5.826328993E-1,1.215317011E0
5.663629771E1,1.641562209E-2,2.902174294E-1,1.143430471E0
5.665646271E1,-1.152800083E0,1.566219479E-1,1.261534929E0
5.667662771E1,-2.294572353E0,1.029871330E-1,1.598578930E0
5.669679271E1,-2.903296232E0,-5.250956491E-2,1.830578208E0
5.671695771E1,-2.970099926E0,3.949550539E-2,1.764547110E0
5.673712271E1,-3.500220537E0,3.927796483E-1,1.412771463E0
5.675728771E1,-3.986680746E0,1.016003609E0,1.359321713E0
5.677745208E1,-3.324151278E0,1.410857558E0,1.414366961E0
5.679761708E1,-2.145091295E0,8.401895761E-1,1.060460091E0
5.681778208E1,-1.381179214E0,1.261314303E-1,4.285837412E-1
5.683794708E1,-1.170547128E0,-2.078421116E-1,3.254511952E-2
5.685811208E1,-1.090163946E0,-3.498660624E-1,1.728204042E-1
5.687827708E1,-7.046208382E-1,-4.843104258E-2,6.139659286E-1
5.689844208E1,-1.282590777E-1,-3.580491617E-2,6.953117847E-1
5.691860708E1,3.506259322E-1,-1.128203049E-1,5.351925492E-1
5.693877208E1,6.324198842E-1,-1.807352528E-2,1.577499509E-1
5.695893708E1,6.823030114E-1,-7.521776855E-2,-6.951376796E-3
5.697910208E1,8.070046902E-1,-3.035666049E-1,1.411010623E-1
5.699926708E1,1.094920158E0,-4.682073891E-1,1.281249672E-1
5.701943208E1,1.579420686E0,-5.630209446E-1,-9.811154753E-2
5.703959708E1,1.908487678E0,-3.396753371E-1,-1.651960164E-1
5.705976208E1,2.090878248E0,-8.496049047E-2,-9.065225720E-2
5.707992708E1,1.993638873E0,-3.154364526E-1,1.143705286E-2
5.710009208E1,1.624025822E0,-7.176681161E-1,1.396201104E-1
5.712025708E1,1.227397203E0,-7.212426066E-1,2.052620500E-1
5.714042208E1,1.227457047E0,-4.503940940E-1,1.784069687E-1
5.716058708E1,1.326943517E0,-1.533300579E-1,1.694060117E-1
5.718075208E1,1.284716249E0,1.291779131E-1,1.875108778E-1
5.720091708E1,1.297059894E0,-1.142590716E-1,1.497797966E-1
5.722108208E1,1.326694965E0,-5.530433059E-1,7.677551359E-2
5.724124708E1,1.204403281E0,-9.222210050E-1,3.268800303E-2
5.726141208E1,1.017343640E0,-9.006603956E-1,8.178853989E-2
5.728157708E1,7.707707286E-1,-4.619969726E-1,2.436767966E-1
5.730174208E1,5.231317878E-1,-8.252156526E-2,4.759509563E-1
5.732190708E1,4.544757009E-1,4.939968884E-2,6.199600697E-1
5.734207208E1,5.077209473E-1,7.614206523E-2,5.997346044E-1
5.736223708E1,5.974833369E-1,1.453987360E-1,4.561125934E-1
5.738240208E1,7.072054148E-1,3.904772103E-1,2.999497652E-1
5.740256708E1,7.437282205E-1,6.886389852E-1,2.045655698E-1
5.742273208E1,7.236494422E-1,8.933330774E-1,2.791058719E-1
5.744289708E1,6.504908800E-1,9.360509515E-1,4.767317176E-1
5.746306208E1,5.456072688E-1,9.344360828E-1,5.985836983E-1
5.748322708E1,3.881392181E-1,9.811543226E-1,6.398894191E-1
5.750339208E1,1.575812548E-1,9.217867255E-1,7.087598443E-1
5.752355708E1,-1.032684594E-1,8.664928675E-1,8.533199430E-1
5.754372208E1,-3.153619468E-1,8.921512961E-1,1.077995062E0
5.756388708E1,-3.842644691E-1,1.008719206E0,1.285239100E0
5.758405208E1,-9.695860744E-2,9.230177999E-1,1.178615808E0
5.760421708E1,-1.943445182E-3,4.773249626E-1,9.247778058E-1
5.762438208E1,-4.014435112E-1,1.289412826E-1,8.928145766E-1
5.764454708E1,-1.015933514E0,1.938226521E-1,1.228761077E0
5.766471208E1,-1.994233727E0,8.655537367E-1,2.026693344E0
5.768487708E1,-3.475738525E0,1.879325986E0,3.317049742E0
5.770504308E1,-4.304506779E0,1.410961747E0,3.916443825E0
5.772520708E1,-4.027597427E0,-7.520505786E-2,3.443452120E0
5.774537208E1,-3.408118486E0,-1.236890435E0,2.207203150E0
5.776553808E1,-3.008074760E0,-1.256963849E0,1.445886374E0
5.778570363E1,-2.581222773E0,-5.588696003E-1,1.351870894E0
5.780586863E1,-2.183305264E0,7.242807001E-2,1.473709702E0
5.782603362E1,-1.148572326E0,2.859479487E-1,1.689974070E0
5.784619863E1,-1.918842047E-1,2.540674210E-1,1.629530668E0
5.786636363E1,5.588753819E-1,6.221417785E-1,1.371720672E0
5.788652863E1,7.866945267E-1,8.924185038E-1,1.017109156E0
5.790669363E1,6.822485328E-1,4.640495777E-1,9.154350758E-1
5.792685862E1,5.537300110E-1,-2.034951150E-1,9.880348444E-1
5.794702363E1,5.196677446E-1,-5.816006660E-1,1.067977548E0
5.796718863E1,6.219124198E-1,-5.851440430E-1,1.096777558E0
5.798735363E1,9.938043952E-1,-2.432893515E-1,9.863531590E-1
5.800751863E1,1.511960149E0,-1.784663498E-1,6.510002613E-1
5.802768362E1,1.902389050E0,-5.577784181E-1,1.569756269E-1
5.804784863E1,1.454918385E0,-2.846412957E-1,2.255756855E-1
5.806801363E1,5.836398602E-1,3.029922843E-1,8.905740380E-1
5.808817863E1,7.505364418E-1,2.629251480E-1,1.227067232E0
5.810834363E1,1.477322340E0,-3.147771060E-1,9.137611389E-1
5.812850862E1,1.611141443E0,-8.076816201E-1,2.968602180E-1
5.814867362E1,1.234246135E0,-8.538420796E-1,-5.511651933E-2
5.816883863E1,9.041523337E-1,-6.147469282E-1,-1.187626049E-1
5.818900363E1,7.838065028E-1,-4.668607116E-1,-1.192743182E-1
5.820916863E1,7.438279986E-1,-5.310944915E-1,-2.131504864E-1
5.822933363E1,7.479590178E-1,-6.012935042E-1,-3.439605832E-1
5.824949862E1,7.819284201E-1,-5.489549637E-1,-4.034342170E-1
5.826966363E1,8.461986780E-1,-3.531177640E-1,-3.184068203E-1
5.828982863E1,8.447729945E-1,-1.847714372E-2,-6.668473780E-2
5.830999363E1,7.701862454E-1,2.630382776E-1,1.323016137E-1
5.833015863E1,7.451246381E-1,5.045837760E-1,1.740214676E-1
5.835032362E1,8.039070368E-1,6.746160984E-1,2.621799707E-1
5.837048863E1,7.237753272E-1,8.177505136E-1,4.447617829E-1
5.839065363E1,4.716414213E-1,9.563080668E-1,7.158000469E-1
5.841081863E1,1.056687459E-1,9.880822301E-1,9.801832438E-1
5.843098363E1,-1.697724909E-1,8.690516353E-1,1.135457516E0
5.845114862E1,-3.144866228E-1,7.503982186E-1,1.240884781E0
5.847131363E1,-4.774816334E-1,7.177996635E-1,1.362187028E0
5.849147863E1,-7.081456184E-1,7.980788350E-1,1.508027911E0
5.851164363E1,-8.714582324E-1,8.526690602E-1,1.614818692E0
5.853180863E1,-9.751780033E-1,6.373596787E-1,1.596059442E0
5.855197362E1,-7.495542169E-1,6.898393631E-1,1.571202397E0
5.857213862E1,-5.963538289E-1,6.897155643E-1,1.438894749E0
5.859230363E1,-8.316739202E-1,9.835036993E-1,1.315405846E0
5.861246863E1,-1.535080552E0,1.387877345E0,1.525424361E0
5.863263363E1,-1.796312451E0,1.163812757E0,1.580968142E0
5.865279863E1,-1.248214960E0,3.525874317E-1,1.244021297E0
5.867296362E1,-4.829242826E-1,-1.466087252E-1,7.011976242E-1
5.869312863E1,-8.575018495E-2,7.087588310E-2,5.912510753E-1
5.871329363E1,8.491773903E-2,3.779302835E-1,8.856106997E-1
5.873345863E1,1.323739737E-1,2.536554039E-1,1.241053700E0
5.875362363E1,1.558675170E-1,-1.779543459E-1,1.366089702E0
5.877378963E1,1.790049523E-1,-3.667836189E-1,1.450394392E0
5.879395462E1,4.070022404E-1,-3.112169802E-1,1.469783425E0
5.881411962E1,6.623626947E-1,-6.208942831E-2,1.464183092E0
5.883428463E1,7.277295589E-1,1.564594358E-1,1.478569031E0
5.885444963E1,6.112029552E-1,6.893608719E-2,1.518919110E0
5.887461463E1,4.135550857E-1,-1.293997467E-1,1.561523080E0
5.889477962E1,1.398996860E-1,-6.221532822E-2,1.673469663E0
5.891494462E1,-1.487466991E-1,2.333557010E-1,1.845751643E0
5.893510963E1,-3.207173944E-1,4.319436252E-1,1.982980371E0
5.895527463E1,-4.039961696E-1,5.281020999E-1,1.976334929E0
5.897543963E1,-5.422385931E-1,5.295634866E-1,1.879253387E0
5.899560463E1,-8.053195477E-1,4.806972146E-1,1.794635057E0
5.901576962E1,-1.082364798E0,5.113168955E-1,1.751184106E0
5.903593463E1,-1.180383801E0,5.388594866E-1,1.594063401E0
5.905609963E1,-1.451004863E0,2.686055303E-1,1.260727286E0
5.907626463E1,-1.190032601E0,2.668111324E-1,1.142669678E0
5.909642963E1,-7.906833887E-1,3.577137589E-1,1.163181186E0
5.911659462E1,-7.859576941E-1,1.148217320E-1,1.117128134E0
5.913675963E1,-6.752671003E-1,-2.057266086E-1,1.050626040E0
5.915692463E1,-1.640299112E-1,-1.196835265E-1,9.579811692E-1
5.917708963E1,2.002410032E-2,-8.794859052E-2,7.152885199E-1
5.919725463E1,9.471919388E-2,-4.726522788E-2,5.491606593E-1
5.921741962E1,3.566176593E-1,-2.277689520E-3,5.528874397E-1
5.923758462E1,6.375268698E-1,-1.018175706E-1,4.896339774E-1
5.925774963E1,7.692489624E-1,-3.349666595E-1,2.584942281E-1
5.927791463E1,8.625424504E-1,-2.519651651E-1,1.062308252E-1
5.929807963E1,9.288734198E-1,-4.792587087E-2,1.363189965E-1
5.931824462E1,9.636753798E-1,-4.927910864E-2,2.898721695E-1
5.933840962E1,9.220569134E-1,-1.670380384E-1,3.660802543E-1
5.935857463E1,8.332729340E-1,-4.624058306E-1,3.354891539E-1
5.937873963E1,8.747352362E-1,-6.834768057E-1,2.581329644E-1
5.939890463E1,1.057754517E0,-5.824413896E-1,2.059270591E-1
5.941906963E1,1.141848087E0,-3.164367676E-1,1.731109172E-1
5.943923563E1,9.975682497E-1,-7.453584671E-2,2.338115871E-1
5.945940062E1,7.554568648E-1,2.012063935E-2,3.608417213E-1
5.947956563E1,3.833208084E-1,1.241795421E-1,5.440387726E-1
5.949973063E1,3.788328916E-2,1.100764424E-1,7.173725963E-1
5.951989563E1,-4.370050132E-2,2.051823735E-1,7.972936630E-1
5.954006063E1,4.858337343E-2,4.113548994E-1,7.950100303E-1
5.956022562E1,-2.341723768E-3,6.789412498E-1,8.047434092E-1
5.958039062E1,-2.156821340E-1,7.328523993E-1,8.751164079E-1
5.960055563E1,-3.057326376E-1,6.846770644E-1,9.886199236E-1
5.962072063E1,-2.113649547E-1,6.199019551E-1,1.058545232E0
5.964088563E1,-9.508784115E-2,6.099636555E-1,1.035045981E0
5.966105062E1,-1.923094690E-2,4.491457343E-1,1.038573623E0
5.968121562E1,2.053084783E-2,4.200264812E-1,1.086722493E0
5.970138063E1,-1.818323880E-1,4.914146364E-1,1.120306849E0
5.972154563E1,-6.666511297E-1,7.222703695E-1,1.240657449E0
5.974171063E1,-1.131096721E0,7.485160828E-1,1.332089186E0
5.976187563E1,-9.446241856E-1,5.231235623E-1,1.166900992E0
5.978204108E1,-2.791844606E-1,1.437521279E-1,6.667048931E-1
5.980220608E1,1.463281214E-1,5.327078048E-3,1.931191236E-1
5.982237108E1,2.592944503E-1,1.400306076E-1,9.078617394E-2
5.984253608E1,2.438416630E-1,3.578019142E-1,2.826090455E-1
5.986270108E1,1.175908819E-1,3.882112205E-1,4.419073761E-1
5.988286708E1,-1.906386577E-2,2.630786896E-1,5.270984173E-1
5.990303208E1,-1.522889435E-1,4.235761985E-2,5.890490413E-1
5.992319708E1,-1.647073627E-1,-7.208748907E-2,6.527457237E-1
5.994336208E1,-8.633156866E-2,-4.779748619E-2,6.726450324E-1
5.996352708E1,-1.020593494E-1,2.807224914E-2,6.541616917E-1
5.998369208E1,-1.508400887E-1,-1.742178388E-2,6.316288710E-1
6.000385708E1,-1.622857004E-1,-5.888858810E-2,6.082440615E-1
6.002402208E1,-1.589729041E-1,-3.239132091E-2,5.913412571E-1
6.004418708E1,-1.415382177E-1,3.472141689E-3,5.552352071E-1
6.006435208E1,-1.190632805E-1,-1.165684313E-3,4.893732369E-1
6.008451708E1,-1.714485288E-1,-1.819188334E-2,3.967203498E-1
6.010468208E1,-2.323939800E-1,-1.230527647E-2,3.048710227E-1
6.012484708E1,-2.118526250E-1,3.231087700E-2,2.627149820E-1
6.014501208E1,-1.290572435E-1,1.014810354E-1,2.241130024E-1
6.016517708E1,-8.119201660E-2,7.460794598E-2,1.291970015E-1
6.018534208E1,-7.020754367E-2,-6.130650640E-2,1.172761023E-1
6.020550708E1,-1.639259756E-1,-1.226910725E-1,1.794944257E-1
6.022567308E1,-3.642421961E-1,-1.054514721E-1,2.781669497E-1
6.024583808E1,-5.914848447E-1,-8.766911179E-2,3.943434656E-1
6.026600308E1,-6.494407654E-1,-1.786544770E-1,4.299308956E-1
6.028616808E1,-5.042864084E-1,-2.904643118E-1,3.584999442E-1
6.030633308E1,-2.966417372E-1,-3.586049080E-1,2.132449746E-1
6.032649808E1,-1.653479487E-1,-4.160395563E-1,6.131168082E-2
6.034666308E1,-1.444829106E-1,-5.185261965E-1,-8.931390941E-2
6.036682808E1,-1.700882763E-1,-4.583770931E-1,-1.723558307E-1
6.038699308E1,-2.199023664E-1,-2.829792798E-1,-2.439116985E-1
6.040715808E1,-1.395927519E-1,-1.141490862E-1,-4.233179092E-1
6.042732308E1,2.962754108E-2,-2.362207472E-1,-5.406167507E-1
6.044748808E1,-2.888805568E-1,7.719393075E-2,-3.058533967E-1
6.046765308E1,-9.295315742E-1,8.998658657E-1,-2.255351469E-2
6.048781808E1,-1.419596076E0,1.414117575E0,-1.191694587E-1
6.050798308E1,-7.615141273E-1,1.391329646E0,-4.483225942E-1
6.052814808E1,9.690780640E-1,9.183427691E-2,-8.503550291E-1
6.054831408E1,1.755512476E0,-7.652638555E-1,-1.188041687E0
6.056847908E1,1.560071230E0,-8.992712498E-1,-1.284391522E0
6.058864408E1,1.452543616E0,-7.788462639E-1,-9.596265554E-1
6.060880908E1,1.549666166E0,-8.085748553E-1,-6.073133945E-1
6.062897408E1,1.643853545E0,-9.954197407E-1,-5.531598330E-1
6.064913908E1,1.786703348E0,-9.692834616E-1,-6.658198833E-1
6.066930408E1,1.977982640E0,-7.111007571E-1,-7.443579435E-1
6.068946908E1,2.115470648E0,-3.417582214E-1,-7.079452872E-1
6.070963408E1,2.116055727E0,-1.125786230E-1,-4.964523017E-1
6.072979908E1,1.918634653E0,-6.309277564E-2,-2.298455238E-1
6.074996408E1,1.604155302E0,-8.308146149E-3,-9.202441573E-2
6.077012788E1,1.306084871E0,1.127968132E-1,-2.080274187E-2
6.079029287E1,1.159852386E0,2.394128144E-1,6.785732694E-3
6.081045788E1,1.161640406E0,3.274112642E-1,6.544163823E-2
6.083062387E1,1.204618335E0,3.529704213E-1,1.661011577E-1
6.085078888E1,1.121270180E0,3.110723495E-1,2.607775033E-1
6.087095388E1,9.097189307E-1,2.303666472E-1,3.184942007E-1
6.089111888E1,6.223139763E-1,1.320126951E-1,3.194325268E-1
6.091128388E1,3.733027279E-1,6.508190930E-2,3.313907683E-1
6.093144887E1,1.730410904E-1,1.757165045E-1,3.647736609E-1
6.095161388E1,1.063180640E-1,3.657304943E-1,3.449817598E-1
6.097177888E1,6.503274292E-2,5.806903839E-1,2.281381488E-1
6.099194388E1,-4.771802723E-1,7.497375011E-1,1.512972713E-1
6.101210888E1,-1.350936413E0,8.679573536E-1,3.557043672E-1
6.103227387E1,-2.554445505E0,6.437256932E-1,8.364289403E-1
6.105243888E1,-4.129358768E0,7.287660241E-1,1.456310034E0
6.107260388E1,-4.779476166E0,9.915910363E-1,1.718646049E0
6.109276888E1,-4.282397747E0,1.339283109E0,1.521018863E0
6.111293488E1,-3.717020750E0,1.370682955E0,9.722608924E-1
6.113309988E1,-3.742212534E0,1.632162094E0,5.337476730E-1
6.115326487E1,-4.030543804E0,1.846993566E0,2.523791790E-1
6.117342987E1,-3.995123625E0,1.673750043E0,8.783051372E-2
6.119359488E1,-3.321327925E0,1.237136126E0,2.227382362E-1
6.121375988E1,-2.953102350E0,4.486286044E-1,1.782539040E-1
6.123392488E1,-1.812917471E0,-1.745501608E-1,4.894114733E-1
6.125408988E1,-8.379403353E-1,-7.984799892E-2,8.303890824E-1
6.127425487E1,-7.221041918E-1,7.573743910E-2,9.882540107E-1
6.129441988E1,-7.340136766E-1,3.296839818E-2,8.127591610E-1
6.131458488E1,-6.186431646E-1,-2.127843536E-2,3.808677197E-1
6.133474988E1,-4.014401734E-1,1.770001836E-2,-6.685286760E-3
6.135491488E1,5.273621529E-2,1.834130660E-2,-2.247835100E-1
6.137508088E1,5.531300902E-1,2.468639426E-2,-4.651972353E-1
6.139524587E1,8.500105739E-1,3.001825511E-2,-8.050004840E-1
6.141541087E1,9.147037268E-1,-5.118024722E-2,-1.212673545E0
6.143557588E1,1.176388621E0,-2.243450582E-1,-1.503884554E0
6.145574088E1,1.696269631E0,-5.037889481E-1,-1.693131447E0
6.147590588E1,2.131938934E0,-5.557511449E-1,-1.739729643E0
6.149607088E1,2.587078333E0,-3.326752484E-1,-1.638800502E0
6.151623587E1,3.244646788E0,-2.932479978E-1,-1.585795760E0
6.153640088E1,3.024206877E0,-7.157717943E-1,-1.551286459E0
6.155656588E1,2.419985056E0,-9.996219277E-1,-1.372512817E0
6.157673088E1,1.962176561E0,-9.737526178E-1,-1.057914257E0
6.159689588E1,1.653510332E0,-3.753687441E-2,-5.674250722E-1
6.161706087E1,1.470230579E0,4.689018428E-1,-3.716043532E-1
6.163722687E1,1.661774755E0,-6.027758121E-1,-4.697406590E-1
6.165739187E1,1.667925596E0,-1.898358107E0,-5.902096629E-1
6.167755688E1,1.357776046E0,-2.184370518E0,-6.140872240E-1
6.169772188E1,9.787892699E-1,-1.638399601E0,-5.334885120E-1
6.171788688E1,6.620798111E-1,-9.267439246E-1,-3.371509910E-1
6.173805187E1,5.513399839E-1,-4.941365719E-1,-1.551633179E-1
6.175821687E1,6.845336556E-1,-3.930076063E-1,-1.215306297E-1
6.177838208E1,9.250052571E-1,-3.431536853E-1,-2.714571059E-1
6.179854708E1,1.038925052E0,-2.204455435E-1,-4.276979864E-1
6.181871208E1,9.083909392E-1,1.312955841E-2,-4.232517779E-1
6.183887708E1,5.739707351E-1,2.696503997E-1,-1.537410021E-1
6.185904208E1,2.638284862E-1,4.093942344E-1,1.912332922E-1
6.187920708E1,1.414199322E-1,5.537264347E-1,4.668148756E-1
6.189937208E1,-1.319722645E-2,7.196609378E-1,6.037828326E-1
6.191953808E1,-2.743120790E-1,8.463595510E-1,6.735032797E-1
6.193970308E1,-5.136448741E-1,1.072421193E0,8.745841384E-1
6.195986808E1,-5.670286417E-1,1.312069893E0,1.042952895E0
6.198003308E1,-5.231471658E-1,1.144603133E0,1.099465013E0
6.200019808E1,-6.072052717E-1,8.253870010E-1,1.001726389E0
6.202036308E1,-4.878219962E-1,3.478024006E-1,8.070139885E-1
6.204052808E1,-9.519255757E-1,5.163862705E-1,9.455399513E-1
6.206069308E1,-2.124293804E0,8.954353929E-1,1.470192909E0
6.208085808E1,-3.272133827E0,8.826087117E-1,2.084276676E0
6.210102308E1,-3.865867376E0,9.271417260E-1,2.648880720E0
6.212118808E1,-3.617068052E0,2.535949349E-1,2.484810114E0
6.214135308E1,-2.692646265E0,-6.328940988E-1,1.539324760E0
6.216151808E1,-1.904143453E0,-4.413807392E-1,6.371957064E-1
6.218168408E1,-1.696424127E0,1.085782647E-1,2.442566603E-1
6.220184908E1,-1.757657051E0,4.384631217E-1,1.691670418E-1
6.222201408E1,-1.171397448E0,6.394520402E-1,1.594044417E-1
6.224217908E1,-4.275074005E-1,6.814219356E-1,-1.379331946E-2
6.226234408E1,-7.017993927E-2,6.486608982E-1,-2.474693954E-1
6.228250908E1,3.649906255E-3,5.698651075E-1,-3.355139494E-1
6.230267408E1,-1.116646454E-1,2.656736672E-1,-3.386111856E-1
6.232283908E1,-7.120201737E-2,4.846698418E-2,-4.148442745E-1
6.234300408E1,1.497294307E-1,1.478534937E-2,-6.255943179E-1
6.236316908E1,2.979761660E-1,2.430514246E-1,-8.688372374E-1
6.238333408E1,4.719103873E-1,3.704396486E-1,-1.031464934E0
6.240349908E1,8.838086724E-1,2.236490399E-1,-1.130626082E0
6.242366408E1,1.188768625E0,-1.118291616E-1,-1.323489189E0
6.244383008E1,1.182151198E0,-3.485968113E-1,-1.503281474E0
6.246399508E1,1.068503141E0,-2.960603535E-1,-1.604416847E0
6.248416008E1,1.228551507E0,-1.357257068E-1,-1.576855063E0
6.250432508E1,1.655368209E0,-1.547730565E-1,-1.501646996E0
6.252449008E1,2.319742203E0,-1.214706525E-1,-1.267756462E0
6.254465508E1,2.684643984E0,-2.923446596E-1,-1.185483456E0
6.256482008E1,2.685561657E0,-7.192449570E-1,-1.201368928E0
6.258498508E1,2.234315634E0,-9.981445074E-1,-9.600021839E-1
6.260515008E1,1.630864024E0,-8.551446199E-1,-5.817583203E-1
6.262531508E1,1.565451741E0,-5.489227772E-1,-4.483282566E-1
6.264548008E1,1.776986837E0,-7.114838809E-3,-4.198567271E-1
6.266564508E1,1.664068460E0,4.418092072E-1,-3.244281113E-1
6.268581008E1,1.541850805E0,-7.467556000E-2,-3.373411894E-1
6.270597608E1,1.392640352E0,-7.990865707E-1,-3.991000056E-1
6.272614108E1,1.059888601E0,-9.387801290E-1,-4.043948352E-1
6.274630608E1,5.147785544E-1,-5.572570562E-1,-2.409856915E-1
6.276647108E1,-1.193615645E-1,-1.202462912E-1,9.903203696E-2
6.278663600E1,-5.996321440E-1,-2.783332579E-2,3.171959519E-1
6.280680100E1,-8.296224475E-1,-2.280195653E-1,3.069797456E-1
6.282696600E1,-7.993795872E-1,-3.755792081E-1,1.777301431E-1
6.284713100E1,-6.359134316E-1,-2.507167161E-1,2.589247748E-2
6.286729600E1,-4.808752239E-1,7.179835439E-2,-7.773240656E-2
6.288746100E1,-3.772139847E-1,2.995670140E-1,-5.067399889E-2
6.290762600E1,-2.465857863E-1,4.427222610E-1,1.530454755E-1
6.292779100E1,-2.636312544E-1,7.099110484E-1,4.486421347E-1
6.294795600E1,-4.068771005E-1,9.848185182E-1,6.666442156E-1
6.296812200E1,-2.505851686E-1,1.161540031E0,6.546106339E-1
6.298828700E1,2.938967757E-2,1.040448189E0,6.099130511E-1
6.300845200E1,3.691137135E-1,9.160940051E-1,7.488783598E-1
6.302861700E1,5.422562957E-1,2.636704743E-1,1.015819311E0
6.304878200E1,2.338900231E-2,-1.881138086E-1,1.356840491E0
6.306894700E1,-1.134598374E0,-2.416740209E-1,1.731800199E0
6.308911200E1,-2.409562826E0,-2.633429766E-1,2.149676323E0
6.310927700E1,-3.505004883E0,2.139657736E-1,2.643120050E0
6.312944200E1,-3.886895180E0,4.735184908E-1,2.755256653E0
6.314960700E1,-3.233311892E0,2.947583497E-1,1.822659969E0
6.316977200E1,-2.554729700E0,3.686328530E-1,2.074101865E-1
6.318993700E1,-1.614753366E0,1.004567385E0,-3.725923002E-1
6.321010300E1,-8.697551489E-1,1.304471016E0,-1.195065007E-1
6.323026800E1,-4.966335893E-1,8.796333075E-1,3.183104564E-3
6.325043300E1,-5.663135648E-1,-4.142950475E-2,-1.483476758E-1
6.327059800E1,-3.443689644E-1,-5.914746225E-2,-3.658721745E-1
6.329076300E1,5.459075049E-2,4.801013172E-1,-6.744441986E-1
6.331092800E1,3.565664291E-1,8.806939125E-1,-8.133577704E-1
6.333109300E1,3.863201141E-1,7.743188143E-1,-7.333081961E-1
6.335125800E1,2.889928520E-1,3.281404376E-1,-6.094142795E-1
6.337142300E1,3.235334754E-1,-9.103509039E-2,-7.031633854E-1
6.339158800E1,5.248625278E-1,-2.140538990E-1,-8.808224201E-1
6.341175300E1,8.323056102E-1,-2.733193040E-1,-9.880894423E-1
6.343191800E1,1.039370179E0,-3.339889348E-1,-1.027023077E0
6.345208400E1,1.324207425E0,-2.996220887E-1,-9.386059046E-1
6.347224900E1,1.637348056E0,-6.787706614E-1,-1.024068832E0
6.349241400E1,1.851300240E0,-1.016029596E0,-1.226050496E0
6.351257900E1,2.094916821E0,-9.997246265E-1,-1.369506478E0
6.353274400E1,2.362915754E0,-8.974122405E-1,-1.318922043E0
6.355290900E1,2.386254311E0,-4.350658059E-1,-9.327706695E-1
6.357307400E1,2.111247301E0,1.451658644E-2,-3.510488570E-1
6.359323900E1,1.704192996E0,1.581967920E-1,1.064721495E-3
6.361340400E1,1.544569731E0,-8.391613513E-2,5.301627889E-2
6.363356900E1,1.468724966E0,-2.781502306E-1,-4.035605118E-2
6.365373400E1,1.290430069E0,-7.189086080E-1,-1.998085976E-1
6.367389900E1,1.017090201E0,-1.092239022E0,-2.994627655E-1
6.369406500E1,6.128467917E-1,-8.896387815E-1,-2.352804542E-1
6.371423000E1,-1.091430932E-1,-2.260090411E-1,1.223682985E-1
6.373439500E1,-9.331300855E-1,2.158025205E-1,5.809202790E-1
6.375456000E1,-1.313132763E0,3.753100038E-1,7.038990855E-1
6.377472533E1,-1.024922013E0,5.238164067E-1,5.907114148E-1
6.379489033E1,-5.552000999E-1,4.748731554E-1,3.138200343E-1
6.381505533E1,-2.879120708E-1,4.633087814E-1,-1.012030616E-2
6.383522033E1,-1.797095984E-1,5.723599792E-1,-9.670371562E-2
6.385538533E1,-1.813383549E-1,7.739828229E-1,2.566922270E-2
6.387555033E1,-2.505940795E-1,9.649133682E-1,3.036220074E-1
6.389571533E1,-5.019986629E-1,1.044856548E0,6.255091429E-1
6.391588133E1,-7.834947705E-1,1.072423935E0,8.938491344E-1
6.393604633E1,-8.433616757E-1,1.004424214E0,1.124395370E0
6.395621133E1,-7.690260410E-1,8.781971931E-1,1.446186781E0
6.397637633E1,-6.301877499E-1,8.912149072E-1,1.580317259E0
6.399654133E1,-2.922900617E-1,3.708637953E-1,1.604845047E0
6.401670633E1,-1.228226870E-1,2.218843102E-1,1.768934131E0
6.403687133E1,-9.548411965E-1,2.981382608E-1,2.011450052E0
6.405703633E1,-2.132201195E0,4.902386665E-1,2.330342770E0
6.407720133E1,-2.683434725E0,7.414705753E-1,2.561034679E0
6.409736633E1,-2.969386101E0,2.724091709E-1,2.535206795E0
6.411753233E1,-2.567748785E0,7.606886793E-3,1.976138353E0
6.413769733E1,-2.102114201E0,-2.779339850E-1,6.396036744E-1
6.415786233E1,-1.894193530E0,-2.293468863E-1,-1.878836453E-1
6.417802733E1,-1.641146541E0,1.180470549E-2,-1.546226293E-1
6.419819233E1,-1.193756104E0,9.186340496E-3,-1.015736833E-1
6.421835733E1,-2.968760133E-1,2.694543302E-1,-5.198011398E-1
6.423852233E1,4.040573835E-1,6.681869030E-1,-1.002973795E0
6.425868733E1,7.495467663E-1,7.926695347E-1,-1.032058835E0
6.427885233E1,7.172804475E-1,5.957202315E-1,-8.569969535E-1
6.429901733E1,5.467368364E-1,1.224958524E-1,-9.402965903E-1
6.431918333E1,7.384589314E-1,-1.217165887E-1,-1.155579090E0
6.433934833E1,1.267492056E0,-3.267281353E-1,-1.181903839E0
6.435951333E1,1.600990295E0,-5.193105936E-1,-1.045482159E0
6.437967833E1,1.494058490E0,-8.042346239E-1,-9.506034255E-1
6.439984333E1,1.397446752E0,-9.888405204E-1,-8.795088530E-1
6.442000833E1,1.794136047E0,-1.054381847E0,-7.533746362E-1
6.444017333E1,2.625033140E0,-1.170966744E0,-7.152678370E-1
6.446033833E1,3.124021292E0,-1.406318069E0,-9.186563492E-1
6.448050333E1,2.817490816E0,-1.420713902E0,-8.901629448E-1
6.450066933E1,2.218312502E0,-1.515182495E0,-5.974962115E-1
6.452083433E1,1.790073752E0,-1.185614705E0,-5.526618958E-1
6.454099933E1,1.166263342E0,1.050571650E-1,-3.635862470E-1
6.456116433E1,6.066584587E-1,8.346073031E-1,-1.539823115E-1
6.458132933E1,6.298864484E-1,3.621578813E-1,-3.269630298E-2
6.460149433E1,5.151465535E-1,-4.700596929E-1,-1.149296537E-1
6.462165933E1,5.099890754E-2,-9.063302279E-1,-2.517415881E-1
6.464182433E1,-3.841925561E-1,-9.112076759E-1,-1.073316038E-1
6.466198933E1,-5.071605444E-1,-7.558687925E-1,1.666595340E-1
6.468215533E1,-4.269326627E-1,-5.429913402E-1,3.541823924E-1
6.470232033E1,-3.359552324E-1,-2.984193563E-1,3.506607115E-1
6.472248533E1,-2.527348399E-1,-6.499691308E-2,1.492303610E-1
6.474265033E1,-1.523645967E-1,2.564872503E-1,-3.997317329E-2
6.476281533E1,-1.014415696E-1,5.746856332E-1,-5.509524047E-2
6.478298062E1,-9.789351374E-2,7.448611259E-1,1.574646980E-1
6.480314563E1,9.033578634E-2,7.632079124E-1,3.763283193E-1
6.482331063E1,2.781845331E-1,9.461224675E-1,4.666435122E-1
6.484347563E1,-1.932901144E-2,1.177567124E0,6.170039177E-1
6.486364163E1,-6.702459455E-1,1.406162381E0,9.693919420E-1
6.488380663E1,-1.205489278E0,1.498696208E0,1.401139975E0
6.490397162E1,-1.116559386E0,1.182081103E0,1.694998145E0
6.492413663E1,-1.042783380E0,7.792932391E-1,1.753028154E0
6.494430163E1,-1.605201006E0,4.391131401E-1,1.870255947E0
6.496446663E1,-2.289559841E0,5.132682323E-1,2.334778070E0
6.498463163E1,-3.241560221E0,4.979790151E-1,2.893519640E0
6.500479662E1,-3.580257893E0,-3.634583950E-1,2.960316181E0
6.502496162E1,-2.386080265E0,-3.396206796E-1,2.660164833E0
6.504512762E1,-1.453962088E0,-6.613788605E-1,1.813324213E0
6.506529263E1,-6.399692297E-1,-9.744290709E-1,1.238671422E0
6.508545763E1,-2.137044966E-1,-1.043641090E0,1.023557901E0
6.510562263E1,-4.455553591E-1,-9.902693629E-1,9.947835803E-1
6.512578763E1,-7.060270905E-1,-3.938718140E-1,1.088684559E0
6.514595262E1,-3.624563217E-1,5.052100420E-1,9.630795717E-1
6.516611763E1,6.199868321E-1,1.085425735E0,6.586365700E-1
6.518628263E1,1.688114762E0,6.151194572E-1,3.110187650E-1
6.520644863E1,2.143207788E0,-2.731805742E-1,5.467237905E-2
6.522661363E1,2.096603632E0,-7.235117555E-1,-6.231486052E-2
6.524677863E1,2.021164894E0,-4.512514174E-1,5.109489709E-2
6.526694362E1,1.891763806E0,-4.127743840E-2,2.617704868E-1
6.528710862E1,2.189421654E0,1.009544358E-1,5.633421540E-1
6.530727363E1,2.946587563E0,-2.649262846E-1,7.656388283E-1
6.532743863E1,3.332257271E0,-7.070617676E-1,7.863196731E-1
6.534760363E1,2.621412516E0,-6.978147030E-1,8.656533957E-1
6.536776863E1,1.954151392E0,-3.578085899E-1,7.386080027E-1
6.538793463E1,1.411838293E0,2.479754984E-1,7.453582883E-1
6.540809962E1,7.507987022E-1,4.064195454E-1,7.652810812E-1
6.542826463E1,3.663160801E-1,3.021645173E-2,6.388027072E-1
6.544842963E1,3.450714052E-1,-2.323833294E-2,3.469933867E-1
6.546859463E1,2.820576131E-1,5.580291748E-1,1.910078973E-1
6.548875963E1,-6.211260706E-2,9.767642617E-1,3.399255276E-1
6.550892462E1,-3.722735345E-1,8.161692619E-1,5.579091907E-1
6.552908962E1,-4.393616617E-1,4.851673841E-1,6.476240158E-1
6.554925463E1,-4.010079801E-1,1.772186607E-1,6.213803291E-1
6.556942063E1,-3.529980779E-1,2.013357133E-1,5.679132342E-1
6.558958563E1,-3.581102788E-1,5.887553096E-1,5.619443059E-1
6.560975063E1,-2.811024785E-1,9.930307269E-1,6.919137239E-1
6.562991563E1,-1.723183542E-1,1.104785204E0,9.275551438E-1
6.565008062E1,-2.669491768E-1,9.196141958E-1,1.136301279E0
6.567024563E1,-5.179594159E-1,7.885406613E-1,1.362753987E0
6.569041063E1,-7.247548699E-1,9.250282645E-1,1.640784979E0
6.571057563E1,-8.617704511E-1,1.586189270E0,1.984700084E0
6.573074063E1,-7.758624554E-1,1.708199739E0,2.120033503E0
6.575090663E1,-7.483291030E-1,7.310945988E-1,2.029707909E0
6.577107163E1,-2.094205856E0,2.559965849E-1,2.221434116E0
6.579123608E1,-3.217328310E0,3.983502388E-1,2.992057800E0
6.581140108E1,-2.631083727E0,3.967534006E-1,3.489275694E0
6.583156608E1,-1.433478832E0,-2.056717277E-1,2.910211325E0
6.585173108E1,-7.984961271E-1,-1.920514107E-1,1.851945162E0
6.587189608E1,-7.440020442E-1,4.142160416E-1,1.337529302E0
6.589206108E1,-7.892516851E-1,5.425304770E-1,1.528525710E0
6.591222608E1,-9.877828360E-1,1.631389558E-1,1.940779567E0
6.593239208E1,-8.148716688E-1,-1.663198024E-1,1.971846104E0
6.595255708E1,-3.130567670E-1,-4.726889133E-1,1.887208700E0
6.597272208E1,4.437541962E-1,-2.782299519E-1,2.063013792E0
6.599288708E1,6.707575917E-1,7.422538102E-2,2.239023924E0
6.601305208E1,4.729034901E-1,1.946999580E-1,2.294863462E0
6.603321708E1,1.698643118E-1,7.765997946E-2,2.241335630E0
6.605338208E1,2.385943942E-2,-1.415487975E-1,2.086498260E0
6.607354708E1,1.099766642E-1,-2.002725303E-1,1.915697217E0
6.609371208E1,4.080012143E-1,-1.202687919E-1,1.744760990E0
6.611387808E1,5.587413907E-1,6.862112880E-2,1.540555120E0
6.613404308E1,4.163416624E-1,1.632742584E-1,1.442145348E0
6.615420808E1,7.919892669E-2,2.091068029E-1,1.463585496E0
6.617437308E1,-2.877638638E-1,9.369975328E-2,1.490058541E0
6.619453808E1,-3.245084584E-1,-2.022174448E-1,1.360635877E0
6.621470308E1,-8.424709737E-2,-4.844343662E-1,9.873015881E-1
6.623486808E1,1.690926403E-1,-6.272561550E-1,4.620749354E-1
6.625503308E1,1.415596306E-1,-5.948606133E-1,6.696669757E-2
6.627519808E1,-1.431242973E-1,-2.503478229E-1,5.598909408E-2
6.629536408E1,-5.658987761E-1,3.854275644E-1,2.650489509E-1
6.631552908E1,-3.241259754E-1,7.158179879E-1,3.356529474E-1
6.633569408E1,4.397253692E-1,3.868686855E-1,6.746406853E-2
6.635585908E1,8.729307652E-1,-2.072566450E-1,-4.940203428E-1
6.637602408E1,8.973981738E-1,-3.407075703E-1,-7.569621205E-1
6.639618908E1,8.445512056E-1,-1.295947134E-1,-6.071573496E-1
6.641635408E1,7.748258114E-1,-1.033669338E-2,-3.343051076E-1
6.643651908E1,7.010552287E-1,-6.875395775E-2,-1.688211709E-1
6.645668408E1,7.342716455E-1,-1.316043735E-1,-7.189366221E-2
6.647685008E1,8.019899726E-1,-1.865444630E-1,2.425571904E-2
6.649701508E1,8.802295923E-1,-1.565834582E-1,1.183532402E-1
6.651718008E1,9.108808041E-1,-5.521414056E-2,1.827366948E-1
6.653734508E1,7.941487432E-1,2.362682298E-2,2.268409431E-1
6.655751008E1,6.471691728E-1,7.724249363E-2,2.555502057E-1
6.657767508E1,6.177144051E-1,1.475606859E-1,2.993836403E-1
6.659784008E1,7.255787849E-1,2.478431165E-1,3.446052969E-1
6.661800508E1,8.432678580E-1,2.808229029E-1,4.329580665E-1
6.663817108E1,7.511357665E-1,3.766684830E-1,6.072917581E-1
6.665833608E1,4.907244742E-1,4.734625220E-1,8.156554103E-1
6.667850108E1,1.902217120E-1,5.846562386E-1,1.016101003E0
6.669866608E1,-5.554739013E-2,5.685894489E-1,1.146783113E0
6.671883108E1,-2.241318673E-1,6.151702404E-1,1.230967045E0
6.673899608E1,-4.437543750E-1,6.816278696E-1,1.271776915E0
6.675916108E1,-6.125059128E-1,8.620069027E-1,1.365005136E0
6.677932696E1,-7.623071671E-1,1.036428809E0,1.419821620E0
6.679949196E1,-9.125931859E-1,1.127604365E0,1.381985545E0
6.681965796E1,-1.027242184E0,1.015316486E0,1.318241715E0
6.683982296E1,-9.286969304E-1,7.948890328E-1,1.271228194E0
6.685998796E1,-7.812004685E-1,5.867499113E-1,1.241976619E0
6.688015296E1,-7.933354378E-1,6.084983349E-1,1.316701770E0
6.690031796E1,-8.188689351E-1,7.560985684E-1,1.445837140E0
6.692048296E1,-7.786462903E-1,6.913624406E-1,1.438966990E0
6.694064796E1,-6.915804744E-1,1.139544919E-1,1.254157305E0
6.696081296E1,-4.695144892E-1,-3.712700605E-1,1.071266174E0
6.698097796E1,-7.665458322E-2,-3.806679249E-1,9.537672997E-1
6.700114396E1,2.094433755E-1,-1.154062599E-1,8.865033388E-1
6.702130896E1,3.251971602E-1,2.047309726E-1,1.001550317E0
6.704147396E1,3.137812018E-1,3.138059974E-1,1.190447807E0
6.706163896E1,1.800762415E-1,1.572318971E-1,1.240415335E0
6.708180396E1,1.812884361E-1,4.404091835E-2,1.158285856E0
6.710196896E1,2.352692634E-1,1.160998642E-1,1.090533257E0
6.712213396E1,1.769107580E-1,2.419846356E-1,1.166000605E0
6.714229896E1,9.952523746E-3,2.771677077E-1,1.292813301E0
6.716246396E1,-1.709944010E-1,2.465479225E-1,1.328191757E0
6.718262896E1,-3.580735922E-1,2.790136635E-1,1.284053564E0
6.720279496E1,-4.790160060E-1,3.712848425E-1,1.258802652E0
6.722295996E1,-4.580494463E-1,4.152365923E-1,1.318918467E0
6.724312496E1,-4.389883280E-1,3.278523684E-1,1.336621761E0
6.726328996E1,-5.474113822E-1,2.240200639E-1,1.311727881E0
6.728345496E1,-7.477129698E-1,2.006716877E-1,1.299641967E0
6.730361996E1,-8.471124768E-1,2.515545785E-1,1.317213297E0
6.732378496E1,-7.275478840E-1,2.376000732E-1,1.265376329E0
6.734394996E1,-4.806904793E-1,4.184963554E-2,1.092703581E0
6.736411496E1,-3.992616236E-1,-1.969884038E-1,9.105279446E-1
6.738427996E1,-4.289033413E-1,-3.131563067E-1,8.420929313E-1
6.740444596E1,-4.970335960E-1,-2.964207828E-1,8.087332845E-1
6.742461096E1,-4.848073125E-1,-2.366699427E-1,7.522365451E-1
6.744477596E1,-3.219513297E-1,-1.531144381E-1,6.589795947E-1
6.746494096E1,-1.253007948E-1,-1.423897743E-1,5.487843156E-1
6.748510596E1,-5.148508772E-2,-2.816787362E-1,4.724082053E-1
6.750527096E1,-5.185324699E-2,-5.086808801E-1,4.083711505E-1
6.752543596E1,-5.299604684E-2,-6.088564992E-1,3.173522949E-1
6.754560096E1,1.025190502E-1,-5.670943260E-1,1.595656723E-1
6.756576596E1,2.045101374E-1,-5.252642035E-1,-5.571942404E-2
6.758593096E1,1.903825998E-1,-6.019595265E-1,-2.426883578E-1
6.760609596E1,8.041450381E-2,-4.753549695E-1,-2.984817624E-1
6.762626196E1,-1.092377082E-1,-1.123599261E-1,-2.518967986E-1
6.764642696E1,-2.555893501E-3,1.589102149E-1,-2.553538680E-1
6.766659196E1,5.335896611E-1,-1.234228630E-2,-4.386796057E-1
6.768675696E1,9.763848782E-1,-3.840261996E-1,-7.091906667E-1
6.770692196E1,1.021239996E0,-4.988889098E-1,-8.374648094E-1
6.772708696E1,8.442407250E-1,-3.409856260E-1,-7.329278588E-1
6.774725196E1,6.578229070E-1,-2.098159865E-2,-4.897352755E-1
6.776741696E1,5.861510038E-1,2.243378907E-1,-3.196842074E-1
6.778758183E1,6.482881904E-1,3.036763668E-1,-2.465543300E-1
6.780774683E1,7.074334025E-1,3.006391525E-1,-1.432719231E-1
6.782791183E1,5.605436563E-1,1.356777847E-1,-3.153391182E-2
6.784807683E1,3.907997608E-1,-1.400695741E-1,5.180288851E-2
6.786824283E1,3.245663345E-1,-2.280853540E-1,4.582379386E-2
6.788840783E1,2.850975990E-1,-1.671970189E-1,3.347647563E-2
6.790857283E1,1.460496485E-1,-1.003166288E-1,1.304622144E-1
6.792873783E1,-6.848727167E-2,-9.396269917E-2,3.440309763E-1
6.794890283E1,-3.229939044E-1,-9.190098941E-2,5.186752677E-1
6.796906783E1,-5.229751468E-1,-8.778566122E-2,5.896840692E-1
6.798923283E1,-6.040038466E-1,3.073955886E-2,6.271060705E-1
6.800939783E1,-5.847412348E-1,1.699969471E-1,6.408454180E-1
6.802956283E1,-5.563073754E-1,2.273668051E-1,6.723818779E-1
6.804972783E1,-5.488260388E-1,2.283353508E-1,7.053844333E-1
6.806989283E1,-5.549679995E-1,2.691424191E-1,7.454013824E-1
6.809005783E1,-5.170912147E-1,3.529914021E-1,7.770621777E-1
6.811022383E1,-4.382317960E-1,2.812254727E-1,7.871794105E-1
6.813038883E1,-2.515706718E-1,1.953658313E-1,8.452920318E-1
6.815055383E1,-1.357981265E-1,3.108923733E-1,9.614382982E-1
6.817071883E1,-9.020318091E-2,4.532573521E-1,1.078607678E0
6.819088383E1,-5.064937472E-2,3.988009095E-1,1.159250140E0
6.821104883E1,-4.551007587E-4,2.963724136E-1,1.166798830E0
6.823121383E1,1.106345430E-1,2.911410332E-1,1.135774374E0
6.825137883E1,2.187481225E-1,3.421725631E-1,1.126498461E0
6.827154383E1,2.020082921E-1,4.700955451E-1,1.172087789E0
6.829170883E1,1.236443222E-1,5.666468143E-1,1.260508180E0
6.831187383E1,-6.156205013E-2,6.192123890E-1,1.356341839E0
6.833203883E1,-1.425437331E-1,6.292576194E-1,1.338635206E0
6.835220383E1,3.114348464E-2,7.844001055E-1,1.319933772E0
6.837236983E1,9.528006613E-2,8.512616158E-1,1.259148598E0
6.839253483E1,-8.303501457E-2,6.671376824E-1,1.076111197E0
6.841269983E1,-5.431870818E-1,3.453327417E-1,1.024133801E0
6.843286483E1,-1.345375061E0,1.951747835E-1,1.159269810E0
6.845302983E1,-2.095825195E0,-2.070513964E-1,1.147088408E0
6.847319483E1,-1.977679610E0,-6.086736321E-1,6.795467734E-1
6.849335983E1,-1.124631166E0,-5.089370012E-1,-1.917810589E-1
6.851352483E1,-4.491091371E-1,-7.501271367E-2,-1.035488605E0
6.853368983E1,-1.728101671E-1,1.940472424E-1,-1.254527211E0
6.855385483E1,-1.698118001E-1,1.068082675E-1,-1.113806248E0
6.857401983E1,-3.051227629E-1,-7.767917961E-2,-1.052481294E0
6.859418483E1,-3.281348646E-1,-1.791631430E-1,-1.170727968E0
6.861434983E1,-2.660609186E-1,-1.601171196E-1,-1.270380497E0
6.863451483E1,-1.109843478E-1,-2.517125010E-1,-1.344297171E0
6.865467983E1,2.544554770E-1,-3.745310307E-1,-1.507029891E0
6.867484583E1,6.256676912E-1,-3.245647848E-1,-1.779330730E0
6.869501083E1,8.758988976E-1,-2.964872420E-1,-1.928223729E0
6.871517583E1,1.101716161E0,-1.960548759E-1,-1.932510257E0
6.873534083E1,1.250392318E0,-2.749654651E-1,-1.861997366E0
6.875550583E1,1.274198174E0,-4.954735041E-1,-1.857636690E0
6.877567083E1,1.524858117E0,-4.068011642E-1,-1.830043197E0
6.879583563E1,2.161457777E0,-9.385063499E-2,-1.651802540E0
6.881600062E1,2.388127327E0,-2.814106941E-1,-1.425814152E0
6.883616563E1,1.872811198E0,-3.622375131E-1,-1.113219023E0
6.885633063E1,1.243400931E0,9.513312578E-2,-6.623710394E-1
6.887649563E1,1.376280665E0,3.316995502E-1,-4.139296412E-1
6.889666063E1,1.430637717E0,4.651069939E-1,-3.622475564E-1
6.891682562E1,1.320874929E0,1.364410073E-1,-5.707809925E-1
6.893699063E1,1.360289454E0,-6.508099437E-1,-6.625855565E-1
6.895715662E1,1.253752947E0,-1.191200852E0,-7.431678772E-1
6.897732163E1,9.442715049E-1,-1.031866550E0,-7.623897791E-1
6.899748663E1,4.987573624E-1,-3.329465091E-1,-5.253856182E-1
6.901765163E1,9.306600690E-2,1.808092594E-1,-1.641657799E-1
6.903781663E1,-2.479846030E-1,2.146872282E-1,8.012761921E-2
6.905798162E1,-5.093757510E-1,-6.761992723E-2,1.521890908E-1
6.907814663E1,-6.959356070E-1,-2.365096211E-1,8.804894984E-2
6.909831163E1,-7.488609552E-1,-4.974900559E-2,3.376271110E-3
6.911847663E1,-6.594359875E-1,3.975083828E-1,-3.342861310E-2
6.913864163E1,-4.741955101E-1,6.932136416E-1,7.885100693E-2
6.915880662E1,-3.112902343E-1,7.715358138E-1,3.794674277E-1
6.917897163E1,-3.153825700E-1,7.095409632E-1,7.247068882E-1
6.919913663E1,-5.081829429E-1,5.538620353E-1,9.204918742E-1
6.921930163E1,-7.539982200E-1,3.132281899E-1,9.519107342E-1
6.923946663E1,-7.171160579E-1,1.842287630E-1,1.021734476E0
6.925963162E1,-4.148591757E-1,3.678572774E-1,1.279252291E0
6.927979763E1,-2.514032722E-1,8.180795312E-1,1.542379260E0
6.929996262E1,-1.197396591E-1,7.809361219E-1,1.703312993E0
6.932012763E1,-3.479401171E-1,4.974144697E-1,1.686638355E0
6.934029263E1,-1.331117868E0,4.785977602E-1,1.668983459E0
6.936045763E1,-2.227697611E0,4.703029096E-1,1.703370094E0
6.938062263E1,-2.563373804E0,7.569288611E-1,1.824746490E0
6.940078762E1,-2.544538975E0,8.232118487E-1,1.788381100E0
6.942095263E1,-2.664693356E0,9.644141197E-1,1.251036525E0
6.944111763E1,-3.169353247E0,1.080341101E0,5.676131845E-1
6.946128263E1,-3.187128067E0,1.008793354E0,4.107691646E-1
6.948144763E1,-1.991141200E0,6.193615198E-1,3.135627508E-1
6.950161262E1,-6.243163943E-1,1.222854406E-1,-1.247942820E-1
6.952177763E1,3.784341216E-1,1.328409463E-2,-6.610386372E-1
6.954194263E1,9.918800592E-1,2.403318882E-2,-9.124944210E-1
6.956210763E1,1.061073303E0,1.424398087E-2,-9.566463828E-1
6.958227263E1,6.948741078E-1,-2.074601799E-1,-8.998824358E-1
6.960243863E1,3.229504824E-1,-5.032988191E-1,-8.015371561E-1
6.962260363E1,2.669751942E-1,-4.583502412E-1,-8.093776703E-1
6.964276862E1,6.990305781E-1,-3.995131254E-1,-8.788384199E-1
6.966293363E1,1.211668849E0,-5.110078454E-1,-9.954911470E-1
6.968309863E1,1.411876202E0,-5.868589282E-1,-1.139794469E0
6.970326363E1,1.219088197E0,-6.104549766E-1,-1.167300820E0
6.972342863E1,1.140826821E0,-5.885558724E-1,-9.632110596E-1
6.974359362E1,1.642349005E0,-5.058516860E-1,-7.910560369E-1
6.976375863E1,2.204960346E0,-1.050637484E0,-8.674430251E-1
6.978392325E1,2.219628096E0,-1.557245255E0,-1.015227556E0
6.980408825E1,1.447178006E0,-1.250360727E0,-9.667268395E-1
6.982425325E1,6.629821658E-1,2.681490406E-2,-5.492021441E-1
6.984441825E1,7.187592983E-1,1.045095801E0,-8.373429626E-2
6.986458325E1,1.500278592E0,8.050741553E-1,-2.143182606E-2
6.988474825E1,1.979319453E0,-1.327714324E-1,-3.997464180E-1
6.990491325E1,1.663965940E0,-5.438291430E-1,-7.305490375E-1
6.992507825E1,8.767918348E-1,-6.166818738E-1,-7.597764134E-1
6.994524325E1,3.133739829E-1,-6.475886106E-1,-4.788359702E-1
6.996540925E1,1.872783303E-1,-6.809758544E-1,-1.679662317E-1
6.998557425E1,1.988180131E-1,-6.659020782E-1,-3.989909217E-2
7.000573925E1,1.490617096E-1,-4.511715174E-1,-7.652465999E-2
7.002590425E1,1.148782074E-1,-7.982503623E-2,-1.272179931E-1
7.004606925E1,4.687688127E-2,3.766296208E-1,-9.731998295E-2
7.006623425E1,-1.506929696E-1,6.445379853E-1,5.287163705E-2
7.008639925E1,-3.223314583E-1,6.160581112E-1,2.372459024E-1
7.010656425E1,-2.972593904E-1,6.300472021E-1,4.046463668E-1
7.012672925E1,-1.372538060E-1,7.859659791E-1,4.940152466E-1
7.014689425E1,1.418028958E-2,8.315532207E-1,5.652918816E-1
7.016705925E1,-5.840352923E-2,6.983948946E-1,7.098085880E-1
7.018722425E1,-4.770243168E-1,7.066195011E-1,9.788445830E-1
7.020738925E1,-1.016825080E0,6.676598787E-1,1.366438031E0
7.022755425E1,-1.115736365E0,7.622189522E-1,1.629544735E0
7.024771925E1,-6.461440325E-1,8.178178072E-1,1.576759934E0
7.026788425E1,-3.457887769E-1,8.139839172E-1,1.400500655E0
7.028804925E1,-8.005678058E-1,9.004435539E-1,1.442633867E0
7.030821425E1,-1.684796095E0,7.175978422E-1,1.647240639E0
7.032838025E1,-2.318178654E0,2.894122303E-1,1.998992205E0
7.034854525E1,-2.696755171E0,-8.731751144E-2,2.181904078E0
7.036871025E1,-2.790614128E0,-1.547302157E-1,1.931226492E0
7.038887525E1,-2.629858494E0,-1.933530346E-2,1.376671433E0
7.040904025E1,-2.264653683E0,1.352111101E-1,8.521211147E-1
7.042920525E1,-2.405411720E0,-1.907795966E-1,4.852364361E-1
7.044937025E1,-2.186078787E0,-3.342362642E-1,5.080987811E-1
7.046953525E1,-1.711541057E0,-1.610127389E-1,4.847548008E-1
7.048970025E1,-1.193859458E0,3.179728985E-1,3.189839125E-1
7.050986525E1,-7.884141207E-1,6.956355572E-1,1.572109312E-1
7.053003025E1,-4.292775989E-1,6.935521364E-1,8.508326113E-2
7.055019525E1,-3.653569892E-2,3.596391082E-1,-5.253564939E-2
7.057036025E1,3.547501564E-1,-2.253620885E-2,-2.965418398E-1
7.059052525E1,6.311555505E-1,-2.011736780E-1,-5.955273509E-1
7.061069025E1,5.869040489E-1,-1.865975708E-1,-8.444320560E-1
7.063085525E1,5.173108578E-1,-1.465277225E-1,-1.087105632E0
7.065102025E1,8.457623720E-1,-1.056109741E-1,-1.235152125E0
7.067118525E1,1.307389021E0,-2.693980038E-1,-1.423711300E0
7.069135025E1,1.592044592E0,-4.114898443E-1,-1.633345723E0
7.071151525E1,1.760284901E0,-3.087259829E-1,-1.674921751E0
7.073168025E1,1.996078134E0,-3.758890927E-2,-1.564478636E0
7.075184625E1,2.125366688E0,-1.015559137E-1,-1.537145257E0
7.077201125E1,1.742941618E0,-2.916953862E-1,-1.427479982E0
7.079217658E1,1.323611021E0,-2.005313337E-1,-1.233461022E0
7.081234158E1,1.336598158E0,-1.123113185E-1,-1.143470645E0
7.083250658E1,1.487878799E0,-2.819491327E-1,-1.167702913E0
7.085267158E1,1.231396437E0,-2.028565407E-1,-1.057120562E0
7.087283658E1,7.581638098E-1,7.073778659E-2,-8.378834128E-1
7.089300158E1,8.579798937E-1,-5.006135441E-3,-8.154037595E-1
7.091316658E1,1.262804627E0,-4.288455844E-1,-1.020283222E0
7.093333158E1,1.463558197E0,-9.301015139E-1,-1.161918879E0
7.095349658E1,1.503598690E0,-1.050528049E0,-1.129735589E0
7.097366158E1,1.426402569E0,-7.486945987E-1,-9.922031760E-1
7.099382658E1,1.315376878E0,-3.949225843E-1,-7.940747738E-1
7.101399158E1,1.248565912E0,-2.948617637E-1,-6.744015217E-1
7.103415658E1,1.290786743E0,-2.276827395E-1,-6.024302244E-1
7.105432158E1,1.376846075E0,-1.009507775E-1,-5.931699276E-1
7.107448658E1,1.418349981E0,1.569636315E-1,-6.108527184E-1
7.109465158E1,1.374199986E0,3.305171132E-1,-4.485067427E-1
7.111481658E1,1.200065970E0,2.840680182E-1,-1.357160211E-1
7.113498158E1,7.515718341E-1,2.480775416E-1,1.159992740E-1
7.115514658E1,3.252189457E-1,1.646827012E-1,2.629179955E-1
7.117531158E1,3.017987907E-1,1.819566786E-1,3.398581743E-1
7.119547658E1,8.453553170E-2,2.305466980E-1,5.165905356E-1
7.121564258E1,-7.474616170E-1,3.885108232E-1,8.263216615E-1
7.123580758E1,-1.777547359E0,3.100014627E-1,1.121987343E0
7.125597258E1,-2.739149570E0,2.098792791E-1,1.400008798E0
7.127613758E1,-3.651191235E0,5.086607337E-1,1.417225003E0
7.129630258E1,-4.155272484E0,7.220092416E-1,1.174260139E0
7.131646758E1,-4.055374622E0,1.180799961E0,7.925582528E-1
7.133663258E1,-3.549717903E0,1.769840837E0,5.270963907E-1
7.135679758E1,-2.706817865E0,1.527980447E0,3.815505803E-1
7.137696258E1,-2.005454779E0,9.370899796E-1,4.709790647E-1
7.139712758E1,-2.019942999E0,6.271446347E-1,6.180055141E-1
7.141729258E1,-2.246246338E0,3.034021258E-1,8.357957006E-1
7.143745758E1,-2.396738291E0,-2.717750371E-1,1.072782397E0
7.145762258E1,-1.363256812E0,-1.241274029E-1,1.458789110E0
7.147778758E1,-1.227907240E-1,1.522639692E-1,1.490491390E0
7.149795258E1,3.684797287E-1,1.832551807E-1,1.318051219E0
7.151811758E1,2.183401287E-1,-1.349787563E-1,1.155588984E0
7.153828258E1,-9.348066151E-2,-6.943361163E-1,9.285592437E-1
7.155844758E1,-1.657422036E-1,-8.771177530E-1,6.508210897E-1
7.157861258E1,1.798384786E-1,-5.834265351E-1,3.472789824E-1
7.159877758E1,7.440168262E-1,-2.090251744E-1,9.269237518E-2
7.161894258E1,1.323755026E0,-1.621113718E-1,-2.305723727E-1
7.163910758E1,1.617941976E0,-3.359789252E-1,-6.149435639E-1
7.165927258E1,1.455564618E0,-4.229452908E-1,-9.548207521E-1
7.167943758E1,1.457309365E0,-3.378922641E-1,-1.070840716E0
7.169960258E1,1.653239965E0,-4.296260476E-1,-9.808943868E-1
7.171976758E1,1.456532359E0,-4.241917729E-1,-7.525525689E-1
7.173993258E1,9.867035151E-1,-3.246188760E-1,-6.184787154E-1
7.176009858E1,6.741315126E-1,1.981121600E-1,-4.545554221E-1
7.178026350E1,7.880067229E-1,3.351653814E-1,-2.928099334E-1
7.180042850E1,1.367848635E0,-2.908094823E-1,-2.151636183E-1
7.182059350E1,1.579514623E0,-8.419961929E-1,-3.856734335E-1
7.184075850E1,1.348065734E0,-1.115182400E0,-4.820078611E-1
7.186092350E1,9.126998782E-1,-1.265023828E0,-2.720993459E-1
7.188108850E1,5.185570717E-1,-1.222586274E0,4.162153602E-2
7.190125350E1,3.286074102E-1,-1.088572383E0,1.891965121E-1
7.192141850E1,4.744802415E-1,-8.848667741E-1,1.027757376E-1
7.194158350E1,8.510627747E-1,-7.319356799E-1,-6.873801351E-2
7.196174850E1,1.208089828E0,-4.752840698E-1,-1.900914609E-1
7.198191350E1,1.302870870E0,-1.311399639E-1,-1.917020679E-1
7.200207850E1,1.258719563E0,9.011056274E-2,-5.732507631E-2
7.202224350E1,1.243533731E0,1.823876053E-1,1.651388854E-1
7.204240850E1,1.184795499E0,2.084189206E-1,3.872318268E-1
7.206257350E1,9.268794656E-1,2.522166371E-1,5.383777022E-1
7.208273850E1,6.802254915E-1,3.250130713E-1,6.248772144E-1
7.210290350E1,4.862038195E-1,3.028131127E-1,7.522685528E-1
7.212306850E1,4.964736700E-1,3.633668125E-1,8.427844048E-1
7.214323350E1,1.017713428E0,4.752301276E-1,7.981541157E-1
7.216339850E1,1.169749498E0,7.182933092E-1,8.263533711E-1
7.218356350E1,2.194957733E-1,1.070984602E0,1.116123319E0
7.220372850E1,-1.046124339E0,8.606537580E-1,1.586877346E0
7.222389350E1,-1.869746923E0,4.468630254E-1,1.927057385E0
7.224405850E1,-2.189341068E0,-1.312899403E-2,1.928540587E0
7.226422350E1,-2.404256821E0,-3.077501059E-2,1.715061307E0
7.228438850E1,-2.659326077E0,5.098561049E-1,1.461581707E0
7.230455350E1,-2.577341557E0,1.266674280E0,1.122577548E0
7.232471850E1,-2.126799822E0,1.597419977E0,7.934622169E-1
7.234488350E1,-1.662281275E0,1.322051048E0,5.702219009E-1
7.236504850E1,-1.769479632E0,7.218819261E-1,4.727334678E-1
7.238521350E1,-1.923071742E0,3.690012991E-1,5.951610804E-1
7.240537950E1,-1.603175521E0,6.532291174E-1,7.347843647E-1
7.242554450E1,-9.615760446E-1,8.666219115E-1,7.070501447E-1
7.244570950E1,-6.327342391E-1,7.360631824E-1,6.163513660E-1
7.246587450E1,-7.718904018E-1,3.374750912E-1,5.668951869E-1
7.248603950E1,-9.241262674E-1,9.695100784E-2,6.314319968E-1
7.250620450E1,-8.083041906E-1,6.289721280E-2,6.116062403E-1
7.252636950E1,-3.629105091E-1,1.426475048E-1,4.163966179E-1
7.254653450E1,6.894608587E-2,5.779245496E-2,1.747595817E-1
7.256669950E1,4.046080410E-1,-5.943668261E-2,1.531339437E-1
7.258686450E1,5.167859197E-1,-1.572804302E-1,1.497687995E-1
7.260702950E1,5.964843631E-1,-2.165579945E-1,1.377611309E-1
7.262719450E1,8.813679218E-1,-2.440525889E-1,5.672485754E-2
7.264735950E1,1.183269620E0,-3.992911279E-1,-1.656890474E-2
7.266752450E1,1.397623897E0,-5.539735556E-1,-2.883810550E-2
7.268768950E1,1.435773134E0,-6.716718078E-1,7.764605805E-3
7.270785450E1,1.079037189E0,-2.230141759E-1,3.078715801E-1
7.272801950E1,6.371556520E-1,2.836921215E-1,6.741789579E-1
7.274818450E1,7.215679884E-1,1.219747066E-1,7.863178849E-1
7.276834950E1,1.090268373E0,-8.248419762E-1,4.163754284E-1
7.278851421E1,1.197122455E0,-1.326502562E0,1.061082818E-2
7.280867921E1,1.100298166E0,-1.149967909E0,-1.611304134E-1
7.282884421E1,1.066835165E0,-9.205368757E-1,-1.292608678E-1
7.284900921E1,1.048542261E0,-9.211930633E-1,-1.744925082E-1
7.286917421E1,1.036937118E0,-9.661364555E-1,-2.966743708E-1
7.288933921E1,1.110441446E0,-9.120005369E-1,-3.631888330E-1
7.290950421E1,1.147232652E0,-6.848952174E-1,-2.575028539E-1
7.292966921E1,1.011611462E0,-3.290931880E-1,-1.075937878E-2
7.294983421E1,7.979089022E-1,-1.636051834E-1,1.574047804E-1
7.296999921E1,5.935750008E-1,-1.317867935E-1,2.317104936E-1
7.299016421E1,5.090829730E-1,-7.847971469E-2,2.329641432E-1
7.301032921E1,5.567868948E-1,9.285794944E-2,1.672024280E-1
7.303049421E1,7.015606165E-1,3.528905809E-1,7.825450599E-2
7.305065921E1,7.670437098E-1,6.170663238E-1,5.459788814E-2
7.307082421E1,6.305936575E-1,7.366315126E-1,1.143304333E-1
7.309098921E1,3.603219688E-1,8.448825479E-1,2.422650754E-1
7.311115421E1,1.012433991E-1,1.041002512E0,4.117939472E-1
7.313131921E1,-8.829700528E-4,1.149963140E0,5.588606000E-1
7.315148421E1,-9.282153845E-2,1.198428631E0,7.600206137E-1
7.317164921E1,1.176409721E-1,9.854171276E-1,7.758964896E-1
7.319181421E1,-7.336752862E-2,7.700470686E-1,8.775048256E-1
7.321197921E1,-1.010086179E0,6.962710619E-1,1.188847065E0
7.323214421E1,-2.172609091E0,5.985071063E-1,1.645046592E0
7.325230921E1,-3.047068119E0,6.905393600E-1,2.170402527E0
7.327247521E1,-3.376774311E0,2.992310822E-1,2.398114920E0
7.329264021E1,-3.190654755E0,-2.049776912E-1,2.090328455E0
7.331280521E1,-2.961898088E0,-1.238589659E-1,1.360175967E0
7.333297021E1,-2.905250549E0,3.247189820E-1,1.068630457E0
7.335313521E1,-2.439777374E0,9.575832486E-1,1.055454969E0
7.337330021E1,-1.751366973E0,7.885508537E-1,1.016581416E0
7.339346521E1,-1.307929873E0,4.491691943E-4,9.657117724E-1
7.341363021E1,-6.207931638E-1,-5.233083665E-2,1.186365843E0
7.343379521E1,-2.654799223E-1,1.621542126E-2,1.408888221E0
7.345396021E1,1.481946856E-1,2.530932426E-1,1.521514177E0
7.347412521E1,5.693463087E-1,4.357640743E-1,1.323499560E0
7.349429021E1,4.982938170E-1,-1.607799828E-1,1.118620634E0
7.351445521E1,5.330285430E-1,-4.694855511E-1,1.149592280E0
7.353462021E1,7.879642844E-1,-4.197010696E-1,1.237553239E0
7.355478521E1,9.559179544E-1,-2.965882719E-1,1.202162027E0
7.357495021E1,8.316600919E-1,-4.088649750E-1,1.031889558E0
7.359511521E1,7.247136235E-1,-5.243018866E-1,8.802399039E-1
7.361528021E1,7.944904566E-1,-5.536232591E-1,7.339738011E-1
7.363544521E1,8.823422790E-1,-6.525940299E-1,6.174506545E-1
7.365561021E1,5.461857319E-1,-5.863335729E-1,5.470691323E-1
7.367577521E1,1.420306563E-1,-5.075262189E-1,5.923534632E-1
7.369594021E1,1.915821731E-1,-5.117225647E-1,5.987061858E-1
7.371610521E1,5.718730688E-1,-7.545161247E-1,4.008280933E-1
7.373627021E1,7.970231175E-1,-9.700005054E-1,-4.337776452E-3
7.375643521E1,9.043927789E-1,-7.998892665E-1,-2.127904892E-1
7.377660021E1,8.363825679E-1,-4.913548827E-1,-1.981260031E-1
7.379676588E1,7.297645807E-1,-2.020857781E-1,-1.773157269E-1
7.381693088E1,8.571131825E-1,2.017117292E-2,-2.380856425E-1
7.383709588E1,1.149303198E0,-4.227093607E-2,-2.529945374E-1
7.385726087E1,1.267517924E0,-2.190731615E-1,-1.719407588E-1
7.387742588E1,1.209428072E0,-2.419478148E-1,-6.674712896E-2
7.389759088E1,1.121411800E0,-1.480825245E-1,1.016030237E-1
7.391775588E1,1.107407570E0,-1.397998333E-1,3.061222136E-1
7.393792088E1,1.117079139E0,-1.143555865E-1,4.853054583E-1
7.395808587E1,1.082048893E0,-7.113396376E-2,6.341378093E-1
7.397825088E1,9.984081984E-1,-1.097074077E-1,7.400624752E-1
7.399841588E1,8.678836226E-1,-1.001466066E-1,8.348318934E-1
7.401858088E1,7.265368104E-1,5.476535857E-2,9.730052948E-1
7.403874588E1,5.544762015E-1,2.438399047E-1,1.130166173E0
7.405891087E1,5.335196853E-1,3.358608484E-1,1.230555415E0
7.407907587E1,6.369469762E-1,4.026431739E-1,1.219384432E0
7.409924088E1,6.349646449E-1,5.533264279E-1,1.170903444E0
7.411940588E1,4.918564260E-1,7.288752198E-1,1.157836795E0
7.413957088E1,1.970624924E-1,9.149015546E-1,1.232687712E0
7.415973588E1,-1.516283154E-1,1.002851367E0,1.412133217E0
7.417990087E1,-2.971412539E-1,1.146878004E0,1.486124158E0
7.420006588E1,-3.734897375E-1,1.389873743E0,1.458960772E0
7.422023088E1,-4.739594460E-1,1.508063912E0,1.445868850E0
7.424039588E1,-5.565091372E-1,1.349285007E0,1.426695704E0
7.426056088E1,-7.018756270E-1,1.079231620E0,1.402445078E0
7.428072587E1,-1.045191407E0,1.197070003E0,1.582164764E0
7.430089088E1,-1.594681263E0,1.342250109E0,1.951940656E0
7.432105588E1,-1.503370285E0,1.413394451E0,2.196728706E0
7.434122088E1,-8.370755911E-1,8.318055868E-1,2.042401552E0
7.436138588E1,-1.978610456E-1,-2.950078622E-2,1.560132504E0
7.438155087E1,3.454101738E-3,-3.817541301E-1,1.246470213E0
7.440171588E1,4.521258548E-2,-2.483630925E-1,1.359921575E0
7.442188088E1,6.954708602E-3,5.814526975E-2,1.636534929E0
7.444204588E1,2.277874015E-2,1.826591045E-1,1.801141143E0
7.446221088E1,1.599036902E-1,1.144708395E-1,1.848570466E0
7.448237587E1,2.387853116E-1,1.076134220E-1,1.882738948E0
7.450254087E1,2.145830244E-1,9.311064333E-2,1.940443277E0
7.452270588E1,1.071609110E-1,1.432625800E-1,2.057826519E0
7.454287088E1,2.614193363E-5,1.375339329E-1,2.143895864E0
7.456303588E1,-1.775400937E-1,2.394275218E-1,2.100210905E0
7.458320088E1,-3.046355546E-1,3.821375072E-1,2.054822683E0
7.460336587E1,-1.627665013E-1,3.735911846E-1,1.987536073E0
7.462353088E1,-1.838757843E-1,3.837683499E-1,1.872414589E0
7.464369588E1,-4.971355796E-1,2.755215764E-1,1.784348965E0
7.466386088E1,-8.811506033E-1,1.379156113E-1,1.759201169E0
7.468402588E1,-9.355755448E-1,8.969360497E-4,1.704409957E0
7.470419087E1,-5.671508312E-1,6.832221150E-2,1.512930751E0
7.472435588E1,-3.370231092E-1,-9.479711764E-3,1.166690946E0
7.474452088E1,-3.381941617E-1,-2.102946043E-1,9.263888597E-1
7.476468588E1,-3.938720822E-1,-1.793388277E-1,8.581104279E-1
7.478485058E1,-6.213616133E-1,2.004928142E-1,8.413538337E-1
7.480501558E1,-5.518092513E-1,7.153689861E-1,7.660623789E-1
7.482518058E1,1.023144051E-1,6.052156687E-1,4.851165414E-1
7.484534558E1,9.147669077E-1,-7.213964313E-2,1.575019024E-2
7.486551058E1,1.193343163E0,-4.723248184E-1,-3.016152978E-1
7.488567558E1,9.526141286E-1,-3.679196239E-1,-3.500997126E-1
7.490584058E1,6.400198340E-1,1.667148992E-2,-1.205959022E-1
7.492600558E1,5.601107478E-1,2.926365435E-1,1.461874247E-1
7.494617058E1,6.758826971E-1,2.961636186E-1,2.923862338E-1
7.496633558E1,8.930227757E-1,1.568479836E-1,2.691987455E-1
7.498650058E1,1.011270523E0,-1.168917492E-2,1.648025811E-1
7.500666558E1,9.712728858E-1,-1.720752865E-1,1.304627210E-1
7.502683058E1,8.750452995E-1,-2.749865055E-1,1.703900993E-1
7.504699558E1,7.446873784E-1,-3.711380959E-1,2.508431673E-1
7.506716058E1,6.225730777E-1,-3.793781400E-1,3.393998742E-1
7.508732558E1,5.413401127E-1,-1.590696722E-1,4.328658879E-1
7.510749058E1,5.180092454E-1,7.599193603E-2,4.622098804E-1
7.512765558E1,4.427843690E-1,1.832998246E-1,4.845477343E-1
7.514782058E1,2.947658598E-1,2.396031171E-1,5.636857748E-1
7.516798558E1,1.163220629E-1,3.061969280E-1,6.937230229E-1
7.518815058E1,-6.094058603E-2,2.949996293E-1,7.596142292E-1
7.520831558E1,-1.551187634E-1,3.706736267E-1,7.367810607E-1
7.522848058E1,-1.787914187E-1,4.834008515E-1,7.012950182E-1
7.524864558E1,-2.859705389E-1,6.647343636E-1,7.323263288E-1
7.526881058E1,-3.535920978E-1,8.164262772E-1,8.506315947E-1
7.528897558E1,-3.679061234E-1,6.864615679E-1,9.261385798E-1
7.530914058E1,-3.837364316E-1,3.563095629E-1,8.737787604E-1
7.532930558E1,-6.300424933E-1,2.497054189E-1,8.522816896E-1
7.534947058E1,-1.113294721E0,4.659076631E-1,1.013865590E0
7.536963558E1,-1.572873712E0,8.512351513E-1,1.353093147E0
7.538980058E1,-1.648433328E0,8.417650461E-1,1.505631208E0
7.540996558E1,-1.219896197E0,5.563258529E-1,1.359898448E0
7.543013058E1,-7.060256600E-1,7.940263301E-2,9.289687872E-1
7.545029558E1,-4.812421799E-1,-2.930715214E-3,5.642523766E-1
7.547046058E1,-4.829630256E-1,2.427405715E-1,5.881359577E-1
7.549062558E1,-6.030238271E-1,3.985602856E-1,8.459984660E-1
7.551079058E1,-6.453495622E-1,5.007882714E-1,1.142693758E0
7.553095558E1,-4.832246602E-1,6.354944110E-1,1.327937245E0
7.555112058E1,-3.669895530E-1,6.682173610E-1,1.304099679E0
7.557128558E1,-3.502465487E-1,5.665909052E-1,1.154998779E0
7.559145058E1,-4.133647978E-1,3.808446825E-1,1.090082645E0
7.561161558E1,-5.479457378E-1,2.591245770E-1,1.124356747E0
7.563178058E1,-5.967916250E-1,3.120773435E-1,1.191628933E0
7.565194558E1,-6.090418696E-1,4.257304072E-1,1.138630509E0
7.567211058E1,-6.917042136E-1,3.728471100E-1,9.869737625E-1
7.569227558E1,-6.978136897E-1,9.450330585E-2,8.732281923E-1
7.571244058E1,-5.647698641E-1,-1.029617935E-1,7.845853567E-1
7.573260558E1,-5.286777616E-1,-1.782466471E-1,6.629951596E-1
7.575277058E1,-6.807293296E-1,-2.793751359E-1,4.875295758E-1
7.577293558E1,-7.971805334E-1,-2.607972026E-1,3.333019018E-1
7.579310058E1,-6.678365469E-1,-1.023091450E-1,1.698938459E-1
7.581326558E1,-3.336524069E-1,-1.069391426E-2,-6.315517426E-2
7.583343058E1,1.067217067E-1,-2.179684043E-1,-3.580658734E-1
7.585359558E1,3.777535558E-1,-4.413839877E-1,-6.099681854E-1
7.587376058E1,4.606809914E-1,-5.071239471E-1,-7.741935253E-1
7.589392558E1,5.012065768E-1,-3.277543783E-1,-8.318973184E-1
7.591409058E1,7.299176455E-1,-1.278529465E-1,-9.129162431E-1
7.593425558E1,1.034016252E0,-1.283075511E-1,-1.064061522E0
7.595442058E1,1.297554970E0,-3.200995624E-1,-1.163086414E0
7.597458558E1,1.503321409E0,-4.483530521E-1,-1.184718847E0
7.599475058E1,1.562827706E0,-5.568483472E-1,-1.164734602E0
7.601491558E1,1.207226396E0,-9.245960116E-1,-1.133905292E0
7.603508058E1,9.198817611E-1,-1.227106929E0,-1.053234220E0
7.605524558E1,9.264930487E-1,-8.540436625E-1,-9.472417235E-1
7.607540958E1,5.662339926E-1,4.326738119E-1,-7.300899625E-1
7.609557458E1,5.217007995E-1,1.345476389E0,-4.372361600E-1
7.611573958E1,1.253634334E0,8.925807476E-1,-2.883453965E-1
7.613590458E1,1.495370269E0,-1.015404686E-1,-4.206828177E-1
7.615606958E1,1.129860044E0,-9.172218442E-1,-7.125634551E-1
7.617623458E1,1.010554790E0,-1.030338287E0,-6.283580661E-1
7.619639958E1,1.111193538E0,-6.655728221E-1,-2.897356451E-1
7.621656458E1,1.101059079E0,-3.712139726E-1,3.601937741E-2
7.623672958E1,9.594373107E-1,-3.609603345E-1,2.289015800E-1
7.625689458E1,8.285660744E-1,-4.482835531E-1,3.095524311E-1
7.627705958E1,8.171777129E-1,-4.693149328E-1,2.979954481E-1
7.629722458E1,9.474313259E-1,-3.355995715E-1,2.454582602E-1
7.631738958E1,1.133916140E0,-6.530971825E-2,1.791631430E-1
7.633755458E1,1.256265998E0,1.769969761E-1,2.231028676E-1
7.635771958E1,1.190878272E0,1.901271492E-1,3.822897077E-1
7.637788458E1,9.749192595E-1,1.086119190E-1,5.195506811E-1
7.639804958E1,7.198159099E-1,1.176780760E-1,5.906825066E-1
7.641821458E1,4.433449209E-1,2.011203319E-1,6.124708056E-1
7.643837958E1,1.504861563E-1,4.077571332E-1,6.473395824E-1
7.645854458E1,-2.502326369E-1,7.021529078E-1,8.760404587E-1
7.647870958E1,-6.529987454E-1,8.832784891E-1,1.153177977E0
7.649887458E1,-8.758647442E-1,5.294997096E-1,1.214035630E0
7.651903958E1,-1.536684036E0,1.867340207E-1,1.277694225E0
7.653920458E1,-3.053946495E0,4.616013169E-1,1.637688875E0
7.655936958E1,-4.104266644E0,4.659343064E-1,2.101992607E0
7.657953458E1,-4.048533440E0,3.382481933E-1,2.134967566E0
7.659969958E1,-3.698862314E0,4.414062798E-1,1.520884633E0
7.661986458E1,-2.419918537E0,1.336398005E0,9.403031468E-1
7.664002958E1,-1.793185472E0,1.680736423E0,3.893790245E-1
7.666019458E1,-2.085546732E0,1.125898838E0,3.171308637E-1
7.668035958E1,-1.993622780E0,5.548840761E-1,6.472154856E-1
7.670052458E1,-1.058738947E0,3.875951171E-1,5.612025857E-1
7.672068958E1,-7.340411097E-2,4.038374722E-1,-1.415706873E-1
7.674085458E1,5.889912844E-1,7.179735303E-1,-8.779859543E-1
7.676101958E1,7.800382376E-1,6.406524181E-1,-1.106338859E0
7.678118458E1,7.500412464E-1,2.494545728E-1,-1.056546688E0
7.680134908E1,5.482787490E-1,-5.516973138E-2,-9.687875509E-1
7.682151408E1,2.526379824E-1,-1.262520161E-2,-1.008563876E0
7.684167908E1,4.181670845E-1,1.391856838E-2,-1.107974052E0
7.686184408E1,9.785166979E-1,-1.239851415E-1,-1.130505204E0
7.688200908E1,1.391763091E0,-2.521352172E-1,-1.263785720E0
7.690217408E1,1.292136669E0,-4.537333548E-1,-1.351194382E0
7.692233908E1,1.125808716E0,-6.223835945E-1,-1.211648345E0
7.694250408E1,1.486598611E0,-8.263796568E-1,-1.021501899E0
7.696266808E1,2.014857769E0,-1.322971225E0,-1.075650215E0
7.698283308E1,2.245229244E0,-1.649728060E0,-1.375616908E0
7.700299808E1,2.265488863E0,-1.539510727E0,-1.555992723E0
7.702316308E1,2.075952530E0,-9.758720398E-1,-1.174078941E0
7.704332808E1,2.002230167E0,-4.248981178E-1,-7.163303494E-1
7.706349308E1,2.144633770E0,1.563512534E-1,-4.966034591E-1
7.708365808E1,2.078347683E0,7.834088206E-1,-3.804357052E-1
7.710382308E1,2.147074938E0,6.416239142E-1,-7.019977570E-1
7.712398808E1,2.253005028E0,-3.234989941E-2,-9.948140383E-1
7.714415308E1,1.982121110E0,-6.817778349E-1,-1.085526705E0
7.716431808E1,1.315442681E0,-8.333485126E-1,-8.599337339E-1
7.718448308E1,5.898647308E-1,-3.979170918E-1,-4.270735979E-1
7.720464808E1,1.464148909E-1,1.915269494E-1,2.998265438E-2
7.722481308E1,-1.171373576E-1,3.594388366E-1,2.679882050E-1
7.724497808E1,-3.743942082E-1,2.009887546E-1,3.507406116E-1
7.726514308E1,-6.410285830E-1,-2.169365296E-3,2.978810072E-1
7.728530808E1,-8.775922656E-1,1.035342142E-1,1.915946901E-1
7.730547308E1,-9.787517786E-1,3.311972916E-1,1.719935536E-1
7.732563808E1,-8.691726327E-1,5.211973190E-1,2.931169868E-1
7.734580308E1,-6.027414799E-1,7.430402637E-1,5.403949618E-1
7.736596808E1,-4.302675426E-1,8.551445603E-1,7.081812024E-1
7.738613308E1,-6.480479836E-1,8.906030059E-1,7.967846990E-1
7.740629808E1,-1.072160721E0,7.636204362E-1,1.050665855E0
7.742646308E1,-1.443784356E0,6.163402200E-1,1.456814408E0
7.744662808E1,-1.654534459E0,5.436214209E-1,1.870560408E0
7.746679308E1,-1.658366442E0,5.934511423E-1,2.098306417E0
7.748695808E1,-1.394089818E0,4.824879169E-1,2.052122355E0
7.750712308E1,-1.183771849E0,2.065759897E-1,1.744605899E0
7.752728808E1,-1.415185452E0,8.434222639E-2,1.599190474E0
7.754745308E1,-2.046423197E0,4.884731770E-1,1.743845344E0
7.756761808E1,-2.448365688E0,1.166022420E0,2.038729906E0
7.758778308E1,-2.721551657E0,1.547688127E0,2.178181887E0
7.760794708E1,-3.135421991E0,8.627386093E-1,1.871822715E0
7.762811208E1,-3.034621716E0,3.521874249E-1,9.842453599E-1
7.764827708E1,-2.570079565E0,-1.209472343E-1,-1.899813265E-1
7.766844208E1,-2.019623518E0,-4.315035343E-1,-6.127862930E-1
7.768860708E1,-1.471648216E0,-2.445435524E-1,-4.008578658E-1
7.770877208E1,-7.654529810E-1,1.999711394E-1,-3.068097234E-1
7.772893708E1,-2.230064273E-1,6.872974634E-1,-5.725260377E-1
7.774910208E1,1.479766052E-2,9.759992361E-1,-9.338256121E-1
7.776926708E1,3.176180422E-1,7.718593478E-1,-1.055358768E0
7.778943233E1,6.343248487E-1,2.654263675E-1,-1.065735459E0
7.780959733E1,9.487266541E-1,-1.536119264E-2,-1.193382740E0
7.782976233E1,1.288936853E0,6.483323872E-2,-1.389359951E0
7.784992733E1,1.575738668E0,7.372517884E-2,-1.539232850E0
7.787009233E1,1.815683961E0,-8.968118578E-2,-1.516872883E0
7.789025733E1,1.799649119E0,-9.263299108E-1,-1.433697462E0
7.791042233E1,1.737967730E0,-1.617563486E0,-1.262751341E0
7.793058733E1,1.876647353E0,-1.559503675E0,-1.307705641E0
7.795075233E1,2.503186226E0,-1.081864953E0,-1.465953469E0
7.797091733E1,3.296242476E0,-7.188929319E-1,-1.460844159E0
7.799108233E1,3.622294664E0,-9.123918414E-1,-1.362369776E0
7.801124733E1,3.301314592E0,-1.303413272E0,-1.101194859E0
7.803141233E1,2.615468740E0,-1.371975064E0,-6.285136938E-1
7.805157733E1,2.054390669E0,-9.750172496E-1,-3.553391993E-1
7.807174233E1,1.639873743E0,-1.347047240E-1,-2.030847073E-1
7.809190733E1,1.148576856E0,5.369604826E-1,-1.008683592E-1
7.811207233E1,9.236270785E-1,4.098889530E-1,-1.119345278E-1
7.813223633E1,6.361545920E-1,9.327971935E-2,-2.361489683E-1
7.815240133E1,-1.800176799E-1,1.320943981E-1,-2.678937316E-1
7.817256633E1,-1.301216602E0,1.956928223E-1,-9.055654705E-2
7.819273133E1,-2.143929720E0,3.443933651E-2,3.087337315E-1
7.821289633E1,-2.328439951E0,4.056986421E-2,5.430783033E-1
7.823306133E1,-2.081303596E0,2.540626824E-1,4.163290262E-1
7.825322633E1,-1.896958470E0,5.974475741E-1,7.988797873E-2
7.827339133E1,-1.712108970E0,9.519846439E-1,-9.971804172E-2
7.829355633E1,-1.571637392E0,1.229692459E0,3.642698377E-2
7.831372133E1,-1.478655219E0,1.334313154E0,3.528684080E-1
7.833388633E1,-1.274797201E0,1.098632097E0,6.296754479E-1
7.835405133E1,-9.845787883E-1,8.265162110E-1,8.701660633E-1
7.837421633E1,-9.198753238E-1,8.304640651E-1,1.109597325E0
7.839438133E1,-1.120344877E0,7.383342981E-1,1.343362331E0
7.841454633E1,-1.234187841E0,6.184723377E-1,1.625240445E0
7.843471133E1,-6.291041970E-1,7.986240387E-1,1.940743327E0
7.845487633E1,8.889704198E-2,1.060578465E0,2.137096167E0
7.847504133E1,3.376490176E-1,6.658788323E-1,2.100631475E0
7.849520633E1,3.542652726E-1,2.314025760E-1,1.890251756E0
7.851537133E1,5.551962182E-2,-2.467671037E-1,1.754459739E0
7.853553633E1,-3.178208470E-1,-7.502291352E-2,1.783059478E0
7.855570133E1,-9.595459104E-1,-5.746115744E-2,1.866862655E0
7.857586533E1,-1.174105763E0,2.076570317E-2,1.909301400E0
7.859603033E1,-1.218967438E0,-4.400296509E-1,1.746008635E0
7.861619533E1,-1.309205413E0,-9.605630636E-1,1.116798639E0
7.863636033E1,-1.286913157E0,-1.060415149E0,1.112750247E-1
7.865652533E1,-1.236958146E0,-6.136930585E-1,-6.493778229E-1
7.867669033E1,-8.397953510E-1,-1.510616392E-1,-8.719878793E-1
7.869685533E1,9.088412672E-2,9.410121292E-2,-9.224179983E-1
7.871702033E1,8.918606043E-1,9.744254500E-2,-1.176328063E0
7.873718533E1,1.112257361E0,1.803251356E-1,-1.433594823E0
7.875735033E1,1.000967026E0,2.735560238E-1,-1.489339471E0
7.877751533E1,8.006638885E-1,6.421298534E-2,-1.393631458E0
7.879768096E1,7.226763368E-1,-2.040020823E-1,-1.215838909E0
7.881784596E1,7.425389290E-1,-3.761084974E-1,-1.126716018E0
7.883801096E1,8.605378270E-1,-3.404234946E-1,-1.147377372E0
7.885817596E1,1.105714202E0,-2.852312326E-1,-1.170568228E0
7.887834096E1,1.315489531E0,-4.467209280E-1,-1.159409285E0
7.889850596E1,1.577852964E0,-4.123864472E-1,-1.155451179E0
7.891867096E1,1.702746868E0,-4.072887897E-1,-1.120780230E0
7.893883596E1,1.910691142E0,-8.006993532E-1,-1.082386732E0
7.895900096E1,1.890399933E0,-1.280995250E0,-1.057690501E0
7.897916496E1,1.660467863E0,-1.275719166E0,-8.803985715E-1
7.899932996E1,1.448559165E0,-2.744206786E-1,-4.159697294E-1
7.901949496E1,9.008387327E-1,1.136685610E0,4.078134894E-2
7.903965996E1,8.821142316E-1,1.304753065E0,1.857217103E-1
7.905982496E1,1.412233829E0,3.653541803E-1,-7.585579529E-3
7.907998996E1,1.453456044E0,-5.904133320E-1,-4.465018511E-1
7.910015496E1,7.838083506E-1,-8.327257633E-1,-5.467209816E-1
7.912031996E1,9.456086159E-2,-5.273415446E-1,-1.100837961E-1
7.914048496E1,-1.051485017E-1,-2.985544801E-1,3.828459680E-1
7.916064996E1,4.287403822E-2,-3.043469191E-1,5.094333291E-1
7.918081496E1,1.161450073E-1,-4.435334802E-1,3.564436436E-1
7.920097996E1,-3.127582371E-2,-4.870285392E-1,9.228214622E-2
7.922114496E1,-2.123661041E-1,-2.819819152E-1,-8.739642799E-2
7.924130996E1,-2.850114703E-1,6.354717910E-2,-1.004355699E-1
7.926147496E1,-2.110270709E-1,2.895199955E-1,3.400269151E-2
7.928163996E1,-2.176308036E-1,4.303339720E-1,2.653296292E-1
7.930180496E1,-3.700166643E-1,5.876001716E-1,5.493856668E-1
7.932196996E1,-5.034967065E-1,6.843816638E-1,8.850178719E-1
7.934213496E1,-6.879804134E-1,7.687674165E-1,1.176627755E0
7.936229896E1,-9.403407574E-1,9.241542220E-1,1.417998195E0
7.938246396E1,-8.383565545E-1,1.037266731E0,1.562462568E0
7.940262896E1,-5.242436528E-1,6.310979724E-1,1.680845022E0
7.942279396E1,-9.167017937E-1,4.122432768E-1,1.637351990E0
7.944295896E1,-1.765416980E0,1.929451227E-1,1.544385195E0
7.946312396E1,-2.136140108E0,2.839262187E-1,1.698750854E0
7.948328896E1,-2.368807077E0,1.494093332E-2,1.670887470E0
7.950345396E1,-2.498040438E0,-1.563175619E-1,1.359715581E0
7.952361896E1,-2.281337976E0,5.605525374E-1,8.912932277E-1
7.954378396E1,-2.400430441E0,7.269459367E-1,2.668729722E-1
7.956394896E1,-2.183600664E0,5.169699788E-1,-3.275675699E-2
7.958411396E1,-1.403701782E0,3.867679238E-1,-3.288215697E-1
7.960427896E1,-5.629152060E-1,3.608523607E-1,-7.892819047E-1
7.962444396E1,-5.380123854E-1,3.072575033E-1,-1.079329848E0
7.964460896E1,-5.316449404E-1,2.656628191E-1,-8.950743675E-1
7.966477396E1,-3.365639746E-1,3.769530952E-1,-6.447325945E-1
7.968493896E1,-8.062518388E-2,2.927076221E-1,-6.163306832E-1
7.970510396E1,3.335106969E-1,3.075999953E-2,-7.200074196E-1
7.972526796E1,8.161233664E-1,-1.179905385E-1,-8.436851501E-1
7.974543296E1,1.116668582E0,-2.585525811E-1,-9.396228194E-1
7.976559796E1,1.224320650E0,-4.314320087E-1,-9.971388578E-1
7.978576296E1,1.428893924E0,-3.818718791E-1,-1.039426327E0
7.980592708E1,1.635748029E0,-1.971364617E-1,-1.099515915E0
7.982609208E1,1.836398005E0,-5.993223935E-2,-1.135955930E0
7.984625708E1,2.120443821E0,-2.720082104E-1,-1.176751494E0
7.986642208E1,2.147522449E0,-6.200366616E-1,-1.086420774E0
7.988658708E1,1.783028722E0,-5.925791860E-1,-9.230788946E-1
7.990675208E1,1.635135889E0,-6.407955289E-2,-7.427412868E-1
7.992691708E1,1.769421101E0,3.392426670E-1,-5.308409929E-1
7.994708208E1,1.861652493E0,2.233205587E-1,-3.964734674E-1
7.996724708E1,1.510918260E0,-1.054346859E-1,-3.511949182E-1
7.998741208E1,8.037915826E-1,-1.811111867E-1,-2.335946113E-1
8.000757708E1,1.715686619E-1,-1.973675191E-1,6.081015989E-2
8.002774208E1,-1.893735081E-1,-4.484363198E-1,2.880013585E-1
8.004790608E1,-2.218953222E-1,-8.401746750E-1,2.316749990E-1
8.006807108E1,1.161141396E-1,-9.965273738E-1,1.476160716E-2
8.008823608E1,4.856993854E-1,-8.061998487E-1,-1.626689285E-1
8.010840108E1,7.064501047E-1,-4.684566855E-1,-2.250793576E-1
8.012856608E1,8.970015645E-1,-2.745228112E-1,-2.387881130E-1
8.014873108E1,9.796580076E-1,-1.279840022E-1,-1.919482499E-1
8.016889608E1,9.122524261E-1,-5.523855612E-2,-8.618323505E-2
8.018906108E1,7.616792917E-1,4.546998814E-2,7.832484692E-2
8.020922608E1,6.762464046E-1,3.873570859E-1,2.004044056E-1
8.022939108E1,6.315705180E-1,8.420356512E-1,4.026577771E-1
8.024955608E1,4.521202445E-1,1.112261891E0,7.062462568E-1
8.026972108E1,1.404818594E-1,1.133571506E0,1.003338695E0
8.028988608E1,-1.183891445E-1,1.025316000E0,1.173687458E0
8.031005108E1,-4.001597464E-1,7.458656430E-1,1.115482926E0
8.033021608E1,-8.859774470E-1,1.279944330E-1,8.703542352E-1
8.035038108E1,-2.167825699E0,4.258142039E-2,1.105874419E0
8.037054508E1,-3.858614683E0,4.476611614E-1,1.821000338E0
8.039071008E1,-4.398988247E0,1.147406220E0,2.044410706E0
8.041087508E1,-3.678933144E0,1.565535188E0,1.582781076E0
8.043104008E1,-2.611338854E0,1.200042486E0,6.571387053E-1
8.045120508E1,-1.977495432E0,7.918105721E-1,4.987390712E-4
8.047137008E1,-1.730043292E0,4.685890973E-1,-5.484973639E-2
8.049153508E1,-1.712965012E0,2.645933032E-1,1.383292228E-1
8.051170008E1,-1.693859220E0,1.477166116E-1,4.243058562E-1
8.053186508E1,-1.681577563E0,1.713792980E-2,5.504820347E-1
8.055203008E1,-1.559367180E0,-1.126333997E-1,6.420012116E-1
8.057219508E1,-1.124915719E0,-1.607672125E-1,7.041780949E-1
8.059236008E1,-5.026785731E-1,-9.174589813E-2,4.278350472E-1
8.061252508E1,1.987009048E-1,-3.646083176E-2,1.718506031E-2
8.063269008E1,6.296034455E-1,-3.856902197E-2,-3.063912988E-1
8.065285508E1,8.656593561E-1,-4.181347415E-2,-4.530363381E-1
8.067301908E1,9.733832479E-1,-1.243214980E-1,-6.272320151E-1
8.069318408E1,1.193363786E0,-2.789739072E-1,-8.773282170E-1
8.071334908E1,1.522208452E0,-3.788889647E-1,-1.076176643E0
8.073351408E1,1.822877765E0,-6.080734134E-1,-1.061579585E0
8.075367908E1,1.918316960E0,-1.183526874E0,-1.040879130E0
8.077384408E1,1.962802529E0,-1.293260694E0,-1.039385676E0
8.079400988E1,2.012085199E0,-5.915157795E-1,-1.042413950E0
8.081417488E1,1.670608997E0,3.823722899E-1,-7.186318040E-1
8.083433988E1,1.318025589E0,8.204414845E-1,-2.903842032E-1
8.085450487E1,1.023333430E0,1.147831157E-1,-1.404382437E-1
8.087466988E1,8.225453496E-1,-1.006828666E0,-2.412389219E-1
8.089483488E1,8.634927869E-1,-1.537063599E0,-3.311776519E-1
8.091499988E1,1.041972280E0,-1.271894455E0,-3.342736363E-1
8.093516488E1,1.186959624E0,-6.060664058E-1,-2.487903237E-1
8.095532987E1,1.150950313E0,-2.791860104E-1,-4.845384508E-2
8.097549388E1,1.128630161E0,-4.530615211E-1,1.547223479E-1
8.099565888E1,1.157457232E0,-6.818153262E-1,2.378042489E-1
8.101582388E1,1.246496558E0,-7.217518091E-1,2.205645442E-1
8.103598887E1,1.277944207E0,-5.051193833E-1,2.661703825E-1
8.105615388E1,1.180316329E0,-1.584378928E-1,4.345813692E-1
8.107631888E1,1.045699716E0,6.972394884E-2,5.865117908E-1
8.109648388E1,9.241250157E-1,1.899272054E-1,6.273183227E-1
8.111664888E1,7.089024186E-1,4.184334278E-1,7.300478816E-1
8.113681387E1,3.419146240E-1,7.699256539E-1,9.478455186E-1
8.115697888E1,-5.985467508E-2,1.051119328E0,1.224117756E0
8.117714388E1,-4.135360122E-1,1.130194545E0,1.394615173E0
8.119730888E1,-5.974898934E-1,1.007213473E0,1.386005402E0
8.121747388E1,-8.993476033E-1,8.967656493E-1,1.353614450E0
8.123763788E1,-1.473096132E0,8.566125035E-1,1.527580142E0
8.125780288E1,-2.011136532E0,7.592653632E-1,1.733695507E0
8.127796788E1,-2.100529432E0,6.356952190E-1,1.740336895E0
8.129813288E1,-1.625924706E0,4.078523219E-1,1.528909445E0
8.131829787E1,-1.176741362E0,3.226147890E-1,1.302366257E0
8.133846288E1,-1.217459440E0,5.825568438E-1,1.258892417E0
8.135862788E1,-1.400441408E0,7.137457728E-1,1.350667477E0
8.137879288E1,-1.493596554E0,4.473372400E-1,1.540634394E0
8.139895788E1,-1.272715330E0,2.365707904E-1,1.662903547E0
8.141912287E1,-8.669300079E-1,1.266487241E-1,1.617523313E0
8.143928787E1,-5.866590738E-1,2.174169570E-1,1.592428565E0
8.145945288E1,-5.373880267E-1,4.411871731E-1,1.682101607E0
8.147961788E1,-4.879693687E-1,3.615132868E-1,1.711483836E0
8.149978187E1,-1.852785945E-1,6.043318287E-2,1.493387580E0
8.151994687E1,1.999111474E-1,-1.216807738E-1,1.165318012E0
8.154011188E1,3.975979090E-1,-1.019749194E-1,1.010765195E0
8.156027688E1,4.582398534E-1,-1.333125681E-1,1.027939200E0
8.158044188E1,4.008675814E-1,-2.094872147E-1,1.114910722E0
8.160060687E1,3.321008682E-1,-2.802986503E-1,1.147434115E0
8.162077187E1,2.526302934E-1,-4.180383980E-1,1.078046441E0
8.164093688E1,2.477985471E-1,-6.339012384E-1,9.238507152E-1
8.166110188E1,4.210544825E-1,-7.310058475E-1,7.521122694E-1
8.168126688E1,4.510763288E-1,-8.539956212E-1,4.863121510E-1
8.170143188E1,5.501650572E-1,-8.665146232E-1,1.435314417E-1
8.172159687E1,6.525342464E-1,-6.569970250E-1,-1.135702431E-1
8.174176188E1,6.298654675E-1,-8.977147937E-2,-2.322827727E-1
8.176192588E1,4.770319164E-1,3.694946468E-1,-1.953680962E-1
8.178209088E1,5.847377181E-1,2.479878068E-1,-8.104181290E-2
8.180225538E1,9.814334512E-1,-1.011758149E-1,-5.405408889E-2
8.182242038E1,1.212100863E0,-2.533786893E-1,-1.275127381E-1
8.184258538E1,1.105879068E0,3.146841377E-2,-1.120539531E-1
8.186275038E1,8.337002993E-1,2.814643085E-1,1.248533204E-1
8.188291537E1,7.405525446E-1,1.493511796E-1,3.835256398E-1
8.190308038E1,8.838950992E-1,-2.504281104E-1,5.028823614E-1
8.192324538E1,9.524304867E-1,-4.983798862E-1,5.323795080E-1
8.194341038E1,8.858882189E-1,-2.810737193E-1,6.215813756E-1
8.196357538E1,9.746436477E-1,1.137042120E-1,7.708923221E-1
8.198374037E1,1.196892262E0,2.739010453E-1,9.049695134E-1
8.200390438E1,1.191617846E0,1.892516166E-1,9.796853662E-1
8.202406938E1,8.997535110E-1,1.312070191E-1,1.057755232E0
8.204423438E1,5.748766065E-1,2.371418625E-1,1.258644819E0
8.206439937E1,3.765807450E-1,3.773147166E-1,1.438652873E0
8.208456437E1,3.163605928E-1,5.020816922E-1,1.497993469E0
8.210472938E1,2.287222743E-1,6.088995934E-1,1.468120813E0
8.212489438E1,9.094339609E-2,7.139225602E-1,1.390246749E0
8.214505938E1,-6.716952194E-3,8.002898097E-1,1.366619349E0
8.216522437E1,-1.496840566E-1,9.161576629E-1,1.405473113E0
8.218538937E1,-3.463468254E-1,1.040585995E0,1.463838220E0
8.220555438E1,-5.240063071E-1,1.054435253E0,1.486801267E0
8.222571938E1,-7.066214085E-1,1.158208966E0,1.514284611E0
8.224588337E1,-7.263435721E-1,1.208666444E0,1.529778481E0
8.226604837E1,-7.326223254E-1,1.099931836E0,1.512826443E0
8.228621338E1,-5.220647454E-1,8.656915426E-1,1.483884215E0
8.230637838E1,-1.924281567E-1,8.037473559E-1,1.397392273E0
8.232654338E1,-2.618002594E-1,1.027306437E0,1.282355189E0
8.234670838E1,-9.234506488E-1,1.476242900E0,1.458739996E0
8.236687337E1,-1.310926914E0,1.276121259E0,1.737782240E0
8.238703838E1,-9.534830451E-1,5.071141124E-1,1.789550066E0
8.240720338E1,-3.321921229E-1,-1.440347135E-1,1.427558661E0
8.242736838E1,1.090641022E-1,-4.390731454E-3,1.138677239E0
8.244753338E1,3.428828120E-1,2.754932642E-1,1.411266923E0
8.246769837E1,4.360441864E-1,2.216320783E-1,1.784848809E0
8.248786238E1,5.046622753E-1,-1.831513131E-3,1.863820910E0
8.250802738E1,6.763588786E-1,-1.872677654E-1,1.875602007E0
8.252819238E1,7.863549590E-1,-1.763542444E-1,1.965608954E0
8.254835737E1,6.893793344E-1,4.239913076E-3,2.053809881E0
8.256852238E1,5.064095855E-1,2.023437321E-1,2.091056824E0
8.258868738E1,3.686828613E-1,4.397460818E-1,2.030515432E0
8.260885238E1,3.210816681E-1,5.832244754E-1,2.003156185E0
8.262901738E1,2.342967838E-1,6.785814166E-1,2.019634962E0
8.264918237E1,5.138445646E-2,6.880095005E-1,2.028263807E0
8.266934738E1,-1.067066789E-1,5.817393064E-1,2.071371794E0
8.268951238E1,-1.324886978E-1,4.607894123E-1,2.055747747E0
8.270967738E1,-6.156684458E-2,3.514304459E-1,2.031393051E0
8.272984137E1,-3.520529717E-2,2.739337087E-1,1.956746101E0
8.275000638E1,-3.565734951E-3,2.479495257E-1,1.844048619E0
8.277017138E1,1.732724011E-1,2.616199851E-1,1.621237159E0
8.279033608E1,3.598105311E-1,2.187409997E-1,1.389774323E0
8.281050108E1,4.572877288E-1,5.520707928E-3,1.241280079E0
8.283066608E1,2.974686623E-1,-2.959142029E-1,1.026591301E0
8.285083108E1,1.601052657E-2,-4.164051414E-1,8.074505329E-1
8.287099608E1,-1.836587042E-1,-6.794542819E-2,6.784777641E-1
8.289116108E1,-3.683601022E-1,3.633188605E-1,6.133269668E-1
8.291132608E1,-2.680339515E-1,4.801464975E-1,5.686067343E-1
8.293149108E1,1.540202796E-1,2.388982177E-1,4.284887314E-1
8.295165508E1,5.733575225E-1,1.685266569E-2,1.062260047E-1
8.297182008E1,7.669152617E-1,-9.562824667E-2,-1.995067447E-1
8.299198508E1,5.134035349E-1,-1.508095413E-1,-2.666386962E-1
8.301215008E1,9.307079017E-2,-1.038361862E-1,-1.057088077E-1
8.303231508E1,1.427923888E-1,2.333475836E-2,1.162529737E-1
8.305248008E1,5.649674535E-1,2.007967234E-1,2.095234096E-1
8.307264508E1,8.093595505E-1,3.101336956E-1,1.040476412E-1
8.309281008E1,7.690290809E-1,2.043753117E-1,-5.149147287E-2
8.311297508E1,5.468184948E-1,6.415709108E-2,-6.374736875E-2
8.313314008E1,3.811833560E-1,-5.723268166E-2,2.709475346E-2
8.315330508E1,2.370514274E-1,5.680393428E-2,1.719457209E-1
8.317346908E1,1.248745471E-1,2.171799988E-1,3.146785498E-1
8.319363408E1,1.397780627E-1,1.461572349E-1,3.645634055E-1
8.321379908E1,2.591521740E-1,1.097408906E-1,3.638149500E-1
8.323396408E1,1.777269989E-1,1.855065227E-1,3.461739123E-1
8.325412908E1,-1.096698642E-1,1.877932847E-1,3.647251725E-1
8.327429408E1,-3.385962248E-1,9.792924672E-2,2.562172413E-1
8.329445908E1,-3.577072918E-1,8.240593970E-2,1.569496393E-1
8.331462408E1,-1.897033453E-1,1.720643044E-1,2.026867718E-1
8.333478908E1,8.264128119E-3,6.790864468E-1,3.096270561E-1
8.335495408E1,1.632507145E-1,6.210356951E-1,3.586553335E-1
8.337511908E1,4.681998864E-2,3.457846642E-1,3.487672806E-1
8.339528308E1,-1.665041298E-1,1.888171881E-1,4.243520498E-1
8.341544808E1,-2.157365382E-1,-2.468003631E-1,5.046865344E-1
8.343561308E1,7.690972835E-2,-6.501972079E-1,3.917117715E-1
8.345577808E1,9.919200093E-3,-6.599281430E-1,2.388263941E-1
8.347594308E1,-4.369103014E-1,-2.492892295E-1,3.228158057E-1
8.349610808E1,-4.160797894E-1,-1.607921422E-1,4.028593302E-1
8.351627308E1,-1.958539337E-1,-1.512299776E-1,4.335847199E-1
8.353643808E1,-2.629159391E-2,-1.543823630E-1,4.596664906E-1
8.355660308E1,1.252502799E-1,-3.666736558E-2,5.515897274E-1
8.357676808E1,2.279665619E-1,3.882869780E-1,6.244593859E-1
8.359693208E1,3.849250078E-1,7.318012118E-1,6.301998496E-1
8.361709708E1,3.376711011E-1,6.301656961E-1,6.825094223E-1
8.363726208E1,3.748984262E-2,4.901867509E-1,8.785376549E-1
8.365742708E1,-1.118522435E-1,3.946386576E-1,1.040777206E0
8.367759208E1,-2.259665728E-1,3.899221420E-1,1.071316481E0
8.369775708E1,-2.059172243E-1,4.773951173E-1,1.075447798E0
8.371792208E1,-1.925432682E-1,4.736834764E-1,1.248120904E0
8.373808708E1,-1.819180548E-1,4.143098891E-1,1.437374949E0
8.375825208E1,-2.552559972E-1,4.925240278E-1,1.426283240E0
8.377841708E1,-3.436924219E-1,6.019873023E-1,1.141892910E0
8.379858213E1,-3.563771248E-1,4.887818396E-1,1.081846476E0
8.381874613E1,-4.822037220E-1,-4.916459695E-2,1.191883445E0
8.383891112E1,-7.769709229E-1,-3.570175767E-1,1.176314592E0
8.385907612E1,-8.307214975E-1,-2.272691727E-1,1.089510679E0
8.387924113E1,-7.463561296E-1,-1.994965971E-2,9.417327642E-1
8.389940613E1,-7.136471272E-1,1.486833692E-1,8.478149772E-1
8.391957113E1,-6.411706209E-1,3.938991129E-1,9.123066664E-1
8.393973613E1,-3.946489990E-1,4.601845443E-1,1.007808447E0
8.395990112E1,-2.185256779E-1,2.980168760E-1,8.529260755E-1
8.398006613E1,-1.195740625E-1,1.466160407E-3,5.920083523E-1
8.400023113E1,-1.192189083E-1,-6.921596080E-2,3.586193919E-1
8.402039513E1,-1.992264837E-1,1.804697216E-1,3.388228416E-1
8.404056012E1,-1.855265200E-1,4.479200244E-1,4.051482081E-1
8.406072513E1,4.137666151E-2,3.494914472E-1,3.971514702E-1
8.408089013E1,3.517764807E-1,-1.058158278E-1,1.787892133E-1
8.410105513E1,7.057864666E-1,-3.317869306E-1,-2.112470195E-2
8.412122013E1,8.540030122E-1,-3.356115222E-1,-1.356662810E-1
8.414138512E1,5.649367571E-1,-3.140615523E-1,-2.123749703E-1
8.416155013E1,1.089363322E-1,-1.958720237E-1,-2.755165398E-1
8.418171513E1,-1.477417648E-1,-1.879988238E-2,-2.243360728E-1
8.420188013E1,-3.269830644E-1,9.575475454E-1,1.343647987E-1
8.422204412E1,3.003494143E-1,1.230967879E0,3.143118322E-1
8.424220913E1,1.180706620E0,7.606263459E-2,-8.600395173E-2
8.426237413E1,1.384026170E0,-7.775532007E-1,-5.331520438E-1
8.428253913E1,1.068234801E0,-7.046769857E-1,-6.668931842E-1
8.430270413E1,7.954184413E-1,-3.422608376E-1,-4.789559543E-1
8.432286912E1,7.773743272E-1,-1.858757734E-1,-2.992798388E-1
8.434303413E1,8.581769466E-1,-5.088312030E-1,-2.434370369E-1
8.436319913E1,9.402685761E-1,-8.634936213E-1,-3.238286972E-1
8.438336413E1,9.651548862E-1,-9.342291355E-1,-4.530946910E-1
8.440352913E1,1.017414570E0,-7.271018624E-1,-5.050010681E-1
8.442369412E1,1.054416895E0,-3.647126555E-1,-4.401475191E-1
8.444385813E1,9.666563272E-1,1.117183194E-1,-3.566311598E-1
8.446402313E1,8.973582387E-1,5.734487772E-1,-2.861465812E-1
8.448418813E1,8.124708533E-1,7.761618495E-1,-1.379352957E-1
8.450435312E1,7.446172237E-1,7.086237073E-1,-6.845974829E-3
8.452451813E1,6.929210424E-1,5.280035734E-1,4.439518228E-2
8.454468313E1,6.303716898E-1,4.330321550E-1,7.689264417E-2
8.456484813E1,4.693670273E-1,4.959498942E-1,1.669188887E-1
8.458501313E1,1.693236381E-1,6.688227654E-1,3.317636251E-1
8.460517812E1,-1.225730777E-1,6.462851763E-1,4.621865153E-1
8.462534312E1,-3.156303167E-1,6.544623375E-1,5.808241963E-1
8.464550813E1,-3.474197090E-1,5.597548485E-1,6.052575111E-1
8.466567313E1,-4.689343274E-1,3.829298615E-1,6.624177098E-1
8.468583813E1,-8.015497327E-1,3.253389001E-1,9.087522030E-1
8.470600212E1,-1.468811274E0,5.286673903E-1,1.293196082E0
8.472616713E1,-2.336089611E0,4.884587824E-1,1.525801182E0
8.474633213E1,-2.896531820E0,2.324695885E-1,1.653933525E0
8.476649713E1,-2.947202921E0,5.246990174E-2,1.700440288E0
8.478666212E1,-3.232689857E0,2.819041610E-1,1.613507390E0
8.480682758E1,-3.478637218E0,1.142952085E0,1.382703424E0
8.482699258E1,-2.743063450E0,1.948751450E0,1.022820354E0
8.484715758E1,-1.994124174E0,1.605670214E0,5.239915848E-1
8.486732258E1,-1.719397306E0,7.055419087E-1,4.102766141E-2
8.488748758E1,-1.709901333E0,-3.481200039E-1,-4.853124544E-2
8.490765258E1,-1.351626277E0,-3.207060695E-1,2.236660197E-2
8.492781758E1,-6.613975763E-1,3.027733266E-1,-7.422003150E-2
8.494798258E1,-1.732919216E-1,6.722999811E-1,-2.428456992E-1
8.496814658E1,1.704315841E-2,5.772244334E-1,-3.222567141E-1
8.498831158E1,1.628319472E-1,8.844369650E-2,-4.707468152E-1
8.500847658E1,3.221333921E-1,-2.601259649E-1,-6.855111718E-1
8.502864158E1,5.702313781E-1,-3.258995116E-1,-8.831244707E-1
8.504880658E1,9.757890701E-1,-2.358313352E-1,-1.045679450E0
8.506897158E1,1.489413261E0,-2.571372986E-1,-1.056321502E0
8.508913658E1,1.859679222E0,-5.321604609E-1,-8.508391976E-1
8.510930158E1,1.817346573E0,-9.337338209E-1,-6.875841618E-1
8.512946658E1,1.717836618E0,-1.252353907E0,-6.728938818E-1
8.514963158E1,1.563953757E0,-1.483380318E0,-8.167546988E-1
8.516979658E1,2.002758026E0,-1.585782051E0,-7.436032295E-1
8.518996158E1,2.678907871E0,-1.798106313E0,-6.563419700E-1
8.521012658E1,2.644673347E0,-1.771395326E0,-5.754578114E-1
8.523029158E1,2.097214460E0,-1.416507840E0,-5.116760135E-1
8.525045558E1,1.624273896E0,-8.756864667E-1,-5.511677265E-1
8.527062058E1,7.405914068E-1,-1.514171809E-1,-2.857060730E-1
8.529078558E1,7.713094354E-2,3.322394788E-1,8.941993862E-2
8.531095058E1,2.605969906E-1,-1.055995747E-1,6.125180423E-2
8.533111558E1,6.182466745E-1,-8.382050395E-1,-2.578531504E-1
8.535128058E1,7.129032016E-1,-1.003356695E0,-4.685972333E-1
8.537144558E1,5.269115567E-1,-4.265508056E-1,-3.914839327E-1
8.539161058E1,7.382512093E-2,2.412241846E-1,-1.521717757E-2
8.541177558E1,-2.681076825E-1,3.219642043E-1,3.383916914E-1
8.543194058E1,-2.049859464E-1,1.722975671E-1,2.351571769E-1
8.545210558E1,1.302179098E-1,1.461779028E-1,-2.276506461E-2
8.547227058E1,2.428910583E-1,2.925277054E-1,-1.949324757E-1
8.549243558E1,2.402691841E-1,5.842847228E-1,-2.383126318E-1
8.551260058E1,2.941495478E-1,9.334371686E-1,-1.545085758E-1
8.553276458E1,4.177217484E-1,1.144222856E0,9.820667095E-3
8.555292958E1,4.307599366E-1,1.072995424E0,2.024173886E-1
8.557309458E1,2.246498317E-1,9.122239947E-1,4.782437682E-1
8.559325958E1,-5.156996846E-2,7.289029956E-1,8.339216113E-1
8.561342458E1,-1.853208244E-1,8.266054392E-1,1.159515500E0
8.563358958E1,8.951547742E-2,1.236406803E0,1.408628821E0
8.565375458E1,4.196623862E-1,1.173371196E0,1.505241275E0
8.567391958E1,2.237344086E-1,5.644600987E-1,1.534901142E0
8.569408458E1,-5.767231584E-1,-2.154952139E-1,1.777811408E0
8.571424958E1,-1.569967985E0,-2.324340641E-1,2.211862087E0
8.573441458E1,-1.995823622E0,3.056114316E-1,2.438937902E0
8.575457958E1,-2.038187027E0,5.244319439E-1,2.308904648E0
8.577474458E1,-2.161238670E0,2.141705155E-1,1.893822670E0
8.579490933E1,-2.190444469E0,-4.357671365E-2,1.390384674E0
8.581507333E1,-2.196260214E0,1.496293992E-1,9.912900925E-1
8.583523833E1,-2.230792522E0,5.424187183E-1,7.820320129E-1
8.585540333E1,-1.654483914E0,9.824636579E-1,5.992205143E-1
8.587556833E1,-5.260965824E-1,9.668665528E-1,1.963933110E-1
8.589573333E1,2.760491073E-1,8.246654868E-1,-8.132597804E-2
8.591589833E1,6.189000607E-1,6.415113807E-1,-6.465122104E-2
8.593606333E1,6.581075191E-1,5.031784773E-1,4.375212267E-2
8.595622833E1,5.393126607E-1,4.580689669E-1,1.552345157E-1
8.597639333E1,5.596196055E-1,4.044592679E-1,2.322768867E-1
8.599655833E1,5.757702589E-1,1.597358286E-2,2.198108435E-1
8.601672333E1,4.546169043E-1,-5.189270973E-1,1.861657500E-1
8.603688833E1,3.092817962E-1,-8.530194163E-1,9.894961864E-2
8.605705233E1,3.322983682E-1,-9.237603545E-1,7.149807177E-3
8.607721733E1,4.768076837E-1,-8.463210464E-1,-9.494528174E-2
8.609738233E1,6.483552456E-1,-7.622888088E-1,-2.103239596E-1
8.611754733E1,5.294102430E-1,-6.698433757E-1,-2.522222102E-1
8.613771233E1,2.970539927E-1,-7.144596577E-1,-1.690993011E-1
8.615787733E1,4.376188517E-1,-8.307444453E-1,-2.279921770E-1
8.617804233E1,8.920030594E-1,-1.069124937E0,-5.636925697E-1
8.619820733E1,9.863087535E-1,-1.514022470E0,-9.143574834E-1
8.621837233E1,5.730530620E-1,-1.731576681E0,-9.777264595E-1
8.623853733E1,3.624528944E-1,-1.349173665E0,-9.495858550E-1
8.625870233E1,4.550594389E-1,-5.560457110E-1,-9.477404356E-1
8.627886633E1,8.675649166E-1,-9.885564446E-3,-1.254805207E0
8.629903133E1,1.297222376E0,-3.539548516E-1,-1.582279205E0
8.631919633E1,1.287471533E0,-1.218536496E0,-1.498183489E0
8.633936133E1,9.131419659E-1,-1.717238665E0,-1.332538843E0
8.635952633E1,6.264489293E-1,-1.388954997E0,-1.093880415E0
8.637969133E1,4.681395590E-1,-7.455512285E-1,-8.840548396E-1
8.639985633E1,5.010324121E-1,-4.179017842E-1,-8.081918359E-1
8.642002133E1,5.154070258E-1,-3.470338285E-1,-7.406400442E-1
8.644018633E1,3.731256425E-1,-2.275190949E-1,-5.786173344E-1
8.646035133E1,2.955540121E-1,-3.398561105E-2,-4.801289737E-1
8.648051633E1,2.136673629E-1,2.116032094E-1,-3.816962838E-1
8.650068033E1,1.396508962E-1,4.487833977E-1,-1.731240153E-1
8.652084533E1,1.214242131E-1,5.971067548E-1,6.445462257E-2
8.654101033E1,1.618252844E-1,6.658151746E-1,1.951961964E-1
8.656117533E1,1.993318349E-1,7.417350411E-1,2.620081306E-1
8.658134033E1,1.572768688E-1,7.334195375E-1,3.346009552E-1
8.660150533E1,7.068000734E-3,6.446710825E-1,4.715944529E-1
8.662167033E1,-1.513606310E-1,7.088147402E-1,6.795566678E-1
8.664183533E1,-2.249295264E-1,9.134932756E-1,8.660580516E-1
8.666200033E1,-1.251815408E-1,1.062061787E0,9.735973477E-1
8.668216533E1,5.097992346E-2,8.788974285E-1,9.685404897E-1
8.670232933E1,-2.786066011E-2,4.408490956E-1,9.344726205E-1
8.672249433E1,-3.846786618E-1,3.911214694E-2,1.032665491E0
8.674265933E1,-1.115819812E0,-1.765233278E-1,1.143408418E0
8.676282433E1,-1.876044154E0,-1.548077613E-1,1.147060037E0
8.678298933E1,-2.373396158E0,1.387750804E-1,1.112476826E0
8.680315483E1,-2.398303032E0,5.383418202E-1,8.509417772E-1
8.682331983E1,-2.257529020E0,8.909696341E-1,3.651292026E-1
8.684348483E1,-1.907596111E0,1.344744086E0,1.262927204E-1
8.686364983E1,-1.298898101E0,1.383657455E0,6.741993874E-2
8.688381383E1,-7.917478085E-1,6.676676869E-1,-7.196705788E-2
8.690397883E1,-7.381739020E-1,-1.741741598E-1,-1.552366614E-1
8.692414383E1,-5.404506326E-1,-4.147570431E-1,-3.978193738E-3
8.694430883E1,-3.898695409E-1,-1.559525430E-1,1.998254359E-1
8.696447383E1,-4.843426943E-1,7.267645001E-2,4.422181249E-1
8.698463883E1,-5.449473858E-1,4.728568345E-2,6.268684864E-1
8.700480383E1,-1.043677479E-1,-2.277034223E-1,4.932684898E-1
8.702496883E1,3.941561580E-1,-5.385875702E-1,2.060286254E-1
8.704513383E1,4.773335755E-1,-5.249385238E-1,6.702002883E-2
8.706529883E1,4.114135504E-1,-4.202583730E-1,9.399128705E-2
8.708546283E1,5.229879022E-1,-1.611059904E-2,9.398499131E-2
8.710562783E1,6.854929924E-1,2.362802625E-2,-2.167596482E-2
8.712579283E1,8.262969851E-1,-2.247801870E-1,-2.213645875E-1
8.714595783E1,6.892099977E-1,-6.169244051E-1,-4.195051491E-1
8.716612283E1,5.305843949E-1,-7.404520512E-1,-4.549913406E-1
8.718628783E1,5.133512616E-1,-4.950753152E-1,-2.633422315E-1
8.720645283E1,5.746669173E-1,-1.328224838E-1,-1.760183424E-1
8.722661783E1,5.510646105E-1,-8.383931220E-2,-2.545925677E-1
8.724678283E1,4.372174442E-1,-1.952644140E-1,-3.554720283E-1
8.726694683E1,4.187517166E-1,-2.899261415E-1,-3.847592771E-1
8.728711183E1,4.663438797E-1,-2.990423143E-1,-3.018181324E-1
8.730727683E1,5.754675865E-1,-3.965881467E-1,-3.022157252E-1
8.732744183E1,3.822044432E-1,-2.113286406E-1,-2.506174445E-1
8.734760683E1,1.031256169E-1,4.425046444E-1,-4.829039425E-2
8.736777183E1,1.731297933E-2,9.482509494E-1,1.047702655E-1
8.738793683E1,2.849974632E-1,6.498177648E-1,3.984081000E-2
8.740810183E1,1.088682711E-1,6.054846942E-2,-3.724222304E-3
8.742826683E1,-6.424227357E-1,-1.197951734E-1,1.286465675E-1
8.744843083E1,-9.877621531E-1,8.694103360E-2,4.563644230E-1
8.746859583E1,-8.532748222E-1,1.186548695E-1,5.285732746E-1
8.748876083E1,-5.885548592E-1,-1.896692216E-1,3.428588808E-1
8.750892583E1,-4.553735256E-1,-4.190575182E-1,2.217755616E-1
8.752909083E1,-4.095049202E-1,-2.176778764E-1,3.111360073E-1
8.754925583E1,-3.579535782E-1,3.400287926E-1,4.993791580E-1
8.756942083E1,-6.625964493E-2,6.687059402E-1,5.018582344E-1
8.758958583E1,4.539254904E-1,5.200025439E-1,2.889304459E-1
8.760974983E1,8.743330836E-1,2.153665423E-1,-7.997531444E-3
8.762991483E1,9.257712960E-1,2.081798762E-1,-5.590249225E-2
8.765007983E1,9.291927814E-1,4.892862737E-1,8.102098107E-2
8.767024483E1,1.116825461E0,7.941959500E-1,1.569842547E-1
8.769040983E1,1.367743492E0,6.625581980E-1,1.752485484E-1
8.771057483E1,1.225325108E0,2.116446793E-1,2.328713387E-1
8.773073983E1,9.430370927E-1,3.129525110E-3,4.136039913E-1
8.775090483E1,8.847154975E-1,-4.372094572E-2,5.200088024E-1
8.777106983E1,9.575873613E-1,1.225525513E-1,5.015701056E-1
8.779123383E1,6.593891978E-1,2.939599156E-1,6.181575656E-1
8.781139862E1,1.140969545E-1,-6.865620613E-2,7.000747919E-1
8.783156363E1,-4.413878322E-1,-4.851271808E-1,8.193758726E-1
8.785172863E1,-8.723823428E-1,-6.476226449E-1,9.774720073E-1
8.787189363E1,-9.703382850E-1,-6.132472157E-1,8.309495449E-1
8.789205863E1,-8.571304083E-1,-4.863999784E-1,3.612513840E-1
8.791222362E1,-9.384698868E-1,-5.524049401E-1,-8.307673782E-2
8.793238863E1,-8.742193580E-1,-4.092693627E-1,-1.746971756E-1
8.795255363E1,-7.167384624E-1,-3.401357830E-1,-1.684602499E-1
8.797271763E1,-5.473620892E-1,-5.007948279E-1,-2.586596012E-1
8.799288262E1,-5.724165440E-1,-5.699247718E-1,-4.392093122E-1
8.801304763E1,-6.814514995E-1,-3.377684057E-1,-5.529484749E-1
8.803321263E1,-4.972897768E-1,2.128090709E-1,-4.145431519E-1
8.805337763E1,-1.242397651E-1,5.385083556E-1,-2.659968436E-1
8.807354263E1,3.162986934E-1,2.368569970E-1,-3.909662962E-1
8.809370762E1,3.851240575E-1,-1.142199263E-1,-5.433143377E-1
8.811387263E1,1.749164611E-1,-1.498571783E-1,-5.054698586E-1
8.813403663E1,9.581670165E-2,-3.193916753E-2,-4.118421674E-1
8.815420163E1,2.915242910E-1,-4.836151004E-2,-5.395678282E-1
8.817436662E1,4.560906291E-1,-2.532535195E-1,-7.283157706E-1
8.819453163E1,4.516703188E-1,-9.576954693E-2,-6.733586192E-1
8.821469663E1,3.553170860E-1,8.006422222E-2,-5.246217847E-1
8.823486163E1,3.212269247E-1,-1.926617324E-2,-5.100162625E-1
8.825502663E1,1.118375435E-1,-6.777302921E-2,-5.421459079E-1
8.827519162E1,-1.822525710E-1,9.823872894E-2,-5.005484223E-1
8.829535563E1,-3.495478928E-1,5.317788720E-1,-3.085966706E-1
8.831552063E1,-2.278655320E-1,8.948495388E-1,-1.832139045E-1
8.833568563E1,1.176797971E-1,6.083452702E-1,-2.213243246E-1
8.835585062E1,7.555351406E-2,4.401444644E-2,-3.002193272E-1
8.837601563E1,-4.100302756E-1,-1.888034195E-1,-7.536394149E-2
8.839618063E1,-7.256273627E-1,2.370373532E-2,4.649223685E-1
8.841634563E1,-7.204179168E-1,-2.648299932E-2,6.508207321E-1
8.843651063E1,-6.437218785E-1,-3.383885622E-1,5.319911838E-1
8.845667562E1,-6.662060022E-1,-4.335444272E-1,4.406726062E-1
8.847683963E1,-6.638925076E-1,-1.895392835E-1,5.058170557E-1
8.849700463E1,-6.051689386E-1,1.508982182E-1,5.567747355E-1
8.851716963E1,-5.213550925E-1,1.911974400E-1,5.856402516E-1
8.853733462E1,-3.232064843E-1,9.749516100E-2,5.879001021E-1
8.855749962E1,1.987881660E-1,7.525557280E-2,4.380925000E-1
8.857766463E1,6.881092787E-1,6.701164693E-2,2.459881753E-1
8.859782963E1,7.905272245E-1,1.671366096E-1,2.091024965E-1
8.861799463E1,6.788944006E-1,3.249092698E-1,3.537279665E-1
8.863815863E1,6.369425058E-1,3.120278120E-1,4.864369929E-1
8.865832363E1,7.655448914E-1,1.122177914E-1,5.017714500E-1
8.867848863E1,9.539970756E-1,1.720566303E-2,3.674460948E-1
8.869865363E1,1.008522987E0,2.415272743E-1,3.490098715E-1
8.871881862E1,1.009342313E0,3.809201121E-1,4.030967653E-1
8.873898362E1,9.197397828E-1,3.234948814E-1,4.464987516E-1
8.875914863E1,7.503553033E-1,1.596006155E-1,4.422883093E-1
8.877931363E1,2.779986560E-1,-9.250620008E-2,5.270657539E-1
8.879947733E1,-1.616594791E-1,-2.103151381E-1,7.155321836E-1
8.881964233E1,-3.506942391E-1,-6.121494770E-1,6.745855212E-1
8.883980733E1,-6.047580838E-1,-1.087844014E0,2.905860841E-1
8.885997233E1,-1.114375710E0,-8.392633796E-1,-9.245144203E-3
8.888013733E1,-1.585708618E0,1.248290390E-1,1.636801474E-2
8.890030233E1,-1.454164267E0,7.716938853E-1,2.446665242E-2
8.892046733E1,-8.002556562E-1,3.452891409E-1,-3.716882765E-1
8.894063233E1,-5.467866063E-1,-2.950670123E-1,-8.842347860E-1
8.896079633E1,-5.618135333E-1,-1.157327816E-1,-1.058000088E0
8.898096133E1,-9.334034920E-1,5.700095892E-1,-4.711920917E-1
8.900112633E1,-1.369852781E0,9.639313221E-1,2.537673712E-1
8.902129133E1,-1.248273611E0,8.661574125E-1,4.492509067E-1
8.904145633E1,-7.615182996E-1,4.699782431E-1,2.435897738E-1
8.906162133E1,-6.361753345E-1,1.074640900E-1,6.859014928E-2
8.908178633E1,-6.254972816E-1,-3.807356581E-2,6.239232793E-2
8.910195133E1,-5.626713037E-1,1.275878251E-1,1.274566799E-1
8.912211533E1,-4.006137252E-1,4.767743051E-1,4.471336678E-2
8.914228033E1,-1.747935116E-1,6.233198643E-1,-1.921291798E-1
8.916244533E1,-3.946101665E-2,4.335609674E-1,-3.881320059E-1
8.918261033E1,-4.736048728E-2,1.540842801E-1,-4.735162258E-1
8.920277533E1,2.131041884E-2,1.629484743E-1,-4.714856744E-1
8.922294033E1,3.801428080E-1,4.048801363E-1,-5.528973341E-1
8.924310533E1,9.028518796E-1,9.820295125E-2,-9.779035449E-1
8.926327033E1,1.072895765E0,-7.236930132E-1,-1.494748235E0
8.928343433E1,9.705370665E-1,-1.174959183E0,-1.648815155E0
8.930359933E1,1.368282318E0,-5.144580603E-1,-1.531062603E0
8.932376433E1,1.759011388E0,9.906085134E-1,-1.257222891E0
8.934392933E1,2.181743383E0,1.705647111E0,-1.151844859E0
8.936409433E1,2.264929533E0,9.483513236E-1,-1.247997761E0
8.938425933E1,1.387665749E0,-1.019509315E0,-1.290428281E0
8.940442433E1,5.409389138E-1,-1.961616516E0,-9.821341038E-1
8.942458833E1,1.630260944E-1,-1.625121713E0,-6.542177796E-1
8.944475333E1,4.024851322E-1,-1.045887232E0,-5.250028372E-1
8.946491833E1,1.099686980E0,-7.567576766E-1,-5.356748104E-1
8.948508333E1,1.636692286E0,-8.628019691E-1,-5.764966011E-1
8.950524833E1,1.748358607E0,-1.075680137E0,-5.428879857E-1
8.952541333E1,1.634894967E0,-9.946465492E-1,-4.033187032E-1
8.954557833E1,1.534559488E0,-6.173435450E-1,-2.046639472E-1
8.956574333E1,1.590503335E0,-1.573830992E-1,-5.084322765E-2
8.958590833E1,1.673080564E0,2.430120111E-1,5.001397058E-2
8.960607233E1,1.539582968E0,5.212239623E-1,1.784841567E-1
8.962623733E1,1.199547529E0,7.485486865E-1,4.355806708E-1
8.964640233E1,7.379097342E-1,9.891322255E-1,8.060263395E-1
8.966656733E1,2.511637211E-1,1.198501825E0,1.192941785E0
8.968673233E1,-7.924963534E-2,1.194159746E0,1.483268857E0
8.970689733E1,-4.705901816E-2,1.169530630E0,1.556884766E0
8.972706233E1,3.230262399E-1,8.084320426E-1,1.284445286E0
8.974722633E1,-3.438413441E-1,6.241790056E-1,1.308114767E0
8.976739133E1,-1.376866817E0,5.326065421E-1,1.606643915E0
8.978755633E1,-1.722588539E0,5.576116443E-1,1.859791994E0
8.980772187E1,-1.921105862E0,5.811674595E-1,1.699480295E0
8.982788688E1,-2.921706676E0,7.023667693E-1,1.730267286E0
8.984805188E1,-3.861106396E0,1.104985237E0,2.135308743E0
8.986821688E1,-4.262499809E0,1.956684709E0,2.530410528E0
8.988838188E1,-4.106354237E0,2.809331417E0,2.560336113E0
8.990854588E1,-3.669726372E0,2.722048283E0,1.996221662E0
8.992871088E1,-3.059786320E0,1.454528928E0,1.079500675E0
8.994887588E1,-2.571143389E0,4.795113951E-2,5.976721644E-1
8.996904088E1,-2.163554907E0,-6.382196546E-1,7.087919712E-1
8.998920587E1,-1.774088383E0,-1.994972974E-1,1.046219110E0
9.000937088E1,-1.148985505E0,3.565510511E-1,1.008620620E0
9.002953588E1,-6.609694958E-1,4.331797063E-1,7.064281702E-1
9.004969988E1,-2.691340446E-1,-2.388565391E-1,4.900357723E-1
9.006986487E1,1.072418988E-1,-9.657596946E-1,3.150828779E-1
9.009002988E1,3.789527118E-1,-1.111575246E0,1.529308707E-1
9.011019488E1,8.178073168E-1,-6.163871884E-1,-8.392603695E-2
9.013035988E1,1.440026879E0,-3.154326379E-1,-3.879095614E-1
9.015052488E1,1.966381192E0,-4.191350639E-1,-7.567517757E-1
9.017068987E1,2.139059544E0,-9.051794410E-1,-1.087237239E0
9.019085487E1,2.067025423E0,-1.201008797E0,-1.438774347E0
9.021101888E1,2.164688826E0,-9.768822193E-1,-1.406801701E0
9.023118388E1,2.681812286E0,-4.984259903E-1,-1.336809516E0
9.025134887E1,3.169436932E0,-6.010588408E-1,-1.753583789E0
9.027151388E1,3.219439745E0,-8.675126433E-1,-2.083162546E0
9.029167888E1,2.503224134E0,-8.147206903E-1,-1.921201348E0
9.031184388E1,1.490800619E0,-2.844146490E-1,-1.510345578E0
9.033200888E1,6.820967793E-1,5.289645195E-1,-1.058396220E0
9.035217288E1,1.399600059E-1,7.955335379E-1,-1.026954532E0
9.037233788E1,-3.859346807E-1,3.794077039E-1,-1.103195429E0
9.039250288E1,-4.414016902E-1,-3.741049767E-2,-1.107592106E0
9.041266788E1,-5.245481133E-1,-4.992614090E-1,-1.134003878E0
9.043283287E1,-7.128750086E-1,-1.000907183E0,-1.065214038E0
9.045299787E1,-1.104097486E0,-1.195343614E0,-8.656685352E-1
9.047316288E1,-1.411673784E0,-5.868108273E-1,-3.742270470E-1
9.049332788E1,-1.566012263E0,1.324304193E-2,2.818985879E-1
9.051349187E1,-1.350236058E0,1.086187437E-1,6.417642832E-1
9.053365688E1,-6.989065409E-1,-2.103382349E-1,3.832724988E-1
9.055382188E1,-1.390778124E-1,-4.481171370E-1,1.345949024E-1
9.057398688E1,1.393453926E-1,-2.842761278E-1,3.338039517E-1
9.059415188E1,2.176216543E-1,3.753875569E-2,7.715088129E-1
9.061431687E1,4.115503728E-1,3.897351325E-1,1.032530069E0
9.063448187E1,9.865477085E-1,5.709638000E-1,1.015243173E0
9.065464688E1,1.268226147E0,6.652535200E-1,8.639624715E-1
9.067481088E1,1.130541563E0,1.150825977E0,1.112173438E0
9.069497587E1,1.283625126E0,2.058676481E0,1.813522339E0
9.071514087E1,1.565000296E0,2.415819883E0,2.084042788E0
9.073530588E1,1.376197934E0,1.655058265E0,1.928555608E0
9.075547088E1,6.426255107E-1,1.039356709E0,1.944026470E0
9.077563588E1,1.015252201E-3,1.614878535E0,2.184690714E0
9.079580087E1,-5.255883336E-1,2.144483089E0,2.364355326E0
9.081596413E1,-6.510531306E-1,1.673261642E0,1.899441123E0
9.083612913E1,-1.302741170E0,7.729208469E-1,1.283528447E0
9.085629412E1,-1.343619943E0,-6.525598168E-1,1.171931386E0
9.087645912E1,-1.101180792E0,-4.326290786E-1,1.388409853E0
9.089662413E1,-9.565851092E-1,9.998139739E-1,1.364726067E0
9.091678913E1,-1.028016925E0,1.855883956E0,1.258345008E0
9.093695413E1,-8.308218718E-1,8.346596956E-1,1.189040422E0
9.095711912E1,-7.842035294E-1,-3.103076220E-1,1.332185149E0
9.097728313E1,-8.164362311E-1,-2.208894789E-1,1.776921749E0
9.099744813E1,-6.757792830E-1,5.644243360E-1,2.091129065E0
9.101761313E1,-3.144021332E-1,3.475918472E-1,1.884782553E0
9.103777812E1,4.726262391E-2,-5.829873681E-1,1.393658042E0
9.105794312E1,3.775254488E-1,-1.085363269E0,1.095508575E0
9.107810813E1,6.318567395E-1,-8.577785492E-1,1.067500830E0
9.109827313E1,6.775907278E-1,-3.128445745E-1,1.003177404E0
9.111843712E1,9.619840980E-1,4.052163363E-1,1.083945751E0
9.113860212E1,7.782249451E-1,-2.026594728E-1,1.062179208E0
9.115876713E1,3.034554720E-1,-7.397668958E-1,9.988508821E-1
9.117893213E1,1.365048736E-1,-5.059991479E-1,1.185231090E0
9.119909713E1,2.327827513E-1,-2.878667712E-1,1.383484960E0
9.121926212E1,-7.114838809E-2,-6.345515251E-1,1.352495074E0
9.123942712E1,-3.271509409E-1,-6.062759161E-1,1.258064866E0
9.125959213E1,-1.985062361E-1,-4.563046694E-1,1.121856093E0
9.127975613E1,1.567391679E-2,-5.911918879E-1,8.870661259E-1
9.129992112E1,-1.738403291E-1,-5.045830607E-1,6.301215887E-1
9.132008612E1,-4.331188202E-1,4.566040821E-3,5.781227946E-1
9.134025113E1,-2.858548760E-1,-4.433214664E-2,3.993546665E-1
9.136041613E1,2.808355913E-2,-3.815287948E-1,3.826506436E-4
9.138058113E1,1.601245403E-1,-2.778431773E-1,-1.728898883E-1
9.140074613E1,6.497959048E-2,2.678656206E-2,-1.284616590E-1
9.142091112E1,1.021527573E-1,-3.302391618E-2,-1.227343753E-1
9.144107513E1,-2.085282356E-1,-1.078930974E0,-2.410217524E-1
9.146124013E1,-5.674431920E-1,-1.122633934E0,-1.903828830E-1
9.148140512E1,-4.017671347E-1,-4.567257166E-1,1.053438783E-1
9.150157012E1,-1.393169165E-1,-1.025731117E-1,1.523662060E-1
9.152173513E1,1.141287237E-1,3.172338754E-2,1.603602245E-2
9.154190013E1,1.038094908E-1,6.367512047E-2,9.649307467E-3
9.156206513E1,-1.665409654E-1,-3.298275545E-2,2.674978375E-1
9.158222912E1,-4.526298344E-1,-2.560269237E-1,5.704050064E-1
9.160239413E1,-3.905448616E-1,-2.791214585E-1,8.200408220E-1
9.162255913E1,-4.308953136E-2,2.807934768E-2,7.864735126E-1
9.164272413E1,1.083068103E-1,1.073377877E-1,7.353270054E-1
9.166288913E1,1.086248085E-1,4.233169928E-2,8.685856462E-1
9.168305412E1,3.841324151E-2,-2.738645375E-1,1.115748286E0
9.170321913E1,1.362755746E-1,-3.720312715E-1,1.175182223E0
9.172338313E1,5.486907363E-1,5.322513171E-3,1.088741302E0
9.174354812E1,5.809614658E-1,-4.341482744E-2,1.039474726E0
9.176371312E1,2.134061307E-1,-8.302688599E-1,1.089565635E0
9.178387813E1,4.930119962E-2,-7.171004415E-1,1.179856062E0
9.180404375E1,4.053737223E-1,-5.855361745E-2,1.090175509E0
9.182420875E1,8.871141672E-1,3.356948495E-1,8.041710854E-1
9.184437375E1,9.357897043E-1,6.125212908E-1,6.678119302E-1
9.186453875E1,7.262775302E-1,5.673038960E-1,9.736974239E-1
9.188470275E1,4.851004779E-1,4.468652904E-1,1.134349704E0
9.190486775E1,3.801314235E-1,2.284393311E-1,1.141681314E0
9.192503275E1,9.296525270E-3,5.290596187E-2,1.225452662E0
9.194519775E1,-4.969801605E-1,-1.425683796E-1,1.528767824E0
9.196536275E1,-3.792218864E-1,-8.143785596E-2,1.531390309E0
9.198552775E1,4.024424255E-1,3.541707695E-1,1.217492580E0
9.200569275E1,9.208348989E-1,4.735214412E-1,1.116342664E0
9.202585675E1,8.558183908E-1,2.085523754E-1,1.195081592E0
9.204602175E1,6.724165678E-1,-1.637052745E-1,1.311480522E0
9.206618675E1,7.388232946E-1,-1.347076446E-1,1.375314355E0
9.208635175E1,7.750104666E-1,-3.022153378E-1,1.426339030E0
9.210651675E1,7.723989487E-1,-2.847311497E-1,1.657296658E0
9.212668175E1,7.573917508E-1,3.087926507E-1,1.911021590E0
9.214684675E1,5.635069609E-1,4.827064574E-1,2.098862886E0
9.216701075E1,2.806474268E-1,2.685614116E-2,1.952219486E0
9.218717575E1,2.477041483E-1,-1.904673874E-1,1.675415754E0
9.220734075E1,3.164548874E-1,-6.356599182E-2,1.611586332E0
9.222750575E1,2.081585079E-1,2.220983244E-2,1.586677313E0
9.224767075E1,2.457594573E-1,5.087976903E-2,1.537226439E0
9.226783575E1,3.008461893E-1,-1.639526933E-1,1.419601560E0
9.228800075E1,1.782326102E-1,-3.393255472E-1,1.309376478E0
9.230816475E1,4.977234080E-2,-2.312354147E-1,1.330620766E0
9.232832975E1,7.812818140E-2,-2.187223881E-1,1.293825150E0
9.234849475E1,2.299300134E-1,-8.076138049E-2,1.154680014E0
9.236865975E1,3.009855449E-1,-1.106706187E-1,1.043581367E0
9.238882475E1,9.537808597E-2,-3.060607314E-1,1.012071967E0
9.240898975E1,-1.499759257E-1,-5.458908081E-1,1.014317036E0
9.242915475E1,-1.520755589E-1,-6.159652472E-1,8.972128034E-1
9.244931975E1,-3.547505289E-2,-4.894084036E-1,7.947787642E-1
9.246948375E1,-3.153758496E-2,-4.013190866E-1,7.968931198E-1
9.248964875E1,-1.152592152E-1,-3.674032986E-1,6.754689217E-1
9.250981375E1,-1.662911475E-1,-4.623917937E-1,4.619466066E-1
9.252997875E1,-2.470495552E-1,-5.053806901E-1,4.008825123E-1
9.255014375E1,-3.626142442E-1,-5.070551038E-1,3.827672601E-1
9.257030875E1,-2.885068655E-1,-2.877571583E-1,2.000798881E-1
9.259047375E1,3.940264229E-3,-2.253017202E-2,-5.995455012E-2
9.261063775E1,1.667626649E-1,4.418865219E-2,-1.780653596E-1
9.263080275E1,1.893163323E-1,4.056013376E-2,-2.909394205E-1
9.265096775E1,1.996695548E-1,1.086369008E-1,-3.259966075E-1
9.267113275E1,1.661775634E-2,-5.488816649E-2,-3.174995184E-1
9.269129775E1,-1.635913402E-1,8.299755864E-3,-2.561295629E-1
9.271146275E1,-7.271688432E-2,4.000339508E-1,-9.326576442E-2
9.273162775E1,6.480264664E-2,3.866055608E-1,2.033209428E-2
9.275179175E1,-4.819462076E-2,6.354038417E-2,1.515528709E-1
9.277195675E1,-3.240359724E-1,-4.694660008E-1,2.268871814E-1
9.279212175E1,-3.714230061E-1,-5.069221258E-1,2.243848443E-1
9.281228663E1,-9.685640782E-2,-1.237394214E-1,2.600160837E-1
9.283245162E1,1.494247019E-1,1.289696544E-1,2.747009695E-1
9.285261662E1,1.242646798E-1,-5.376715213E-2,3.858236372E-1
9.287278163E1,9.235202521E-2,-2.226075679E-1,5.538607836E-1
9.289294563E1,2.142706513E-1,1.691205800E-2,6.756648421E-1
9.291311062E1,2.315714508E-1,1.013021246E-1,7.978954911E-1
9.293327562E1,2.708300948E-2,-1.582445502E-1,8.078584671E-1
9.295344063E1,2.274623886E-2,-2.965649068E-1,8.351405263E-1
9.297360563E1,6.815052778E-2,-3.859113455E-1,6.946121454E-1
9.299377063E1,1.188379601E-1,-3.650949597E-1,6.606623530E-1
9.301393563E1,1.504183263E-1,-3.014235497E-1,6.449011564E-1
9.303409963E1,1.617051512E-1,-2.331943959E-1,6.730559468E-1
9.305426463E1,6.014406681E-2,-3.415800929E-1,6.429227591E-1
9.307442963E1,1.983148791E-2,-4.033880234E-1,6.516294479E-1
9.309459462E1,5.373640452E-3,-6.176305413E-1,6.437971592E-1
9.311475962E1,-1.524114981E-2,-4.946070910E-1,5.920954347E-1
9.313492463E1,1.311674118E-1,-1.447624862E-1,4.902712703E-1
9.315508963E1,5.000856519E-1,1.435925066E-1,3.287936151E-1
9.317525362E1,6.674174666E-1,1.320295632E-1,2.681632638E-1
9.319541862E1,5.990430713E-1,-5.097033456E-2,1.971006840E-1
9.321558363E1,3.826118410E-1,-2.766666710E-1,2.549740374E-1
9.323574863E1,1.190931574E-1,-4.436714947E-1,5.184670091E-1
9.325591363E1,-2.246437669E-1,-6.353932619E-1,6.533058882E-1
9.327607863E1,-2.345203189E-3,-5.611369610E-1,4.501248598E-1
9.329624362E1,4.380112290E-1,-1.248466298E-1,1.390112489E-1
9.331640763E1,5.634123683E-1,-2.580471151E-2,1.503138989E-2
9.333657263E1,6.664605737E-1,2.884376608E-2,-1.024160907E-1
9.335673762E1,8.787911534E-1,-7.714551687E-2,-2.221589983E-1
9.337690262E1,9.624836445E-1,-1.542953849E-1,-2.088892311E-1
9.339706763E1,9.032185078E-1,-2.409912348E-1,-1.428595781E-1
9.341723263E1,7.227971554E-1,-3.962050378E-1,3.583761305E-2
9.343739763E1,4.883199930E-1,-5.248728991E-1,9.734239429E-2
9.345756162E1,4.181326330E-1,-6.376216412E-1,-4.434223752E-3
9.347772663E1,4.896977246E-1,-5.720075965E-1,3.337846324E-2
9.349789163E1,4.465909600E-1,-4.615612030E-1,1.278508753E-1
9.351805663E1,4.743868411E-1,-4.369506240E-1,1.314350069E-1
9.353822162E1,7.044968605E-1,-3.524779677E-1,-3.291445971E-2
9.355838662E1,8.817309141E-1,-2.343492210E-1,-1.596288681E-1
9.357855163E1,8.773801327E-1,-8.720064163E-2,-2.059023231E-1
9.359871563E1,6.256948709E-1,-1.047396362E-1,-2.798365057E-1
9.361888062E1,5.333986878E-1,-2.728857994E-1,-3.971885741E-1
9.363904562E1,6.509141326E-1,-1.057216972E-1,-4.040628374E-1
9.365921063E1,5.227512717E-1,1.038022116E-1,-4.235008657E-1
9.367937563E1,3.172918558E-1,-1.034175456E-1,-4.603273869E-1
9.369954063E1,1.661774367E-1,-2.402327210E-1,-4.211436808E-1
9.371970563E1,3.088479340E-1,-5.583381280E-2,-3.914352357E-1
9.373986963E1,2.760553658E-1,1.070668325E-1,-3.574556112E-1
9.376003463E1,1.693979651E-2,1.174886618E-2,-2.328728139E-1
9.378019963E1,-2.211189568E-1,-1.862430125E-1,4.438896663E-3
9.380036483E1,-3.459417224E-1,-1.033380404E-1,2.524195910E-1
9.382052983E1,-3.220390379E-1,-1.824329793E-1,3.149480522E-1
9.384069483E1,-2.629507780E-1,-2.980560660E-1,2.849498689E-1
9.386085983E1,-1.098651439E-1,-3.412562311E-1,1.777057648E-1
9.388102383E1,-5.571163259E-3,-1.705628932E-1,9.346992522E-2
9.390118883E1,-4.455699772E-2,5.559378304E-3,7.078603655E-2
9.392135383E1,-1.765918434E-1,3.498441577E-1,1.480187923E-1
9.394151883E1,-4.705837667E-1,4.692822695E-2,2.119362652E-1
9.396168383E1,-6.151649356E-1,-1.135888100E-1,1.752837747E-1
9.398184883E1,-5.082295537E-1,1.072368026E-1,1.440851986E-1
9.400201383E1,-3.669555485E-1,-1.214294657E-1,6.139136851E-3
9.402217783E1,-2.728400230E-1,-1.348278373E-1,-8.135409653E-2
9.404234283E1,-1.707174182E-1,-1.304888278E-1,-5.522388592E-2
9.406250783E1,-2.051270939E-2,-9.860532731E-2,-4.366911948E-2
9.408267283E1,3.023053519E-2,-4.425748438E-2,-3.884087130E-2
9.410283783E1,5.273317453E-3,-1.405510455E-1,-3.287623450E-2
9.412300283E1,1.331332773E-1,-4.225643724E-2,-1.047826558E-1
9.414316683E1,2.076837271E-1,1.527206600E-1,-6.186737120E-2
9.416333183E1,1.014378220E-1,1.529917270E-1,-2.288324200E-2
9.418349683E1,2.445520833E-2,7.722041011E-2,5.315004289E-2
9.420366183E1,-1.209123358E-1,-2.328255214E-2,1.317511499E-1
9.422382683E1,-3.219063580E-1,-2.458165437E-1,1.892005354E-1
9.424399183E1,-3.361279368E-1,-1.598048359E-1,1.705476493E-1
9.426415683E1,-2.431338280E-1,-1.139619797E-1,-2.716241777E-2
9.428432083E1,-1.092492938E-1,-1.577357389E-2,-1.775227487E-1
9.430448583E1,2.914046496E-2,-6.209161133E-2,-2.326010466E-1
9.432465083E1,5.840671808E-2,-1.815985702E-2,-2.572685182E-1
9.434481583E1,1.044628024E-1,1.649092138E-1,-1.015719101E-1
9.436498083E1,-1.336237136E-2,7.403682172E-2,3.935351595E-2
9.438514583E1,-8.060045540E-2,2.324022502E-1,1.938052773E-1
9.440531083E1,-8.872971684E-2,2.526658475E-1,2.756313086E-1
9.442547483E1,-9.272820503E-2,2.947495878E-1,3.451159000E-1
9.444563983E1,-2.328850925E-1,1.753524095E-1,3.645830154E-1
9.446580483E1,-2.498407066E-1,6.306757927E-1,4.134342670E-1
9.448596983E1,-2.909647822E-1,6.040825248E-1,4.004759789E-1
9.450613483E1,-4.765414000E-1,4.567448199E-1,4.985564053E-1
9.452629983E1,-4.865105748E-1,5.062976480E-1,4.697762132E-1
9.454646483E1,-3.956636488E-1,5.975750685E-1,4.154880345E-1
9.456662883E1,-4.073092937E-1,6.558341384E-1,3.662948906E-1
9.458679383E1,-3.100734055E-1,4.233023226E-1,2.371968925E-1
9.460695883E1,-1.283736899E-2,3.555775285E-1,8.306031674E-2
9.462712383E1,1.140655130E-1,3.647339642E-1,9.856066853E-2
9.464728883E1,-2.231212258E-1,6.632668972E-1,2.410812080E-1
9.466745383E1,-3.960123956E-1,5.092543364E-1,3.240516782E-1
9.468761783E1,-3.460151255E-1,3.573317826E-1,1.621547341E-2
9.470778283E1,9.759736061E-2,2.878350317E-1,-4.300897717E-1
9.472794783E1,7.938579321E-1,1.280445218E0,-3.817207813E-1
9.474811283E1,8.413909674E-1,1.468183875E0,-1.505447030E-1
9.476827783E1,5.611284375E-1,1.055035710E0,-1.447490603E-1
9.478844283E1,1.395987719E-1,4.975873232E-1,-1.359060407E-1
9.480860808E1,3.796826303E-1,6.764907241E-1,-7.713157684E-2
9.482877208E1,1.002112627E0,1.258001685E0,-1.833694428E-1
9.484893708E1,1.509291053E0,2.153038979E0,-1.983817220E-1
9.486910208E1,7.846327424E-1,2.028075218E0,-6.696791947E-2
9.488926708E1,1.441851258E-1,9.821416736E-1,-6.431955844E-2
9.490943208E1,2.996881306E-1,8.215378523E-1,-2.048110962E-1
9.492959708E1,1.102785945E0,1.626407146E0,9.862149507E-2
9.494976208E1,1.433158755E0,1.576895714E0,3.688195944E-1
9.496992608E1,8.332049251E-1,7.895243764E-1,1.832069308E-1
9.499009108E1,5.451041460E-1,2.922513187E-1,9.659872949E-2
9.501025608E1,3.910512924E-1,5.269808769E-1,2.234115154E-1
9.503042108E1,6.967980415E-2,8.255122304E-1,5.875459313E-1
9.505058608E1,-4.882998765E-1,1.015551567E0,9.235296249E-1
9.507075108E1,-1.045877218E0,1.026040912E0,1.085277677E0
9.509091508E1,-1.171985269E0,6.671046615E-1,1.153465033E0
9.511108008E1,-8.339673877E-1,4.831052721E-1,1.012990117E0
9.513124508E1,-3.077876568E-1,4.644981921E-1,8.043776155E-1
9.515141008E1,-1.003026590E-1,3.796398640E-1,6.974858642E-1
9.517157508E1,-1.190678701E-1,-6.635339931E-3,5.667217374E-1
9.519174008E1,-1.143197194E-1,-2.060461789E-1,4.283409715E-1
9.521190508E1,7.975053787E-2,-1.032184362E-1,2.941852808E-1
9.523206908E1,5.784685016E-1,4.006196186E-2,7.470274717E-2
9.525223408E1,1.007946253E0,2.308170944E-1,-3.937076032E-2
9.527239908E1,1.174665213E0,2.857813537E-1,-8.391997963E-2
9.529256408E1,1.170693398E0,-4.593664780E-3,-1.466380954E-1
9.531272908E1,1.028689146E0,-3.474097252E-1,-2.333686799E-1
9.533289408E1,7.939845324E-1,-3.200086653E-1,-2.292256355E-1
9.535305908E1,7.574784756E-1,3.314892948E-2,-1.454115063E-1
9.537322308E1,7.628394961E-1,2.670119703E-1,-4.766475037E-2
9.539338808E1,6.973997355E-1,2.211574167E-1,-1.926879212E-2
9.541355308E1,5.168974996E-1,1.660364717E-1,-1.265588403E-2
9.543371808E1,3.577094674E-1,1.125195101E-1,-1.555375522E-3
9.545388308E1,3.140002489E-1,4.718476161E-2,4.293197766E-2
9.547404808E1,2.292075455E-1,5.244415998E-2,1.691246480E-1
9.549421208E1,1.383486986E-1,-1.339059696E-2,2.181954235E-1
9.551437708E1,3.378400207E-1,-2.008869052E-1,1.373297125E-1
9.553454208E1,5.574241877E-1,-4.257141352E-1,3.703915328E-2
9.555470708E1,1.796555817E-1,-2.969472706E-1,1.163986102E-1
9.557487208E1,-7.608244419E-1,4.621196538E-2,4.565117955E-1
9.559503708E1,-1.590671301E0,1.996593177E-1,5.066496134E-1
9.561520208E1,-1.703616977E0,-1.602168083E-1,2.474018782E-1
9.563536608E1,-1.306958318E0,-6.366947889E-1,-2.874472141E-1
9.565553108E1,-1.055010796E0,8.710443228E-2,-7.984468937E-1
9.567569608E1,-9.438657165E-1,1.226196885E0,-7.973225117E-1
9.569586108E1,-9.046667814E-1,1.538640857E0,-5.137373209E-1
9.571602608E1,-8.190248013E-1,7.216785550E-1,-2.750756145E-1
9.573619108E1,-4.658140242E-1,-7.626658678E-2,-3.556231856E-1
9.575635608E1,1.995228603E-2,-1.001665071E-1,-4.161255956E-1
9.577652008E1,4.542684257E-1,2.836755812E-1,-2.713822722E-1
9.579668508E1,7.377253771E-1,1.750429720E-1,-7.794230431E-2
9.581684958E1,6.698018312E-1,-2.918021381E-1,4.943057895E-2
9.583701458E1,4.654364586E-1,-5.187368989E-1,1.717047393E-1
9.585717958E1,2.825769186E-1,-3.266958594E-1,3.714591265E-1
9.587734458E1,2.012029588E-1,-1.559840590E-1,5.461230874E-1
9.589750858E1,8.640912175E-2,-2.170205414E-1,6.532784700E-1
9.591767358E1,-1.256832033E-1,-5.462959409E-1,5.873794556E-1
9.593783858E1,-1.919337064E-1,-6.188189387E-1,4.190433323E-1
9.595800358E1,-2.207620069E-2,-4.774709940E-1,2.040136755E-1
9.597816858E1,1.360739619E-1,-4.473918676E-1,-6.539883465E-2
9.599833358E1,7.427181304E-2,-2.986069024E-1,-2.659788430E-1
9.601849858E1,-1.569934785E-1,-1.122894064E-1,-3.058777452E-1
9.603866258E1,-4.997170568E-1,7.558865845E-2,-2.445858568E-1
9.605882758E1,-7.659733295E-1,1.827483177E-1,-2.482507080E-1
9.607899258E1,-7.819451690E-1,4.655754864E-1,-3.509427011E-1
9.609915758E1,-4.383440018E-1,1.051681399E0,-5.723517537E-1
9.611932258E1,5.578389019E-2,1.463271022E0,-6.367574930E-1
9.613948758E1,9.568815678E-2,1.319332361E0,-4.074755013E-1
9.615965158E1,-2.329245806E-1,7.565489411E-1,-1.676013619E-1
9.617981658E1,-5.253316164E-1,4.886055291E-1,-1.986452639E-1
9.619998158E1,-2.132726163E-1,-7.778765261E-2,-1.641979516E-1
9.622014658E1,5.825480223E-1,-7.408103347E-2,-2.476699054E-1
9.624031158E1,1.043852806E0,-2.167605460E-1,-3.407682776E-1
9.626047658E1,1.188320994E0,-2.821530998E-1,-4.175280929E-1
9.628064158E1,1.229560256E0,-3.204902411E-1,-4.842343926E-1
9.630080558E1,1.232978940E0,-2.744312286E-1,-3.812681139E-1
9.632097058E1,1.268182039E0,-3.245354891E-1,-2.761783004E-1
9.634113558E1,1.313107491E0,-5.787481666E-1,-3.240813017E-1
9.636130058E1,1.316605449E0,-8.821735978E-1,-4.277971387E-1
9.638146558E1,1.253321648E0,-8.994575143E-1,-4.938375950E-1
9.640163058E1,1.188896060E0,-5.138240457E-1,-4.451155961E-1
9.642179458E1,1.270424366E0,-1.400356442E-1,-3.059897423E-1
9.644195958E1,1.382661581E0,-1.291257981E-2,-2.044193745E-1
9.646212458E1,1.304323912E0,1.035584137E-1,-2.416436672E-1
9.648228958E1,1.070876360E0,2.481115013E-1,-2.525925934E-1
9.650245458E1,7.754362226E-1,3.970430791E-1,-1.375337541E-1
9.652261958E1,6.140339375E-1,4.811713099E-1,-2.106516063E-2
9.654278358E1,6.516458392E-1,5.134306550E-1,3.895525634E-2
9.656294858E1,6.004759073E-1,5.206480622E-1,1.092214584E-1
9.658311358E1,3.093966544E-1,5.834137797E-1,2.550073564E-1
9.660327858E1,-1.196489260E-1,7.275879979E-1,4.538634121E-1
9.662344358E1,-4.015083015E-1,8.238563538E-1,6.741700768E-1
9.664360858E1,-5.134888291E-1,7.784782052E-1,8.464073539E-1
9.666377358E1,-7.197709680E-1,8.396341205E-1,8.468937278E-1
9.668393758E1,-1.066313028E0,9.803962111E-1,9.207909107E-1
9.670410258E1,-1.953756332E0,1.113157511E0,1.305235744E0
9.672426758E1,-2.893169641E0,9.466541409E-1,1.828726530E0
9.674443258E1,-3.169573784E0,7.646817565E-1,2.021215916E0
9.676459758E1,-3.219856501E0,1.050516963E0,1.937430859E0
9.678476258E1,-4.014955997E0,9.897983074E-1,2.103276730E0
9.680492658E1,-4.783360958E0,1.027428031E0,2.558897495E0
9.682509158E1,-4.894412041E0,1.103266478E0,2.526771545E0
9.684525658E1,-3.535867929E0,8.284428120E-1,1.634288311E0
9.686542158E1,-1.705967784E0,5.759130120E-1,3.197212815E-1
9.688558658E1,-1.278902531E0,1.632811874E-1,-4.161571264E-1
9.690575158E1,-1.164343238E0,-3.004676700E-1,-3.384896219E-1
9.692591658E1,-5.550837517E-1,3.435015082E-1,-1.630788893E-1
9.694608058E1,3.835360706E-1,7.770990729E-1,-5.091627240E-1
9.696624558E1,9.394933581E-1,9.841467738E-1,-1.014008284E0
9.698641058E1,1.003810644E0,5.905901194E-1,-1.105121493E0
9.700657558E1,8.771018386E-1,-1.299902350E-1,-8.498333097E-1
9.702674058E1,8.799405098E-1,-7.806193829E-1,-9.451580048E-1
9.704690558E1,1.126233339E0,-8.873348236E-1,-1.346874714E0
9.706706958E1,1.530826211E0,-5.164582729E-1,-1.619765878E0
9.708723458E1,2.042811394E0,-2.583828568E-1,-1.549419284E0
9.710739958E1,2.445462227E0,-7.016074061E-1,-1.451911092E0
9.712756458E1,2.499153376E0,-1.350814939E0,-1.483502865E0
9.714772958E1,2.592659473E0,-1.746194243E0,-1.529398680E0
9.716789458E1,2.801897526E0,-1.739794612E0,-1.514041185E0
9.718805858E1,2.622917175E0,-9.889659286E-1,-1.079816103E0
9.720822358E1,2.120664835E0,2.032662928E-1,-4.133004546E-1
9.722838858E1,2.007374048E0,4.466705322E-1,-1.862669438E-1
9.724855358E1,1.789724112E0,-1.539521962E-1,-3.565596044E-1
9.726871858E1,1.454955220E0,-9.830805063E-1,-6.678970456E-1
9.728888358E1,1.219189405E0,-1.459262490E0,-8.238239288E-1
9.730904758E1,1.142607450E0,-1.217976213E0,-6.712546349E-1
9.732921258E1,9.392977953E-1,-7.243242860E-1,-2.099362463E-1
9.734937758E1,5.271499157E-1,-4.326479733E-1,1.518009156E-1
9.736954258E1,3.320552111E-1,-5.606133938E-1,1.035570055E-1
9.738970758E1,4.400418401E-1,-7.832129598E-1,-1.636903584E-1
9.740987258E1,5.938751101E-1,-8.093470931E-1,-3.280591071E-1
9.743003758E1,5.431699753E-1,-5.269303322E-1,-3.037243187E-1
9.745020158E1,4.603506029E-1,-1.620620787E-1,-1.897310466E-1
9.747036658E1,4.515407979E-1,2.231167257E-1,-1.101815104E-1
9.749053158E1,4.429813027E-1,6.263617277E-1,-8.786843717E-2
9.751069658E1,3.637244701E-1,9.519272447E-1,3.585334867E-2
9.753086158E1,3.369850516E-1,1.072097778E0,2.156372368E-1
9.755102658E1,1.338238120E-1,1.090537548E0,4.264789820E-1
9.757119058E1,-3.598893583E-1,1.307926893E0,7.958065271E-1
9.759135558E1,-5.229135156E-1,1.310231686E0,1.044805169E0
9.761152058E1,-6.185141206E-1,9.071323872E-1,1.051400304E0
9.763168558E1,-1.554168105E0,9.560448527E-1,1.224252343E0
9.765185058E1,-2.807393074E0,1.049341321E0,1.668337703E0
9.767201558E1,-3.446963787E0,1.276850343E0,1.935174346E0
9.769217958E1,-3.711190224E0,1.551768899E0,1.770104527E0
9.771234458E1,-4.175286293E0,1.947745681E0,1.372287512E0
9.773250958E1,-4.715991497E0,2.582639694E0,1.394592285E0
9.775267458E1,-4.568913460E0,2.353089809E0,1.402184248E0
9.777283958E1,-3.647093773E0,1.577527642E0,1.089656115E0
9.779300458E1,-2.529429436E0,1.030319810E0,5.342314243E-1
9.781316846E1,-1.884697556E0,7.299438715E-1,1.838902235E-1
9.783333346E1,-1.801274896E0,4.707438052E-1,3.300192580E-2
9.785349846E1,-1.811369538E0,-1.581273973E-1,9.221301973E-2
9.787366346E1,-8.730969429E-1,-2.417861521E-1,7.251511514E-2
9.789382846E1,-7.454816997E-2,-1.605169773E-1,-3.346216381E-1
9.791399346E1,2.412452698E-1,-3.860288858E-2,-7.074990273E-1
9.793415746E1,4.887962937E-1,-2.533436567E-2,-7.031310797E-1
9.795432246E1,8.215844035E-1,-3.224980533E-1,-6.008794904E-1
9.797448746E1,1.225855827E0,-7.878492475E-1,-7.760181427E-1
9.799465246E1,1.584403872E0,-1.046952486E0,-1.234590888E0
9.801481746E1,1.924993634E0,-1.158913374E0,-1.440260291E0
9.803498246E1,2.151069403E0,-1.221184134E0,-1.445812702E0
9.805514746E1,2.165984869E0,-1.417833447E0,-1.364324212E0
9.807531146E1,2.146710157E0,-1.521504164E0,-1.323864102E0
9.809547646E1,2.575804710E0,-1.546068907E0,-1.392969012E0
9.811564146E1,3.009304047E0,-1.531952858E0,-1.536453843E0
9.813580646E1,2.822515249E0,-1.343895316E0,-1.383102179E0
9.815597146E1,2.274207115E0,-9.263322949E-1,-9.199159145E-1
9.817613646E1,1.995758414E0,-5.549711585E-1,-5.895205140E-1
9.819630046E1,1.945132971E0,-3.635793328E-1,-5.557405949E-1
9.821646546E1,1.901801229E0,-6.391818523E-1,-6.911134124E-1
9.823663046E1,1.687515497E0,-1.310716510E0,-8.002262115E-1
9.825679546E1,1.313330889E0,-1.581084132E0,-7.759868503E-1
9.827696046E1,7.752737999E-1,-9.997547269E-1,-5.026093125E-1
9.829712546E1,1.941060573E-1,2.204450369E-1,-3.836244345E-2
9.831728946E1,7.098089159E-2,1.035541415E0,2.175069451E-1
9.833745446E1,6.965821981E-2,8.357756734E-1,1.843607724E-1
9.835761946E1,-2.413928062E-1,2.506926656E-1,8.806384355E-2
9.837778446E1,-7.583133578E-1,3.670933470E-2,7.871894538E-2
9.839794946E1,-1.291434169E0,3.004288077E-1,2.144196928E-1
9.841811446E1,-1.419644594E0,8.247691989E-1,3.984194100E-1
9.843827846E1,-1.358915210E0,1.198981404E0,5.199525356E-1
9.845844346E1,-1.363834262E0,1.015949368E0,6.009526253E-1
9.847860846E1,-1.596919537E0,6.615108848E-1,6.632268429E-1
9.849877346E1,-1.945977926E0,5.725777745E-1,8.242663145E-1
9.851893846E1,-2.091566563E0,8.194054961E-1,9.701009989E-1
9.853910346E1,-1.625208259E0,1.266609788E0,9.769675136E-1
9.855926746E1,-9.902096391E-1,1.535113692E0,1.048422933E0
9.857943246E1,-6.686371565E-1,1.568454027E0,1.283635259E0
9.859959746E1,-4.756630361E-1,1.272770762E0,1.545097351E0
9.861976246E1,-3.006690145E-1,9.043737054E-1,1.520570874E0
9.863992746E1,-3.451498151E-1,5.840587020E-1,1.140808940E0
9.866009246E1,-1.349563450E-1,4.644588530E-1,7.278577685E-1
9.868025646E1,2.028633803E-1,2.334739566E-1,5.211189985E-1
9.870042146E1,2.729054093E-1,-3.317640424E-1,5.346886516E-1
9.872058646E1,3.113813102E-1,-6.028384566E-1,6.362165213E-1
9.874075146E1,5.284697413E-1,-4.208453894E-1,7.237169147E-1
9.876091646E1,6.379025578E-1,-6.981611848E-1,4.624501467E-1
9.878108146E1,3.444758654E-1,-1.561663628E0,1.433253288E-1
9.880124546E1,5.416545272E-1,-1.766360164E0,-2.988090515E-1
9.882141046E1,5.636978745E-1,-1.973497391E0,-9.103358388E-1
9.884157546E1,6.147604585E-1,-1.925237060E0,-1.223466158E0
9.886174046E1,8.395845294E-1,-1.419955254E0,-1.313081264E0
9.888190546E1,1.250947118E0,-7.753041983E-1,-1.359404325E0
9.890207046E1,1.590606689E0,-3.709143996E-1,-1.469796777E0
9.892223446E1,1.645691037E0,-1.092955098E-1,-1.473360300E0
9.894239946E1,1.455903292E0,-4.573087767E-2,-1.268133044E0
9.896256446E1,1.229653835E0,-9.624709189E-2,-9.551485181E-1
9.898272946E1,1.135652423E0,-1.136391163E-1,-7.580497265E-1
9.900289446E1,1.168786168E0,-9.163485467E-2,-7.062119842E-1
9.902305946E1,1.186894417E0,-6.846214086E-2,-6.978194118E-1
9.904322446E1,1.176955819E0,-7.692711800E-2,-6.560911536E-1
9.906338846E1,1.225247025E0,-4.202942178E-2,-5.282055736E-1
9.908355346E1,1.201867700E0,-1.053164154E-1,-3.047641814E-1
9.910371846E1,9.195058942E-1,-1.566268653E-1,-1.567365378E-1
9.912388346E1,6.098741293E-1,-2.081583440E-1,-1.056195199E-1
9.914404846E1,7.066835165E-1,-2.351468801E-1,-2.338622212E-1
9.916421346E1,1.082951784E0,-5.283111334E-1,-4.855226576E-1
9.918437746E1,9.263885021E-1,-6.352814436E-1,-4.375589490E-1
9.920454246E1,3.354586959E-1,-2.258910984E-1,6.735671312E-2
9.922470746E1,-9.283630550E-2,1.128140464E-2,3.982818425E-1
9.924487246E1,-8.768880367E-1,-4.721739143E-2,3.977983594E-1
9.926503746E1,-2.131677151E0,1.741719842E-1,6.502601504E-1
9.928520246E1,-2.707173586E0,1.325566024E-1,9.484453797E-1
9.930536646E1,-2.825260639E0,3.056719303E-1,1.177760482E0
9.932553146E1,-3.209997416E0,7.924388647E-1,1.389212012E0
9.934569646E1,-3.591155529E0,1.275103807E0,1.643303990E0
9.936586146E1,-3.524624586E0,1.419813633E0,1.751050591E0
9.938602646E1,-3.179783583E0,1.026179671E0,1.523604155E0
9.940619146E1,-2.631791592E0,6.897340417E-1,1.054973245E0
9.942635546E1,-2.197867155E0,5.899471045E-1,7.821096778E-1
9.944652046E1,-1.918554664E0,5.892928839E-1,7.389243245E-1
9.946668546E1,-1.335187793E0,7.666760087E-1,7.061499357E-1
9.948685046E1,-5.250592232E-1,1.143577337E0,5.767236352E-1
9.950701546E1,-1.753473282E-1,1.154884696E0,5.034474730E-1
9.952718046E1,-4.229708016E-2,7.462447286E-1,4.976132512E-1
9.954734446E1,3.594752550E-1,6.317930818E-1,5.716586709E-1
9.956750946E1,8.416820168E-1,6.607356071E-1,6.029290557E-1
9.958767446E1,1.200112700E0,5.464523435E-1,5.866571069E-1
9.960783946E1,1.389136910E0,3.130330145E-1,5.993465781E-1
9.962800446E1,1.482268572E0,-8.681986947E-4,7.203537822E-1
9.964816946E1,1.734262347E0,-3.733409941E-1,7.106196284E-1
9.966833346E1,1.759659529E0,-7.335768342E-1,6.979472637E-1
9.968849846E1,1.278553843E0,-9.457662106E-1,8.926964402E-1
9.970866346E1,6.156100035E-1,-1.293800354E0,1.094514847E0
9.972882846E1,1.620247215E-1,-1.800496936E0,1.040666342E0
9.974899346E1,-3.091245592E-1,-1.792497635E0,6.685475111E-1
9.976915846E1,-4.296941459E-1,-1.206972599E0,1.772292405E-1
9.978932246E1,-2.011390030E-1,-6.382137537E-1,-5.347042680E-1
9.980948758E1,-3.132111430E-1,-4.168472886E-1,-1.061328411E0
9.982965258E1,-8.197027445E-1,-1.619502306E-1,-1.448446751E0
9.984981758E1,-1.082569122E0,1.953004450E-1,-1.535293818E0
9.986998258E1,-3.300967813E-1,5.374624729E-1,-1.377565980E0
9.989014758E1,5.716831088E-1,3.911921084E-1,-1.242772937E0
9.991031158E1,8.943897486E-1,-4.046627879E-2,-1.249212027E0
9.993047658E1,8.807438612E-1,-1.001532078E-1,-1.081804752E0
9.995064158E1,9.522889853E-1,-3.294065222E-2,-7.606885433E-1
9.997080658E1,1.106961966E0,-2.182061076E-1,-5.956141353E-1
9.999097158E1,1.473301530E0,-4.492224455E-1,-6.250817180E-1
1.000111366E2,1.789595604E0,-5.122498870E-1,-7.838131189E-1
1.000313016E2,2.011322975E0,-4.435136616E-1,-8.788349628E-1
1.000514656E2,1.937625766E0,-3.176628053E-1,-8.138564825E-1
1.000716306E2,1.583233237E0,-3.610661626E-1,-6.234103441E-1
1.000917956E2,1.227751493E0,-3.543710709E-1,-4.877287149E-1
1.001119606E2,1.030203581E0,-4.004638493E-1,-4.814318717E-1
1.001321256E2,8.896090388E-1,-2.271225154E-1,-5.260159373E-1
1.001522906E2,8.305082917E-1,7.446064055E-2,-4.840625823E-1
1.001724546E2,7.072225213E-1,1.551575512E-1,-3.367424905E-1
1.001926196E2,3.266375959E-1,-1.737058163E-1,-1.196735576E-1
1.002127846E2,1.027692333E-1,-4.104231894E-1,-1.239670888E-1
1.002329496E2,-1.336719394E-1,-1.556926668E-1,-1.440761834E-1
1.002531146E2,-7.273936868E-1,2.549942732E-1,1.213048622E-1
1.002732796E2,-1.324218988E0,4.724062681E-1,5.647301674E-1
1.002934436E2,-1.772760391E0,5.604761243E-1,8.119152784E-1
1.003136086E2,-2.408862829E0,7.552690506E-1,1.107188702E0
1.003337736E2,-2.977896929E0,1.070576072E0,1.507251740E0
1.003539386E2,-3.123209476E0,1.304459095E0,1.814771295E0
1.003741036E2,-3.034565210E0,1.202424526E0,1.945741296E0
1.003942686E2,-2.912630081E0,8.902002573E-1,1.830201745E0
1.004144326E2,-2.586841822E0,3.437448442E-1,1.646719933E0
1.004345976E2,-1.980091810E0,1.217537820E-1,1.409006596E0
1.004547626E2,-1.517183065E0,3.911775351E-1,1.265061021E0
1.004749276E2,-1.188569784E0,5.198745131E-1,1.187806249E0
1.004950926E2,-8.225520253E-1,4.314914346E-1,1.067317247E0
1.005152576E2,-2.173453867E-1,2.334093750E-1,8.282918930E-1
1.005354216E2,4.454967082E-1,2.014251500E-1,5.964791179E-1
1.005555866E2,7.383952737E-1,2.554239631E-1,5.245292187E-1
1.005757516E2,7.112864852E-1,2.925116718E-1,7.051926255E-1
1.005959166E2,8.955155611E-1,3.075760007E-1,8.541263938E-1
1.006160816E2,1.363998413E0,2.300842553E-1,7.473094463E-1
1.006362466E2,1.680478454E0,1.305060685E-1,6.704502702E-1
1.006564106E2,1.566762805E0,4.154796153E-2,7.880347371E-1
1.006765756E2,1.386658669E0,-1.886605769E-1,8.879423738E-1
1.006967406E2,1.180346727E0,-4.218018353E-1,9.804356098E-1
1.007169056E2,8.918923140E-1,-4.305608273E-1,1.076620102E0
1.007370706E2,6.468396187E-1,-6.551125050E-1,1.009037852E0
1.007572356E2,3.117215931E-1,-1.081093073E0,8.889003992E-1
1.007773996E2,-1.695760190E-1,-1.376638293E0,6.962047815E-1
1.007975646E2,-6.512346268E-1,-1.455341578E0,3.813952506E-1
1.008177298E2,-1.036309719E0,-1.011983275E0,1.336265951E-1
1.008378948E2,-1.188330650E0,-3.741273582E-1,6.984763592E-2
1.008580597E2,-1.004628420E0,-1.900247335E-1,-1.859125309E-2
1.008782248E2,-8.329506516E-1,-4.668685198E-1,-2.889780700E-1
1.008983888E2,-5.848194361E-1,-5.869598985E-1,-6.320775747E-1
1.009185538E2,-1.034897119E-1,-1.585592628E-1,-7.383383512E-1
1.009387187E2,1.909330189E-1,3.287266195E-1,-5.941798091E-1
1.009588838E2,2.210760862E-1,4.161510468E-1,-5.055520535E-1
1.009790488E2,2.251681089E-1,2.435551584E-1,-5.022158623E-1
1.009992138E2,2.196588665E-1,1.867647022E-1,-4.434917271E-1
1.010193777E2,2.378459871E-1,1.491858810E-1,-2.952424288E-1
1.010395428E2,2.397395819E-1,3.400392830E-2,-1.486245990E-1
1.010597078E2,3.153046966E-1,8.835238405E-4,-6.246075034E-2
1.010798728E2,3.539638221E-1,3.055676445E-2,-1.166634411E-1
1.011000378E2,6.661236882E-1,1.674251705E-1,-2.111016512E-1
1.011202027E2,8.121258616E-1,2.170704305E-1,-2.082991153E-1
1.011403668E2,9.372239709E-1,5.825192109E-2,-2.085794955E-1
1.011605318E2,9.305681586E-1,-8.245703578E-2,-3.271620274E-1
1.011806968E2,6.940037608E-1,-3.358122706E-1,-3.849343061E-1
1.012008617E2,3.171748221E-1,-6.258097887E-1,-4.027162790E-1
1.012210268E2,1.154565290E-1,-3.823944926E-1,-3.137892485E-1
1.012411918E2,2.363732308E-1,1.733286381E-1,-1.034973338E-1
1.012613558E2,2.460692376E-1,4.612263739E-1,5.208781362E-2
1.012815207E2,2.819219530E-1,2.711842656E-1,1.461342722E-1
1.013016858E2,4.518860877E-1,-1.709026545E-1,1.780817211E-1
1.013218508E2,5.078625679E-1,-4.588663876E-1,1.828411520E-1
1.013420158E2,3.847839832E-1,-5.487236381E-1,3.190886080E-1
1.013621808E2,3.057433069E-1,-4.301806092E-1,4.851742983E-1
1.013823448E2,4.839320183E-1,-2.972093523E-1,5.842509270E-1
1.014025098E2,9.248376489E-1,-2.851565182E-1,4.912628829E-1
1.014226748E2,1.324229121E0,-3.424935341E-1,3.090150654E-1
1.014428398E2,1.523604751E0,-2.597231567E-1,2.211481184E-1
1.014630047E2,1.563344479E0,-9.645095468E-2,2.963874042E-1
1.014831698E2,1.611210108E0,9.751156718E-2,3.674391210E-1
1.015033338E2,1.705747366E0,2.400594950E-1,3.746542037E-1
1.015234988E2,1.760346174E0,3.272167444E-1,4.288919866E-1
1.015436637E2,1.726064682E0,5.657216311E-1,5.308239460E-1
1.015638288E2,1.633690476E0,9.983954430E-1,7.136839628E-1
1.015839938E2,1.367513061E0,1.426561832E0,1.050402522E0
1.016041578E2,1.240864992E0,1.449521422E0,1.152342081E0
1.016243227E2,7.801123857E-1,1.124251723E0,1.324437499E0
1.016444878E2,-4.277729988E-1,4.568939805E-1,1.721429229E0
1.016646528E2,-1.869301558E0,-3.084930032E-2,2.320821285E0
1.016848178E2,-2.653768539E0,2.019238621E-1,2.765128374E0
1.017049828E2,-3.111137629E0,7.842438221E-1,2.736776590E0
1.017251468E2,-3.658458710E0,1.579780459E0,2.407760382E0
1.017453118E2,-4.116210461E0,2.689774990E0,2.132797003E0
1.017654768E2,-3.533583403E0,3.183414698E0,1.811524153E0
1.017856418E2,-2.515339375E0,2.168748140E0,1.367561221E0
1.018058067E2,-2.130597115E0,1.057315707E0,9.444367290E-1
1.018259711E2,-2.103172302E0,3.759065866E-1,9.589564204E-1
1.018461351E2,-1.996648431E0,1.590072364E-2,1.183408260E0
1.018663001E2,-1.531974673E0,3.944776580E-2,1.281809807E0
1.018864651E2,-8.477346301E-1,2.009800971E-1,1.147339225E0
1.019066301E2,-1.135051772E-1,4.701151550E-1,1.072206616E0
1.019267951E2,2.114290148E-1,4.740663469E-1,1.043301105E0
1.019469601E2,4.041996896E-1,9.120676666E-2,1.050388694E0
1.019671241E2,5.687966943E-1,-1.598876715E-1,1.136581779E0
1.019872891E2,8.451485634E-1,-3.598937094E-1,1.180997014E0
1.020074541E2,1.044556856E0,-5.835695863E-1,1.131490111E0
1.020276191E2,1.027705193E0,-1.052174091E0,1.178227901E0
1.020477841E2,9.077219963E-1,-1.515268683E0,1.121802688E0
1.020679491E2,7.891357541E-1,-1.688722491E0,9.900273085E-1
1.020881131E2,7.390959859E-1,-1.987438083E0,8.679886460E-1
1.021082781E2,3.540099263E-1,-1.834204555E0,7.178927660E-1
1.021284431E2,5.976559967E-2,-9.862943888E-1,6.059975028E-1
1.021486081E2,5.845644474E-1,-5.422544479E-1,4.116671979E-1
1.021687731E2,1.400964737E0,-6.753974557E-1,-1.137892231E-1
1.021889381E2,1.560790896E0,-7.164980173E-1,-5.036770701E-1
1.022091021E2,1.200180888E0,-5.965618491E-1,-5.001072288E-1
1.022292671E2,6.475483775E-1,-3.590680063E-1,-2.829139829E-1
1.022494321E2,3.931874335E-1,-5.390475318E-2,9.163263440E-2
1.022695971E2,7.563273907E-1,2.252928317E-1,2.231518626E-1
1.022897621E2,1.316263676E0,3.785336614E-1,1.456192136E-1
1.023099271E2,1.612836719E0,4.550788999E-1,1.246458367E-1
1.023300911E2,1.591133833E0,4.302875400E-1,2.954543531E-1
1.023502561E2,1.442440510E0,3.797733486E-1,4.305333793E-1
1.023704211E2,1.266761780E0,3.953081369E-1,5.042908192E-1
1.023905861E2,1.234446406E0,5.708514452E-1,5.514378548E-1
1.024107511E2,1.378410697E0,6.142764091E-1,7.483380437E-1
1.024309151E2,1.481611252E0,5.218470097E-1,9.918041229E-1
1.024510801E2,1.322758675E0,4.461112320E-1,1.022315860E0
1.024712451E2,1.122392893E0,5.123367906E-1,1.048311949E0
1.024914101E2,8.379896283E-1,5.065337420E-1,1.240410447E0
1.025115751E2,6.477476954E-1,5.923061967E-1,1.453451395E0
1.025317401E2,5.249732733E-1,5.774287581E-1,1.590664625E0
1.025519041E2,2.966888845E-1,6.887964606E-1,1.643946648E0
1.025720691E2,4.830557108E-2,8.838096261E-1,1.707852602E0
1.025922341E2,-2.183494270E-1,1.047621131E0,1.817822933E0
1.026123991E2,-3.126367331E-1,1.178909540E0,1.948036432E0
1.026325641E2,-2.785594463E-1,1.242881417E0,1.998795986E0
1.026527291E2,-3.939690292E-1,1.357282519E0,1.961887002E0
1.026728931E2,-4.826875925E-1,1.437914610E0,1.936510205E0
1.026930581E2,-2.142760903E-1,1.274376273E0,1.890156269E0
1.027132231E2,-7.687141746E-2,1.157092929E0,1.708367944E0
1.027333881E2,-5.025279522E-1,1.421104670E0,1.745784760E0
1.027535531E2,-8.569704890E-1,1.621604562E0,2.035315990E0
1.027737181E2,-7.795699835E-1,1.325485229E0,2.178148508E0
1.027938821E2,-4.594944119E-1,7.400475144E-1,2.137478113E0
1.028140471E2,-2.127387226E-1,4.455569088E-1,2.019222736E0
1.028342121E2,-2.003117651E-1,3.071835935E-1,2.087971926E0
1.028543771E2,-3.208948374E-1,1.004962623E-2,2.187473774E0
1.028745421E2,-2.579814196E-1,-1.631656885E-1,2.255779266E0
1.028947061E2,3.082204610E-3,2.367162704E-2,2.341593504E0
1.029148711E2,1.542730480E-1,3.532371223E-1,2.305709124E0
1.029350361E2,9.678521007E-2,4.714475274E-1,2.258753061E0
1.029552011E2,3.033411503E-2,3.964093328E-1,2.359580517E0
1.029753661E2,1.253526956E-1,4.029961824E-1,2.424333572E0
1.029955311E2,3.109553754E-1,3.884456456E-1,2.300392628E0
1.030156951E2,4.108575881E-1,3.213014007E-1,2.081866503E0
1.030358601E2,4.027226567E-1,2.858597338E-1,2.016948223E0
1.030560251E2,3.421764374E-1,1.243278384E-1,2.022348881E0
1.030761901E2,2.708590925E-1,-9.797194600E-2,1.935227871E0
1.030963551E2,2.237897664E-1,-1.204319522E-1,1.831688762E0
1.031165201E2,1.779354513E-1,3.463497618E-3,1.748786569E0
1.031366841E2,1.098870635E-1,1.181957573E-1,1.636542082E0
1.031568491E2,5.548747256E-3,9.826450795E-2,1.548679590E0
1.031770141E2,-1.838535070E-1,5.756331608E-2,1.594707727E0
1.031971791E2,-4.152316451E-1,7.111528516E-2,1.577446818E0
1.032173441E2,-4.735726118E-1,1.111084148E-1,1.554501414E0
1.032375081E2,-3.996786773E-1,1.578225344E-1,1.461713672E0
1.032576731E2,-3.790307343E-1,8.851950616E-2,1.273213744E0
1.032778381E2,-3.799852133E-1,-1.999499649E-1,1.071401119E0
1.032980031E2,-3.252891004E-1,-4.623569250E-1,8.649047017E-1
1.033181681E2,-2.664315104E-1,-4.424731433E-1,6.595534682E-1
1.033383331E2,-4.105401933E-1,-3.867595494E-1,5.208991170E-1
1.033584971E2,-6.628879309E-1,-2.284762561E-1,4.428504109E-1
1.033786621E2,-4.668419659E-1,-1.312446445E-1,2.340709865E-1
1.033988271E2,1.120330766E-1,-1.063881591E-1,-1.819851696E-1
1.034189921E2,2.439859509E-1,8.073429018E-2,-3.887550235E-1
1.034391571E2,6.915867329E-2,2.471722960E-1,-3.175460696E-1
1.034593221E2,7.920815796E-2,1.452561021E-1,-2.294066548E-1
1.034794861E2,9.972690791E-2,-1.227613539E-1,-1.518357694E-1
1.034996511E2,-1.204215884E-1,-2.920215726E-1,-1.370086372E-1
1.035198161E2,-1.996205896E-1,-3.275596499E-1,-9.034804255E-2
1.035399811E2,-3.608620167E-2,-2.626165450E-1,-9.193143994E-2
1.035601461E2,1.907488853E-1,-1.999612451E-1,-1.424225271E-1
1.035803101E2,2.648862004E-1,-1.419057250E-1,-1.309607625E-1
1.036004751E2,1.228009164E-1,1.256761886E-2,3.354845569E-2
1.036206401E2,7.346750703E-3,2.723165751E-1,2.315260619E-1
1.036408051E2,-8.374393731E-2,4.973400235E-1,4.530846179E-1
1.036609701E2,-1.991542578E-1,5.417615771E-1,6.279629469E-1
1.036811351E2,-2.998996079E-1,5.274218321E-1,6.726109385E-1
1.037012991E2,-1.827491820E-1,5.000228286E-1,6.932296753E-1
1.037214641E2,-8.389557153E-2,5.258983970E-1,7.560831904E-1
1.037416291E2,2.561405487E-2,6.587011218E-1,8.597053289E-1
1.037617941E2,1.219860986E-1,7.761231661E-1,8.890383840E-1
1.037819591E2,1.470253915E-1,4.948805571E-1,8.713132143E-1
1.038021241E2,2.310871929E-1,3.059660792E-1,8.692373037E-1
1.038222882E2,3.066575229E-1,2.871359587E-1,8.692360520E-1
1.038424532E2,4.873434901E-1,4.600393772E-1,9.206300378E-1
1.038626182E2,6.617322564E-1,4.835199714E-1,9.019230008E-1
1.038827832E2,7.424508333E-1,3.218627572E-1,8.155243397E-1
1.039029482E2,7.340101600E-1,1.562212855E-1,7.190122604E-1
1.039231122E2,6.110522747E-1,1.305981427E-1,6.635240316E-1
1.039432772E2,4.535699487E-1,3.918130994E-1,7.032854557E-1
1.039634422E2,3.801887035E-1,6.178178191E-1,7.820989490E-1
1.039836072E2,1.992183179E-1,4.625275135E-1,8.309563398E-1
1.040037722E2,-1.778739691E-1,6.241356581E-2,7.711217403E-1
1.040239372E2,-1.338294297E-1,-3.048121929E-1,5.419849157E-1
1.040441012E2,1.828583777E-1,-3.148310781E-1,3.292174637E-1
1.040642662E2,3.480770290E-1,-1.970735937E-1,1.185975522E-1
1.040844312E2,3.934119642E-1,-9.034718573E-2,8.274560422E-2
1.041045962E2,4.523178935E-1,-2.591286972E-2,1.930953562E-1
1.041247612E2,3.190928102E-1,-9.018205106E-3,4.537925422E-1
1.041449262E2,2.100626007E-2,-2.093579173E-1,6.038333774E-1
1.041650902E2,1.027362514E-2,-2.147168666E-1,6.039841771E-1
1.041852552E2,2.790721655E-1,-1.402622461E-1,6.089858413E-1
1.042054202E2,2.846945822E-1,-1.751056761E-1,5.521561503E-1
1.042255852E2,1.321675330E-1,-2.355048805E-1,5.454930663E-1
1.042457502E2,-7.687924802E-2,-2.536406219E-1,5.631753206E-1
1.042659152E2,-2.065887004E-1,-8.582996577E-2,5.633342266E-1
1.042860792E2,-2.209939957E-1,8.190248162E-2,5.937896371E-1
1.043062442E2,-1.013840660E-1,1.061129719E-1,5.516138077E-1
1.043264092E2,-6.947883219E-2,3.391168267E-2,4.605545104E-1
1.043465742E2,-2.163057029E-1,6.281285547E-3,4.511319697E-1
1.043667392E2,-4.425193071E-1,1.147742420E-1,5.193910599E-1
1.043869042E2,-4.538272917E-1,1.557375193E-1,5.054366589E-1
1.044070682E2,-2.491766363E-1,-1.011489611E-2,2.973495424E-1
1.044272332E2,3.101200098E-3,-8.833769709E-2,1.377894916E-2
1.044473982E2,1.455865800E-1,-7.376971096E-2,-8.017800003E-2
1.044675632E2,2.087446898E-1,-5.215599388E-2,-2.024905533E-1
1.044877282E2,2.362510264E-1,-7.186627388E-2,-3.226504326E-1
1.045078932E2,2.712442875E-1,2.650932595E-2,-3.453899920E-1
1.045280582E2,2.184918672E-1,1.555551142E-1,-3.246335089E-1
1.045482222E2,1.871470064E-1,7.419349253E-2,-3.929729760E-1
1.045683872E2,3.328645229E-1,-9.851603210E-2,-5.947022438E-1
1.045885522E2,4.278928041E-1,1.677827165E-2,-6.047748923E-1
1.046087172E2,3.686472178E-1,2.286774516E-1,-4.645848870E-1
1.046288822E2,3.042349517E-1,1.479509175E-1,-4.003198743E-1
1.046490472E2,3.245417476E-1,-4.453998432E-2,-3.848846853E-1
1.046692112E2,3.515535891E-1,-3.164651096E-1,-3.832873404E-1
1.046893762E2,3.231256008E-1,-5.272411704E-1,-3.742112517E-1
1.047095412E2,-6.813891698E-3,-3.978936076E-1,-2.061890215E-1
1.047297062E2,-3.196595013E-1,-2.474382706E-2,7.152587920E-2
1.047498712E2,-4.909333587E-1,5.020657778E-1,2.991435230E-1
1.047700362E2,-3.708259463E-1,5.515552163E-1,3.081344962E-1
1.047902012E2,-4.175764024E-1,1.757035404E-1,2.919220626E-1
1.048103658E2,-7.837635279E-1,1.710124500E-2,4.309889972E-1
1.048305308E2,-7.896926403E-1,-3.615299761E-1,4.492755830E-1
1.048506958E2,-3.613986373E-1,-6.114017963E-1,2.195041180E-1
1.048708608E2,5.427537858E-2,-6.656991839E-1,-6.180426851E-2
1.048910257E2,2.345460840E-2,-4.743009508E-1,-1.484014839E-1
1.049111908E2,-2.145037949E-1,-6.838243455E-2,-6.832827814E-3
1.049313558E2,-3.387300670E-1,3.589183092E-1,1.350837797E-1
1.049515198E2,-1.176249534E-1,5.407596231E-1,2.101012170E-1
1.049716847E2,2.584814727E-1,4.287139773E-1,7.275742292E-2
1.049918498E2,4.272286296E-1,2.497498691E-1,-3.278607875E-2
1.050120148E2,5.100643039E-1,1.790671647E-1,-1.494489843E-4
1.050321798E2,6.093720198E-1,9.389986843E-2,-1.526296604E-2
1.050523448E2,7.354831696E-1,-6.957587786E-3,-8.102928102E-2
1.050725088E2,8.409340978E-1,-4.086861014E-2,-1.223624721E-1
1.050926738E2,8.208302855E-1,1.248832140E-2,-9.227843583E-2
1.051128388E2,7.106598616E-1,2.065814435E-1,-8.976746351E-3
1.051330038E2,5.521098971E-1,2.908690274E-1,9.630881995E-2
1.051531687E2,5.428993702E-1,2.465921044E-1,8.236318082E-2
1.051733338E2,8.240958452E-1,1.945061982E-1,-4.390599951E-2
1.051934988E2,8.899350762E-1,3.842427135E-1,-3.122386895E-2
1.052136638E2,5.140392184E-1,5.366686583E-1,2.551192343E-1
1.052338277E2,-6.524748355E-2,5.647798628E-2,4.716405869E-1
1.052539928E2,-8.123703599E-1,-5.919255018E-1,6.057761908E-1
1.052741578E2,-1.558201790E0,-9.029451609E-1,6.402744651E-1
1.052943228E2,-1.956813097E0,-8.898351192E-1,5.012134910E-1
1.053144878E2,-1.883814931E0,-6.424086094E-1,4.907801747E-2
1.053346527E2,-1.360796332E0,1.719848439E-2,-6.302723289E-1
1.053548168E2,-7.102643251E-1,6.696149111E-1,-1.112041116E0
1.053749818E2,-2.458674461E-1,6.502447128E-1,-1.339114189E0
1.053951468E2,-3.904647753E-2,1.468021721E-1,-1.386975884E0
1.054153117E2,-1.654564217E-2,-1.635217220E-1,-1.344951749E0
1.054354768E2,3.068733029E-2,-1.266898587E-2,-1.137300611E0
1.054556418E2,3.249137402E-1,3.301918805E-1,-8.736106157E-1
1.054758068E2,5.569502711E-1,2.201057822E-1,-7.255719304E-1
1.054959707E2,5.546157956E-1,-1.584951580E-1,-5.753477216E-1
1.055161358E2,5.092135668E-1,-4.696291685E-1,-4.303218722E-1
1.055363008E2,5.510780215E-1,-5.194842219E-1,-2.775842845E-1
1.055564658E2,5.164117217E-1,-3.812922239E-1,-9.103921801E-2
1.055766308E2,5.171554685E-1,-1.499130130E-1,8.963124454E-2
1.055967957E2,5.954874754E-1,-3.815345839E-2,8.659343421E-2
1.056169608E2,5.518830419E-1,-1.340713948E-1,1.027242839E-2
1.056371248E2,1.947289407E-1,-4.077361524E-1,-8.108606189E-2
1.056572898E2,9.875000268E-2,-3.874844015E-1,-6.728854030E-2
1.056774547E2,3.988514841E-1,-4.754961282E-2,-7.060241699E-2
1.056976198E2,7.621499896E-1,1.410148442E-1,-2.381009758E-1
1.057177848E2,6.899335980E-1,1.100687683E-1,-2.638440132E-1
1.057379498E2,4.489932060E-1,-2.022276521E-1,-3.217928410E-1
1.057581148E2,5.950640440E-1,-4.511997700E-1,-5.954901576E-1
1.057782788E2,9.095482826E-1,-4.287927449E-1,-8.555530310E-1
1.057984438E2,7.942044735E-1,-2.144649923E-1,-9.747127891E-1
1.058186086E2,5.283820033E-1,1.742008775E-1,-8.816233277E-1
1.058387736E2,3.550645411E-1,5.522510409E-1,-7.280170918E-1
1.058589386E2,2.770834267E-1,5.041217804E-1,-6.641633511E-1
1.058791036E2,1.925001144E-1,8.853924274E-2,-6.823078394E-1
1.058992686E2,1.518184394E-1,-2.760113776E-1,-7.131196856E-1
1.059194326E2,-3.186602518E-2,-3.080156147E-1,-5.746432543E-1
1.059395976E2,-1.842170954E-1,-1.310943812E-1,-2.977867126E-1
1.059597626E2,-1.954466850E-1,-1.810197532E-1,-1.142181978E-1
1.059799276E2,-1.425002813E-1,-5.979194641E-1,-1.365018636E-1
1.060000926E2,-1.697743535E-1,-8.315873742E-1,-1.775723994E-1
1.060202576E2,-2.085087150E-1,-5.947371721E-1,-1.583633870E-1
1.060404216E2,-1.679368913E-1,-1.743306667E-1,-1.872574240E-1
1.060605866E2,-3.657806665E-2,-1.008399427E-1,-1.862970889E-1
1.060807516E2,-1.709466241E-2,-2.497407943E-1,-2.381183952E-1
1.061009166E2,-3.410347179E-2,-2.360138148E-1,-2.985708416E-1
1.061210816E2,6.547696888E-2,7.868863642E-2,-2.955363691E-1
1.061412466E2,1.930851042E-1,4.090631902E-1,-1.976941675E-1
1.061614106E2,1.254147589E-1,3.361567557E-1,-2.365317941E-2
1.061815756E2,-9.197427332E-2,9.773573279E-2,1.046762168E-1
1.062017406E2,-3.645536005E-1,8.995557576E-2,1.679545194E-1
1.062219056E2,-4.693325162E-1,3.754618764E-1,2.965639532E-1
1.062420706E2,-4.517312348E-1,8.812123537E-1,4.461501241E-1
1.062622356E2,-4.446585178E-1,1.154154897E0,6.267004013E-1
1.062823996E2,-6.360863447E-1,1.127275586E0,9.116879702E-1
1.063025646E2,-9.028485417E-1,9.589221478E-1,1.226554990E0
1.063227296E2,-1.630210400E0,7.962351441E-1,1.614872575E0
1.063428946E2,-2.264204502E0,8.461124301E-1,1.997301579E0
1.063630596E2,-2.812565327E0,1.161204696E0,2.351215124E0
1.063832246E2,-3.362506866E0,1.359629631E0,2.537204504E0
1.064033896E2,-3.444040298E0,1.154999971E0,2.281959295E0
1.064235536E2,-2.929476500E0,7.417792678E-1,1.446868539E0
1.064437186E2,-1.927651644E0,4.356083572E-1,4.773737192E-1
1.064638836E2,-9.724614620E-1,5.787187219E-1,-2.199254185E-1
1.064840486E2,-5.746370554E-1,6.781722903E-1,-5.767260790E-1
1.065042136E2,-3.658435643E-1,5.770890713E-1,-7.828420401E-1
1.065243786E2,-1.679154485E-1,5.965262055E-1,-1.045025468E0
1.065445426E2,2.117190957E-1,5.005490780E-1,-1.416818738E0
1.065647076E2,5.681245327E-1,4.922970235E-1,-1.682083845E0
1.065848726E2,8.492771983E-1,2.230963558E-1,-1.682763815E0
1.066050376E2,1.019850373E0,-2.944633365E-1,-1.615567684E0
1.066252026E2,1.098181844E0,-7.258006334E-1,-1.603518844E0
1.066453676E2,1.359202385E0,-9.235776067E-1,-1.573844433E0
1.066655316E2,1.745857358E0,-1.195945859E0,-1.478205442E0
1.066856966E2,2.068017721E0,-1.323372126E0,-1.475734830E0
1.067058616E2,2.338200808E0,-1.443899870E0,-1.445298910E0
1.067260266E2,2.409143448E0,-1.487688422E0,-1.366726756E0
1.067461916E2,2.316939831E0,-1.455048323E0,-1.256696820E0
1.067663566E2,2.182608366E0,-1.452156782E0,-1.082851291E0
1.067865206E2,2.074005127E0,-1.533450365E0,-9.520360231E-1
1.068066856E2,1.897466779E0,-1.752192497E0,-9.385964870E-1
1.068268508E2,1.935922384E0,-1.592250943E0,-9.765175581E-1
1.068470158E2,1.912330151E0,-9.095893502E-1,-9.769640565E-1
1.068671808E2,2.020769596E0,-3.805301785E-1,-8.188814521E-1
1.068873458E2,2.058027744E0,-4.652966857E-1,-6.154646873E-1
1.069075098E2,1.488827109E0,-4.840248525E-1,-5.232285857E-1
1.069276748E2,7.026797533E-1,-2.522684336E-1,-3.745627701E-1
1.069478398E2,1.567404270E-1,9.706811048E-3,-2.653603554E-1
1.069680048E2,-2.526643872E-1,9.842096269E-2,-1.142150611E-1
1.069881698E2,-5.179468393E-1,4.682119936E-2,8.914753050E-2
1.070083338E2,-6.788179278E-1,1.616293341E-1,1.373612583E-1
1.070284988E2,-8.066273928E-1,4.353442192E-1,2.042085379E-1
1.070486638E2,-1.062503576E0,5.904732943E-1,3.321816921E-1
1.070688288E2,-1.425687432E0,5.387172103E-1,3.822668791E-1
1.070889938E2,-1.713858604E0,3.635983765E-1,4.034197927E-1
1.071091588E2,-2.024646521E0,4.156627059E-1,3.566979170E-1
1.071293228E2,-2.268107176E0,7.234504819E-1,4.300190210E-1
1.071494878E2,-2.503028631E0,1.022129774E0,6.323699951E-1
1.071696528E2,-2.509080648E0,1.128117919E0,8.390343785E-1
1.071898178E2,-2.157730579E0,1.091186523E0,8.411955237E-1
1.072099828E2,-1.901181698E0,9.049035907E-1,6.850447059E-1
1.072301478E2,-2.071441650E0,6.788911223E-1,8.091833591E-1
1.072503118E2,-2.251064777E0,2.713965774E-1,1.289994478E0
1.072704768E2,-1.590847254E0,1.436440498E-1,1.666816711E0
1.072906418E2,-9.802695513E-1,1.538591832E-1,1.624333739E0
1.073108068E2,-7.601174712E-1,-5.684731901E-2,1.517782211E0
1.073309718E2,-4.281556606E-1,-1.881716847E-1,1.539644718E0
1.073511368E2,9.332502633E-2,-2.250035256E-1,1.376477480E0
1.073713008E2,3.127326667E-1,-4.746242464E-1,1.059579372E0
1.073914658E2,2.785403430E-1,-6.952453256E-1,8.056584597E-1
1.074116308E2,1.964400709E-1,-3.989248574E-1,7.086618543E-1
1.074317958E2,6.514943242E-1,-1.146790162E-1,5.887815952E-1
1.074519608E2,1.579786420E0,-6.731153131E-1,-6.913702190E-2
1.074721258E2,1.524954319E0,-1.331687689E0,-6.656606793E-1
1.074922898E2,9.216029644E-1,-1.154058099E0,-7.876483202E-1
1.075124548E2,5.255598426E-1,-5.854627490E-1,-8.206479549E-1
1.075326198E2,5.976726413E-1,-2.269077003E-1,-9.211646318E-1
1.075527848E2,1.108962417E0,-2.585254014E-1,-1.116898537E0
1.075729498E2,1.505894899E0,-2.540579140E-1,-1.325591207E0
1.075931138E2,1.589715242E0,-1.590577066E-1,-1.352615952E0
1.076132788E2,1.560997486E0,-5.852495134E-2,-1.179822683E0
1.076334438E2,1.566671610E0,-1.442039758E-2,-1.013696790E0
1.076536088E2,1.548752427E0,-9.830371477E-3,-8.239197135E-1
1.076737738E2,1.322511077E0,-2.879715152E-2,-6.306351423E-1
1.076939388E2,9.693117142E-1,-3.293110291E-3,-4.789497852E-1
1.077141028E2,4.369294345E-1,-1.818765253E-1,-3.692259490E-1
1.077342678E2,3.277608380E-2,-2.823570073E-1,-2.221609056E-1
1.077544328E2,-4.203183204E-2,-2.262851447E-1,-1.294193417E-1
1.077745978E2,-1.898528337E-1,-1.266687065E-1,-7.874070108E-2
1.077947628E2,-6.420582533E-1,-9.492652118E-2,5.956222117E-2
1.078149272E2,-1.125919938E0,3.956743702E-2,2.763099074E-1
1.078350912E2,-1.372719407E0,1.277785897E-1,4.754410982E-1
1.078552562E2,-1.386766911E0,1.571922451E-1,5.052258968E-1
1.078754212E2,-1.298171997E0,1.605813503E-1,3.740848899E-1
1.078955862E2,-1.262503982E0,3.696573377E-1,2.318104953E-1
1.079157512E2,-1.638994932E0,4.125168025E-1,3.029846549E-1
1.079359162E2,-2.094506025E0,2.797507942E-1,5.292246342E-1
1.079560802E2,-2.209078789E0,3.894432187E-1,7.069336176E-1
1.079762452E2,-1.838590503E0,8.752374053E-1,6.152099371E-1
1.079964102E2,-1.241323948E0,1.173592448E0,5.025904775E-1
1.080165752E2,-1.213018894E0,8.084844351E-1,5.159825683E-1
1.080367402E2,-1.669134140E0,-1.524373144E-1,5.337327123E-1
1.080569052E2,-1.801681876E0,-8.596287370E-1,3.882004619E-1
1.080770692E2,-1.390699387E0,-6.820443273E-1,1.871879101E-1
1.080972342E2,-8.573858738E-1,1.622674912E-1,4.034361243E-2
1.081173992E2,-3.141660094E-1,8.087257743E-1,7.475998998E-2
1.081375642E2,1.758379489E-1,8.909151554E-1,-3.147661919E-3
1.081577292E2,4.547388554E-1,3.653993309E-1,-3.630230129E-1
1.081778942E2,4.000229836E-1,5.082199350E-2,-5.684596300E-1
1.081980582E2,4.174523652E-1,2.104505002E-1,-5.713382959E-1
1.082182232E2,6.883463860E-1,3.303610384E-1,-5.937690139E-1
1.082383882E2,9.618811607E-1,2.672693878E-2,-6.643939614E-1
1.082585532E2,1.212611556E0,-3.956353962E-1,-8.089497685E-1
1.082787182E2,1.321950793E0,-5.499985218E-1,-8.397958279E-1
1.082988822E2,1.327313185E0,-4.799853861E-1,-6.971546412E-1
1.083190472E2,1.167407990E0,-4.000470638E-1,-4.930523336E-1
1.083392122E2,1.036676645E0,-3.631846011E-1,-3.748143315E-1
1.083593772E2,1.006776214E0,-3.495230675E-1,-3.250313997E-1
1.083795422E2,1.002236366E0,-3.765802681E-1,-3.552039862E-1
1.083997072E2,9.513609409E-1,-3.653860986E-1,-3.581844866E-1
1.084198712E2,8.844644427E-1,-3.106766939E-1,-2.989044189E-1
1.084400362E2,7.554486990E-1,-2.851140797E-1,-1.930253804E-1
1.084602012E2,5.828343034E-1,-2.500277460E-1,-8.101762086E-2
1.084803662E2,4.671141207E-1,-2.480967641E-1,6.157210097E-2
1.085005312E2,3.994311690E-1,-3.051601946E-1,1.339282095E-1
1.085206962E2,3.089071810E-1,-2.884243131E-1,1.407546401E-1
1.085408602E2,2.460140586E-1,-2.723338604E-1,1.854382008E-1
1.085610252E2,1.794430614E-1,-2.587928772E-1,2.453501076E-1
1.085811902E2,1.142635569E-1,-2.583157122E-1,2.913977802E-1
1.086013552E2,1.011745036E-1,-2.705264091E-1,2.585602105E-1
1.086215202E2,1.580457836E-1,-1.893340796E-1,2.113154680E-1
1.086416842E2,1.925739944E-1,-4.420281574E-2,2.018964440E-1
1.086618492E2,1.270019263E-1,1.035367101E-1,2.744591534E-1
1.086820142E2,9.536263347E-2,1.786202341E-1,3.491173387E-1
1.087021792E2,5.300012976E-2,6.730220467E-2,3.711037636E-1
1.087223442E2,8.588494360E-2,-7.888312638E-2,3.716330230E-1
1.087425092E2,-2.227701247E-2,-1.147723347E-1,4.642393291E-1
1.087626732E2,-3.758733869E-1,2.027928457E-2,6.122875810E-1
1.087828382E2,-6.268966198E-1,1.237539575E-1,6.418932080E-1
1.088030032E2,-4.976694584E-1,-1.027986109E-1,4.547302127E-1
1.088231687E2,-2.903142869E-1,-3.944513202E-1,1.147435531E-1
1.088433337E2,-2.577460408E-1,-3.042652905E-1,-1.375101209E-1
1.088634987E2,-3.078714311E-1,-1.620920934E-2,-2.780056298E-1
1.088836627E2,-2.847409248E-1,2.724092305E-1,-3.828109801E-1
1.089038277E2,-2.576346695E-1,3.319697380E-1,-4.031639397E-1
1.089239927E2,-2.264229208E-1,2.440123856E-1,-3.419618309E-1
1.089441577E2,-1.763456911E-1,2.208250463E-1,-2.356284112E-1
1.089643227E2,-1.454439312E-1,1.807025224E-1,-1.820345819E-1
1.089844877E2,-1.146524772E-1,7.650255412E-2,-1.951266080E-1
1.090046517E2,7.452756166E-3,4.785157368E-2,-2.036760896E-1
1.090248167E2,8.623999357E-2,7.686517388E-2,-1.893001497E-1
1.090449817E2,6.413041800E-2,1.256965697E-1,-7.897143811E-2
1.090651467E2,-3.205646574E-2,1.455457509E-1,7.968992740E-2
1.090853117E2,-1.610752493E-1,1.308360100E-1,1.986169666E-1
1.091054757E2,-1.644050479E-1,5.036792904E-2,2.634525895E-1
1.091256407E2,-1.647683680E-1,2.408468537E-2,2.556324899E-1
1.091458057E2,-1.993629485E-1,-3.467340395E-2,2.600465119E-1
1.091659707E2,-1.815617979E-1,-5.579528958E-2,2.700422108E-1
1.091861357E2,-1.789668202E-1,-6.441573799E-2,2.728196979E-1
1.092063007E2,-1.411819756E-1,-7.699229568E-2,2.370516956E-1
1.092264647E2,-1.300693452E-1,-4.135114700E-2,1.810183823E-1
1.092466297E2,-1.492007822E-1,5.447532237E-2,1.758923680E-1
1.092667947E2,-2.516598701E-1,1.014884710E-1,2.693144679E-1
1.092869597E2,-3.720960617E-1,7.996254414E-2,3.350307941E-1
1.093071247E2,-3.613009751E-1,7.783149928E-2,3.422722518E-1
1.093272897E2,-1.793168932E-1,1.378257573E-1,2.409202605E-1
1.093474537E2,-2.647563815E-2,2.417492121E-1,1.098769605E-1
1.093676187E2,4.534669966E-2,2.738788724E-1,4.847775772E-2
1.093877837E2,5.886375904E-2,2.565483749E-1,7.659890503E-2
1.094079487E2,6.634591520E-2,2.736884952E-1,9.114827961E-2
1.094281137E2,1.359472722E-1,2.790161073E-1,9.890751541E-2
1.094482787E2,1.945399642E-1,2.898989022E-1,3.978478909E-2
1.094684427E2,2.165347636E-1,9.965341538E-2,-4.042136483E-3
1.094886077E2,2.646516562E-1,-7.849474251E-2,-7.684437931E-2
1.095087727E2,2.945359647E-1,-1.028639749E-1,-1.094329134E-1
1.095289377E2,2.031607926E-1,3.627640381E-2,-6.161540374E-2
1.095491027E2,3.137476742E-1,2.859941721E-1,-9.379647672E-2
1.095692667E2,7.971182466E-1,2.418803275E-1,-3.157498837E-1
1.095894317E2,9.034554958E-1,-9.797600657E-2,-5.187078118E-1
1.096095967E2,4.262204766E-1,1.255469862E-2,-2.750242054E-1
1.096297617E2,-2.527400553E-1,4.652395248E-1,1.854334027E-1
1.096499267E2,-4.988831878E-1,8.482427001E-1,4.277049303E-1
1.096700917E2,-2.098039091E-1,4.794918001E-1,2.182294577E-1
1.096902557E2,2.477451414E-1,-2.271719128E-1,-1.056565568E-1
1.097104207E2,3.687424064E-1,-6.401517391E-1,-3.036373556E-1
1.097305857E2,3.600787520E-1,-5.690973997E-1,-2.833824158E-1
1.097507507E2,3.002845049E-1,-4.045953453E-1,-2.262650877E-1
1.097709157E2,2.853360772E-1,-4.585164189E-1,-2.363766730E-1
1.097910807E2,3.857856989E-1,-6.450397372E-1,-2.691348791E-1
1.098112447E2,5.174070597E-1,-6.672495008E-1,-2.567190230E-1
1.098314092E2,5.809947252E-1,-4.283592701E-1,-1.900209934E-1
1.098515742E2,6.251748800E-1,-1.553000808E-1,-1.746461838E-1
1.098717392E2,6.817688346E-1,-5.354415253E-2,-1.622147560E-1
1.098919042E2,8.135367632E-1,-5.066920444E-2,-2.244904637E-1
1.099120692E2,9.884169698E-1,4.696646240E-3,-2.749364078E-1
1.099322332E2,1.024832964E0,1.085966527E-1,-1.869278252E-1
1.099523982E2,8.769582510E-1,2.367737740E-1,7.185204327E-2
1.099725632E2,6.614333391E-1,3.874365687E-1,3.828264475E-1
1.099927282E2,5.600092411E-1,3.971397877E-1,5.387654901E-1
1.100128932E2,5.942599773E-1,2.739238143E-1,5.934697390E-1
1.100330572E2,5.598392487E-1,2.582655251E-1,6.973333359E-1
1.100532222E2,3.859694302E-1,3.184410334E-1,9.092348814E-1
1.100733872E2,1.730582714E-1,3.218007684E-1,1.092100978E0
1.100935522E2,1.235523447E-1,3.496418595E-1,1.136206031E0
1.101137172E2,2.893064618E-1,2.057243884E-1,1.020511150E0
1.101338822E2,1.218113527E-1,2.179099023E-1,1.073800921E0
1.101540462E2,-1.837536693E-1,2.583911121E-1,1.166807771E0
1.101742112E2,-6.584566832E-1,2.482753247E-1,1.254125595E0
1.101943762E2,-1.048702478E0,2.038290948E-1,1.217606783E0
1.102145412E2,-1.269072056E0,-1.019504815E-1,9.431365728E-1
1.102347062E2,-1.767633677E0,3.758107722E-1,7.340428233E-1
1.102548702E2,-2.275311708E0,1.308992028E0,6.730944514E-1
1.102750352E2,-2.044900179E0,1.689332247E0,4.154766500E-1
1.102952002E2,-1.303774118E0,9.043081403E-1,-7.468838990E-2
1.103153652E2,-9.405724406E-1,1.535729021E-1,-5.132514834E-1
1.103355302E2,-8.894297481E-1,1.379681826E-1,-5.036730170E-1
1.103556952E2,-7.803809047E-1,5.334219337E-1,-2.265175879E-1
1.103758592E2,-7.314972281E-1,6.977368593E-1,-3.058810718E-2
1.103960242E2,-5.526744127E-1,4.740110636E-1,-5.361258239E-2
1.104161892E2,-1.336266100E-1,3.147061765E-1,-1.675803959E-1
1.104363542E2,1.482749879E-1,3.141447902E-1,-2.137046605E-1
1.104565192E2,2.809954286E-1,1.859256774E-1,-2.201908231E-1
1.104766842E2,3.803052008E-1,-3.782245517E-2,-3.108205497E-1
1.104968482E2,5.202643275E-1,-1.376819760E-1,-4.196683466E-1
1.105170132E2,7.704031467E-1,-6.779373437E-2,-4.577923417E-1
1.105371782E2,9.999327064E-1,-1.298706234E-1,-5.230995417E-1
1.105573432E2,1.293150783E0,-5.016007423E-1,-7.473423481E-1
1.105775082E2,1.287888288E0,-5.746294856E-1,-7.899730206E-1
1.105976722E2,1.050043344E0,-2.691773176E-1,-5.166574717E-1
1.106178372E2,6.772516966E-1,1.065680683E-1,-2.380539775E-1
1.106380022E2,4.084283412E-1,5.043268800E-1,-7.988315076E-2
1.106581672E2,7.409840822E-1,3.226865232E-1,-1.626111567E-1
1.106783322E2,1.116810322E0,-2.624695599E-1,-4.267267883E-1
1.106984972E2,8.691888452E-1,-5.057937503E-1,-4.851996899E-1
1.107186612E2,5.342605710E-1,-3.336911500E-1,-2.740437686E-1
1.107388262E2,3.979220986E-1,-9.735045582E-2,-1.424928904E-1
1.107589912E2,4.219051600E-1,-2.777025104E-1,-2.227593362E-1
1.107791562E2,4.620289207E-1,-4.417545199E-1,-3.077529371E-1
1.107993212E2,5.530325174E-1,-2.621542811E-1,-2.572745383E-1
1.108194867E2,7.173356414E-1,1.558801830E-1,-1.720950902E-1
1.108396507E2,7.449640036E-1,3.992775977E-1,-1.313136816E-1
1.108598157E2,6.205318570E-1,3.483700752E-1,-3.968922049E-2
1.108799807E2,3.814752400E-1,3.157269955E-1,4.806597158E-2
1.109001457E2,1.236536875E-1,6.721096635E-1,2.068092823E-1
1.109203107E2,-2.149018347E-1,1.311800599E0,5.704300404E-1
1.109404747E2,-5.876066089E-1,1.854363918E0,1.024131775E0
1.109606397E2,-7.814513445E-1,1.607100010E0,1.135201573E0
1.109808047E2,-7.166615129E-1,1.095736027E0,1.000498533E0
1.110009697E2,-7.861750126E-1,5.770005584E-1,9.321639538E-1
1.110211347E2,-1.608480573E0,3.879517317E-1,1.251691699E0
1.110412997E2,-2.662725449E0,6.165363193E-1,1.887669683E0
1.110614637E2,-3.117154121E0,9.549619555E-1,2.289480925E0
1.110816287E2,-3.075804710E0,8.410842419E-1,2.060453892E0
1.111017937E2,-3.129764557E0,4.682420790E-1,1.673187017E0
1.111219587E2,-3.536034584E0,4.976766706E-1,1.522526503E0
1.111421237E2,-2.981265306E0,6.349134445E-1,1.408125162E0
1.111622887E2,-1.677913666E0,2.287269384E-1,7.998564243E-1
1.111824527E2,-5.954029560E-1,-2.313380539E-1,-5.193207413E-2
1.112026177E2,-5.069620907E-2,-2.479430139E-1,-5.064225197E-1
1.112227827E2,2.389153391E-1,-7.876323909E-2,-4.725678563E-1
1.112429477E2,4.208414853E-1,-1.195838377E-1,-3.712253571E-1
1.112631127E2,5.679723024E-1,-3.884077668E-1,-3.829161525E-1
1.112832767E2,9.100875258E-1,-6.245219707E-1,-4.619138539E-1
1.113034417E2,1.356386304E0,-7.606706619E-1,-5.551938415E-1
1.113236067E2,1.615116835E0,-7.777023315E-1,-6.726169586E-1
1.113437717E2,1.710425615E0,-9.037032723E-1,-7.652693391E-1
1.113639367E2,1.676630735E0,-1.106164455E0,-8.137238026E-1
1.113841017E2,1.629571319E0,-1.099547386E0,-8.602204323E-1
1.114042657E2,1.621018171E0,-7.409208417E-1,-7.324802876E-1
1.114244307E2,1.600744367E0,-4.364443421E-1,-5.910720229E-1
1.114445957E2,1.532978773E0,-6.787183285E-1,-6.753059626E-1
1.114647607E2,1.420427561E0,-9.418827891E-1,-7.658733130E-1
1.114849257E2,1.385270596E0,-9.120901823E-1,-6.976450682E-1
1.115050897E2,1.429551244E0,-8.947911859E-1,-6.689363718E-1
1.115252547E2,1.112348318E0,-8.943963647E-1,-6.037128568E-1
1.115454197E2,6.123579144E-1,-6.096761823E-1,-4.106557369E-1
1.115655847E2,3.411092460E-1,-1.673628688E-1,-2.627245784E-1
1.115857497E2,3.021892905E-1,-1.255923063E-1,-2.203988880E-1
1.116059147E2,1.331674606E-1,-4.968213737E-1,-2.169286460E-1
1.116260787E2,-1.694881767E-1,-5.054501891E-1,-7.381617278E-2
1.116462437E2,-5.279434323E-1,-1.643434167E-3,2.823056281E-1
1.116664087E2,-7.161198258E-1,1.426282227E-1,4.473375380E-1
1.116865737E2,-6.061797738E-1,-1.539198160E-1,3.145050108E-1
1.117067387E2,-4.296491146E-1,-2.543043196E-1,1.258938015E-1
1.117269037E2,-3.794737756E-1,-8.446217980E-4,2.160745263E-1
1.117470677E2,-3.114127517E-1,3.155900538E-1,3.589193225E-1
1.117672327E2,-1.028938890E-1,4.301638901E-1,3.466121852E-1
1.117873977E2,1.950894296E-1,4.997421503E-1,2.652365863E-1
1.118075627E2,4.281017780E-1,6.192010641E-1,2.077535242E-1
1.118277276E2,5.275481939E-1,8.128182888E-1,2.714101970E-1
1.118478916E2,5.777311325E-1,8.598151803E-1,3.943236470E-1
1.118680566E2,5.925561786E-1,7.757491469E-1,4.874850512E-1
1.118882216E2,6.243953109E-1,7.410981655E-1,5.758355260E-1
1.119083866E2,6.783236265E-1,7.915610075E-1,7.088747621E-1
1.119285516E2,6.926667690E-1,7.743172646E-1,8.109861612E-1
1.119487156E2,8.036662340E-1,7.149137855E-1,9.527921081E-1
1.119688806E2,1.010845304E0,3.150809407E-1,9.498034120E-1
1.119890456E2,8.187701702E-1,5.134550110E-2,9.888816476E-1
1.120092106E2,2.437238097E-1,3.377645314E-1,1.498869777E0
1.120293756E2,-3.459783643E-2,6.263863444E-1,1.863638639E0
1.120495406E2,-7.409512997E-2,5.571320057E-1,1.889113069E0
1.120697046E2,-5.499331951E-1,-5.374223366E-2,1.640052199E0
1.120898696E2,-1.085063815E0,-9.910462499E-1,1.291709661E0
1.121100346E2,-1.295991659E0,-9.808480740E-1,7.895014882E-1
1.121301996E2,-1.469714522E0,-1.527810395E-1,5.473984480E-1
1.121503646E2,-2.143627167E0,9.179145098E-1,8.081506491E-1
1.121705286E2,-2.613720894E0,1.698343158E0,1.117370129E0
1.121906936E2,-2.531974316E0,1.682277083E0,1.063828945E0
1.122108586E2,-2.012668610E0,9.281144142E-1,1.026556253E0
1.122310236E2,-1.883265972E0,1.456982642E-1,1.220422506E0
1.122511886E2,-1.903625607E0,-1.204023212E-1,1.644006371E0
1.122713536E2,-1.483902931E0,-3.567758203E-2,1.766800761E0
1.122915176E2,-8.966549039E-1,2.796527743E-1,1.452347875E0
1.123116826E2,-3.610630333E-1,4.179976285E-1,1.269799352E0
1.123318476E2,-1.445789933E-1,1.751312613E-1,1.364354968E0
1.123520126E2,-1.890056133E-1,-1.609169692E-1,1.555990338E0
1.123721776E2,-6.899256259E-2,-3.680235744E-1,1.572611570E0
1.123923426E2,2.714556158E-1,-3.684917092E-1,1.353654385E0
1.124125066E2,5.687587857E-1,-4.282118082E-1,1.218373179E0
1.124326716E2,6.845153570E-1,-5.642272234E-1,1.120710969E0
1.124528366E2,7.199120522E-1,-6.336480975E-1,1.022733450E0
1.124730016E2,7.154743671E-1,-7.130307555E-1,8.981559277E-1
1.124931666E2,9.074258208E-1,-8.215497732E-1,7.368717790E-1
1.125133306E2,9.010010958E-1,-8.897001743E-1,5.184820890E-1
1.125334956E2,6.118023396E-1,-7.812641263E-1,4.623526335E-1
1.125536606E2,6.884430051E-1,-3.787750304E-1,4.880174398E-1
1.125738256E2,1.217917800E0,-4.159109667E-2,2.834073901E-1
1.125939906E2,1.749479294E0,-4.709151387E-2,-7.461628318E-2
1.126141546E2,1.813172221E0,-3.153753579E-1,-3.105755746E-1
1.126343196E2,1.652281761E0,-5.006561279E-1,-3.005520701E-1
1.126544846E2,1.502320170E0,-3.465416133E-1,-1.878911704E-1
1.126746496E2,1.419618845E0,-1.205862388E-1,9.915910661E-3
1.126948146E2,1.425122499E0,3.345376998E-2,1.147819459E-1
1.127149796E2,1.653852224E0,1.575421691E-1,7.496365905E-2
1.127351436E2,1.829981685E0,2.590126097E-1,4.770047218E-2
1.127553086E2,1.744632840E0,3.198968768E-1,1.131708995E-1
1.127754736E2,1.529347301E0,3.615085483E-1,2.506839931E-1
1.127956386E2,1.321882725E0,4.285005331E-1,4.295838475E-1
1.128158038E2,1.078874230E0,5.870131254E-1,6.184252501E-1
1.128359678E2,7.862089276E-1,6.308190227E-1,8.377929330E-1
1.128561328E2,4.899052083E-1,5.373774171E-1,1.011047006E0
1.128762978E2,2.318342626E-1,5.375076532E-1,1.108163357E0
1.128964628E2,8.591836691E-2,5.860251188E-1,1.130082011E0
1.129166278E2,-2.072811499E-2,6.654529572E-1,1.181786299E0
1.129367928E2,-7.066378742E-2,8.533843756E-1,1.246333838E0
1.129569568E2,-3.096220791E-1,8.611379266E-1,1.293196082E0
1.129771218E2,-7.423481345E-1,7.544302344E-1,1.324113846E0
1.129972868E2,-1.178364277E0,6.962468028E-1,1.457926154E0
1.130174518E2,-1.408212662E0,7.625486851E-1,1.582213521E0
1.130376168E2,-1.502390027E0,8.847833276E-1,1.540706396E0
1.130577808E2,-1.710293412E0,1.033820629E0,1.390889645E0
1.130779458E2,-1.932216644E0,9.427287579E-1,1.306180120E0
1.130981108E2,-2.159611464E0,8.048489094E-1,1.276055813E0
1.131182758E2,-2.540712357E0,8.837060332E-1,1.433554530E0
1.131384408E2,-2.489512682E0,1.033021688E0,1.389194608E0
1.131586048E2,-1.739966631E0,8.385146856E-1,9.687091708E-1
1.131787698E2,-8.525907993E-1,3.896041811E-1,8.045367599E-1
1.131989348E2,-4.841701686E-1,2.902360260E-1,9.796751738E-1
1.132190998E2,-2.404791117E-2,9.541003406E-2,1.243174553E0
1.132392648E2,7.564569116E-1,-4.840898514E-1,1.357950568E0
1.132594298E2,1.332957625E0,-9.525930285E-1,1.210508704E0
1.132795938E2,1.658751011E0,-8.860756159E-1,1.142715812E0
1.132997588E2,1.647395492E0,-6.861222386E-1,1.321879864E0
1.133199238E2,1.538486481E0,-5.467563868E-1,1.478580713E0
1.133400888E2,1.508944511E0,-1.966058165E-1,1.711211443E0
1.133602538E2,1.318329930E0,1.019630134E-1,1.837238193E0
1.133804178E2,1.009622812E0,3.100755513E-1,1.885033369E0
1.134005828E2,6.325887442E-1,4.094260335E-1,1.954105258E0
1.134207478E2,1.733529568E-1,2.431893349E-1,2.108594418E0
1.134409128E2,-2.620132565E-1,1.325410139E-2,2.211551666E0
1.134610778E2,-4.115805626E-1,1.263397038E-1,2.203079224E0
1.134812428E2,-4.190932810E-1,3.494945765E-1,2.125599861E0
1.135014068E2,-5.949331522E-1,4.425528646E-1,2.102021217E0
1.135215718E2,-8.867148757E-1,3.536751568E-1,2.166038036E0
1.135417368E2,-1.165795326E0,2.284108847E-1,2.212866068E0
1.135619018E2,-1.356402397E0,1.701250970E-1,2.148281813E0
1.135820668E2,-1.371784687E0,8.618208766E-2,2.005212069E0
1.136022308E2,-1.358091712E0,-5.327680334E-2,1.846773386E0
1.136223958E2,-1.345339060E0,-1.358976066E-1,1.666336775E0
1.136425608E2,-1.127290964E0,4.176203161E-2,1.521235943E0
1.136627258E2,-1.002443075E0,5.412109494E-1,1.436805129E0
1.136828908E2,-9.843776226E-1,1.076205730E0,1.388291359E0
1.137030548E2,-4.606293738E-1,9.603875875E-1,1.045734286E0
1.137232198E2,4.037469625E-1,1.328944564E-1,5.094366670E-1
1.137433848E2,9.030206800E-1,-2.424700111E-1,1.028497294E-1
1.137635498E2,9.599741697E-1,-9.984108806E-2,5.017923564E-2
1.137837148E2,9.997956753E-1,2.469537854E-1,1.379125416E-1
1.138038798E2,1.138880491E0,3.918818235E-1,1.210250780E-1
1.138240440E2,1.217475653E0,3.321080804E-1,4.795329273E-2
1.138442090E2,1.094599962E0,1.208372116E-1,1.345800608E-1
1.138643740E2,1.045700312E0,-1.111679226E-1,2.358943373E-1
1.138845390E2,1.164930582E0,-2.785308659E-1,2.263260186E-1
1.139047040E2,1.331840396E0,-3.646955788E-1,2.132239938E-1
1.139248680E2,1.447392225E0,-2.752152681E-1,2.176561952E-1
1.139450330E2,1.413496256E0,-5.164765194E-2,2.276354581E-1
1.139651980E2,1.219589591E0,8.889829367E-2,3.801062703E-1
1.139853630E2,1.005704165E0,1.255468130E-1,5.217160583E-1
1.140055280E2,8.222041726E-1,1.275401860E-1,5.681889653E-1
1.140256920E2,6.635797620E-1,2.444699556E-1,5.815629363E-1
1.140458570E2,3.998674154E-1,2.761560678E-1,7.412404418E-1
1.140660220E2,1.679381579E-1,1.950877905E-1,8.201487064E-1
1.140861870E2,5.181590095E-2,1.692820936E-1,8.114393353E-1
1.141063520E2,-1.175274625E-1,2.584012747E-1,8.702535033E-1
1.141265160E2,-3.421421945E-1,3.991171718E-1,9.977091551E-1
1.141466810E2,-4.666803479E-1,4.556493461E-1,1.098239541E0
1.141668460E2,-4.162218571E-1,3.762569427E-1,1.036635160E0
1.141870110E2,-4.260019958E-1,3.332290351E-1,9.427480698E-1
1.142071760E2,-4.304004014E-1,3.835685253E-1,8.690630794E-1
1.142273410E2,-5.010328889E-1,3.364511132E-1,8.287341595E-1
1.142475050E2,-9.849228859E-1,4.843403697E-1,9.804100394E-1
1.142676700E2,-1.589463234E0,5.433362126E-1,1.268648028E0
1.142878350E2,-1.447831869E0,2.619780600E-1,1.199931145E0
1.143080000E2,-6.917572618E-1,-2.486936599E-1,6.960677505E-1
1.143281650E2,-2.397475392E-1,-3.518489897E-1,2.227052748E-1
1.143483290E2,-4.115688503E-1,1.332542151E-1,2.118304223E-1
1.143684940E2,-7.730514407E-1,6.203029752E-1,5.858743191E-1
1.143886590E2,-8.279356360E-1,6.991763711E-1,8.133130670E-1
1.144088240E2,-6.449459791E-1,4.185206592E-1,7.027039528E-1
1.144289890E2,-5.552310348E-1,1.635652483E-1,5.938848853E-1
1.144491530E2,-5.700826645E-1,1.864246726E-1,7.100051045E-1
1.144693180E2,-6.472138166E-1,2.638076544E-1,8.904381990E-1
1.144894830E2,-6.459931731E-1,1.979022324E-1,9.656572938E-1
1.145096480E2,-6.439804435E-1,2.137703896E-1,1.043114185E0
1.145298130E2,-7.535091639E-1,2.315325588E-1,1.168748021E0
1.145499780E2,-9.093303680E-1,2.204095870E-1,1.267171860E0
1.145701420E2,-1.015109062E0,2.314874828E-1,1.294317842E0
1.145903070E2,-1.174052954E0,9.421706200E-2,1.202937007E0
1.146104720E2,-1.121147394E0,-1.122522950E-1,1.094308376E0
1.146306370E2,-8.236922622E-1,-9.948462993E-2,8.546547890E-1
1.146508020E2,-5.348595977E-1,-4.008677229E-2,5.290371180E-1
1.146709660E2,-4.796088934E-1,4.543818906E-2,2.521079183E-1
1.146911310E2,-6.055033803E-1,1.040028874E-2,9.478798509E-2
1.147112960E2,-5.806913972E-1,-1.273967624E-1,-5.600107834E-2
1.147314610E2,-2.560047805E-1,-8.190446347E-2,-4.009595513E-1
1.147516260E2,1.680274606E-1,-4.763425142E-2,-8.102207184E-1
1.147717900E2,4.098213613E-1,-1.872680336E-1,-1.025472641E0
1.147919550E2,4.921735227E-1,-3.259918690E-1,-1.117306113E0
1.148121200E2,6.408818364E-1,-2.774514556E-1,-1.165993929E0
1.148322847E2,9.547733665E-1,-2.672399879E-1,-1.299416900E0
1.148524497E2,1.351117253E0,-3.102348447E-1,-1.524380445E0
1.148726137E2,1.772840261E0,-4.057402909E-1,-1.602253318E0
1.148927787E2,1.969551563E0,-5.115258098E-1,-1.482439160E0
1.149129437E2,1.899648428E0,-7.443473339E-1,-1.268952966E0
1.149331087E2,1.707948565E0,-8.262405396E-1,-1.128696561E0
1.149532737E2,1.602189064E0,-4.458380640E-1,-1.044749737E0
1.149734387E2,1.291611195E0,3.984501362E-1,-6.922990084E-1
1.149936027E2,1.261008859E0,9.805281162E-1,-2.180443257E-1
1.150137677E2,1.738179684E0,2.195203751E-1,-1.258576512E-1
1.150339327E2,1.719353080E0,-6.119117141E-1,-2.837789357E-1
1.150540977E2,1.291128635E0,-8.776152730E-1,-3.944723606E-1
1.150742627E2,1.020987988E0,-8.498737216E-1,-2.821318805E-1
1.150944267E2,1.032941937E0,-7.588459253E-1,-2.255589329E-2
1.151145917E2,1.151738524E0,-8.298727870E-1,1.821786761E-1
1.151347567E2,1.202960968E0,-9.159901142E-1,1.511206031E-1
1.151549217E2,1.131657362E0,-8.323162198E-1,-1.690347120E-2
1.151750867E2,1.026153564E0,-5.505217314E-1,-1.617279649E-1
1.151952507E2,8.790407181E-1,-9.850399196E-2,-1.767527014E-1
1.152154157E2,7.078679800E-1,3.766686320E-1,-5.923248455E-2
1.152355807E2,4.632925093E-1,6.380078793E-1,2.074562013E-1
1.152557457E2,1.209746525E-1,5.809029937E-1,5.096707940E-1
1.152759107E2,-1.237453371E-1,4.268620610E-1,6.074409485E-1
1.152960747E2,-2.440628111E-1,4.871806204E-1,5.161326528E-1
1.153162397E2,-3.381039500E-1,6.675233245E-1,4.763343632E-1
1.153364047E2,-5.219549537E-1,7.286273241E-1,6.603888869E-1
1.153565697E2,-7.597605586E-1,7.218623161E-1,9.823342562E-1
1.153767347E2,-9.027614594E-1,6.863288283E-1,1.114285588E0
1.153968987E2,-9.023955464E-1,6.593083739E-1,9.144651890E-1
1.154170637E2,-1.179481387E0,4.189295173E-1,8.494781852E-1
1.154372287E2,-2.008629322E0,3.465676606E-1,1.381421089E0
1.154573937E2,-2.788000822E0,7.071701884E-1,2.152425766E0
1.154775587E2,-3.261016846E0,1.446589708E0,2.313628674E0
1.154977237E2,-3.210142374E0,1.657434940E0,1.820356846E0
1.155178877E2,-2.815242767E0,1.318850160E0,1.036677599E0
1.155380527E2,-2.553117752E0,7.047623992E-1,4.328089952E-1
1.155582177E2,-1.894608378E0,4.224299192E-1,2.885531783E-1
1.155783827E2,-6.911594272E-1,9.307678342E-1,1.529667675E-1
1.155985477E2,-3.177672625E-1,9.556056857E-1,-1.829048097E-1
1.156187117E2,-4.894638658E-1,7.796793580E-1,-3.392295241E-1
1.156388767E2,-6.406292915E-1,6.983379126E-1,-2.334991693E-1
1.156590417E2,-4.042959809E-1,5.537756681E-1,-1.407941729E-1
1.156792067E2,1.207333989E-2,2.488747239E-1,-3.178454340E-1
1.156993717E2,3.657927215E-1,-7.540215552E-2,-6.111680865E-1
1.157195357E2,4.739560485E-1,-1.546774954E-1,-7.668076754E-1
1.157397007E2,5.675001740E-1,-1.655482799E-1,-7.125852704E-1
1.157598657E2,8.722081184E-1,-1.600137949E-1,-7.188189626E-1
1.157800307E2,1.182032466E0,-3.341359496E-1,-1.039041281E0
1.158001957E2,1.303739786E0,-7.151188850E-1,-1.227106452E0
1.158203598E2,1.390522361E0,-1.019938707E0,-1.156010747E0
1.158405248E2,1.638844013E0,-1.054295182E0,-9.545409679E-1
1.158606898E2,1.872016072E0,-9.395229220E-1,-9.438610673E-1
1.158808548E2,2.004555702E0,-8.914722204E-1,-1.229457378E0
1.159010198E2,2.012962341E0,-1.059297442E0,-1.311807275E0
1.159211838E2,1.623225689E0,-9.984984994E-1,-9.546546936E-1
1.159413488E2,1.077474117E0,-3.022520542E-1,-2.497112304E-1
1.159615138E2,1.075888991E0,5.599555373E-1,9.554645419E-2
1.159816788E2,1.545448542E0,6.524490714E-1,-2.024485916E-1
1.160018438E2,1.663301587E0,1.702676862E-1,-4.822986126E-1
1.160220078E2,1.345142841E0,-5.639823675E-1,-5.090088248E-1
1.160421728E2,7.584246993E-1,-1.220979452E0,-1.052053869E-1
1.160623378E2,2.578253485E-2,-1.258462429E0,3.475644886E-1
1.160825028E2,-4.181976914E-1,-9.255579710E-1,5.084202290E-1
1.161026678E2,-3.739650548E-1,-7.075003386E-1,3.460742235E-1
1.161228318E2,-7.150509953E-2,-5.858902335E-1,2.937232330E-2
1.161429968E2,9.747222066E-2,-5.106403828E-1,-2.717165649E-1
1.161631618E2,-2.790609002E-2,-3.727364242E-1,-4.161498547E-1
1.161833268E2,-2.110931873E-1,-1.635097526E-2,-4.475354552E-1
1.162034918E2,-2.450184971E-1,5.822250247E-1,-4.210865200E-1
1.162236558E2,5.037318449E-3,1.019378424E0,-3.401929438E-1
1.162438208E2,1.527059674E-1,1.059730053E0,-2.090891004E-1
1.162639858E2,7.243182510E-2,7.981526256E-1,-9.268239886E-2
1.162841508E2,-3.541092575E-1,6.992043853E-1,2.053884417E-1
1.163043158E2,-8.379461765E-1,8.606539965E-1,6.340150833E-1
1.163244808E2,-8.285873532E-1,1.022703886E0,8.883648515E-1
1.163446448E2,-5.262866020E-1,8.909122944E-1,8.983024359E-1
1.163648098E2,-3.850208223E-1,5.929584503E-1,8.938983679E-1
1.163849748E2,-3.355720937E-1,3.003270924E-1,1.000859857E0
1.164051398E2,-5.398485065E-1,-8.714796044E-3,1.162847996E0
1.164253048E2,-1.165646911E0,-4.521587398E-3,1.428995728E0
1.164454688E2,-1.941318870E0,2.727526724E-1,1.661827207E0
1.164656338E2,-2.268649578E0,4.184983075E-1,1.589628339E0
1.164857988E2,-1.787324190E0,1.468531638E-1,1.286424398E0
1.165059638E2,-1.985354066E0,-1.265533417E-1,7.040445805E-1
1.165261288E2,-2.258198023E0,1.148427725E-1,2.280953228E-1
1.165462928E2,-1.978125215E0,7.244649529E-1,-3.739386052E-2
1.165664578E2,-1.221995234E0,9.916658998E-1,-1.526788920E-1
1.165866228E2,-2.253530622E-1,5.522159934E-1,-4.407029152E-1
1.166067878E2,3.070310652E-1,-7.623465732E-3,-7.328085303E-1
1.166269528E2,2.124722153E-1,-4.597937465E-1,-8.295006752E-1
1.166471168E2,-1.570932120E-1,-3.319204748E-1,-6.114511490E-1
1.166672818E2,-9.340585023E-2,1.548355818E-2,-4.065462053E-1
1.166874468E2,3.058685958E-1,1.102939621E-1,-4.388633668E-1
1.167076118E2,6.528914571E-1,4.013666138E-2,-5.998609066E-1
1.167277768E2,7.095531225E-1,-8.375784755E-2,-5.258093476E-1
1.167479408E2,6.647687554E-1,-1.626382619E-1,-3.438945711E-1
1.167681058E2,8.146065474E-1,-3.376929760E-1,-2.612606883E-1
1.167882708E2,1.204988003E0,-6.065427065E-1,-3.539888263E-1
1.168084358E2,1.619303465E0,-8.137643933E-1,-5.153485537E-1
1.168286000E2,2.028702021E0,-8.667812943E-1,-5.986903310E-1
1.168487640E2,2.305733442E0,-8.346835375E-1,-5.630094409E-1
1.168689290E2,2.380099297E0,-7.204287648E-1,-4.530343115E-1
1.168890940E2,2.501644135E0,-5.431208611E-1,-4.313773811E-1
1.169092590E2,2.788916349E0,-5.240482092E-1,-5.196258426E-1
1.169294240E2,2.722150087E0,-5.241177082E-1,-4.409597814E-1
1.169495880E2,2.207898617E0,-5.142259598E-1,-3.216040134E-1
1.169697530E2,1.435669780E0,-3.996252641E-2,-1.362773031E-1
1.169899180E2,9.558723569E-1,6.208360195E-1,1.402624249E-1
1.170100830E2,7.670117021E-1,4.726490676E-1,1.402694285E-1
1.170302480E2,3.486728072E-1,-2.790898979E-1,-4.571704194E-2
1.170504120E2,-4.056801796E-1,-7.009243965E-1,-5.693347007E-2
1.170705770E2,-1.126517773E0,-4.148479104E-1,1.865953058E-1
1.170907420E2,-1.465303659E0,-8.215370774E-2,3.661987185E-1
1.171109070E2,-1.319856286E0,1.006623283E-1,2.299518287E-1
1.171310720E2,-9.325724244E-1,1.207984239E-1,-1.196881309E-1
1.171512360E2,-7.711236477E-1,1.444353610E-1,-4.580737054E-1
1.171714010E2,-7.832260728E-1,2.854795456E-1,-5.534750819E-1
1.171915660E2,-7.815663815E-1,4.824913144E-1,-3.981916308E-1
1.172117310E2,-6.494482756E-1,6.145496964E-1,-2.279007882E-1
1.172318960E2,-5.873970389E-1,6.779217124E-1,-1.714373380E-1
1.172520600E2,-7.155222297E-1,6.560772061E-1,-6.829665601E-2
1.172722250E2,-8.977195621E-1,6.862369180E-1,3.689864278E-1
1.172923900E2,-9.465470910E-1,7.167699337E-1,8.573992848E-1
1.173125550E2,-1.074218154E0,5.249765515E-1,9.981466532E-1
1.173327200E2,-9.027497768E-1,4.621377587E-1,1.030249238E0
1.173528840E2,-4.999413490E-1,4.631970227E-1,1.020020723E0
1.173730490E2,5.732166022E-2,4.408668876E-1,9.288495183E-1
1.173932140E2,-1.348829120E-1,4.393852353E-1,8.990943432E-1
1.174133790E2,-9.678386450E-1,9.124044329E-2,1.004925609E0
1.174335440E2,-1.550127745E0,7.344392594E-3,1.159245729E0
1.174537080E2,-1.598269939E0,-3.048007190E-2,1.315647006E0
1.174738730E2,-2.176563740E0,-7.538399100E-1,1.298659444E0
1.174940380E2,-2.125330925E0,-7.540518045E-1,1.021920323E0
1.175142030E2,-1.933087945E0,-7.406500578E-1,4.478735030E-1
1.175343680E2,-1.468474865E0,-3.140563965E-1,1.467908770E-1
1.175545320E2,-6.293047667E-1,2.984152138E-1,-1.596701443E-1
1.175746970E2,5.895299315E-1,3.599520326E-1,-5.947846174E-1
1.175948620E2,1.156722307E0,2.007075846E-1,-7.702423930E-1
1.176150270E2,1.225607872E0,2.369786799E-1,-6.655580401E-1
1.176351920E2,9.637132287E-1,2.912050486E-1,-5.596958399E-1
1.176553560E2,9.404773712E-1,7.404047251E-2,-6.415631175E-1
1.176755210E2,1.345519662E0,-7.271806896E-2,-6.125267148E-1
1.176956860E2,1.606540799E0,-2.340084314E-1,-5.153604746E-1
1.177158510E2,1.552659512E0,-3.069277108E-1,-5.710471272E-1
1.177360160E2,1.528234482E0,-4.703459740E-1,-5.975227952E-1
1.177561800E2,1.627608299E0,-4.923816025E-1,-5.743940473E-1
1.177763450E2,1.983730793E0,-3.686967492E-1,-5.555595756E-1
1.177965100E2,2.418498993E0,-3.422489762E-1,-5.573852062E-1
1.178166750E2,2.623278618E0,-4.991570413E-1,-6.566355228E-1
1.178368410E2,2.480083704E0,-5.931911469E-1,-6.588445306E-1
1.178570050E2,2.194225550E0,-3.780548871E-1,-5.401234627E-1
1.178771700E2,1.736357212E0,4.083327949E-4,-3.684908450E-1
1.178973350E2,9.365335107E-1,7.066823244E-1,-8.466356993E-2
1.179175000E2,4.264988899E-1,9.816576242E-1,1.661045700E-1
1.179376650E2,2.743828297E-1,3.428422213E-1,8.812250197E-2
1.179578290E2,-3.980191797E-2,-3.169548213E-1,-1.429450363E-1
1.179779940E2,-8.557305932E-1,-3.913869262E-1,-1.447271556E-1
1.179981590E2,-1.676784039E0,-6.697878242E-2,1.922723502E-1
1.180183240E2,-1.951859951E0,3.261802718E-2,3.774262071E-1
1.180384890E2,-1.758832455E0,7.165618241E-2,1.606529653E-1
1.180586530E2,-1.503393650E0,1.256921142E-1,-1.661772132E-1
1.180788180E2,-1.455087662E0,1.789871603E-1,-3.220764101E-1
1.180989830E2,-1.750912666E0,3.484238088E-1,-1.458333433E-1
1.181191480E2,-2.038694382E0,5.152509809E-1,2.103029490E-1
1.181393130E2,-1.861523986E0,5.010485053E-1,4.021474421E-1
1.181594770E2,-1.806069970E0,2.413704097E-1,3.828009069E-1
1.181796420E2,-1.867416143E0,2.217559144E-2,4.805501997E-1
1.181998070E2,-1.454949498E0,1.113458276E-1,7.370839119E-1
1.182199720E2,-1.112839937E0,-3.811521083E-2,9.340169430E-1
1.182401370E2,-9.878140688E-1,-7.555502653E-2,1.163969874E0
1.182603010E2,-7.083937526E-1,2.509548143E-2,1.340906978E0
1.182804660E2,-3.506564498E-1,-3.242219239E-2,1.292029619E0
1.183006310E2,1.217037365E-1,-9.045796469E-3,1.039056420E0
1.183207960E2,2.792784274E-1,2.984111905E-1,9.909149408E-1
1.183409610E2,-3.800455928E-1,2.444790304E-1,1.197930336E0
1.183611250E2,-9.804084897E-1,2.256058306E-1,1.424340010E0
1.183812900E2,-1.025506020E0,2.230131775E-1,1.461845756E0
1.184014550E2,-1.182344794E0,-1.200364754E-1,1.180148363E0
1.184216200E2,-1.793895364E0,1.770636253E-2,6.988242269E-1
1.184417840E2,-1.814561605E0,7.648099959E-2,2.938556671E-1
1.184619490E2,-1.188612819E0,2.205980718E-1,1.871448942E-2
1.184821140E2,-6.970940828E-1,1.886122511E-3,-2.453851551E-1
1.185022790E2,-1.549506634E-1,3.920035064E-2,-6.177580357E-1
1.185224440E2,4.624638259E-1,5.605855584E-1,-7.196645141E-1
1.185426080E2,7.408156395E-1,7.269796729E-1,-5.356765985E-1
1.185627730E2,8.386750817E-1,4.691626430E-1,-3.270521462E-1
1.185829380E2,8.871882558E-1,1.466644108E-1,-3.311224878E-1
1.186031030E2,8.584669232E-1,-1.561727226E-1,-5.781827569E-1
1.186232680E2,1.015604734E0,-1.583137214E-1,-7.467623949E-1
1.186434320E2,1.422811270E0,-8.028659970E-2,-8.272261620E-1
1.186635970E2,1.677117705E0,-1.727896780E-1,-8.818861246E-1
1.186837620E2,1.606905937E0,-4.177413285E-1,-9.602285028E-1
1.187039270E2,1.591385841E0,-4.608048201E-1,-1.061557174E0
1.187240920E2,1.855376959E0,-2.399244010E-1,-1.139785290E0
1.187442560E2,2.094989300E0,2.606259286E-2,-1.047353387E0
1.187644210E2,2.225553751E0,-2.773023769E-2,-9.109598994E-1
1.187845860E2,2.271606922E0,-2.748084068E-1,-8.260538578E-1
1.188047510E2,2.065605164E0,-5.294271708E-1,-7.863454819E-1
1.188249159E2,1.792647362E0,-4.603417218E-1,-7.168485522E-1
1.188450799E2,1.571943641E0,-1.704962105E-1,-4.736710787E-1
1.188652449E2,1.090626478E0,4.551008046E-1,-4.901601747E-2
1.188854099E2,6.540462971E-1,6.071172953E-1,1.305402666E-1
1.189055749E2,4.610440731E-1,3.169586137E-2,4.486157000E-2
1.189257399E2,6.587053090E-2,-3.210832179E-1,-9.616184235E-2
1.189459039E2,-6.964268684E-1,-2.273747623E-1,-5.864857137E-2
1.189660689E2,-1.290337324E0,-1.666960120E-2,2.240317017E-1
1.189862339E2,-1.389129043E0,1.407236140E-2,4.089001417E-1
1.190063989E2,-1.191022754E0,2.641782910E-2,2.685804069E-1
1.190265629E2,-1.117379785E0,1.117238589E-2,-2.124500088E-2
1.190467279E2,-1.565669417E0,1.876441538E-1,-1.234196723E-1
1.190668929E2,-2.022897720E0,5.602290630E-1,1.583991349E-1
1.190870579E2,-1.811537027E0,8.633911610E-1,3.458977640E-1
1.191072229E2,-1.192423224E0,7.787259817E-1,2.250042856E-1
1.191273869E2,-1.052500486E0,3.048526347E-1,1.510603428E-1
1.191475519E2,-1.482706785E0,-1.100379527E-1,3.262726665E-1
1.191677169E2,-1.500219107E0,-1.732552201E-1,7.005037069E-1
1.191878819E2,-1.016934037E0,-9.871866554E-2,9.612258673E-1
1.192080469E2,-8.110275269E-1,-3.346942365E-1,1.051176786E0
1.192282109E2,-6.496242285E-1,-2.078360915E-1,1.312449098E0
1.192483759E2,-4.072072804E-1,5.455450714E-2,1.659235001E0
1.192685409E2,-2.439126074E-1,-5.627974123E-2,1.730400443E0
1.192887059E2,-7.303398848E-1,-5.683162808E-1,1.677656174E0
1.193088709E2,-7.287070155E-1,-8.082427382E-1,1.451281786E0
1.193290349E2,-3.602789640E-1,-7.309351563E-1,1.345754862E0
1.193491999E2,-3.984782398E-1,-9.137179255E-1,1.218613267E0
1.193693649E2,-1.132922769E0,-8.512368202E-1,1.106670499E0
1.193895299E2,-1.255528927E0,5.689025670E-2,7.721913457E-1
1.194096949E2,1.217364240E-2,5.093414187E-1,2.423346415E-2
1.194298589E2,1.047568560E0,-1.385860592E-1,-8.148436546E-1
1.194500239E2,1.239800930E0,-6.402297616E-1,-1.244177699E0
1.194701889E2,1.312135816E0,-6.749680042E-1,-1.306809545E0
1.194903539E2,1.540958524E0,-4.297676384E-1,-1.271044374E0
1.195105189E2,1.749812245E0,7.876954228E-2,-1.138434172E0
1.195306829E2,2.065192461E0,2.050677985E-1,-9.725752473E-1
1.195508479E2,2.182176113E0,1.680947542E-1,-8.864183426E-1
1.195710129E2,2.252601147E0,7.838870585E-2,-7.041479945E-1
1.195911779E2,2.276717186E0,2.054071426E-2,-5.725829005E-1
1.196113429E2,2.000251770E0,-2.392454147E-1,-7.246270180E-1
1.196315069E2,1.807305336E0,-6.593679786E-1,-8.594472408E-1
1.196516719E2,1.782832861E0,-9.590956569E-1,-8.873156309E-1
1.196718369E2,1.809474945E0,-9.218961596E-1,-8.732228875E-1
1.196920019E2,1.740534782E0,-5.491822958E-1,-8.459643722E-1
1.197121659E2,1.508699298E0,-2.856323719E-1,-7.115466595E-1
1.197323309E2,1.257941723E0,-2.758055031E-1,-6.150257587E-1
1.197524959E2,1.112983465E0,-2.641799450E-1,-5.272853971E-1
1.197726609E2,1.215931058E0,-2.902770936E-1,-5.699831247E-1
1.197928259E2,1.051839590E0,-1.973679513E-1,-5.642887950E-1
1.198129899E2,5.185972452E-1,2.257936895E-1,-4.549807310E-1
1.198331548E2,-2.128679454E-1,5.969666243E-1,-1.960668862E-1
1.198533198E2,-1.252829194E0,7.441347837E-1,7.165429741E-2
1.198734848E2,-2.494017124E0,7.618086934E-1,4.320670664E-1
1.198936498E2,-3.033917189E0,5.812319517E-1,5.964241028E-1
1.199138138E2,-3.038416862E0,4.176654518E-1,5.068237782E-1
1.199339788E2,-3.307849169E0,6.251287460E-1,5.254517794E-1
1.199541438E2,-3.679304600E0,8.625337481E-1,7.724466920E-1
1.199743088E2,-3.771131992E0,9.681219459E-1,1.021831989E0
1.199944738E2,-3.339320898E0,8.021986485E-1,8.891702890E-1
1.200146378E2,-2.945337534E0,8.080583811E-1,5.413472056E-1
1.200348028E2,-2.933024168E0,7.059926391E-1,3.809177876E-1
1.200549678E2,-2.981696606E0,5.282419324E-1,4.025463462E-1
1.200751328E2,-3.303165913E0,-4.617347717E-1,3.941847682E-1
1.200952978E2,-2.781160831E0,-7.096263170E-1,5.603281856E-1
1.201154618E2,-1.464864254E0,-4.107304513E-1,6.991854310E-1
1.201356268E2,-3.185243607E-1,-2.586676776E-1,6.043643355E-1
1.201557918E2,2.777903676E-1,-2.387914956E-1,4.602727890E-1
1.201759568E2,6.122752428E-1,-2.565324903E-1,4.339668751E-1
1.201961208E2,7.168720961E-1,-1.527016610E-2,5.832749009E-1
1.202162858E2,1.155966163E0,2.029417902E-1,5.834674835E-1
1.202364508E2,1.458267689E0,3.350968361E-1,4.019890726E-1
1.202566158E2,1.481532454E0,2.212033272E-1,2.292549312E-1
1.202767808E2,1.425219536E0,1.396441460E-2,1.756898165E-1
1.202969448E2,1.439433098E0,-2.700965106E-2,3.550353348E-1
1.203171098E2,1.315210700E0,6.986863166E-2,4.633296728E-1
1.203372748E2,7.037120461E-1,-2.321528345E-1,4.945704043E-1
1.203574398E2,3.517017066E-1,-4.169195592E-1,7.039539814E-1
1.203776048E2,2.984985113E-1,-7.512986660E-1,9.035573602E-1
1.203977688E2,2.810577750E-1,-1.033117175E0,7.361821532E-1
1.204179338E2,1.946460307E-1,-1.028372645E0,3.210836649E-1
1.204380988E2,3.351304531E-1,-8.409199119E-1,-1.718475111E-2
1.204582638E2,7.657651901E-1,-7.932605743E-1,-2.822617888E-1
1.204784288E2,1.278077960E0,-9.904338121E-1,-5.418019891E-1
1.204985928E2,1.661779761E0,-1.000419736E0,-7.967913151E-1
1.205187578E2,1.927316785E0,-7.777745724E-1,-8.949731588E-1
1.205389228E2,2.011516571E0,-4.321865737E-1,-8.619218469E-1
1.205590878E2,1.999126673E0,-9.238528460E-2,-7.725899220E-1
1.205792528E2,2.032832146E0,2.000793964E-1,-5.867905617E-1
1.205994168E2,1.957022071E0,3.874159753E-1,-3.787761629E-1
1.206195818E2,1.647333026E0,3.258252740E-1,-2.607259750E-1
1.206397468E2,1.178698778E0,-1.657718094E-3,-3.074694872E-1
1.206599118E2,8.547119498E-1,-3.095982969E-1,-3.329685926E-1
1.206800758E2,7.222703099E-1,-4.942493737E-1,-2.308752984E-1
1.207002408E2,6.993318796E-1,-5.285343528E-1,-8.833873272E-2
1.207204058E2,5.399739742E-1,-3.766700625E-1,-3.300446644E-2
1.207405708E2,4.739893079E-1,-1.796300262E-1,-4.045908526E-2
1.207607358E2,4.210319221E-1,-6.524186581E-2,-1.217915937E-1
1.207808998E2,2.564779222E-1,-6.768389791E-2,-1.356341541E-1
1.208010648E2,1.584346741E-1,-1.546515226E-1,-1.311295386E-2
1.208212288E2,2.782048881E-1,-3.481413051E-2,2.346699871E-2
1.208413938E2,6.258766353E-2,2.961235940E-1,3.524269909E-2
1.208615588E2,-7.551330328E-1,7.298496962E-1,7.035130262E-2
1.208817228E2,-1.589101434E0,1.067605138E0,3.326349556E-1
1.209018878E2,-2.080326319E0,1.223629117E0,6.367169619E-1
1.209220528E2,-2.335963488E0,1.555375814E0,7.701887488E-1
1.209422178E2,-2.468014479E0,1.663411498E0,6.929329038E-1
1.209623828E2,-2.520436764E0,1.337316513E0,6.651179194E-1
1.209825468E2,-2.631036997E0,8.232035637E-1,9.100898504E-1
1.210027118E2,-2.764433384E0,3.447849154E-1,1.282584429E0
1.210228768E2,-2.659474850E0,3.037061170E-2,1.542241812E0
1.210430418E2,-2.163431644E0,-1.598244719E-2,1.530640244E0
1.210632058E2,-1.853509784E0,-1.784456670E-1,1.483560681E0
1.210833708E2,-1.892960072E0,-5.840198398E-1,1.387416840E0
1.211035358E2,-1.696722984E0,-8.991611004E-1,1.473031759E0
1.211237008E2,-1.111392140E0,-7.434433103E-1,1.468391657E0
1.211438658E2,-4.384556115E-1,-1.291005164E-1,1.282454610E0
1.211640298E2,-1.282165013E-2,3.720598519E-1,1.011794925E0
1.211841948E2,5.017018914E-1,5.590875149E-1,9.135077596E-1
1.212043598E2,8.074475527E-1,2.523161769E-1,9.442921877E-1
1.212245248E2,7.448234558E-1,-2.520144582E-1,1.011837125E0
1.212446898E2,7.475167513E-1,-6.648168564E-1,1.074357152E0
1.212648538E2,1.046176434E0,-5.299234390E-1,1.119998932E0
1.212850188E2,1.737504125E0,-2.775327861E-1,1.143736839E0
1.213051838E2,1.801639318E0,-5.096846223E-1,1.261565685E0
1.213253488E2,1.213758349E0,-8.200973868E-1,1.480154157E0
1.213455128E2,9.180535078E-1,-1.034159184E0,1.704191566E0
1.213656778E2,7.277451158E-1,-1.241586804E0,1.742979169E0
1.213858428E2,7.024667859E-1,-1.089333892E0,1.430397749E0
1.214060078E2,8.241394162E-1,-5.513994694E-1,6.862923503E-1
1.214261728E2,1.160099983E0,1.972412318E-2,-1.409264952E-1
1.214463368E2,1.509790421E0,3.398576975E-1,-5.747124553E-1
1.214665018E2,1.647526264E0,3.624727130E-1,-5.690580606E-1
1.214866668E2,1.484570146E0,2.150924653E-1,-2.305375636E-1
1.215068318E2,1.080799460E0,1.605364680E-1,1.551661491E-1
1.215269968E2,7.040355802E-1,1.533077657E-1,4.839270711E-1
1.215471608E2,8.518334031E-1,1.086121202E-1,5.544558167E-1
1.215673258E2,1.239591241E0,-2.746389620E-2,5.431591868E-1
1.215874908E2,1.441589713E0,-8.321302384E-2,4.763150513E-1
1.216076558E2,1.365434170E0,-7.495446503E-2,3.962822556E-1
1.216278208E2,1.081374407E0,6.834706664E-2,3.518126309E-1
1.216479848E2,8.559532762E-1,2.714299858E-1,4.347945154E-1
1.216681498E2,8.722157478E-1,4.813548326E-1,5.797541142E-1
1.216883148E2,7.473034859E-1,4.728882909E-1,6.982356906E-1
1.217084798E2,2.451714426E-1,2.492745519E-1,7.588617802E-1
1.217286448E2,-5.047231913E-1,1.232007742E-1,9.424854517E-1
1.217488088E2,-1.182721019E0,5.886883289E-2,1.176625252E0
1.217689738E2,-1.563789964E0,-5.292900279E-2,1.342290282E0
1.217891388E2,-1.676697135E0,-3.284682035E-1,1.193215847E0
1.218093038E2,-2.043584585E0,-3.612459898E-1,9.968267083E-1
1.218294701E2,-2.800090790E0,2.399051934E-1,1.129545927E0
1.218496341E2,-3.341267109E0,5.728384256E-1,1.432109833E0
1.218697991E2,-2.844074726E0,3.651840985E-1,1.353600144E0
1.218899641E2,-1.965763688E0,8.742579818E-2,9.305394888E-1
1.219101291E2,-1.785481811E0,8.918664604E-2,6.154335737E-1
1.219302931E2,-1.476988792E0,4.281638861E-1,8.157102466E-1
1.219504581E2,-9.308122396E-1,8.442922235E-1,1.085888624E0
1.219706231E2,-4.074417949E-1,7.571328282E-1,1.017572522E0
1.219907881E2,1.023541838E-1,3.261049688E-1,8.601574898E-1
1.220109531E2,6.458572149E-1,8.636685461E-2,8.315139413E-1
1.220311171E2,1.030893803E0,-1.103553455E-2,9.639216661E-1
1.220512821E2,1.447101593E0,-5.277916789E-2,1.163550019E0
1.220714471E2,1.843392015E0,4.487629235E-2,1.332850695E0
1.220916121E2,2.057798862E0,1.439118683E-1,1.451043248E0
1.221117771E2,2.116169691E0,7.155033201E-2,1.587896585E0
1.221319411E2,2.161365271E0,2.492996398E-3,1.691112518E0
1.221521061E2,2.153254986E0,-3.759982809E-2,1.771710992E0
1.221722711E2,2.015619278E0,-5.814570189E-2,1.825349092E0
1.221924361E2,1.798300385E0,1.487092953E-2,1.796250701E0
1.222126001E2,1.629568338E0,1.290908158E-1,1.722679138E0
1.222327651E2,1.527694821E0,2.742148340E-1,1.694910645E0
1.222529301E2,1.347813249E0,4.627941549E-1,1.655292153E0
1.222730951E2,9.700579047E-1,6.594491005E-1,1.632431030E0
1.222932601E2,4.756762683E-1,7.419798970E-1,1.635245562E0
1.223134241E2,7.806508988E-2,7.348824143E-1,1.638489008E0
1.223335891E2,-3.030765243E-2,7.755274773E-1,1.585542321E0
1.223537541E2,-1.252138335E-2,8.824458718E-1,1.456463218E0
1.223739191E2,-2.254027277E-1,8.804377913E-1,1.398084998E0
1.223940841E2,-5.866391063E-1,7.242211103E-1,1.427882195E0
1.224142481E2,-9.688318968E-1,7.279537916E-1,1.471900463E0
1.224344131E2,-1.283440351E0,7.367753983E-1,1.492714882E0
1.224545781E2,-1.403914809E0,6.395747066E-1,1.415412664E0
1.224747431E2,-1.402201056E0,3.731009662E-1,1.352428436E0
1.224949081E2,-1.600854039E0,2.662735283E-1,1.347928405E0
1.225150721E2,-1.881472230E0,3.069978356E-1,1.418777466E0
1.225352371E2,-1.787426710E0,3.756239414E-1,1.483051300E0
1.225554021E2,-1.292043447E0,4.521684349E-1,1.446224093E0
1.225755671E2,-9.778262973E-1,3.860319853E-1,1.381808043E0
1.225957311E2,-9.972311854E-1,9.596228600E-2,1.413654804E0
1.226158961E2,-9.826691151E-1,-3.213421106E-1,1.630905509E0
1.226360611E2,-9.679291844E-1,-5.364747643E-1,1.942071795E0
1.226562261E2,-9.598067999E-1,-3.494274020E-1,2.032436848E0
1.226763911E2,-9.306613803E-1,-1.651435792E-1,1.945836186E0
1.226965551E2,-8.048767447E-1,-7.157584280E-2,1.933866858E0
1.227167201E2,-8.093545437E-1,-3.114406466E-1,1.945022583E0
1.227368851E2,-8.340278268E-1,-5.843003988E-1,1.929463148E0
1.227570501E2,-7.817747593E-1,-6.231868267E-1,1.800940394E0
1.227772151E2,-6.929219365E-1,-4.999242425E-1,1.671062350E0
1.227973791E2,-5.092464685E-1,-2.977254391E-1,1.520350099E0
1.228175441E2,-1.867603511E-1,-1.192687526E-1,1.291293144E0
1.228377085E2,2.918174490E-2,-2.283347696E-1,1.023699880E0
1.228578735E2,1.160231829E-1,-2.946569324E-1,7.562747598E-1
1.228780385E2,2.575279474E-1,-1.516238302E-1,5.359518528E-1
1.228982025E2,4.689202309E-1,1.221579313E-1,3.561598063E-1
1.229183675E2,6.477578878E-1,1.477619857E-1,2.181187421E-1
1.229385325E2,7.460835576E-1,4.672665149E-2,1.005879566E-1
1.229586975E2,6.984698772E-1,1.908779144E-1,5.828905851E-2
1.229788625E2,7.352465987E-1,3.814413249E-1,1.222220659E-1
1.229990265E2,1.210400701E0,4.827603698E-1,1.345924437E-1
1.230191915E2,1.797920465E0,2.989730537E-1,-5.317036808E-2
1.230393565E2,2.035859585E0,-7.610353641E-3,-2.704718709E-1
1.230595215E2,2.049710035E0,-1.055005565E-1,-2.659126520E-1
1.230796855E2,1.954956770E0,-9.258614480E-2,-1.691934615E-1
1.230998505E2,1.760580659E0,-4.463075101E-2,-9.197288007E-2
1.231200155E2,1.625198722E0,3.705878928E-2,-9.564040229E-3
1.231401805E2,1.612690926E0,1.693644375E-2,9.263415635E-2
1.231603455E2,1.437586784E0,-1.829919964E-1,1.801238954E-1
1.231805095E2,1.170949101E0,-3.837985098E-1,2.722072899E-1
1.232006745E2,9.582449198E-1,-4.667175412E-1,3.811867535E-1
1.232208395E2,8.183745146E-1,-4.080614448E-1,3.307197094E-1
1.232410045E2,7.238442302E-1,-3.024549484E-1,2.693809569E-1
1.232611695E2,6.478338838E-1,-1.714715213E-1,2.513749003E-1
1.232813335E2,4.153726697E-1,-5.592193082E-2,3.037259579E-1
1.233014985E2,4.063537717E-2,7.940880023E-3,3.827724457E-1
1.233216635E2,-2.209570408E-1,7.367666811E-2,4.320086539E-1
1.233418285E2,-2.833029330E-1,1.344616711E-1,4.161489308E-1
1.233619935E2,-3.314992785E-1,1.938492805E-1,3.669624925E-1
1.233821575E2,-5.603299141E-1,2.684829235E-1,3.762496114E-1
1.234023225E2,-9.167648554E-1,3.289797008E-1,4.735895693E-1
1.234224875E2,-1.143749475E0,4.266214073E-1,5.946114063E-1
1.234426525E2,-1.072677612E0,5.834633112E-1,5.635724664E-1
1.234628165E2,-1.036997795E0,6.252101660E-1,4.984689057E-1
1.234829815E2,-1.211813092E0,4.987610877E-1,4.841160774E-1
1.235031465E2,-1.520967484E0,4.200998545E-1,5.046138763E-1
1.235233115E2,-1.757579088E0,3.919220865E-1,7.323938012E-1
1.235434765E2,-2.179029703E0,5.781779885E-1,1.147483945E0
1.235636405E2,-2.572673082E0,9.030020237E-1,1.590341091E0
1.235838055E2,-2.263357162E0,6.165503860E-1,1.617592812E0
1.236039705E2,-1.548257828E0,-3.041897416E-1,1.214541554E0
1.236241355E2,-1.150573969E0,-6.394743919E-1,7.356818914E-1
1.236443005E2,-9.718335867E-1,-5.795151591E-1,5.753076077E-1
1.236644645E2,-7.026466727E-1,-3.699993789E-1,6.562216282E-1
1.236846295E2,-3.242808580E-1,-2.614714019E-2,7.254727483E-1
1.237047945E2,1.187688485E-1,3.240229785E-1,6.587334871E-1
1.237249595E2,3.746131659E-1,3.050478399E-1,7.796114683E-1
1.237451245E2,2.860290110E-1,-4.064672068E-2,1.119582057E0
1.237652885E2,-2.883535810E-2,-4.649063349E-1,1.397930980E0
1.237854535E2,-1.659156978E-1,-6.080005169E-1,1.490958214E0
1.238056185E2,1.567144394E-1,-3.265647590E-1,1.435935736E0
1.238257836E2,3.561529815E-1,-1.402877718E-1,1.221032619E0
1.238459486E2,3.217408955E-1,-1.050465107E-1,9.905397892E-1
1.238661126E2,2.308207750E-1,-4.287116602E-2,8.237564564E-1
1.238862776E2,1.337214112E-1,1.474357676E-2,7.703779936E-1
1.239064426E2,7.349999249E-2,1.321089268E-1,6.897308826E-1
1.239266076E2,7.600960881E-2,2.263946533E-1,5.359910131E-1
1.239467726E2,5.018511042E-2,2.313209176E-1,4.048174024E-1
1.239669366E2,3.228314221E-2,5.466639251E-2,3.266771734E-1
1.239871016E2,-2.053958178E-2,-2.014689147E-1,2.653591931E-1
1.240072666E2,3.807499632E-2,-2.079433203E-1,2.077264935E-1
1.240274316E2,9.912174195E-2,-5.716985464E-2,9.205992520E-2
1.240475966E2,1.125076935E-1,-4.980210587E-2,-7.982467115E-2
1.240677606E2,2.288525999E-1,-2.061269283E-1,-1.577264518E-1
1.240879256E2,3.426945806E-1,-2.731750906E-1,-1.230176762E-1
1.241080906E2,4.738515019E-1,-1.852134615E-1,-1.767837256E-1
1.241282556E2,7.958611846E-1,1.995908916E-1,-2.070946693E-1
1.241484206E2,1.115076184E0,5.161765218E-1,-2.187044322E-1
1.241685846E2,1.368036509E0,3.785395622E-1,-2.658075392E-1
1.241887496E2,1.500941753E0,-5.104130134E-2,-3.447799981E-1
1.242089146E2,1.420213938E0,-2.298886329E-1,-4.594745934E-1
1.242290796E2,1.413470268E0,-6.892979145E-3,-4.719077647E-1
1.242492446E2,1.468701005E0,3.370069563E-1,-3.582046330E-1
1.242694086E2,1.477051020E0,4.343660176E-1,-2.212618589E-1
1.242895736E2,1.391530037E0,2.823756039E-1,-1.757543534E-1
1.243097386E2,1.363533497E0,5.113955587E-2,-1.664302796E-1
1.243299036E2,1.316140652E0,-7.970759273E-2,-1.380599141E-1
1.243500686E2,1.138321877E0,-1.449681669E-1,-5.398710072E-2
1.243702336E2,9.223616123E-1,-1.606232226E-1,3.743141517E-2
1.243903976E2,7.202216983E-1,-9.007924795E-2,1.222252920E-1
1.244105626E2,4.709190130E-1,-6.777663715E-3,2.367210537E-1
1.244307276E2,2.658695281E-1,-4.402798414E-2,3.489389718E-1
1.244508926E2,2.569297850E-1,-8.693049103E-2,4.185712039E-1
1.244710576E2,2.784979045E-1,4.753683135E-2,4.227485657E-1
1.244912216E2,8.194728196E-2,1.933579743E-1,4.236708879E-1
1.245113866E2,-2.276216298E-1,2.066220790E-1,4.286348224E-1
1.245315516E2,-4.450410903E-1,1.153415740E-1,3.718079925E-1
1.245517166E2,-5.617339015E-1,8.133926988E-2,3.326546252E-1
1.245718816E2,-7.414826751E-1,1.753541827E-1,3.189992905E-1
1.245920466E2,-9.607707858E-1,4.349716306E-1,3.157936335E-1
1.246122106E2,-1.125519156E0,6.096995473E-1,3.488256037E-1
1.246323756E2,-1.316757679E0,5.048773289E-1,4.167784452E-1
1.246525406E2,-1.547465324E0,5.099833012E-1,3.888264298E-1
1.246727056E2,-1.581657171E0,6.747453809E-1,3.552274108E-1
1.246928706E2,-1.350744128E0,7.277338505E-1,2.921254635E-1
1.247130356E2,-1.272861838E0,7.257382870E-1,3.628214896E-1
1.247331996E2,-1.607703686E0,7.344194055E-1,5.112484694E-1
1.247533646E2,-2.029867887E0,1.035593748E0,8.829900622E-1
1.247735296E2,-1.613741517E0,1.294723868E0,1.167477965E0
1.247936946E2,-8.632534742E-1,7.004673481E-1,9.519234896E-1
1.248138596E2,-4.166817367E-1,-7.342179865E-2,4.487668574E-1
1.248340242E2,-1.061805934E-1,-3.140826225E-1,2.811219394E-1
1.248541882E2,2.947480679E-1,-1.939074248E-1,4.761487842E-1
1.248743532E2,4.783265293E-1,-2.391047627E-1,7.016299963E-1
1.248945182E2,5.737888813E-1,-4.191662371E-1,7.034177780E-1
1.249146832E2,6.391252875E-1,-3.388873041E-1,6.147207022E-1
1.249348482E2,6.516036391E-1,-2.118735015E-1,5.726574063E-1
1.249550122E2,5.819823146E-1,-1.958828270E-1,6.520362496E-1
1.249751772E2,5.019025803E-1,-2.904264331E-1,7.467828989E-1
1.249953422E2,3.693579733E-1,-3.270254135E-1,7.749784589E-1
1.250155072E2,1.668306440E-1,-3.290491998E-1,7.291830182E-1
1.250356722E2,-1.306153834E-1,-3.747351468E-1,6.393966675E-1
1.250558372E2,-3.676959872E-1,-3.101660013E-1,5.408539176E-1
1.250760012E2,-4.288548529E-1,-2.140859365E-1,4.264906347E-1
1.250961662E2,-3.583332896E-1,-1.657824516E-1,2.626914680E-1
1.251163312E2,-4.098163247E-1,-1.223711669E-1,7.861344516E-2
1.251364962E2,-5.802084208E-1,-1.188969761E-1,-8.785162866E-2
1.251566612E2,-7.835828662E-1,-1.456850320E-1,-1.736710370E-1
1.251768262E2,-7.255743146E-1,-1.319590807E-1,-2.361652106E-1
1.251969902E2,-5.347682834E-1,-7.775945216E-2,-3.805963099E-1
1.252171552E2,-3.131304085E-1,5.244295299E-2,-5.458270907E-1
1.252373202E2,-2.219555974E-1,1.055040061E-1,-6.407315731E-1
1.252574852E2,-3.792677820E-1,2.037653886E-2,-6.173970699E-1
1.252776502E2,-5.438856483E-1,-1.055603847E-1,-5.193057656E-1
1.252978152E2,-4.307041466E-1,-1.200693697E-1,-5.739552379E-1
1.253179792E2,-9.493869543E-2,-1.477523744E-1,-7.819173932E-1
1.253381442E2,3.950262070E-2,-2.327872813E-1,-9.630424380E-1
1.253583092E2,-7.714757230E-3,-3.050229251E-1,-9.797629714E-1
1.253784742E2,-1.215145513E-1,-2.977026403E-1,-8.817996979E-1
1.253986392E2,-1.487331092E-1,-2.584455907E-1,-9.026761055E-1
1.254188042E2,2.143165767E-1,-2.277108580E-1,-1.105625033E0
1.254389682E2,8.347382545E-1,-5.612390041E-1,-1.495208979E0
1.254591332E2,1.044518828E0,-8.779624701E-1,-1.666328549E0
1.254792982E2,6.691887975E-1,-8.200172186E-1,-1.573313355E0
1.254994632E2,3.051032424E-1,-1.231659576E-2,-1.254975438E0
1.255196282E2,2.399348617E-1,1.101911783E0,-8.565288782E-1
1.255397932E2,9.157404304E-1,1.298339128E0,-7.264831066E-1
1.255599572E2,1.774192929E0,7.770826221E-1,-8.084138632E-1
1.255801222E2,1.672207713E0,2.678379416E-1,-9.638646841E-1
1.256002872E2,1.143474817E0,-1.608233154E-1,-8.885690570E-1
1.256204522E2,8.318420053E-1,-3.978350461E-1,-6.997173429E-1
1.256406172E2,8.906699419E-1,-4.047220349E-1,-5.169322491E-1
1.256607822E2,1.170543671E0,-4.847398400E-1,-3.068078756E-1
1.256809462E2,1.350524545E0,-7.144693136E-1,-2.264235616E-1
1.257011112E2,1.358411312E0,-7.749914527E-1,-2.146448642E-1
1.257212762E2,1.348561168E0,-6.843516231E-1,-1.632497460E-1
1.257414412E2,1.372325301E0,-5.544984341E-1,-8.327133954E-2
1.257616062E2,1.433450222E0,-4.513054788E-1,3.432239965E-2
1.257817702E2,1.391816258E0,-3.707882464E-1,1.386316121E-1
1.258019352E2,1.118715405E0,-2.283045501E-1,2.837642133E-1
1.258221002E2,7.224845290E-1,1.773729734E-2,4.172030389E-1
1.258422656E2,4.633134007E-1,2.341886461E-1,5.631043315E-1
1.258624306E2,4.008806646E-1,3.146179914E-1,6.730620265E-1
1.258825956E2,1.059697419E-1,4.582502842E-1,7.489837408E-1
1.259027596E2,-2.421645671E-1,6.625214815E-1,8.694249392E-1
1.259229246E2,-1.711804420E-1,6.480855346E-1,8.824518919E-1
1.259430896E2,4.615551606E-2,9.050833434E-2,7.205687165E-1
1.259632546E2,-1.103067398E0,1.178559139E-1,7.651942968E-1
1.259834196E2,-2.707090139E0,8.079061508E-1,1.416041970E0
1.260035846E2,-3.700744390E0,1.599267602E0,2.155420303E0
1.260237486E2,-3.693268538E0,1.477690220E0,1.922129631E0
1.260439136E2,-3.236277819E0,6.865440011E-1,8.946705461E-1
1.260640786E2,-2.888512850E0,4.716660976E-1,7.830511034E-2
1.260842436E2,-2.633917809E0,2.717999816E-1,-1.770521551E-1
1.261044086E2,-2.310613155E0,2.550370693E-1,-1.297333390E-1
1.261245726E2,-1.478916883E0,8.250483871E-1,-1.291129440E-1
1.261447376E2,-9.170401096E-1,1.219946742E0,-3.036214411E-1
1.261649026E2,-6.542052627E-1,1.329462528E0,-1.533598453E-1
1.261850676E2,-6.026679277E-1,9.856583476E-1,1.364627331E-1
1.262052326E2,-2.054734379E-1,5.375073552E-1,1.897620708E-1
1.262253976E2,3.664303422E-1,1.318113953E-1,-1.525771320E-1
1.262455616E2,9.365062118E-1,5.334885418E-2,-6.041423082E-1
1.262657266E2,1.201458812E0,1.140014082E-1,-8.856921196E-1
1.262858916E2,1.199427009E0,8.778846823E-3,-9.359254837E-1
1.263060566E2,1.217003107E0,-2.817313373E-1,-9.200057983E-1
1.263262216E2,1.355529070E0,-4.491775036E-1,-1.069496751E0
1.263463856E2,1.560207605E0,-4.464912713E-1,-1.099030972E0
1.263665506E2,2.076930046E0,-6.089890599E-1,-1.004738092E0
1.263867156E2,2.551461220E0,-1.163956761E0,-9.859780073E-1
1.264068806E2,2.360012770E0,-1.263460279E0,-9.319863915E-1
1.264270456E2,2.214224577E0,-3.840476573E-1,-6.864470243E-1
1.264472106E2,1.884698868E0,1.058657408E0,-1.331250668E-1
1.264673746E2,1.471881747E0,1.917279482E0,3.863233328E-1
1.264875396E2,1.504068732E0,1.052062035E0,3.601084054E-1
1.265077046E2,1.586814761E0,-6.100605130E-1,-1.373472512E-1
1.265278696E2,1.010754466E0,-1.268079758E0,-3.907208443E-1
1.265480346E2,3.092864156E-1,-8.734421730E-1,5.215261877E-2
1.265681986E2,8.119446039E-2,-1.668443680E-1,4.486770332E-1
1.265883636E2,3.491229415E-1,-1.229711473E-1,3.615697026E-1
1.266085286E2,6.108099818E-1,-4.727927744E-1,1.427976787E-1
1.266286936E2,5.328297615E-1,-7.367006540E-1,8.019891381E-2
1.266488586E2,2.884286046E-1,-6.142911315E-1,1.560704410E-1
1.266690226E2,1.134804264E-1,-1.250523031E-1,2.738260925E-1
1.266891876E2,2.543656528E-1,1.849118173E-1,2.479767352E-1
1.267093526E2,3.897657096E-1,1.822140664E-1,1.434381604E-1
1.267295176E2,2.992990613E-1,1.010170430E-1,1.115084663E-1
1.267496826E2,7.088491321E-2,1.241645515E-1,2.419339269E-1
1.267698466E2,-1.959061623E-1,3.376387954E-1,4.812738895E-1
1.267900116E2,-3.403680325E-1,4.800606370E-1,6.279640198E-1
1.268101766E2,-3.495808840E-1,3.784447312E-1,6.490650773E-1
1.268303418E2,-5.147128105E-1,3.114602268E-1,5.874881148E-1
1.268505068E2,-9.970372915E-1,3.544485569E-1,6.634641886E-1
1.268706718E2,-1.306202412E0,4.502772391E-1,7.904031277E-1
1.268908358E2,-1.430095196E0,3.576546907E-1,9.113838077E-1
1.269110008E2,-1.463122010E0,3.973566294E-1,9.376230836E-1
1.269311658E2,-1.692847967E0,6.029874086E-1,1.008172750E0
1.269513308E2,-1.727788091E0,6.991519928E-1,1.149660349E0
1.269714958E2,-1.799389243E0,1.435454339E-1,1.075794339E0
1.269916598E2,-2.113601923E0,-7.509917021E-2,9.351983070E-1
1.270118248E2,-2.271012545E0,6.161968112E-1,8.117868304E-1
1.270319898E2,-2.466538906E0,1.586195707E0,8.178140521E-1
1.270521548E2,-2.104048014E0,1.987573624E0,8.868979216E-1
1.270723198E2,-1.213627934E0,1.353361249E0,7.379770279E-1
1.270924838E2,-7.697478533E-1,3.986175060E-1,4.119623899E-1
1.271126488E2,-9.224771857E-1,-3.821309805E-1,1.167093515E-1
1.271328138E2,-9.662781954E-1,-4.307599664E-1,-1.682934351E-2
1.271529788E2,-7.185692191E-1,-5.943692476E-2,-1.955530047E-1
1.271731438E2,-2.652935982E-1,3.571109474E-1,-4.647068977E-1
1.271933078E2,4.048129916E-2,3.683882058E-1,-6.699538231E-1
1.272134728E2,6.854758412E-2,-6.876099855E-2,-8.260440826E-1
1.272336378E2,2.975795865E-1,-4.156477451E-1,-9.106513262E-1
1.272538028E2,5.685146451E-1,-5.754000545E-1,-1.095303535E0
1.272739678E2,6.407083273E-1,-5.399213433E-1,-1.287909031E0
1.272941328E2,8.004069924E-1,-7.113308907E-1,-1.311266899E0
1.273142968E2,1.028085947E0,-1.183285236E0,-1.467517614E0
1.273344618E2,1.124259710E0,-1.460865855E0,-1.705214739E0
1.273546268E2,1.254120469E0,-1.025903583E0,-1.689479947E0
1.273747918E2,1.432585120E0,-4.801064134E-1,-1.436667085E0
1.273949568E2,1.547731042E0,3.628562018E-2,-1.092483759E0
1.274151208E2,1.816795588E0,3.811746538E-1,-8.166540265E-1
1.274352858E2,2.173710823E0,2.769717574E-1,-8.710902929E-1
1.274554508E2,2.182063580E0,7.284561545E-2,-9.659688473E-1
1.274756158E2,1.892303586E0,-8.660344407E-3,-9.511162043E-1
1.274957808E2,1.608489037E0,-7.739368826E-2,-8.534545898E-1
1.275159448E2,1.305768490E0,1.667534113E-1,-6.960871816E-1
1.275361098E2,1.118339777E0,6.019879580E-1,-3.490314484E-1
1.275562748E2,7.374955416E-1,5.884238482E-1,3.694465756E-2
1.275764398E2,3.729786277E-1,2.549900413E-1,2.164179236E-1
1.275966048E2,1.683752984E-1,-1.802736521E-1,2.028298676E-1
1.276167698E2,5.359698087E-2,-4.018522203E-1,1.912056804E-1
1.276369338E2,-8.788433671E-2,-4.599109888E-1,2.255287915E-1
1.276570988E2,-2.443713993E-1,-2.315049320E-1,2.834708393E-1
1.276772638E2,-3.806548119E-1,9.248323739E-2,3.878876865E-1
1.276974288E2,-4.321427941E-1,5.625526980E-2,4.832999408E-1
1.277175938E2,-3.079088032E-1,1.247656718E-1,4.802110791E-1
1.277377578E2,-2.060877234E-1,2.832826674E-1,5.535078645E-1
1.277579228E2,-4.354179502E-1,3.591676056E-1,6.525207758E-1
1.277780878E2,-8.244547844E-1,2.773360610E-1,7.536200285E-1
1.277982528E2,-9.311555028E-1,1.990695447E-1,9.876273870E-1
1.278184178E2,-7.136217356E-1,6.127554551E-2,1.023925543E0
1.278385820E2,-3.788418770E-1,-1.862672716E-1,7.587406039E-1
1.278587470E2,-5.292701721E-1,-7.165466994E-2,7.749298811E-1
1.278789120E2,-9.616268873E-1,4.631730318E-1,9.034729600E-1
1.278990770E2,-1.396195173E0,9.549301267E-1,1.063207626E0
1.279192420E2,-1.769779325E0,1.129069328E0,1.156853914E0
1.279394060E2,-2.024755955E0,6.059980392E-1,1.295373797E0
1.279595710E2,-2.060698271E0,4.145214334E-2,1.038329720E0
1.279797360E2,-2.103850603E0,-1.704602242E-1,5.035775900E-1
1.279999010E2,-1.625434518E0,1.745567322E-1,1.420577317E-1
1.280200660E2,-8.770986795E-1,3.954457343E-1,-5.282377079E-2
1.280402300E2,-5.896143913E-1,2.505965531E-1,-2.609030604E-1
1.280603950E2,-7.479249835E-1,-2.782954872E-1,-4.418612719E-1
1.280805600E2,-7.817406058E-1,-3.201494217E-1,-4.530128837E-1
1.281007250E2,-3.621903360E-1,-2.599065937E-2,-4.367550015E-1
1.281208900E2,1.354801506E-1,2.482090592E-1,-5.412480235E-1
1.281410550E2,5.108371973E-1,3.196125031E-1,-7.167495489E-1
1.281612190E2,7.660384178E-1,2.578140795E-1,-8.387404680E-1
1.281813840E2,9.639821649E-1,-5.883473903E-3,-8.453436494E-1
1.282015490E2,1.135194540E0,-2.881473899E-1,-8.420488238E-1
1.282217140E2,1.411300898E0,-4.830952585E-1,-1.013760805E0
1.282418790E2,1.612500072E0,-4.832352102E-1,-1.145829558E0
1.282620430E2,1.640827894E0,-4.119409621E-1,-1.147122383E0
1.282822080E2,1.598131180E0,-4.880344868E-1,-1.013808846E0
1.283023730E2,1.688608408E0,-6.487592459E-1,-8.893641829E-1
1.283225380E2,1.917197704E0,-8.312958479E-1,-1.000108361E0
1.283427030E2,2.084946394E0,-7.183323503E-1,-1.163664818E0
1.283628670E2,2.061669588E0,-2.235774547E-1,-1.076645613E0
1.283830320E2,1.847660661E0,5.264331102E-1,-7.854973078E-1
1.284031970E2,1.218021989E0,1.113661528E0,-5.437088609E-1
1.284233620E2,8.780504465E-1,1.041691184E0,-3.914094567E-1
1.284435270E2,1.050184011E0,2.692983449E-1,-4.584411085E-1
1.284636910E2,8.652544618E-1,-2.960973084E-1,-5.070024729E-1
1.284838560E2,3.743463755E-1,-4.865728021E-1,-2.256366313E-1
1.285040210E2,-6.437039468E-3,-3.012309670E-1,2.018972933E-1
1.285241860E2,-7.509797066E-2,-2.158557177E-1,3.851956725E-1
1.285443510E2,1.467148215E-1,-1.718211323E-1,3.380460739E-1
1.285645160E2,2.828797698E-1,-8.912671357E-2,2.784748375E-1
1.285846800E2,-1.222126465E-2,-1.179020293E-2,3.397000730E-1
1.286048450E2,-4.227961004E-1,-2.956471778E-2,4.608604610E-1
1.286250100E2,-5.233368874E-1,-3.700344265E-2,5.858719945E-1
1.286451750E2,-3.876710534E-1,1.123282406E-2,6.296868920E-1
1.286653400E2,-1.976625025E-1,2.805154324E-1,5.063841343E-1
1.286855040E2,-7.046744972E-2,6.872287989E-1,4.311411381E-1
1.287056690E2,-1.982633322E-1,9.995695949E-1,6.319648623E-1
1.287258340E2,-5.134767890E-1,9.236009121E-1,9.445670247E-1
1.287459990E2,-6.571246982E-1,4.964965284E-1,1.028882742E0
1.287661640E2,-7.052062750E-1,2.656378746E-1,9.039486051E-1
1.287863280E2,-1.186243892E0,6.144905090E-1,1.040162444E0
1.288064930E2,-2.167145491E0,8.266864419E-1,1.572459221E0
1.288266580E2,-3.193943977E0,7.384914160E-1,2.078224182E0
1.288468225E2,-4.055220604E0,3.680655360E-1,2.113778353E0
1.288669875E2,-3.668662071E0,-3.705965877E-1,1.561600208E0
1.288871515E2,-2.298477173E0,-4.138336182E-1,7.742298841E-1
1.289073165E2,-1.921035290E0,6.841420382E-2,3.696436882E-1
1.289274815E2,-1.648271322E0,3.519963026E-1,4.945936501E-1
1.289476465E2,-1.397510648E0,8.635607362E-2,6.603076458E-1
1.289678115E2,-1.608243823E0,-5.320797563E-1,6.601810455E-1
1.289879765E2,-1.262568593E0,-7.774448395E-1,7.126110792E-1
1.290081405E2,-6.578550339E-1,-5.480516553E-1,7.423014641E-1
1.290283055E2,-1.367993057E-1,-2.653483450E-1,7.559431791E-1
1.290484705E2,2.258811742E-1,-1.921900958E-1,7.432344556E-1
1.290686355E2,4.140188098E-1,-1.925482750E-1,7.292938828E-1
1.290888005E2,5.630429387E-1,-2.497400790E-1,6.480114460E-1
1.291089645E2,6.307751536E-1,-2.100059092E-1,4.562429488E-1
1.291291295E2,6.838510633E-1,-3.451306820E-1,2.834590077E-1
1.291492945E2,9.756565094E-1,-5.465289354E-1,2.405175716E-1
1.291694595E2,1.414173603E0,-7.236815095E-1,1.215190813E-1
1.291896245E2,1.551577449E0,-7.458909154E-1,-1.194949076E-2
1.292097885E2,1.526162982E0,-6.352889538E-1,-1.371681839E-1
1.292299535E2,1.695819855E0,-3.878381550E-1,-1.647964418E-1
1.292501185E2,2.051375628E0,-4.540508091E-1,-2.944875360E-1
1.292702835E2,2.565702200E0,-8.688998818E-1,-7.029238343E-1
1.292904485E2,2.694168329E0,-7.116970420E-1,-1.070401907E0
1.293106125E2,2.325140238E0,-6.399902981E-3,-1.007485509E0
1.293307775E2,1.615522861E0,1.020684123E0,-4.042508006E-1
1.293509425E2,1.068109035E0,1.758899927E0,2.474451661E-1
1.293711075E2,8.600680232E-1,1.575972438E0,4.562271833E-1
1.293912725E2,1.043853998E0,7.176429629E-1,2.758403718E-1
1.294114375E2,1.016387343E0,1.040166467E-1,1.170662269E-1
1.294316015E2,5.861955881E-1,-1.723810881E-1,1.932180822E-1
1.294517665E2,1.760823652E-2,2.580998279E-2,4.985698760E-1
1.294719315E2,-3.380091190E-1,3.114628792E-1,7.907831669E-1
1.294920965E2,-5.503188372E-1,2.925500572E-1,9.379360080E-1
1.295122615E2,-6.248353124E-1,1.635273248E-1,9.254390597E-1
1.295324255E2,-5.841899514E-1,1.098033413E-1,8.909512758E-1
1.295525905E2,-5.341384411E-1,1.510062069E-1,8.811917305E-1
1.295727555E2,-5.913069248E-1,1.612231582E-1,8.917463422E-1
1.295929205E2,-6.692244411E-1,1.699839979E-1,9.525884390E-1
1.296130855E2,-5.311570168E-1,1.508046836E-1,9.421995878E-1
1.296332495E2,-3.287361562E-1,3.053876460E-1,8.735978007E-1
1.296534145E2,-2.122408748E-1,5.377224088E-1,9.090983272E-1
1.296735795E2,-3.999761641E-1,5.860397816E-1,1.113879442E0
1.296937445E2,-4.015324116E-1,4.813993573E-1,1.423192620E0
1.297139095E2,8.797321469E-2,6.625887007E-2,1.380184531E0
1.297340745E2,-1.604566872E-1,-4.562428296E-1,1.164195061E0
1.297542385E2,-1.269390464E0,-6.929044127E-1,1.356398702E0
1.297744035E2,-2.357468605E0,2.968573272E-1,2.308056593E0
1.297945685E2,-2.741020679E0,1.209453225E0,2.801597834E0
1.298147335E2,-2.163500071E0,-3.014161587E-1,1.980795383E0
1.298348981E2,-1.336696148E0,-1.737440467E0,5.090684891E-1
1.298550621E2,-6.135027409E-1,-1.300763369E0,-1.728766859E-1
1.298752271E2,-3.517898917E-1,2.170053273E-1,2.518604994E-1
1.298953921E2,-3.897927999E-1,9.937517047E-1,1.035545111E0
1.299155571E2,-5.724172592E-1,4.568589330E-1,1.390419602E0
1.299357221E2,-8.515560031E-1,-1.849297285E-1,1.444612741E0
1.299558861E2,-9.595165253E-1,-3.131410480E-1,1.484163523E0
1.299760511E2,-6.311186552E-1,1.877236739E-2,1.398273468E0
1.299962161E2,-1.875685900E-1,1.572219133E-1,1.277346015E0
1.300163811E2,6.435741484E-2,5.945980176E-2,1.202290773E0
1.300365461E2,1.960243881E-1,3.101050621E-3,1.167672157E0
1.300567101E2,1.681780666E-1,1.528351605E-1,1.177851081E0
1.300768751E2,1.770810336E-1,3.122638762E-1,1.251107931E0
1.300970401E2,4.683243334E-1,1.868945211E-1,1.406600595E0
1.301172051E2,5.775551796E-1,-2.278875560E-1,1.461889505E0
1.301373701E2,4.126982987E-1,-3.334330022E-1,1.452090859E0
1.301575351E2,2.079744488E-1,-2.482453287E-1,1.471193910E0
1.301776991E2,1.637967080E-1,-2.033421248E-1,1.467918873E0
1.301978641E2,2.747330964E-1,-4.404416978E-1,1.409127235E0
1.302180291E2,4.769622684E-1,-7.150513530E-1,1.210340977E0
1.302381941E2,5.974702239E-1,-8.149783015E-1,9.479768276E-1
1.302583591E2,5.736463070E-1,-7.094680071E-1,7.479971647E-1
1.302785231E2,4.267450273E-1,-2.843061090E-1,6.210997105E-1
1.302986881E2,6.496203542E-1,1.956264973E-1,4.159547687E-1
1.303188531E2,1.324120283E0,-3.759451909E-3,-3.715133294E-2
1.303390181E2,1.868596673E0,-3.873094618E-1,-4.662786126E-1
1.303591831E2,1.734671712E0,-4.965005517E-1,-5.448276401E-1
1.303793471E2,1.482427359E0,-1.653468907E-1,-3.658018112E-1
1.303995121E2,1.296127200E0,2.497377396E-1,-6.258068234E-2
1.304196771E2,1.241503954E0,5.161367059E-1,7.175837457E-2
1.304398421E2,1.318050623E0,7.277129292E-1,7.135321945E-2
1.304600071E2,1.264276624E0,6.756314039E-1,1.331035793E-1
1.304801721E2,1.129956007E0,3.981095552E-1,2.882816792E-1
1.305003361E2,9.425351620E-1,5.419922993E-2,3.985144794E-1
1.305205011E2,7.419856787E-1,-1.536851972E-1,4.227558076E-1
1.305406661E2,5.362796783E-1,-3.518506885E-2,5.234798789E-1
1.305608311E2,3.854947388E-1,3.455239236E-1,7.034426928E-1
1.305809961E2,3.375356495E-1,6.262531877E-1,8.318783641E-1
1.306011601E2,1.831768155E-1,7.010024786E-1,9.145840406E-1
1.306213251E2,-2.077505291E-1,5.421115160E-1,9.267399907E-1
1.306414901E2,-6.596938372E-1,4.102739096E-1,9.154058695E-1
1.306616551E2,-8.885946274E-1,4.425812364E-1,9.312742949E-1
1.306818201E2,-8.239170909E-1,5.095153451E-1,9.638588428E-1
1.307019841E2,-7.485427856E-1,4.324934185E-1,8.912636638E-1
1.307221491E2,-9.177322984E-1,3.778305352E-1,7.513021231E-1
1.307423141E2,-1.143520951E0,3.647087216E-1,6.838588715E-1
1.307624791E2,-1.156253695E0,3.992880285E-1,7.071245909E-1
1.307826441E2,-1.126821756E0,3.918050528E-1,7.299249172E-1
1.308028081E2,-1.193346620E0,3.642469049E-1,7.343371511E-1
1.308229731E2,-1.332257271E0,5.323485732E-1,9.175547957E-1
1.308431386E2,-1.365976691E0,7.145979404E-1,1.160302639E0
1.308633036E2,-1.260090590E0,4.179016650E-1,1.180184841E0
1.308834686E2,-7.838174701E-1,-1.323334873E-1,1.158880949E0
1.309036336E2,-4.128843248E-1,-2.832884490E-1,1.336126566E0
1.309237976E2,-5.084393620E-1,1.811718941E-1,1.645275593E0
1.309439626E2,-4.102991819E-1,5.442205667E-1,1.771722913E0
1.309641276E2,1.435560733E-1,6.135553718E-1,1.591983795E0
1.309842926E2,7.159752250E-1,7.735390216E-2,1.342574954E0
1.310044576E2,1.002095580E0,-4.566296041E-1,1.192231297E0
1.310246216E2,1.162794948E0,-4.374425113E-1,1.253391504E0
1.310447866E2,1.130431771E0,-1.297414899E-1,1.432753801E0
1.310649516E2,8.721917272E-1,1.385698467E-1,1.581828237E0
1.310851166E2,6.406740546E-1,2.581368685E-1,1.664996028E0
1.311052816E2,4.652513564E-1,2.421103865E-1,1.702838421E0
1.311254456E2,2.513223290E-1,1.974118650E-1,1.647568107E0
1.311456106E2,9.660020471E-2,3.781469762E-1,1.566672564E0
1.311657756E2,-2.361320332E-2,4.849050641E-1,1.505767822E0
1.311859406E2,-1.442447305E-1,4.383284152E-1,1.482300162E0
1.312061056E2,-3.219164014E-1,3.269367516E-1,1.461698771E0
1.312262706E2,-5.528342128E-1,2.726910710E-1,1.514209867E0
1.312464346E2,-7.983099222E-1,3.158774674E-1,1.502986073E0
1.312665996E2,-1.027161956E0,3.298595846E-1,1.480596423E0
1.312867646E2,-1.206575632E0,1.859596670E-1,1.506343484E0
1.313069296E2,-1.199811935E0,-7.205884904E-2,1.471855998E0
1.313270946E2,-1.177249074E0,-2.615731955E-1,1.396173000E0
1.313472586E2,-1.314391971E0,-5.163411498E-1,1.358945370E0
1.313674236E2,-1.264784455E0,-5.756368637E-1,1.313426971E0
1.313875886E2,-1.084470153E0,-5.855082273E-1,1.184663057E0
1.314077536E2,-9.376292825E-1,-5.876218081E-1,1.027858853E0
1.314279186E2,-8.466660976E-1,-4.234376550E-1,9.201590419E-1
1.314480826E2,-6.216744781E-1,-1.616366953E-1,8.546097279E-1
1.314682476E2,-2.990213037E-1,-1.774334311E-1,7.099097967E-1
1.314884126E2,5.822974071E-2,-3.214598596E-1,5.509805679E-1
1.315085776E2,2.869855762E-1,-3.818019927E-1,4.015272558E-1
1.315287426E2,4.499672055E-1,-3.000701964E-1,3.299680948E-1
1.315489066E2,6.658224463E-1,3.358840197E-2,3.144246340E-1
1.315690716E2,8.665611148E-1,8.330416679E-2,2.643443048E-1
1.315892366E2,1.213011265E0,-8.759175241E-2,2.041891366E-1
1.316094016E2,1.329006791E0,-2.322962135E-1,1.307862997E-1
1.316295666E2,1.171804547E0,-1.946835369E-1,2.465282530E-1
1.316497316E2,1.020982504E0,6.317991763E-3,3.809325695E-1
1.316698956E2,1.047511220E0,1.724514216E-1,4.457265735E-1
1.316900606E2,1.176038146E0,1.918606907E-1,5.027719736E-1
1.317102256E2,1.318108082E0,3.765404224E-2,4.660713375E-1
1.317303906E2,1.400674343E0,-6.657495350E-2,3.918488622E-1
1.317505556E2,1.364523530E0,-1.033843011E-1,3.854467869E-1
1.317707196E2,1.226419568E0,-1.273780763E-1,4.146887660E-1
1.317908846E2,1.104624152E0,-7.001043856E-2,4.660083055E-1
1.318110496E2,1.033744931E0,1.287995130E-1,5.451718569E-1
1.318312146E2,8.772016168E-1,4.268971384E-1,6.000586748E-1
1.318513796E2,6.328896880E-1,6.192966104E-1,5.942471027E-1
1.318715436E2,3.317639530E-1,5.889681578E-1,6.093899012E-1
1.318917086E2,1.307219267E-2,4.183153510E-1,6.613353491E-1
1.319118736E2,-1.596104354E-1,2.601223886E-1,7.056443691E-1
1.319320386E2,-1.702180952E-1,2.395791113E-1,6.639051437E-1
1.319522036E2,-2.210260332E-1,2.596231103E-1,6.011647582E-1
1.319723686E2,-4.312074184E-1,2.793884277E-1,6.037353873E-1
1.319925326E2,-6.283851862E-1,3.598986864E-1,6.864881516E-1
1.320126976E2,-7.153775096E-1,3.457024097E-1,6.955298185E-1
1.320328626E2,-8.839256167E-1,3.133295774E-1,6.506479383E-1
1.320530276E2,-1.187386155E0,1.930576861E-1,6.685472727E-1
1.320731926E2,-1.392175794E0,5.408443883E-2,7.457802296E-1
1.320933566E2,-1.400674582E0,1.446422487E-1,7.543025613E-1
1.321135216E2,-1.096791744E0,2.506778836E-1,6.723163724E-1
1.321336866E2,-8.684760928E-1,2.576807439E-1,6.450026631E-1
1.321538516E2,-1.177858233E0,2.575277388E-1,8.318607807E-1
1.321740166E2,-1.622442842E0,1.895549893E-1,1.103618264E0
1.321941806E2,-1.406324029E0,1.425378621E-1,1.068629980E0
1.322143456E2,-4.668042660E-1,7.851266861E-2,7.552724481E-1
1.322345106E2,4.092778563E-1,-7.736954838E-2,3.334902227E-1
1.322546756E2,1.017117858E0,-2.599879503E-1,1.239326596E-1
1.322748406E2,1.447120070E0,-4.195865095E-1,9.233994782E-2
1.322950056E2,1.609707355E0,-6.296409965E-1,1.338881403E-1
1.323151696E2,1.642426610E0,-5.552495122E-1,2.490495443E-1
1.323353346E2,1.711012125E0,-3.201683760E-1,3.293634951E-1
1.323554996E2,1.866992116E0,-3.350515664E-2,4.166894853E-1
1.323756646E2,1.907862306E0,3.912501782E-2,4.663827419E-1
1.323958296E2,1.715811372E0,-1.690720022E-1,4.809857011E-1
1.324159936E2,1.439890385E0,-4.592894912E-1,5.028589368E-1
1.324361586E2,1.226351023E0,-5.166009068E-1,5.050501823E-1
1.324563236E2,1.327256560E0,-3.005748689E-1,3.756498396E-1
1.324764886E2,1.424364090E0,8.174778894E-3,1.636693329E-1
1.324966536E2,1.305983543E0,8.094858378E-2,2.407947369E-2
1.325168176E2,9.445216656E-1,-7.374543697E-2,1.789865457E-2
1.325369826E2,6.015360355E-1,-1.494234651E-1,1.207676604E-1
1.325571476E2,3.384138346E-1,8.321271092E-2,2.485932708E-1
1.325773126E2,-3.095003963E-2,2.762516737E-1,2.458962202E-1
1.325974776E2,-4.831852019E-1,2.329954207E-1,2.622650266E-1
1.326176426E2,-7.561709285E-1,9.717567265E-2,2.409678102E-1
1.326378066E2,-9.574604034E-1,-1.434744801E-2,1.447119862E-1
1.326579716E2,-1.109663606E0,1.215416268E-1,-5.900280550E-3
1.326781366E2,-1.184181213E0,5.827035308E-1,-1.644587331E-2
1.326983016E2,-1.366958499E0,8.939595222E-1,9.107621014E-2
1.327184666E2,-1.744421721E0,7.673346996E-1,2.245386243E-1
1.327386306E2,-1.907601237E0,5.753542185E-1,2.564113140E-1
1.327587956E2,-1.838330150E0,3.926264942E-1,2.244019806E-1
1.327789606E2,-1.898147702E0,2.906221449E-1,2.904324830E-1
1.327991256E2,-2.002252579E0,2.771572769E-1,4.326881766E-1
1.328192906E2,-1.839692473E0,2.418342084E-1,4.447765648E-1
1.328394552E2,-1.504688025E0,1.628497690E-1,3.893200457E-1
1.328596192E2,-1.407575607E0,6.911438704E-2,4.016715288E-1
1.328797842E2,-1.521259308E0,-2.996210707E-3,5.270214677E-1
1.328999492E2,-1.627075195E0,-1.402827352E-2,6.485896111E-1
1.329201142E2,-1.423101544E0,1.420975477E-2,5.866324902E-1
1.329402792E2,-1.036666751E0,-7.559040934E-2,3.656952083E-1
1.329604432E2,-6.841052175E-1,-2.114991695E-1,1.482970417E-1
1.329806082E2,-5.519499779E-1,-3.543598056E-1,1.274610013E-1
1.330007732E2,-4.088187516E-1,-3.236289918E-1,9.509695321E-2
1.330209382E2,-1.429656744E-1,-1.777415723E-1,-5.484650284E-2
1.330411032E2,1.839039773E-1,6.328906119E-2,-2.562515438E-1
1.330612682E2,2.928475142E-1,2.766606510E-1,-2.656248510E-1
1.330814322E2,3.105710447E-1,4.122036994E-1,-3.411121666E-2
1.331015972E2,6.494337916E-1,4.103878438E-1,1.237699240E-1
1.331217622E2,1.194006562E0,1.033207625E-1,-1.116603985E-2
1.331419272E2,1.549219012E0,-2.544468641E-1,-2.182505727E-1
1.331620922E2,1.699175239E0,-4.657262564E-1,-2.794565856E-1
1.331822562E2,1.753357768E0,-4.394294322E-1,-1.722966433E-1
1.332024212E2,1.853088975E0,-3.692975938E-1,-7.129526883E-2
1.332225862E2,1.871473789E0,-3.465213776E-1,-6.953693181E-2
1.332427512E2,1.837647676E0,-4.331561327E-1,-8.812838793E-2
1.332629162E2,1.863231659E0,-4.768301249E-1,-1.316993684E-1
1.332830812E2,1.887049675E0,-4.107470512E-1,-1.762377322E-1
1.333032452E2,1.905240059E0,-2.162300199E-1,-1.686628312E-1
1.333234102E2,1.875608921E0,-4.645415395E-2,-1.218142435E-1
1.333435752E2,1.739258885E0,-1.474548578E-1,-9.636418521E-2
1.333637402E2,1.445766687E0,-4.593775570E-1,-6.874097977E-3
1.333839052E2,1.104700685E0,-5.019474030E-1,6.069143116E-2
1.334040692E2,7.136041522E-1,-8.738703281E-2,2.218922526E-1
1.334242342E2,4.327569008E-1,3.134025037E-1,4.010216296E-1
1.334443992E2,1.866609603E-1,2.235705107E-1,2.741946876E-1
1.334645642E2,-1.004711986E0,2.887363434E-1,3.151564300E-1
1.334847292E2,-2.633730888E0,1.829203963E-1,8.892124295E-1
1.335048942E2,-3.391588926E0,1.862319559E-1,1.198685646E0
1.335250582E2,-2.973819017E0,3.689032793E-1,7.493198514E-1
1.335452232E2,-2.222816944E0,3.825320899E-1,2.219945565E-2
1.335653882E2,-1.755530119E0,8.516706824E-1,-5.643328428E-1
1.335855532E2,-1.511891961E0,1.494028687E0,-5.625767708E-1
1.336057182E2,-1.584550977E0,1.690242529E0,-1.565402150E-1
1.336258822E2,-2.029149532E0,1.112991095E0,1.951167881E-1
1.336460472E2,-2.212787628E0,3.396722078E-1,2.625122368E-1
1.336662122E2,-1.749985576E0,4.094917178E-1,2.732132375E-1
1.336863772E2,-1.121672750E0,4.683292508E-1,3.937190473E-1
1.337065422E2,-7.515371442E-1,2.920939028E-1,5.330153108E-1
1.337267072E2,-7.146192193E-1,-1.521993577E-1,6.374251842E-1
1.337468712E2,-6.919388771E-1,-3.841789365E-1,7.292960882E-1
1.337670362E2,-5.954359174E-1,-2.884664237E-1,6.686732769E-1
1.337872012E2,-3.349383771E-1,2.823685110E-2,3.624069691E-1
1.338073662E2,5.223063752E-2,5.279319733E-2,3.376666829E-2
1.338275312E2,2.679419816E-1,-3.187625408E-1,-2.150312066E-1
1.338476969E2,2.679307461E-1,-4.845761359E-1,-3.838264346E-1
1.338678609E2,2.512750030E-1,-4.624719322E-1,-5.386481285E-1
1.338880259E2,6.044484973E-1,-2.981976569E-1,-8.414955139E-1
1.339081909E2,1.287064433E0,-3.649310172E-1,-1.202257276E0
1.339283559E2,1.788221478E0,-5.652399063E-1,-1.383653879E0
1.339485209E2,1.870412946E0,-9.691014886E-1,-1.325596809E0
1.339686849E2,1.718592882E0,-1.044327021E0,-1.078391671E0
1.339888499E2,1.866707921E0,-4.996737838E-1,-7.977783084E-1
1.340090149E2,2.157915592E0,5.409089103E-2,-6.683809757E-1
1.340291799E2,2.350024223E0,2.013537735E-1,-6.911693811E-1
1.340493449E2,2.361357927E0,6.681837142E-2,-6.944220662E-1
1.340695099E2,2.156771183E0,-1.890971065E-1,-6.595838070E-1
1.340896739E2,1.712620378E0,-3.787346184E-1,-5.586489439E-1
1.341098389E2,1.122806430E0,-3.552573919E-1,-3.144570887E-1
1.341300039E2,8.896022439E-1,-7.154533267E-2,-1.754091121E-2
1.341501689E2,1.047183871E0,-1.910615526E-2,2.272829786E-2
1.341703339E2,1.101295710E0,-2.120813578E-1,-1.235223189E-1
1.341904979E2,1.014389873E0,-3.462113738E-1,-2.533583343E-1
1.342106629E2,8.977289796E-1,-3.032740355E-1,-2.767814696E-1
1.342308279E2,6.459051371E-1,-9.490404278E-2,-1.919093579E-1
1.342509929E2,2.760971189E-1,2.601961792E-2,-2.803121321E-2
1.342711579E2,-2.253594436E-2,8.506875485E-3,5.625658482E-2
1.342913229E2,-1.740658134E-1,-5.077609420E-2,6.182064116E-2
1.343114869E2,-2.658942640E-1,5.240542069E-2,-1.917540468E-2
1.343316519E2,-4.196972251E-1,2.691880167E-1,-6.906642020E-2
1.343518169E2,-7.165024877E-1,5.190724134E-1,4.581832513E-2
1.343719819E2,-1.042272449E0,6.300833225E-1,2.232624888E-1
1.343921469E2,-1.393533945E0,5.200487971E-1,3.819828928E-1
1.344123119E2,-1.662648439E0,4.442119002E-1,4.244067967E-1
1.344324759E2,-1.720247865E0,6.200066209E-1,5.225676298E-1
1.344526409E2,-1.407461405E0,1.004111528E0,5.958550572E-1
1.344728059E2,-1.119615555E0,9.759609103E-1,6.434539557E-1
1.344929709E2,-1.581203818E0,3.700565696E-1,7.059123516E-1
1.345131359E2,-2.329325914E0,-4.281059504E-1,1.135647178E0
1.345332999E2,-2.285041094E0,-5.129135251E-1,1.469488382E0
1.345534649E2,-2.085609913E0,5.051857233E-1,1.595198750E0
1.345736299E2,-2.036545753E0,1.048105955E0,1.611568093E0
1.345937949E2,-1.751419067E0,1.636566669E-1,1.318480492E0
1.346139599E2,-1.767050028E0,-9.685529470E-1,7.306715846E-1
1.346341249E2,-1.980404615E0,-8.132629991E-1,1.275665760E-1
1.346542889E2,-1.666253567E0,2.507003248E-1,-2.129132301E-1
1.346744539E2,-5.495545268E-1,1.455431223E0,-1.827135980E-1
1.346946189E2,6.134395003E-1,1.342954636E0,-2.889785171E-1
1.347147839E2,1.149920344E0,8.896452188E-2,-6.870689988E-1
1.347349489E2,1.432611942E0,-5.957491398E-1,-9.206451774E-1
1.347551129E2,1.684167624E0,-5.214824080E-1,-8.776060343E-1
1.347752779E2,1.980385423E0,-3.485354185E-1,-7.918207049E-1
1.347954429E2,2.352330685E0,-2.832404077E-1,-6.420390606E-1
1.348156079E2,2.688472748E0,-2.277165055E-1,-4.635185003E-1
1.348357723E2,2.695441008E0,-1.564937085E-1,-3.180291057E-1
1.348559373E2,2.397905350E0,-2.835730910E-1,-2.759114802E-1
1.348761013E2,2.164614439E0,-5.134779215E-1,-1.973558217E-1
1.348962663E2,2.042706490E0,-6.323764920E-1,-1.264539957E-1
1.349164313E2,2.031373978E0,-5.382116437E-1,-8.848228306E-2
1.349365963E2,2.142094612E0,-4.250534177E-1,-2.056738138E-1
1.349567613E2,2.087636471E0,-4.522455633E-1,-3.230812252E-1
1.349769263E2,1.803076744E0,-5.463145375E-1,-3.687629998E-1
1.349970903E2,1.474337459E0,-5.955942273E-1,-3.362370133E-1
1.350172553E2,1.326145530E0,-6.061553359E-1,-2.957969904E-1
1.350374203E2,1.139903307E0,-4.930084646E-1,-2.485332787E-1
1.350575853E2,8.583070040E-1,-3.358083665E-1,-2.674595118E-1
1.350777503E2,5.301038623E-1,-1.101810299E-2,-2.295965403E-1
1.350979143E2,2.077734321E-1,3.188626170E-1,-1.312240958E-1
1.351180793E2,-1.292540431E-1,6.137946248E-1,-1.050357595E-1
1.351382443E2,-8.358600736E-1,7.942794561E-1,-1.647228748E-1
1.351584093E2,-1.833284259E0,9.784386754E-1,-2.633020096E-2
1.351785743E2,-2.373158932E0,1.093342662E0,3.021936715E-1
1.351987393E2,-2.272878885E0,9.409592748E-1,3.807226121E-1
1.352189033E2,-2.668584347E0,6.915189624E-1,2.234992087E-1
1.352390683E2,-3.495777845E0,6.437512636E-1,3.812295496E-1
1.352592333E2,-3.996383667E0,1.042678952E0,8.389875293E-1
1.352793983E2,-3.759728432E0,1.421016574E0,8.865991831E-1
1.352995633E2,-3.188749790E0,1.347000122E0,6.524947286E-1
1.353197283E2,-2.968329430E0,8.506447077E-1,4.972233772E-1
1.353398923E2,-2.960542440E0,4.217289686E-1,4.890106022E-1
1.353600573E2,-2.548933744E0,3.366887569E-1,5.496436954E-1
1.353802223E2,-2.103200436E0,3.350979090E-1,5.670471787E-1
1.354003873E2,-1.428606272E0,3.002491295E-1,4.417698383E-1
1.354205523E2,-6.790686846E-1,1.380269676E-1,2.111135125E-1
1.354407163E2,-4.441219941E-2,-4.036127031E-2,1.717085242E-1
1.354608813E2,4.180933237E-1,-1.781878322E-1,2.535048723E-1
1.354810463E2,7.439368963E-1,-2.591767609E-1,3.896433711E-1
1.355012113E2,1.069009662E0,-6.637631059E-1,5.214263797E-1
1.355213763E2,1.353548288E0,-1.267518044E0,5.801092386E-1
1.355415413E2,1.942435741E0,-1.365568161E0,5.690170527E-1
1.355617053E2,2.896638393E0,-7.899818420E-1,4.383541048E-1
1.355818703E2,3.470410585E0,-7.521510720E-1,2.784726620E-1
1.356020353E2,3.164978504E0,-1.379760623E0,3.934072852E-1
1.356222003E2,2.233380318E0,-2.146579027E0,5.570093393E-1
1.356423653E2,1.336885691E0,-1.605147600E0,4.397792518E-1
1.356625293E2,9.879545569E-1,-3.156842887E-1,2.012501359E-1
1.356826943E2,1.688310266E0,-1.291777194E-1,-4.312053919E-1
1.357028593E2,2.215479851E0,-9.986200929E-1,-1.114308000E0
1.357230243E2,2.344407797E0,-1.339504480E0,-1.343044400E0
1.357431893E2,2.331516981E0,-1.003413320E0,-1.249644399E0
1.357633543E2,2.174181700E0,-3.254340589E-1,-9.588190913E-1
1.357835183E2,1.793384194E0,2.823825181E-1,-6.713042259E-1
1.358036833E2,1.387545943E0,5.536302328E-1,-3.868297935E-1
1.358238483E2,1.117595434E0,3.402835131E-1,-2.469769716E-1
1.358440136E2,8.510904908E-1,6.177810580E-2,-1.809079945E-1
1.358641786E2,4.107100368E-1,-3.884750418E-3,-1.985051669E-2
1.358843436E2,-7.299824059E-2,1.277894527E-1,5.722122267E-2
1.359045076E2,-3.939373195E-1,1.633641869E-1,3.838278726E-2
1.359246726E2,-5.156450868E-1,1.773317605E-1,3.448008373E-2
1.359448376E2,-5.400466919E-1,2.457903922E-1,2.238660306E-2
1.359650026E2,-7.013366222E-1,3.568044901E-1,3.435309604E-2
1.359851676E2,-9.478145838E-1,3.276099265E-1,9.903353453E-2
1.360053326E2,-1.049823761E0,4.315407276E-1,1.186794490E-1
1.360254966E2,-1.311274409E0,3.001795113E-1,2.222044021E-1
1.360456616E2,-1.924897194E0,9.156581759E-2,5.298052430E-1
1.360658266E2,-2.453373671E0,-5.614266172E-2,7.702184916E-1
1.360859916E2,-2.592180490E0,-1.426454484E-1,6.641948819E-1
1.361061566E2,-2.468559504E0,3.263180256E-1,3.268035948E-1
1.361263206E2,-2.152896881E0,8.303782940E-1,2.336968482E-1
1.361464856E2,-2.098875523E0,8.409239650E-1,3.239847124E-1
1.361666506E2,-2.534467697E0,-6.314413995E-2,4.078173041E-1
1.361868156E2,-2.416864872E0,-4.991709590E-1,2.823930681E-1
1.362069806E2,-1.817486048E0,3.053940833E-1,1.998165250E-1
1.362271456E2,-1.532892585E0,1.151748419E0,1.318641901E-1
1.362473096E2,-1.430810690E0,1.101043105E0,1.248330548E-1
1.362674746E2,-1.249264717E0,4.725589156E-1,2.490093708E-1
1.362876396E2,-9.451707006E-1,-1.443669200E-1,1.038014218E-1
1.363078046E2,-3.389585018E-1,-3.422517776E-1,-2.996243834E-1
1.363279696E2,6.363427639E-2,-4.914841056E-2,-4.115745127E-1
1.363481346E2,1.676123440E-1,2.090067118E-1,-2.128107995E-1
1.363682986E2,4.603676498E-1,1.584058851E-1,-7.239953429E-2
1.363884636E2,1.184443712E0,-1.769249141E-1,-2.509906590E-1
1.364086286E2,1.847782731E0,-6.528449655E-1,-6.741181016E-1
1.364287936E2,2.153971672E0,-9.106151462E-1,-8.883548379E-1
1.364489586E2,2.197529078E0,-8.461974859E-1,-8.017749786E-1
1.364691226E2,2.155472040E0,-8.330289721E-1,-6.348314881E-1
1.364892876E2,2.186447620E0,-8.722106814E-1,-5.898897052E-1
1.365094526E2,2.190941334E0,-6.948497295E-1,-6.295697093E-1
1.365296176E2,2.203566551E0,-3.943464756E-1,-6.673964262E-1
1.365497826E2,2.172336340E0,-1.517667323E-1,-6.439467669E-1
1.365699476E2,2.035696745E0,-1.271077525E-2,-5.055609345E-1
1.365901116E2,1.857646704E0,6.239226460E-2,-2.788091898E-1
1.366102766E2,1.624689937E0,8.647029847E-2,-8.864844590E-2
1.366304416E2,1.355518699E0,2.761524543E-2,4.394640774E-2
1.366506066E2,1.158891439E0,-1.987529397E-1,1.059388518E-1
1.366707716E2,1.029870033E0,-4.281742275E-1,1.190802380E-1
1.366909366E2,9.519275427E-1,-3.620317876E-1,7.385762036E-2
1.367111006E2,8.208819628E-1,-8.110933006E-2,4.893386364E-2
1.367312656E2,6.031517982E-1,1.653353572E-1,1.753463596E-1
1.367514306E2,5.152683854E-1,3.167754412E-1,2.194879353E-1
1.367715956E2,3.778825998E-1,5.777547359E-1,1.227193326E-1
1.367917606E2,-3.887539804E-1,9.155001044E-1,2.811188400E-1
1.368119246E2,-1.570988178E0,4.646070302E-1,7.111321688E-1
1.368320896E2,-2.229640484E0,-4.282580614E-1,9.941932559E-1
1.368522541E2,-2.490428925E0,-3.491890430E-1,8.241361976E-1
1.368724191E2,-2.721362829E0,4.912476838E-1,4.706569910E-1
1.368925841E2,-2.800275326E0,1.266469359E0,3.303174376E-1
1.369127491E2,-2.806470156E0,1.685861230E0,5.339348912E-1
1.369329131E2,-3.108272552E0,1.516644120E0,7.263092399E-1
1.369530781E2,-3.320804834E0,1.000047445E0,6.606526971E-1
1.369732431E2,-3.017716646E0,6.575933099E-1,4.526483417E-1
1.369934081E2,-2.498547554E0,6.077736020E-1,3.628119528E-1
1.370135731E2,-1.722144246E0,7.512416244E-1,5.588961840E-1
1.370337381E2,-1.067732930E0,6.849007010E-1,7.619646788E-1
1.370539021E2,-1.016749263E0,5.471637845E-1,8.355854750E-1
1.370740671E2,-1.287831783E0,3.184505701E-1,8.242377639E-1
1.370942321E2,-1.276433229E0,1.772074997E-1,7.558977604E-1
1.371143971E2,-9.448109269E-1,1.090371236E-1,6.128929257E-1
1.371345621E2,-5.121932626E-1,-1.766639799E-1,4.806397557E-1
1.371547261E2,-1.650777161E-1,-1.472944170E-1,3.452295661E-1
1.371748911E2,2.026523650E-2,-1.418631673E-1,1.804272979E-1
1.371950561E2,2.915230989E-1,-1.788856238E-1,-4.113864899E-2
1.372152211E2,8.552666306E-1,-3.345853388E-1,-3.997134268E-1
1.372353861E2,1.206163168E0,-5.397343636E-1,-8.176519871E-1
1.372555511E2,1.395606160E0,-4.903674126E-1,-1.049236298E0
1.372757151E2,1.764764547E0,-3.705819547E-1,-1.049687982E0
1.372958801E2,2.246949911E0,-5.517572165E-1,-1.143823624E0
1.373160451E2,2.175100088E0,-8.832097054E-1,-1.198795319E0
1.373362101E2,1.898324132E0,-6.832939982E-1,-9.805213809E-1
1.373563751E2,1.732298613E0,4.835376143E-1,-4.735362530E-1
1.373765401E2,1.840299010E0,1.192691922E0,-1.345184147E-1
1.373967041E2,2.254964352E0,1.027661204E0,-1.287323833E-1
1.374168691E2,2.457407475E0,7.145081460E-2,-4.783020616E-1
1.374370341E2,2.225092173E0,-7.112753391E-1,-6.831183434E-1
1.374571991E2,1.605280399E0,-7.091954350E-1,-5.103461742E-1
1.374773641E2,6.954078078E-1,6.505730003E-2,-5.212829635E-2
1.374975291E2,-7.299964316E-3,6.374889612E-1,3.364938498E-1
1.375176931E2,2.049451023E-1,5.121572614E-1,3.656853437E-1
1.375378581E2,1.033040643E0,-2.303162068E-1,8.805752546E-2
1.375580231E2,1.480016232E0,-8.165251613E-1,-2.194588333E-1
1.375781881E2,1.430880308E0,-1.087287664E0,-4.006774724E-1
1.375983531E2,1.178060770E0,-1.046922684E0,-4.166618288E-1
1.376185181E2,1.011014581E0,-6.788302660E-1,-3.265382648E-1
1.376386821E2,9.980162978E-1,-4.100199416E-2,-3.017630577E-1
1.376588471E2,8.286340237E-1,4.166009724E-1,-4.031606615E-1
1.376790121E2,5.405738354E-1,6.193651557E-1,-4.354301095E-1
1.376991771E2,2.184756249E-1,8.746942878E-1,-2.421667576E-1
1.377193421E2,-3.809210286E-2,1.073637724E0,1.498961896E-1
1.377395061E2,-1.822846383E-1,1.113180399E0,4.504817128E-1
1.377596711E2,-3.133007288E-1,8.803133965E-1,4.833906591E-1
1.377798361E2,-5.946489573E-1,5.053527951E-1,5.128685832E-1
1.378000011E2,-1.106115341E0,3.462415338E-1,9.201501608E-1
1.378201661E2,-1.584213972E0,1.197013557E-1,1.366496205E0
1.378403316E2,-2.115626335E0,-2.345220000E-1,1.524274707E0
1.378604956E2,-2.992531538E0,-2.512732446E-1,1.639456749E0
1.378806606E2,-3.767309189E0,1.619713157E-1,1.986503839E0
1.379008256E2,-3.582541227E0,6.564704776E-1,2.053054333E0
1.379209906E2,-2.927953243E0,6.541804075E-1,1.768822312E0
1.379411556E2,-2.491697788E0,5.760087371E-1,1.382171392E0
1.379613206E2,-2.485887766E0,-7.652331144E-2,1.059682488E0
1.379814846E2,-2.345835447E0,-4.802863300E-1,1.128592730E0
1.380016496E2,-1.496254921E0,-2.943608761E-1,1.255750299E0
1.380218146E2,-6.305518150E-1,1.041134819E-1,1.028310061E0
1.380419796E2,-4.058814645E-1,4.519031644E-1,6.198033094E-1
1.380621446E2,-3.836733103E-1,4.896433949E-1,4.679226279E-1
1.380823096E2,-2.066953480E-1,1.736635864E-1,5.479229689E-1
1.381024736E2,3.358238563E-2,-9.708923846E-2,5.182100534E-1
1.381226386E2,3.745929301E-1,-2.276319861E-1,3.529568911E-1
1.381428036E2,5.729025602E-1,-1.224629655E-1,2.146794498E-1
1.381629686E2,7.093186378E-1,-1.415217966E-1,2.741219997E-1
1.381831336E2,9.411429167E-1,-3.364124298E-1,3.320423663E-1
1.382032976E2,1.247281075E0,-7.997478843E-1,2.571026683E-1
1.382234626E2,1.239287376E0,-1.247771740E0,1.088187993E-1
1.382436276E2,9.604814649E-1,-1.128205180E0,-1.892913505E-2
1.382637926E2,1.007430553E0,-5.904041529E-1,1.766226813E-2
1.382839576E2,1.511523247E0,-3.162978590E-1,-4.040643200E-2
1.383041226E2,1.693074107E0,-6.446242332E-1,-1.535831541E-1
1.383242866E2,1.636110425E0,-1.065840960E0,-2.436470091E-1
1.383444516E2,1.085662246E0,-4.948998988E-1,6.503242999E-2
1.383646166E2,5.300078392E-1,3.071746230E-1,4.996802807E-1
1.383847816E2,8.519303799E-1,-3.902730346E-2,2.976986170E-1
1.384049466E2,1.355956197E0,-5.809389949E-1,-2.805316448E-1
1.384251116E2,1.226111889E0,-5.387144089E-1,-5.885583162E-1
1.384452756E2,8.980557919E-1,-1.013289616E-1,-6.040688157E-1
1.384654406E2,5.847969055E-1,2.751710713E-1,-5.376912951E-1
1.384856056E2,4.581496119E-1,3.596819639E-1,-4.895241559E-1
1.385057706E2,6.089730263E-1,3.509640694E-1,-4.709323943E-1
1.385259356E2,9.967517257E-1,4.292736650E-1,-4.437907338E-1
1.385461006E2,1.212163925E0,4.471354783E-1,-3.079341054E-1
1.385662646E2,1.092624784E0,2.930995524E-1,-5.637148023E-2
1.385864296E2,8.904823661E-1,1.004945561E-1,1.541649550E-1
1.386065946E2,7.642105222E-1,2.611438632E-1,2.514700592E-1
1.386267596E2,1.017570615E0,6.176276207E-1,2.411207855E-1
1.386469246E2,1.111384630E0,8.880558014E-1,2.830933034E-1
1.386670886E2,7.103355527E-1,1.030772209E0,4.999513924E-1
1.386872536E2,7.062340528E-2,1.140273333E0,8.859000206E-1
1.387074186E2,-4.359435439E-1,1.096018434E0,1.213501692E0
1.387275836E2,-6.999343038E-1,8.036001921E-1,1.282258391E0
1.387477486E2,-9.745752811E-1,4.680866003E-1,1.206299901E0
1.387679136E2,-1.233607292E0,2.967720032E-1,1.096840739E0
1.387880776E2,-1.674421549E0,2.031051368E-1,1.294642210E0
1.388082426E2,-2.457388163E0,3.061684966E-1,1.691599488E0
1.388284076E2,-2.956769466E0,5.111749172E-1,1.935709715E0
1.388485726E2,-2.786242723E0,4.676324129E-1,1.895138383E0
1.388687376E2,-2.574112415E0,6.716921926E-2,1.718538880E0
1.388889026E2,-2.624592543E0,-2.662219703E-1,1.637548566E0
1.389090666E2,-2.334678888E0,-1.684359163E-1,1.559814811E0
1.389292316E2,-1.558471084E0,4.079364240E-1,1.352648973E0
1.389493966E2,-1.142902255E0,6.233852506E-1,1.178815007E0
1.389695616E2,-1.041932344E0,3.359617591E-1,1.271574020E0
1.389897266E2,-9.565321803E-1,-1.958138198E-1,1.542681932E0
1.390098916E2,-9.353318214E-1,-6.247110367E-1,1.772393942E0
1.390300556E2,-6.671943665E-1,-6.961130500E-1,1.811490417E0
1.390502206E2,-3.471495807E-1,-3.535391092E-1,1.693037271E0
1.390703856E2,-1.922038198E-1,-6.461945176E-2,1.496721387E0
1.390905506E2,-8.608744480E-3,5.399135500E-2,1.356874347E0
1.391107156E2,1.261123419E-1,-5.810682476E-2,1.294185519E0
1.391308806E2,2.140924931E-1,-3.843742311E-1,1.195230246E0
1.391510446E2,2.867648304E-1,-5.309178233E-1,1.025741100E0
1.391712096E2,3.396981359E-1,-3.139800131E-1,9.754566550E-1
1.391913746E2,4.344744980E-1,-8.958159387E-2,1.045661092E0
1.392115396E2,5.852378607E-1,-1.735042483E-1,1.068854570E0
1.392317046E2,5.239858627E-1,-6.014009714E-1,9.234251380E-1
1.392518696E2,5.336104035E-1,-8.961639404E-1,6.952618957E-1
1.392720336E2,7.471486926E-1,-7.733048797E-1,6.314899921E-1
1.392921986E2,1.075758576E0,-5.903259516E-1,5.670080185E-1
1.393123636E2,1.047732830E0,-4.121178687E-1,4.725064635E-1
1.393325286E2,9.946202636E-1,-8.687388152E-2,3.783304393E-1
1.393526936E2,1.302652359E0,2.926978767E-1,3.701825142E-1
1.393728586E2,1.631940484E0,3.887258768E-1,3.131717443E-1
1.393930226E2,1.711189985E0,1.540901512E-1,2.383365780E-1
1.394131876E2,1.505101681E0,2.564799972E-2,2.072771043E-1
1.394333526E2,1.277794123E0,3.362123370E-1,2.361458838E-1
1.394535176E2,1.177780390E0,4.916495383E-1,3.431761563E-1
1.394736826E2,1.091698527E0,2.986611128E-1,4.593659341E-1
1.394938466E2,1.074444175E0,6.186508387E-2,4.723778069E-1
1.395140116E2,9.911106825E-1,2.255683020E-2,4.896391332E-1
1.395341766E2,9.410291910E-1,1.338484585E-1,5.106346011E-1
1.395543416E2,9.098574519E-1,2.399920225E-1,5.346594453E-1
1.395745066E2,8.721956611E-1,2.942546010E-1,4.944944382E-1
1.395946716E2,6.942036152E-1,3.650117815E-1,4.418446124E-1
1.396148366E2,4.091743529E-1,5.146849155E-1,4.658448994E-1
1.396350006E2,2.166361064E-1,5.640964508E-1,5.474978089E-1
1.396551656E2,9.715346247E-2,6.170179248E-1,6.063132286E-1
1.396753306E2,-1.173206791E-1,6.518328190E-1,6.170883775E-1
1.396954956E2,-4.934703708E-1,5.703721642E-1,6.797646880E-1
1.397156606E2,-8.616766334E-1,4.569653273E-1,7.887251973E-1
1.397358246E2,-1.179360986E0,4.889589846E-1,9.707733393E-1
1.397559896E2,-1.336289167E0,5.653067231E-1,1.082156539E0
1.397761546E2,-1.456625223E0,5.473096371E-1,1.161309719E0
1.397963196E2,-1.555599928E0,4.416600764E-1,1.241438866E0
1.398164846E2,-1.715448499E0,3.125795126E-1,1.334290504E0
1.398366496E2,-1.851699114E0,2.494757026E-1,1.348225117E0
1.398568145E2,-1.794724464E0,3.337549865E-1,1.362857461E0
1.398769785E2,-1.368199825E0,5.059406161E-1,1.350266576E0
1.398971435E2,-6.826245785E-1,5.661959052E-1,1.306954980E0
1.399173085E2,-4.283861816E-1,4.367901683E-1,1.274252534E0
1.399374735E2,-7.486264706E-1,5.481915474E-1,1.591021657E0
1.399576385E2,-7.433694601E-1,6.417642832E-1,1.928393006E0
1.399778025E2,-2.688097022E-2,3.389809430E-1,1.919868112E0
1.399979675E2,9.008826017E-1,-1.140861958E-1,1.642491102E0
1.400181325E2,1.345796704E0,-3.069834113E-1,1.531685948E0
1.400382975E2,1.388488770E0,-3.285841942E-1,1.648182988E0
1.400584625E2,1.273195863E0,-2.990526855E-1,1.824586272E0
1.400786275E2,1.222616553E0,-1.373435557E-1,1.928292036E0
1.400987915E2,1.147337556E0,1.084327921E-1,1.948112965E0
1.401189565E2,1.036182523E0,4.502727985E-1,1.917245507E0
1.401391215E2,9.848232269E-1,6.977371573E-1,1.903022885E0
1.401592865E2,7.492937446E-1,8.188850284E-1,1.937830210E0
1.401794515E2,2.954340577E-1,7.583482265E-1,2.056671619E0
1.401996165E2,-3.746826351E-1,4.003207386E-1,2.185039997E0
1.402197805E2,-8.958070874E-1,1.350631844E-2,2.192733288E0
1.402399455E2,-1.028216124E0,5.631752312E-2,1.963464379E0
1.402601105E2,-1.012702823E0,3.149504364E-1,1.705621243E0
1.402802755E2,-1.166475654E0,4.709215462E-1,1.559068561E0
1.403004405E2,-1.373952031E0,2.979757190E-1,1.520072341E0
1.403206055E2,-1.635916829E0,-3.825872019E-2,1.466002584E0
1.403407695E2,-1.908354640E0,-2.154443860E-1,1.340880394E0
1.403609345E2,-1.870387554E0,-4.961303174E-1,1.308591723E0
1.403810995E2,-1.382232547E0,-3.515755236E-1,1.304401517E0
1.404012645E2,-1.011413693E0,-1.475080103E-1,1.226069927E0
1.404214295E2,-8.463962674E-1,-2.674545348E-1,1.006210208E0
1.404415945E2,-8.258735538E-1,-5.569389462E-1,7.616367340E-1
1.404617585E2,-7.099673152E-1,-3.241542280E-1,6.917231083E-1
1.404819235E2,-4.811852276E-1,2.579073608E-1,6.415964365E-1
1.405020885E2,1.293571740E-1,7.903932333E-1,4.470084608E-1
1.405222535E2,9.694676995E-1,6.526919603E-1,6.050600857E-2
1.405424185E2,1.593129516E0,3.819461539E-2,-2.690089941E-1
1.405625835E2,2.066034079E0,-3.261047900E-1,-3.296899498E-1
1.405827475E2,2.159014225E0,-1.838318855E-1,-2.234514356E-1
1.406029125E2,1.986138582E0,7.049752772E-2,-1.171782836E-1
1.406230775E2,1.929235220E0,1.486282796E-1,5.398244783E-2
1.406432425E2,1.827728629E0,-5.071958154E-2,2.076881677E-1
1.406634075E2,1.594507813E0,-4.099150896E-1,2.415193021E-1
1.406835725E2,1.426483393E0,-5.398424268E-1,2.247283161E-1
1.407037365E2,1.320493698E0,-3.748764694E-1,1.823261380E-1
1.407239015E2,1.231621385E0,-2.177404165E-1,1.969756782E-1
1.407440665E2,1.203969598E0,-2.953912020E-1,2.074454278E-1
1.407642315E2,1.176368713E0,-3.327475190E-1,1.040051281E-1
1.407843965E2,1.117104888E0,-1.277781427E-1,2.228640579E-2
1.408045615E2,9.458409548E-1,1.460131705E-1,9.127103537E-2
1.408247255E2,6.280652881E-1,2.646580935E-1,2.198000103E-1
1.408448899E2,2.477777302E-1,1.472283304E-1,3.025446534E-1
1.408650549E2,-5.590169132E-2,6.641681772E-3,3.135426342E-1
1.408852199E2,-2.321237624E-1,5.544537306E-2,2.801859975E-1
1.409053849E2,-4.328141212E-1,1.968609691E-1,2.846188545E-1
1.409255499E2,-7.401180267E-1,1.974358708E-1,3.572607636E-1
1.409457139E2,-8.983194828E-1,1.186599210E-1,4.146508574E-1
1.409658789E2,-9.963552952E-1,1.162693128E-1,3.796278536E-1
1.409860439E2,-1.043152094E0,3.850155473E-1,3.479406536E-1
1.410062089E2,-1.118502975E0,6.706124544E-1,4.425772429E-1
1.410263739E2,-1.259034038E0,6.955031753E-1,5.675699711E-1
1.410465389E2,-1.337388277E0,5.766513944E-1,5.702155828E-1
1.410667029E2,-1.530887604E0,5.881297588E-1,5.127179027E-1
1.410868679E2,-1.951488495E0,8.436106443E-1,6.634966135E-1
1.411070329E2,-2.361344337E0,1.046244740E0,9.525218606E-1
1.411271979E2,-2.312964439E0,7.454938293E-1,9.268034697E-1
1.411473629E2,-1.905920386E0,2.532467842E-1,6.351476312E-1
1.411675279E2,-1.557321072E0,-1.529123485E-1,3.933648467E-1
1.411876919E2,-1.560332298E0,-3.907517493E-1,3.209992349E-1
1.412078569E2,-1.427272916E0,-9.464582056E-2,3.868716359E-1
1.412280219E2,-1.135268211E0,2.543823421E-1,3.978988230E-1
1.412481869E2,-7.809705734E-1,4.299954474E-1,3.414027989E-1
1.412683519E2,-5.651661158E-1,3.129572272E-1,3.255444765E-1
1.412885169E2,-6.465493441E-1,8.887159824E-2,4.377964437E-1
1.413086809E2,-6.547818780E-1,-1.226789579E-1,5.710132122E-1
1.413288459E2,-5.405768752E-1,-1.859983653E-1,6.148107052E-1
1.413490109E2,-4.338859618E-1,-2.848038971E-1,6.046678424E-1
1.413691759E2,-2.674370706E-1,-3.756063581E-1,5.979865789E-1
1.413893409E2,-1.083731279E-1,-4.365665317E-1,5.476779938E-1
1.414095059E2,-1.211137995E-1,-4.887954593E-1,4.970746934E-1
1.414296699E2,-1.383582503E-1,-3.712876439E-1,4.445551634E-1
1.414498349E2,-1.360022277E-1,-1.638237089E-1,4.231202900E-1
1.414699999E2,-2.057560235E-1,-5.403228849E-2,4.089571536E-1
1.414901649E2,-1.945741773E-1,-5.383581668E-2,2.725535333E-1
1.415103299E2,-4.511527717E-2,-5.904798582E-2,8.924515545E-2
1.415304949E2,9.038830549E-2,-8.143687993E-2,-2.790502086E-2
1.415506589E2,1.067610756E-1,-9.776064008E-2,-8.769667149E-2
1.415708239E2,9.758935869E-2,-5.568255112E-2,-1.114109233E-1
1.415909889E2,1.755656451E-1,5.071878433E-3,-1.889416724E-1
1.416111539E2,3.241985440E-1,1.541732531E-2,-3.377390504E-1
1.416313189E2,4.237674773E-1,-5.757533479E-3,-4.558597207E-1
1.416514839E2,3.796608150E-1,7.062602043E-2,-4.943926632E-1
1.416716479E2,4.423585832E-1,1.230161861E-1,-4.731329083E-1
1.416918129E2,5.759257078E-1,1.149212196E-1,-5.101907253E-1
1.417119779E2,7.550497651E-1,1.872927099E-1,-5.286111832E-1
1.417321429E2,1.029760838E0,1.164452359E-1,-5.023574829E-1
1.417523079E2,1.191609025E0,-1.592484862E-1,-5.028182268E-1
1.417724719E2,1.097108603E0,-3.770362735E-1,-3.918362260E-1
1.417926369E2,1.002316833E0,-2.645177841E-1,-2.467793971E-1
1.418128019E2,1.028201342E0,8.735007048E-2,-2.122794837E-1
1.418329669E2,1.100887060E0,4.098933339E-1,-3.152984381E-1
1.418531330E2,8.771617413E-1,6.158207655E-1,-2.490496188E-1
1.418732980E2,9.429332614E-1,5.815507770E-1,-2.033315301E-1
1.418934620E2,1.479250550E0,1.724794805E-1,-4.279061258E-1
1.419136270E2,1.733724117E0,6.634692103E-2,-7.695735097E-1
1.419337920E2,1.549463987E0,1.335034370E-1,-8.941773176E-1
1.419539570E2,1.168938994E0,6.111953408E-2,-6.420545578E-1
1.419741220E2,7.719871998E-1,-2.697570324E-1,-2.894975543E-1
1.419942870E2,4.120618999E-1,-6.347336173E-1,-8.520766348E-2
1.420144510E2,2.073623985E-1,-8.202269673E-1,-8.414445817E-2
1.420346160E2,2.358327955E-1,-5.347577333E-1,-1.452291906E-1
1.420547810E2,5.066572428E-1,-2.014681697E-1,-1.490853429E-1
1.420749460E2,5.974175930E-1,-5.280120671E-2,-6.056806445E-2
1.420951110E2,5.128164291E-1,-1.146846116E-1,6.068168581E-2
1.421152760E2,3.638660908E-1,-2.481412739E-1,1.907383054E-1
1.421354400E2,1.910855174E-1,-1.146322191E-1,2.984852791E-1
1.421556050E2,-1.526097674E-2,2.303406745E-1,3.831702471E-1
1.421757700E2,-1.061090231E-1,5.307922363E-1,5.436518788E-1
1.421959350E2,-7.269327343E-2,5.309155583E-1,7.473461628E-1
1.422161000E2,-5.020099133E-2,1.565479189E-1,7.970685363E-1
1.422362650E2,-2.295829356E-1,-3.651675582E-1,7.131592631E-1
1.422564290E2,-6.457837820E-1,-3.643824756E-1,7.555112243E-1
1.422765940E2,-8.539275527E-1,2.936643660E-1,9.915350676E-1
1.422967590E2,-5.797933936E-1,5.723230839E-1,1.116069555E0
1.423169240E2,-5.770785213E-1,4.938359559E-1,1.122877598E0
1.423370890E2,-1.066190362E0,3.413704932E-1,1.158842683E0
1.423572540E2,-1.407301664E0,-4.596357234E-3,1.181407571E0
1.423774190E2,-1.873998284E0,1.021835804E-1,1.316316247E0
1.423975830E2,-2.424839258E0,4.940350354E-1,1.649455309E0
1.424177480E2,-1.944227815E0,3.314509392E-1,1.478328347E0
1.424379130E2,-1.199776411E0,-1.398541182E-1,8.633533120E-1
1.424580780E2,-9.458217025E-1,3.055062592E-1,1.935516447E-1
1.424782430E2,-1.147179127E0,8.226419091E-1,9.786344320E-2
1.424984070E2,-1.119967937E0,7.958021760E-1,5.230125785E-1
1.425185720E2,-5.337893963E-1,-2.433756888E-1,6.259775758E-1
1.425387370E2,-5.954474211E-2,4.333805740E-1,7.514614463E-1
1.425589020E2,7.612507790E-2,3.034140766E-1,5.993638635E-1
1.425790670E2,-9.661924094E-2,3.497524261E-1,2.365434319E-1
1.425992320E2,-1.008875296E-1,1.802180707E-1,-2.209428139E-2
1.426193960E2,5.332901701E-2,-1.693215817E-1,-2.405036092E-1
1.426395610E2,3.214562535E-1,-3.909766674E-1,-4.831772745E-1
1.426597260E2,4.973164499E-1,-2.223067284E-1,-7.893725038E-1
1.426798910E2,5.652058125E-1,1.567614824E-1,-9.724822640E-1
1.427000560E2,7.092025876E-1,7.554134727E-2,-1.008974552E0
1.427202210E2,1.036234975E0,-8.855025470E-2,-9.422901869E-1
1.427403850E2,1.179579735E0,-1.237420887E-1,-8.926454186E-1
1.427605500E2,1.400458336E0,-7.887674868E-2,-8.391612768E-1
1.427807150E2,1.628290534E0,-6.329675019E-2,-8.660944104E-1
1.428008800E2,1.553460002E0,-1.749335229E-1,-8.901349902E-1
1.428210450E2,1.325312853E0,-2.206566185E-1,-8.052221537E-1
1.428412093E2,1.251333237E0,-6.797969341E-2,-7.375485301E-1
1.428613732E2,1.497611284E0,2.431418151E-1,-7.024618387E-1
1.428815383E2,1.908600330E0,1.820673198E-1,-6.797490120E-1
1.429017033E2,2.078316927E0,1.837547310E-2,-6.038721204E-1
1.429218683E2,1.788460851E0,1.629298180E-1,-4.747775197E-1
1.429420333E2,1.264037013E0,2.739813328E-1,-3.775053322E-1
1.429621982E2,9.020569324E-1,2.488437593E-1,-2.552600503E-1
1.429823623E2,8.282808661E-1,7.886394858E-2,-1.396229565E-1
1.430025273E2,9.176355004E-1,-9.878620505E-2,-1.650915742E-1
1.430226923E2,1.015573263E0,-2.650158107E-1,-2.153935134E-1
1.430428572E2,9.177255630E-1,-2.176159173E-1,-1.119211391E-1
1.430630223E2,6.051388383E-1,-2.857276425E-2,9.786336124E-2
1.430831873E2,2.007698119E-1,9.257036261E-3,3.276596367E-1
1.431033512E2,-9.076161683E-2,-9.126038104E-2,4.429535866E-1
1.431235162E2,-9.690185636E-2,-1.814174354E-1,3.802889287E-1
1.431436813E2,2.262261957E-1,-1.421783566E-1,2.105247825E-1
1.431638463E2,5.066860914E-1,1.118496507E-1,1.521429718E-1
1.431840113E2,4.093569815E-1,4.436329603E-1,3.163688183E-1
1.432041763E2,6.659284979E-2,4.546407759E-1,5.937737226E-1
1.432243412E2,-3.043717146E-1,3.539257348E-1,7.401354313E-1
1.432445053E2,-4.227315485E-1,3.944863081E-1,6.481022239E-1
1.432646703E2,-2.855589092E-1,3.641726673E-1,5.363326669E-1
1.432848353E2,-4.396230280E-1,4.170728326E-1,5.584039092E-1
1.433050002E2,-1.073418260E0,5.193109512E-1,7.012681961E-1
1.433251653E2,-1.670552135E0,3.318191469E-1,8.525092006E-1
1.433453293E2,-2.078154802E0,-4.222852178E-3,9.490538836E-1
1.433654942E2,-2.520513535E0,-3.136108816E-1,9.011057615E-1
1.433856592E2,-2.646216393E0,1.946248412E-1,1.003092408E0
1.434058243E2,-3.001669407E0,7.441213131E-1,9.554907084E-1
1.434259893E2,-3.046625853E0,6.987488866E-1,6.502144337E-1
1.434461543E2,-2.538245916E0,3.902970254E-1,3.542850316E-1
1.434663182E2,-2.083698511E0,-9.990927763E-3,2.515881360E-1
1.434864833E2,-1.759408116E0,-2.220407575E-1,2.777498364E-1
1.435066483E2,-1.414023280E0,-1.311594546E-1,1.915604025E-1
1.435268133E2,-9.216983914E-1,3.012640774E-1,7.402382046E-2
1.435469783E2,-5.736433268E-1,3.695925176E-1,-1.327341702E-2
1.435671432E2,-1.023111679E-2,3.085255027E-1,-3.611590713E-2
1.435873073E2,4.902318120E-1,9.188244492E-2,-1.902331561E-1
1.436074723E2,7.983406186E-1,-1.436196864E-1,-3.498791456E-1
1.436276372E2,9.180296063E-1,-2.828007042E-1,-4.070134163E-1
1.436478022E2,9.748103619E-1,-3.109712899E-1,-5.460837483E-1
1.436679673E2,1.252327561E0,-2.022676915E-1,-8.031094074E-1
1.436881323E2,1.759542942E0,-1.756308824E-1,-1.038538814E0
1.437082962E2,2.058172941E0,-3.996162415E-1,-1.017909169E0
1.437284612E2,1.943316460E0,-9.090009332E-1,-8.971013427E-1
1.437486263E2,1.764128685E0,-1.235576868E0,-7.319570780E-1
1.437687913E2,1.689738154E0,-9.363993406E-1,-6.466097832E-1
1.437889563E2,1.883171201E0,-3.354060352E-1,-6.099618673E-1
1.438091213E2,2.165494680E0,9.400371462E-2,-5.576933622E-1
1.438292853E2,2.245578766E0,2.876289785E-1,-4.304017723E-1
1.438494511E2,1.876624346E0,5.116526484E-1,-1.814422607E-1
1.438696161E2,1.220953107E0,4.228030741E-1,1.074600592E-1
1.438897811E2,6.577814817E-1,1.164658926E-2,3.742864430E-1
1.439099461E2,4.545094967E-1,-3.768468201E-1,4.439931810E-1
1.439301111E2,6.971643567E-1,-3.707339764E-1,2.759056389E-1
1.439502751E2,1.035411954E0,6.453325972E-3,1.279355288E-1
1.439704401E2,1.121779799E0,4.178229570E-1,1.498174816E-1
1.439906051E2,8.780886531E-1,4.561293423E-1,2.761308849E-1
1.440107701E2,3.504034877E-1,1.632350832E-1,3.907598853E-1
1.440309351E2,-1.540646851E-1,-6.306143850E-2,4.044806957E-1
1.440511001E2,-4.245787263E-1,5.476266891E-2,3.369727433E-1
1.440712651E2,-5.573329926E-1,2.696495354E-1,3.370309174E-1
1.440914291E2,-6.914036870E-1,3.437945247E-1,3.095047772E-1
1.441115941E2,-9.536264539E-1,4.746064544E-1,3.453946412E-1
1.441317591E2,-1.160102725E0,4.452517331E-1,3.720482886E-1
1.441519241E2,-1.140705705E0,2.128576040E-1,3.598628938E-1
1.441720891E2,-1.221658945E0,1.585537493E-1,2.977118790E-1
1.441922541E2,-1.608619213E0,4.248153865E-1,5.893957615E-1
1.442124181E2,-2.132749796E0,6.538701057E-1,9.303884506E-1
1.442325831E2,-2.740991354E0,8.049200177E-1,1.030206323E0
1.442527481E2,-3.082848310E0,6.562914252E-1,1.067723155E0
1.442729131E2,-2.948904753E0,4.666301310E-1,1.033186078E0
1.442930781E2,-2.584932804E0,2.523563504E-1,5.817781687E-1
1.443132431E2,-2.111372232E0,1.788264662E-1,1.738862842E-1
1.443334071E2,-1.818417788E0,1.207286865E-2,-3.467931971E-2
1.443535721E2,-1.819718361E0,-7.450192571E-1,-3.630283773E-1
1.443737371E2,-8.531317711E-1,-5.658746958E-1,-3.542223871E-1
1.443939021E2,-2.502248585E-1,-1.490930319E-1,-4.407689869E-1
1.444140671E2,-2.452609390E-1,3.294975683E-2,-5.421201587E-1
1.444342321E2,-3.031525314E-1,2.227662802E-1,-6.089089513E-1
1.444543971E2,7.639713120E-3,2.698139548E-1,-6.967841983E-1
1.444745611E2,4.805705249E-1,1.410254240E-1,-7.971934676E-1
1.444947261E2,9.109956026E-1,-6.100292876E-2,-8.842629194E-1
1.445148911E2,1.104024291E0,-1.301296353E-1,-8.612396717E-1
1.445350561E2,1.156959891E0,-2.921099365E-1,-8.026935458E-1
1.445552211E2,1.489494681E0,-4.839997888E-1,-9.096441269E-1
1.445753861E2,1.985966563E0,-5.752452016E-1,-9.784971476E-1
1.445955511E2,2.204977274E0,-5.767414570E-1,-8.476985693E-1
1.446157151E2,2.178622961E0,-6.781613231E-1,-6.247920394E-1
1.446358801E2,2.230298281E0,-8.756146431E-1,-6.136156321E-1
1.446560451E2,2.452150583E0,-1.053997755E0,-6.710184813E-1
1.446762101E2,2.455869675E0,-1.108668923E0,-5.796074271E-1
1.446963751E2,2.149516582E0,-8.485266566E-1,-4.602600634E-1
1.447165401E2,1.773412228E0,-5.195451975E-1,-3.058187664E-1
1.447367051E2,1.495687008E0,-4.027720988E-1,-2.128207684E-1
1.447568691E2,1.239189506E0,-2.053204775E-1,-1.839035153E-1
1.447770341E2,9.999867082E-1,1.053758562E-1,-1.418273151E-1
1.447971991E2,7.489753366E-1,2.492647320E-1,-1.725012250E-2
1.448173641E2,4.161757827E-1,3.418226242E-1,2.039562911E-1
1.448375291E2,6.813579053E-2,1.360199302E-1,4.041828811E-1
1.448576938E2,-1.789394468E-1,-2.398443669E-1,4.310456812E-1
1.448778588E2,-4.842812121E-1,-4.539242089E-1,3.488150239E-1
1.448980238E2,-7.134672403E-1,-3.876892030E-1,3.129562736E-1
1.449181878E2,-7.861304879E-1,6.539619714E-2,3.523218036E-1
1.449383528E2,-8.885117173E-1,4.882463217E-1,4.998291433E-1
1.449585178E2,-1.152140737E0,4.972832203E-1,6.255884767E-1
1.449786828E2,-1.316836238E0,4.052186608E-1,6.369957328E-1
1.449988478E2,-1.110175014E0,4.654554427E-1,6.002111435E-1
1.450190128E2,-9.134860635E-1,7.718763947E-1,6.984536648E-1
1.450391778E2,-9.429601431E-1,1.020497918E0,8.533447981E-1
1.450593418E2,-1.029022694E0,1.155359268E0,1.028047323E0
1.450795068E2,-9.874896407E-1,1.176969647E0,1.128679752E0
1.450996718E2,-7.324604392E-1,1.072720647E0,1.089326501E0
1.451198368E2,-7.183897495E-1,9.618932605E-1,1.084033608E0
1.451400018E2,-1.114111662E0,9.386331439E-1,1.263295054E0
1.451601668E2,-1.497334838E0,8.775935769E-1,1.498861313E0
1.451803318E2,-1.613404989E0,7.604603171E-1,1.480473757E0
1.452004968E2,-1.567557812E0,4.508088529E-1,1.236102462E0
1.452206608E2,-1.610505462E0,3.091852665E-1,9.408429265E-1
1.452408258E2,-2.062242985E0,3.988178372E-1,7.159157395E-1
1.452609908E2,-2.011502743E0,4.123216569E-1,6.244487762E-1
1.452811558E2,-1.624391913E0,-1.553193927E-1,4.892187715E-1
1.453013208E2,-9.405881166E-1,-7.823124528E-1,3.514950871E-1
1.453214858E2,-4.632649422E-1,-6.557843089E-1,2.752670646E-1
1.453416508E2,-3.782571554E-1,-1.976235509E-1,3.377955854E-1
1.453618158E2,-2.162936628E-1,2.735799551E-1,4.557923675E-1
1.453819798E2,2.042277157E-1,3.197183609E-1,3.900150061E-1
1.454021448E2,5.601026416E-1,-1.456153812E-3,1.435427070E-1
1.454223098E2,7.973176241E-1,-3.336335719E-1,-8.944873512E-2
1.454424748E2,9.795209169E-1,-4.694874585E-1,-1.559361815E-1
1.454626398E2,1.190340042E0,-3.937269151E-1,-1.633888185E-1
1.454828048E2,1.285613418E0,-2.864202857E-1,-1.952786595E-1
1.455029698E2,1.214998960E0,-2.319224030E-1,-3.118194342E-1
1.455231348E2,1.359220862E0,-2.034119368E-1,-3.769443631E-1
1.455432988E2,1.810436606E0,-8.978614211E-2,-3.410166502E-1
1.455634638E2,2.104649782E0,-1.775144190E-1,-2.070668191E-1
1.455836288E2,1.937369823E0,-2.946555614E-1,-3.078250680E-3
1.456037938E2,1.691131830E0,-1.934671402E-1,1.725019217E-1
1.456239588E2,1.704667687E0,1.619758308E-1,2.132422775E-1
1.456441238E2,1.945824623E0,1.778588444E-1,1.995665878E-1
1.456642888E2,2.021082878E0,8.559137583E-2,3.056459129E-1
1.456844538E2,1.491376758E0,8.638313413E-2,3.893458843E-1
1.457046178E2,6.013051867E-1,4.867917299E-2,4.093374908E-1
1.457247828E2,1.178349406E-1,-2.629533410E-2,4.478628039E-1
1.457449478E2,1.004836485E-1,-3.195934370E-2,5.042230487E-1
1.457651128E2,6.895169616E-2,-1.312329024E-1,4.870329499E-1
1.457852778E2,-2.824939415E-2,-8.859181404E-2,4.586216509E-1
1.458054428E2,-2.423667163E-1,2.760740817E-1,4.870118499E-1
1.458256078E2,-7.356271148E-1,2.488115728E-1,4.959471524E-1
1.458457727E2,-1.037920475E0,1.137836352E-1,4.850685000E-1
1.458659367E2,-9.044142962E-1,2.060034424E-1,4.121718109E-1
1.458861017E2,-5.456457138E-1,3.904105723E-1,2.814286351E-1
1.459062667E2,-3.545376360E-1,5.897909403E-1,2.779228985E-1
1.459264317E2,-4.519651830E-1,6.242911220E-1,4.048275352E-1
1.459465967E2,-6.702828407E-1,5.037908554E-1,7.281683087E-1
1.459667617E2,-6.570140719E-1,4.653765261E-1,1.021448374E0
1.459869267E2,-4.523979723E-1,5.534900427E-1,1.154997587E0
1.460070907E2,-2.254233360E-1,6.011169553E-1,1.228676796E0
1.460272557E2,-1.555747241E-1,4.683568776E-1,1.351732254E0
1.460474207E2,-1.777563095E-1,9.016763419E-3,1.462907314E0
1.460675857E2,-5.745366216E-1,-4.301525280E-2,1.597612023E0
1.460877507E2,-1.195276737E0,1.162868813E-1,1.731821060E0
1.461079157E2,-1.434724808E0,2.899826765E-1,1.826967955E0
1.461280807E2,-1.357885122E0,2.959319651E-1,1.839122891E0
1.461482447E2,-1.217424870E0,-4.909263924E-3,1.623350978E0
1.461684097E2,-7.482882142E-1,-4.409362674E-1,1.065987349E0
1.461885747E2,-5.185742974E-1,-1.542123556E-1,6.383318305E-1
1.462087397E2,-1.454086006E-1,2.505546510E-1,6.894364357E-1
1.462289047E2,3.485912681E-1,2.082594782E-1,1.027322531E0
1.462490697E2,7.517293096E-1,-1.038387194E-1,1.275165796E0
1.462692347E2,8.624339104E-1,-3.006015420E-1,1.421034932E0
1.462893987E2,6.818274260E-1,-4.020229578E-1,1.518316269E0
1.463095637E2,4.866428375E-1,-4.453529119E-1,1.522165060E0
1.463297287E2,3.981615305E-1,-2.331219167E-1,1.437360406E0
1.463498937E2,4.634153545E-1,1.220376417E-1,1.328540564E0
1.463700587E2,6.522545815E-1,4.389446378E-1,1.250828743E0
1.463902237E2,7.414466143E-1,6.668570042E-1,1.204859138E0
1.464103887E2,6.095572710E-1,5.306810141E-1,1.113920689E0
1.464305527E2,4.448702335E-1,2.961225808E-1,1.128873348E0
1.464507177E2,1.176992729E-1,-4.907890037E-2,1.072272658E0
1.464708827E2,-1.439365465E-2,-3.590306640E-1,8.481369019E-1
1.464910477E2,2.342218161E-2,-3.114737272E-1,6.799656749E-1
1.465112127E2,1.316131502E-1,-4.121152163E-1,5.007568002E-1
1.465313777E2,3.389808908E-2,-1.564891189E-1,3.072590232E-1
1.465515427E2,-7.867461443E-1,6.545643806E-1,3.638311625E-1
1.465717067E2,-1.112394452E0,1.322293639E0,5.115677714E-1
1.465918717E2,-2.416709065E-1,8.995727301E-1,4.514695108E-1
1.466120367E2,7.138695121E-1,-2.294571698E-1,1.638386995E-1
1.466322017E2,7.208516598E-1,-4.475467205E-1,-1.229318790E-2
1.466523667E2,3.875937462E-1,-2.628506906E-2,8.745086193E-2
1.466725317E2,1.806968302E-1,2.419662476E-1,2.966469824E-1
1.466926967E2,1.162828952E-1,1.341650635E-1,4.036692977E-1
1.467128607E2,2.728461325E-1,-8.514785022E-2,3.942211866E-1
1.467330257E2,6.460989714E-1,-1.314956099E-1,3.849723935E-1
1.467531907E2,9.735214114E-1,1.016764864E-1,4.390428662E-1
1.467733557E2,1.132454872E0,3.348213136E-1,5.183401108E-1
1.467935207E2,1.059020758E0,2.977574766E-1,6.936040521E-1
1.468136857E2,7.940180302E-1,1.243114993E-1,9.214246869E-1
1.468338507E2,5.926218629E-1,7.512055337E-2,1.033612609E0
1.468540142E2,6.305957437E-1,2.861795425E-1,1.042423487E0
1.468741792E2,8.180668354E-1,5.062446594E-1,1.098630667E0
1.468943442E2,7.400910258E-1,7.242457867E-1,1.208527565E0
1.469145092E2,3.222018480E-1,7.885722518E-1,1.355637550E0
1.469346742E2,-1.735888720E-1,7.066946626E-1,1.441088796E0
1.469548392E2,-5.480813384E-1,6.059496999E-1,1.464128852E0
1.469750042E2,-6.788867712E-1,4.770636857E-1,1.417943358E0
1.469951682E2,-8.055467606E-1,5.292488933E-1,1.414355874E0
1.470153332E2,-9.916464686E-1,6.665169597E-1,1.429319501E0
1.470354982E2,-1.162212014E0,8.415344357E-1,1.409313321E0
1.470556632E2,-1.113794565E0,6.232455969E-1,1.285610914E0
1.470758282E2,-1.090840459E0,3.104653955E-1,1.148174644E0
1.470959932E2,-1.737629056E0,6.877656579E-1,1.208489299E0
1.471161582E2,-2.243573904E0,8.951351643E-1,1.299304605E0
1.471363222E2,-1.828452826E0,6.518857479E-1,1.216203809E0
1.471564872E2,-8.497608900E-1,6.397268176E-2,8.524613380E-1
1.471766522E2,-3.210121393E-1,-4.967401549E-2,6.237699389E-1
1.471968172E2,-1.930909902E-1,1.443030387E-1,8.167362213E-1
1.472169822E2,-3.047737852E-2,2.073061466E-1,1.244954944E0
1.472371472E2,1.198898330E-1,-3.880852461E-2,1.524032116E0
1.472573122E2,1.093694121E-1,-2.779375017E-1,1.613701701E0
1.472774762E2,2.698853910E-1,-2.723470628E-1,1.813573003E0
1.472976412E2,4.639781117E-1,-1.342069060E-1,2.079029083E0
1.473178062E2,4.987322390E-1,-6.892618537E-2,2.192375898E0
1.473379712E2,3.119821548E-1,-3.805461898E-2,2.193928480E0
1.473581362E2,2.669708431E-2,7.963124663E-2,2.153666735E0
1.473783012E2,-1.277175993E-1,2.747812867E-1,2.161522865E0
1.473984652E2,-6.851376593E-2,2.711871266E-1,2.169574022E0
1.474186302E2,6.885044277E-2,7.823929936E-2,2.099472761E0
1.474387952E2,3.161957487E-2,-6.135910749E-2,2.001512051E0
1.474589602E2,-1.494574398E-1,1.336034480E-2,1.923678875E0
1.474791252E2,-3.509091437E-1,2.204290926E-1,1.875756383E0
1.474992902E2,-2.514925301E-1,4.112535715E-1,1.811842442E0
1.475194552E2,-8.737450838E-2,1.519646198E-1,1.617267609E0
1.475396192E2,-1.272134390E-2,-1.397519410E-1,1.337732196E0
1.475597842E2,1.543559879E-2,-1.273714155E-1,1.080528736E0
1.475799492E2,-4.841849674E-3,6.913362443E-2,9.646105170E-1
1.476001142E2,9.645736963E-2,1.028653532E-1,8.871709704E-1
1.476202792E2,4.433318079E-1,2.777422965E-2,7.111325264E-1
1.476404442E2,4.417180121E-1,-3.347975314E-1,4.373847544E-1
1.476606092E2,5.370515585E-1,-4.196384549E-1,3.373321891E-1
1.476807732E2,5.691720247E-1,-1.999569386E-1,2.890169919E-1
1.477009382E2,4.291708171E-1,-2.380657569E-2,2.589251995E-1
1.477211032E2,5.391772985E-1,4.613283649E-2,1.909399480E-1
1.477412682E2,7.943288088E-1,-9.079939127E-2,8.626230806E-2
1.477614332E2,8.629366755E-1,-2.477030456E-1,1.725397259E-2
1.477815982E2,7.659574747E-1,-1.422152370E-1,-4.493987188E-3
1.478017632E2,6.952373981E-1,7.866720855E-2,1.043159142E-2
1.478219272E2,7.049466372E-1,1.206409857E-1,7.794050127E-2
1.478420922E2,7.802922726E-1,-7.928490639E-2,1.021579579E-1
1.478622576E2,7.587707043E-1,-2.242512852E-1,6.497341394E-2
1.478824226E2,7.095682621E-1,-2.419978678E-1,5.041452125E-2
1.479025876E2,6.784213781E-1,-1.484904587E-1,4.726733640E-2
1.479227526E2,5.916894674E-1,7.197321206E-2,6.102541834E-2
1.479429166E2,4.164594710E-1,2.916022241E-1,1.797151715E-1
1.479630816E2,1.360861510E-1,4.602424800E-1,3.788560629E-1
1.479832466E2,-1.842676997E-1,4.040108323E-1,5.181638598E-1
1.480034116E2,-4.414928854E-1,3.952526748E-1,5.594248176E-1
1.480235766E2,-5.417723656E-1,5.382836461E-1,5.529463887E-1
1.480437416E2,-6.352378130E-1,6.389902234E-1,6.469929814E-1
1.480639066E2,-8.168865442E-1,6.409267187E-1,7.349098325E-1
1.480840706E2,-9.827474356E-1,6.676206589E-1,7.719368339E-1
1.481042356E2,-1.022305131E0,7.688235044E-1,8.035288453E-1
1.481244006E2,-1.059446931E0,9.107359648E-1,8.586817980E-1
1.481445656E2,-1.103704691E0,9.371873140E-1,9.574540854E-1
1.481647306E2,-1.125907660E0,6.850302815E-1,1.063255191E0
1.481848956E2,-1.167780876E0,3.818794191E-1,1.185064435E0
1.482050606E2,-1.696973801E0,4.219664037E-1,1.311370850E0
1.482252246E2,-2.099894285E0,7.785564065E-1,1.607779980E0
1.482453896E2,-1.890423298E0,9.687340856E-1,1.795938015E0
1.482655546E2,-1.359991789E0,1.863835007E-1,1.650471926E0
1.482857196E2,-8.422675133E-1,-7.365348935E-1,1.239393115E0
1.483058846E2,-6.940358281E-1,-8.816211820E-1,9.744328260E-1
1.483260496E2,-5.265624523E-1,-2.732948065E-1,9.900259376E-1
1.483462146E2,-2.470413297E-1,4.518433511E-1,1.126361609E0
1.483663786E2,-2.021438926E-1,6.189066768E-1,1.208813071E0
1.483865436E2,-5.869126320E-1,5.790826678E-2,1.201148510E0
1.484067086E2,-6.668163538E-1,-3.703895509E-1,1.256825447E0
1.484268736E2,-4.571408033E-1,-4.140972197E-1,1.151392341E0
1.484470386E2,-3.376475871E-1,-3.030200303E-1,8.998029232E-1
1.484672036E2,-2.663974464E-1,-7.032211125E-2,6.621534824E-1
1.484873676E2,-1.863670796E-1,1.311473399E-1,5.866385102E-1
1.485075326E2,-1.449025571E-1,1.781594455E-1,5.765817761E-1
1.485276976E2,-1.869409531E-1,6.443443894E-2,4.975604117E-1
1.485478626E2,-1.464395672E-1,3.685461357E-2,3.269427121E-1
1.485680276E2,-3.034256957E-2,1.355618238E-1,1.813026518E-1
1.485881926E2,7.368355244E-2,1.682773829E-1,7.776578516E-2
1.486083576E2,2.557670474E-1,9.334094822E-2,-5.296916515E-2
1.486285216E2,4.519622326E-1,-2.209107131E-1,-3.258620501E-1
1.486486866E2,6.029179096E-1,-4.997496903E-1,-6.484258175E-1
1.486688516E2,8.325937390E-1,-3.634021282E-1,-8.667905331E-1
1.486890166E2,1.014250398E0,-8.934081346E-2,-9.785907865E-1
1.487091816E2,1.208942175E0,-2.905336581E-2,-1.001083255E0
1.487293466E2,1.250769138E0,-1.682217121E-1,-9.669891000E-1
1.487495116E2,1.056609392E0,-5.878726840E-1,-9.603641033E-1
1.487696756E2,8.876916766E-1,-7.934522033E-1,-8.801372051E-1
1.487898406E2,1.222223639E0,-5.240349174E-1,-8.212141395E-1
1.488100056E2,1.913004398E0,-2.099688500E-1,-8.381072283E-1
1.488301706E2,2.134511948E0,-2.801583409E-1,-8.744929433E-1
1.488503358E2,1.849599719E0,-6.289967299E-1,-7.284269333E-1
1.488705007E2,1.460707903E0,-8.084681630E-1,-5.206402540E-1
1.488906658E2,1.181353092E0,-4.634945095E-1,-4.154826403E-1
1.489108298E2,1.167979956E0,1.135549918E-1,-3.420266211E-1
1.489309948E2,1.092105389E0,4.804390073E-1,-9.785109758E-2
1.489511597E2,8.070988059E-1,5.040192604E-1,1.242947429E-1
1.489713248E2,5.575432777E-1,1.539047807E-1,2.196081132E-1
1.489914898E2,3.098955750E-1,-1.400587410E-1,3.065447509E-1
1.490116548E2,1.191551164E-1,-1.772913635E-1,3.675408363E-1
1.490318187E2,1.696087718E-1,-1.457027793E-1,3.422518969E-1
1.490519838E2,2.944220006E-1,-5.787255615E-2,2.839162350E-1
1.490721488E2,2.063478380E-1,-2.976621501E-2,2.346316278E-1
1.490923138E2,-1.572010517E-1,-7.549952716E-2,2.140963823E-1
1.491124788E2,-4.947155416E-1,-2.147183055E-3,1.886352450E-1
1.491326437E2,-5.973064303E-1,3.010046780E-1,1.691855043E-1
1.491528088E2,-5.108271837E-1,5.908300877E-1,1.472724825E-1
1.491729728E2,-3.624520600E-1,7.034384608E-1,1.522753537E-1
1.491931378E2,-2.986005843E-1,5.964464545E-1,2.339068800E-1
1.492133027E2,-4.871088564E-1,4.595995247E-1,4.265325069E-1
1.492334678E2,-6.761958599E-1,4.428707659E-1,5.683152080E-1
1.492536328E2,-5.920627713E-1,6.940909624E-1,6.229224205E-1
1.492737978E2,-5.276989937E-1,9.329198003E-1,7.220232487E-1
1.492939628E2,-5.794628263E-1,5.309763551E-1,8.249383569E-1
1.493141268E2,-8.548691273E-1,1.351597011E-1,1.035611868E0
1.493342918E2,-1.178770542E0,4.151946902E-1,1.516283989E0
1.493544568E2,-1.827864647E0,7.214714289E-1,2.014792442E0
1.493746218E2,-2.689695597E0,3.886199594E-1,2.151641846E0
1.493947867E2,-2.827105284E0,-2.881687880E-1,1.985132933E0
1.494149518E2,-2.090456724E0,-5.977199674E-1,1.441637516E0
1.494351168E2,-1.858016372E0,-3.363910615E-1,5.575568080E-1
1.494552808E2,-1.964758039E0,1.324711442E-1,4.837264866E-2
1.494754457E2,-1.579182625E0,5.356650352E-1,1.504489570E-3
1.494956108E2,-8.224858642E-1,5.779595971E-1,-1.243912801E-2
1.495157758E2,-2.060095072E-1,1.897458583E-1,-1.903216094E-1
1.495359408E2,8.474486321E-2,-2.783384174E-2,-4.129499495E-1
1.495561058E2,2.947837710E-1,1.028374657E-1,-5.446398258E-1
1.495762707E2,5.006675720E-1,4.309892654E-1,-6.218093038E-1
1.495964348E2,5.236582160E-1,5.409833193E-1,-6.816934347E-1
1.496165998E2,5.366028547E-1,3.789811134E-1,-7.364180684E-1
1.496367648E2,5.679939389E-1,8.724974841E-2,-7.981801629E-1
1.496569297E2,7.505239248E-1,-1.862883270E-1,-8.788155317E-1
1.496770948E2,1.106748104E0,-1.077743396E-1,-9.455101490E-1
1.496972598E2,1.237527728E0,-5.359848589E-2,-1.018185258E0
1.497174238E2,1.237863421E0,-2.710663080E-1,-1.056426167E0
1.497375887E2,1.370938897E0,-5.018706322E-1,-1.068055034E0
1.497577538E2,1.485083103E0,-5.462397933E-1,-1.019720793E0
1.497779188E2,1.527998805E0,-4.160346985E-1,-9.237836599E-1
1.497980838E2,1.635006070E0,-3.285606205E-1,-8.386837244E-1
1.498182488E2,1.917914152E0,-5.419068933E-1,-8.351843953E-1
1.498384137E2,1.906767011E0,-8.263339996E-1,-7.403983474E-1
1.498585778E2,1.467460752E0,-7.585455179E-1,-5.992509127E-1
1.498787428E2,1.137202621E0,-1.663990468E-1,-3.200518787E-1
1.498989078E2,1.134979367E0,4.228323102E-1,-1.454406418E-2
1.499190728E2,1.235559106E0,6.237018108E-1,8.209122717E-2
1.499392378E2,1.165385485E0,3.518329859E-1,-9.337635711E-3
1.499594028E2,7.495853901E-1,9.518667310E-2,-3.373607621E-2
1.499795678E2,-5.373759940E-2,6.918725371E-2,2.363848686E-2
1.499997318E2,-8.266417980E-1,2.392541990E-2,2.079166025E-1
1.500198968E2,-1.040913939E0,-1.288626045E-1,4.190374613E-1
1.500400618E2,-7.873222828E-1,-2.618193924E-1,4.125549495E-1
1.500602268E2,-4.925943315E-1,-2.499127686E-1,2.242422402E-1
1.500803918E2,-4.045497477E-1,-1.207813099E-1,2.175674215E-2
1.501005568E2,-5.734724998E-1,-3.903798386E-2,-5.336672068E-2
1.501207218E2,-8.122577667E-1,9.838755429E-2,1.195032708E-2
1.501408858E2,-8.431037068E-1,4.139626622E-1,1.002133638E-1
1.501610508E2,-6.266371012E-1,7.080361247E-1,2.057519853E-1
1.501812158E2,-7.829058766E-1,8.591443300E-1,2.985851169E-1
1.502013808E2,-1.005973816E0,9.653336406E-1,3.928173184E-1
1.502215458E2,-6.117188334E-1,1.121394515E0,7.015098333E-1
1.502417108E2,2.325768210E-2,1.390191913E0,9.493181705E-1
1.502618748E2,2.707792222E-1,1.344282627E0,9.517139196E-1
1.502820398E2,3.440746367E-1,9.419377446E-1,9.805455804E-1
1.503022048E2,3.925749063E-1,3.208068907E-1,1.005337000E0
1.503223698E2,1.944663078E-1,-2.084093988E-1,1.030449748E0
1.503425348E2,-3.746248782E-1,-2.879106402E-1,1.039445162E0
1.503626998E2,-9.204844832E-1,1.781555861E-1,9.863771200E-1
1.503828648E2,-1.217833519E0,5.709325671E-1,1.007192969E0
1.504030288E2,-1.180504441E0,-1.028639544E-2,9.526823163E-1
1.504231938E2,-1.248999596E0,-1.148485303E0,7.299312949E-1
1.504433588E2,-1.696752787E0,-1.674552679E0,1.356805861E-1
1.504635238E2,-2.040814638E0,-9.350559711E-1,-2.916279733E-1
1.504836888E2,-1.287414908E0,3.169162273E-1,-4.030951262E-1
1.505038538E2,2.043559998E-1,7.440852523E-1,-5.872376561E-1
1.505240188E2,1.567026377E0,2.072937042E-1,-1.032100797E0
1.505441828E2,2.185300589E0,-4.759062827E-1,-1.315190554E0
1.505643478E2,2.031263590E0,-5.652104020E-1,-1.347862005E0
1.505845128E2,1.633871794E0,-2.299476117E-1,-1.129218221E0
1.506046778E2,1.294449329E0,7.683258504E-2,-8.227217197E-1
1.506248428E2,1.082598805E0,1.907284930E-2,-7.268760204E-1
1.506450078E2,1.077870369E0,-1.896052510E-1,-7.479293942E-1
1.506651728E2,1.152883053E0,-4.143163860E-1,-6.682545543E-1
1.506853368E2,1.108597040E0,-4.988577068E-1,-4.398860931E-1
1.507055018E2,9.426654577E-1,-4.499967694E-1,-2.475919425E-1
1.507256668E2,8.171554804E-1,-5.556433201E-1,-2.494308054E-1
1.507458318E2,8.777017593E-1,-5.677670240E-1,-4.043356180E-1
1.507659968E2,1.056688547E0,-4.239724278E-1,-5.111719370E-1
1.507861618E2,1.130244970E0,-2.566437721E-1,-4.051518440E-1
1.508063268E2,1.001859188E0,-6.069501117E-2,-1.786043495E-1
1.508264908E2,8.265165687E-1,-4.740198329E-2,-1.800182611E-1
1.508466558E2,4.785620868E-1,-1.388470083E-1,-1.720420867E-1
1.508668201E2,-8.250008523E-2,7.531063259E-2,-7.843448967E-2
1.508869851E2,-7.124255300E-1,3.880174160E-1,5.907330289E-2
1.509071501E2,-1.325585485E0,8.399616480E-1,3.151702881E-1
1.509273151E2,-1.594987273E0,7.377058864E-1,4.945719838E-1
1.509474791E2,-1.617640257E0,-4.418395087E-2,3.933217824E-1
1.509676441E2,-1.928049207E0,-3.996041715E-1,2.800594866E-1
1.509878091E2,-2.315226555E0,6.453525275E-2,3.445461392E-1
1.510079741E2,-2.327193499E0,7.222380638E-1,4.939202666E-1
1.510281391E2,-1.909829140E0,1.268754721E0,5.408238769E-1
1.510483041E2,-1.769072056E0,1.204414248E0,5.746301413E-1
1.510684691E2,-2.087809086E0,6.399353743E-1,5.893237591E-1
1.510886331E2,-2.411187649E0,1.678609997E-1,7.088133693E-1
1.511087981E2,-2.140929461E0,1.198882461E-1,8.557322621E-1
1.511289631E2,-1.554153204E0,2.452575713E-1,7.998966575E-1
1.511491281E2,-1.101906061E0,1.447552741E-1,6.035211682E-1
1.511692931E2,-6.841949821E-1,8.778947592E-2,5.879594088E-1
1.511894581E2,-2.467176467E-1,9.739013761E-2,6.001271009E-1
1.512096231E2,1.642127782E-1,3.344634473E-1,5.281187296E-1
1.512297871E2,3.021024466E-1,2.310301214E-1,3.710499406E-1
1.512499521E2,4.698742032E-1,6.999339163E-2,2.989360988E-1
1.512701171E2,8.200374842E-1,1.834309846E-2,2.793424129E-1
1.512902821E2,1.113149643E0,-3.904720396E-2,2.947824597E-1
1.513104471E2,1.225746632E0,-1.497157067E-1,3.496133983E-1
1.513306121E2,1.332103610E0,-3.759621680E-1,3.215730190E-1
1.513507771E2,1.447323918E0,-6.590660810E-1,2.173567265E-1
1.513709411E2,1.486005306E0,-8.468456268E-1,2.350331098E-1
1.513911061E2,1.438861489E0,-8.118939400E-1,3.816114068E-1
1.514112711E2,1.093079686E0,-8.064991236E-1,7.630907297E-1
1.514314361E2,4.413412213E-1,-9.946091175E-1,1.047157407E0
1.514516011E2,9.848126769E-2,-1.380816817E0,7.587916851E-1
1.514717661E2,-2.688563243E-2,-1.596004367E0,-1.176688522E-1
1.514919311E2,-3.476086631E-2,-1.224484086E0,-9.507524967E-1
1.515120951E2,1.718918234E-1,-5.218833685E-1,-1.388137937E0
1.515322601E2,7.351439595E-1,3.396788146E-3,-1.477196097E0
1.515524251E2,1.396930337E0,2.370561212E-1,-1.398565769E0
1.515725901E2,1.750428319E0,3.490400016E-1,-1.276204944E0
1.515927551E2,1.658688188E0,3.870156407E-1,-1.133329749E0
1.516129201E2,1.188837647E0,4.039038122E-1,-9.701245427E-1
1.516330841E2,6.695706844E-1,2.870025635E-1,-8.666272759E-1
1.516532491E2,4.483789504E-1,2.766695917E-1,-8.088998795E-1
1.516734141E2,5.748763680E-1,4.965969324E-1,-7.398313284E-1
1.516935791E2,7.674251199E-1,6.344675422E-1,-6.712257266E-1
1.517137441E2,6.547582746E-1,5.545195937E-1,-6.211475730E-1
1.517339091E2,2.021788657E-1,1.319265366E-1,-5.866541862E-1
1.517540741E2,-3.888137937E-1,-2.687833905E-1,-4.605838060E-1
1.517742381E2,-7.066188455E-1,-2.906326056E-1,-4.024558365E-1
1.517944031E2,-8.256755471E-1,4.780634493E-2,-3.275142610E-1
1.518145681E2,-1.050070643E0,3.551748991E-1,-1.723019779E-1
1.518347331E2,-1.180595994E0,-2.099645883E-2,-5.945041403E-2
1.518548981E2,-9.399635196E-1,-5.709762573E-1,1.067451164E-1
1.518750631E2,-8.473201990E-1,-6.504622698E-1,1.696907729E-1
1.518952281E2,-8.920341730E-1,-1.956063956E-1,1.106086746E-1
1.519153921E2,-9.664735794E-1,3.123690486E-1,3.885455430E-2
1.519355571E2,-1.213882089E0,3.364839852E-1,7.746053487E-2
1.519557221E2,-1.845524549E0,4.676980078E-1,4.012905359E-1
1.519758871E2,-2.124670982E0,7.669804692E-1,6.448378563E-1
1.519960521E2,-1.205626607E0,7.078673244E-1,5.545048714E-1
1.520162171E2,-2.486584708E-2,2.129708827E-1,1.093009412E-1
1.520363821E2,5.010295510E-1,-3.436361551E-1,-2.525397539E-1
1.520565461E2,6.865595579E-1,-7.333260179E-1,-3.669401407E-1
1.520767111E2,8.387973309E-1,-8.532716036E-1,-2.474381626E-1
1.520968761E2,9.749538302E-1,-7.106220722E-1,-4.982301220E-2
1.521170411E2,1.173263788E0,-4.403662086E-1,1.253301501E-1
1.521372061E2,1.471988082E0,-1.213857606E-1,1.863215715E-1
1.521573711E2,1.859099865E0,5.282688513E-2,1.263506562E-1
1.521775351E2,2.109458685E0,1.633354872E-1,4.484128207E-2
1.521977001E2,2.134874105E0,1.254762858E-1,3.128290549E-2
1.522178651E2,2.001410246E0,-9.984960780E-3,1.204446703E-1
1.522380301E2,1.929374933E0,-1.289155185E-1,2.194615901E-1
1.522581951E2,1.958190084E0,-2.914863825E-2,3.128958642E-1
1.522783601E2,1.872700691E0,2.494487017E-1,3.274420202E-1
1.522985251E2,1.708445072E0,3.912793696E-1,2.960106134E-1
1.523186891E2,1.692537665E0,3.629180193E-1,1.979096979E-1
1.523388541E2,1.534299254E0,5.080104992E-2,7.625062019E-2
1.523590191E2,1.098764062E0,1.475984603E-1,2.661713166E-3
1.523791841E2,4.401345253E-1,3.336293697E-1,1.135791689E-1
1.523993491E2,-6.784822345E-1,4.133153260E-1,3.457505405E-1
1.524195141E2,-2.345601797E0,6.094030738E-1,8.131910563E-1
1.524396791E2,-3.889933586E0,6.996411085E-1,1.090222716E0
1.524598431E2,-4.514873981E0,7.599348426E-1,7.323625088E-1
1.524800081E2,-3.849700689E0,1.230810165E0,2.712990642E-1
1.525001731E2,-2.992344618E0,1.496448636E0,-3.372622132E-1
1.525203381E2,-2.369771719E0,1.372947216E0,-4.970112443E-1
1.525405031E2,-2.147839308E0,7.773743868E-1,-2.501827665E-2
1.525606681E2,-2.569832087E0,3.530693054E-1,5.530679822E-1
1.525808331E2,-2.821369886E0,3.414288759E-1,8.950685859E-1
1.526009971E2,-2.230385542E0,6.790750027E-1,9.381529689E-1
1.526211621E2,-1.364150882E0,7.515250444E-1,8.184145689E-1
1.526413271E2,-9.562610388E-1,3.844808340E-1,7.197530270E-1
1.526614921E2,-9.915700555E-1,-2.170075625E-1,6.458310485E-1
1.526816571E2,-7.477936149E-1,-5.320048928E-1,6.017762423E-1
1.527018221E2,-3.682064712E-1,-6.605077982E-1,4.105153680E-1
1.527219871E2,4.511854798E-2,-4.827251434E-1,1.269268841E-1
1.527421511E2,5.743779540E-1,-2.944197953E-1,-1.044237912E-1
1.527623161E2,9.670631886E-1,-3.778247237E-1,-2.300383598E-1
1.527824811E2,1.206821799E0,-7.578330040E-1,-3.503822684E-1
1.528026461E2,1.194705725E0,-1.396429181E0,-4.925379753E-1
1.528228111E2,1.043017745E0,-1.727622151E0,-4.530313015E-1
1.528429761E2,1.191507220E0,-1.213159561E0,-2.216050625E-1
1.528631420E2,1.313688993E0,2.666120417E-3,-1.866101660E-2
1.528833060E2,1.369648695E0,5.433024168E-1,1.818331075E-3
1.529034710E2,1.759253979E0,1.653423756E-1,-1.610413343E-1
1.529236360E2,2.254812717E0,-6.911684275E-1,-4.486118853E-1
1.529438010E2,2.493572950E0,-1.105854511E0,-7.258610129E-1
1.529639660E2,2.373133421E0,-8.947317600E-1,-8.057861924E-1
1.529841310E2,2.107771397E0,-1.667466760E-1,-7.818697095E-1
1.530042950E2,1.484748960E0,1.039020997E-2,-7.251827717E-1
1.530244600E2,9.944767356E-1,-1.335116774E-1,-6.971250772E-1
1.530446250E2,7.523020506E-1,-3.090433180E-1,-6.797633171E-1
1.530647900E2,5.318693519E-1,-4.441280663E-1,-6.438566446E-1
1.530849550E2,3.968388736E-1,-3.080830574E-1,-5.773229599E-1
1.531051200E2,4.410873353E-1,3.861802816E-2,-5.369725227E-1
1.531252850E2,5.825995207E-1,2.480696738E-1,-5.464202166E-1
1.531454490E2,5.828311443E-1,3.440264165E-1,-5.089147091E-1
1.531656140E2,4.054982960E-1,2.990220785E-1,-3.977760375E-1
1.531857790E2,1.350531280E-1,2.908330262E-1,-2.416125834E-1
1.532059440E2,-2.056168467E-1,3.924288154E-1,-8.908422291E-2
1.532261090E2,-5.138812065E-1,4.946245253E-1,3.929497302E-2
1.532462740E2,-6.708706021E-1,5.076203346E-1,2.407923490E-1
1.532664390E2,-6.696904898E-1,3.837189674E-1,5.549687147E-1
1.532866030E2,-7.806332111E-1,2.588825822E-1,9.154914021E-1
1.533067680E2,-1.064189315E0,2.952009737E-1,1.146364093E0
1.533269330E2,-9.566475749E-1,3.780770302E-1,1.132365465E0
1.533470980E2,-1.051167130E0,1.121713147E-1,1.092161894E0
1.533672630E2,-1.231938004E0,-1.000862196E-1,1.105871677E0
1.533874280E2,-1.258712411E0,1.853012443E-1,1.312884331E0
1.534075930E2,-1.584537387E0,1.125872970E0,1.704194665E0
1.534277570E2,-2.748166323E0,1.510975003E0,2.171278715E0
1.534479220E2,-3.186335802E0,9.045893550E-1,2.356095314E0
1.534680870E2,-2.326500416E0,6.628537774E-1,2.107835293E0
1.534882520E2,-1.564414144E0,3.040938377E-1,1.328461409E0
1.535084170E2,-1.281655312E0,3.174655885E-2,7.832754254E-1
1.535285820E2,-9.635033011E-1,-1.290345639E-1,7.792018652E-1
1.535487470E2,-5.314806700E-1,-3.808410168E-1,7.405966520E-1
1.535689110E2,-1.258286983E-1,-5.385085344E-1,5.153867602E-1
1.535890760E2,-5.206710845E-2,-3.886955380E-1,3.003126979E-1
1.536092410E2,-2.291374356E-1,-2.095784843E-1,1.686009616E-1
1.536294060E2,-3.405073285E-1,9.505746514E-2,8.413512260E-2
1.536495710E2,-3.216869235E-1,2.707667947E-1,-1.221093312E-1
1.536697360E2,-2.965591848E-1,1.792012751E-1,-4.319261014E-1
1.536899000E2,-1.587296873E-1,9.629200399E-2,-6.795822978E-1
1.537100650E2,1.169043630E-1,-1.318239123E-1,-8.216532469E-1
1.537302300E2,4.096975029E-1,-3.587755561E-1,-9.228807092E-1
1.537503950E2,5.916573405E-1,-6.136724353E-1,-1.025437951E0
1.537705600E2,5.722169280E-1,-6.327294111E-1,-1.049630880E0
1.537907250E2,2.827587724E-1,-3.596622050E-1,-9.515048862E-1
1.538108900E2,2.509075403E-1,-1.569083333E-1,-8.474810123E-1
1.538310540E2,8.169488907E-1,-4.404695332E-1,-8.546719551E-1
1.538512185E2,1.154442787E0,-9.123861790E-1,-9.065554142E-1
1.538713835E2,8.934954405E-1,-7.242928147E-1,-9.159386754E-1
1.538915485E2,9.332455397E-1,-4.459311664E-1,-1.010792375E0
1.539117135E2,1.517559052E0,-2.924506366E-1,-1.193512201E0
1.539318785E2,2.058762312E0,-3.762076199E-1,-1.412508726E0
1.539520435E2,2.055571795E0,-7.162125707E-1,-1.576192856E0
1.539722075E2,1.797608137E0,-8.363413811E-1,-1.634144187E0
1.539923725E2,1.580175996E0,-6.566134691E-1,-1.544023752E0
1.540125375E2,1.299067259E0,-4.342711270E-1,-1.423762441E0
1.540327025E2,1.015578985E0,-1.886859387E-1,-1.329776883E0
1.540528675E2,8.705804348E-1,5.091584753E-3,-1.251017094E0
1.540730325E2,8.798403144E-1,2.308344990E-1,-1.154593945E0
1.540931975E2,7.653533220E-1,3.885561526E-1,-1.079193592E0
1.541133615E2,4.901274145E-1,2.286499739E-1,-9.567264318E-1
1.541335265E2,2.587227821E-1,4.741038010E-2,-8.021763563E-1
1.541536915E2,1.806743741E-1,7.036896795E-2,-7.118641138E-1
1.541738565E2,2.055474967E-1,2.752344310E-1,-6.176586747E-1
1.541940215E2,1.743002981E-1,3.787688017E-1,-4.696848691E-1
1.542141865E2,1.990942843E-2,1.699246466E-1,-2.936485112E-1
1.542343515E2,-2.719330788E-1,-1.095818281E-1,-1.326036900E-1
1.542545155E2,-6.049688458E-1,-3.260066807E-1,-3.041936643E-2
1.542746805E2,-8.579529524E-1,-2.379361093E-1,5.351597443E-2
1.542948455E2,-8.713478446E-1,8.587040007E-2,1.311231703E-1
1.543150105E2,-7.284070849E-1,3.862169087E-1,3.104672730E-1
1.543351755E2,-7.895524502E-1,5.330759883E-1,5.913771391E-1
1.543553405E2,-1.151256084E0,5.344928503E-1,7.653594613E-1
1.543755055E2,-1.403099060E0,4.646893144E-1,8.068403602E-1
1.543956695E2,-1.287626266E0,3.178947270E-1,8.029030561E-1
1.544158345E2,-1.218471050E0,3.900900483E-1,9.939556718E-1
1.544359995E2,-1.567113876E0,5.620341301E-1,1.498732090E0
1.544561645E2,-1.693966389E0,2.079770714E-1,1.644934654E0
1.544763295E2,-1.085979819E0,-3.242912889E-1,1.320205450E0
1.544964945E2,-2.346954942E-1,-4.316458404E-1,9.124327302E-1
1.545166595E2,2.587277889E-1,-5.658800900E-2,7.554763556E-1
1.545368235E2,3.096743524E-1,2.891525626E-1,8.041691184E-1
1.545569885E2,1.544199288E-1,4.199937582E-1,9.051213264E-1
1.545771535E2,8.369766176E-2,2.410782278E-1,9.883490801E-1
1.545973185E2,2.470623255E-1,2.005290538E-1,1.088798046E0
1.546174835E2,4.009869099E-1,3.236782253E-1,1.108292937E0
1.546376485E2,4.198644161E-1,3.091408908E-1,1.151612282E0
1.546578135E2,3.099725842E-1,1.265454590E-1,1.239316106E0
1.546779775E2,9.662989527E-2,-1.555530280E-1,1.271885633E0
1.546981425E2,-6.425297260E-2,-2.854068875E-1,1.216903448E0
1.547183075E2,-1.114091054E-1,-1.768934131E-1,1.138957858E0
1.547384725E2,-1.785379052E-1,-9.446255118E-2,1.170076489E0
1.547586375E2,-4.808332324E-1,-3.762035072E-2,1.355847955E0
1.547788025E2,-8.870502114E-1,-7.274351269E-2,1.530814052E0
1.547989665E2,-9.946702123E-1,-1.303822398E-1,1.505375147E0
1.548191315E2,-7.650412917E-1,-5.853868276E-2,1.304081440E0
1.548392965E2,-6.312834024E-1,2.180035263E-1,1.082320929E0
1.548594618E2,-8.678418994E-1,1.308694035E-1,9.443370104E-1
1.548796268E2,-8.653545976E-1,1.658369601E-2,9.318304658E-1
1.548997918E2,-9.179066420E-1,-7.512368262E-2,8.674988747E-1
1.549199568E2,-9.636332989E-1,-1.029148325E-1,7.182981372E-1
1.549401208E2,-7.214636803E-1,9.450021386E-2,5.607600808E-1
1.549602858E2,-3.233684003E-1,2.683823183E-2,4.950455129E-1
1.549804508E2,-2.939101458E-1,-2.212737203E-1,4.717926383E-1
1.550006158E2,-4.187963009E-1,-1.716509312E-1,3.430876434E-1
1.550207808E2,3.413264826E-2,1.728691161E-1,1.595010161E-1
1.550409458E2,9.015888572E-1,1.789097190E-1,-1.016070247E-1
1.550611108E2,1.637070775E0,-2.541064024E-1,-2.937718332E-1
1.550812748E2,1.844830871E0,-5.311701894E-1,-4.438765645E-1
1.551014398E2,1.611339092E0,-3.363146484E-1,-4.505221248E-1
1.551216048E2,1.275123000E0,1.135336757E-1,-2.316049933E-1
1.551417698E2,1.152935028E0,3.881134093E-1,1.742827706E-2
1.551619348E2,1.363592625E0,2.119477689E-1,1.269885153E-1
1.551820998E2,1.534461021E0,-1.720190793E-1,8.469783515E-2
1.552022648E2,1.426429987E0,-4.193348885E-1,2.059585648E-3
1.552224288E2,1.354512572E0,-3.706833720E-1,3.140358999E-2
1.552425938E2,1.241533041E0,-1.375899315E-1,1.305699795E-1
1.552627588E2,9.483105540E-1,-1.358899008E-2,2.627907693E-1
1.552829238E2,7.505830526E-1,-4.703611881E-2,4.027002752E-1
1.553030888E2,7.582375407E-1,-4.764502868E-2,4.890069366E-1
1.553232538E2,7.040246129E-1,1.854659915E-1,5.250792503E-1
1.553434188E2,4.281870127E-1,4.860427976E-1,6.798661351E-1
1.553635828E2,-1.233750433E-1,7.563369274E-1,9.243139625E-1
1.553837478E2,-6.468626857E-1,6.911151409E-1,1.000172377E0
1.554039128E2,-8.420181274E-1,5.013950467E-1,8.714542985E-1
1.554240778E2,-9.838972688E-1,3.099945784E-1,7.190698385E-1
1.554442428E2,-1.218399644E0,2.321363837E-1,6.637165546E-1
1.554644078E2,-1.432058811E0,3.242649734E-1,7.545571327E-1
1.554845728E2,-1.587578297E0,4.803245068E-1,9.076244831E-1
1.555047368E2,-1.822635055E0,5.429885387E-1,9.575475454E-1
1.555249018E2,-2.260510683E0,5.306633711E-1,9.853566289E-1
1.555450668E2,-2.595682621E0,8.027963638E-1,1.248613238E0
1.555652318E2,-2.111455917E0,1.183771014E0,1.434488773E0
1.555853968E2,-9.492353797E-1,1.416437864E0,1.295920730E0
1.556055618E2,-5.729865432E-1,1.548234224E0,1.154387832E0
1.556257258E2,-1.359473348E0,1.171556234E0,1.381640315E0
1.556458908E2,-1.757762194E0,4.908429384E-1,1.864042878E0
1.556660558E2,-1.166044593E0,2.387882397E-2,2.016944170E0
1.556862208E2,-7.710077763E-1,-6.790068001E-2,1.913481593E0
1.557063858E2,-9.799323678E-1,-1.053169370E-2,1.865360022E0
1.557265508E2,-1.355495453E0,-3.144347295E-2,2.045285463E0
1.557467158E2,-1.399255157E0,-1.794043630E-1,2.039056301E0
1.557668798E2,-1.119449735E0,-3.772247434E-1,1.667771101E0
1.557870448E2,-6.256141067E-1,-3.626013100E-1,1.299007297E0
1.558072098E2,-2.111245841E-1,-1.988901496E-1,1.165284634E0
1.558273748E2,-4.260901734E-2,-7.996986806E-2,1.161484599E0
1.558475398E2,-1.391715407E-1,-1.359157711E-1,1.091856360E0
1.558677043E2,6.372450292E-2,-7.936949283E-2,1.040266275E0
1.558878693E2,3.443558812E-1,-2.932043374E-2,1.024267316E0
1.559080333E2,5.575391650E-1,-6.255851686E-2,1.054336071E0
1.559281983E2,6.840549111E-1,-8.949860930E-2,1.139576435E0
1.559483633E2,8.083981872E-1,-1.543561667E-1,1.230174899E0
1.559685283E2,8.934432268E-1,-2.178462893E-1,1.299975991E0
1.559886933E2,9.202892184E-1,-2.985238135E-1,1.384814024E0
1.560088583E2,8.382967114E-1,-3.654574752E-1,1.519538283E0
1.560290233E2,7.012131810E-1,-4.368857145E-1,1.647818327E0
1.560491873E2,6.289210916E-1,-4.642695487E-1,1.692818761E0
1.560693523E2,6.611543298E-1,-4.472187459E-1,1.639278173E0
1.560895173E2,6.758656502E-1,-3.240782320E-1,1.533750534E0
1.561096823E2,6.561527848E-1,-1.683065742E-1,1.415541530E0
1.561298473E2,6.172021627E-1,-8.882561326E-2,1.353151321E0
1.561500123E2,4.925813973E-1,-2.878431603E-2,1.346058011E0
1.561701773E2,2.713685334E-1,1.009253263E-1,1.379106164E0
1.561903413E2,8.181551099E-2,1.371003389E-1,1.418778658E0
1.562105063E2,-5.046283454E-2,4.315302521E-2,1.413996935E0
1.562306713E2,-7.759725302E-2,-8.525288105E-2,1.335086942E0
1.562508363E2,-1.123361215E-1,-6.959611923E-2,1.226021171E0
1.562710013E2,-2.027726173E-1,2.055260539E-2,1.237524867E0
1.562911663E2,-3.816714287E-1,6.002952531E-2,1.288752794E0
1.563113313E2,-5.676664114E-1,9.019373357E-2,1.318722725E0
1.563314953E2,-5.414949656E-1,7.940115035E-2,1.366407394E0
1.563516603E2,-4.707563818E-1,5.303904787E-2,1.376212358E0
1.563718253E2,-4.676560462E-1,-1.768641546E-2,1.340631723E0
1.563919903E2,-4.420979023E-1,-8.042781055E-2,1.296486735E0
1.564121553E2,-4.752351642E-1,-2.264204025E-1,1.287533522E0
1.564323203E2,-6.312916279E-1,-4.357894659E-1,1.291919589E0
1.564524853E2,-7.208498120E-1,-5.363506675E-1,1.270000577E0
1.564726493E2,-7.244324088E-1,-5.086399317E-1,1.287395358E0
1.564928143E2,-7.700333595E-1,-4.297381938E-1,1.282600999E0
1.565129793E2,-8.416658044E-1,-3.590520024E-1,1.233333468E0
1.565331443E2,-7.939860821E-1,-2.455869168E-1,1.087745786E0
1.565533093E2,-6.869041324E-1,-1.338669360E-1,8.892017007E-1
1.565734743E2,-6.765599251E-1,-5.918991938E-2,6.528652906E-1
1.565936393E2,-7.444701195E-1,7.426287234E-2,3.876281679E-1
1.566138033E2,-6.478915811E-1,2.154357135E-1,1.877008528E-1
1.566339683E2,-4.236868918E-1,2.417419851E-1,-3.092725063E-3
1.566541333E2,-2.250216454E-1,2.504942417E-1,-2.112566978E-1
1.566742983E2,-4.179487377E-2,3.209739029E-1,-3.384475112E-1
1.566944633E2,1.020607427E-1,3.581850231E-1,-3.935664892E-1
1.567146283E2,1.791706085E-1,3.569944799E-1,-4.162995517E-1
1.567347933E2,3.044027686E-1,3.196974993E-1,-3.952110112E-1
1.567549573E2,4.892405272E-1,2.876484990E-1,-3.895462155E-1
1.567751223E2,6.160371900E-1,2.638597488E-1,-4.192418158E-1
1.567952873E2,6.467556357E-1,2.480478436E-1,-4.255769849E-1
1.568154523E2,6.103366017E-1,1.640804857E-1,-3.456597030E-1
1.568356173E2,5.548243523E-1,9.511926025E-2,-1.906224638E-1
1.568557827E2,4.062893391E-1,-3.478836641E-2,-3.646847978E-2
1.568759477E2,2.977516055E-1,-1.539956629E-1,1.156866699E-1
1.568961117E2,2.802950740E-1,-1.951998323E-1,2.558257878E-1
1.569162767E2,1.656433344E-1,-2.066090107E-1,3.260297775E-1
1.569364417E2,8.782102913E-2,-7.879059017E-2,4.308203161E-1
1.569566067E2,-2.180594485E-3,-9.859459102E-2,4.344097376E-1
1.569767717E2,-1.118302792E-1,-3.256450295E-1,4.080070555E-1
1.569969367E2,-1.552829742E-1,-4.938613474E-1,3.971164823E-1
1.570171017E2,-2.369463891E-1,-4.451014698E-1,3.733083010E-1
1.570372657E2,-3.265388608E-1,-2.341710478E-1,3.074128032E-1
1.570574307E2,-3.276562393E-1,-5.643145740E-2,2.056730837E-1
1.570775957E2,-2.308412492E-1,8.162653074E-3,6.283873320E-2
1.570977607E2,-1.862309873E-1,-1.419114321E-2,-6.619236618E-2
1.571179257E2,-1.777948886E-1,1.260359287E-1,-1.300985664E-1
1.571380907E2,-2.035240978E-1,3.752566278E-1,-1.535616368E-1
1.571582557E2,-2.619786561E-1,5.065121651E-1,-1.418871731E-1
1.571784197E2,-1.609986722E-1,3.914377689E-1,-1.284119338E-1
1.571985847E2,4.962025955E-2,1.747748703E-1,-1.582244784E-1
1.572187497E2,1.202625707E-1,1.598673761E-1,-1.998198032E-1
1.572389147E2,8.029942214E-2,2.706177831E-1,-1.448917538E-1
1.572590797E2,6.973607093E-2,3.521710932E-1,-4.555518553E-2
1.572792447E2,9.067752957E-2,3.212358356E-1,-3.936399706E-3
1.572994097E2,1.007837281E-1,3.174771369E-1,-2.759234235E-2
1.573195737E2,6.893836707E-2,3.317111731E-1,-7.060094178E-2
1.573397387E2,3.134079278E-2,3.029392958E-1,-7.139261067E-2
1.573599037E2,-7.188248914E-3,2.525624633E-1,-7.783063501E-2
1.573800687E2,-2.750113839E-3,2.341624051E-1,-1.216164008E-1
1.574002337E2,9.081435204E-2,2.500021160E-1,-1.923975945E-1
1.574203987E2,1.347570866E-1,2.361027598E-1,-2.671157718E-1
1.574405637E2,1.370123476E-1,1.366934478E-1,-3.232364953E-1
1.574607277E2,9.097895771E-2,7.242289186E-2,-3.749190271E-1
1.574808927E2,1.568328775E-2,1.012431905E-1,-4.169884324E-1
1.575010577E2,-5.739507452E-2,1.684934944E-1,-4.058457613E-1
1.575212227E2,-3.139590472E-2,1.864905059E-1,-4.113228023E-1
1.575413877E2,1.333235651E-1,1.399415582E-1,-4.936245084E-1
1.575615527E2,2.451495379E-1,8.649374545E-2,-5.412517786E-1
1.575817177E2,2.516146898E-1,-4.182040691E-2,-5.480858684E-1
1.576018817E2,2.370531410E-1,-1.471558511E-1,-5.553373098E-1
1.576220467E2,3.161631525E-1,-1.972688287E-1,-6.347512007E-1
1.576422117E2,4.247680306E-1,-2.446994334E-1,-7.136820555E-1
1.576623767E2,4.270075560E-1,-3.234824538E-1,-7.651261091E-1
1.576825417E2,3.370656371E-1,-2.792522311E-1,-7.818945050E-1
1.577027067E2,2.588630617E-1,-1.262455285E-1,-8.124175072E-1
1.577228717E2,3.128444850E-1,-1.390248388E-1,-8.103517294E-1
1.577430357E2,3.566370606E-1,-3.258927166E-1,-8.432773352E-1
1.577632007E2,3.216666281E-1,-3.574672043E-1,-8.674311638E-1
1.577833657E2,2.758579552E-1,-2.252299637E-1,-7.889102101E-1
1.578035307E2,2.257169336E-1,-1.495225281E-1,-6.121796966E-1
1.578236957E2,2.171982378E-1,-2.495416105E-1,-5.386304855E-1
1.578438607E2,2.958915234E-1,-3.746215403E-1,-5.843473077E-1
1.578640258E2,4.240329564E-1,-3.366096020E-1,-6.817930937E-1
1.578841898E2,5.246387124E-1,-2.600491047E-1,-6.914156675E-1
1.579043548E2,5.227992535E-1,-1.916338205E-1,-6.208734512E-1
1.579245198E2,4.119304717E-1,-1.640928835E-1,-5.728849769E-1
1.579446848E2,4.053649008E-1,-1.673271209E-1,-5.469696522E-1
1.579648498E2,5.052305460E-1,-1.820044518E-1,-5.399031639E-1
1.579850148E2,5.463975072E-1,-1.540322453E-1,-5.386996865E-1
1.580051798E2,4.772056043E-1,-1.367062628E-1,-4.880577624E-1
1.580253438E2,2.773721218E-1,-9.479968995E-2,-3.788217306E-1
1.580455088E2,8.605765551E-2,-2.351768874E-2,-2.674232125E-1
1.580656738E2,1.900089905E-2,1.461605076E-2,-2.095726728E-1
1.580858388E2,9.139924496E-2,-3.327377141E-2,-2.180414945E-1
1.581060038E2,6.911741942E-2,-1.433289424E-2,-1.981932074E-1
1.581261688E2,-1.993420534E-2,2.517622337E-2,-1.261725575E-1
1.581463338E2,-7.359394431E-2,-1.211401913E-2,-8.250273764E-2
1.581664978E2,-7.595987618E-2,-6.987445056E-2,-6.550945342E-2
1.581866628E2,-7.692562789E-2,-2.282826044E-2,-4.491502047E-2
1.582068278E2,-1.019967422E-1,4.004374892E-2,-1.799684018E-2
1.582269928E2,-1.044844165E-1,4.907872155E-2,4.886642471E-2
1.582471578E2,-1.800807416E-1,-3.584032878E-2,1.166377589E-1
1.582673228E2,-2.107173949E-1,-1.159092337E-1,1.729112267E-1
1.582874878E2,-1.305190474E-1,-1.657631844E-1,1.730091572E-1
1.583076518E2,-6.256304681E-2,-1.404194981E-1,1.381440312E-1
1.583278168E2,-4.397106357E-3,-7.585999370E-2,1.642206162E-1
1.583479818E2,-1.699913666E-2,-4.398101196E-2,2.080221921E-1
1.583681468E2,-7.549180090E-2,-8.926801383E-2,2.485984266E-1
1.583883118E2,-1.233967915E-1,-1.419398040E-1,2.772354484E-1
1.584084768E2,-1.143878773E-1,-1.020643190E-1,2.746123075E-1
1.584286418E2,-6.831654161E-2,1.279461570E-2,2.494905293E-1
1.584488068E2,-1.675307401E-3,5.756399035E-2,2.028636485E-1
1.584689708E2,2.432707511E-2,6.629844010E-2,1.778383404E-1
1.584891358E2,1.467495877E-2,8.893325925E-2,1.732956767E-1
1.585093008E2,3.259150684E-2,1.353703588E-1,1.655531526E-1
1.585294658E2,1.683198065E-1,1.476425529E-1,1.306813061E-1
1.585496308E2,3.264306188E-1,9.130170941E-2,6.166689470E-2
1.585697958E2,3.836140037E-1,8.239648491E-2,2.238598466E-2
1.585899598E2,4.145396650E-1,1.494743824E-1,2.578015253E-2
1.586101248E2,3.917890191E-1,2.063097656E-1,5.146217532E-3
1.586302898E2,4.226020575E-1,1.874284744E-1,-3.234701976E-2
1.586504548E2,4.576475918E-1,1.438040882E-1,-3.517106920E-2
1.586706198E2,4.026071429E-1,7.426745445E-2,-1.230514981E-2
1.586907848E2,2.890053093E-1,4.086593166E-3,-3.080207109E-2
1.587109498E2,2.432132810E-1,-4.005897325E-3,-3.224660084E-2
1.587311138E2,2.645699382E-1,6.176432595E-3,-2.157424949E-2
1.587512788E2,3.115125000E-1,3.449831391E-3,-6.026249379E-2
1.587714438E2,2.520774007E-1,9.472195059E-2,-5.945315957E-2
1.587916088E2,1.201268211E-1,1.496587694E-1,1.423243433E-2
1.588117738E2,2.282552235E-2,1.208410263E-1,1.185929030E-1
1.588319388E2,-5.930157378E-3,-1.090242295E-3,1.390382051E-1
1.588521038E2,1.088967696E-1,-2.236704826E-1,6.544891000E-2
1.588722680E2,3.272642195E-1,-1.972976029E-1,-2.199556120E-2
1.588924330E2,5.259016752E-1,-6.488682330E-2,-7.517196983E-2
1.589125980E2,5.531505942E-1,-1.118846387E-1,-8.866383135E-2
1.589327630E2,4.509287775E-1,-2.610895932E-1,-1.110449135E-1
1.589529280E2,3.735426068E-1,-3.526002765E-1,-1.172778085E-1
1.589730930E2,4.323583543E-1,-2.035128325E-1,-1.436838806E-1
1.589932580E2,5.145083666E-1,5.530968308E-2,-1.627132893E-1
1.590134230E2,4.988190234E-1,1.801340133E-1,-1.480703652E-1
1.590335870E2,3.277237415E-1,1.981297135E-1,-9.085977823E-2
1.590537520E2,1.587160118E-2,1.142145246E-1,-3.736590222E-2
1.590739170E2,-3.209925294E-1,8.074089140E-2,2.480393089E-2
1.590940820E2,-5.262925625E-1,1.700248718E-1,1.610551625E-1
1.591142470E2,-5.807831287E-1,3.106529415E-1,3.704859614E-1
1.591344120E2,-5.983122587E-1,3.087365925E-1,4.261994064E-1
1.591545770E2,-7.183305025E-1,2.284360230E-1,4.188992679E-1
1.591747410E2,-8.425767422E-1,1.337836981E-1,4.806250334E-1
1.591949060E2,-9.303947091E-1,7.585854828E-2,5.766533613E-1
1.592150710E2,-9.770133495E-1,9.475309402E-2,6.420113444E-1
1.592352360E2,-9.627187848E-1,6.680029631E-2,6.396490932E-1
1.592554010E2,-7.817072272E-1,5.961861834E-2,6.223946214E-1
1.592755660E2,-6.553803682E-1,5.522267893E-2,5.476920009E-1
1.592957300E2,-5.323713422E-1,1.371808797E-1,5.071359873E-1
1.593158950E2,-3.560573757E-1,2.812654674E-1,5.132847428E-1
1.593360600E2,-1.231204644E-1,3.511412442E-1,4.944148362E-1
1.593562250E2,2.002370209E-1,2.707664967E-1,4.285477102E-1
1.593763900E2,4.802978635E-1,1.316179484E-1,3.844149709E-1
1.593965550E2,6.296607852E-1,6.661899388E-2,3.925910294E-1
1.594167200E2,6.582864523E-1,4.207647871E-3,3.959192634E-1
1.594368850E2,5.949270129E-1,-6.654532254E-2,3.684301972E-1
1.594570490E2,5.529212952E-1,-1.196327657E-1,3.682210743E-1
1.594772140E2,5.138717890E-1,-1.332229823E-1,4.071641862E-1
1.594973790E2,4.376367629E-1,-9.793813527E-2,4.505383968E-1
1.595175440E2,4.017468393E-1,-7.520560920E-2,4.612728059E-1
1.595377090E2,4.666480720E-1,-5.005931482E-2,3.658199012E-1
1.595578740E2,6.026592255E-1,-1.610352471E-2,2.277251035E-1
1.595780390E2,6.657991409E-1,-1.261523217E-1,2.054458559E-1
1.595982030E2,5.800949335E-1,-3.026708663E-1,2.521352768E-1
1.596183680E2,3.574084938E-1,-5.570583940E-1,3.456418216E-1
1.596385330E2,1.530587226E-1,-7.949797511E-1,4.147380590E-1
1.596586980E2,2.488064468E-1,-6.229439378E-1,3.757997453E-1
1.596788630E2,5.881848335E-1,-2.270568162E-1,3.106081784E-1
1.596990280E2,8.651344180E-1,1.815270782E-1,2.777616978E-1
1.597191930E2,8.588575125E-1,2.926020026E-1,3.481346965E-1
1.597393570E2,6.159749031E-1,1.693953127E-1,5.077131391E-1
1.597595220E2,5.378869772E-1,8.432859555E-3,5.753806233E-1
1.597796870E2,7.501870394E-1,-1.156620588E-2,4.634756446E-1
1.597998520E2,9.178071618E-1,1.148832068E-1,3.504404128E-1
1.598200170E2,7.438662648E-1,2.582757473E-1,4.338103235E-1
1.598401820E2,3.540354073E-1,2.505303323E-1,5.807712078E-1
1.598603466E2,4.708372429E-2,2.150104046E-1,6.077786088E-1
1.598805106E2,-1.501952112E-1,1.770011783E-1,6.133565903E-1
1.599006756E2,-3.325883448E-1,1.907823384E-1,6.160048842E-1
1.599208406E2,-5.372769833E-1,3.303678036E-1,6.720647216E-1
1.599410056E2,-7.231145501E-1,3.909965754E-1,7.278766632E-1
1.599611706E2,-8.648363352E-1,4.181713462E-1,7.638278604E-1
1.599813356E2,-1.012812734E0,5.086620450E-1,7.986031771E-1
1.600015006E2,-1.142550588E0,5.220186710E-1,8.499892950E-1
1.600216646E2,-1.239448190E0,4.827187359E-1,9.011235833E-1
1.600418296E2,-1.222443938E0,4.626944661E-1,9.092245698E-1
1.600619946E2,-1.104698420E0,4.823736250E-1,9.092655778E-1
1.600821596E2,-1.032907844E0,3.471830487E-1,9.353041053E-1
1.601023246E2,-1.077957392E0,7.789190859E-2,9.979887009E-1
1.601224896E2,-1.049352527E0,-8.526995778E-2,1.077926636E0
1.601426546E2,-9.234783053E-1,-9.823682159E-2,1.089172125E0
1.601628186E2,-8.076186180E-1,-1.222412009E-2,1.013822436E0
1.601829836E2,-7.712270021E-1,1.978668012E-2,9.813748598E-1
1.602031486E2,-6.746307015E-1,3.655777080E-3,9.917576313E-1
1.602233136E2,-4.007576704E-1,-4.841941968E-2,9.406254888E-1
1.602434786E2,-2.494302988E-1,-2.288673818E-1,8.521611691E-1
1.602636436E2,-2.863657176E-1,-4.447861016E-1,7.818257809E-1
1.602838086E2,-1.858643293E-1,-4.256541431E-1,7.157886028E-1
1.603039726E2,9.562758356E-2,-3.086991310E-1,6.489893198E-1
1.603241376E2,2.633821368E-1,-2.476630509E-1,6.095212698E-1
1.603443026E2,2.869783640E-1,-3.144142330E-1,5.574730039E-1
1.603644676E2,4.271312654E-1,-4.060820639E-1,4.433358908E-1
1.603846326E2,6.012783647E-1,-4.880660176E-1,2.944016457E-1
1.604047976E2,7.996754646E-1,-4.742578268E-1,1.340518296E-1
1.604249626E2,1.013398528E0,-5.813285708E-1,8.331098408E-2
1.604451266E2,8.779425621E-1,-5.648116469E-1,1.356337517E-1
1.604652916E2,5.731403232E-1,-3.426862061E-1,1.405299753E-1
1.604854566E2,4.364855886E-1,-9.603521228E-2,9.621553123E-2
1.605056216E2,4.948398471E-1,9.066278115E-3,7.261381298E-2
1.605257866E2,7.403713465E-1,-1.566240638E-1,-4.734363407E-2
1.605459516E2,9.905501008E-1,-3.469346762E-1,-2.689785063E-1
1.605661166E2,1.187164545E0,-3.097365499E-1,-4.437432289E-1
1.605862806E2,1.352983594E0,-1.793548912E-1,-5.580682158E-1
1.606064456E2,1.376155019E0,4.220566899E-2,-5.707155466E-1
1.606266106E2,1.244809866E0,3.036842346E-1,-5.514932275E-1
1.606467756E2,1.042811155E0,4.772740602E-1,-5.226393938E-1
1.606669406E2,6.891123056E-1,5.187778473E-1,-4.526177347E-1
1.606871056E2,2.007291317E-1,4.630847871E-1,-3.557678163E-1
1.607072706E2,-2.366533875E-1,3.789907992E-1,-2.454439551E-1
1.607274346E2,-4.804366231E-1,2.730910182E-1,-1.126748919E-1
1.607475996E2,-7.243766189E-1,1.733835191E-1,-1.413058955E-2
1.607677646E2,-1.012150049E0,1.269155443E-1,2.655593306E-2
1.607879296E2,-1.177869558E0,1.350232065E-1,7.928200066E-2
1.608080946E2,-1.304349065E0,7.115404308E-2,1.496057808E-1
1.608282596E2,-1.443588972E0,-1.862934977E-2,2.150951773E-1
1.608484246E2,-1.560850263E0,-9.223952889E-2,2.706771195E-1
1.608685887E2,-1.554936051E0,-2.446922287E-2,3.311591446E-1
1.608887537E2,-1.370462060E0,1.293740869E-1,3.133322597E-1
1.609089187E2,-1.136237025E0,2.843897343E-1,2.340521663E-1
1.609290837E2,-9.892464876E-1,3.774623275E-1,2.045107633E-1
1.609492487E2,-7.794857621E-1,2.780990601E-1,2.206699550E-1
1.609694137E2,-5.638133883E-1,1.086236089E-1,2.097899914E-1
1.609895787E2,-4.430824816E-1,2.075744793E-2,2.495504767E-1
1.610097427E2,-1.494074911E-1,1.990853101E-1,3.325240910E-1
1.610299077E2,-3.168832138E-2,3.013290763E-1,3.099772632E-1
1.610500727E2,-6.210112944E-2,2.480219454E-1,2.923145890E-1
1.610702377E2,-1.536300480E-1,-1.925844513E-2,3.427969813E-1
1.610904027E2,-1.736141443E-1,-2.333552837E-1,3.512301445E-1
1.611105677E2,-1.330032051E-1,-1.854527891E-1,2.807910442E-1
1.611307327E2,-4.541293532E-2,3.789601102E-2,2.245455086E-1
1.611508967E2,6.984024495E-2,2.099546790E-1,1.878988743E-1
1.611710617E2,1.808629930E-1,1.294882298E-1,1.222120747E-1
1.611912267E2,2.804199457E-1,-3.764783591E-2,3.845626861E-2
1.612113917E2,3.659179807E-1,-1.631779410E-2,-2.682601847E-2
1.612315567E2,3.350537121E-1,1.104673520E-1,-3.821652755E-2
1.612517217E2,2.147001326E-1,1.775061041E-1,-4.139855504E-2
1.612718867E2,1.349584162E-1,1.219152138E-1,-7.242696732E-2
1.612920507E2,1.558221728E-1,6.007108837E-2,-1.306514591E-1
1.613122157E2,1.720297337E-1,4.538550973E-2,-1.973838359E-1
1.613323807E2,1.710393280E-1,3.378698602E-2,-2.959316075E-1
1.613525457E2,2.346811295E-1,8.697342873E-2,-3.704997003E-1
1.613727107E2,2.905650735E-1,2.428773195E-1,-3.766691387E-1
1.613928757E2,2.621758580E-1,2.979602218E-1,-3.215755522E-1
1.614130407E2,1.995694786E-1,1.915216744E-1,-2.562554181E-1
1.614332057E2,1.099821478E-1,5.021916702E-2,-1.878517121E-1
1.614533697E2,1.813369244E-2,4.909098148E-2,-1.506959200E-1
1.614735347E2,-9.853933007E-3,1.229760125E-1,-1.056627110E-1
1.614936997E2,2.074595727E-2,1.214536503E-1,-7.191599905E-2
1.615138647E2,1.801876910E-2,4.957530275E-2,-6.374114752E-2
1.615340297E2,-4.986531660E-2,-6.380841136E-2,-7.090689987E-2
1.615541947E2,-9.695589542E-2,-5.426750332E-2,-6.998901069E-2
1.615743597E2,-1.853692532E-1,5.240111798E-2,-6.966313720E-2
1.615945237E2,-2.902601361E-1,1.275754571E-1,-5.988775194E-2
1.616146887E2,-3.516684771E-1,1.254287958E-1,-1.065695733E-1
1.616348537E2,-3.064630926E-1,1.327963918E-1,-2.204682231E-1
1.616550187E2,-2.469086796E-1,2.108078897E-1,-3.436869085E-1
1.616751837E2,-2.326179296E-1,3.223045170E-1,-3.668471873E-1
1.616953487E2,-1.782751381E-1,3.460076749E-1,-3.133705258E-1
1.617155137E2,-7.747875899E-2,3.222817779E-1,-3.084154427E-1
1.617356777E2,1.959206909E-2,3.474367261E-1,-2.898238897E-1
1.617558427E2,5.023053288E-2,2.528215051E-1,-2.134061605E-1
1.617760077E2,4.303054884E-2,8.702830970E-2,-1.547850966E-1
1.617961727E2,2.662574872E-3,1.691239886E-2,-1.012449339E-1
1.618163377E2,-4.894106090E-2,-4.853708670E-3,-8.023106307E-2
1.618365027E2,-5.439960212E-2,1.756348461E-2,-1.407345235E-1
1.618566677E2,5.206035823E-2,9.306685627E-2,-1.931321472E-1
1.618768315E2,1.052967235E-1,1.998900622E-1,-2.101259381E-1
1.618969965E2,8.605590463E-2,2.065355033E-1,-1.836378723E-1
1.619171615E2,1.314042062E-1,1.256837249E-1,-1.627450436E-1
1.619373265E2,2.633038759E-1,2.443339303E-2,-1.171003506E-1
1.619574915E2,3.290385902E-1,-3.548135608E-2,-5.874964595E-2
1.619776565E2,3.026937842E-1,-3.371874988E-2,2.471258864E-3
1.619978215E2,2.850256860E-1,-2.367235720E-5,6.105272099E-2
1.620179855E2,2.875293493E-1,-8.764346689E-2,1.281576306E-1
1.620381505E2,3.134988844E-1,-1.877363920E-1,8.945514262E-2
1.620583155E2,3.416949511E-1,-1.545468420E-1,4.532841593E-2
1.620784805E2,2.793565392E-1,-5.793604627E-2,6.072661281E-2
1.620986455E2,1.444565803E-1,6.383060664E-2,1.206849664E-1
1.621188105E2,1.284534205E-2,1.065886617E-1,1.724635065E-1
1.621389755E2,-5.770016462E-2,5.252876505E-2,1.924391836E-1
1.621591395E2,-4.251301661E-2,5.540485680E-2,1.929099113E-1
1.621793045E2,-7.922686636E-2,1.309783459E-1,1.757723540E-1
1.621994695E2,-1.395761818E-1,1.894618273E-1,2.216463983E-1
1.622196345E2,-2.029744089E-1,2.035948187E-1,2.819075584E-1
1.622397995E2,-2.442615777E-1,1.167093366E-1,2.895833552E-1
1.622599645E2,-2.177747190E-1,6.960657239E-2,2.287768275E-1
1.622801295E2,-1.276050657E-1,9.909896553E-2,1.592794657E-1
1.623002935E2,-1.304455400E-1,1.755934209E-1,1.169743016E-1
1.623204585E2,-1.892618239E-1,1.824365258E-1,1.054446995E-1
1.623406235E2,-1.752154976E-1,1.169404015E-1,6.815610081E-2
1.623607885E2,-1.075929850E-1,9.018518031E-2,2.591433190E-2
1.623809535E2,-6.958676036E-3,1.691017896E-1,-2.056636848E-2
1.624011185E2,6.199191883E-2,3.034926355E-1,-9.511764348E-2
1.624212835E2,1.557300426E-2,2.847649455E-1,-9.697165340E-2
1.624414485E2,-4.693715647E-2,1.481729001E-1,-5.809157714E-2
1.624616125E2,4.186261911E-3,1.421663631E-2,-1.025889739E-1
1.624817775E2,1.540864259E-1,-4.592395574E-2,-3.009930253E-1
1.625019425E2,2.778977454E-1,2.921810374E-2,-4.639769793E-1
1.625221075E2,2.806110084E-1,1.763817817E-1,-4.453365207E-1
1.625422725E2,1.889698356E-1,1.391614676E-1,-4.050810933E-1
1.625624375E2,1.573307067E-1,-6.331472658E-3,-4.034667611E-1
1.625826025E2,2.451645732E-1,-4.924954474E-2,-4.375440478E-1
1.626027665E2,3.562084436E-1,2.662675455E-2,-4.877907634E-1
1.626229315E2,4.260809720E-1,1.292648464E-1,-4.879820943E-1
1.626430965E2,4.281902611E-1,1.618470401E-1,-3.979299963E-1
1.626632615E2,3.769136071E-1,5.005335808E-2,-2.746028304E-1
1.626834265E2,3.693102300E-1,-6.541905552E-2,-1.540357769E-1
1.627035915E2,3.923006356E-1,-8.232489973E-2,-8.640374988E-2
1.627237565E2,4.117946923E-1,-3.464420140E-2,-9.839162976E-2
1.627439205E2,4.218938649E-1,-2.431674860E-2,-1.071182266E-1
1.627640855E2,4.685929716E-1,-2.285685390E-1,-1.148589328E-1
1.627842505E2,5.399019122E-1,-4.102572799E-1,-1.030768380E-1
1.628044155E2,5.796396732E-1,-4.220125973E-1,-9.970638901E-2
1.628245805E2,5.430529118E-1,-3.729040027E-1,-1.243599728E-1
1.628447455E2,4.322804213E-1,-3.960571587E-1,-1.700064838E-1
1.628649105E2,3.147838116E-1,-4.381272793E-1,-1.971127242E-1
1.628850745E2,2.274626642E-1,-4.514921010E-1,-1.706874073E-1
1.629052395E2,1.900090277E-1,-3.877053857E-1,-1.593412757E-1
1.629254045E2,2.042392790E-1,-3.182425201E-1,-2.122495472E-1
1.629455695E2,1.755543500E-1,-3.063419163E-1,-2.894039154E-1
1.629657345E2,1.141972020E-1,-3.092772067E-1,-3.090471625E-1
1.629858995E2,8.049054444E-2,-2.934464812E-1,-2.850084305E-1
1.630060645E2,5.391513929E-2,-2.527253330E-1,-2.728416026E-1
1.630262285E2,5.169912428E-2,-2.057692707E-1,-2.769748271E-1
1.630463935E2,6.344220787E-2,-1.737732291E-1,-2.786112726E-1
1.630665585E2,7.078151219E-3,-2.077354640E-1,-2.570395470E-1
1.630867235E2,-1.380688511E-2,-3.352722526E-1,-2.371077389E-1
1.631068885E2,-8.996239631E-4,-3.521394730E-1,-1.954510361E-1
1.631270535E2,1.722137071E-2,-3.286690712E-1,-1.643631309E-1
1.631472185E2,4.143097997E-2,-3.061576784E-1,-1.381103843E-1
1.631673835E2,4.298253357E-2,-2.927648425E-1,-8.797025681E-2
1.631875475E2,-1.453831419E-2,-3.314162493E-1,-3.108657710E-2
1.632077125E2,-4.753799736E-2,-3.165169060E-1,-1.774000376E-2
1.632278775E2,-9.191672318E-3,-2.663314939E-1,-2.482241392E-2
1.632480425E2,8.424332738E-2,-2.711071074E-1,-1.967674680E-2
1.632682075E2,1.032623351E-1,-3.011023402E-1,-2.314841375E-2
1.632883725E2,1.243152991E-1,-2.857622206E-1,-4.670770839E-2
1.633085375E2,1.731699109E-1,-2.721367776E-1,-1.477686036E-2
1.633287015E2,2.922803462E-1,-2.985857427E-1,2.239850163E-2
1.633488665E2,4.900602698E-1,-2.330547422E-1,2.701996267E-2
1.633690315E2,5.724169612E-1,-8.298128843E-2,5.572050437E-2
1.633891965E2,4.186246693E-1,-1.735807061E-1,1.707470119E-1
1.634093615E2,1.030926555E-1,-3.428976834E-1,3.162754178E-1
1.634295265E2,-2.249602824E-1,-3.819277585E-1,4.210344553E-1
1.634496915E2,-3.274610043E-1,-2.621572614E-1,4.984533191E-1
1.634698555E2,-1.120225266E-1,-9.622236341E-2,4.960568845E-1
1.634900205E2,1.211035252E-1,9.343223274E-2,3.956064284E-1
1.635101855E2,2.875171835E-3,1.600488722E-1,3.868495226E-1
1.635303505E2,-3.494413793E-1,3.772088140E-2,4.205866754E-1
1.635505155E2,-4.990970492E-1,1.017108113E-1,4.020911157E-1
1.635706805E2,-5.455775857E-1,3.037091494E-1,4.088261425E-1
1.635908455E2,-6.170048714E-1,5.484387875E-1,4.849158823E-1
1.636110095E2,-8.172809482E-1,8.242231607E-1,6.340472102E-1
1.636311745E2,-1.012253881E0,8.402552605E-1,6.984647512E-1
1.636513395E2,-1.097724438E0,5.979924798E-1,6.538640857E-1
1.636715045E2,-1.108866572E0,3.857749999E-1,5.393617749E-1
1.636916695E2,-9.878358245E-1,4.489786923E-1,4.175750911E-1
1.637118345E2,-6.330832243E-1,5.395669937E-1,3.130747676E-1
1.637319995E2,-1.586524397E-1,6.007613540E-1,2.158749551E-1
1.637521645E2,6.772600114E-2,3.411123753E-1,1.561719626E-1
1.637723285E2,1.569374055E-1,2.929524146E-2,1.237376034E-1
1.637924935E2,4.045416415E-1,-4.996887594E-2,8.721076697E-2
1.638126585E2,7.529762983E-1,-2.278367244E-2,1.245903550E-4
1.638328235E2,1.026980281E0,8.738869429E-2,-3.572843596E-2
1.638529885E2,1.125231504E0,2.667586505E-1,6.829490419E-3
1.638731536E2,1.201931357E0,2.491287738E-1,1.392120272E-1
1.638933186E2,1.313565969E0,4.986001179E-2,1.964669526E-1
1.639134826E2,1.383478999E0,-6.620873511E-2,1.845750660E-1
1.639336476E2,1.397349238E0,-6.123944744E-2,1.948008686E-1
1.639538126E2,1.346534014E0,-6.930173188E-2,2.743355930E-1
1.639739776E2,1.241339326E0,-7.097587734E-2,3.339706361E-1
1.639941426E2,1.115259886E0,-2.741890959E-2,3.736493886E-1
1.640143076E2,9.358571768E-1,1.062390283E-1,3.891558051E-1
1.640344726E2,7.777262926E-1,2.457505763E-1,3.975344896E-1
1.640546376E2,6.971151829E-1,2.843701541E-1,3.766911328E-1
1.640748016E2,5.451195240E-1,2.172570378E-1,3.323484659E-1
1.640949666E2,3.087581396E-1,1.672228277E-1,2.968690991E-1
1.641151316E2,2.444257587E-2,1.752315909E-1,2.784581184E-1
1.641352966E2,-2.781422734E-1,2.561563849E-1,3.102290034E-1
1.641554616E2,-5.538825989E-1,3.995427489E-1,4.011312723E-1
1.641756266E2,-8.003153801E-1,4.432773590E-1,5.139234662E-1
1.641957916E2,-1.003900409E0,3.747363687E-1,5.564849973E-1
1.642159566E2,-1.261765242E0,3.225537241E-1,6.189590096E-1
1.642361206E2,-1.672801375E0,3.147716522E-1,7.610094547E-1
1.642562856E2,-1.813991427E0,4.012549520E-1,8.009018898E-1
1.642764506E2,-1.374022841E0,4.491850436E-1,6.085591316E-1
1.642966156E2,-8.675862551E-1,4.454013109E-1,4.283797741E-1
1.643167806E2,-8.177888393E-1,5.160059929E-1,4.873296618E-1
1.643369456E2,-1.099139571E0,4.478465319E-1,7.055635452E-1
1.643571106E2,-1.345521927E0,3.792325854E-1,7.978501916E-1
1.643772756E2,-1.409839988E0,3.928893805E-1,7.702115774E-1
1.643974406E2,-1.318446994E0,3.479868174E-1,7.807976007E-1
1.644176046E2,-1.072983265E0,3.094963133E-1,8.298750520E-1
1.644377696E2,-8.233201504E-1,4.462948740E-1,8.122604489E-1
1.644579346E2,-6.974894404E-1,6.551583409E-1,6.658780575E-1
1.644780996E2,-7.195759416E-1,6.304259896E-1,5.095927715E-1
1.644982646E2,-8.138581514E-1,2.569540739E-1,4.913178384E-1
1.645184296E2,-7.762969732E-1,-3.701530397E-2,4.793593884E-1
1.645385946E2,-5.800504684E-1,-1.938073151E-2,4.535409212E-1
1.645587596E2,-3.574137390E-1,1.075283512E-1,4.036301374E-1
1.645789246E2,-1.906210929E-1,1.061166227E-1,3.673580885E-1
1.645990896E2,-5.485947058E-2,-1.218638942E-2,3.996978700E-1
1.646192536E2,1.183643192E-1,-1.338091791E-1,3.819348216E-1
1.646394186E2,4.247083068E-1,-2.159968019E-1,2.739337087E-1
1.646595836E2,7.204442620E-1,-3.213874102E-1,1.575895250E-1
1.646797486E2,9.231157899E-1,-4.738177657E-1,1.211229041E-1
1.646999136E2,1.031116605E0,-5.528978705E-1,1.320005506E-1
1.647200786E2,1.198003888E0,-5.762577057E-1,1.134729907E-1
1.647402436E2,1.424508452E0,-5.703067780E-1,5.532621592E-2
1.647604086E2,1.578780770E0,-6.127977371E-1,4.301904514E-2
1.647805736E2,1.586815834E0,-6.718310118E-1,3.669301420E-2
1.648007376E2,1.476801634E0,-5.868492723E-1,7.741168141E-2
1.648209026E2,1.288026214E0,-4.544878900E-1,1.348299384E-1
1.648410676E2,1.136912584E0,-3.125802577E-1,2.021630555E-1
1.648612326E2,9.984064102E-1,-1.862602234E-1,2.844176292E-1
1.648813976E2,8.672500253E-1,-1.113552302E-1,3.467068970E-1
1.649015626E2,6.572010517E-1,-1.344557256E-1,3.634111285E-1
1.649217276E2,3.583241999E-1,-2.718074620E-1,3.696141541E-1
1.649418926E2,2.232004404E-1,-4.081726372E-1,3.254641593E-1
1.649620576E2,2.231966704E-1,-3.570443392E-1,2.690280378E-1
1.649822226E2,1.371675581E-1,-1.974750161E-1,2.213903219E-1
1.650023866E2,1.306170132E-2,-2.487190254E-2,1.628908515E-1
1.650225516E2,-1.174856573E-1,1.605285853E-1,9.092904627E-2
1.650427166E2,-3.223760426E-1,3.304674625E-1,3.651227057E-2
1.650628816E2,-4.760046005E-1,4.618607759E-1,2.298538387E-2
1.650830466E2,-4.802531600E-1,4.902126491E-1,2.538848203E-3
1.651032116E2,-5.500381589E-1,4.670462310E-1,4.274165258E-2
1.651233766E2,-8.222157955E-1,3.502493799E-1,1.369534135E-1
1.651435416E2,-1.115976572E0,1.239839271E-1,2.625117004E-1
1.651637066E2,-1.175537109E0,-4.737009481E-2,3.196536601E-1
1.651838716E2,-9.314917922E-1,4.092076793E-2,2.879412472E-1
1.652040366E2,-5.837396383E-1,2.225082815E-1,2.556501925E-1
1.652242006E2,-4.515795112E-1,1.399334371E-1,2.605662644E-1
1.652443656E2,-4.763550460E-1,-5.393585190E-2,2.903589010E-1
1.652645306E2,-4.600830674E-1,-1.426333040E-1,3.057060838E-1
1.652846956E2,-3.660859764E-1,-1.394632757E-1,2.595131993E-1
1.653048606E2,-2.595728934E-1,-8.724804223E-2,2.216755897E-1
1.653250256E2,-1.518346071E-1,-1.492883731E-2,2.167841792E-1
1.653451906E2,-9.005981684E-2,5.638890341E-2,1.740771532E-1
1.653653556E2,-4.585362226E-2,9.688539803E-2,1.416125298E-1
1.653855206E2,-6.369479001E-2,1.497747749E-1,1.766420454E-1
1.654056856E2,-3.097604588E-2,1.455169469E-1,1.628119498E-1
1.654258496E2,9.008841962E-2,8.293917775E-2,1.007319614E-1
1.654460146E2,1.735614538E-1,-1.333045214E-1,5.256024748E-2
1.654661796E2,2.957355082E-1,-2.820333242E-1,-4.261976853E-2
1.654863446E2,5.266881585E-1,-2.893307209E-1,-1.040891707E-1
1.655065096E2,8.125150800E-1,-1.369740069E-1,-9.464552253E-2
1.655266746E2,1.085487843E0,6.778032333E-2,-4.167082533E-2
1.655468396E2,1.274822593E0,6.660839915E-2,3.397675976E-2
1.655670046E2,1.273123264E0,-1.304185241E-1,8.285563439E-2
1.655871696E2,1.166707873E0,-2.822479010E-1,1.196996942E-1
1.656073346E2,1.168266416E0,-2.798333168E-1,1.053471044E-1
1.656274996E2,1.259279132E0,-1.685355604E-1,1.007229313E-1
1.656476636E2,1.210896134E0,-1.309165061E-1,1.118837893E-1
1.656678286E2,1.027187943E0,-1.870675385E-1,1.248189211E-1
1.656879936E2,8.328992128E-1,-1.275998503E-1,1.524319202E-1
1.657081586E2,7.108484507E-1,2.125043236E-2,1.518755108E-1
1.657283236E2,5.261184573E-1,1.855500042E-1,1.588808447E-1
1.657484886E2,1.855778545E-1,2.499897182E-1,2.359254211E-1
1.657686536E2,-1.866317838E-1,2.705423534E-1,3.129356802E-1
1.657888186E2,-5.712029934E-1,3.569848537E-1,3.603485823E-1
1.658089836E2,-8.739394546E-1,4.307053685E-1,3.532534540E-1
1.658291476E2,-1.063212872E0,5.485135913E-1,2.918016016E-1
1.658493126E2,-1.112877965E0,5.578908920E-1,2.860062122E-1
1.658694771E2,-1.003440738E0,4.189408422E-1,3.244266212E-1
1.658896421E2,-8.777980804E-1,2.763105333E-1,3.843496442E-1
1.659098071E2,-8.997599483E-1,3.496524990E-1,4.094772637E-1
1.659299721E2,-9.532539248E-1,5.256173611E-1,4.088661075E-1
1.659501371E2,-1.003442407E0,5.163463950E-1,4.941036403E-1
1.659703021E2,-1.098161817E0,4.524614811E-1,5.754851103E-1
1.659904671E2,-1.151294351E0,4.420297444E-1,6.068866849E-1
1.660106311E2,-1.236050844E0,4.922820926E-1,6.274821758E-1
1.660307961E2,-1.212393761E0,5.028274655E-1,6.398522854E-1
1.660509611E2,-1.006518245E0,5.038139224E-1,6.215234399E-1
1.660711261E2,-8.362000585E-1,4.966674447E-1,5.831735134E-1
1.660912911E2,-8.275800943E-1,3.688699007E-1,5.856109858E-1
1.661114561E2,-8.398507833E-1,1.392391920E-1,6.381623745E-1
1.661316211E2,-7.125528455E-1,9.677859955E-3,6.218336225E-1
1.661517861E2,-4.791170657E-1,3.665411845E-2,5.275779366E-1
1.661719511E2,-3.536756039E-1,8.209902048E-2,4.437809587E-1
1.661921161E2,-3.977866769E-1,1.156455427E-1,4.194973409E-1
1.662122801E2,-3.212997019E-1,2.925629914E-1,5.075178146E-1
1.662324451E2,-2.819650471E-1,1.917098314E-1,4.793260396E-1
1.662526101E2,-2.915457189E-1,-2.191096358E-2,3.750876188E-1
1.662727751E2,-2.327824682E-1,-1.937074810E-1,3.063827455E-1
1.662929401E2,-2.308391631E-1,-2.122793049E-1,3.003631830E-1
1.663131051E2,-3.412560523E-1,-1.542726159E-1,2.617473602E-1
1.663332701E2,-4.438942373E-1,-1.125364751E-1,2.118385136E-1
1.663534351E2,-3.787679970E-1,-1.016604602E-1,1.437479705E-1
1.663736001E2,-1.423038989E-1,-1.070807055E-1,-4.576072562E-3
1.663937641E2,1.982863545E-1,-9.117586166E-2,-1.927644163E-1
1.664139291E2,3.125171661E-1,-1.615912020E-1,-2.477206886E-1
1.664340941E2,4.172900915E-1,-2.969539165E-1,-1.631811112E-1
1.664542591E2,5.212390423E-1,-4.841664135E-1,-1.345715374E-1
1.664744241E2,6.679176688E-1,-5.426466465E-1,-1.985888779E-1
1.664945891E2,8.933137655E-1,-4.909648001E-1,-2.803750932E-1
1.665147541E2,1.176265478E0,-4.091564417E-1,-3.232224584E-1
1.665349191E2,1.091457248E0,-4.396463037E-1,-3.458467126E-1
1.665550831E2,7.342694998E-1,-5.648915172E-1,-3.113451302E-1
1.665752481E2,6.437919736E-1,-7.230753303E-1,-2.721456885E-1
1.665954131E2,9.362850189E-1,-7.465233803E-1,-3.558488786E-1
1.666155781E2,1.216398835E0,-6.736120582E-1,-5.389246345E-1
1.666357431E2,1.343517542E0,-4.681612253E-1,-6.373451948E-1
1.666559081E2,1.298174858E0,-1.843409985E-1,-5.914525986E-1
1.666760731E2,9.740418792E-1,-1.743080020E-1,-4.737417400E-1
1.666962381E2,7.898694873E-1,-2.416594476E-1,-3.855156898E-1
1.667164031E2,1.068108797E0,-2.984659672E-1,-5.556533337E-1
1.667365671E2,1.337448716E0,-1.260078847E-1,-7.489764094E-1
1.667567321E2,1.319566488E0,1.124197692E-1,-7.613685131E-1
1.667768971E2,1.096528053E0,1.300739348E-1,-6.430669427E-1
1.667970621E2,8.677742481E-1,-4.301235825E-2,-5.485298038E-1
1.668172271E2,8.274636865E-1,-7.800368965E-2,-4.735099375E-1
1.668373921E2,7.962654233E-1,5.597285554E-2,-3.521038592E-1
1.668575571E2,6.088193655E-1,1.332185864E-1,-2.097255141E-1
1.668777225E2,3.973824382E-1,1.484531313E-1,-1.053838506E-1
1.668978865E2,2.399872541E-1,1.891119927E-1,-8.458933979E-2
1.669180515E2,2.289670892E-2,1.210022345E-1,-8.464316279E-2
1.669382165E2,-3.057802022E-1,3.165761940E-3,-1.221400686E-3
1.669583815E2,-5.540885925E-1,-7.655637711E-2,7.214324921E-2
1.669785465E2,-6.907967925E-1,-1.014823243E-1,2.084737457E-2
1.669987115E2,-8.593514562E-1,-2.749085054E-2,-5.879120901E-3
1.670188765E2,-1.137705207E0,1.166513711E-1,1.074199155E-1
1.670390415E2,-1.394369960E0,1.731209606E-1,2.220282406E-1
1.670592065E2,-1.431843758E0,2.152746767E-1,2.195723802E-1
1.670793705E2,-1.402567029E0,2.162763327E-1,1.521343142E-1
1.670995355E2,-1.451473117E0,2.137189955E-1,1.013768762E-1
1.671197005E2,-1.598756194E0,1.673403084E-1,1.181304231E-1
1.671398655E2,-1.688110232E0,3.324223161E-1,1.614531428E-1
1.671600305E2,-1.684244394E0,5.388044119E-1,1.717963070E-1
1.671801955E2,-1.628087997E0,5.414115191E-1,1.673726588E-1
1.672003605E2,-1.546918631E0,4.446693063E-1,1.717459261E-1
1.672205255E2,-1.327557445E0,4.281463325E-1,1.455934644E-1
1.672406895E2,-1.127839565E0,5.821737051E-1,7.938636094E-2
1.672608545E2,-1.114479661E0,6.784799695E-1,6.337507814E-2
1.672810195E2,-1.041672468E0,6.196731925E-1,1.491695344E-1
1.673011845E2,-8.364413381E-1,4.950426817E-1,1.436970234E-1
1.673213495E2,-6.345410943E-1,3.841394186E-1,5.839948729E-2
1.673415145E2,-7.094603181E-1,1.198598891E-1,4.359906912E-2
1.673616795E2,-5.309812427E-1,1.753062159E-1,1.821974516E-1
1.673818445E2,1.910281740E-2,7.669580579E-1,3.400498331E-1
1.674020095E2,2.285431027E-1,7.609245777E-1,3.829825521E-1
1.674221735E2,3.426543474E-1,4.480381906E-1,4.456924200E-1
1.674423385E2,6.882035732E-1,1.123330593E-1,4.711951911E-1
1.674625035E2,1.057058215E0,-2.763683796E-1,4.918549657E-1
1.674826685E2,1.301172853E0,-5.506022573E-1,4.260965586E-1
1.675028335E2,1.385681510E0,-4.999816120E-1,3.602043688E-1
1.675229985E2,1.469385266E0,-4.369255900E-1,3.601261377E-1
1.675431635E2,1.445601821E0,-5.397587419E-1,3.663873374E-1
1.675633285E2,1.645632148E0,-6.482027173E-1,1.829768270E-1
1.675834925E2,2.072547913E0,-5.540136099E-1,-2.598756552E-2
1.676036575E2,2.255352974E0,-4.867352545E-1,-1.295759082E-1
1.676238225E2,2.115158081E0,-4.424161315E-1,-8.117134869E-2
1.676439875E2,1.736999989E0,-2.582595050E-1,6.796010584E-2
1.676641525E2,1.332063913E0,-2.318854630E-1,1.870749891E-1
1.676843175E2,1.184029698E0,-2.717455924E-1,1.569939405E-1
1.677044825E2,1.190260410E0,-1.993500888E-1,-2.916524559E-2
1.677246475E2,1.051117539E0,-1.985265166E-1,-1.840529442E-1
1.677448125E2,7.844210863E-1,-1.575672925E-1,-1.933788657E-1
1.677649765E2,4.862308800E-1,-5.675289407E-2,-3.741974477E-3
1.677851415E2,2.250490189E-1,3.619154915E-2,1.780735999E-1
1.678053065E2,1.724556275E-2,2.640670836E-1,2.091475874E-1
1.678254715E2,-3.167582452E-1,4.023696184E-1,1.673257649E-1
1.678456365E2,-9.122794271E-1,3.293531537E-1,2.223480791E-1
1.678658019E2,-1.285794497E0,2.098511755E-1,2.959644496E-1
1.678859669E2,-1.351357698E0,2.446136922E-1,2.689265907E-1
1.679061319E2,-1.506309986E0,5.222581029E-1,3.159560859E-1
1.679262969E2,-1.819687843E0,6.232539415E-1,3.208435178E-1
1.679464609E2,-2.230681181E0,5.182392597E-1,4.019646347E-1
1.679666259E2,-2.539341927E0,2.273290753E-1,4.771409035E-1
1.679867909E2,-2.496445656E0,-1.574426144E-1,3.838749230E-1
1.680069559E2,-2.258599281E0,-4.935045242E-1,3.129380643E-1
1.680271209E2,-2.150156498E0,-5.488041639E-1,2.570728362E-1
1.680472859E2,-2.141491413E0,-6.505872607E-1,1.922041178E-1
1.680674509E2,-1.860012650E0,-3.950601518E-1,8.134054393E-2
1.680876159E2,-2.076078653E0,-6.138849854E-1,-2.845532000E-1
1.681077799E2,-1.333497643E0,-6.575986743E-2,-4.712665975E-1
1.681279449E2,-1.190378293E-1,3.271203935E-1,-7.220726609E-1
1.681481099E2,8.791531324E-1,2.094568312E-1,-1.038233161E0
1.681682749E2,1.394783616E0,-2.424007952E-1,-1.321820021E0
1.681884399E2,1.787565351E0,-4.285524786E-1,-1.393270135E0
1.682086049E2,1.998076439E0,-2.342117727E-1,-1.335280180E0
1.682287699E2,2.144640207E0,2.156895101E-1,-1.270185113E0
1.682489349E2,2.481146574E0,5.018685460E-1,-1.195564508E0
1.682690989E2,2.535197020E0,3.607061505E-1,-1.005922794E0
1.682892639E2,2.234009504E0,-6.423521042E-2,-7.168608904E-1
1.683094289E2,1.706143260E0,-4.662212431E-1,-4.730373323E-1
1.683295939E2,1.327825665E0,-5.659930706E-1,-3.174548447E-1
1.683497589E2,1.517983437E0,-4.303220809E-1,-3.234896958E-1
1.683699239E2,1.887364030E0,-2.436048090E-1,-3.708809018E-1
1.683900889E2,1.948767066E0,-7.274453342E-2,-4.291272461E-1
1.684102539E2,1.657472849E0,-8.592429012E-2,-4.397730529E-1
1.684304189E2,1.222270370E0,-2.725500166E-1,-3.727484345E-1
1.684505829E2,8.399729133E-1,-3.174782991E-1,-2.915208638E-1
1.684707479E2,5.922303796E-1,-2.474112809E-1,-2.893408835E-1
1.684909129E2,3.277332187E-1,-1.258400530E-1,-2.798421085E-1
1.685110779E2,-6.511679292E-2,-1.586174816E-1,-2.508322597E-1
1.685312429E2,-5.437125564E-1,-2.880730629E-1,-1.500345469E-1
1.685514079E2,-9.788370728E-1,-2.763337195E-1,-1.051801071E-1
1.685715729E2,-1.205021501E0,-1.056984998E-2,-1.437116265E-1
1.685917379E2,-1.359514952E0,2.527351975E-1,-1.011062637E-1
1.686119019E2,-1.545965433E0,2.945224345E-1,-1.514020469E-2
1.686320669E2,-1.822915196E0,2.663390636E-1,4.605649784E-2
1.686522319E2,-2.267135382E0,2.867058814E-1,7.639825344E-2
1.686723969E2,-2.815149546E0,4.754064679E-1,2.261290997E-1
1.686925619E2,-2.912942886E0,5.556380153E-1,3.366009891E-1
1.687127269E2,-2.412339926E0,6.600265503E-1,3.122341335E-1
1.687328919E2,-2.071775198E0,9.873510599E-1,2.852504253E-1
1.687530569E2,-2.198136806E0,1.052655101E0,4.038996994E-1
1.687732219E2,-2.309751749E0,5.915332437E-1,6.024367213E-1
1.687933859E2,-1.870145440E0,1.485962570E-1,7.001560926E-1
1.688135509E2,-8.951693177E-1,1.020029709E-1,6.207020879E-1
1.688337159E2,-2.865531147E-1,1.156074628E-1,5.403987765E-1
1.688538809E2,-4.692448676E-1,-3.307483196E-1,5.050371289E-1
1.688740451E2,-2.363751829E-1,-2.660843730E-1,7.679966092E-1
1.688942101E2,-1.263602823E-2,3.103440069E-2,9.301218390E-1
1.689143751E2,4.248476401E-2,2.076681107E-1,7.705014348E-1
1.689345401E2,-2.280768156E-1,5.630883388E-3,5.202579498E-1
1.689547051E2,-3.084093630E-1,-2.065185010E-1,5.002197623E-1
1.689748691E2,-1.669115871E-1,-2.239029557E-1,6.128187776E-1
1.689950341E2,-5.080005154E-2,-2.576165497E-1,5.240750909E-1
1.690151991E2,2.133071721E-1,-2.284990549E-1,2.563507557E-1
1.690353641E2,5.355833173E-1,-3.991980553E-1,-5.358688533E-2
1.690555291E2,7.568024993E-1,-6.884719729E-1,-2.136818916E-1
1.690756941E2,5.867325664E-1,-1.128600836E0,-1.914624274E-1
1.690958591E2,5.448454022E-1,-1.466668606E0,-2.316676527E-1
1.691160241E2,9.995139837E-1,-1.216092587E0,-4.435904622E-1
1.691361881E2,1.319366693E0,-8.621518612E-1,-5.870214105E-1
1.691563531E2,1.415197968E0,-7.021315694E-1,-6.269468069E-1
1.691765181E2,1.479341030E0,-7.431092262E-1,-5.838534236E-1
1.691966831E2,1.743961811E0,-6.368227005E-1,-6.926718950E-1
1.692168481E2,2.386122227E0,-4.636271596E-1,-1.016101241E0
1.692370131E2,2.843931913E0,-3.619702458E-1,-1.248198152E0
1.692571781E2,2.832295418E0,-4.030295908E-1,-1.195793152E0
1.692773431E2,2.711270809E0,-4.463543892E-1,-1.049059510E0
1.692975081E2,2.577177763E0,-6.347341537E-1,-1.017137766E0
1.693176721E2,2.359237909E0,-7.610108256E-1,-9.564195275E-1
1.693378371E2,1.851752996E0,-7.658419013E-1,-8.122949600E-1
1.693580021E2,1.266939402E0,-5.248274803E-1,-5.405334830E-1
1.693781671E2,6.012061834E-1,-3.289234936E-1,-3.222998083E-1
1.693983321E2,2.500913665E-2,-3.408651650E-1,-1.804035157E-1
1.694184971E2,-1.396167725E-1,-5.703178644E-1,-6.810684502E-2
1.694386621E2,2.130219787E-1,-6.710886359E-1,-1.580578536E-1
1.694588271E2,6.048058867E-1,-4.425367415E-1,-4.522706270E-1
1.694789911E2,6.701638699E-1,1.489844620E-1,-6.658951640E-1
1.694991561E2,2.086708397E-1,5.250302553E-1,-6.506966949E-1
1.695193211E2,-5.891994834E-1,5.119039416E-1,-4.447778165E-1
1.695394861E2,-1.136325598E0,5.793498755E-1,-2.335231453E-1
1.695596511E2,-1.065652847E0,9.729633927E-1,-2.365449220E-1
1.695798161E2,-8.314538002E-1,1.466898799E0,-2.903293371E-1
1.695999811E2,-1.153374672E0,1.664848566E0,-2.853640616E-1
1.696201461E2,-1.888035536E0,1.283652306E0,-1.475177556E-1
1.696403111E2,-2.374670744E0,7.517714500E-1,2.587993070E-2
1.696604751E2,-2.650658131E0,3.415089250E-1,-9.742053226E-3
1.696806401E2,-2.958760977E0,9.234511852E-2,6.093138829E-3
1.697008051E2,-3.039626122E0,1.927124709E-2,1.729401052E-1
1.697209701E2,-2.830686331E0,9.754404426E-3,3.054884374E-1
1.697411351E2,-2.701465368E0,-1.172418520E-1,2.692981958E-1
1.697613001E2,-2.922333717E0,-5.669386983E-1,2.064874470E-1
1.697814651E2,-2.934333563E0,-1.074672699E0,2.677724063E-1
1.698016301E2,-2.396025896E0,-9.926808476E-1,2.809822559E-1
1.698217951E2,-1.770918965E0,-5.110449791E-1,1.408795714E-1
1.698419591E2,-1.135674834E0,-6.877973676E-2,-2.553547546E-2
1.698621241E2,-2.071936429E-1,2.677625418E-1,-3.014718890E-1
1.698822893E2,7.755420804E-1,4.801605344E-1,-6.300975084E-1
1.699024543E2,1.433638453E0,3.933930099E-1,-8.070575595E-1
1.699226193E2,1.784258366E0,1.946237087E-1,-7.916387916E-1
1.699427843E2,2.093100309E0,-7.175204903E-2,-6.620464325E-1
1.699629493E2,2.367042542E0,-2.172596008E-1,-5.925728679E-1
1.699831143E2,2.610949516E0,-4.011765867E-2,-6.519368887E-1
1.700032783E2,2.935759306E0,3.558242023E-1,-6.345088482E-1
1.700234433E2,2.895373344E0,6.985848546E-1,-5.457785726E-1
1.700436083E2,2.163919926E0,7.593862414E-1,-3.789329231E-1
1.700637733E2,1.416561961E0,4.811460078E-1,-1.338362843E-1
1.700839383E2,1.055509090E0,8.830034733E-2,1.090820655E-1
1.701041033E2,9.817427993E-1,-3.038467169E-1,2.476920485E-1
1.701242683E2,9.112357497E-1,-6.546639800E-1,2.469267696E-1
1.701444333E2,7.497279048E-1,-8.299839497E-1,1.870899498E-1
1.701645983E2,6.376702189E-1,-5.454485416E-1,1.840482354E-1
1.701847623E2,6.321008801E-1,-1.908195764E-2,2.053986788E-1
1.702049273E2,7.589665651E-1,4.256590903E-1,2.806926966E-1
1.702250923E2,5.737892389E-1,3.388032913E-1,3.157574832E-1
1.702452573E2,3.243191540E-1,1.672017872E-1,2.717807293E-1
1.702654223E2,1.131113917E-1,1.700431854E-1,2.695155144E-1
1.702855873E2,-1.312150359E-1,2.441692054E-1,2.701063752E-1
1.703057523E2,-3.796364069E-1,2.693106234E-1,2.947344780E-1
1.703259173E2,-6.461836696E-1,2.515905499E-1,3.453895748E-1
1.703460813E2,-9.116679430E-1,2.360813618E-1,4.046402574E-1
1.703662463E2,-1.045991302E0,3.392956853E-1,4.135161340E-1
1.703864113E2,-1.171343207E0,6.150653958E-1,3.631226122E-1
1.704065763E2,-1.214569092E0,7.911927104E-1,2.401385158E-1
1.704267413E2,-1.391827226E0,8.943827748E-1,2.805733979E-1
1.704469063E2,-1.781856060E0,7.442585230E-1,4.110870361E-1
1.704670713E2,-2.069499731E0,6.076514125E-1,6.450117826E-1
1.704872363E2,-2.058659077E0,6.075718999E-1,8.459817767E-1
1.705074013E2,-2.040597677E0,4.501549006E-1,8.641526103E-1
1.705275653E2,-2.022644520E0,2.669918835E-1,8.987348080E-1
1.705477303E2,-2.416356325E0,-1.892699003E-1,9.346026182E-1
1.705678953E2,-2.435492516E0,-8.239671588E-1,1.005907536E0
1.705880603E2,-1.839182854E0,-7.107021213E-1,1.107999444E0
1.706082253E2,-1.353863001E0,-5.839016438E-1,9.437292814E-1
1.706283903E2,-9.699873328E-1,-4.863824844E-1,6.266458631E-1
1.706485553E2,-6.110277176E-1,-3.287488818E-1,3.686977327E-1
1.706687203E2,-3.412420452E-1,-1.295456141E-1,1.908590049E-1
1.706888853E2,-1.116657779E-1,3.235570341E-2,2.257462405E-2
1.707090493E2,3.837894499E-1,1.827230752E-1,-1.895112395E-1
1.707292143E2,9.093372226E-1,1.989098340E-1,-4.846530557E-1
1.707493793E2,1.099809408E0,-6.539188325E-2,-7.773690224E-1
1.707695443E2,1.169029951E0,-3.856436312E-1,-8.714829683E-1
1.707897093E2,1.124145746E0,-5.926927924E-1,-7.717390656E-1
1.708098743E2,1.405092955E0,-4.652122855E-1,-6.818203926E-1
1.708300393E2,1.844710588E0,-4.039454758E-1,-7.662470341E-1
1.708502043E2,2.246499538E0,-5.448741913E-1,-8.099006414E-1
1.708703690E2,2.361783028E0,-6.937668324E-1,-7.438749075E-1
1.708905330E2,2.223873377E0,-7.308408022E-1,-6.266707778E-1
1.709106980E2,2.113353968E0,-6.826242208E-1,-5.718510151E-1
1.709308630E2,2.042162657E0,-6.411084533E-1,-5.075986981E-1
1.709510280E2,1.893215418E0,-6.781626940E-1,-4.420227706E-1
1.709711930E2,1.798864961E0,-7.568833232E-1,-4.304763079E-1
1.709913580E2,1.709430575E0,-7.740884423E-1,-4.771503806E-1
1.710115230E2,1.506512642E0,-5.657426715E-1,-5.725364685E-1
1.710316880E2,1.238823175E0,-1.724300385E-1,-6.071672440E-1
1.710518520E2,1.178291082E0,1.238290668E-1,-6.192084551E-1
1.710720170E2,1.176729679E0,3.808217943E-1,-6.149275303E-1
1.710921820E2,9.414629936E-1,5.175707936E-1,-5.824379921E-1
1.711123470E2,4.886987805E-1,4.809397459E-1,-5.097944140E-1
1.711325120E2,-4.738688841E-2,4.248546660E-1,-3.494260013E-1
1.711526770E2,-4.055908918E-1,3.551757336E-1,-1.440672725E-1
1.711728420E2,-5.350817442E-1,4.250689745E-1,-4.554751515E-2
1.711930070E2,-6.736342311E-1,6.169438958E-1,-4.019101616E-4
1.712131720E2,-9.108853340E-1,7.426019907E-1,-2.188789472E-2
1.712333360E2,-1.211169600E0,7.140745521E-1,-2.349149995E-2
1.712535010E2,-1.469886065E0,5.839501619E-1,5.830186605E-2
1.712736660E2,-1.673413038E0,3.703931272E-1,1.299504787E-1
1.712938310E2,-1.852661371E0,4.245977476E-2,1.023571640E-1
1.713139960E2,-2.055505753E0,5.174830090E-3,6.776125729E-2
1.713341610E2,-2.187142849E0,7.389637083E-2,1.094497219E-1
1.713543260E2,-2.268870831E0,6.407631189E-2,1.627319008E-1
1.713744910E2,-2.382405758E0,3.997937962E-2,1.253231168E-1
1.713946560E2,-2.507794619E0,5.929095298E-2,6.207046658E-2
1.714148200E2,-2.456079006E0,6.364077330E-2,5.887410603E-3
1.714349850E2,-2.391366005E0,-9.493350983E-2,-1.055108160E-1
1.714551500E2,-2.113205671E0,-1.533650458E-1,-1.933378130E-1
1.714753150E2,-1.600609064E0,2.242934145E-2,-2.773850858E-1
1.714954800E2,-7.951795459E-1,2.504146993E-1,-3.961454332E-1
1.715156450E2,1.404869556E-1,3.102268875E-1,-5.090783834E-1
1.715358100E2,8.406027555E-1,2.056416273E-1,-5.729815960E-1
1.715559750E2,1.471621633E0,1.931530684E-1,-4.989734590E-1
1.715761400E2,1.755299330E0,2.646571100E-1,-3.651529849E-1
1.715963040E2,1.645007610E0,2.852326632E-1,-1.784702837E-1
1.716164690E2,1.480176449E0,5.518017411E-1,3.540368006E-2
1.716366340E2,1.596845388E0,4.860818982E-1,1.786562800E-1
1.716567990E2,1.959924698E0,8.002044633E-3,1.881455928E-1
1.716769640E2,2.247939110E0,-4.458906353E-1,1.198878810E-1
1.716971290E2,2.231107235E0,-5.944378972E-1,1.642428339E-2
1.717172940E2,1.821384549E0,-4.525837898E-1,3.288475052E-2
1.717374590E2,1.686572075E0,-1.002328172E-1,9.624496847E-2
1.717576230E2,1.698819518E0,2.836779952E-1,9.064471722E-2
1.717777880E2,1.339476705E0,2.722683549E-1,7.735499740E-2
1.717979530E2,8.283249140E-1,1.409298033E-1,1.320343167E-1
1.718181180E2,3.054186404E-1,1.212222874E-2,2.527292371E-1
1.718382830E2,-1.111443862E-1,-1.325279772E-1,3.553299904E-1
1.718584480E2,-4.150707126E-1,-2.038346678E-1,3.711262047E-1
1.718786133E2,-6.108828187E-1,-1.447615474E-1,2.814342678E-1
1.718987783E2,-6.638048887E-1,3.541670367E-2,1.198080108E-1
1.719189432E2,-7.188482881E-1,2.392942756E-1,6.952545047E-2
1.719391073E2,-8.884280324E-1,3.372283578E-1,1.350966990E-1
1.719592723E2,-1.142565131E0,3.041109443E-1,2.875375450E-1
1.719794373E2,-1.475556254E0,3.091281354E-1,4.642591476E-1
1.719996022E2,-1.622823000E0,4.525441825E-1,5.749941468E-1
1.720197672E2,-1.527285218E0,4.746701419E-1,6.494221091E-1
1.720399323E2,-1.501957297E0,4.514155388E-1,7.613118291E-1
1.720600973E2,-2.010020733E0,1.517119259E-1,8.588300347E-1
1.720802623E2,-2.394435644E0,-1.629004627E-2,1.017924666E0
1.721004272E2,-2.397402763E0,-1.504371464E-1,1.044645548E0
1.721205913E2,-2.123590708E0,-1.153116226E-1,9.334601164E-1
1.721407563E2,-2.132382631E0,-1.958145052E-1,6.677578092E-1
1.721609213E2,-1.949194431E0,-3.065356612E-1,6.028170586E-1
1.721810862E2,-1.633747697E0,-3.391225934E-1,5.181447864E-1
1.722012512E2,-1.283711910E0,-3.901777864E-1,2.435735166E-1
1.722214163E2,-7.594974041E-1,-2.738828957E-1,-1.257722527E-1
1.722415813E2,-1.087072864E-1,-1.704704203E-2,-3.946700990E-1
1.722617463E2,3.226010501E-1,1.393993646E-1,-6.356914043E-1
1.722819113E2,4.930556715E-1,1.620921642E-1,-8.436591625E-1
1.723020753E2,6.436111331E-1,2.442914993E-1,-9.759432077E-1
1.723222403E2,8.524907827E-1,1.239404455E-1,-1.088939667E0
1.723424053E2,1.301211476E0,1.061315835E-2,-1.243795753E0
1.723625702E2,1.745625496E0,-6.547669321E-2,-1.424650550E0
1.723827352E2,2.198025465E0,-7.698545605E-2,-1.511332393E0
1.724029003E2,2.431791306E0,-1.102622002E-1,-1.548914909E0
1.724230653E2,2.305582762E0,-2.264953256E-1,-1.598531485E0
1.724432303E2,2.030280352E0,-2.167970240E-1,-1.517530322E0
1.724633953E2,1.948606491E0,1.125906035E-2,-1.345983028E0
1.724835593E2,2.025203705E0,3.297418952E-1,-1.185130835E0
1.725037243E2,2.104421854E0,4.243808091E-1,-1.082450390E0
1.725238893E2,1.990091443E0,2.736551166E-1,-9.706852436E-1
1.725440543E2,1.532398701E0,9.427095950E-2,-7.698414922E-1
1.725642192E2,1.075247407E0,-1.310553402E-1,-5.815584064E-1
1.725843843E2,8.410760164E-1,-3.290830851E-1,-4.215066731E-1
1.726045493E2,7.229006886E-1,-5.283657312E-1,-3.589270115E-1
1.726247143E2,6.600300670E-1,-6.695516109E-1,-3.683697283E-1
1.726448793E2,5.102763772E-1,-6.851723194E-1,-3.746062815E-1
1.726650433E2,2.636491358E-1,-6.198661327E-1,-3.808695078E-1
1.726852083E2,-6.011615694E-2,-5.314655900E-1,-3.253435791E-1
1.727053733E2,-3.992445171E-1,-5.099229813E-1,-1.873337328E-1
1.727255383E2,-5.898363590E-1,-6.006028056E-1,-1.553003341E-1
1.727457032E2,-6.239761114E-1,-7.419461608E-1,-2.093702853E-1
1.727658683E2,-7.680534124E-1,-7.344764471E-1,-2.489841431E-1
1.727860333E2,-1.081287265E0,-5.790400505E-1,-1.644273102E-1
1.728061983E2,-1.338762641E0,-4.541499913E-1,-6.356216222E-2
1.728263633E2,-1.484645128E0,-2.741694748E-1,-2.888525650E-2
1.728465273E2,-1.343964458E0,-2.686432004E-1,-1.621272564E-1
1.728666923E2,-1.166481614E0,-1.661486328E-1,-3.305850029E-1
1.728868575E2,-1.288878918E0,5.046846718E-2,-3.756256998E-1
1.729070225E2,-1.481466889E0,2.184379250E-1,-2.238570899E-1
1.729271875E2,-1.562101245E0,3.784520030E-1,-1.068390459E-1
1.729473525E2,-1.448693633E0,5.018799305E-1,-1.553567797E-1
1.729675175E2,-1.125956893E0,6.513022780E-1,-2.332166284E-1
1.729876825E2,-7.457206845E-1,6.248419285E-1,-2.419658154E-1
1.730078475E2,-6.779798865E-1,7.549100518E-1,-9.728411585E-2
1.730280115E2,-8.371606469E-1,8.892921209E-1,1.334778219E-1
1.730481765E2,-7.262307405E-1,6.353329420E-1,2.869578600E-1
1.730683415E2,-2.332039326E-1,2.528761029E-1,2.084116042E-1
1.730885065E2,3.051829338E-1,1.007032320E-1,9.944807738E-2
1.731086715E2,5.941699147E-1,2.088316679E-1,1.295657903E-1
1.731288365E2,6.504895687E-1,2.761557698E-1,2.428214401E-1
1.731490015E2,5.485858321E-1,1.421518326E-1,3.597887754E-1
1.731691665E2,4.158129990E-1,-3.935588151E-2,4.539208114E-1
1.731893315E2,2.590268552E-1,-1.439973414E-1,4.657572210E-1
1.732094955E2,1.087083146E-1,-3.393924236E-2,4.325176179E-1
1.732296605E2,5.894903094E-2,1.189055070E-1,3.636151552E-1
1.732498255E2,1.123101711E-1,1.460267603E-1,2.915147245E-1
1.732699905E2,7.172881812E-2,7.692237198E-2,2.080755085E-1
1.732901555E2,-2.528024614E-1,-9.139122814E-2,1.664542556E-1
1.733103205E2,-6.183646321E-1,-2.011148930E-1,1.747233570E-1
1.733304855E2,-6.399050951E-1,-6.832803041E-2,2.514552176E-1
1.733506505E2,-4.724421203E-1,1.844712496E-1,3.257389963E-1
1.733708155E2,-6.590294838E-1,2.470014542E-1,3.002914190E-1
1.733909795E2,-1.152414560E0,1.757652871E-2,3.484774530E-1
1.734111445E2,-1.452272058E0,-1.390160918E-1,4.362531900E-1
1.734313095E2,-1.281781912E0,-7.198317349E-2,4.362123609E-1
1.734514745E2,-1.074178934E0,1.163074896E-1,2.646617889E-1
1.734716395E2,-1.123278260E0,1.277227104E-1,4.500003904E-2
1.734918045E2,-1.363976598E0,-1.422854662E-1,-1.515515149E-1
1.735119695E2,-1.309110641E0,-2.797287107E-1,-2.431895435E-1
1.735321345E2,-1.060155749E0,-3.473841399E-2,-4.033601284E-1
1.735522995E2,-6.119208932E-1,1.558973491E-1,-8.046672344E-1
1.735724635E2,-8.457539231E-2,3.459132910E-1,-1.346941113E0
1.735926285E2,1.971091926E-1,5.676679611E-1,-1.792024374E0
1.736127935E2,2.603763044E-1,4.861203134E-1,-1.891599536E0
1.736329585E2,3.028756678E-1,4.009020329E-1,-1.792399287E0
1.736531235E2,8.318049312E-1,2.824034095E-1,-1.816897154E0
1.736732885E2,1.821079969E0,1.761657447E-1,-2.116255760E0
1.736934535E2,2.602156401E0,3.908642828E-1,-2.402531862E0
1.737136185E2,2.945906639E0,5.793951750E-1,-2.494444132E0
1.737337835E2,2.861829281E0,5.935469270E-1,-2.311822414E0
1.737539475E2,2.643082619E0,8.417899013E-1,-1.894832015E0
1.737741125E2,2.785658836E0,1.107271194E0,-1.593305349E0
1.737942775E2,2.975734472E0,1.400178671E0,-1.369636297E0
1.738144425E2,2.844962835E0,1.356841207E0,-1.185288668E0
1.738346075E2,2.538747072E0,1.059986353E0,-9.127241373E-1
1.738547725E2,2.193459749E0,5.761880875E-1,-5.421493053E-1
1.738749368E2,1.739111185E0,1.964262873E-1,-2.140925378E-1
1.738951018E2,1.137360692E0,-4.732310027E-2,3.291697428E-2
1.739152668E2,8.511003852E-1,-3.564791083E-1,1.632141322E-1
1.739354318E2,1.040700078E0,-5.980819464E-1,1.117891297E-1
1.739555958E2,1.115067840E0,-7.994310856E-1,-2.574917860E-3
1.739757608E2,8.509456515E-1,-1.096383572E0,-1.267971843E-1
1.739959258E2,3.551316261E-1,-1.276721716E0,-1.892707795E-1
1.740160908E2,-2.549110055E-1,-1.124304056E0,-8.765133470E-2
1.740362558E2,-6.393001676E-1,-9.020352364E-1,1.292973943E-2
1.740564208E2,-7.218585610E-1,-7.761497498E-1,1.809610054E-2
1.740765858E2,-9.732924104E-1,-6.808788180E-1,7.751910482E-3
1.740967508E2,-1.568098903E0,-5.510541797E-1,3.921322152E-2
1.741169148E2,-2.150084496E0,-3.392635286E-1,1.792408228E-1
1.741370798E2,-2.090369940E0,-5.696546659E-2,7.400792837E-2
1.741572448E2,-1.761899829E0,2.748804092E-1,-1.923139393E-1
1.741774098E2,-1.737553120E0,3.482739627E-1,-3.882942796E-1
1.741975748E2,-1.906086206E0,1.985914707E-1,-2.577805221E-1
1.742177398E2,-1.992998004E0,4.097064435E-1,-8.361145854E-2
1.742379048E2,-2.058541059E0,8.899650574E-1,-9.079904854E-2
1.742580698E2,-2.224815130E0,1.090823293E0,-6.925423443E-2
1.742782348E2,-2.077325821E0,7.227547765E-1,-9.994208813E-2
1.742983998E2,-1.502339244E0,8.054088056E-2,-1.803243607E-1
1.743185638E2,-9.823985696E-1,-1.339421421E-1,-2.284733504E-1
1.743387288E2,-8.426914811E-1,-1.675771624E-1,-2.155912966E-1
1.743588938E2,-3.903721869E-1,2.061525285E-1,-9.618490189E-2
1.743790588E2,-7.929633558E-2,5.160275102E-1,-1.382581592E-1
1.743992238E2,1.295252442E-1,6.044375300E-1,-1.241320893E-1
1.744193888E2,6.491783261E-2,4.912566543E-1,-9.786205366E-3
1.744395538E2,-1.671061963E-1,2.715126574E-1,2.524685264E-1
1.744597188E2,-2.115866244E-1,2.267063856E-1,5.684646368E-1
1.744798838E2,-7.154142112E-2,1.999337077E-1,7.085016370E-1
1.745000478E2,7.439364493E-2,1.316596866E-1,7.073505521E-1
1.745202128E2,8.913493901E-2,-9.146516025E-2,6.856569648E-1
1.745403778E2,5.379556865E-2,-4.005085528E-1,5.849269629E-1
1.745605428E2,-1.009166986E-1,-6.271944046E-1,3.428314924E-1
1.745807078E2,-3.655259609E-1,-5.575132370E-1,1.068408042E-1
1.746008728E2,-5.823801756E-1,-3.949612975E-1,2.356575802E-2
1.746210378E2,-5.390195847E-1,-3.125536442E-1,-6.774988957E-3
1.746412028E2,-2.231944650E-1,-2.054809034E-1,-2.280314118E-1
1.746613678E2,1.261775494E-1,-1.402785778E-1,-6.460397840E-1
1.746815328E2,3.994804919E-1,-1.265859008E-1,-1.089038134E0
1.747016968E2,4.995727539E-1,-1.890410036E-1,-1.412486792E0
1.747218618E2,6.233577132E-1,-2.032003254E-1,-1.625889063E0
1.747420268E2,8.706634045E-1,-1.501346976E-1,-1.815237641E0
1.747621918E2,1.172361851E0,-2.019965351E-1,-2.091960907E0
1.747823568E2,1.429198265E0,-2.698162794E-1,-2.264333725E0
1.748025218E2,1.586051941E0,-2.902263105E-1,-2.253942251E0
1.748226868E2,1.461383462E0,-1.821134984E-1,-2.254295349E0
1.748428518E2,1.286838651E0,-1.225493848E-1,-2.273625135E0
1.748630168E2,1.287033916E0,-1.476611942E-2,-2.278605461E0
1.748831815E2,1.351291418E0,9.118025005E-2,-2.330247402E0
1.749033465E2,1.470713139E0,3.352630883E-2,-2.341846704E0
1.749235115E2,1.577746153E0,-2.106200755E-1,-2.260822535E0
1.749436765E2,1.554366708E0,-5.490440130E-1,-2.211802483E0
1.749638415E2,1.428098798E0,-6.245014071E-1,-2.203106642E0
1.749840065E2,1.224978447E0,-6.211247444E-1,-2.093409300E0
1.750041715E2,1.053184986E0,-5.066167116E-1,-1.882423639E0
1.750243365E2,9.516333938E-1,-3.638091385E-1,-1.686754346E0
1.750445015E2,8.566903472E-1,-2.219152004E-1,-1.542154193E0
1.750646665E2,6.528686881E-1,-2.529290318E-1,-1.377243161E0
1.750848305E2,4.311648011E-1,-3.889444470E-1,-1.210795760E0
1.751049955E2,4.011030793E-1,-4.443978667E-1,-1.131595135E0
1.751251605E2,4.488352239E-1,-4.597223997E-1,-1.091697812E0
1.751453255E2,4.203635752E-1,-4.578216374E-1,-1.002912402E0
1.751654905E2,2.727386951E-1,-5.154148340E-1,-9.039144516E-1
1.751856555E2,4.774736613E-2,-5.973724723E-1,-8.214500546E-1
1.752058205E2,-1.076053977E-1,-6.388514638E-1,-7.816406488E-1
1.752259855E2,-2.115372717E-1,-6.413916349E-1,-7.356817126E-1
1.752461505E2,-3.411005139E-1,-6.332633495E-1,-6.932116747E-1
1.752663145E2,-5.100417137E-1,-5.519609451E-1,-6.372503638E-1
1.752864795E2,-6.654250622E-1,-4.765572846E-1,-5.435574055E-1
1.753066445E2,-7.665982842E-1,-4.661794305E-1,-4.377360642E-1
1.753268095E2,-7.383794188E-1,-4.293661714E-1,-3.757506013E-1
1.753469745E2,-6.516507268E-1,-4.376931190E-1,-3.350394368E-1
1.753671395E2,-6.964672208E-1,-3.422800303E-1,-2.493827790E-1
1.753873045E2,-8.440479040E-1,-2.092771530E-1,-1.487621069E-1
1.754074695E2,-9.489526749E-1,-8.854131401E-2,-7.963640988E-2
1.754276345E2,-9.280803204E-1,-7.013285905E-2,-5.592257529E-2
1.754477995E2,-9.829328060E-1,-1.060903668E-1,-1.221435070E-1
1.754679635E2,-1.007629275E0,3.555766940E-1,2.177031152E-2
1.754881285E2,-1.106508970E0,6.892529726E-1,1.549161822E-1
1.755082935E2,-1.107349157E0,6.784846783E-1,8.349146694E-2
1.755284585E2,-9.657700062E-1,3.905188739E-1,-1.209686548E-1
1.755486235E2,-5.697998405E-1,4.604732990E-1,-1.625781208E-1
1.755687885E2,-3.033924997E-1,7.592265606E-1,-8.557397127E-2
1.755889535E2,-2.607524693E-1,7.906468511E-1,-7.621613145E-2
1.756091185E2,-2.538019717E-1,6.589356065E-1,-3.055158816E-2
1.756292835E2,-3.410396278E-1,4.348745346E-1,6.236010417E-2
1.756494485E2,-4.792829752E-1,2.366095781E-1,1.588592976E-1
1.756696125E2,-5.788366795E-1,1.424587369E-1,2.262749225E-1
1.756897775E2,-5.564639568E-1,1.699704826E-1,2.337920070E-1
1.757099425E2,-5.430679321E-1,1.895545274E-1,1.466046721E-1
1.757301075E2,-6.206631064E-1,7.001359761E-2,7.159463316E-2
1.757502725E2,-6.015086174E-1,-9.356205165E-2,-7.651815191E-3
1.757704375E2,-4.835047722E-1,-4.870841280E-2,-2.011664361E-1
1.757906025E2,-4.361790717E-1,1.544515193E-1,-4.707624912E-1
1.758107675E2,-4.836433232E-1,2.487383336E-1,-7.021774650E-1
1.758309325E2,-5.922035575E-1,1.729535908E-1,-8.431455493E-1
1.758510975E2,-6.214326024E-1,7.160852849E-2,-9.662418962E-1
1.758712620E2,-5.272998810E-1,2.582792006E-2,-1.104546547E0
1.758914270E2,-3.973170519E-1,4.253030568E-2,-1.275516748E0
1.759115920E2,-2.226190865E-1,9.426958859E-2,-1.426189661E0
1.759317570E2,1.230543181E-1,9.361030906E-2,-1.571659803E0
1.759519220E2,4.896042049E-1,2.068600152E-4,-1.753164649E0
1.759720870E2,6.984096766E-1,-1.462785155E-1,-1.902764559E0
1.759922520E2,7.574743629E-1,-1.912843138E-1,-1.922579169E0
1.760124170E2,8.458506465E-1,-1.144214869E-1,-1.886414528E0
1.760325820E2,9.610072970E-1,-1.067076847E-1,-1.940706730E0
1.760527460E2,1.101940513E0,-1.373441219E-1,-1.979643822E0
1.760729110E2,1.171711802E0,-2.415319085E-1,-1.893599629E0
1.760930760E2,1.216504455E0,-3.877851367E-1,-1.751851082E0
1.761132410E2,1.326198697E0,-5.290690660E-1,-1.679532170E0
1.761334060E2,1.339590788E0,-6.830535531E-1,-1.740899086E0
1.761535710E2,1.270944953E0,-6.814858317E-1,-1.730428696E0
1.761737360E2,8.892494440E-1,-7.057549357E-1,-1.683728218E0
1.761939010E2,5.333143473E-1,-7.192351818E-1,-1.551481366E0
1.762140660E2,6.558064222E-1,-8.119773865E-1,-1.492905855E0
1.762342310E2,1.008655548E0,-9.292501211E-1,-1.597985387E0
1.762543950E2,1.250343442E0,-9.384461045E-1,-1.824519277E0
1.762745600E2,1.335574746E0,-6.833028793E-1,-1.907907486E0
1.762947250E2,1.269134402E0,-3.158251047E-1,-1.827667832E0
1.763148900E2,1.246469498E0,-5.095357448E-2,-1.720585108E0
1.763350550E2,1.261180043E0,1.425320059E-1,-1.607927561E0
1.763552200E2,1.187552691E0,2.237942964E-1,-1.515292406E0
1.763753850E2,9.868078232E-1,2.360838205E-1,-1.384263158E0
1.763955500E2,7.527651787E-1,1.551047117E-1,-1.213508129E0
1.764157150E2,6.477327347E-1,1.227532402E-1,-1.085230708E0
1.764358800E2,6.527913213E-1,8.119583130E-2,-1.031006098E0
1.764560440E2,5.979849696E-1,-8.458715677E-2,-1.004476309E0
1.764762090E2,4.928333163E-1,-2.951418757E-1,-9.459450841E-1
1.764963740E2,3.641270399E-1,-3.615676463E-1,-8.265978694E-1
1.765165390E2,1.924890578E-1,-3.352499604E-1,-7.355214953E-1
1.765367040E2,-1.016398743E-1,-2.895399034E-1,-6.556156874E-1
1.765568690E2,-3.788020611E-1,-3.256521523E-1,-5.968506336E-1
1.765770340E2,-6.414743066E-1,-3.871217966E-1,-5.148627758E-1
1.765971990E2,-8.688450456E-1,-4.853669405E-1,-4.687822163E-1
1.766173640E2,-1.062803864E0,-5.445702672E-1,-4.352630079E-1
1.766375290E2,-1.181536198E0,-4.830753207E-1,-3.624870181E-1
1.766576930E2,-1.394216418E0,-4.520421922E-1,-2.677121758E-1
1.766778580E2,-1.631227851E0,-5.502729416E-1,-1.617819518E-1
1.766980230E2,-1.823555827E0,-4.716440439E-1,-1.087366939E-1
1.767181880E2,-1.997104168E0,-4.185033143E-1,-1.073136330E-1
1.767383530E2,-2.115529060E0,-2.818555534E-1,-1.009759009E-1
1.767585180E2,-2.196793556E0,1.706158668E-1,-2.778552286E-2
1.767786830E2,-2.000612259E0,6.603534222E-1,6.031337008E-2
1.767988480E2,-1.717601895E0,9.382383823E-1,7.506380230E-2
1.768190130E2,-1.402521729E0,7.012764812E-1,-3.960005939E-2
1.768391780E2,-9.237071872E-1,2.320679426E-1,-1.875396520E-1
1.768593430E2,-4.701116085E-1,1.080885902E-1,-2.143231779E-1
1.768795061E2,-2.671140432E-1,4.340638816E-1,-7.898330688E-2
1.768996711E2,-1.960491389E-1,7.337827086E-1,6.734314561E-2
1.769198361E2,2.503635883E-1,9.316329360E-1,9.215009212E-2
1.769400011E2,7.171241641E-1,8.712390661E-1,6.635607779E-2
1.769601661E2,7.466121912E-1,7.125598788E-1,5.877214298E-2
1.769803311E2,4.541487694E-1,5.843635798E-1,1.375669241E-1
1.770004961E2,1.905419976E-1,4.095772505E-1,3.846919835E-1
1.770206611E2,1.614656299E-2,8.104357123E-2,5.468253493E-1
1.770408261E2,-1.268415749E-1,-2.233020365E-1,5.490084291E-1
1.770609901E2,-1.137939841E-1,-2.189974338E-1,4.970390201E-1
1.770811551E2,-5.032307282E-2,-2.149185725E-2,4.880857468E-1
1.771013201E2,-3.615427762E-2,-1.819276810E-1,4.563441575E-1
1.771214851E2,-5.293620378E-2,-2.581016123E-1,4.417634010E-1
1.771416501E2,-8.023000509E-2,-1.473679096E-1,3.758927882E-1
1.771618151E2,-1.376493722E-1,6.799340248E-2,2.844875157E-1
1.771819801E2,-1.016668379E-1,3.252897263E-1,2.085143924E-1
1.772021451E2,-1.596292853E-1,2.013805211E-1,9.032279998E-2
1.772223101E2,-3.315533996E-1,2.460879041E-3,-3.354918957E-2
1.772424751E2,-5.057753325E-1,-1.675770152E-3,-7.373792678E-2
1.772626401E2,-5.762416720E-1,6.855209172E-2,-1.482090056E-1
1.772828041E2,-2.852734327E-1,-6.197476014E-2,-4.766061902E-1
1.773029691E2,1.636896841E-2,-2.656553984E-1,-9.100168943E-1
1.773231341E2,4.635613039E-2,-4.286047518E-1,-1.199453592E0
1.773432991E2,-9.582160041E-3,-6.108661890E-1,-1.382082462E0
1.773634641E2,2.005375773E-1,-4.403333068E-1,-1.560942769E0
1.773836291E2,7.559676766E-1,-1.595114917E-1,-1.707250834E0
1.774037941E2,1.342933297E0,1.744070463E-2,-1.719342470E0
1.774239591E2,1.877129674E0,9.873997420E-2,-1.690093398E0
1.774441241E2,2.202338457E0,1.114310026E-1,-1.616153240E0
1.774642881E2,2.184241295E0,1.521124244E-1,-1.510609031E0
1.774844531E2,2.031016111E0,9.274958074E-2,-1.363785505E0
1.775046181E2,1.857570171E0,-8.985706419E-2,-1.189659834E0
1.775247831E2,1.730143905E0,-2.337314785E-1,-1.026679516E0
1.775449481E2,1.695424557E0,-2.974362075E-1,-9.132853150E-1
1.775651131E2,1.777174234E0,-2.913003266E-1,-8.967421651E-1
1.775852781E2,1.899760365E0,-2.878208160E-1,-8.909732699E-1
1.776054431E2,1.881474137E0,-2.351590991E-1,-8.087183237E-1
1.776256081E2,1.709382772E0,-2.977226675E-1,-6.854971051E-1
1.776457731E2,1.529370070E0,-3.719514608E-1,-6.069130898E-1
1.776659381E2,1.377501726E0,-2.999982536E-1,-6.330547929E-1
1.776861021E2,1.159914613E0,-1.519887298E-1,-6.263288856E-1
1.777062671E2,8.203252554E-1,-4.886861891E-2,-4.866322577E-1
1.777264321E2,3.930629790E-1,-5.653810874E-2,-3.330019414E-1
1.777465971E2,-2.620763704E-2,-1.475839689E-2,-2.440610677E-1
1.777667621E2,-5.620502830E-1,4.910854250E-2,-1.349122971E-1
1.777869271E2,-1.213074327E0,-9.897898883E-3,-4.776902124E-2
1.778070921E2,-1.880405188E0,5.558555480E-3,5.150377005E-2
1.778272571E2,-2.259636641E0,2.513952553E-1,8.640365303E-2
1.778474221E2,-2.337120533E0,4.685116708E-1,-2.295740135E-2
1.778675871E2,-2.533898354E0,5.640183091E-1,-2.618189529E-2
1.778877512E2,-3.034709454E0,4.613738060E-1,2.144590616E-1
1.779079162E2,-3.424273729E0,4.460217953E-1,4.478053153E-1
1.779280812E2,-3.189721346E0,5.983632803E-1,4.046261311E-1
1.779482462E2,-2.541585922E0,9.245917797E-1,2.163551301E-1
1.779684112E2,-2.164906025E0,7.149120569E-1,1.167028695E-1
1.779885762E2,-1.884734631E0,2.031422034E-2,1.095584035E-1
1.780087412E2,-1.530862808E0,-2.114232183E-1,3.360609710E-1
1.780289062E2,-1.095523357E0,-7.841991633E-2,6.707999706E-1
1.780490712E2,-9.318090677E-1,1.133210883E-1,8.382484317E-1
1.780692362E2,-9.100107551E-1,1.314388663E-1,9.471719265E-1
1.780894012E2,-8.580008745E-1,-1.145711541E-1,1.124650955E0
1.781095652E2,-1.279215574E0,-7.834630609E-1,1.193161368E0
1.781297302E2,-9.392956495E-1,-6.958845854E-1,1.442444205E0
1.781498952E2,-3.629660904E-1,-3.036296070E-1,1.555267692E0
1.781700602E2,-2.297839336E-2,-2.273098752E-2,1.455925822E0
1.781902252E2,2.313778698E-1,5.332466960E-2,1.278529406E0
1.782103902E2,5.151831508E-1,-7.229880989E-2,1.132066250E0
1.782305552E2,5.533927083E-1,-3.050655723E-1,9.431502223E-1
1.782507202E2,3.664113283E-1,-3.865231872E-1,7.570824623E-1
1.782708852E2,2.568314672E-1,-3.268054128E-1,5.700069070E-1
1.782910502E2,1.940799206E-1,-2.662415206E-1,4.594651461E-1
1.783112142E2,7.797995210E-2,-3.930076957E-1,3.488817513E-1
1.783313792E2,7.440042496E-2,-4.323243797E-1,2.580762208E-1
1.783515442E2,9.516206384E-2,-4.261659682E-1,2.266219109E-1
1.783717092E2,6.666707247E-2,-2.100929022E-1,1.869947314E-1
1.783918742E2,1.181596816E-1,-9.222142398E-2,9.624378756E-3
1.784120392E2,5.922732949E-1,-2.410990149E-1,-1.455878764E-1
1.784322042E2,1.087125063E0,-7.924880981E-1,-3.335742056E-1
1.784523692E2,1.137465596E0,-1.425475717E0,-6.576495767E-1
1.784725342E2,1.131171346E0,-1.570134282E0,-9.135776162E-1
1.784926992E2,1.355552077E0,-1.302375793E0,-9.949786663E-1
1.785128632E2,1.940251589E0,-1.089671731E0,-1.061241150E0
1.785330282E2,2.624357700E0,-1.013336420E0,-1.105672717E0
1.785531932E2,2.877758741E0,-8.780106306E-1,-1.046694875E0
1.785733582E2,2.887460470E0,-5.637714267E-1,-9.735102654E-1
1.785935232E2,2.742773771E0,-4.632168263E-2,-9.375864267E-1
1.786136882E2,2.384880781E0,3.111061454E-1,-9.312447906E-1
1.786338532E2,1.858584762E0,2.102798223E-1,-8.732371926E-1
1.786540182E2,1.558538198E0,6.879496574E-2,-7.463417649E-1
1.786741832E2,1.475202084E0,6.162647530E-2,-6.201186776E-1
1.786943482E2,1.274852633E0,5.780379847E-2,-5.433718562E-1
1.787145122E2,9.811126590E-1,1.632632315E-2,-4.767464399E-1
1.787346772E2,7.072410583E-1,-1.132371649E-2,-4.405638874E-1
1.787548422E2,5.008248687E-1,7.267356664E-2,-3.885378242E-1
1.787750072E2,2.013334483E-1,1.718354970E-1,-2.850135863E-1
1.787951722E2,-1.112336144E-1,1.560803503E-1,-1.299238652E-1
1.788153372E2,-2.225983441E-1,8.726803213E-2,-1.116041467E-1
1.788355022E2,-2.556309104E-1,2.158082724E-1,-1.614647657E-1
1.788556672E2,-5.355538726E-1,4.488062859E-1,-2.034084946E-1
1.788758327E2,-9.757879376E-1,3.204182982E-1,-1.102209762E-1
1.788959978E2,-1.289887309E0,6.955564767E-2,-4.177451134E-2
1.789161628E2,-1.571569204E0,2.566178143E-1,-2.837026864E-2
1.789363268E2,-2.053059101E0,7.273279428E-1,7.153082639E-3
1.789564917E2,-2.746946096E0,1.307080984E0,1.528637558E-1
1.789766568E2,-3.094633102E0,1.572620034E0,2.029607743E-1
1.789968218E2,-2.899558544E0,1.609948754E0,2.196476161E-1
1.790169868E2,-3.047463894E0,1.320881844E0,4.649940729E-1
1.790371518E2,-3.541923523E0,6.944323182E-1,8.111273050E-1
1.790573167E2,-3.421503782E0,3.756551147E-1,9.656676650E-1
1.790774818E2,-2.592712164E0,2.253038138E-1,7.981628180E-1
1.790976468E2,-1.733132601E0,1.268448960E-2,6.701430082E-1
1.791178118E2,-1.272613645E0,1.142079905E-1,7.407224774E-1
1.791379768E2,-9.551088810E-1,-5.490984768E-2,9.228530526E-1
1.791581408E2,-7.053935528E-1,-1.075199544E-1,1.086852789E0
1.791783058E2,-6.692804098E-1,-2.681584358E-1,1.197934031E0
1.791984708E2,-6.843900681E-1,-3.521103263E-1,1.267376781E0
1.792186358E2,-7.215921283E-1,-3.209327459E-1,1.252851248E0
1.792388007E2,-5.262054205E-1,-2.388086915E-1,1.214029431E0
1.792589658E2,-2.315872908E-1,-1.334930658E-1,1.168989182E0
1.792791308E2,7.488207892E-3,-2.273449600E-1,1.043457627E0
1.792992958E2,1.588975191E-1,-2.759113908E-1,9.554217458E-1
1.793194608E2,2.138511091E-1,-4.899099767E-1,8.777973652E-1
1.793396257E2,4.198827446E-1,-6.702084541E-1,7.462376356E-1
1.793597898E2,6.744211316E-1,-6.573726535E-1,4.789814651E-1
1.793799548E2,7.431755662E-1,-3.765394986E-1,1.162764654E-1
1.794001198E2,8.044762611E-1,-2.117924988E-1,9.092123248E-3
1.794202847E2,8.636975288E-1,-4.381791949E-1,1.055369079E-1
1.794404497E2,7.138261199E-1,-7.063158751E-1,1.897743344E-1
1.794606148E2,2.328849286E-1,-8.102245927E-1,2.469961792E-1
1.794807798E2,7.203993201E-2,-1.132950068E0,3.578864634E-1
1.795009448E2,8.079063892E-1,-1.637645125E0,2.169775516E-1
1.795211097E2,1.927331090E0,-1.826370716E0,-3.188943267E-1
1.795412747E2,1.952604771E0,-1.463004708E0,-9.229314327E-1
1.795614398E2,1.499587536E0,-1.016905546E0,-1.295206904E0
1.795816038E2,1.711641908E0,-8.377310634E-1,-1.296273112E0
1.796017687E2,2.322602510E0,-9.345052838E-1,-1.342790008E0
1.796219337E2,2.566511154E0,-9.445059299E-1,-1.533501983E0
1.796420988E2,2.439503193E0,-6.684259772E-1,-1.641746283E0
1.796622638E2,2.062710047E0,-2.996792495E-1,-1.572020173E0
1.796824288E2,1.602470994E0,-7.606664300E-2,-1.387544274E0
1.797025938E2,1.207780719E0,1.247500032E-1,-1.147577763E0
1.797227587E2,9.793527722E-1,3.959012926E-1,-9.352716208E-1
1.797429238E2,9.540949464E-1,6.060419679E-1,-8.021987081E-1
1.797630888E2,1.014315248E0,5.572682619E-1,-7.511665225E-1
1.797832538E2,1.096043110E0,4.427923560E-1,-7.618409395E-1
1.798034177E2,1.072573185E0,3.858909309E-1,-7.517536283E-1
1.798235828E2,7.962492704E-1,3.057744503E-1,-7.374613285E-1
1.798437478E2,2.766600847E-1,1.548369527E-1,-6.772984862E-1
1.798639128E2,-1.125827357E-1,-5.152893066E-2,-5.696232319E-1
1.798840770E2,-3.117122948E-1,-2.343900688E-2,-4.244310856E-1
1.799042420E2,-5.296680331E-1,4.655993730E-2,-2.781102359E-1
1.799244070E2,-7.954448462E-1,6.074487232E-3,-1.489388645E-1
1.799445720E2,-1.009464860E0,1.537371427E-1,-6.932375580E-2
1.799647370E2,-1.179954767E0,4.537580013E-1,-1.263740212E-1
1.799849020E2,-1.537993073E0,5.257212520E-1,-1.068569273E-1
1.800050660E2,-2.089207411E0,5.227255225E-1,2.120169438E-2
1.800252310E2,-2.523095131E0,4.352926612E-1,1.695073396E-1
1.800453960E2,-2.724202633E0,5.363599658E-1,2.939095795E-1
1.800655610E2,-2.952171803E0,8.151634932E-1,2.803757191E-1
1.800857260E2,-3.022516251E0,1.052342176E0,1.965303719E-1
1.801058910E2,-3.044470072E0,1.323591471E0,3.384214044E-1
1.801260560E2,-3.040468216E0,1.176223159E0,6.078793406E-1
1.801462210E2,-2.879149914E0,5.893427730E-1,7.408211827E-1
1.801663860E2,-2.432211876E0,5.988761410E-2,7.262247801E-1
1.801865510E2,-1.589552045E0,7.070346922E-2,6.869544983E-1
1.802067160E2,-8.644278646E-1,3.006918132E-1,8.110692501E-1
1.802268810E2,-8.122466803E-1,1.588380039E-1,8.446703553E-1
1.802470450E2,-7.456617951E-1,-1.008670628E-1,9.265494943E-1
1.802672100E2,-5.803903341E-1,-3.048158884E-1,1.147727132E0
1.802873750E2,-4.173929393E-1,-3.691693246E-1,1.331278920E0
1.803075400E2,-2.957106829E-1,-4.249070585E-1,1.361316442E0
1.803277050E2,-1.850358993E-1,-4.168395102E-1,1.282981396E0
1.803478700E2,-9.185548872E-2,-3.329035938E-1,1.149690628E0
1.803680350E2,4.236616567E-2,-2.607932091E-1,9.393524528E-1
1.803882000E2,4.582813978E-1,-1.178112701E-1,7.097484469E-1
1.804083650E2,7.006231546E-1,-2.134658583E-2,5.572742224E-1
1.804285300E2,6.374245882E-1,-1.079501286E-1,4.931622148E-1
1.804486940E2,6.822404861E-1,-3.514099121E-1,4.291791320E-1
1.804688590E2,9.352707267E-1,-8.706554174E-1,2.028587312E-1
1.804890240E2,9.869366884E-1,-1.593602180E0,-4.182749614E-2
1.805091890E2,1.027446866E0,-1.788432598E0,-1.899919510E-1
1.805293540E2,1.243540168E0,-1.278370500E0,-2.135122567E-1
1.805495190E2,1.117535710E0,-1.049261689E0,-1.278002411E-1
1.805696840E2,4.818844497E-1,-1.186896682E0,-6.130521744E-2
1.805898490E2,3.007813692E-1,-1.346423984E0,-8.295778930E-2
1.806100140E2,1.002622604E0,-1.504460931E0,-4.402011037E-1
1.806301790E2,1.569837689E0,-1.583522201E0,-1.224302649E0
1.806503440E2,1.377752185E0,-1.755814672E0,-1.880875468E0
1.806705080E2,1.016040683E0,-1.650465965E0,-1.996331096E0
1.806906730E2,1.497523069E0,-1.225831866E0,-1.898281932E0
1.807108380E2,2.360917330E0,-5.671242476E-1,-1.995613337E0
1.807310030E2,2.568835020E0,6.110160053E-2,-2.265949249E0
1.807511680E2,2.180831432E0,2.631386817E-1,-2.439579010E0
1.807713330E2,1.805582047E0,2.544042170E-1,-2.226185322E0
1.807914980E2,1.573782682E0,2.401925772E-1,-1.821653128E0
1.808116630E2,1.267898083E0,1.943547577E-1,-1.561629415E0
1.808318280E2,9.577549696E-1,2.633453608E-1,-1.492204785E0
1.808519930E2,6.400289536E-1,3.450951874E-1,-1.414113998E0
1.808721580E2,4.084549248E-1,1.729230434E-1,-1.253605485E0
1.808923236E2,2.260582298E-1,-1.490999106E-2,-1.017507195E0
1.809124876E2,6.080637500E-2,-1.933192760E-1,-8.394672275E-1
1.809326526E2,-1.403349489E-1,-2.604467571E-1,-7.326238155E-1
1.809528176E2,-2.665595412E-1,-2.190026343E-1,-6.873469949E-1
1.809729826E2,-2.963607609E-1,-1.423248351E-1,-6.131438017E-1
1.809931476E2,-2.476462722E-1,9.685473144E-2,-5.088960528E-1
1.810133126E2,-2.658102214E-1,3.559736609E-1,-4.491783381E-1
1.810334776E2,-8.488082290E-1,4.055315554E-1,-3.483993113E-1
1.810536426E2,-1.606765866E0,3.333798647E-1,-2.257969826E-1
1.810738076E2,-1.795332789E0,2.703496814E-1,-1.489223242E-1
1.810939726E2,-1.822023630E0,3.788447380E-1,-3.638563678E-2
1.811141376E2,-2.092647076E0,8.044270277E-1,-5.644545890E-3
1.811343016E2,-2.313709974E0,1.466310143E0,6.513555348E-2
1.811544666E2,-2.301992178E0,1.958219409E0,3.247007132E-1
1.811746316E2,-2.251571894E0,1.321903348E0,4.795044065E-1
1.811947966E2,-2.424661160E0,2.443598509E-1,3.860287666E-1
1.812149616E2,-2.155457497E0,-1.636258960E-1,3.130011261E-1
1.812351266E2,-1.469232321E0,1.333895475E-1,3.508253694E-1
1.812552916E2,-1.017966509E0,7.319722772E-1,3.928318918E-1
1.812754566E2,-6.531407237E-1,1.111276507E0,6.469431520E-1
1.812956216E2,-5.400872827E-1,1.145271897E0,8.471909761E-1
1.813157866E2,-8.568714857E-1,5.667248964E-1,8.747088909E-1
1.813359516E2,-9.048415422E-1,1.136192828E-1,8.213672638E-1
1.813561156E2,-6.809984446E-1,5.470605195E-2,7.836563587E-1
1.813762806E2,-4.024491310E-1,1.662013978E-1,7.515476346E-1
1.813964456E2,-2.058540136E-1,2.907147408E-1,7.466419935E-1
1.814166106E2,-1.821302772E-1,1.853471994E-1,7.202158570E-1
1.814367756E2,-2.056509405E-1,-9.404994547E-2,6.269044876E-1
1.814569406E2,-9.545005858E-2,-2.383088022E-1,4.717631042E-1
1.814771056E2,2.083852887E-1,-4.362575114E-1,2.691574991E-1
1.814972706E2,4.004634321E-1,-6.175264716E-1,1.391840726E-1
1.815174356E2,2.866614461E-1,-9.088277221E-1,1.275441796E-1
1.815376006E2,2.683573663E-1,-1.112059236E0,1.272096634E-1
1.815577656E2,5.395335555E-1,-1.002368569E0,-4.140785895E-3
1.815779306E2,7.417666912E-1,-9.837580919E-1,-2.346129715E-1
1.815980946E2,6.908969879E-1,-1.096069098E0,-4.345149994E-1
1.816182596E2,6.473211050E-1,-1.105718017E0,-4.775620401E-1
1.816384246E2,5.575584173E-1,-1.015957236E0,-4.230281711E-1
1.816585896E2,3.711732626E-1,-9.496012330E-1,-4.230048060E-1
1.816787546E2,2.436100245E-1,-1.124541163E0,-5.346028209E-1
1.816989196E2,2.529485822E-1,-1.582826734E0,-8.486924171E-1
1.817190846E2,5.150818229E-1,-1.732893109E0,-1.165301561E0
1.817392496E2,8.621383905E-1,-1.586940765E0,-1.437136769E0
1.817594146E2,8.501796126E-1,-1.417457461E0,-1.629693151E0
1.817795796E2,6.699537039E-1,-1.215130329E0,-1.836336970E0
1.817997446E2,7.820857167E-1,-8.219519258E-1,-2.049695730E0
1.818199096E2,1.162058115E0,-4.487846196E-1,-2.204266548E0
1.818400736E2,1.599468946E0,-3.197802901E-1,-2.256861687E0
1.818602386E2,1.855276704E0,-4.154391587E-1,-2.284335613E0
1.818804037E2,1.741895080E0,-4.213184714E-1,-2.294305325E0
1.819005687E2,1.486823916E0,-1.641355008E-1,-2.177761316E0
1.819207337E2,1.220242262E0,1.650376171E-1,-2.085566044E0
1.819408987E2,1.311832428E0,5.995882750E-1,-2.043406725E0
1.819610637E2,1.411081433E0,9.512720108E-1,-1.930546761E0
1.819812287E2,1.141058803E0,1.018197894E0,-1.691038251E0
1.820013937E2,7.364115715E-1,7.758070230E-1,-1.385693908E0
1.820215587E2,4.274982512E-1,4.152038097E-1,-1.050972819E0
1.820417237E2,1.823334247E-1,7.609181106E-2,-7.954748869E-1
1.820618887E2,-2.071215212E-2,-1.383485794E-1,-6.010253429E-1
1.820820527E2,-2.397935390E-1,-2.236599475E-1,-3.903711438E-1
1.821022177E2,-4.324704409E-1,-3.003536165E-1,-1.705609262E-1
1.821223827E2,-6.714262962E-1,-3.753719330E-1,7.336732745E-2
1.821425477E2,-1.018773913E0,-5.748769045E-1,2.915301621E-1
1.821627127E2,-1.459970713E0,-7.322121263E-1,4.760486782E-1
1.821828777E2,-1.725175500E0,-8.040035367E-1,5.594208837E-1
1.822030427E2,-1.834550738E0,-6.734594107E-1,6.081107855E-1
1.822232077E2,-1.860979915E0,-5.459191203E-1,7.156264186E-1
1.822433727E2,-1.785474181E0,-5.299708843E-1,6.909549832E-1
1.822635377E2,-1.697410822E0,-5.477589965E-1,5.942738652E-1
1.822837027E2,-1.836459517E0,-2.955037057E-1,4.950667620E-1
1.823038677E2,-2.185136318E0,-2.014424652E-2,4.371462762E-1
1.823240317E2,-2.281238317E0,2.416039258E-1,3.897039890E-1
1.823441967E2,-1.991527200E0,4.042428732E-1,2.721508741E-1
1.823643617E2,-1.504044533E0,4.177702069E-1,5.357919261E-2
1.823845267E2,-1.094431996E0,3.693004847E-1,-3.335407674E-1
1.824046917E2,-7.596261501E-1,3.568313420E-1,-6.473321319E-1
1.824248567E2,-4.670180082E-1,2.891335189E-1,-8.853200078E-1
1.824450217E2,2.329584956E-2,2.223480642E-1,-1.083050609E0
1.824651867E2,6.346908212E-1,3.175922930E-1,-1.124133348E0
1.824853517E2,8.808106184E-1,4.128879905E-1,-1.149640441E0
1.825055167E2,1.175246000E0,5.334334970E-1,-1.198088884E0
1.825256817E2,1.690819502E0,5.334864855E-1,-1.255778790E0
1.825458467E2,1.904640794E0,3.692208529E-1,-1.349919796E0
1.825660107E2,1.774815559E0,1.836171448E-1,-1.389495134E0
1.825861757E2,1.668455005E0,1.381266862E-1,-1.313266993E0
1.826063407E2,1.848710895E0,1.733681262E-1,-1.279784799E0
1.826265057E2,2.170952320E0,2.367139608E-1,-1.262909412E0
1.826466707E2,2.323833466E0,3.333479166E-1,-1.263720870E0
1.826668357E2,2.129944324E0,2.054052353E-1,-1.200772285E0
1.826870007E2,1.723538518E0,-2.189591527E-2,-1.094315886E0
1.827071657E2,1.321986914E0,-1.790428162E-1,-8.643375039E-1
1.827273307E2,1.006684899E0,-2.977249324E-1,-6.522778273E-1
1.827474957E2,9.041731358E-1,-2.513547838E-1,-5.439289808E-1
1.827676607E2,8.899306655E-1,-1.856876612E-1,-5.207393765E-1
1.827878257E2,7.448846102E-1,-9.770226479E-2,-4.970265925E-1
1.828079907E2,3.962196112E-1,-4.185070284E-4,-4.480239749E-1
1.828281547E2,-8.256341517E-2,1.674139798E-1,-3.631969094E-1
1.828483197E2,-4.857889712E-1,3.587176204E-1,-2.808350623E-1
1.828684847E2,-8.133226633E-1,3.896675706E-1,-2.051042020E-1
1.828886491E2,-1.181550741E0,1.706658155E-1,-1.439601630E-1
1.829088141E2,-1.578311205E0,-7.646045089E-2,-7.713898551E-3
1.829289791E2,-1.951386452E0,-2.361087054E-1,1.023439467E-1
1.829491441E2,-2.322768927E0,-3.350464702E-1,1.516075879E-1
1.829693091E2,-2.593399763E0,-2.934559584E-1,9.840520471E-2
1.829894741E2,-2.743353128E0,-1.524196565E-1,8.495318890E-2
1.830096391E2,-2.730255127E0,-2.603330910E-1,2.974169850E-1
1.830298041E2,-2.725765228E0,-4.503606558E-1,6.142885089E-1
1.830499691E2,-3.095258236E0,-7.263094783E-1,6.503177285E-1
1.830701341E2,-3.028493166E0,-5.916217566E-1,5.419787169E-1
1.830902991E2,-3.167047739E0,-6.621674895E-1,2.643029690E-1
1.831104631E2,-2.716852665E0,-5.805987120E-1,-1.556066424E-1
1.831306281E2,-1.428227425E0,-4.758823216E-1,-6.470175385E-1
1.831507931E2,-5.637677386E-2,-2.666257322E-1,-1.189368010E0
1.831709581E2,8.400533199E-1,-1.064480282E-2,-1.564398646E0
1.831911231E2,1.301097870E0,3.913705647E-1,-1.719234467E0
1.832112881E2,1.475120783E0,8.768630624E-1,-1.797670245E0
1.832314531E2,1.667675257E0,1.468899012E0,-1.872017145E0
1.832516181E2,1.753910780E0,1.426816344E0,-2.038605452E0
1.832717831E2,1.899703741E0,8.207425475E-1,-2.207695246E0
1.832919481E2,1.984721303E0,1.951611340E-1,-2.204736471E0
1.833121131E2,2.049832106E0,9.673766792E-2,-2.018216133E0
1.833322781E2,2.117760420E0,2.279623151E-1,-1.885425210E0
1.833524431E2,2.176421881E0,4.026495218E-1,-1.793208241E0
1.833726081E2,2.204776287E0,4.492903948E-1,-1.626412630E0
1.833927731E2,2.136261940E0,3.754639030E-1,-1.447700858E0
1.834129371E2,1.973162889E0,2.202468067E-1,-1.310475945E0
1.834331021E2,1.728105664E0,4.605142027E-2,-1.146726251E0
1.834532671E2,1.503247142E0,-1.571059376E-1,-9.592955112E-1
1.834734321E2,1.358578920E0,-2.625183761E-1,-7.934134007E-1
1.834935971E2,1.246367455E0,-3.013141751E-1,-6.692823172E-1
1.835137621E2,1.110656261E0,-3.226907253E-1,-5.698765516E-1
1.835339271E2,9.168697000E-1,-3.037207723E-1,-5.144883990E-1
1.835540921E2,7.289525867E-1,-2.774659097E-1,-4.960936904E-1
1.835742571E2,4.875023365E-1,-1.546232402E-1,-4.759708643E-1
1.835944221E2,1.567164212E-1,8.174695820E-2,-4.719510674E-1
1.836145871E2,-2.315722406E-1,2.343304753E-1,-5.119031072E-1
1.836347521E2,-6.852288246E-1,1.578952372E-1,-5.209379792E-1
1.836549171E2,-1.131406188E0,-1.039938778E-1,-5.875450373E-1
1.836750821E2,-1.432837605E0,-3.547424674E-1,-7.385654449E-1
1.836952471E2,-1.547894239E0,-4.584361911E-1,-7.703212500E-1
1.837154121E2,-1.783598661E0,-4.313629866E-1,-7.104233503E-1
1.837355771E2,-2.209126234E0,-3.642773628E-1,-6.140128970E-1
1.837557421E2,-2.411014318E0,1.899118163E-2,-6.195436716E-1
1.837759061E2,-2.541006327E0,6.722929478E-1,-4.725621343E-1
1.837960711E2,-3.000893593E0,1.375312090E0,-1.105491146E-1
1.838162361E2,-3.363865614E0,1.456636190E0,3.347198665E-1
1.838364011E2,-2.801419020E0,7.876298428E-1,3.976986408E-1
1.838565661E2,-2.143250465E0,2.185053192E-2,-2.754842639E-1
1.838767311E2,-2.257305145E0,-6.716917753E-1,-1.219841003E0
1.838968967E2,-1.580718160E0,-3.608585596E-1,-1.414671540E0
1.839170618E2,-9.624674320E-1,2.340832055E-1,-1.108153343E0
1.839372268E2,-5.358173847E-1,5.804615617E-1,-7.105584741E-1
1.839573918E2,-3.086125851E-1,6.460946798E-1,-4.997362792E-1
1.839775568E2,2.363472879E-1,8.144187331E-1,-4.521060884E-1
1.839977217E2,9.133464098E-1,1.116420627E0,-7.291790843E-1
1.840178867E2,7.734392881E-1,6.798460484E-1,-1.364616871E0
1.840380518E2,5.243219137E-1,1.707537174E-1,-1.785078287E0
1.840582168E2,6.635207534E-1,-1.412316859E-1,-1.785896778E0
1.840783818E2,9.888776541E-1,-1.391351968E-1,-1.611248255E0
1.840985467E2,1.367839813E0,-6.652082503E-2,-1.641926050E0
1.841187117E2,1.636401772E0,1.644103555E-3,-1.754071712E0
1.841388768E2,1.721424818E0,-1.176118478E-1,-1.771152616E0
1.841590418E2,1.657876849E0,-4.147118032E-1,-1.721679211E0
1.841792068E2,1.581735492E0,-6.740077138E-1,-1.698371410E0
1.841993718E2,1.713727355E0,-7.018584013E-1,-1.713545918E0
1.842195367E2,2.125966072E0,-7.600641847E-1,-1.775207281E0
1.842397018E2,2.497552633E0,-8.613733649E-1,-1.756546736E0
1.842598668E2,2.540373802E0,-9.929842353E-1,-1.637808919E0
1.842800318E2,2.378021002E0,-1.147319674E0,-1.593317389E0
1.843001968E2,2.224939585E0,-1.250729322E0,-1.586432219E0
1.843203617E2,2.212510586E0,-1.376469612E0,-1.610255480E0
1.843405268E2,2.189260483E0,-1.447322488E0,-1.648129702E0
1.843606918E2,1.936695337E0,-1.284402966E0,-1.638867617E0
1.843808568E2,1.468343735E0,-9.853497148E-1,-1.520259261E0
1.844010218E2,1.033883810E0,-6.630884409E-1,-1.410756826E0
1.844211867E2,8.521854877E-1,-6.683074832E-1,-1.421709895E0
1.844413517E2,9.187397361E-1,-7.788500190E-1,-1.577968836E0
1.844615168E2,9.604507685E-1,-5.799362063E-1,-1.729856610E0
1.844816818E2,7.905756235E-1,-1.890116036E-1,-1.693344831E0
1.845018468E2,5.165939331E-1,4.036589339E-2,-1.603086710E0
1.845220117E2,7.632621378E-2,1.259469539E-1,-1.463532090E0
1.845421767E2,-4.871544838E-1,3.112379275E-2,-1.256053209E0
1.845623418E2,-1.102834821E0,-4.742230102E-2,-9.778018594E-1
1.845825068E2,-1.531009912E0,-1.586031020E-1,-6.795441508E-1
1.846026718E2,-1.727177143E0,-1.663652211E-1,-4.584814310E-1
1.846228357E2,-1.764971852E0,-3.961076215E-2,-3.744689822E-1
1.846430017E2,-1.707974792E0,6.491607428E-2,-2.983247042E-1
1.846631668E2,-1.651502848E0,-6.186459213E-2,-1.938106567E-1
1.846833318E2,-1.783296585E0,-2.233906239E-1,-1.286119372E-1
1.847034958E2,-1.969397664E0,-1.732155383E-1,-1.246121749E-1
1.847236607E2,-1.854504228E0,1.239945740E-2,-1.546720862E-1
1.847438258E2,-1.708117962E0,7.884100825E-2,-1.750646234E-1
1.847639918E2,-1.893050075E0,-1.513688117E-1,-1.092883870E-1
1.847841558E2,-2.054894447E0,-3.662853241E-1,5.146077275E-2
1.848043208E2,-1.955748796E0,-3.537385762E-1,6.610295922E-2
1.848244868E2,-1.644250870E0,-1.325135827E-1,-3.699277714E-2
1.848446517E2,-1.157597780E0,2.719287574E-1,-2.895100713E-1
1.848648168E2,-6.707288623E-1,6.183386445E-1,-5.552129745E-1
1.848849806E2,-3.275110722E-1,7.865948081E-1,-5.719509721E-1
1.849051466E2,9.288088977E-2,7.293076515E-1,-4.852873683E-1
1.849253116E2,7.990168333E-1,5.518330336E-1,-5.120491385E-1
1.849454766E2,1.420870662E0,4.329354465E-1,-5.271028876E-1
1.849656416E2,1.640862226E0,1.177968755E-1,-4.820869863E-1
1.849858066E2,1.433605790E0,-1.992205977E-1,-3.518761396E-1
1.850059716E2,1.141810536E0,-8.400880545E-2,-1.719144434E-1
1.850261366E2,1.307268381E0,3.256081343E-1,-9.089194238E-2
1.850463016E2,1.806882381E0,6.123894453E-1,-1.560232639E-1
1.850664666E2,2.225740910E0,5.060431361E-1,-3.057447076E-1
1.850866316E2,2.359399796E0,1.932075024E-1,-4.178682566E-1
1.851067966E2,2.098154306E0,-2.015527636E-1,-4.589363039E-1
1.851269616E2,1.584247112E0,-5.034121871E-1,-4.957183301E-1
1.851471266E2,1.317800522E0,-3.035624921E-1,-4.372949302E-1
1.851672916E2,1.219883800E0,1.706832051E-1,-3.676017523E-1
1.851874566E2,1.255991340E0,3.723221123E-1,-3.594611287E-1
1.852076216E2,1.178762913E0,2.994300723E-1,-3.355962634E-1
1.852277866E2,8.913178444E-1,1.010814086E-1,-1.722986847E-1
1.852479516E2,4.059598148E-1,-1.995052025E-2,1.746008396E-1
1.852681166E2,-4.336714000E-2,-5.869285464E-1,3.747414649E-1
1.852882816E2,-4.425885379E-1,-9.413788319E-1,5.356199145E-1
1.853084466E2,-4.693416953E-1,-7.432975769E-1,4.983005226E-1
1.853286116E2,-2.933169305E-1,4.133522883E-2,2.671151459E-1
1.853487766E2,-5.986530781E-1,1.119374752E0,-1.033325791E-1
1.853689416E2,-1.014873147E0,1.229142189E0,-2.520695031E-1
1.853891066E2,-1.535830140E0,5.541732311E-1,-2.147491723E-1
1.854092716E2,-1.686833143E0,-3.771456182E-1,-2.438548952E-1
1.854294366E2,-1.557927251E0,-6.766852736E-1,-2.813096046E-1
1.854496016E2,-1.422374010E0,-8.153045177E-2,-1.500159949E-1
1.854697666E2,-1.519467831E0,9.234593511E-1,8.263416588E-2
1.854899316E2,-1.948152065E0,9.525452852E-1,2.798847258E-1
1.855100966E2,-2.440024853E0,5.421851873E-1,4.248680174E-1
1.855302616E2,-2.891630650E0,4.029588699E-1,6.857201457E-1
1.855504266E2,-2.908654213E0,7.511648536E-1,9.219994545E-1
1.855705916E2,-2.566792727E0,7.179198265E-1,9.137222767E-1
1.855907566E2,-2.243116379E0,3.657872975E-1,1.115397736E-1
1.856109216E2,-2.508859396E0,3.678766638E-2,-1.862259358E-1
1.856310866E2,-2.662140369E0,-4.371931553E-1,3.484734893E-1
1.856512516E2,-2.396623135E0,-6.126269102E-1,7.675935626E-1
1.856714166E2,-2.071366549E0,-5.283653736E-1,5.962737203E-1
1.856915816E2,-1.796050191E0,-3.798482716E-1,3.075673282E-1
1.857117466E2,-1.781263590E0,-1.883345246E-1,-1.682341248E-1
1.857319116E2,-1.586517811E0,1.366667449E-1,-5.354087353E-1
1.857520766E2,-1.011608958E0,5.740061402E-1,-7.963890433E-1
1.857722416E2,-4.256251454E-1,7.146164775E-1,-7.848603725E-1
1.857924066E2,-2.561361194E-1,4.375676215E-1,-7.888470292E-1
1.858125716E2,-4.283490777E-1,2.226314545E-1,-8.509669304E-1
1.858327366E2,-2.031222135E-1,5.898885131E-1,-7.916200757E-1
1.858529016E2,8.243292570E-1,9.886239171E-1,-8.479012251E-1
1.858730666E2,1.760912776E0,8.532664776E-1,-9.139723778E-1
1.858932312E2,1.990192533E0,4.073677063E-1,-9.795806408E-1
1.859133962E2,1.907020330E0,2.032619119E-1,-9.313026667E-1
1.859335612E2,2.144983768E0,4.496881366E-1,-8.308758140E-1
1.859537262E2,2.423212767E0,1.013392210E0,-5.898361802E-1
1.859738912E2,2.501043558E0,1.226605654E0,-3.094581366E-1
1.859940562E2,2.387702942E0,9.483126998E-1,-1.513072103E-1
1.860142212E2,2.110541821E0,2.953599393E-1,-7.934460044E-2
1.860343862E2,1.539064527E0,-3.921231627E-1,-1.185230240E-1
1.860545512E2,8.264957666E-1,-7.649411559E-1,-1.916834116E-1
1.860747162E2,2.000261694E-1,-6.333103776E-1,-1.146116555E-1
1.860948812E2,-2.099777609E-1,9.397229180E-3,6.497041136E-2
1.861150462E2,-4.529264569E-1,7.181928754E-1,1.745783240E-1
1.861352112E2,-8.544988632E-1,1.169937015E0,1.879541874E-1
1.861553762E2,-1.431174397E0,1.488862157E0,1.360727996E-1
1.861755412E2,-2.041264296E0,1.477606416E0,1.142783910E-1
1.861957062E2,-2.392927885E0,1.134800911E0,1.177075207E-1
1.862158712E2,-2.329177856E0,4.515286982E-1,7.830162346E-2
1.862360362E2,-2.143180609E0,1.424302012E-1,3.986918181E-2
1.862562012E2,-2.188291788E0,4.583647847E-1,8.220807649E-3
1.862763662E2,-2.409842968E0,8.916817307E-1,1.083320528E-1
1.862965312E2,-2.581830978E0,6.785303950E-1,1.176771596E-1
1.863166962E2,-2.750007868E0,1.634083241E-1,-1.800980270E-1
1.863368612E2,-2.966321707E0,2.931034192E-2,-5.098755956E-1
1.863570262E2,-3.193731546E0,3.525469601E-1,-5.466911793E-1
1.863771912E2,-3.335819244E0,6.387581229E-1,-3.941071928E-1
1.863973562E2,-3.460708380E0,1.010041595E0,-3.553414345E-1
1.864175212E2,-3.536748171E0,1.267511964E0,-5.773600340E-1
1.864376862E2,-3.434010267E0,1.561145306E0,-7.938240767E-1
1.864578512E2,-3.147918224E0,1.515333176E0,-7.997670770E-1
1.864780162E2,-2.927254915E0,1.174238205E0,-6.372666955E-1
1.864981812E2,-2.817936897E0,8.745859861E-1,-4.088078141E-1
1.865183462E2,-2.888096809E0,8.187601566E-1,-3.087133169E-1
1.865385112E2,-2.894142866E0,6.240410805E-1,-2.737458348E-1
1.865586762E2,-2.822158098E0,4.483852386E-1,-2.485182732E-1
1.865788412E2,-2.447307110E0,3.070834279E-1,-1.669364423E-1
1.865990062E2,-1.841723442E0,-1.008342654E-1,-2.367826998E-1
1.866191712E2,-1.431829214E0,-5.102822781E-1,-2.600529194E-1
1.866393362E2,-1.292323589E0,-6.046932936E-1,-2.851685882E-1
1.866595012E2,-1.112970471E0,-2.817084491E-1,-2.778031826E-1
1.866796662E2,-7.323411703E-1,-1.909413785E-1,-1.423000991E-1
1.866998312E2,-4.957141280E-1,-2.394416779E-1,-5.976503715E-2
1.867199962E2,-4.356117547E-1,-3.165389895E-1,-2.116807364E-2
1.867401612E2,-3.692196608E-1,-2.760044932E-1,1.027119532E-1
1.867603262E2,-1.695625335E-1,-2.060644478E-1,1.767620146E-1
1.867804912E2,1.548485607E-1,-1.154462770E-1,1.842100918E-2
1.868006562E2,5.961735845E-1,-1.093320698E-1,-1.087300554E-1
1.868208212E2,1.145591259E0,-2.456722409E-2,-1.678899378E-1
1.868409862E2,1.749255419E0,2.956805229E-1,-1.459913701E-1
1.868611512E2,2.308362246E0,7.382451296E-1,5.508548766E-2
1.868813161E2,2.754403114E0,1.180031776E0,1.661715209E-1
1.869014811E2,3.123756409E0,1.072449327E0,3.213858902E-1
1.869216461E2,3.391906023E0,2.107190490E-1,4.046913385E-1
1.869418111E2,3.586359024E0,-2.875839174E-1,4.719838202E-1
1.869619761E2,3.691769600E0,1.525032818E-1,5.950956345E-1
1.869821411E2,3.733971357E0,8.174871802E-1,8.131125569E-1
1.870023061E2,3.688802958E0,1.185289860E0,1.046444178E0
1.870224711E2,3.794103384E0,7.362858057E-1,1.064071298E0
1.870426361E2,3.815954924E0,-6.199991331E-2,8.196864128E-1
1.870628011E2,3.649058342E0,-3.712390661E-1,5.825829506E-1
1.870829661E2,3.406203270E0,-4.093596935E-1,4.900186360E-1
1.871031311E2,3.198945284E0,-1.942840964E-1,4.261138141E-1
1.871232961E2,3.166186094E0,2.297340631E-1,4.330694377E-1
1.871434611E2,2.857141018E0,2.211742401E-1,4.565404058E-1
1.871636261E2,2.777292013E0,4.210307002E-1,4.736577868E-1
1.871837911E2,2.565351248E0,6.077989936E-1,3.397793472E-1
1.872039561E2,2.233105421E0,5.663238764E-1,1.404482871E-1
1.872241211E2,1.877906442E0,4.243667126E-1,7.246393245E-3
1.872442861E2,1.531080127E0,2.075216621E-1,2.723580599E-2
1.872644511E2,1.171614289E0,-7.009866089E-2,5.415291339E-2
1.872846161E2,7.087738514E-1,-2.843362689E-1,-5.444063991E-2
1.873047811E2,1.382979304E-1,-4.364949465E-1,-2.406169772E-1
1.873249461E2,-4.672572613E-1,-5.304538012E-1,-4.526258111E-1
1.873451111E2,-1.021030664E0,-5.252261162E-1,-5.804440379E-1
1.873652761E2,-1.333500743E0,-4.858754873E-1,-5.949043632E-1
1.873854411E2,-1.518901348E0,-3.769546151E-1,-7.487872243E-1
1.874056061E2,-1.970795631E0,-2.205214351E-1,-1.040990472E0
1.874257711E2,-2.534471035E0,2.026524097E-1,-1.342483163E0
1.874459361E2,-3.010029078E0,9.317389727E-1,-1.243009210E0
1.874661011E2,-3.277501822E0,1.461995840E0,-1.126835108E0
1.874862661E2,-3.487188816E0,1.551678300E0,-1.142994642E0
1.875064311E2,-3.938698053E0,1.228700042E0,-1.068061113E0
1.875265961E2,-4.457699776E0,8.786425591E-1,-1.098529100E0
1.875467611E2,-4.522657871E0,6.414933801E-1,-1.098900318E0
1.875669261E2,-4.236932755E0,2.356963456E-1,-8.691522479E-1
1.875870911E2,-3.759790182E0,1.744020730E-1,-7.113547325E-1
1.876072561E2,-2.978691101E0,5.045412183E-1,-8.588441014E-1
1.876274211E2,-2.249089241E0,4.526307881E-1,-9.549354911E-1
1.876475861E2,-1.966793776E0,1.722395569E-1,-1.033529162E0
1.876677511E2,-1.786242723E0,-1.211329922E-1,-9.610260129E-1
1.876879161E2,-1.534386039E0,-2.846859694E-1,-8.546955585E-1
1.877080811E2,-1.257482052E0,-2.669926286E-1,-8.082448244E-1
1.877282461E2,-1.097765923E0,-4.280529916E-1,-6.866772175E-1
1.877484111E2,-1.065787792E0,-8.336476684E-1,-4.999216199E-1
1.877685761E2,-1.055721402E0,-1.134214759E0,-3.121036887E-1
1.877887411E2,-9.888946414E-1,-1.152806520E0,-1.776831448E-1
1.878089061E2,-8.746014237E-1,-8.824313879E-1,-7.482556254E-2
1.878290711E2,-6.906585693E-1,-5.533082485E-1,7.307428122E-2
1.878492361E2,-4.658223093E-1,-3.425514996E-1,2.494899333E-1
1.878694011E2,-3.626017570E-1,-3.218946457E-1,2.675574422E-1
1.878895675E2,-3.525573313E-1,-3.549879789E-1,2.480651438E-1
1.879097325E2,-4.112756252E-1,-3.675180972E-1,2.764750123E-1
1.879298975E2,-3.042673767E-1,-5.287063122E-1,5.133641958E-1
1.879500625E2,-6.259690970E-2,-5.920602679E-1,6.627409458E-1
1.879702275E2,2.948537469E-1,-5.199802518E-1,6.327469349E-1
1.879903925E2,7.057801485E-1,-4.316612482E-1,5.499043465E-1
1.880105575E2,1.272994161E0,-9.142171741E-1,4.921514094E-1
1.880307225E2,1.771928906E0,-1.403466821E0,4.664604366E-1
1.880508875E2,2.143775463E0,-1.192741156E0,4.519808888E-1
1.880710525E2,2.514559031E0,-7.507148385E-1,4.762957394E-1
1.880912175E2,2.783236265E0,-6.815769076E-1,5.151683092E-1
1.881113825E2,2.919369221E0,-1.048282146E0,5.685907602E-1
1.881315475E2,2.995781422E0,-1.642834425E0,4.074667990E-1
1.881517125E2,3.088193178E0,-1.708214641E0,2.529801130E-1
1.881718775E2,3.249794960E0,-1.241631269E0,2.911301851E-1
1.881920425E2,3.404375076E0,-7.208245397E-1,4.197323620E-1
1.882122075E2,3.558995008E0,-7.062077522E-1,5.402615666E-1
1.882323725E2,3.770834208E0,-6.611019373E-1,5.745568871E-1
1.882525375E2,3.442204952E0,-7.360732555E-1,3.410057127E-1
1.882727025E2,2.913283110E0,-7.926560640E-1,2.146122158E-1
1.882928675E2,2.552230120E0,-6.717393398E-1,2.854949534E-1
1.883130325E2,2.414270163E0,-6.333591938E-1,4.375497401E-1
1.883331975E2,2.254272223E0,-5.735722184E-1,3.935584426E-1
1.883533625E2,2.046114922E0,-4.464813471E-1,2.902179658E-1
1.883735275E2,1.832667470E0,-3.937754333E-1,8.924625069E-2
1.883936925E2,1.667022228E0,-4.504894614E-1,1.243218333E-1
1.884138575E2,1.403701186E0,-6.059436798E-1,1.252397597E-1
1.884340225E2,9.399427176E-1,-5.347536206E-1,1.082025319E-1
1.884541875E2,4.154226184E-1,-3.716839552E-1,5.740810558E-2
1.884743525E2,-1.721376926E-1,-3.354733586E-1,-3.206133097E-2
1.884945175E2,-8.870812654E-1,-1.478717327E-1,-1.043063775E-1
1.885146825E2,-1.357699394E0,9.369944036E-2,-1.242562234E-1
1.885348475E2,-1.651391029E0,-2.928122133E-2,-3.675996065E-1
1.885550125E2,-1.948876023E0,1.858757883E-1,-6.157007217E-1
1.885751775E2,-2.278662443E0,8.959208727E-1,-6.314697862E-1
1.885953425E2,-2.592047691E0,1.384613872E0,-3.861277103E-1
1.886155075E2,-3.145396709E0,1.324576974E0,-2.746685743E-1
1.886356725E2,-3.699406624E0,6.876049638E-1,-3.219126463E-1
1.886558375E2,-3.911309242E0,3.826718330E-1,-2.794554234E-1
1.886760025E2,-3.767964840E0,2.795996964E-1,2.388720401E-2
1.886961675E2,-3.704530716E0,9.993007779E-2,4.026537240E-1
1.887163325E2,-3.752355099E0,-2.080053277E-2,3.877944946E-1
1.887364975E2,-3.499211073E0,-2.005490661E-1,2.199673504E-1
1.887566625E2,-3.144180059E0,-5.151736736E-1,1.790926456E-1
1.887768275E2,-2.952951908E0,-6.832798123E-1,1.065702662E-1
1.887969925E2,-2.703290462E0,-5.651735067E-1,-6.047584116E-2
1.888171575E2,-2.344295025E0,-2.048218399E-1,-1.951233596E-1
1.888373225E2,-1.926712275E0,-2.659365237E-1,-1.845867038E-1
1.888574875E2,-1.634003878E0,-7.177182436E-1,2.168545267E-3
1.888776525E2,-1.470974803E0,-9.788880944E-1,1.624714881E-1
1.888978174E2,-1.194684386E0,-8.883654475E-1,2.663256228E-1
1.889179824E2,-8.840534091E-1,-6.917541027E-1,4.005073011E-1
1.889381474E2,-7.455447316E-1,-6.028138995E-1,5.732207894E-1
1.889583134E2,-8.575695753E-1,-4.476846159E-1,6.723144650E-1
1.889784784E2,-9.438111782E-1,-3.164201379E-1,6.663864255E-1
1.889986434E2,-8.604266047E-1,-4.234971404E-1,6.192394495E-1
1.890188084E2,-5.741779208E-1,-8.556177020E-1,5.610325336E-1
1.890389734E2,-1.579100192E-1,-1.059743881E0,4.034336507E-1
1.890591384E2,4.444957972E-1,-1.047783136E0,1.564599723E-1
1.890793034E2,1.092392087E0,-9.795994163E-1,-4.967342690E-2
1.890994684E2,1.485976934E0,-8.695014119E-1,-2.306224257E-1
1.891196334E2,1.699431419E0,-7.549402714E-1,-3.612487614E-1
1.891397984E2,1.856733322E0,-6.826282740E-1,-4.356148243E-1
1.891599634E2,2.081855536E0,-7.327893972E-1,-5.552121401E-1
1.891801284E2,2.495046139E0,-7.703922391E-1,-6.272416711E-1
1.892002934E2,2.832046747E0,-7.837342024E-1,-4.816318154E-1
1.892204584E2,2.759275675E0,-6.662533283E-1,-2.958536148E-1
1.892406234E2,2.380188942E0,-5.505109429E-1,-2.626387179E-1
1.892607884E2,2.062882185E0,-5.663276911E-1,-3.318742514E-1
1.892809534E2,2.061394215E0,-4.439865947E-1,-4.670901299E-1
1.893011184E2,2.575641394E0,-3.077614009E-1,-6.653023362E-1
1.893212834E2,3.220058918E0,-2.505552173E-1,-7.261941433E-1
1.893414484E2,3.389256477E0,-2.875239551E-1,-6.942261457E-1
1.893616134E2,3.295353889E0,-1.625717580E-1,-7.160318494E-1
1.893817784E2,2.990347862E0,-2.265705029E-3,-7.321190238E-1
1.894019434E2,2.731555462E0,9.265453368E-2,-7.442539334E-1
1.894221084E2,2.551273823E0,2.134473026E-1,-6.729964018E-1
1.894422734E2,2.465003729E0,3.271350861E-1,-5.821454525E-1
1.894624384E2,2.318983793E0,4.156354368E-1,-5.233246088E-1
1.894826034E2,2.095973969E0,4.482596219E-1,-4.683015347E-1
1.895027684E2,1.744727254E0,2.547477186E-1,-4.423688948E-1
1.895229334E2,1.234108329E0,-7.055454701E-2,-5.076894164E-1
1.895430984E2,7.183613777E-1,-2.215628624E-1,-5.730969906E-1
1.895632634E2,4.438730478E-1,-2.021272928E-1,-5.012186170E-1
1.895834284E2,1.327709407E-1,-9.967233986E-2,-3.624997139E-1
1.896035934E2,-3.091660440E-1,3.125966713E-2,-1.951577663E-1
1.896237584E2,-8.135706186E-1,6.786002219E-2,-7.931740582E-2
1.896439234E2,-1.581883788E0,-2.046123594E-1,-3.133086860E-2
1.896640884E2,-2.358852148E0,-5.475554466E-1,2.347653732E-2
1.896842534E2,-2.861821175E0,-4.518044889E-1,1.249206662E-1
1.897044184E2,-3.111464262E0,2.453321964E-1,2.324009538E-1
1.897245844E2,-3.318142414E0,1.126250267E0,3.412989974E-1
1.897447494E2,-3.569561481E0,1.420824051E0,5.968794823E-1
1.897649144E2,-4.201815128E0,8.388525248E-1,9.249871373E-1
1.897850794E2,-4.666851521E0,-2.430422157E-1,9.347085357E-1
1.898052444E2,-4.259666443E0,-7.843062282E-1,7.540200949E-1
1.898254094E2,-3.295047760E0,-7.156801820E-1,6.046603322E-1
1.898455744E2,-2.718114138E0,-4.562391937E-1,4.354766607E-1
1.898657394E2,-2.550137281E0,-4.550683498E-1,1.789830327E-1
1.898859042E2,-1.962925553E0,2.992229462E-1,-2.864221483E-2
1.899060693E2,-1.643618941E0,5.289121866E-1,-4.288282394E-1
1.899262343E2,-1.419079900E0,7.407901287E-1,-8.153240085E-1
1.899463993E2,-1.234961987E0,7.187744379E-1,-1.006162047E0
1.899665643E2,-1.032400846E0,3.147403300E-1,-8.805196881E-1
1.899867292E2,-8.542233109E-1,2.176750824E-2,-6.173962951E-1
1.900068942E2,-7.731374502E-1,-1.841867119E-1,-5.355894566E-1
1.900270593E2,-7.013958693E-1,-6.060350537E-1,-4.235182106E-1
1.900472243E2,-7.503860593E-1,-9.277531505E-1,-1.508693844E-1
1.900673893E2,-8.739476204E-1,-7.771409750E-1,1.640589535E-1
1.900875542E2,-8.823625445E-1,-2.467290312E-1,3.761011064E-1
1.901077192E2,-9.212803841E-1,1.459454596E-1,4.550554752E-1
1.901278843E2,-9.883468747E-1,3.600645363E-1,4.895648956E-1
1.901480493E2,-9.969505668E-1,4.145070910E-1,3.200092614E-1
1.901682143E2,-7.269504666E-1,5.862694979E-1,9.645161778E-2
1.901883793E2,-2.195598334E-1,9.650309086E-1,2.775820345E-2
1.902085442E2,4.082137048E-1,9.649662375E-1,4.221234843E-2
1.902287093E2,1.141517758E0,4.012098312E-1,3.947787359E-2
1.902488743E2,2.010720968E0,-3.621337414E-1,-1.229868755E-1
1.902690393E2,2.706816435E0,-6.083998680E-1,-1.701765507E-1
1.902892043E2,3.005997181E0,-5.579714775E-1,1.146408170E-1
1.903093692E2,2.885361910E0,-5.319929123E-1,5.367050767E-1
1.903295352E2,2.684778929E0,-5.919657946E-1,9.954535961E-1
1.903497002E2,2.673616648E0,-1.053446651E0,1.112796783E0
1.903698653E2,2.945239067E0,-1.829020143E0,7.062011957E-1
1.903900303E2,3.431543589E0,-2.090420723E0,1.689358354E-1
1.904101953E2,3.698333740E0,-1.602144361E0,-8.421762288E-2
1.904303603E2,3.720679522E0,-8.330292702E-1,-1.307959706E-1
1.904505252E2,3.606453896E0,-2.313854098E-1,-6.676644087E-2
1.904706903E2,3.071790934E0,-1.398703605E-1,-7.105535269E-2
1.904908553E2,2.345820189E0,-4.717475176E-1,-1.979504377E-1
1.905110203E2,1.978018284E0,-5.063226819E-1,-2.951185703E-1
1.905311853E2,1.953403831E0,-1.620492190E-1,-3.055808544E-1
1.905513502E2,1.921568632E0,2.167139798E-1,-2.534808218E-1
1.905715153E2,1.721014142E0,3.725599945E-1,-1.976352632E-1
1.905916803E2,1.403893232E0,2.814557552E-1,-1.565331072E-1
1.906118453E2,1.058537841E0,1.679247916E-1,-1.408423185E-1
1.906320103E2,7.732596397E-1,1.019907594E-1,-1.537605971E-1
1.906521752E2,5.633571148E-1,6.409446895E-2,-2.553812861E-1
1.906723403E2,4.174962342E-1,9.883695096E-2,-4.488909245E-1
1.906925053E2,2.437025160E-1,2.575499713E-1,-6.171978116E-1
1.907126703E2,5.170872901E-3,4.892488718E-1,-6.738442183E-1
1.907328353E2,-2.964610159E-1,5.693366528E-1,-6.308565140E-1
1.907530002E2,-6.962809563E-1,6.939857602E-1,-5.923607945E-1
1.907731652E2,-1.124849200E0,7.749670744E-1,-5.725685954E-1
1.907933303E2,-1.624717474E0,6.632661819E-1,-5.465285778E-1
1.908134953E2,-1.984047890E0,3.062229156E-1,-5.947248340E-1
1.908336603E2,-2.358219862E0,-1.846562624E-1,-3.964692652E-1
1.908538253E2,-2.969013691E0,-2.983641326E-1,-8.002860844E-2
1.908739913E2,-3.544351578E0,-1.221215576E-1,4.223067462E-1
1.908941566E2,-3.750851154E0,-4.285967723E-2,8.481858373E-1
1.909143216E2,-3.882175922E0,-2.538820505E-1,1.099354863E0
1.909344866E2,-4.180466175E0,-3.671053052E-1,1.094238162E0
1.909546516E2,-4.260210991E0,-1.783782244E-1,1.118584156E0
1.909748166E2,-4.151481628E0,8.654396981E-2,1.327486038E0
1.909949816E2,-4.202378273E0,3.608638942E-1,1.582633853E0
1.910151466E2,-4.504770756E0,5.901057124E-1,1.715437055E0
1.910353116E2,-4.606268883E0,7.151609063E-1,1.503602743E0
1.910554766E2,-4.202537060E0,7.813782692E-1,1.317513585E0
1.910756416E2,-3.375457525E0,6.086886525E-1,1.293712139E0
1.910958066E2,-2.476662159E0,5.603939295E-1,1.271513581E0
1.911159716E2,-1.816386104E0,2.312893569E-1,8.595762253E-1
1.911361366E2,-1.400288343E0,-1.426394135E-1,3.390535414E-1
1.911563016E2,-1.163976192E0,-3.652654886E-1,-4.505611956E-2
1.911764666E2,-8.909984231E-1,-4.221055806E-1,-1.616498381E-1
1.911966316E2,-6.058146358E-1,-2.518511117E-1,-2.195263058E-1
1.912167966E2,-4.017443359E-1,3.582959296E-3,-3.065399826E-1
1.912369616E2,-2.370915711E-1,6.267492473E-2,-4.262911081E-1
1.912571266E2,-9.951652586E-2,3.885893896E-2,-5.846320391E-1
1.912772916E2,1.177436858E-1,7.947314531E-2,-7.996882796E-1
1.912974566E2,4.209802151E-1,3.858587146E-1,-9.576977491E-1
1.913176216E2,7.314216495E-1,9.282312393E-1,-1.023750901E0
1.913377866E2,1.046132803E0,1.307246923E0,-9.106940031E-1
1.913579526E2,1.385536194E0,1.269449472E0,-6.534225345E-1
1.913781176E2,1.672343612E0,8.080536127E-1,-4.029951394E-1
1.913982826E2,1.751690269E0,4.087272286E-1,-2.375393659E-1
1.914184476E2,1.725205660E0,2.770422399E-1,-1.129485592E-1
1.914386126E2,1.783385634E0,4.952805638E-1,-6.077350676E-2
1.914587776E2,2.166358232E0,7.251706719E-1,1.559247542E-2
1.914789426E2,2.668000221E0,6.637296677E-1,9.283502400E-2
1.914991076E2,2.938952684E0,4.988984466E-1,8.014838398E-2
1.915192726E2,3.019895792E0,3.292865157E-1,1.632301807E-1
1.915394376E2,3.042322159E0,1.442316025E-1,2.106116116E-1
1.915596026E2,3.102824926E0,-3.524178267E-2,2.147410810E-1
1.915797676E2,3.247097015E0,-1.981838495E-1,1.546478570E-1
1.915999326E2,3.387232542E0,-2.566520572E-1,4.175444692E-2
1.916200976E2,3.361550093E0,-1.040206701E-1,-1.088827103E-1
1.916402626E2,3.163677454E0,2.875106223E-2,-1.610157490E-1
1.916604276E2,2.738693714E0,-9.418832511E-2,-5.453089252E-2
1.916805926E2,2.256711245E0,-2.522808611E-1,5.059425905E-2
1.917007576E2,1.858805060E0,-2.803073227E-1,5.397772416E-2
1.917209226E2,1.605672717E0,-2.898359597E-1,-1.732167453E-1
1.917410876E2,1.521938920E0,-1.945913732E-1,-5.816370845E-1
1.917612526E2,1.388834953E0,3.595758975E-2,-8.650143743E-1
1.917814176E2,1.179707527E0,2.820787132E-1,-1.029152393E0
1.918015826E2,9.198991060E-1,3.296630681E-1,-1.148280263E0
1.918217486E2,1.061465979E0,7.987070680E-1,-1.127756476E0
1.918419136E2,8.425956964E-1,1.229398966E0,-1.190514922E0
1.918620786E2,4.108260274E-1,1.103926659E0,-1.186590672E0
1.918822436E2,2.744499780E-2,9.335705042E-1,-1.108247995E0
1.919024082E2,-2.545270920E-1,8.816690445E-1,-1.103664994E0
1.919225732E2,-5.206125379E-1,8.946707845E-1,-1.104227662E0
1.919427382E2,-8.323326111E-1,7.905057669E-1,-1.053766131E0
1.919629032E2,-1.139002562E0,7.877806425E-1,-9.714829326E-1
1.919830682E2,-1.283832431E0,7.761857510E-1,-1.008567929E0
1.920032332E2,-1.448603630E0,8.187116385E-1,-1.097322464E0
1.920233982E2,-1.692886353E0,7.908221483E-1,-1.151998758E0
1.920435632E2,-2.009469509E0,6.975342631E-1,-1.091270804E0
1.920637282E2,-2.267993689E0,5.784322619E-1,-9.750602841E-1
1.920838932E2,-2.421254158E0,4.529090524E-1,-8.830102682E-1
1.921040582E2,-2.502490759E0,5.125850439E-1,-9.597769976E-1
1.921242232E2,-2.639083147E0,7.304526567E-1,-1.002701640E0
1.921443882E2,-2.791835070E0,9.319755435E-1,-8.790799975E-1
1.921645532E2,-3.222238302E0,4.718733728E-1,-7.027468085E-1
1.921847182E2,-3.538597107E0,-4.550248012E-2,-5.164638162E-1
1.922048832E2,-3.400805473E0,3.349622488E-1,-3.332692385E-1
1.922250482E2,-2.805487156E0,1.074806571E0,-2.140262723E-1
1.922452132E2,-2.128516197E0,1.484512568E0,-5.081878975E-2
1.922653792E2,-1.807132244E0,1.440379739E0,-9.409236163E-2
1.922855442E2,-1.747341394E0,1.102032900E0,-2.269955873E-1
1.923057092E2,-1.441679835E0,1.116086602E0,-2.856614888E-1
1.923258742E2,-9.218721986E-1,1.388329625E0,-2.925012708E-1
1.923460392E2,-2.837484181E-1,1.492296934E0,-2.517150640E-1
1.923662042E2,2.057741731E-1,1.255572319E0,-1.811165363E-1
1.923863692E2,5.826203227E-1,1.006307483E0,-1.170812100E-1
1.924065342E2,8.030592799E-1,9.674172997E-1,-1.764076203E-2
1.924266992E2,9.577156901E-1,1.077513456E0,9.298615158E-2
1.924468642E2,1.067783356E0,1.218967676E0,2.309723198E-1
1.924670292E2,1.161423683E0,1.225708246E0,4.655785263E-1
1.924871942E2,1.198398590E0,1.147259474E0,7.156702876E-1
1.925073592E2,1.262453914E0,1.052325487E0,9.004137516E-1
1.925275242E2,1.398424625E0,9.604505897E-1,9.924988151E-1
1.925476892E2,1.634650588E0,9.428637624E-1,9.538041949E-1
1.925678542E2,1.861646414E0,1.002701044E0,7.988398075E-1
1.925880192E2,1.936303496E0,6.999155283E-1,6.699666381E-1
1.926081842E2,2.230209589E0,3.631424308E-1,6.959731579E-1
1.926283492E2,2.577154636E0,4.595514238E-1,8.484365344E-1
1.926485142E2,2.694554567E0,5.676307082E-1,8.658646941E-1
1.926686802E2,2.543120384E0,2.462512404E-1,7.505034804E-1
1.926888452E2,2.301271200E0,-4.214397371E-1,5.420581698E-1
1.927090102E2,2.285616636E0,-8.400262594E-1,2.895341516E-1
1.927291752E2,2.641550541E0,-6.041530967E-1,1.350348890E-1
1.927493402E2,3.033031225E0,-1.049838811E-1,1.014437303E-1
1.927695052E2,3.202030182E0,3.146900237E-1,2.517130077E-1
1.927896702E2,3.106152534E0,3.283562958E-1,4.399918318E-1
1.928098352E2,2.893936634E0,9.455850720E-2,5.150775909E-1
1.928300002E2,2.754205704E0,-8.334738016E-2,4.240972996E-1
1.928501652E2,2.593323946E0,-3.042424917E-1,1.834894419E-1
1.928703302E2,2.404649019E0,-5.809800029E-1,-7.043217123E-2
1.928904954E2,2.136207342E0,-7.570160627E-1,-2.726956308E-1
1.929106604E2,1.958069324E0,-6.882638335E-1,-4.377191067E-1
1.929308254E2,1.772042155E0,-4.259342253E-1,-5.677213073E-1
1.929509904E2,1.470357656E0,-1.804343909E-1,-7.217302322E-1
1.929711554E2,1.048599958E0,4.796641693E-2,-8.343678713E-1
1.929913204E2,6.392015815E-1,1.041258797E-1,-9.171071053E-1
1.930114854E2,2.620094121E-1,1.088417396E-1,-9.832691550E-1
1.930316504E2,-1.175054908E-1,7.505632937E-2,-9.516875744E-1
1.930518164E2,-5.117841363E-1,2.368978970E-2,-8.665903211E-1
1.930719814E2,-9.642052054E-1,2.276227809E-2,-7.988619804E-1
1.930921464E2,-1.453783393E0,1.300095916E-1,-8.158234358E-1
1.931123114E2,-1.772955060E0,2.560261488E-1,-8.199435472E-1
1.931324764E2,-1.925276518E0,3.267207146E-1,-8.493594527E-1
1.931526414E2,-2.107928514E0,2.058043033E-1,-9.371585846E-1
1.931728064E2,-2.434958935E0,1.635631025E-1,-1.052686453E0
1.931929714E2,-2.698250771E0,2.102092654E-1,-9.376473427E-1
1.932131364E2,-2.871517420E0,4.120290875E-1,-7.625481486E-1
1.932333014E2,-2.832963705E0,4.993889928E-1,-7.086016536E-1
1.932534664E2,-2.517367601E0,5.635780096E-1,-7.072020173E-1
1.932736314E2,-2.341695070E0,8.670521975E-1,-5.961015224E-1
1.932937964E2,-2.450079203E0,9.652815461E-1,-4.560804963E-1
1.933139614E2,-2.602483988E0,9.938086867E-1,-3.609108627E-1
1.933341264E2,-2.446875572E0,9.636267424E-1,-3.089257777E-1
1.933542914E2,-1.975494742E0,1.074412227E0,-1.838635802E-1
1.933744564E2,-1.333233833E0,1.523044229E0,-3.424795270E-1
1.933946214E2,-5.799103975E-1,2.323608398E0,-5.414572358E-1
1.934147864E2,5.770456418E-2,3.116307497E0,-6.162593961E-1
1.934349524E2,4.777342677E-1,3.106279373E0,-6.595433950E-1
1.934551174E2,6.942577958E-1,2.463787794E0,-7.184956670E-1
1.934752824E2,8.559314609E-1,1.742823839E0,-7.604238391E-1
1.934954474E2,1.020354867E0,1.323775053E0,-7.161180377E-1
1.935156124E2,1.090163589E0,1.293797851E0,-5.582014918E-1
1.935357774E2,1.008349776E0,1.524921060E0,-3.237077594E-1
1.935559424E2,8.091188073E-1,1.838991761E0,-6.937031448E-2
1.935761074E2,8.105412126E-1,2.192519903E0,2.581504732E-2
1.935962724E2,1.152164102E0,2.229812384E0,-1.118389796E-2
1.936164374E2,1.406286836E0,1.695763588E0,8.023311198E-2
1.936366024E2,1.189331532E0,1.339674711E0,2.328999192E-1
1.936567674E2,1.017866015E0,1.237392306E0,4.231808782E-1
1.936769324E2,1.264871597E0,1.403370380E0,6.430546641E-1
1.936970974E2,1.738623500E0,1.314275265E0,7.297934890E-1
1.937172624E2,2.037833214E0,6.622107625E-1,6.866055727E-1
1.937374274E2,2.093274593E0,1.950984597E-1,6.287313104E-1
1.937575924E2,2.104749918E0,8.565671742E-2,6.119162440E-1
1.937777574E2,2.081973791E0,8.067897707E-2,6.168363094E-1
1.937979234E2,2.045172930E0,1.548771262E-1,5.913748741E-1
1.938180884E2,1.978721738E0,2.263449132E-1,5.074642301E-1
1.938382534E2,1.920077801E0,9.739460796E-2,4.816360176E-1
1.938584184E2,1.880644202E0,7.429667749E-3,4.246783853E-1
1.938785834E2,1.814813256E0,-9.987645783E-3,3.616224825E-1
1.938987487E2,1.686503530E0,1.017308561E-3,2.122979313E-1
1.939189137E2,1.487999678E0,-1.208582669E-1,3.220833093E-2
1.939390787E2,1.254243135E0,-3.967680335E-1,-6.525289733E-3
1.939592437E2,9.987850785E-1,-5.633293390E-1,-4.138734937E-2
1.939794087E2,7.873677611E-1,-4.188812971E-1,-1.674352288E-1
1.939995737E2,6.548219323E-1,-1.348143071E-1,-4.462040961E-1
1.940197387E2,6.006571651E-1,1.563288271E-1,-6.451036334E-1
1.940399037E2,5.468459725E-1,2.903862596E-1,-7.503296137E-1
1.940600687E2,3.959270120E-1,3.064247668E-1,-8.936246037E-1
1.940802337E2,1.545449197E-1,3.428825438E-1,-1.176993966E0
1.941003987E2,-1.192357168E-1,4.166545868E-1,-1.241803050E0
1.941205637E2,-5.676421523E-1,5.220361948E-1,-1.041564345E0
1.941407297E2,-1.122220516E0,6.566158533E-1,-8.796224594E-1
1.941608947E2,-1.466857553E0,6.204593182E-1,-9.253380895E-1
1.941810597E2,-1.664050817E0,3.739017844E-1,-1.022565126E0
1.942012247E2,-1.949628830E0,1.590456516E-1,-1.116296172E0
1.942213897E2,-1.979364514E0,9.223074317E-1,-1.034609079E0
1.942415547E2,-1.909996986E0,1.898655653E0,-8.437880874E-1
1.942617197E2,-1.969822526E0,2.456865311E0,-7.766149044E-1
1.942818847E2,-2.025121212E0,2.047365189E0,-9.829323292E-1
1.943020497E2,-1.776907682E0,1.402351022E0,-1.238308549E0
1.943222147E2,-1.444150805E0,7.847917676E-1,-1.273993134E0
1.943423797E2,-1.291714549E0,6.146557331E-1,-1.099322438E0
1.943625447E2,-1.350018620E0,8.443843722E-1,-9.448191524E-1
1.943827097E2,-1.365529060E0,1.077630758E0,-8.270366192E-1
1.944028747E2,-1.389861584E0,1.060332179E0,-6.695210934E-1
1.944230397E2,-1.495782375E0,7.467865944E-1,-5.294474363E-1
1.944432047E2,-1.662665367E0,5.429482460E-1,-5.061262250E-1
1.944633707E2,-1.752516270E0,7.470213771E-1,-5.309730768E-1
1.944835357E2,-1.716322780E0,1.077192426E0,-5.621846914E-1
1.945037007E2,-1.613206029E0,1.300119638E0,-5.011756420E-1
1.945238657E2,-1.449971080E0,1.524537206E0,-4.707342684E-1
1.945440307E2,-1.132983923E0,1.706335306E0,-4.387845993E-1
1.945641957E2,-6.152254343E-1,1.748053193E0,-3.537233472E-1
1.945843607E2,3.569610417E-2,1.527523637E0,-1.864673048E-1
1.946045257E2,5.077746511E-1,1.403130174E0,-5.209192168E-3
1.946246907E2,7.784779072E-1,1.334549189E0,1.683783382E-1
1.946448557E2,9.739154577E-1,1.285132885E0,3.104653358E-1
1.946650207E2,1.095866919E0,1.205057740E0,4.326812625E-1
1.946851857E2,1.228047609E0,1.119727373E0,5.394074321E-1
1.947053507E2,1.716586471E0,9.593239427E-1,6.320282221E-1
1.947255157E2,2.265754938E0,7.485807538E-1,7.098861337E-1
1.947456807E2,2.411077499E0,7.274398208E-1,7.155528665E-1
1.947658457E2,2.289238214E0,7.468717098E-1,6.623986959E-1
1.947860107E2,2.061306238E0,8.538032770E-1,6.490052342E-1
1.948061767E2,1.879194617E0,9.977976084E-1,6.401371956E-1
1.948263417E2,2.111822367E0,7.955330014E-1,5.640124083E-1
1.948465067E2,2.629580975E0,2.743964791E-1,5.015832186E-1
1.948666717E2,3.152613878E0,9.509910643E-2,4.688403308E-1
1.948868367E2,3.505130768E0,2.858652174E-1,5.849075913E-1
1.949070013E2,3.586513519E0,5.771443248E-1,7.993693352E-1
1.949271663E2,3.562097073E0,5.015249848E-1,8.934716582E-1
1.949473313E2,3.438447237E0,3.197520971E-2,8.321385384E-1
1.949674963E2,3.359011889E0,-4.218137860E-1,6.240925193E-1
1.949876613E2,3.318114996E0,-6.291157007E-1,4.742042422E-1
1.950078263E2,3.251041174E0,-5.496158600E-1,4.945800304E-1
1.950279913E2,3.138046980E0,-3.692343831E-1,3.775841296E-1
1.950481563E2,2.662734509E0,-4.698924422E-1,8.851122856E-2
1.950683213E2,2.042124510E0,-8.001079559E-1,-1.872864366E-1
1.950884863E2,1.623952866E0,-9.425827265E-1,-2.445483506E-1
1.951086513E2,1.382775784E0,-7.203398943E-1,-1.921101213E-1
1.951288173E2,1.551056504E0,-6.258572340E-1,-1.601359844E-1
1.951489823E2,1.672166109E0,-5.997892618E-1,-8.985657990E-2
1.951691473E2,1.445944548E0,-7.386701703E-1,-1.375343055E-1
1.951893123E2,1.298273325E0,-1.358678222E0,-1.867091209E-1
1.952094773E2,1.168301940E0,-1.475770235E0,-1.751799732E-1
1.952296423E2,1.127673745E0,-8.666222692E-1,-3.792116186E-3
1.952498073E2,1.361317635E0,-4.787740409E-1,1.918960512E-1
1.952699723E2,1.655165553E0,-4.008697569E-1,3.826327920E-1
1.952901373E2,1.874878883E0,-8.330951929E-1,5.327098966E-1
1.953103023E2,1.867525458E0,-1.315550447E0,4.399761856E-1
1.953304673E2,1.030702233E0,-6.359277964E-1,-7.261808217E-2
1.953506323E2,1.997334063E-1,-4.568656385E-1,-2.339459807E-1
1.953707973E2,1.005223393E-1,2.352377921E-1,-3.901098669E-1
1.953909623E2,9.014822841E-1,6.051719785E-1,-5.660424829E-1
1.954111273E2,1.157501578E0,6.242671013E-1,-8.992533684E-1
1.954312923E2,4.325716496E-1,9.225019813E-1,-7.067778707E-1
1.954514583E2,-1.651298106E-1,1.056955695E0,-5.306997299E-1
1.954716233E2,-3.339318037E-1,-1.555421650E-1,-4.866275787E-1
1.954917883E2,-2.635033131E-1,-4.810652733E-1,-4.346471429E-1
1.955119533E2,1.839228719E-2,2.336792499E-1,-5.981063843E-1
1.955321183E2,9.056353569E-2,7.346288562E-1,-6.826043129E-1
1.955522833E2,-2.470822185E-1,8.117700219E-1,-2.283232510E-1
1.955724483E2,-4.015900493E-1,1.398610417E-2,2.047707736E-1
1.955926133E2,-1.675641537E-1,-7.596732974E-1,4.092974961E-1
1.956127783E2,2.086139657E-2,-8.224758506E-1,3.281644881E-1
1.956329433E2,-1.726361662E-1,-6.724256277E-1,-1.718809828E-2
1.956531083E2,-2.269436717E-1,-7.263998985E-1,-4.237830341E-1
1.956732733E2,-2.676480114E-1,-7.550064325E-1,-5.454038382E-1
1.956934383E2,-8.298953064E-3,-8.152079582E-1,-7.647846937E-1
1.957136033E2,1.568860859E-1,-5.703649521E-1,-7.633810043E-1
1.957337683E2,1.901264042E-1,3.927665353E-1,-6.917766333E-1
1.957539343E2,5.901776999E-2,7.393957973E-1,-3.400970399E-1
1.957740993E2,-4.139202647E-3,6.599302888E-1,2.804118395E-2
1.957942643E2,-5.028169975E-2,7.043206096E-1,4.326094985E-1
1.958144293E2,-3.972366154E-1,2.406417131E-1,3.793166876E-1
1.958345943E2,3.419994190E-2,2.775988281E-1,-3.100835383E-1
1.958547593E2,7.762703300E-1,8.365896940E-1,2.501414418E-1
1.958749243E2,1.094927549E0,1.605961800E0,1.212966800E0
1.958950892E2,1.062197566E0,1.173399925E0,1.200798512E0
1.959152542E2,7.339957952E-1,6.750074029E-1,3.446710408E-1
1.959354192E2,7.953047007E-2,7.421191335E-1,3.190824389E-2
1.959555842E2,-7.114082575E-1,7.051183581E-1,1.992255747E-1
1.959757492E2,-1.546591878E0,-6.906767190E-2,3.585804999E-1
1.959959142E2,-2.320010662E0,-5.386096835E-1,1.295002103E-1
1.960160792E2,-2.804834843E0,-7.917829752E-1,-2.050581127E-1
1.960362442E2,-3.102610111E0,-8.040586114E-1,-6.671360135E-1
1.960564102E2,-3.720736980E0,-7.579310536E-1,-6.168702245E-1
1.960765752E2,-3.938935280E0,-7.569532990E-1,-1.663818508E-1
1.960967402E2,-3.476277828E0,-3.791652918E-1,1.110347211E-1
1.961169052E2,-3.049066544E0,-1.025798917E-1,1.039227843E-1
1.961370702E2,-3.481709957E0,1.765235960E-1,5.299984291E-2
1.961572352E2,-4.147870064E0,6.191865206E-1,1.262317300E-1
1.961774002E2,-4.685472488E0,1.035804033E0,1.424700618E-1
1.961975652E2,-5.027328968E0,1.178263187E0,-4.726649076E-2
1.962177302E2,-4.996009350E0,1.048814893E0,-4.487307072E-1
1.962378952E2,-4.535478115E0,7.865957618E-1,-6.608658433E-1
1.962580602E2,-3.617029190E0,1.040570855E0,-6.006418467E-1
1.962782252E2,-2.454174757E0,1.888626575E0,-2.247002572E-1
1.962983902E2,-1.201663852E0,2.078946590E0,2.837837040E-1
1.963185552E2,1.163980886E-1,1.363374949E0,3.240118325E-1
1.963387202E2,9.109283090E-1,7.656317949E-2,-3.795880079E-2
1.963588862E2,1.007362723E0,-6.668512821E-1,-2.189371139E-1
1.963790512E2,6.087041497E-1,-7.293074727E-1,-4.364643991E-1
1.963992162E2,4.238071144E-1,-4.849553406E-1,-5.290085673E-1
1.964193812E2,4.909527004E-1,8.416769654E-2,-7.256349325E-1
1.964395462E2,5.660057664E-1,5.906538367E-1,-1.143644810E0
1.964597112E2,5.743768811E-1,7.842683196E-1,-1.270076036E0
1.964798762E2,5.242302418E-1,8.860855699E-1,-1.246275306E0
1.965000412E2,2.780811787E-1,9.771899581E-1,-1.188429832E0
1.965202062E2,2.830674350E-1,1.080307603E0,-8.748187423E-1
1.965403712E2,4.928464890E-1,9.574353099E-1,-5.933093429E-1
1.965605362E2,4.695131779E-1,6.234235168E-1,-3.975402415E-1
1.965807012E2,4.009027183E-1,3.352332413E-1,-2.292426974E-1
1.966008662E2,4.125604331E-1,5.180057287E-1,-4.164538160E-2
1.966210312E2,6.713422537E-1,8.116173148E-1,2.728288174E-1
1.966411972E2,1.023938417E0,8.935496211E-1,4.777942598E-1
1.966613622E2,1.284855247E0,8.493968844E-1,2.880266905E-1
1.966815272E2,1.525436163E0,8.287065029E-1,4.052543268E-2
1.967016922E2,1.872222185E0,9.155644774E-1,6.022259593E-2
1.967218572E2,2.254860401E0,9.418728352E-1,1.449798793E-1
1.967420222E2,2.542341232E0,6.645376086E-1,3.431451619E-1
1.967621872E2,2.668388844E0,-1.378664076E-1,6.112895012E-1
1.967823522E2,2.523658037E0,-1.073489904E0,7.069457173E-1
1.968025172E2,2.488525152E0,-1.688580990E0,6.703938246E-1
1.968226822E2,2.721585035E0,-1.893412471E0,5.051212311E-1
1.968428472E2,2.828654528E0,-1.595278978E0,3.091174364E-1
1.968630122E2,2.705147505E0,-1.203952312E0,2.996810079E-1
1.968831772E2,2.357033491E0,-1.129058123E0,5.442973971E-1
1.969033425E2,1.727383256E0,-1.019164562E0,7.209424973E-1
1.969235085E2,1.104515433E0,-6.597210169E-1,7.163580060E-1
1.969436735E2,7.073348165E-1,-1.986487955E-1,5.653300285E-1
1.969638385E2,4.956457615E-1,-2.260811031E-1,3.715373278E-1
1.969840035E2,4.341261983E-1,-2.824614048E-1,8.822633326E-2
1.970041685E2,3.773137629E-1,-1.778688431E-1,-8.082960546E-2
1.970243335E2,1.715142578E-1,2.325776778E-2,-1.103775725E-1
1.970444985E2,-1.382414401E-1,3.544537127E-1,-1.097535267E-1
1.970646635E2,-2.252964824E-1,6.056824327E-1,-3.897935897E-2
1.970848285E2,-3.109034896E-1,5.640869141E-1,4.948307201E-2
1.971049935E2,-7.229229212E-1,4.152279794E-1,7.170445751E-3
1.971251585E2,-1.188426733E0,2.450184524E-1,-4.956234992E-2
1.971453235E2,-1.573765755E0,1.656819135E-1,-4.014172405E-2
1.971654885E2,-1.936836004E0,3.763710558E-1,-5.314791948E-2
1.971856545E2,-2.179372311E0,4.136146009E-1,-1.692582071E-1
1.972058195E2,-2.016875267E0,6.655132174E-1,-2.206909508E-1
1.972259845E2,-1.940010071E0,3.620771468E-1,-2.221340835E-1
1.972461495E2,-2.210638046E0,-9.456612170E-2,-1.872572899E-1
1.972663145E2,-2.594102383E0,-3.637604713E-1,-1.337344646E-1
1.972864795E2,-2.691534519E0,-2.021692693E-1,-1.530764252E-2
1.973066445E2,-2.387024879E0,2.407720387E-1,1.063955948E-1
1.973268095E2,-2.182759762E0,5.493946075E-1,4.808643833E-2
1.973469745E2,-2.257440329E0,3.941991031E-1,-6.197994947E-2
1.973671395E2,-2.511149883E0,2.152697416E-3,1.422710158E-2
1.973873045E2,-2.697480202E0,-4.666711390E-1,1.574622095E-1
1.974074695E2,-2.703940153E0,-4.289759696E-1,1.530184895E-1
1.974276345E2,-2.438375711E0,-7.614152133E-2,6.342084706E-2
1.974478005E2,-2.277215004E0,7.475941628E-2,2.356498875E-2
1.974679655E2,-2.210063219E0,1.108128130E-1,3.160756454E-2
1.974881305E2,-2.058879375E0,3.863190114E-1,-1.538162380E-1
1.975082955E2,-1.633224607E0,7.377235889E-1,-5.471566916E-1
1.975284605E2,-9.608638287E-1,9.034980536E-1,-8.402170539E-1
1.975486255E2,-1.723911762E-1,8.695954084E-1,-8.065496087E-1
1.975687905E2,3.236539662E-1,7.042294741E-1,-5.755106807E-1
1.975889555E2,4.636120796E-1,5.324676037E-1,-2.516154647E-1
1.976091205E2,5.469734669E-1,2.905039191E-1,2.600724995E-2
1.976292855E2,8.274592757E-1,-2.168043703E-1,1.615343541E-1
1.976494505E2,1.274330616E0,-7.846223116E-1,1.223969534E-1
1.976696155E2,1.771055222E0,-1.014521360E0,1.242258959E-2
1.976897815E2,2.220301390E0,-9.427105188E-1,-3.958646953E-2
1.977099465E2,2.492373228E0,-4.938141406E-1,2.511605248E-2
1.977301115E2,2.622582197E0,-6.991222501E-2,2.454082519E-1
1.977502765E2,2.709036827E0,4.201676250E-1,4.706454277E-1
1.977704415E2,2.888767004E0,4.474730790E-1,5.709210038E-1
1.977906065E2,2.723785639E0,-1.274563670E-1,3.225663602E-1
1.978107715E2,3.005520105E0,-2.236843854E-1,1.407092363E-1
1.978309365E2,3.084768534E0,-1.318856776E-1,4.235319421E-2
1.978511015E2,3.974893808E0,5.641970634E-1,3.447540104E-1
1.978712665E2,3.073702335E0,-1.443833262E-1,2.576890588E-1
1.978914315E2,2.499043465E0,-1.170826912E0,3.163402677E-1
1.979115959E2,2.650256634E0,-1.285746813E0,4.554012418E-1
1.979317609E2,2.825184584E0,-9.182550907E-1,3.448472917E-1
1.979519269E2,2.774976969E0,-7.060816884E-1,1.974560320E-1
1.979720919E2,2.610097885E0,-5.787647367E-1,1.967492402E-1
1.979922569E2,2.321237803E0,-4.776390195E-1,1.877725720E-1
1.980124219E2,1.931407571E0,-3.482590020E-1,6.609527022E-2
1.980325869E2,1.523490310E0,-1.517808288E-1,-8.893503249E-2
1.980527519E2,1.271966219E0,-6.288595498E-2,-1.178167164E-1
1.980729169E2,1.107596278E0,-6.451991946E-2,-7.467822731E-2
1.980930819E2,7.371295691E-1,-8.187818527E-2,-9.094546735E-2
1.981132469E2,2.218234986E-1,-3.397749364E-2,-2.625068426E-1
1.981334119E2,-2.484577149E-1,8.422147483E-2,-4.064991176E-1
1.981535769E2,-5.818116665E-1,2.296826839E-1,-3.332293630E-1
1.981737419E2,-8.707513809E-1,4.080646932E-1,-2.356061339E-1
1.981939079E2,-1.293448210E0,5.958138108E-1,-2.878878713E-1
1.982140729E2,-1.942757010E0,7.921214700E-1,-5.067328215E-1
1.982342379E2,-2.484888792E0,1.066803694E0,-5.763321519E-1
1.982544029E2,-2.728498697E0,1.421394825E0,-4.509214759E-1
1.982745679E2,-2.847784758E0,1.485497594E0,-1.823800355E-1
1.982947329E2,-3.175394297E0,1.360892057E0,-2.238946557E-1
1.983148979E2,-3.657075882E0,1.224126458E0,-3.065651655E-1
1.983350629E2,-4.094068050E0,9.398752451E-1,-1.797714829E-1
1.983552279E2,-4.432759285E0,3.361044228E-1,-1.139141619E-1
1.983753929E2,-4.241283894E0,-3.268162310E-1,-2.627267241E-1
1.983955579E2,-3.714446545E0,-2.655978501E-1,-5.681757331E-1
1.984157239E2,-3.090792179E0,1.967686415E-1,-7.785204053E-1
1.984358889E2,-2.521104574E0,9.403598309E-1,-7.763469219E-1
1.984560539E2,-1.865845799E0,1.465010405E0,-5.599877834E-1
1.984762189E2,-1.268672824E0,1.485233545E0,-4.998144209E-1
1.984963839E2,-1.045158863E0,9.011057615E-1,-6.223449111E-1
1.985165489E2,-1.076832056E0,-1.518243551E-1,-5.852584243E-1
1.985367139E2,-1.131291628E0,-1.075877190E0,-3.066534102E-1
1.985568789E2,-1.118005991E0,-1.492245913E0,3.506048769E-2
1.985770439E2,-1.061120272E0,-1.354904056E0,2.326624542E-1
1.985972089E2,-8.714798689E-1,-1.081316948E0,2.937184572E-1
1.986173739E2,-6.619771123E-1,-1.158606291E0,3.720940053E-1
1.986375399E2,-4.808905721E-1,-1.245614529E0,4.346295893E-1
1.986577049E2,-2.756367028E-1,-1.083756924E0,3.375471830E-1
1.986778699E2,-9.330865741E-2,-1.001846552E0,2.998067439E-1
1.986980349E2,-5.556413904E-2,-9.390332103E-1,4.397521615E-1
1.987181999E2,1.646423340E-1,-9.124615788E-1,5.522954464E-1
1.987383649E2,3.466059268E-1,-1.150420785E0,6.569916606E-1
1.987585299E2,2.117975354E-1,-1.420965195E0,7.723733783E-1
1.987786949E2,1.227564886E-1,-1.268855691E0,7.100077868E-1
1.987988599E2,4.461308718E-1,-7.141929865E-1,5.678061843E-1
1.988190249E2,9.739499092E-1,-5.318046808E-1,5.514419079E-1
1.988391899E2,1.199508309E0,-7.731351852E-1,3.632470667E-1
1.988593559E2,1.332240582E0,-9.904342890E-1,7.052177191E-2
1.988795209E2,1.518731713E0,-9.336184263E-1,-6.924721599E-2
1.988996865E2,1.608627319E0,-6.806475520E-1,-3.284822777E-2
1.989198515E2,1.717933178E0,-6.537478566E-1,5.815590732E-3
1.989400165E2,1.840135217E0,-7.048090696E-1,-5.647490174E-2
1.989601815E2,1.994613528E0,-7.458512783E-1,-2.335029393E-1
1.989803465E2,2.262471437E0,-7.115998864E-1,-4.758083820E-1
1.990005115E2,2.581271648E0,-2.141803354E-1,-8.068935275E-1
1.990206765E2,2.353200912E0,-9.883130193E-1,-1.128778458E0
1.990408415E2,2.730722904E0,-5.258947015E-1,-1.034014940E0
1.990610065E2,2.941935301E0,1.883435547E-1,-9.382047057E-1
1.990811715E2,2.851698399E0,4.959311485E-1,-7.986761332E-1
1.991013375E2,2.789325476E0,3.716501594E-1,-4.668618441E-1
1.991215025E2,2.605859756E0,-3.597135842E-2,-1.758919358E-1
1.991416675E2,2.306578875E0,-6.410983205E-1,-1.306082010E-1
1.991618325E2,2.048091173E0,-9.573216438E-1,-2.459357083E-1
1.991819975E2,2.003367424E0,-8.571869135E-1,-3.898617625E-1
1.992021625E2,2.020346642E0,-4.903593063E-1,-4.266414940E-1
1.992223275E2,1.855006099E0,-1.893115342E-1,-4.279349148E-1
1.992424925E2,1.427003503E0,-1.991118640E-1,-4.427266717E-1
1.992626575E2,9.630031586E-1,-2.219605446E-2,-3.811508715E-1
1.992828225E2,5.172542930E-1,3.170835078E-1,-3.368854225E-1
1.993029875E2,1.148413047E-1,5.081164241E-1,-3.027012944E-1
1.993231535E2,-2.421388030E-1,4.950287938E-1,-3.305809498E-1
1.993433185E2,-4.258899689E-1,4.871077240E-1,-3.750377893E-1
1.993634835E2,-7.220537663E-1,6.878697872E-1,-4.208451509E-1
1.993836485E2,-1.169477344E0,8.228937984E-1,-3.858314157E-1
1.994038135E2,-1.711139083E0,7.784510851E-1,-3.185847104E-1
1.994239785E2,-2.043862581E0,8.048578501E-1,-3.062297404E-1
1.994441435E2,-2.153969765E0,9.311057329E-1,-3.181266785E-1
1.994643085E2,-2.433552504E0,1.023267269E0,-3.010585606E-1
1.994844735E2,-2.852639198E0,1.064627290E0,-2.473997474E-1
1.995046385E2,-3.098816872E0,1.062285542E0,-2.175884396E-1
1.995248035E2,-3.132029295E0,9.342175126E-1,-1.805563718E-1
1.995449695E2,-3.316233397E0,3.076805174E-1,4.147407413E-2
1.995651345E2,-3.675027609E0,-3.448548317E-1,3.293452263E-1
1.995852995E2,-3.707722187E0,-6.446126103E-1,4.150426090E-1
1.996054645E2,-3.303076982E0,-6.059644222E-1,4.221691489E-1
1.996256295E2,-2.917799234E0,-5.355772972E-1,2.116009891E-1
1.996457945E2,-2.442932606E0,-2.835313082E-1,5.411526933E-2
1.996659595E2,-2.013220549E0,-1.692334116E-1,-2.978828503E-3
1.996861245E2,-1.665388465E0,5.809362978E-2,-6.185460091E-2
1.997062895E2,-1.301403999E0,1.842751056E-1,-1.373392940E-1
1.997264545E2,-9.411598444E-1,-1.053204108E-2,-1.921308488E-1
1.997466205E2,-6.435347199E-1,-5.642922521E-1,-1.107062548E-1
1.997667855E2,-4.890131056E-1,-1.083853602E0,2.869702876E-2
1.997869505E2,-4.389408231E-1,-1.448595881E0,2.353082597E-1
1.998071155E2,-3.661715090E-1,-1.528650999E0,3.387576640E-1
1.998272805E2,-1.599885374E-1,-1.323536277E0,2.740996182E-1
1.998474455E2,1.691589952E-1,-1.235520124E0,2.036077380E-1
1.998676105E2,4.227585793E-1,-1.484797478E0,2.604330182E-1
1.998877755E2,2.572808862E-1,-1.774083138E0,3.284634650E-1
1.999079403E2,4.822058603E-2,-1.538164973E0,3.252922297E-1
1.999281053E2,1.293686181E-1,-8.690535426E-1,4.999772608E-1
1.999482702E2,2.159242034E-1,-4.189677238E-1,7.859693766E-1
1.999684362E2,1.611484215E-2,-2.601505816E-1,8.677700758E-1
1.999886013E2,-1.022392660E-1,-2.995759845E-1,6.551197171E-1
2.000087663E2,1.086306646E-1,-2.722678483E-1,3.676913679E-1
2.000289313E2,5.365571380E-1,-1.774233282E-1,1.368240267E-1
2.000490963E2,9.187884331E-1,2.066871524E-2,-1.439285427E-1
2.000692612E2,1.362861276E0,5.211653188E-2,-3.903252184E-1
2.000894262E2,1.639778376E0,-8.858858794E-2,-5.549646616E-1
2.001095913E2,1.668708324E0,-1.778237075E-1,-4.660553932E-1
2.001297563E2,1.625614524E0,-2.290445864E-1,-2.309473753E-1
2.001499213E2,1.611152887E0,-2.729758918E-1,-1.800220013E-1
2.001700873E2,1.822571874E0,-2.874675691E-1,-4.369259179E-1
2.001902523E2,2.376080513E0,-3.391208649E-1,-7.567023039E-1
2.002104172E2,2.673334360E0,-3.352512717E-1,-9.147404432E-1
2.002305823E2,2.528292418E0,-2.779756188E-1,-8.971197009E-1
2.002507473E2,2.394655943E0,1.164499223E-1,-6.888109446E-1
2.002709123E2,2.388212681E0,5.749922991E-1,-3.850593567E-1
2.002910773E2,2.235020161E0,7.831007838E-1,-5.694299564E-2
2.003112422E2,1.972712755E0,6.043777466E-1,1.174616218E-1
2.003314072E2,1.827620864E0,3.495547771E-1,2.364351451E-1
2.003515723E2,2.138051987E0,5.582284331E-1,2.178187072E-1
2.003717383E2,2.063664913E0,3.759095073E-1,6.802998483E-2
2.003919033E2,1.906028152E0,-3.512456417E-1,-9.229749441E-3
2.004120683E2,1.876952529E0,-7.374807596E-1,-1.717103720E-1
2.004322333E2,1.741715670E0,-7.705349326E-1,-3.520171344E-1
2.004523982E2,1.472198129E0,-7.506560683E-1,-6.347336173E-1
2.004725633E2,1.485950708E0,-2.342798561E-1,-7.181235552E-1
2.004927283E2,1.665321946E0,2.999181151E-1,-5.435968041E-1
2.005128933E2,1.457013249E0,4.677251577E-1,-3.922790289E-1
2.005330583E2,7.511243224E-1,3.447847366E-1,-3.349924982E-1
2.005532243E2,-2.069670856E-1,3.233189881E-2,-4.074281454E-1
2.005733892E2,-8.342550993E-1,-5.227825046E-2,-4.251041412E-1
2.005935542E2,-8.622562289E-1,1.885751784E-1,-3.650569320E-1
2.006137193E2,-7.683727145E-1,2.419199198E-1,-3.628063202E-1
2.006338843E2,-1.190060496E0,2.793816626E-1,-3.925007582E-1
2.006540493E2,-1.998957872E0,3.755751252E-1,-3.592821360E-1
2.006742143E2,-2.716931581E0,6.374342442E-1,-3.214466274E-1
2.006943792E2,-3.021049500E0,1.046924829E0,-2.803273201E-1
2.007145443E2,-2.990094900E0,1.395268083E0,-2.679184079E-1
2.007347103E2,-3.074119329E0,1.706550479E0,-4.434598982E-1
2.007548753E2,-3.302963734E0,2.113953829E0,-6.147643924E-1
2.007750403E2,-3.431044817E0,2.385920763E0,-4.613724351E-1
2.007952053E2,-3.626556158E0,1.881343603E0,-1.079671457E-1
2.008153702E2,-3.899416924E0,8.762783408E-1,9.783608466E-2
2.008355352E2,-3.871037960E0,3.520282507E-1,-3.361972421E-2
2.008557003E2,-3.183583260E0,3.947710991E-1,-3.817842007E-1
2.008758653E2,-2.242180824E0,6.052189469E-1,-6.657902002E-1
2.008960307E2,-1.490245104E0,7.420777082E-1,-8.263698816E-1
2.009161967E2,-1.000166297E0,6.576750875E-1,-8.633673191E-1
2.009363617E2,-8.019874692E-1,4.509578347E-1,-7.983824611E-1
2.009565267E2,-7.675513029E-1,2.855753601E-1,-6.620287299E-1
2.009766917E2,-6.941077113E-1,6.164371595E-2,-3.825331628E-1
2.009968567E2,-5.171035528E-1,-4.372504056E-1,1.993537880E-2
2.010170217E2,-5.934550762E-1,-8.089958429E-1,2.899582982E-1
2.010371867E2,-6.077517271E-1,-8.183922768E-1,4.611002207E-1
2.010573517E2,-4.821138084E-1,-8.695015907E-1,6.185867786E-1
2.010775167E2,-3.778264523E-1,-8.637751937E-1,6.211962700E-1
2.010976827E2,-1.526204199E-1,-6.770764589E-1,4.924055040E-1
2.011178477E2,1.817511618E-1,-4.248764217E-1,3.498028219E-1
2.011380127E2,3.263000250E-1,-3.424201310E-1,3.168408871E-1
2.011581777E2,3.239830434E-1,-2.429453284E-1,3.571702242E-1
2.011783427E2,4.725113511E-1,-7.835642248E-2,4.403001666E-1
2.011985077E2,6.062503457E-1,-2.134112269E-1,5.356886387E-1
2.012186727E2,5.988999009E-1,-6.047672033E-1,5.230836868E-1
2.012388377E2,6.227286458E-1,-7.979400754E-1,4.898020327E-1
2.012590027E2,8.026089668E-1,-7.799769044E-1,5.875084400E-1
2.012791687E2,9.271538854E-1,-6.799114347E-1,6.489344239E-1
2.012993337E2,9.499905705E-1,-5.277296901E-1,5.703467131E-1
2.013194987E2,1.106327295E0,-4.053953588E-1,3.454205692E-1
2.013396637E2,1.515927076E0,-3.164352477E-1,5.887329951E-2
2.013598287E2,1.905088544E0,-4.547007382E-1,-5.982352421E-2
2.013799937E2,1.866909504E0,-6.999652386E-1,-3.118405119E-2
2.014001587E2,1.623754740E0,-7.258886695E-1,4.573118314E-2
2.014203237E2,1.593243122E0,-4.940513968E-1,-4.483094066E-2
2.014404897E2,1.750506997E0,-3.860572875E-1,-2.740380466E-1
2.014606547E2,1.702623487E0,-5.987935066E-1,-4.114585221E-1
2.014808197E2,1.488152742E0,-7.954087853E-1,-4.606694877E-1
2.015009847E2,1.443459153E0,-8.291213512E-1,-5.751208663E-1
2.015211497E2,1.632716298E0,-5.348446369E-1,-7.740933895E-1
2.015413147E2,1.933462262E0,-3.420367837E-2,-8.673311472E-1
2.015614797E2,2.045696974E0,1.620367765E-1,-7.090020776E-1
2.015816447E2,1.963024497E0,1.669505388E-1,-4.269888401E-1
2.016018097E2,1.691673636E0,2.180868834E-1,-2.194023132E-1
2.016219757E2,1.455845952E0,-2.378805131E-1,-8.949763328E-2
2.016421407E2,1.780573487E0,1.271705180E-1,-1.476994753E-1
2.016623057E2,1.746562123E0,-1.453749239E-1,-3.208613098E-1
2.016824707E2,1.628166318E0,-4.143064916E-1,-2.747915983E-1
2.017026357E2,1.496835828E0,-4.967508316E-1,-2.742530406E-1
2.017228007E2,1.546156883E0,-2.551156878E-1,-2.419960052E-1
2.017429657E2,1.388506055E0,-5.905506760E-2,-2.814216912E-1
2.017631307E2,1.178391576E0,1.067517251E-1,-3.123031855E-1
2.017832967E2,9.287359715E-1,1.691772938E-1,-2.954099476E-1
2.018034617E2,5.328959823E-1,1.047277227E-1,-3.760808408E-1
2.018236267E2,1.781443357E-1,8.436223119E-2,-4.376222193E-1
2.018437917E2,-6.538206339E-2,2.125162184E-1,-4.479100108E-1
2.018639567E2,-2.734582126E-1,3.962999880E-1,-4.456158578E-1
2.018841217E2,-4.798412323E-1,5.157473087E-1,-4.584405720E-1
2.019042868E2,-8.003118634E-1,4.424317777E-1,-5.153211355E-1
2.019244518E2,-1.263978839E0,4.460991025E-1,-5.447064638E-1
2.019446178E2,-1.776787996E0,6.809588671E-1,-4.369450510E-1
2.019647828E2,-2.163784266E0,9.531534910E-1,-2.615001202E-1
2.019849477E2,-2.431042910E0,1.107525826E0,-1.328061223E-1
2.020051128E2,-2.714752674E0,9.965634346E-1,-9.653536230E-2
2.020252778E2,-3.060370445E0,7.897830009E-1,-1.787793040E-1
2.020454428E2,-3.142421961E0,7.640460134E-1,-2.478282005E-1
2.020656078E2,-3.102019787E0,7.802090049E-1,1.967699826E-2
2.020857727E2,-3.092656136E0,3.670729995E-1,3.598857820E-1
2.021059387E2,-3.076512098E0,-2.297567725E-1,4.559053183E-1
2.021261037E2,-2.846455097E0,-5.468645692E-1,5.203961730E-1
2.021462688E2,-2.592463732E0,-4.429164827E-1,6.607130766E-1
2.021664338E2,-2.392958879E0,7.473795861E-2,7.259733081E-1
2.021865988E2,-1.934175611E0,4.939661920E-1,6.426171660E-1
2.022067638E2,-1.317663193E0,3.267024457E-1,1.718162596E-1
2.022269287E2,-7.291189432E-1,1.864220016E-2,-4.458676875E-1
2.022470938E2,-2.480671704E-1,3.353669047E-1,-7.769875526E-1
2.022672598E2,-4.506849870E-2,8.136115074E-1,-8.317823410E-1
2.022874248E2,-3.632015735E-2,1.078021407E0,-7.573559880E-1
2.023075898E2,5.526925251E-2,1.107732296E0,-6.196753979E-1
2.023277548E2,2.518369555E-1,9.683682323E-1,-4.282823503E-1
2.023479197E2,3.862998784E-1,3.921117187E-1,-2.246510386E-1
2.023680847E2,3.196100891E-1,-3.984614015E-1,-8.300900459E-2
2.023882498E2,2.388605475E-1,-6.873444319E-1,-6.640943699E-3
2.024084148E2,2.704164982E-1,-4.605008364E-1,9.989839047E-2
2.024285808E2,2.312322557E-1,-3.190745413E-1,3.095260561E-1
2.024487458E2,-2.435631678E-2,-3.938722312E-1,4.773751199E-1
2.024689108E2,-2.417910695E-1,-3.936492801E-1,5.036319494E-1
2.024890757E2,-2.117157876E-1,-3.422562182E-1,4.310395718E-1
2.025092408E2,-1.716012806E-1,-2.636629343E-1,3.308215141E-1
2.025294058E2,-2.434183285E-2,-4.909960181E-2,2.439463288E-1
2.025495708E2,3.287762403E-1,2.559134662E-1,1.350251138E-1
2.025697358E2,8.137925863E-1,2.980761528E-1,1.959300414E-2
2.025899018E2,1.081730008E0,-7.162494212E-2,-6.735094637E-2
2.026100667E2,1.120857835E0,-4.115754366E-1,-5.808053166E-2
2.026302317E2,1.178242445E0,-4.678820074E-1,1.945175789E-2
2.026503968E2,1.301305532E0,-4.473856390E-1,2.870373055E-2
2.026705618E2,1.421623707E0,-6.207593083E-1,-1.631924137E-2
2.026907268E2,1.453740001E0,-7.735244036E-1,-8.980938792E-2
2.027108918E2,1.540013909E0,-7.879916430E-1,-1.748816073E-1
2.027310578E2,1.694975615E0,-6.788332462E-1,-3.626721501E-1
2.027512227E2,1.817891359E0,-5.697986484E-1,-5.878164768E-1
2.027713878E2,1.871363878E0,-4.113041162E-1,-8.227613568E-1
2.027915528E2,1.915604949E0,-1.756027490E-1,-9.295315146E-1
2.028117178E2,1.790186763E0,7.725885510E-2,-9.065389633E-1
2.028318828E2,1.747917295E0,4.484885037E-1,-8.437758088E-1
2.028520477E2,1.622358561E0,8.113364577E-1,-9.015061259E-1
2.028722127E2,1.667551756E0,8.472271562E-1,-8.143743873E-1
2.028923787E2,1.699112773E0,8.166996837E-1,-6.447731256E-1
2.029125438E2,1.449070096E0,7.305633426E-1,-5.623176694E-1
2.029327088E2,1.457882524E0,8.360338211E-1,-4.585462511E-1
2.029528738E2,1.398351789E0,8.650885224E-1,-5.067564249E-1
2.029730388E2,1.182666183E0,4.682465792E-1,-5.047641397E-1
2.029932038E2,1.014161587E0,3.187215924E-1,-5.494430065E-1
2.030133688E2,9.563193917E-1,3.220458031E-1,-5.317152143E-1
2.030335348E2,9.946257472E-1,5.801424980E-1,-5.313084722E-1
2.030536998E2,9.672887921E-1,5.641239285E-1,-5.278707743E-1
2.030738648E2,8.121141791E-1,2.685147226E-1,-5.390963554E-1
2.030940298E2,7.392235398E-1,1.889185160E-1,-5.369221568E-1
2.031141948E2,6.797131300E-1,3.245021403E-1,-4.956986606E-1
2.031343598E2,5.745529532E-1,4.968625009E-1,-5.068627000E-1
2.031545248E2,4.710907042E-1,5.636573434E-1,-5.766555071E-1
2.031746898E2,4.151275754E-1,3.490032256E-1,-6.850901842E-1
2.031948558E2,2.470115721E-1,2.301555127E-1,-7.370226383E-1
2.032150208E2,1.598585211E-2,2.664951086E-1,-6.060774326E-1
2.032351858E2,-2.909629643E-1,3.925538957E-1,-3.735748827E-1
2.032553508E2,-5.493128300E-1,5.459752083E-1,-2.709177434E-1
2.032755158E2,-6.677572727E-1,4.740071595E-1,-3.073909283E-1
2.032956808E2,-9.391266108E-1,3.478846848E-1,-4.446655810E-1
2.033158458E2,-1.251820326E0,3.935568333E-1,-4.419499338E-1
2.033360118E2,-1.613879204E0,2.049618959E-1,-1.712905020E-1
2.033561768E2,-2.080968142E0,-6.074129790E-2,-2.046615258E-2
2.033763418E2,-2.382583141E0,-1.196391582E-1,9.440807998E-2
2.033965068E2,-2.760249138E0,-5.987680331E-2,3.464301825E-1
2.034166718E2,-3.056421280E0,-2.060213238E-1,3.061455786E-1
2.034368368E2,-2.813502073E0,-4.295591414E-1,3.886375809E-3
2.034570018E2,-2.210911751E0,-3.752188385E-1,-3.188654780E-1
2.034771668E2,-1.841684937E0,5.850547925E-2,-5.859560370E-1
2.034973328E2,-1.626795411E0,9.003369212E-1,-6.117764115E-1
2.035174978E2,-1.597402930E0,1.415186405E0,-6.600246429E-1
2.035376628E2,-1.200587273E0,1.359638691E0,-4.855804741E-1
2.035578278E2,-7.883792520E-1,6.014875174E-1,-1.372346878E-1
2.035779928E2,-7.253204584E-1,-2.580758333E-1,1.487507820E-1
2.035981578E2,-6.233819723E-1,-5.626424551E-1,2.836039960E-1
2.036183238E2,-3.832621574E-1,-3.886379898E-1,2.557685375E-1
2.036384888E2,-2.268570289E-2,-2.365462855E-2,1.525855362E-1
2.036586538E2,2.108884901E-1,2.732123137E-1,6.533659250E-2
2.036788188E2,2.521014512E-1,4.563410878E-1,-1.830185391E-2
2.036989838E2,1.883405894E-1,5.291734934E-1,-4.161383584E-2
2.037191488E2,1.242474392E-1,6.617818475E-1,-5.919133127E-2
2.037393138E2,1.535676718E-1,7.075584531E-1,-1.107992902E-1
2.037594788E2,2.399619520E-1,6.700904369E-1,-2.203004807E-1
2.037796448E2,4.474360645E-1,7.711737752E-1,-4.066070318E-1
2.037998098E2,7.149536014E-1,9.138551950E-1,-5.356361270E-1
2.038199748E2,8.285670280E-1,8.945166469E-1,-5.802612305E-1
2.038401398E2,8.875359893E-1,7.850281596E-1,-5.896900892E-1
2.038603048E2,1.039988637E0,7.777935266E-1,-6.273150444E-1
2.038804698E2,1.177323699E0,7.814923525E-1,-6.677455306E-1
2.039006340E2,1.223635554E0,8.409545422E-1,-6.888801455E-1
2.039208000E2,1.211019874E0,8.684118390E-1,-6.427283287E-1
2.039409650E2,1.064091921E0,8.803039193E-1,-5.432456732E-1
2.039611300E2,9.391432405E-1,7.721304893E-1,-4.416324198E-1
2.039812950E2,9.434879422E-1,4.886193275E-1,-4.948682785E-1
2.040014600E2,9.928602576E-1,2.523322105E-1,-6.093471050E-1
2.040216250E2,9.932137132E-1,2.086862922E-1,-7.839789391E-1
2.040417910E2,8.867024183E-1,4.460974932E-1,-8.950718045E-1
2.040619560E2,8.140630722E-1,9.790264368E-1,-1.131035328E0
2.040821210E2,1.052595139E0,1.393725753E0,-1.532179117E0
2.041022860E2,1.413005471E0,1.621814609E0,-1.828337193E0
2.041224510E2,1.640720129E0,1.819312692E0,-1.935957789E0
2.041426160E2,1.674606323E0,1.924798727E0,-1.843058109E0
2.041627810E2,1.594010592E0,1.962560534E0,-1.718053460E0
2.041829470E2,1.564626098E0,1.977720380E0,-1.652714133E0
2.042031120E2,1.635201097E0,1.937746286E0,-1.718187571E0
2.042232770E2,1.639593363E0,1.891931891E0,-1.852472186E0
2.042434420E2,1.523607016E0,2.112138271E0,-1.846000433E0
2.042636070E2,1.475180984E0,2.399690866E0,-1.720094919E0
2.042837720E2,1.529145479E0,2.467453241E0,-1.628957748E0
2.043039380E2,1.758968949E0,2.263663054E0,-1.578264832E0
2.043241030E2,2.029928446E0,1.918918252E0,-1.569188237E0
2.043442680E2,2.105351686E0,1.664781809E0,-1.532627702E0
2.043644330E2,2.014264345E0,1.454424620E0,-1.375271440E0
2.043845980E2,1.810924172E0,1.275717735E0,-1.192797065E0
2.044047630E2,1.625104666E0,1.145348430E0,-9.870076776E-1
2.044249290E2,1.550167799E0,8.233455420E-1,-8.219830990E-1
2.044450940E2,1.352365017E0,5.661315322E-1,-8.201460838E-1
2.044652590E2,1.126745105E0,4.930712879E-1,-8.042261004E-1
2.044854240E2,8.647359610E-1,5.447113514E-1,-7.459964752E-1
2.045055890E2,5.606429577E-1,5.736495256E-1,-6.909343600E-1
2.045257540E2,4.034405649E-1,6.949727535E-1,-5.377916694E-1
2.045459200E2,2.634853423E-1,7.544875741E-1,-4.504916370E-1
2.045660850E2,5.948654190E-2,5.920742154E-1,-5.183041692E-1
2.045862500E2,-1.397390664E-1,2.746153772E-1,-6.182516813E-1
2.046064150E2,-2.644259334E-1,1.228745282E-1,-5.962490439E-1
2.046265800E2,-5.088305473E-1,-5.188414454E-2,-3.208622932E-1
2.046467460E2,-1.003083348E0,-3.126454055E-1,3.838962689E-2
2.046669110E2,-1.457731962E0,-8.746832013E-1,-3.724621609E-2
2.046870760E2,-1.390974641E0,-1.241021514E0,-4.205197394E-1
2.047072410E2,-1.130983233E0,-1.209077597E0,-6.966704130E-1
2.047274060E2,-1.130738735E0,-9.100990891E-1,-6.762387156E-1
2.047475710E2,-1.486756325E0,-3.906759024E-1,-5.055187345E-1
2.047677370E2,-1.891858578E0,9.506725520E-2,-4.408968091E-1
2.047879020E2,-2.134965897E0,2.952144742E-1,-4.308955669E-1
2.048080670E2,-2.449090481E0,1.338416040E-1,-4.835101962E-1
2.048282320E2,-2.995668173E0,-1.282377094E-1,-5.401964188E-1
2.048483970E2,-2.838842630E0,5.108327866E-1,-3.800885975E-1
2.048685630E2,-2.434342384E0,1.370444536E0,-2.188972831E-1
2.048887280E2,-2.180832148E0,1.650633812E0,-2.219049633E-1
2.049088935E2,-2.029403925E0,8.349765539E-1,-3.018789887E-1
2.049290585E2,-1.896226287E0,-8.338960819E-3,-2.157413512E-1
2.049492235E2,-1.702678680E0,-2.245022357E-1,-1.892142557E-2
2.049693895E2,-1.554121137E0,6.626318395E-2,1.261120737E-1
2.049895545E2,-1.343888760E0,5.015357137E-1,2.703802586E-1
2.050097195E2,-1.201707602E0,6.018822789E-1,2.072438151E-1
2.050298845E2,-9.869466424E-1,5.726045370E-1,-1.789806597E-2
2.050500495E2,-6.143654585E-1,6.681700945E-1,-2.245195955E-1
2.050702145E2,-3.626908958E-1,9.826951623E-1,-3.643821180E-1
2.050903805E2,-1.910683364E-1,1.182546973E0,-3.918464482E-1
2.051105455E2,2.323881909E-2,1.267705560E0,-4.714460969E-1
2.051307105E2,3.188549578E-1,1.260141015E0,-5.750523210E-1
2.051508755E2,4.725034833E-1,1.267796993E0,-6.971274614E-1
2.051710405E2,5.592827201E-1,1.412555575E0,-7.840406895E-1
2.051912065E2,8.339428306E-1,1.664747834E0,-7.117784619E-1
2.052113715E2,1.031146169E0,1.794493675E0,-6.011348963E-1
2.052315365E2,1.153766155E0,1.641919374E0,-6.282387376E-1
2.052517015E2,1.209048748E0,1.331685066E0,-6.535835862E-1
2.052718665E2,1.187031031E0,1.338467479E0,-5.647320747E-1
2.052920325E2,1.324251771E0,1.509910107E0,-3.688325286E-1
2.053121975E2,1.575204372E0,1.555845857E0,-3.242637813E-1
2.053323625E2,1.911939502E0,1.385054111E0,-6.572396159E-1
2.053525275E2,2.495185375E0,1.250526428E0,-1.258389354E0
2.053726925E2,3.111884117E0,1.591289401E0,-1.758524656E0
2.053928585E2,3.448269844E0,1.990177393E0,-1.846726060E0
2.054130235E2,3.451847315E0,2.121970654E0,-1.618242979E0
2.054331885E2,3.424528360E0,1.903401971E0,-1.357626677E0
2.054533535E2,3.343420267E0,1.504739642E0,-1.227374434E0
2.054735185E2,3.261461020E0,1.117546797E0,-1.186259389E0
2.054936845E2,3.117930651E0,8.789467812E-1,-1.109297991E0
2.055138495E2,2.917425394E0,8.465079665E-1,-9.595688581E-1
2.055340145E2,2.581360579E0,6.051243544E-1,-7.786036730E-1
2.055541795E2,2.143985510E0,-5.075918511E-2,-6.562975049E-1
2.055743445E2,1.784340382E0,-6.532368660E-1,-5.679455400E-1
2.055945105E2,1.666485548E0,-6.177698970E-1,-5.311567783E-1
2.056146755E2,1.601307869E0,-3.594051003E-1,-4.580052793E-1
2.056348405E2,1.464900374E0,-2.730127573E-1,-3.579974771E-1
2.056550055E2,1.333168864E0,-2.539137900E-1,-3.387802541E-1
2.056751705E2,1.089812517E0,-7.157559395E-1,-4.263913035E-1
2.056953355E2,8.125926256E-1,-7.214643359E-1,-5.932373405E-1
2.057155015E2,7.686422467E-1,-3.884113133E-1,-6.561723351E-1
2.057356665E2,7.083215714E-1,-9.041005373E-2,-6.467859745E-1
2.057558315E2,4.733279943E-1,-4.314143211E-2,-5.853127837E-1
2.057759965E2,1.438935548E-1,-2.066224366E-1,-5.091665387E-1
2.057961615E2,-3.798955381E-1,-2.836874723E-1,-5.220766068E-1
2.058163275E2,-8.196159005E-1,-3.511047661E-1,-5.007611513E-1
2.058364925E2,-1.044077992E0,3.043965437E-2,-4.110894203E-1
2.058566575E2,-1.119280100E0,3.032922745E-1,-2.419637442E-1
2.058768225E2,-1.525120497E0,4.164052308E-1,-1.948646903E-1
2.058969875E2,-2.083057880E0,5.323945284E-1,-2.233795822E-1
2.059171535E2,-2.390581131E0,5.221027136E-1,-1.969992816E-1
2.059373185E2,-2.514970303E0,3.763918281E-1,-2.023246288E-1
2.059574835E2,-2.775260687E0,3.877859712E-1,6.545925140E-2
2.059776485E2,-3.220205545E0,4.393626153E-1,3.555715084E-1
2.059978135E2,-3.557151794E0,2.826283276E-1,4.340035915E-1
2.060179795E2,-3.552407026E0,1.988041550E-1,1.846191287E-1
2.060381445E2,-3.132752657E0,3.640016913E-1,-2.001278996E-1
2.060583095E2,-2.654260397E0,4.069594741E-1,-3.102428913E-1
2.060784745E2,-2.429409504E0,3.496606350E-1,-2.031581998E-1
2.060986395E2,-2.145309925E0,2.400824726E-1,-5.183748528E-2
2.061188045E2,-1.756815672E0,2.151753455E-1,-9.454008192E-2
2.061389705E2,-1.178296804E0,1.559390575E-1,-1.551856399E-1
2.061591355E2,-1.116616726E0,-3.642344177E-1,-3.396545649E-1
2.061793005E2,-8.818589449E-1,-5.993599296E-1,-3.059483469E-1
2.061994655E2,-4.324032664E-1,-3.753503859E-1,-9.580247104E-2
2.062196305E2,-2.558995783E-1,-4.802759886E-1,-2.408871194E-3
2.062397965E2,-1.538597941E-1,-6.200159788E-1,-2.617169358E-2
2.062599615E2,8.125232160E-2,-4.344706833E-1,-1.032497138E-1
2.062801265E2,4.694958329E-1,-2.254355848E-1,-1.378318071E-1
2.063002915E2,6.144167185E-1,-3.513985276E-1,-2.152546644E-1
2.063204565E2,7.294180393E-1,-3.540575802E-1,-2.000015527E-1
2.063406225E2,9.180303812E-1,4.057569057E-2,-1.647890806E-1
2.063607875E2,1.099457264E0,2.157261372E-1,-1.644650847E-1
2.063809525E2,1.276331186E0,2.437887043E-1,-2.294167429E-1
2.064011175E2,1.375242114E0,7.080645859E-2,-2.360524833E-1
2.064212825E2,1.271778703E0,-1.513254046E-1,-1.171598136E-1
2.064414485E2,1.221146584E0,-1.926545054E-1,2.019616775E-2
2.064616135E2,1.336560011E0,-2.718706429E-1,9.029312059E-3
2.064817785E2,1.434095144E0,-2.818331718E-1,-1.315326691E-1
2.065019435E2,1.481017232E0,-2.317109704E-1,-3.333290219E-1
2.065221085E2,1.439688921E0,-1.594129801E-1,-6.108071208E-1
2.065422735E2,1.344315767E0,9.989995509E-2,-6.549350619E-1
2.065624395E2,1.133992195E0,2.963271141E-1,-5.811678171E-1
2.065826045E2,9.056213498E-1,3.029960096E-1,-5.189063549E-1
2.066027695E2,8.194198012E-1,2.799539566E-1,-6.739639640E-1
2.066229345E2,1.127893090E0,3.981401026E-1,-1.129548192E0
2.066430995E2,1.451985836E0,4.713918567E-1,-1.519419074E0
2.066632655E2,1.421335816E0,6.077070832E-1,-1.796221972E0
2.066834305E2,1.204695940E0,8.636878133E-1,-1.962766290E0
2.067035955E2,1.124767303E0,1.339489818E0,-1.993898988E0
2.067237605E2,1.159694076E0,1.493786335E0,-1.984554291E0
2.067439255E2,1.159729600E0,1.352696180E0,-1.918807149E0
2.067640905E2,9.167952538E-1,1.260115504E0,-1.740090847E0
2.067842565E2,5.215301514E-1,1.249245882E0,-1.396918654E0
2.068044215E2,1.680492461E-1,1.143327236E0,-1.042037368E0
2.068245865E2,9.737636894E-2,8.688046336E-1,-8.103135824E-1
2.068447515E2,1.180106327E-1,5.475877523E-1,-7.775714397E-1
2.068649165E2,1.159961522E-1,3.365467787E-1,-7.359527946E-1
2.068850825E2,9.084952995E-3,1.716463417E-1,-6.527330875E-1
2.069052471E2,-1.827972829E-1,1.941973269E-1,-5.850577950E-1
2.069254121E2,-3.562842906E-1,2.534132004E-1,-4.755380750E-1
2.069455771E2,-5.638474822E-1,3.345538676E-1,-3.724626303E-1
2.069657421E2,-6.522046328E-1,3.911403120E-1,-3.045188785E-1
2.069859081E2,-7.742580771E-1,2.745160758E-1,-4.620779157E-1
2.070060731E2,-9.462585449E-1,3.414971828E-1,-5.601766706E-1
2.070262381E2,-9.881893396E-1,4.633884430E-1,-3.704898655E-1
2.070464031E2,-1.188922644E0,4.461997747E-1,-1.644009203E-1
2.070665681E2,-1.434852481E0,3.739697933E-1,2.186642215E-2
2.070867331E2,-1.541309357E0,4.120678604E-1,1.244629920E-1
2.071068991E2,-1.538244247E0,4.575398862E-1,2.222814113E-1
2.071270641E2,-1.550478220E0,2.396694273E-1,3.530239165E-1
2.071472291E2,-1.587728739E0,9.144858271E-2,3.229570985E-1
2.071673941E2,-1.416705728E0,3.346801698E-1,1.226632446E-1
2.071875591E2,-9.806491137E-1,5.541954041E-1,-6.642449647E-2
2.072077251E2,-7.375887632E-1,3.877920806E-1,-1.822619587E-1
2.072278901E2,-6.405721903E-1,1.986100078E-1,-1.697503924E-1
2.072480551E2,-4.893342257E-1,2.592607439E-1,-1.063059419E-1
2.072682201E2,-3.521168530E-1,3.962870240E-1,1.965848263E-3
2.072883851E2,-2.959110737E-1,4.673820436E-1,1.416568309E-1
2.073085511E2,-1.299372315E-1,4.596755803E-1,2.879575491E-1
2.073287161E2,1.700311899E-1,1.289442331E-1,2.925905585E-1
2.073488811E2,2.006924152E-1,-2.252042145E-1,4.102117419E-1
2.073690461E2,-5.527158733E-3,-1.947155297E-1,6.623748541E-1
2.073892111E2,-1.754053086E-1,1.245098040E-1,8.230198026E-1
2.074093761E2,-7.815283537E-2,3.634980619E-1,7.245004773E-1
2.074295421E2,3.622534573E-1,2.006948888E-1,3.693814278E-1
2.074497071E2,1.086582541E0,-8.743843064E-3,-6.389822066E-2
2.074698721E2,1.688854694E0,-5.122068524E-2,-2.222990394E-1
2.074900371E2,2.019526005E0,1.221214607E-1,-1.726291478E-1
2.075102021E2,2.226805687E0,1.555241346E-1,-1.665582880E-3
2.075303681E2,2.448637247E0,-5.026047304E-2,1.637603045E-1
2.075505331E2,2.656434298E0,-5.692871213E-1,1.041366532E-1
2.075706981E2,3.045689344E0,-8.828339577E-1,6.877803244E-3
2.075908631E2,3.292376995E0,-8.888503313E-1,-3.414178966E-3
2.076110281E2,3.268496513E0,-8.744149804E-1,3.921308741E-2
2.076311941E2,3.161651373E0,-7.181152701E-1,2.852344885E-2
2.076513591E2,2.958139896E0,-5.767652392E-1,1.638897695E-2
2.076715241E2,2.703538656E0,-4.513878822E-1,1.002733931E-1
2.076916891E2,2.413889885E0,-3.966639042E-1,2.564487159E-1
2.077118541E2,2.067598581E0,-4.698498547E-1,3.829549551E-1
2.077320201E2,1.755168438E0,-3.066159487E-1,4.648698568E-1
2.077521851E2,1.447744489E0,-1.525693014E-2,4.815178812E-1
2.077723501E2,1.156345010E0,1.629984528E-1,3.957213461E-1
2.077925151E2,8.838254809E-1,6.040871143E-3,3.339246809E-1
2.078126801E2,6.411047578E-1,-2.003172040E-1,2.379781157E-1
2.078328451E2,3.292321861E-1,-2.955955863E-1,1.494550705E-1
2.078530111E2,-4.479841515E-2,-1.884932667E-1,1.539502442E-1
2.078731761E2,-4.254203141E-1,4.228347912E-2,1.780167073E-1
2.078933411E2,-8.341634870E-1,1.098049879E-1,2.786771953E-1
2.079135069E2,-1.307065725E0,-6.890800595E-2,4.411698878E-1
2.079336719E2,-1.782257795E0,-9.584175795E-2,6.672993898E-1
2.079538379E2,-2.205554008E0,4.624258727E-2,8.056564331E-1
2.079740029E2,-2.808638096E0,1.157753542E-1,8.967833519E-1
2.079941679E2,-3.431124210E0,3.784540296E-1,8.884577155E-1
2.080143329E2,-3.803841829E0,5.732808113E-1,1.034926295E0
2.080344979E2,-3.984858751E0,5.071233511E-1,1.285743833E0
2.080546639E2,-4.257506847E0,-2.780209184E-1,1.593734860E0
2.080748289E2,-3.741109133E0,-3.399582505E-1,2.161203861E0
2.080949939E2,-3.699955225E0,-1.046444774E0,1.564281940E0
2.081151589E2,-3.592903137E0,-1.652560830E0,1.264299154E0
2.081353239E2,-3.099744797E0,-1.415399671E0,1.293865919E0
2.081554899E2,-3.014886141E0,-1.023351669E0,1.418294907E0
2.081756549E2,-2.779684544E0,-2.470705211E-1,1.450045705E0
2.081958199E2,-2.463079214E0,3.177212775E-1,1.238538265E0
2.082159849E2,-2.291796446E0,5.355678201E-1,8.880800009E-1
2.082361499E2,-1.844119787E0,7.835843563E-1,4.392254651E-1
2.082563159E2,-1.377188444E0,8.880231977E-1,7.253893185E-3
2.082764809E2,-1.177410722E0,9.023058414E-1,-1.383875906E-1
2.082966459E2,-5.839525461E-1,1.064989567E0,-2.571966946E-1
2.083168109E2,6.408310682E-2,6.973370314E-1,-3.248046637E-1
2.083369759E2,2.045431584E-1,8.046391606E-2,-3.257153034E-1
2.083571419E2,2.614277303E-1,-3.569944762E-3,-3.568369746E-1
2.083773069E2,5.054364204E-1,2.280938923E-1,-3.968323767E-1
2.083974719E2,7.774685621E-1,4.645099640E-1,-3.963054717E-1
2.084176369E2,1.078582168E0,4.322033823E-1,-4.604334235E-1
2.084378019E2,1.443384051E0,3.024976850E-1,-6.372749209E-1
2.084579679E2,1.725375533E0,2.735624015E-1,-6.945577264E-1
2.084781329E2,1.975950718E0,3.091577888E-1,-6.087474227E-1
2.084982979E2,2.206198454E0,2.722547650E-1,-4.047238231E-1
2.085184629E2,2.518511534E0,1.870078593E-1,-2.826329470E-1
2.085386279E2,2.900644064E0,-1.207689568E-1,-2.883638442E-1
2.085587939E2,3.006058216E0,-2.622982562E-1,-3.081551492E-1
2.085789589E2,2.950175762E0,-3.075887263E-1,-1.621647179E-1
2.085991239E2,2.837073088E0,-2.553992867E-1,-7.149109989E-2
2.086192889E2,2.736742496E0,-3.108764589E-1,2.322260104E-2
2.086394539E2,2.634350538E0,-3.852552474E-1,5.288678408E-2
2.086596199E2,2.511287212E0,-5.282600522E-1,-9.970016778E-3
2.086797849E2,2.413479090E0,-5.443714857E-1,4.056847841E-2
2.086999499E2,2.220726967E0,-4.579080343E-1,1.673179716E-1
2.087201149E2,1.945656180E0,-4.666942954E-1,2.159465104E-1
2.087402799E2,1.647397041E0,-5.194862485E-1,2.231370211E-1
2.087604459E2,1.332786441E0,-4.231950343E-1,9.855809808E-2
2.087806109E2,1.123854637E0,8.262391388E-2,-4.183986410E-2
2.088007759E2,1.123460770E0,4.831486344E-1,-9.290529042E-2
2.088209409E2,1.051102281E0,5.231562853E-1,-4.243577272E-2
2.088411059E2,8.170799613E-1,2.958108485E-1,4.729298130E-2
2.088612709E2,4.463129044E-1,1.204424351E-1,1.710587591E-1
2.088814369E2,1.302237511E-1,8.893110603E-2,3.122786283E-1
2.089016019E2,-1.047954559E-1,1.119142771E-1,4.809587598E-1
2.089217663E2,-3.453858495E-1,-9.640149772E-2,6.610202193E-1
2.089419313E2,-7.090172768E-1,-2.673435211E-1,7.050905228E-1
2.089620973E2,-1.063583970E0,-3.106716573E-1,7.338788509E-1
2.089822623E2,-1.418357730E0,-2.729326487E-1,7.699462771E-1
2.090024273E2,-1.652901411E0,-2.518182695E-1,7.288583517E-1
2.090225922E2,-1.646742105E0,-7.633444667E-2,6.205894351E-1
2.090427573E2,-1.633968472E0,-9.816291183E-2,5.643506646E-1
2.090629233E2,-1.853352785E0,-2.728576958E-1,6.029294729E-1
2.090830883E2,-2.099507093E0,-4.379767478E-1,8.006266952E-1
2.091032533E2,-2.439330101E0,-3.127926588E-1,9.425157309E-1
2.091234183E2,-2.807609558E0,-2.212958336E-1,1.073836684E0
2.091435832E2,-2.967882395E0,9.572565556E-2,1.212581158E0
2.091637493E2,-2.994351387E0,-9.449560940E-2,1.206171155E0
2.091839142E2,-2.993299484E0,-5.738047957E-1,1.342565894E0
2.092040793E2,-2.985842943E0,-6.372425556E-1,1.409012556E0
2.092242443E2,-2.840510130E0,-5.034042597E-1,1.321094632E0
2.092444093E2,-2.566592455E0,-5.034979582E-1,1.107100010E0
2.092645753E2,-2.285422564E0,-6.849147677E-1,7.952033877E-1
2.092847403E2,-2.054266214E0,-9.689161777E-1,5.025713444E-1
2.093049052E2,-2.049825430E0,-8.024119735E-1,3.274463713E-1
2.093250702E2,-2.051805258E0,-4.035861492E-1,2.086873651E-1
2.093452353E2,-2.110359907E0,-1.573361456E-1,2.613530755E-1
2.093654013E2,-2.125475645E0,8.631657064E-2,2.421702594E-1
2.093855663E2,-1.845669627E0,3.896369338E-1,-5.827374756E-2
2.094057313E2,-1.151994586E0,4.697900414E-1,-4.460732639E-1
2.094258963E2,-3.544925451E-1,3.267235160E-1,-6.333638430E-1
2.094460612E2,5.878041983E-1,3.492003679E-1,-4.109417498E-1
2.094662272E2,1.084684253E0,3.844325840E-1,-1.482229829E-1
2.094863922E2,1.141687274E0,5.159521699E-1,1.017509624E-1
2.095065573E2,1.066416860E0,6.170575023E-1,2.501805425E-1
2.095267223E2,1.123785496E0,3.351416886E-1,2.083418667E-1
2.095468873E2,1.489208460E0,-1.833487600E-1,-7.924123853E-2
2.095670533E2,1.903660655E0,-3.224613667E-1,-3.515636623E-1
2.095872183E2,2.209082365E0,-4.707394913E-2,-4.579933286E-1
2.096073832E2,2.374711514E0,2.181359082E-1,-4.639751315E-1
2.096275483E2,2.416994333E0,1.237398759E-1,-3.209212124E-1
2.096477142E2,2.471222162E0,-5.377043411E-2,-2.000169009E-1
2.096678793E2,2.560518742E0,-1.413419247E-1,-1.822577268E-1
2.096880443E2,2.434899092E0,-1.557133198E-1,-2.261845022E-1
2.097082093E2,2.273508549E0,-1.979788244E-1,-1.965119392E-1
2.097283743E2,2.332262039E0,-1.663213409E-2,-3.960467875E-2
2.097485403E2,2.458188772E0,1.033920124E-1,1.355873793E-1
2.097687052E2,2.531423569E0,-1.791334599E-1,1.096348837E-1
2.097888703E2,2.481336117E0,-5.463087559E-1,1.404905412E-2
2.098090353E2,2.321714163E0,-6.886114478E-1,-2.835463919E-2
2.098292003E2,2.115684986E0,-6.166216135E-1,-3.029748239E-2
2.098493663E2,1.957048535E0,-4.142801166E-1,4.888777621E-3
2.098695313E2,1.829775929E0,-2.585338950E-1,1.466225684E-1
2.098896963E2,1.468067646E0,-3.758302033E-1,3.190592229E-1
2.099098609E2,9.567972422E-1,-7.063979506E-1,1.632272005E-1
2.099300259E2,6.509776115E-1,-7.008547187E-1,-2.587298453E-1
2.099501919E2,5.736037493E-1,-1.696543396E-1,-5.123876929E-1
2.099703569E2,3.241198361E-1,6.164026260E-1,-5.564855933E-1
2.099905219E2,-2.048382610E-1,1.008548141E0,-5.436627865E-1
2.100106869E2,-9.145802259E-1,9.858078957E-1,-5.559940338E-1
2.100308529E2,-1.683650970E0,8.625332713E-1,-5.462210178E-1
2.100510179E2,-2.277392864E0,9.928609133E-1,-3.052910566E-1
2.100711829E2,-2.729699612E0,1.100073099E0,3.826197982E-2
2.100913479E2,-3.108988762E0,1.068426132E0,3.386943042E-2
2.101115129E2,-3.169794321E0,8.287527561E-1,-1.953571141E-1
2.101316789E2,-3.010128021E0,5.775989890E-1,-2.980163693E-1
2.101518439E2,-3.038435936E0,3.309702873E-1,-1.398916841E-1
2.101720089E2,-3.192240715E0,2.423883826E-1,-1.171362624E-1
2.101921739E2,-2.959911108E0,5.153895617E-1,-2.969510257E-1
2.102123389E2,-2.402338266E0,5.119363666E-1,-3.387704194E-1
2.102325049E2,-2.174937248E0,-1.622062474E-1,-1.624331772E-1
2.102526699E2,-2.197547197E0,-7.035666108E-1,8.036541194E-2
2.102728349E2,-2.367503166E0,-9.423414469E-1,8.257944882E-2
2.102929999E2,-2.198036194E0,-4.706330597E-1,-6.454300880E-2
2.103131649E2,-1.731300235E0,-1.193170547E-1,-1.124941707E-1
2.103333309E2,-1.506196976E0,-3.204146028E-1,-6.033922732E-2
2.103534959E2,-1.497372389E0,-5.986180305E-1,-6.731620431E-2
2.103736609E2,-1.368564844E0,-5.620417595E-1,-7.007968426E-2
2.103938259E2,-1.035822272E0,-4.695363641E-1,3.624086455E-2
2.104139919E2,-7.704718709E-1,-5.868588090E-1,2.350444794E-1
2.104341569E2,-6.882984042E-1,-6.454193592E-1,3.890982270E-1
2.104543219E2,-5.729994774E-1,-4.151888490E-1,4.809180498E-1
2.104744869E2,-3.679466248E-1,-1.855651736E-1,5.473836064E-1
2.104946519E2,-3.238705993E-1,-2.298090756E-1,5.739034414E-1
2.105148179E2,-3.423251212E-1,-3.935015500E-1,5.364699364E-1
2.105349829E2,-2.088209540E-1,-2.141280621E-1,4.217727780E-1
2.105551479E2,8.049563318E-2,7.638153434E-2,3.242155015E-1
2.105753129E2,2.703564167E-1,1.068972871E-1,2.188669443E-1
2.105954779E2,4.876305461E-1,1.522246301E-1,1.406614631E-1
2.106156439E2,8.745762706E-1,2.292082310E-1,7.338907570E-2
2.106358089E2,1.190387130E0,2.491682395E-2,8.343281597E-2
2.106559739E2,1.286841631E0,-3.590017557E-1,1.249344647E-1
2.106761389E2,1.173620462E0,-5.391587019E-1,1.911205053E-1
2.106963049E2,1.347189784E0,-4.582868516E-1,1.718528569E-1
2.107164699E2,1.826747298E0,-4.774964452E-1,8.609484136E-2
2.107366349E2,2.317154646E0,-9.256402254E-1,-1.675901115E-1
2.107567999E2,2.750049353E0,-1.129965901E0,-5.128915310E-1
2.107769649E2,2.970135927E0,-9.290463924E-1,-6.153123379E-1
2.107971309E2,2.795203686E0,-5.300586224E-1,-5.378100872E-1
2.108172959E2,2.628512621E0,-1.654615551E-1,-3.323819339E-1
2.108374609E2,2.592679977E0,1.404617131E-1,-2.322079837E-1
2.108576259E2,2.455870628E0,3.721835092E-4,-3.869583607E-1
2.108777919E2,2.508258343E0,-2.350884825E-1,-5.526610017E-1
2.108979569E2,2.721816301E0,-9.407027811E-2,-6.190505028E-1
2.109181221E2,2.630122423E0,-1.127845794E-1,-6.320309639E-1
2.109382871E2,2.518459320E0,-3.312391639E-1,-4.696982801E-1
2.109584521E2,2.443861485E0,-3.264167011E-1,-2.729198635E-1
2.109786181E2,2.320014477E0,-9.578527510E-2,-1.027221307E-1
2.109987831E2,2.114629269E0,1.193489283E-1,-1.845591813E-1
2.110189481E2,1.728075862E0,1.227589622E-1,-4.239849448E-1
2.110391131E2,1.274776459E0,-1.805511862E-1,-5.488569736E-1
2.110592791E2,1.011362314E0,-2.665471733E-1,-5.369355083E-1
2.110794441E2,9.167389274E-1,-1.138631348E-2,-5.595125556E-1
2.110996091E2,8.098865151E-1,2.845321298E-1,-5.292581916E-1
2.111197741E2,4.538047910E-1,3.667564988E-1,-4.631689191E-1
2.111399391E2,-1.281282455E-1,2.342795581E-1,-3.823524714E-1
2.111601051E2,-7.090612054E-1,6.734924018E-2,-2.525513172E-1
2.111802701E2,-1.089050174E0,2.640038133E-1,-2.201860547E-1
2.112004351E2,-1.359079123E0,6.915075183E-1,-2.559048235E-1
2.112206001E2,-1.864783287E0,8.183486462E-1,-2.564334869E-1
2.112407661E2,-2.550171375E0,7.754871845E-1,-2.158258855E-1
2.112609311E2,-3.122067928E0,8.522614241E-1,-1.847703308E-1
2.112810961E2,-3.564399481E0,9.727716446E-1,-1.166881844E-1
2.113012611E2,-4.023514271E0,1.150915384E0,-5.267504603E-2
2.113214261E2,-4.085905552E0,1.460293889E0,7.169096265E-3
2.113415921E2,-3.882852316E0,1.553324699E0,2.796821296E-1
2.113617571E2,-4.139767647E0,1.055145025E0,5.947505236E-1
2.113819221E2,-4.559278488E0,2.260439247E-1,6.365664601E-1
2.114020871E2,-3.936377048E0,-2.170144320E-1,3.750530779E-1
2.114222521E2,-2.735918999E0,1.613770425E-1,-2.688326836E-1
2.114424181E2,-1.822603345E0,7.987256050E-1,-8.503251076E-1
2.114625831E2,-1.169210792E0,1.019691467E0,-1.046331286E0
2.114827481E2,-8.659293652E-1,1.015291691E0,-9.307321906E-1
2.115029131E2,-8.349304199E-1,8.602093458E-1,-6.904605031E-1
2.115230791E2,-8.568360209E-1,5.982152224E-1,-3.979423344E-1
2.115432441E2,-7.684097290E-1,2.512075603E-1,-9.973485023E-2
2.115634091E2,-7.232283354E-1,-4.273237884E-1,1.896098107E-1
2.115835741E2,-7.026374340E-1,-9.108679891E-1,4.190455079E-1
2.116037401E2,-6.749925017E-1,-9.245786667E-1,5.555088520E-1
2.116239051E2,-5.370793939E-1,-7.739614248E-1,6.115134954E-1
2.116440701E2,-4.149247706E-1,-6.647127867E-1,5.897475481E-1
2.116642351E2,-3.017300963E-1,-7.132878304E-1,3.971915245E-1
2.116844001E2,-8.290128410E-2,-7.060495615E-1,1.233689412E-1
2.117045661E2,2.440232038E-1,-6.133137941E-1,5.239287764E-2
2.117247311E2,3.147815168E-1,-4.185788631E-1,9.629295766E-2
2.117448961E2,2.052953094E-1,-1.186419427E-1,1.210927516E-1
2.117650611E2,1.625172645E-1,-4.303727672E-2,2.287728637E-1
2.117852271E2,1.034515798E-1,-3.141926229E-1,3.242860734E-1
2.118053921E2,1.480961591E-1,-3.340102434E-1,4.061083198E-1
2.118255571E2,2.739379406E-1,-5.042129382E-2,4.499945939E-1
2.118457221E2,3.507386744E-1,1.889505535E-1,4.844633341E-1
2.118658871E2,3.672662079E-1,2.146270871E-1,4.488513768E-1
2.118860531E2,7.012141943E-1,7.904355973E-2,2.660960555E-1
2.119062186E2,1.351006150E0,-3.662711382E-1,2.174912244E-1
2.119263836E2,1.517633438E0,-8.380100131E-1,2.643047571E-1
2.119465486E2,1.358670950E0,-9.467301369E-1,4.527908862E-1
2.119667146E2,1.251632929E0,-8.385679126E-1,6.345376968E-1
2.119868796E2,1.574950933E0,-9.281533957E-1,3.090839386E-1
2.120070446E2,2.430107117E0,-1.235051751E0,-3.200404644E-1
2.120272096E2,3.056208134E0,-1.251705885E0,-6.145915985E-1
2.120473756E2,3.202726126E0,-8.993051052E-1,-6.092912555E-1
2.120675406E2,3.126127243E0,-4.221096933E-1,-5.230177045E-1
2.120877056E2,3.118524790E0,3.130586445E-2,-4.299612045E-1
2.121078706E2,3.150821686E0,8.493214101E-2,-2.285254449E-1
2.121280356E2,3.087396383E0,-1.640318781E-1,3.266691417E-2
2.121482016E2,2.828552485E0,-5.224843025E-1,1.310146153E-1
2.121683666E2,2.262614250E0,-9.399994612E-1,8.544463664E-2
2.121885316E2,1.788607121E0,-1.172044039E0,-2.894692495E-2
2.122086966E2,1.725644350E0,-1.074301362E0,-1.261128783E-1
2.122288626E2,1.841321468E0,-9.109692574E-1,-2.044664472E-1
2.122490276E2,1.754468560E0,-7.632221580E-1,-2.510525286E-1
2.122691926E2,1.488377690E0,-6.482781768E-1,-3.998605311E-1
2.122893576E2,1.313581944E0,-2.206803262E-1,-5.519345403E-1
2.123095236E2,1.193329811E0,4.009901881E-1,-6.909050941E-1
2.123296886E2,9.048231840E-1,8.107348084E-1,-8.027422428E-1
2.123498536E2,5.646995902E-1,8.631360531E-1,-8.473367691E-1
2.123700186E2,2.553734779E-1,7.704158425E-1,-8.839312196E-1
2.123901836E2,-1.514204443E-1,6.213791966E-1,-8.718039989E-1
2.124103496E2,-7.207381725E-1,4.618831277E-1,-8.558367491E-1
2.124305146E2,-1.272649765E0,5.438333154E-1,-8.154595494E-1
2.124506796E2,-1.520821452E0,7.522445917E-1,-8.471190333E-1
2.124708446E2,-1.805720687E0,8.016705513E-1,-8.533285856E-1
2.124910106E2,-2.364495277E0,8.240437508E-1,-8.841491342E-1
2.125111756E2,-2.927786350E0,1.070259571E0,-8.287537694E-1
2.125313406E2,-3.287952423E0,1.404321909E0,-5.754449964E-1
2.125515056E2,-3.612471581E0,1.465137243E0,-2.721673548E-1
2.125716716E2,-3.882645369E0,1.612741590E0,-1.872560978E-1
2.125918366E2,-3.949429035E0,1.749261379E0,-1.491604745E-1
2.126120016E2,-3.929566860E0,1.262874484E0,6.207989156E-2
2.126321666E2,-4.057095528E0,5.927741528E-1,2.601407170E-1
2.126523326E2,-4.057627678E0,4.238375723E-1,2.009402663E-1
2.126724976E2,-3.468458176E0,5.411422849E-1,-1.087208390E-1
2.126926626E2,-2.588374853E0,2.871560752E-1,-2.709551156E-1
2.127128276E2,-2.025096655E0,-1.183964163E-1,-2.414260507E-1
2.127329926E2,-1.673426270E0,8.038745075E-2,-2.496866584E-1
2.127531586E2,-1.209471583E0,6.760272980E-1,-2.465361804E-1
2.127733236E2,-6.868849397E-1,9.289407134E-1,-2.366112918E-1
2.127934886E2,-3.707893491E-1,4.959457815E-1,-7.858993113E-2
2.128136536E2,-3.652472496E-1,-4.132775366E-1,1.863591522E-1
2.128338196E2,-3.745439947E-1,-9.299589992E-1,4.518844485E-1
2.128539846E2,-1.087934896E-1,-1.021773338E0,6.795895100E-1
2.128741496E2,2.311734855E-1,-1.125572443E0,7.933216095E-1
2.128943146E2,5.394331813E-1,-1.187595963E0,7.230991721E-1
2.129144805E2,8.620701432E-1,-1.188479304E0,5.990626216E-1
2.129346455E2,1.112200141E0,-1.221752167E0,4.620909691E-1
2.129548105E2,1.227077603E0,-1.213332772E0,2.505894601E-1
2.129749755E2,1.256301045E0,-1.007358551E0,1.276296526E-1
2.129951415E2,1.273573399E0,-5.481179357E-1,1.199923456E-1
2.130153065E2,1.341126323E0,-1.926871538E-1,9.035695344E-2
2.130354715E2,1.284022927E0,-1.966693103E-1,9.276793897E-2
2.130556365E2,1.020382643E0,-3.423264921E-1,7.056812942E-2
2.130758025E2,7.752627730E-1,-4.105782807E-1,1.652454734E-1
2.130959675E2,6.961493492E-1,-3.412306309E-1,3.043551445E-1
2.131161325E2,6.715105772E-1,-7.889448106E-2,3.363861144E-1
2.131362975E2,8.775988221E-1,2.105736434E-1,1.519628167E-1
2.131564625E2,1.219894648E0,3.791320026E-1,-3.848718479E-2
2.131766285E2,1.480707169E0,3.453560770E-1,-3.810073733E-1
2.131967935E2,1.764367342E0,2.726586163E-1,-7.327870131E-1
2.132169585E2,2.031458616E0,5.811997056E-1,-8.715228438E-1
2.132371235E2,2.274276495E0,8.202608824E-1,-6.747425795E-1
2.132572895E2,2.261222601E0,2.981729805E-1,-3.790821433E-1
2.132774545E2,2.118372202E0,-5.524865985E-1,-2.823506594E-1
2.132976195E2,2.159660578E0,-1.197182298E0,-2.733598351E-1
2.133177845E2,2.258461952E0,-1.423566937E0,-2.421017587E-1
2.133379505E2,2.307525396E0,-1.424144030E0,-3.013748527E-1
2.133581155E2,2.467443228E0,-1.162115693E0,-4.634323418E-1
2.133782805E2,2.778128147E0,-8.041632771E-1,-5.736013055E-1
2.133984455E2,2.928293467E0,-6.174547076E-1,-5.145385861E-1
2.134186115E2,2.779959679E0,-6.115778685E-1,-3.900123239E-1
2.134387765E2,2.470172644E0,-7.003655434E-1,-3.742080629E-1
2.134589415E2,2.288141251E0,-4.190758169E-1,-4.173992872E-1
2.134791065E2,2.211433411E0,-1.279049646E-2,-4.523743689E-1
2.134992725E2,1.997031808E0,1.093280967E-2,-4.472543001E-1
2.135194375E2,1.531921029E0,-2.332108170E-1,-5.174481869E-1
2.135396025E2,1.119172335E0,-4.213430285E-1,-5.582337379E-1
2.135597675E2,8.371456265E-1,-2.311213017E-1,-6.362572908E-1
2.135799325E2,4.699730873E-1,-4.240283743E-3,-7.775666714E-1
2.136000985E2,6.217952073E-2,2.083061934E-1,-7.577394843E-1
2.136202635E2,-3.727694452E-1,3.515582979E-1,-5.554879308E-1
2.136404285E2,-9.045614004E-1,4.174152017E-1,-3.316995800E-1
2.136605935E2,-1.418212652E0,3.802485764E-1,-2.448817343E-1
2.136807595E2,-1.817786694E0,3.083662689E-1,-2.488060147E-1
2.137009245E2,-2.100775480E0,2.506480515E-1,-2.845470309E-1
2.137210895E2,-2.411368847E0,1.982140243E-1,-2.621720433E-1
2.137412545E2,-2.705680847E0,3.767088056E-1,-2.483728379E-1
2.137614205E2,-3.097494125E0,5.369154811E-1,-1.700734496E-1
2.137815855E2,-3.493439436E0,5.952005386E-1,-4.557371512E-2
2.138017505E2,-3.609285831E0,6.509649158E-1,3.040716052E-2
2.138219155E2,-3.582984447E0,4.804165363E-1,4.921089113E-2
2.138420815E2,-3.594465971E0,1.902359873E-1,4.336054251E-2
2.138622465E2,-3.640102386E0,-9.777888656E-2,2.085680813E-1
2.138824115E2,-3.600807667E0,-9.902691841E-2,3.877395093E-1
2.139025765E2,-3.476565123E0,7.466891408E-2,3.303842247E-1
2.139227421E2,-3.322953463E0,2.557237744E-1,1.982174367E-1
2.139429071E2,-3.131480932E0,4.990558326E-1,5.300361291E-2
2.139630721E2,-2.709871054E0,8.003497124E-1,-1.667663157E-1
2.139832371E2,-2.287904739E0,1.170900941E0,-4.262764454E-1
2.140034031E2,-2.070402384E0,1.490666389E0,-6.210945845E-1
2.140235681E2,-1.977111459E0,1.580778599E0,-7.663729787E-1
2.140437331E2,-1.743321538E0,1.346579075E0,-7.831304669E-1
2.140638981E2,-1.501310825E0,8.989186883E-1,-6.988052130E-1
2.140840641E2,-1.334066629E0,5.021344423E-1,-4.653640091E-1
2.141042291E2,-1.189268708E0,4.724831283E-1,-1.960606128E-1
2.141243941E2,-9.735091925E-1,5.350154638E-1,5.157841742E-2
2.141445591E2,-6.785356402E-1,4.681261480E-1,2.101546973E-1
2.141647251E2,-4.121640027E-1,2.925867140E-1,2.196354419E-1
2.141848901E2,-4.151163250E-2,2.416244149E-1,2.202960104E-1
2.142050551E2,4.448059797E-1,4.830246568E-1,3.443657756E-1
2.142252201E2,7.041352987E-1,7.873125672E-1,5.032036304E-1
2.142453861E2,9.920424819E-1,1.034393191E0,6.593050957E-1
2.142655511E2,1.299970031E0,9.536567330E-1,7.103070021E-1
2.142857161E2,1.895520687E0,6.318182349E-1,7.534586787E-1
2.143058811E2,2.534016371E0,1.468797326E-1,7.533051968E-1
2.143260461E2,3.019158602E0,-2.760072649E-1,7.152250409E-1
2.143462121E2,3.719785452E0,-5.556485802E-2,8.574539423E-1
2.143663771E2,5.856105804E0,1.725220919E0,1.305136561E0
2.143865421E2,9.005084991E0,6.677731991E0,1.675349116E0
2.144067071E2,1.174127579E1,1.135533333E1,2.043020725E0
2.144268731E2,9.927765846E0,8.193551064E0,1.083556771E0
2.144470381E2,5.484652996E0,-4.046597183E-1,-8.563628793E-1
2.144672031E2,2.318069696E0,-3.343866587E0,-2.841692924E0
2.144873681E2,5.132717490E-1,-5.290760040E0,-4.201956272E0
2.145075341E2,9.268312454E-1,-2.200204849E0,-2.461910009E0
2.145276991E2,3.412218809E0,-2.397897482E0,-8.172741532E-1
2.145478641E2,4.416612625E0,-2.525965691E0,1.218011260E0
2.145680291E2,3.726025343E0,-1.037287235E0,9.583765268E-1
2.145881951E2,1.515543342E0,6.148605943E-1,1.253345013E0
2.146083601E2,1.382204741E-1,1.250509024E0,1.584262490E0
2.146285251E2,4.368913770E-1,9.758571982E-1,1.607502818E0
2.146486901E2,1.432315588E0,1.781535149E-2,1.154164314E0
2.146688561E2,1.576254010E0,-2.569640875E-1,8.383723497E-1
2.146890211E2,6.053139567E-1,-1.409474015E-1,1.234080672E0
2.147091861E2,-1.040572524E0,-7.224349678E-2,1.751620293E0
2.147293511E2,-2.117030621E0,-3.724241257E-1,2.209204435E0
2.147495171E2,-2.475390434E0,-9.382701516E-1,2.382032156E0
2.147696821E2,-2.300935984E0,-1.419283390E0,1.874323130E0
2.147898471E2,-2.277127504E0,-1.390530229E0,1.473670483E0
2.148100121E2,-2.135583401E0,-8.624441624E-1,1.306027412E0
2.148301781E2,-1.900901914E0,-6.293287873E-1,9.694040418E-1
2.148503431E2,-1.877408743E0,-5.857279897E-1,7.111591697E-1
2.148705081E2,-1.645163655E0,-3.003749847E-1,5.833990574E-1
2.148906731E2,-1.344134331E0,-1.223703101E-1,7.632858753E-1
2.149108394E2,-1.517436743E0,-8.096496016E-2,6.892909408E-1
2.149310044E2,-2.088912725E0,-3.134162128E-1,3.501198292E-1
2.149511694E2,-2.594724655E0,-4.364874959E-1,-7.073182613E-2
2.149713344E2,-2.899848461E0,-1.614870578E-1,-5.453931093E-1
2.149915004E2,-3.183463335E0,1.101763174E-1,-8.606210947E-1
2.150116654E2,-3.552280188E0,1.262952983E-1,-7.145128250E-1
2.150318304E2,-3.867284060E0,1.060831919E-2,-2.202155441E-1
2.150519954E2,-4.127648830E0,-3.013925850E-1,2.932126820E-2
2.150721614E2,-4.185777664E0,-6.590923667E-1,-1.083040461E-1
2.150923264E2,-3.915781498E0,-9.877611399E-1,-2.911100090E-1
2.151124914E2,-3.371515274E0,-1.029173017E0,-2.702411115E-1
2.151326564E2,-2.810261250E0,-7.441838384E-1,-1.765367389E-1
2.151528224E2,-2.503221989E0,-4.103685617E-1,-8.422145993E-2
2.151729874E2,-2.356501102E0,-8.962774277E-2,-9.431374073E-2
2.151931524E2,-1.775638103E0,2.134510875E-1,-1.236059889E-1
2.152133174E2,-9.791324735E-1,3.343011141E-1,-3.171731234E-1
2.152334834E2,-4.922060370E-1,3.520768881E-1,-4.611582756E-1
2.152536484E2,-4.392771125E-1,3.601344824E-1,-5.309767127E-1
2.152738134E2,-6.055098176E-1,4.265947640E-1,-4.696498215E-1
2.152939784E2,-6.571903825E-1,6.938645840E-1,-2.385625541E-1
2.153141444E2,-2.821603119E-1,7.954385877E-1,-1.523413230E-2
2.153343094E2,7.939588279E-2,8.794546127E-1,4.905819148E-2
2.153544744E2,1.937884539E-1,8.989799619E-1,-9.059401229E-3
2.153746394E2,4.671975225E-2,8.738564253E-1,-6.666928530E-2
2.153948054E2,-2.760763839E-2,1.002674103E0,-1.466714684E-2
2.154149704E2,3.866911829E-1,1.007105350E0,-2.885745168E-1
2.154351354E2,7.179911733E-1,9.771503210E-1,-6.247279644E-1
2.154553004E2,8.272442818E-1,1.188347578E0,-8.050956726E-1
2.154754664E2,8.094013929E-1,1.425479650E0,-7.076100707E-1
2.154956314E2,4.483576715E-1,1.430222631E0,-4.853121638E-1
2.155157964E2,6.673223525E-2,1.072735190E0,-4.477392137E-1
2.155359624E2,6.996328384E-2,8.292784691E-1,-3.516157269E-1
2.155561274E2,5.552138686E-1,1.057713747E0,-8.454121649E-2
2.155762924E2,1.023969889E0,1.593889832E0,3.019027412E-1
2.155964574E2,1.203155518E0,1.925269008E0,6.189156175E-1
2.156166234E2,1.549742937E0,1.543160915E0,4.811834991E-1
2.156367884E2,2.099410057E0,6.749792695E-1,6.302665919E-2
2.156569534E2,2.607306242E0,3.458600938E-1,-1.722703278E-1
2.156771184E2,2.904778481E0,5.060802698E-1,-8.770266175E-2
2.156972844E2,2.884262562E0,7.556155324E-1,9.718097001E-2
2.157174494E2,2.629558802E0,7.825909257E-1,2.632020116E-1
2.157376144E2,2.357215643E0,7.468526363E-1,3.279266655E-1
2.157577794E2,2.231200695E0,6.867414713E-1,2.904226780E-1
2.157779454E2,2.246278524E0,5.854807496E-1,2.672070563E-1
2.157981104E2,2.220167160E0,4.904602170E-1,2.433667481E-1
2.158182754E2,2.128414869E0,5.231742263E-1,1.117187962E-1
2.158384404E2,2.194661856E0,7.092308998E-1,-6.910182536E-2
2.158586064E2,2.314716816E0,6.840628386E-1,-6.309832633E-2
2.158787714E2,1.985246420E0,3.683476150E-1,-2.176698670E-2
2.158989364E2,1.413122892E0,5.242801458E-2,-1.498822272E-1
2.159191014E2,1.115826368E0,4.661937803E-2,-4.485451877E-1
2.159392674E2,1.145629764E0,1.977494955E-1,-6.642634273E-1
2.159594324E2,1.158673286E0,3.471883535E-1,-7.996885180E-1
2.159795974E2,9.702251554E-1,4.970271587E-1,-9.579937458E-1
2.159997624E2,7.005063891E-1,6.102327108E-1,-1.109883904E0
2.160199284E2,3.980495930E-1,7.876623869E-1,-1.210544348E0
2.160400934E2,1.321226805E-1,1.030536771E0,-1.244356513E0
2.160602584E2,1.037121937E-1,9.990004301E-1,-1.111938953E0
2.160804234E2,-3.201234713E-2,6.194319725E-1,-1.009666920E0
2.161005894E2,-4.713797569E-1,2.533323467E-1,-1.031245112E0
2.161207544E2,-9.152810574E-1,1.766053438E-1,-1.132094264E0
2.161409194E2,-1.143923879E0,3.142734468E-1,-1.103781343E0
2.161610844E2,-1.187496066E0,3.532381952E-1,-9.454044700E-1
2.161812504E2,-1.511830330E0,4.648450315E-1,-8.834969401E-1
2.162014154E2,-1.915414810E0,5.604482889E-1,-9.082869887E-1
2.162215804E2,-2.135159969E0,6.824558973E-1,-8.031157255E-1
2.162417464E2,-2.390049458E0,6.672574878E-1,-7.090570927E-1
2.162619114E2,-2.519418955E0,6.886477470E-1,-6.402605176E-1
2.162820764E2,-2.516677141E0,1.143938541E0,-7.486895323E-1
2.163022414E2,-2.405301094E0,1.554499388E0,-9.093157649E-1
2.163224074E2,-2.311777592E0,1.646764755E0,-9.688172340E-1
2.163425724E2,-2.064996958E0,1.547538996E0,-1.027943492E0
2.163627374E2,-1.609964609E0,1.354282618E0,-1.160567164E0
2.163829024E2,-1.114032149E0,1.174284577E0,-1.160892248E0
2.164030684E2,-8.234100938E-1,1.060210347E0,-8.865649700E-1
2.164232334E2,-6.262398958E-1,8.863654137E-1,-4.146673083E-1
2.164433984E2,-4.026983678E-1,5.821770430E-1,-6.539827585E-2
2.164635634E2,-2.878132164E-1,9.757536650E-2,1.584826112E-1
2.164837294E2,-5.228321254E-2,-4.067789316E-1,2.788643837E-1
2.165038944E2,2.623516321E-1,-5.605036616E-1,5.234370232E-1
2.165240594E2,5.059373975E-1,-2.520937026E-1,7.172049880E-1
2.165442244E2,7.802405953E-1,1.951584071E-1,7.506880164E-1
2.165643904E2,1.227948070E0,4.818991721E-1,3.779322207E-1
2.165845554E2,1.850504875E0,4.274047315E-1,-4.055774957E-2
2.166047204E2,2.468107939E0,4.017036259E-1,-3.341069818E-1
2.166248864E2,2.751204491E0,5.726662278E-1,-4.089087248E-1
2.166450514E2,2.648774147E0,7.708582282E-1,-2.884546220E-1
2.166652164E2,2.372428656E0,7.587382793E-1,-1.169914678E-1
2.166853814E2,2.162210226E0,3.792784810E-1,-1.150286794E-1
2.167055474E2,2.050211430E0,-4.705969244E-2,-2.404848337E-1
2.167257124E2,1.902059078E0,-1.010570303E-1,-3.974750638E-1
2.167458774E2,1.806013584E0,4.298428893E-1,-5.261694193E-1
2.167660424E2,1.888547659E0,1.082236409E0,-5.647209883E-1
2.167862084E2,2.288015366E0,1.155577540E0,-6.403651834E-1
2.168063734E2,2.564096689E0,6.089851260E-1,-9.240436554E-1
2.168265384E2,2.521858454E0,3.298429772E-2,-1.139165998E0
2.168467034E2,2.345650673E0,-2.397397310E-1,-1.114021540E0
2.168668694E2,2.302692652E0,-2.773924470E-1,-9.783118963E-1
2.168870344E2,2.819537878E0,-6.716808677E-2,-1.021058559E0
2.169071994E2,3.413783550E0,3.547027111E-1,-1.230385184E0
2.169273642E2,3.566242695E0,8.322945237E-1,-1.361000061E0
2.169475302E2,3.499181986E0,7.731898427E-1,-1.335545659E0
2.169676952E2,3.644057989E0,4.186852276E-1,-1.323734999E0
2.169878602E2,3.541636467E0,1.810461581E-1,-1.406714559E0
2.170080252E2,3.348114967E0,4.298892617E-1,-1.368184924E0
2.170281912E2,3.263518810E0,7.734357715E-1,-1.185958624E0
2.170483562E2,3.026728153E0,3.928762674E-1,-1.144528270E0
2.170685212E2,2.647313833E0,-4.721720815E-1,-1.207988858E0
2.170886862E2,2.409238100E0,-1.063277006E0,-1.251997471E0
2.171088522E2,2.300040483E0,-8.846073151E-1,-1.317950130E0
2.171290172E2,2.152688742E0,-6.285001636E-1,-1.180499077E0
2.171491822E2,1.648208141E0,-4.603494108E-1,-8.048807979E-1
2.171693482E2,1.164477468E0,-6.732602715E-1,-5.983410478E-1
2.171895132E2,1.005643606E0,-1.218914390E0,-6.948667765E-1
2.172096782E2,9.106677771E-1,-1.706940174E0,-9.415726066E-1
2.172298432E2,1.010148048E0,-1.838053107E0,-1.050416112E0
2.172500092E2,1.212947369E0,-1.541972518E0,-9.674100280E-1
2.172701742E2,1.418624759E0,-9.563245773E-1,-9.205693603E-1
2.172903392E2,1.405443430E0,-4.438610375E-1,-8.670797944E-1
2.173105042E2,1.204439163E0,-1.451258659E-1,-8.307906985E-1
2.173306702E2,9.553796053E-1,-3.524423242E-1,-9.633352160E-1
2.173508352E2,6.806385517E-1,-5.594743490E-1,-1.048267961E0
2.173710002E2,7.289879918E-1,-5.512236953E-1,-9.643016458E-1
2.173911652E2,1.022157431E0,-4.062336981E-1,-8.802891970E-1
2.174113312E2,1.503983259E0,-3.285358548E-1,-1.022064567E0
2.174314962E2,1.778073907E0,-4.997126758E-1,-1.163965464E0
2.174516612E2,1.499754429E0,-4.746698737E-1,-1.076371908E0
2.174718272E2,1.091434240E0,-5.124298930E-1,-9.495404959E-1
2.174919922E2,8.761526942E-1,-5.908567905E-1,-1.004892588E0
2.175121572E2,9.597093463E-1,-6.963229775E-1,-1.067877889E0
2.175323222E2,9.634854794E-1,-7.946277261E-1,-1.113947630E0
2.175524882E2,7.336291075E-1,-6.926547885E-1,-1.054273129E0
2.175726532E2,4.619008899E-1,-6.313014030E-1,-9.928979278E-1
2.175928182E2,3.329496384E-1,-7.772883177E-1,-9.791184664E-1
2.176129832E2,4.490495026E-1,-8.013361692E-1,-1.063920379E0
2.176331492E2,7.194110751E-1,-4.777299762E-1,-1.106979012E0
2.176533142E2,8.626896739E-1,-8.151686937E-2,-1.078634977E0
2.176734792E2,5.494408607E-1,-7.207175344E-2,-1.040341854E0
2.176936442E2,-1.673629694E-2,-4.091019928E-1,-1.128004789E0
2.177138102E2,-4.741843939E-1,-6.671746969E-1,-1.244679928E0
2.177339752E2,-3.847350478E-1,-1.078259125E-1,-1.379487872E0
2.177541402E2,-5.230590105E-1,9.568060637E-1,-1.467663169E0
2.177743062E2,-1.717893958E0,1.521316051E0,-1.370474577E0
2.177944712E2,-3.037996292E0,1.271855712E0,-1.553252339E0
2.178146362E2,-3.257312536E0,9.166246653E-1,-2.145301580E0
2.178348012E2,-2.916313887E0,1.328470826E0,-2.264905214E0
2.178549672E2,-2.712335348E0,1.796783686E0,-1.985892296E0
2.178751322E2,-2.689389229E0,1.657933474E0,-2.246979475E0
2.178952972E2,-3.131380558E0,1.389767170E0,-2.726408720E0
2.179154621E2,-3.602749348E0,1.298612595E0,-2.909125090E0
2.179356281E2,-3.659180880E0,1.496322632E0,-2.874106884E0
2.179557931E2,-3.709294081E0,1.986056566E0,-2.915717125E0
2.179759581E2,-4.049951553E0,2.087434292E0,-3.017167330E0
2.179961231E2,-4.651067257E0,1.835297704E0,-2.980183601E0
2.180162891E2,-5.124574184E0,1.654386163E0,-2.786547422E0
2.180364541E2,-5.194866180E0,1.800307631E0,-2.522028208E0
2.180566191E2,-4.806973457E0,2.011587620E0,-2.316697598E0
2.180767851E2,-4.390293121E0,1.829077125E0,-2.147578239E0
2.180969501E2,-4.127361774E0,1.017023683E0,-1.862194896E0
2.181171151E2,-3.616591454E0,-7.280043513E-2,-1.617917299E0
2.181372801E2,-3.015146494E0,-7.561839223E-1,-1.450545311E0
2.181574461E2,-2.589190006E0,-7.210915089E-1,-1.326649547E0
2.181776111E2,-2.102764368E0,-2.611677945E-1,-1.156470060E0
2.181977761E2,-1.454643607E0,1.361316890E-1,-8.436949849E-1
2.182179411E2,-8.962047696E-1,3.265417218E-1,-5.353153348E-1
2.182381071E2,-7.626308203E-1,3.861333728E-1,-2.919336855E-1
2.182582721E2,-1.120777130E0,2.152537405E-1,-2.110655010E-1
2.182784371E2,-1.523191094E0,-1.244335398E-1,-7.015821338E-2
2.182986021E2,-1.512690663E0,-5.681236982E-1,1.863523126E-1
2.183187681E2,-1.023555040E0,-7.590640187E-1,1.587475985E-1
2.183389331E2,-3.178378642E-1,-6.641176939E-1,1.948552132E-1
2.183590981E2,2.222389579E-1,-2.381092906E-1,2.029880136E-1
2.183792641E2,6.077416539E-1,5.446863174E-1,8.896463364E-2
2.183994291E2,1.090158820E0,1.261261940E0,1.236690730E-1
2.184195941E2,1.571842909E0,1.410100698E0,4.619592726E-1
2.184397591E2,1.625355601E0,8.865092397E-1,8.928329349E-1
2.184599251E2,1.364572883E0,4.501035810E-2,1.146472216E0
2.184800901E2,1.297816634E0,-4.795573950E-1,1.223854303E0
2.185002551E2,1.498283744E0,-8.582841158E-1,1.372251391E0
2.185204201E2,1.827037215E0,-7.841334939E-1,1.574897170E0
2.185405861E2,2.249921560E0,-5.425348282E-1,1.655751586E0
2.185607511E2,2.650711775E0,-5.570247769E-1,1.448520303E0
2.185809161E2,2.963963747E0,-8.467725515E-1,1.248305202E0
2.186010821E2,3.179048300E0,-9.204315543E-1,1.344245672E0
2.186212471E2,3.483386993E0,-5.243600607E-1,1.344199300E0
2.186414121E2,3.206087589E0,-4.938316643E-1,1.442032576E0
2.186615771E2,3.041127205E0,-6.785171032E-1,1.617976665E0
2.186817431E2,2.978562117E0,-1.134500623E0,1.720266581E0
2.187019081E2,2.941946745E0,-1.786467314E0,1.515754461E0
2.187220731E2,3.065845013E0,-2.154648304E0,1.079477072E0
2.187422381E2,3.127594948E0,-1.942462444E0,8.712023497E-1
2.187624041E2,3.073347569E0,-1.435278654E0,8.119836450E-1
2.187825691E2,3.175507069E0,-8.790974617E-1,6.499764919E-1
2.188027341E2,3.101993561E0,-4.188960493E-1,5.326615572E-1
2.188229001E2,2.654481649E0,-1.164093316E-1,4.424914718E-1
2.188430651E2,1.920566559E0,2.859346196E-2,5.023962855E-1
2.188632301E2,9.432022572E-1,1.605150104E-1,4.914874732E-1
2.188833951E2,8.787214011E-2,-3.635893762E-1,3.416939080E-1
2.189035611E2,-3.640713096E-1,-7.855466604E-1,-3.134809434E-1
2.189237268E2,-5.400254726E-1,-1.106109142E0,-6.477075815E-1
2.189438918E2,-6.429037452E-1,-9.346612692E-1,-8.923766613E-1
2.189640568E2,-7.838523388E-1,-5.709873438E-1,-1.066634178E0
2.189842228E2,-1.203153491E0,-9.177543968E-2,-1.419182777E0
2.190043877E2,-1.928716779E0,5.865018368E-1,-1.664682388E0
2.190245527E2,-2.603032112E0,9.984396100E-1,-1.675003767E0
2.190447187E2,-3.154297352E0,1.234650135E0,-1.672516942E0
2.190648838E2,-3.459937096E0,9.741962552E-1,-1.736210108E0
2.190850488E2,-3.658865690E0,8.014158607E-1,-1.857899070E0
2.191052138E2,-3.641260624E0,9.195783138E-1,-1.916682005E0
2.191253798E2,-3.755464554E0,8.026805520E-1,-1.961519718E0
2.191455448E2,-4.185210705E0,3.468745053E-1,-1.618930221E0
2.191657097E2,-4.622169971E0,-2.181676626E-1,-1.289016962E0
2.191858747E2,-4.868081093E0,-3.875138462E-1,-7.455794215E-1
2.192060407E2,-4.650581360E0,-5.143283606E-1,-4.101907015E-1
2.192262058E2,-4.137417316E0,-6.163533330E-1,-3.001446724E-1
2.192463708E2,-3.811535120E0,-6.044440866E-1,-2.163065970E-1
2.192665368E2,-3.729057074E0,-3.422980011E-1,-1.222330332E-1
2.192867018E2,-3.524137259E0,2.021046132E-1,5.053539947E-2
2.193068668E2,-3.108198404E0,6.902244091E-1,1.967619210E-1
2.193270317E2,-2.416182995E0,5.520756245E-1,-8.062852174E-2
2.193471978E2,-1.557129383E0,-6.838881224E-2,-2.500115335E-1
2.193673627E2,-7.567983866E-1,-6.004477739E-1,-4.813605174E-2
2.193875278E2,-9.384886175E-2,-6.715170741E-1,5.044247508E-1
2.194076928E2,3.996717930E-1,-8.582382798E-1,9.216024280E-1
2.194278588E2,7.339953184E-1,-1.396960735E0,7.994318604E-1
2.194480238E2,1.143667817E0,-2.323316813E0,5.396596789E-1
2.194681888E2,1.628892779E0,-2.821534634E0,5.007498264E-1
2.194883548E2,2.217392683E0,-2.734223843E0,4.799238741E-1
2.195085198E2,2.932912350E0,-2.442019224E0,4.463623166E-1
2.195286847E2,3.629164696E0,-2.062409639E0,7.779569030E-1
2.195488498E2,3.772378922E0,-2.365190506E0,1.039570928E0
2.195690158E2,3.404451847E0,-2.734521627E0,9.558029771E-1
2.195891808E2,3.076705694E0,-2.570782900E0,6.482523680E-1
2.196093458E2,2.942286491E0,-2.317952156E0,2.453796193E-2
2.196295108E2,3.027479887E0,-2.361356258E0,-5.133602619E-1
2.196496768E2,3.417286873E0,-2.006733656E0,-5.244174004E-1
2.196698418E2,3.974512100E0,-1.518253326E0,-4.679963291E-1
2.196900067E2,4.386580944E0,-1.334193707E0,-4.909877181E-1
2.197101727E2,4.514226437E0,-1.226663470E0,-6.626323462E-1
2.197303378E2,4.374774456E0,-1.095569491E0,-8.541083932E-1
2.197505028E2,3.738259077E0,-1.146598577E0,-8.808366656E-1
2.197706678E2,3.082323313E0,-1.235579014E0,-7.579991817E-1
2.197908338E2,2.663865089E0,-9.484100342E-1,-7.283747792E-1
2.198109988E2,2.596375704E0,-6.241368055E-1,-7.578195930E-1
2.198311638E2,2.670137882E0,-5.377753973E-1,-7.263141274E-1
2.198513298E2,2.605377674E0,-2.759900689E-1,-7.582070231E-1
2.198714947E2,2.418340206E0,-1.641282588E-1,-6.272577047E-1
2.198916598E2,1.933200359E0,-4.567908049E-1,-4.725173712E-1
2.199118248E2,1.084963799E0,-7.021470666E-1,-1.451861262E-1
2.199319903E2,7.573245168E-1,-4.320214689E-1,3.143067062E-1
2.199521553E2,8.759079576E-1,-9.026709199E-1,2.305392176E-1
2.199723203E2,5.278789401E-1,-1.231250882E0,-1.983517706E-1
2.199924853E2,-1.464393735E-1,-5.410112143E-1,-9.254376590E-2
2.200126513E2,-7.592052817E-1,4.694710374E-1,5.000199676E-1
2.200328163E2,-7.852553129E-1,4.280071557E-1,9.537181854E-1
2.200529813E2,-3.709726334E-1,1.567696035E-1,6.107929945E-1
2.200731473E2,2.406229079E-1,-3.332973421E-1,-3.182489872E-1
2.200933123E2,1.050036177E-1,-3.324402869E-1,-1.034736991E0
2.201134773E2,-7.174341679E-1,1.091868520E0,-1.198780894E0
2.201336423E2,-7.253721356E-1,4.655840695E-1,-1.269678593E0
2.201538083E2,-1.030604124E0,9.551392496E-2,-1.120281696E0
2.201739733E2,-1.234126449E0,1.532757431E-1,-7.714834809E-1
2.201941383E2,-1.133863211E0,5.439040065E-1,-3.372697830E-1
2.202143043E2,-1.039737463E0,6.274865270E-1,6.489729136E-2
2.202344693E2,-1.241133332E0,3.147872090E-1,3.364212215E-1
2.202546343E2,-1.486406446E0,1.741872281E-1,3.956005573E-1
2.202747993E2,-1.506582499E0,7.980825901E-1,2.733503282E-1
2.202949653E2,-1.517267108E0,7.875115275E-1,-4.082670063E-2
2.203151303E2,-1.531330705E0,5.784437656E-1,-2.951076031E-1
2.203352953E2,-1.499927044E0,-1.741410345E-1,-5.955524445E-1
2.203554603E2,-1.580573559E0,-7.934026122E-1,-1.135941267E0
2.203756263E2,-1.596172333E0,-4.586245120E-1,-1.463439345E0
2.203957913E2,-1.452601910E0,-5.374940634E-1,-1.374166965E0
2.204159563E2,-1.050664663E0,-1.239001513E0,-1.271334529E0
2.204361223E2,-5.038949251E-1,-1.721119881E-1,-8.741096258E-1
2.204562873E2,-1.229556128E-1,8.248373866E-1,-5.580432415E-1
2.204764523E2,-4.319856465E-1,9.909508824E-1,-4.526574612E-1
2.204966183E2,-1.318173766E0,5.242756009E-1,-3.526071906E-1
2.205167833E2,-8.298019171E-1,1.339045525E0,1.958155632E-1
2.205369483E2,-1.971053779E-1,1.887317002E-1,3.529862165E-1
2.205571133E2,5.664691925E-1,1.442031860E0,6.112697721E-1
2.205772793E2,3.713187277E-1,1.541206837E0,2.150044590E-2
2.205974443E2,-7.833413482E-1,6.836173534E-1,-3.992903233E-1
2.206176093E2,-2.091138124E0,7.940797508E-2,-4.910681248E-1
2.206377743E2,-2.376101494E0,6.626407504E-1,-1.313030422E-1
2.206579403E2,-1.593983531E0,1.861659408E0,6.136286259E-1
2.206781053E2,-1.002318740E0,2.450919867E0,1.092762113E0
2.206982703E2,-1.354282260E0,1.759762049E0,1.008799434E0
2.207184363E2,-2.175828695E0,7.424874306E-1,6.279087067E-1
2.207386013E2,-2.704107523E0,1.471071839E-1,2.234707326E-1
2.207587663E2,-2.916678667E0,-2.452356070E-1,4.048950672E-1
2.207789323E2,-2.980896711E0,-6.651809216E-1,7.221639156E-1
2.207990973E2,-2.721179485E0,-6.677088737E-1,8.122581244E-1
2.208192623E2,-2.775623560E0,-9.114298224E-1,6.602118611E-1
2.208394273E2,-3.078095675E0,-1.228670716E0,3.685339987E-1
2.208595933E2,-2.961447477E0,-1.136077642E0,1.157837585E-1
2.208797583E2,-2.456186056E0,-4.982539713E-1,1.286323667E-1
2.208999233E2,-2.556067944E0,-8.448864222E-1,1.551405340E-1
2.209200892E2,-2.688845158E0,-1.062815547E0,2.332542390E-1
2.209402543E2,-2.473635197E0,-7.145323753E-1,3.885430396E-1
2.209604193E2,-2.290151358E0,-2.273055017E-1,5.623109937E-1
2.209805843E2,-2.499549866E0,-1.576753408E-1,6.025420427E-1
2.210007503E2,-2.632679701E0,-2.787455320E-1,5.930513740E-1
2.210209153E2,-2.562247038E0,-3.822466433E-1,5.877182484E-1
2.210410802E2,-2.339320660E0,-3.653508425E-1,7.233337760E-1
2.210612462E2,-2.009292841E0,-3.071969151E-1,8.587891459E-1
2.210814112E2,-1.625450373E0,-5.634523034E-1,7.784519792E-1
2.211015763E2,-1.227271557E0,-9.181451797E-1,5.380992889E-1
2.211217413E2,-8.183461428E-1,-7.308856845E-1,3.675017655E-1
2.211419073E2,-3.437186182E-1,-2.961173058E-1,2.652744353E-1
2.211620723E2,3.205507696E-1,4.366712645E-2,1.478504688E-1
2.211822373E2,1.018728852E0,2.174160779E-1,-6.584218889E-2
2.212024033E2,1.541510105E0,1.936260164E-1,-1.393755227E-1
2.212225682E2,1.894174576E0,-2.156336419E-2,-9.271145612E-2
2.212427332E2,2.269370317E0,-4.379173815E-1,-1.161436215E-1
2.212628992E2,2.564011812E0,-5.912058949E-1,-1.841665655E-1
2.212830643E2,2.651115656E0,-6.468690038E-1,-2.768795490E-1
2.213032293E2,2.622184038E0,-3.841094673E-1,-1.906062216E-1
2.213233943E2,2.856017351E0,-5.357822403E-2,-1.946201771E-1
2.213435603E2,3.227498770E0,-1.228742674E-1,-3.878891766E-1
2.213637253E2,3.482541800E0,-7.010806203E-1,-6.261652112E-1
2.213838902E2,3.504590034E0,-9.711726904E-1,-6.777152419E-1
2.214040563E2,3.466340303E0,-1.024344087E0,-6.219912767E-1
2.214242212E2,3.416445255E0,-9.507074952E-1,-5.774133801E-1
2.214443863E2,3.425590754E0,-9.592405558E-1,-6.059390903E-1
2.214645513E2,3.465744019E0,-8.986661434E-1,-6.595896482E-1
2.214847173E2,3.534542561E0,-7.039343119E-1,-6.742057204E-1
2.215048823E2,3.492535591E0,-6.385814548E-1,-7.265655398E-1
2.215250473E2,3.271406889E0,-5.296046138E-1,-6.978057623E-1
2.215452133E2,2.932080746E0,-5.240401626E-1,-5.869696140E-1
2.215653783E2,2.597794771E0,-7.162178159E-1,-5.289501548E-1
2.215855432E2,2.495425701E0,-8.169214725E-1,-5.187435150E-1
2.216057092E2,2.478136063E0,-6.897826791E-1,-5.540494323E-1
2.216258743E2,2.311850548E0,-4.424099922E-1,-4.665549994E-1
2.216460393E2,2.071113110E0,-3.725166917E-1,-5.028519034E-1
2.216662043E2,1.735749602E0,-4.770253599E-1,-5.480709076E-1
2.216863703E2,1.213272333E0,-6.307893991E-1,-4.551686645E-1
2.217065353E2,6.848057508E-1,-2.286953628E-1,-1.349811852E-1
2.217267003E2,3.040187657E-1,2.950277030E-1,1.202060841E-2
2.217468663E2,-1.699148566E-1,4.696496129E-1,-1.435274631E-1
2.217670312E2,-7.489023805E-1,3.532986045E-1,-2.927951515E-1
2.217871963E2,-1.361396790E0,3.556369841E-1,-2.000866085E-1
2.218073622E2,-1.942628145E0,6.288778186E-1,1.701605618E-1
2.218275273E2,-2.288168192E0,8.099177480E-1,3.221412897E-1
2.218476923E2,-2.261681795E0,8.830102086E-1,2.645480335E-1
2.218678573E2,-1.996748328E0,7.536751628E-1,7.560443878E-2
2.218880233E2,-2.090386152E0,6.102085710E-1,5.730398372E-2
2.219081883E2,-2.369535923E0,6.469196677E-1,3.500917256E-1
2.219283536E2,-2.385939360E0,1.175059915E0,7.050293088E-1
2.219485196E2,-2.335628748E0,1.265365958E0,9.461578131E-1
2.219686846E2,-2.536194801E0,1.517559290E-1,1.032235742E0
2.219888496E2,-2.406691074E0,-5.186024308E-1,9.947292209E-1
2.220090156E2,-1.724967241E0,-1.196179315E-1,5.913529396E-1
2.220291806E2,-1.235068798E0,7.733874321E-1,-1.074636132E-1
2.220493456E2,-1.565147161E0,7.272179127E-1,-3.686632216E-1
2.220695106E2,-1.931498528E0,5.098575950E-1,-1.589381248E-1
2.220896766E2,-1.837163925E0,2.038288862E-1,1.406834126E-1
2.221098416E2,-1.778004408E0,1.670347452E-1,3.749156594E-1
2.221300066E2,-1.827434182E0,-1.039767712E-1,5.368931890E-1
2.221501726E2,-1.913641810E0,-5.996040702E-1,5.609606504E-1
2.221703376E2,-1.936243773E0,-6.998544335E-1,6.827491522E-1
2.221905026E2,-2.053129196E0,-2.953872681E-1,7.978472710E-1
2.222106686E2,-2.180346727E0,1.632540077E-1,1.001303434E0
2.222308336E2,-2.106778860E0,4.386901855E-2,9.845065475E-1
2.222509986E2,-1.962042212E0,-4.292047620E-1,7.026162744E-1
2.222711636E2,-1.948820829E0,-6.475494504E-1,5.026026964E-1
2.222913296E2,-1.996445298E0,-2.635860145E-1,4.735564590E-1
2.223114946E2,-1.905173421E0,-7.974749058E-2,6.799088717E-1
2.223316596E2,-1.298365355E0,-2.779740691E-1,9.912962914E-1
2.223518256E2,-3.668194115E-1,-5.578823686E-1,9.075929523E-1
2.223719906E2,1.742089838E-1,-4.953801632E-1,5.238338709E-1
2.223921556E2,1.096002087E-1,2.081996202E-1,2.528739572E-1
2.224123216E2,-1.195390001E-1,4.695327282E-1,-4.652621225E-2
2.224324866E2,1.357466578E-1,-5.681769922E-2,-2.063511461E-1
2.224526516E2,1.122076511E0,-2.941147685E-1,-5.310235620E-1
2.224728176E2,2.193608284E0,1.030256897E-1,-8.926611543E-1
2.224929826E2,2.579690456E0,3.281894624E-1,-8.395881653E-1
2.225131476E2,2.321445704E0,3.404976428E-1,-6.357748508E-1
2.225333136E2,2.095551252E0,2.327715158E-1,-5.158932209E-1
2.225534786E2,2.359601974E0,2.448261231E-1,-6.776971817E-1
2.225736436E2,2.938853979E0,2.226855904E-1,-9.998871088E-1
2.225938086E2,3.290145397E0,2.435452342E-1,-1.140417695E0
2.226139746E2,3.382592201E0,3.020156622E-1,-1.040613174E0
2.226341396E2,3.259742260E0,2.497675866E-1,-8.407822847E-1
2.226543046E2,2.921566725E0,-2.170125395E-2,-7.206134200E-1
2.226744706E2,2.513552427E0,-2.444011420E-1,-6.478998661E-1
2.226946356E2,2.253907204E0,-3.366866112E-1,-6.201390028E-1
2.227148006E2,2.195366859E0,-3.012835085E-1,-5.911488533E-1
2.227349666E2,2.126731634E0,-4.421661198E-1,-5.017679930E-1
2.227551316E2,2.002901077E0,-6.632559299E-1,-5.238708854E-1
2.227752966E2,1.895511866E0,-7.287319899E-1,-6.315428615E-1
2.227954626E2,1.456196904E0,-7.049707174E-1,-5.333510041E-1
2.228156276E2,8.543661237E-1,-7.625452876E-1,-2.351130098E-1
2.228357926E2,6.187239885E-1,-8.974105716E-1,-2.807744741E-1
2.228559586E2,8.672589064E-1,-1.112388611E0,-5.357782245E-1
2.228761236E2,9.982179403E-1,-1.272016883E0,-7.081180811E-1
2.228962886E2,5.060570836E-1,-1.238435745E0,-4.232973158E-1
2.229164546E2,-7.222401351E-2,-7.606840730E-1,-2.074090987E-1
2.229366193E2,-5.021909475E-1,-6.216818094E-1,-1.900235713E-1
2.229567843E2,-5.885736942E-1,-5.755231380E-1,-2.700058520E-1
2.229769503E2,-3.649288416E-1,-1.925930679E-1,-8.678779751E-2
2.229971153E2,-3.453147113E-1,4.385349527E-2,2.261225283E-1
2.230172803E2,-6.552429795E-1,-6.889756918E-1,3.751955330E-1
2.230374463E2,-5.954398513E-1,-1.248480201E0,4.026801288E-1
2.230576113E2,-2.912701368E-1,-1.195345879E0,2.893384099E-1
2.230777763E2,-5.889734626E-2,-8.756840229E-1,2.974770069E-1
2.230979413E2,2.667875588E-2,-1.009695604E-1,5.274795890E-1
2.231181073E2,-2.691476643E-1,5.504187942E-1,5.245894194E-1
2.231382723E2,-7.280114889E-1,1.070552543E-1,8.368904591E-1
2.231584373E2,-1.194590449E0,-1.980657429E-1,9.349112511E-1
2.231786033E2,-1.450883865E0,-3.067985177E-1,2.058142573E-1
2.231987683E2,-1.141024590E0,1.186206117E-1,-4.002099931E-1
2.232189333E2,-4.227456450E-1,4.443761408E-1,-6.059470773E-1
2.232390993E2,2.201598436E-1,5.330758691E-1,-4.817320406E-1
2.232592643E2,6.723264456E-1,6.679298878E-1,-4.233079851E-1
2.232794293E2,8.934360743E-1,6.664366722E-1,-4.449848533E-1
2.232995953E2,1.340944409E0,1.638736010E0,-4.094955325E-1
2.233197603E2,1.781273723E0,3.242463589E0,2.933841012E-2
2.233399253E2,1.701940417E0,2.895200729E0,8.068044782E-1
2.233600913E2,1.444345355E0,1.629229426E0,1.275559902E0
2.233802563E2,1.212636709E0,8.817780018E-1,1.191202283E0
2.234004213E2,1.588860154E0,4.692667127E-1,7.911731005E-1
2.234205873E2,2.075534582E0,-8.599484712E-2,3.716191053E-1
2.234407523E2,1.972588658E0,5.603151768E-2,2.550674975E-1
2.234609173E2,1.664910436E0,1.042139530E0,4.334133565E-1
2.234810833E2,1.849971056E0,8.364035487E-1,3.913817704E-1
2.235012483E2,1.823006630E0,1.161419868E0,3.397192955E-1
2.235214133E2,1.725307345E0,1.120461822E0,3.451710641E-1
2.235415793E2,1.640831113E0,1.041000009E0,3.408513963E-1
2.235617443E2,1.450204015E0,5.096042752E-1,1.174471155E-1
2.235819093E2,1.222379684E0,-1.631544083E-1,-1.945861131E-1
2.236020753E2,7.980738878E-1,-7.307583690E-1,-4.346333146E-1
2.236222403E2,3.227824271E-1,-6.960999370E-1,-6.150431633E-1
2.236424063E2,1.271368712E-1,-2.078851312E-1,-4.924942553E-1
2.236625713E2,2.316170782E-1,1.570231915E-1,8.359225094E-2
2.236827363E2,4.898780584E-1,1.998154223E-1,5.466402769E-1
2.237029023E2,2.865217924E-1,-3.739402592E-1,7.765094638E-1
2.237230673E2,-9.019480646E-2,1.244655773E-1,3.087559938E-1
2.237432323E2,-3.321151435E-1,1.638906300E-1,-8.313054591E-2
2.237633983E2,-5.398393273E-1,1.505595297E-1,-3.720492497E-2
2.237835633E2,-5.610476732E-1,-2.027375102E-1,-1.194863021E-1
2.238037283E2,7.378473133E-2,-3.298314214E-1,-1.368835807E0
2.238238943E2,4.556309879E-1,3.732705489E-2,-2.375101089E0
2.238440593E2,-9.000419825E-2,6.154420376E-1,-2.079292774E0
2.238642243E2,-9.494960308E-1,6.088097692E-1,-1.456175685E0
2.238843903E2,-2.017739534E0,3.395533264E-1,-1.065610647E0
2.239045553E2,-2.697924852E0,-1.317677051E-1,-1.013863444E0
2.239247217E2,-2.917255163E0,-1.391775906E-1,-8.471771479E-1
2.239448867E2,-3.366208553E0,-8.180579543E-2,-5.961965322E-1
2.239650517E2,-3.750023127E0,6.582431793E-1,-1.342456490E-1
2.239852177E2,-4.168184757E0,1.045697689E0,3.152186573E-1
2.240053827E2,-4.329665184E0,1.573712468E0,1.485025436E-1
2.240255477E2,-4.087185383E0,1.399132729E0,-4.802941382E-1
2.240457137E2,-3.794036627E0,6.802052855E-1,-7.762212157E-1
2.240658787E2,-3.819738626E0,-1.269789934E-1,-6.082977057E-1
2.240860437E2,-4.279633522E0,-4.107381403E-2,-3.366903365E-1
2.241062097E2,-4.865155220E0,4.539386332E-1,9.462482482E-2
2.241263747E2,-5.268659592E0,5.805439353E-1,4.340803623E-1
2.241465407E2,-5.456177711E0,-2.255857736E-1,3.557820320E-1
2.241667057E2,-5.196287155E0,-6.035719514E-1,-1.759661734E-2
2.241868707E2,-4.278654575E0,2.522632182E-1,-2.628988922E-1
2.242070367E2,-2.998128176E0,1.174315810E0,-2.988841832E-1
2.242272017E2,-1.710448265E0,1.238362670E0,-4.868687093E-1
2.242473667E2,-8.836157918E-1,9.761549234E-1,-8.390908837E-1
2.242675327E2,-5.076801777E-1,6.217857599E-1,-1.053401589E0
2.242876977E2,-3.722422719E-1,-1.775901765E-1,-8.775113821E-1
2.243078637E2,-4.043332934E-1,-9.830646515E-1,-4.549056590E-1
2.243280287E2,-4.303497076E-1,-1.242917180E0,-1.121821254E-1
2.243481937E2,-3.435557485E-1,-1.371151924E0,1.590640247E-1
2.243683597E2,-3.608613908E-1,-1.560166597E0,2.253798395E-1
2.243885247E2,-4.113195539E-1,-1.493754148E0,2.354747951E-1
2.244086907E2,-1.784543395E-1,-1.452134967E0,3.043678999E-1
2.244288557E2,1.010428295E-1,-1.476213694E0,9.297642112E-2
2.244490207E2,2.618205845E-1,-9.485942721E-1,-6.703937054E-2
2.244691867E2,4.453163743E-1,-1.108846739E-1,3.379003704E-2
2.244893517E2,4.557650387E-1,1.139793321E-1,2.138737887E-1
2.245095177E2,2.227880657E-1,-8.730006218E-2,2.315365523E-1
2.245296827E2,2.247704566E-2,-3.021017462E-2,2.742516100E-1
2.245498477E2,1.231105477E-1,2.424439043E-1,3.425762057E-1
2.245700137E2,5.978903770E-1,2.423132807E-1,4.244029820E-1
2.245901787E2,1.155827522E0,4.176496342E-2,3.840086162E-1
2.246103437E2,1.600484967E0,-2.383380979E-1,2.955351472E-1
2.246305097E2,1.912639856E0,-3.620212376E-1,1.443073601E-1
2.246506747E2,2.258637428E0,-4.560021758E-1,-1.179267392E-1
2.246708407E2,2.603060722E0,-6.804143786E-1,-3.760892153E-1
2.246910057E2,2.763075590E0,-8.575270176E-1,-5.871138573E-1
2.247111707E2,2.735226154E0,-9.075122476E-1,-5.769149661E-1
2.247313367E2,3.540243626E0,1.166563407E-1,-3.857907057E-1
2.247515017E2,2.972646236E0,1.147038117E-1,-5.976257324E-1
2.247716677E2,2.189297199E0,-6.033209562E-1,-8.186002970E-1
2.247918327E2,2.362820148E0,-6.224848628E-1,-8.173059821E-1
2.248119987E2,3.085033894E0,-2.255008072E-1,-6.420640349E-1
2.248321637E2,3.147053719E0,1.717786863E-2,-5.898265243E-1
2.248523287E2,2.829772949E0,-6.534520537E-2,-5.419175625E-1
2.248724947E2,2.521728754E0,-1.196662933E-1,-5.110237598E-1
2.248926597E2,2.316254616E0,-5.815530941E-2,-5.728555322E-1
2.249128257E2,2.495017290E0,1.121201366E-1,-6.080763936E-1
2.249329906E2,2.624338150E0,3.305544257E-1,-5.075663924E-1
2.249531556E2,2.209843636E0,1.320635378E-1,-5.495805144E-1
2.249733216E2,1.477488756E0,-1.743319184E-1,-6.450067163E-1
2.249934866E2,1.086136103E0,-1.638070643E-1,-5.989810824E-1
2.250136526E2,9.769517779E-1,5.311017111E-2,-6.216464639E-1
2.250338176E2,8.147721887E-1,1.497071385E-1,-6.207972169E-1
2.250539836E2,4.383728802E-1,1.203480363E-1,-5.897498131E-1
2.250741486E2,-1.897362024E-1,2.134836018E-1,-5.495059490E-1
2.250943136E2,-6.547286510E-1,2.823230028E-1,-5.324260592E-1
2.251144796E2,-9.689184427E-1,7.246606052E-2,-5.416053534E-1
2.251346446E2,-1.288064957E0,-1.067046076E-2,-6.929003000E-1
2.251548106E2,-1.722265720E0,3.692882359E-1,-7.460651994E-1
2.251749756E2,-2.198195934E0,1.073158264E0,-4.882817268E-1
2.251951416E2,-2.845894575E0,1.581550002E0,-4.380422086E-2
2.252153066E2,-3.409098625E0,1.622260571E0,1.862488091E-1
2.252354716E2,-3.666982174E0,1.247953653E0,7.404874265E-2
2.252556376E2,-3.410622120E0,9.632533193E-1,-1.858051419E-1
2.252758026E2,-2.931830406E0,4.316092134E-1,-8.607804775E-2
2.252959686E2,-2.829647779E0,1.943825632E-1,1.482063681E-1
2.253161336E2,-3.021450996E0,2.883388698E-1,2.919012010E-1
2.253362986E2,-2.997193336E0,7.848182321E-1,1.937096864E-1
2.253564646E2,-2.630728006E0,2.063868523E0,-2.511729300E-1
2.253766296E2,-1.874903560E0,2.858468771E0,-6.964184642E-1
2.253967956E2,-1.254459023E0,2.238311529E0,-6.644027829E-1
2.254169606E2,-1.119691849E0,1.169651628E0,-4.047738612E-1
2.254371266E2,-1.143752456E0,6.582035422E-1,-1.483771354E-1
2.254572916E2,-7.557082176E-1,3.629319370E-1,5.251866952E-2
2.254774566E2,-2.365970314E-1,1.150933504E-1,2.127455920E-1
2.254976226E2,3.277987540E-1,1.080871932E-2,3.455787897E-1
2.255177876E2,7.501581311E-1,1.523407549E-1,3.977744281E-1
2.255379536E2,7.908130884E-1,3.245075941E-1,3.952508867E-1
2.255581186E2,7.223520279E-1,3.923907876E-1,3.965699673E-1
2.255782846E2,6.596255302E-1,2.218876183E-1,3.111122251E-1
2.255984496E2,6.130902767E-1,-1.165123805E-1,1.440286785E-1
2.256186146E2,7.624217868E-1,-1.830316931E-1,1.020975485E-1
2.256387806E2,9.738020301E-1,6.537494808E-2,1.651737690E-1
2.256589456E2,1.063874364E0,2.613364160E-1,2.619639039E-1
2.256791116E2,1.163545847E0,-1.202368457E-2,2.227317691E-1
2.256992766E2,1.321044803E0,-1.296544224E-1,8.722150326E-2
2.257194416E2,1.673389435E0,-3.237058520E-1,4.256398603E-2
2.257396076E2,1.933432937E0,-5.964760184E-1,-7.091808133E-3
2.257597726E2,1.916577458E0,-5.747697949E-1,-1.658352017E-1
2.257799386E2,1.812447071E0,-2.563430667E-1,-3.462499678E-1
2.258001036E2,1.818766713E0,-1.216338873E-1,-5.027243495E-1
2.258202696E2,1.701889515E0,-1.469271779E-1,-6.597980261E-1
2.258404346E2,1.554841161E0,-1.498435438E-1,-8.537603021E-1
2.258605996E2,1.493950367E0,-4.723579437E-2,-1.070377231E0
2.258807656E2,1.378136754E0,8.484490216E-2,-1.159327388E0
2.259009306E2,1.139213204E0,1.737041473E-1,-1.151596189E0
2.259210961E2,6.698765755E-1,3.408961296E-1,-9.310523868E-1
2.259412611E2,-5.251965299E-2,5.558480620E-1,-5.878317356E-1
2.259614271E2,-8.242515326E-1,5.350771546E-1,-3.997469544E-1
2.259815921E2,-1.354355931E0,2.481377125E-1,-6.877412796E-1
2.260017571E2,-8.931600451E-1,-1.023187041E-1,-1.003270149E0
2.260219231E2,1.046591774E-1,-2.747573555E-1,-1.169102311E0
2.260420881E2,1.014845610E0,2.012865804E-2,-1.322442293E0
2.260622541E2,1.629081845E0,3.518845439E-1,-1.418960333E0
2.260824191E2,1.957585573E0,1.662580371E-1,-1.370750546E0
2.261025851E2,2.475143671E0,2.774215937E-1,-1.428708553E0
2.261227501E2,1.895668387E0,-2.993440926E-1,-1.302663445E0
2.261429151E2,1.557545781E0,-2.566357553E-1,-1.291298151E0
2.261630811E2,1.391021132E0,2.202603668E-1,-1.320176482E0
2.261832461E2,1.508827209E0,6.885222197E-1,-1.239904761E0
2.262034121E2,2.146537304E0,7.924748063E-1,-1.209289789E0
2.262235771E2,2.470941782E0,6.301049590E-1,-1.397434473E0
2.262437421E2,2.300226688E0,2.581662834E-1,-1.499392033E0
2.262639081E2,1.756515741E0,8.158609271E-2,-1.498527288E0
2.262840731E2,1.182975531E0,1.551506668E-1,-1.401700020E0
2.263042391E2,8.779499531E-1,4.544994235E-1,-1.293844938E0
2.263244041E2,9.482978582E-1,7.169180512E-1,-1.345170140E0
2.263445701E2,1.018608212E0,8.173726201E-1,-1.586275935E0
2.263647351E2,8.015949130E-1,7.826325297E-1,-1.658466935E0
2.263849001E2,3.848581612E-1,5.473220944E-1,-1.507115722E0
2.264050661E2,-7.125973701E-2,3.954984844E-1,-1.234839082E0
2.264252311E2,-4.923422635E-1,1.349667460E-1,-1.070300102E0
2.264453971E2,-1.022522569E0,-1.645730287E-1,-8.813018203E-1
2.264655621E2,-1.513339877E0,-9.310704470E-2,-5.816349387E-1
2.264857281E2,-1.671474695E0,1.325031370E-1,-2.818650901E-1
2.265058931E2,-1.781474710E0,4.570370018E-1,8.460852318E-3
2.265260581E2,-2.182153702E0,5.966472626E-1,1.859614849E-1
2.265462241E2,-2.807165861E0,5.076002479E-1,2.259387821E-1
2.265663891E2,-3.231734037E0,3.840433657E-1,1.902263612E-1
2.265865551E2,-3.400588751E0,7.825777531E-1,1.397992074E-1
2.266067201E2,-3.278976202E0,1.616529942E0,2.681732178E-2
2.266268861E2,-2.882136106E0,2.235561609E0,-9.468102455E-2
2.266470511E2,-2.317574978E0,1.823574305E0,1.414539292E-3
2.266672161E2,-2.113184452E0,7.857214808E-1,3.448988497E-1
2.266873821E2,-2.076232433E0,3.722043335E-2,7.677856088E-1
2.267075471E2,-1.794964433E0,-5.067773461E-1,1.173624873E0
2.267277131E2,-1.510381222E0,-1.186350822E0,1.597823977E0
2.267478781E2,-1.492426276E0,-1.345187545E0,1.687584043E0
2.267680441E2,-1.274545312E0,-1.131440401E0,1.283290029E0
2.267882091E2,-5.522540808E-1,-7.716408372E-1,6.281604171E-1
2.268083741E2,1.842459738E-1,-1.537216753E-1,1.388096716E-4
2.268285401E2,5.177595615E-1,5.982337594E-1,-4.320413768E-1
2.268487051E2,4.930073619E-1,1.438177705E0,-6.549101472E-1
2.268688711E2,1.629227251E-1,2.136990070E0,-7.604313493E-1
2.268890361E2,-2.845280170E-1,2.828298807E0,-9.598435163E-1
2.269092021E2,-3.856344819E-1,3.443224192E0,-1.211415768E0
2.269293675E2,1.683096774E-2,3.647092342E0,-1.359176874E0
2.269495325E2,2.381990850E-1,3.079645634E0,-1.397156954E0
2.269696985E2,2.451654673E-1,2.430415630E0,-1.302784920E0
2.269898635E2,3.782329559E-1,1.966766238E0,-1.159708381E0
2.270100295E2,4.453825653E-1,1.388531089E0,-9.219208360E-1
2.270301945E2,3.728404641E-1,9.648379087E-1,-5.313215256E-1
2.270503605E2,2.836077809E-1,8.432023525E-1,-3.160553873E-1
2.270705255E2,3.384203017E-1,1.101291895E0,-1.357897967E-1
2.270906905E2,6.505734921E-1,1.379646659E0,-8.165983856E-2
2.271108565E2,1.020304322E0,1.446024537E0,-2.856395543E-1
2.271310215E2,1.359375834E0,1.163558364E0,-6.263589263E-1
2.271511875E2,1.558647513E0,8.944719434E-1,-9.706799388E-1
2.271713525E2,1.806905150E0,9.457394481E-1,-1.130141735E0
2.271915185E2,2.185474157E0,1.029921651E0,-1.142933249E0
2.272116835E2,2.362050056E0,9.414306283E-1,-1.261939049E0
2.272318495E2,2.600947857E0,1.018469810E0,-1.370188117E0
2.272520145E2,2.703635693E0,8.981500864E-1,-1.338525414E0
2.272721795E2,2.538585424E0,4.912175238E-1,-1.263131618E0
2.272923455E2,2.461507082E0,1.068491489E-1,-1.282108068E0
2.273125105E2,2.636560678E0,-1.510525495E-1,-1.452309847E0
2.273326765E2,2.936220407E0,-2.674943209E-1,-1.614207625E0
2.273528415E2,3.018029690E0,-3.863859475E-1,-1.607969046E0
2.273730075E2,2.880955219E0,-4.565662444E-1,-1.595658183E0
2.273931725E2,2.720245600E0,-2.417437434E-1,-1.652325630E0
2.274133375E2,2.679865360E0,-2.841396630E-2,-1.871094942E0
2.274335035E2,2.619657040E0,1.605062000E-2,-2.068671227E0
2.274536685E2,2.520572662E0,5.065307021E-2,-2.160734177E0
2.274738345E2,2.398894072E0,1.727522761E-1,-2.111181974E0
2.274939995E2,2.178198576E0,3.457929194E-1,-1.973781228E0
2.275141655E2,1.817387938E0,4.614068866E-1,-1.761946440E0
2.275343305E2,1.295411468E0,5.774607062E-1,-1.534030676E0
2.275544955E2,7.240289450E-1,6.730781198E-1,-1.412256479E0
2.275746615E2,2.227688879E-1,7.050416470E-1,-1.325335145E0
2.275948265E2,-2.192582339E-1,6.674422026E-1,-1.174374819E0
2.276149925E2,-5.906761289E-1,5.903270245E-1,-1.008931756E0
2.276351575E2,-8.906352520E-1,7.973831892E-1,-9.303607345E-1
2.276553235E2,-1.092180252E0,1.074261904E0,-8.697753549E-1
2.276754885E2,-1.261727452E0,1.029145837E0,-6.817698479E-1
2.276956545E2,-1.570397377E0,5.578780174E-1,-5.060562491E-1
2.277158195E2,-2.061882973E0,4.538314641E-1,-4.283530712E-1
2.277359845E2,-2.365154028E0,8.004001379E-1,-4.250210524E-1
2.277561505E2,-2.516221523E0,1.136193991E0,-4.198997021E-1
2.277763155E2,-2.707860231E0,1.086363673E0,-5.477278829E-1
2.277964815E2,-2.851239443E0,8.929229379E-1,-5.786070824E-1
2.278166465E2,-3.035266876E0,1.085023284E0,-3.389505744E-1
2.278368125E2,-3.259333134E0,1.313567042E0,4.661785439E-2
2.278569775E2,-3.327822924E0,1.386782885E0,2.213384360E-1
2.278771435E2,-3.116509438E0,1.038804173E0,2.448848039E-1
2.278973085E2,-2.872005224E0,3.018405139E-1,2.971262634E-1
2.279174735E2,-2.625167608E0,-3.238019943E-1,4.144006371E-1
2.279376393E2,-2.232541084E0,-7.485429645E-1,5.312091112E-1
2.279578043E2,-1.765379190E0,-1.120438933E0,5.879576802E-1
2.279779703E2,-1.297189951E0,-1.349488854E0,6.361751556E-1
2.279981353E2,-1.124153614E0,-1.219142437E0,6.641586423E-1
2.280183013E2,-6.545565724E-1,-1.030857325E0,6.685031056E-1
2.280384663E2,-1.661227196E-1,-9.865666628E-1,3.669601679E-1
2.280586323E2,3.821737170E-1,-1.023086309E0,-1.049375720E-2
2.280787973E2,7.444878817E-1,-7.657160759E-1,-1.630845219E-1
2.280989633E2,8.058634400E-1,-3.371231258E-1,-1.740194708E-1
2.281191283E2,6.430931687E-1,2.864866853E-1,-2.600286305E-1
2.281392933E2,4.631792009E-1,9.862927794E-1,-3.920623660E-1
2.281594593E2,4.546203613E-1,1.195875049E0,-2.739582956E-1
2.281796243E2,2.348223031E-1,8.608081341E-1,-2.669320107E-1
2.281997903E2,3.482302427E-1,7.418023348E-1,-1.937266439E-1
2.282199553E2,4.697472751E-1,9.256492257E-1,-1.767383069E-1
2.282401213E2,3.884086907E-1,1.150493383E0,-7.285031676E-2
2.282602863E2,3.131983876E-1,1.267624378E0,1.757149249E-1
2.282804523E2,2.139832824E-1,1.239934683E0,4.744915962E-1
2.283006173E2,2.033938318E-1,1.058411717E0,5.551432967E-1
2.283207833E2,2.328795344E-1,9.968811274E-1,3.694432974E-1
2.283409483E2,2.074067593E-1,9.980586767E-1,9.840527922E-2
2.283611133E2,6.843977422E-2,8.369397521E-1,-1.082081720E-1
2.283812793E2,-4.149019718E-3,6.880793571E-1,-3.969291449E-1
2.284014443E2,1.490089446E-1,6.680200696E-1,-7.726511955E-1
2.284216103E2,3.172985017E-1,7.279819250E-1,-9.845625162E-1
2.284417753E2,2.264986038E-1,7.906075120E-1,-1.044286370E0
2.284619413E2,1.619974524E-1,8.572501540E-1,-1.005604386E0
2.284821063E2,2.517251968E-1,8.350053430E-1,-9.841994047E-1
2.285022723E2,3.326115906E-1,5.614852905E-1,-8.792871237E-1
2.285224373E2,2.960964143E-1,2.966927588E-1,-6.561241150E-1
2.285426023E2,3.704412580E-1,2.103308439E-1,-3.726169467E-1
2.285627683E2,5.083440542E-1,2.350005060E-1,-1.887564510E-1
2.285829333E2,6.059192419E-1,2.990499884E-2,-1.458994597E-1
2.286030993E2,7.649887800E-1,-3.173999786E-1,-2.229223996E-1
2.286232643E2,9.046629667E-1,-5.107150078E-1,-3.205958307E-1
2.286434303E2,1.096953869E0,-4.790028632E-1,-3.933008909E-1
2.286635953E2,1.237376928E0,-3.107139170E-1,-3.325419426E-1
2.286837613E2,1.129689336E0,-3.510612547E-1,-2.496735156E-1
2.287039263E2,9.272908568E-1,-6.403861642E-1,-3.780060709E-1
2.287240923E2,8.638561964E-1,-1.003653288E0,-3.887134194E-1
2.287442573E2,8.483318090E-1,-1.058437109E0,-4.082576931E-1
2.287644233E2,1.085700035E0,-7.716917992E-1,-6.099270582E-1
2.287845883E2,1.740604997E0,-2.603407502E-1,-1.141328812E0
2.288047533E2,2.510077715E0,-5.719647184E-2,-1.610819936E0
2.288249193E2,2.433816671E0,-3.023792207E-1,-1.815012932E0
2.288450843E2,2.069020510E0,-4.991211891E-1,-1.744718432E0
2.288652503E2,2.087885618E0,-1.613082141E-1,-1.513788223E0
2.288854153E2,2.311719418E0,3.141994774E-1,-1.359650135E0
2.289055813E2,2.503580570E0,7.123026848E-1,-1.269262314E0
2.289257459E2,2.540554523E0,5.938559175E-1,-1.127962589E0
2.289459119E2,2.253940821E0,1.564168930E-1,-9.716062546E-1
2.289660769E2,1.794927359E0,-8.290375024E-2,-8.320978284E-1
2.289862429E2,1.393576264E0,-7.254216075E-2,-7.997776270E-1
2.290064079E2,1.192288518E0,2.252831608E-1,-7.662581205E-1
2.290265739E2,9.581445456E-1,2.667516768E-1,-7.693303823E-1
2.290467389E2,9.775367975E-1,5.251839757E-1,-7.357214689E-1
2.290669039E2,7.449730039E-1,6.557680964E-1,-7.161169052E-1
2.290870699E2,2.491131797E-2,6.232253313E-1,-7.049643397E-1
2.291072349E2,-5.927481651E-1,7.170140743E-1,-5.712110996E-1
2.291274009E2,-9.014676809E-1,9.121168256E-1,-3.622119129E-1
2.291475659E2,-1.143701196E0,8.872672915E-1,-3.570791781E-1
2.291677319E2,-1.411802173E0,8.749844432E-1,-5.145516992E-1
2.291878969E2,-1.700898886E0,9.210234880E-1,-5.899679065E-1
2.292080629E2,-1.947940588E0,9.218651056E-1,-4.958538711E-1
2.292282279E2,-2.140902996E0,7.582189441E-1,-3.541836143E-1
2.292483939E2,-2.386674166E0,6.710273027E-1,-2.610552907E-1
2.292685589E2,-2.551913023E0,4.587897360E-1,-3.484635949E-1
2.292887249E2,-2.577725887E0,2.527901530E-1,-3.853935003E-1
2.293088899E2,-2.760674238E0,3.279469609E-1,-1.474801153E-1
2.293290559E2,-2.899615288E0,3.700638711E-1,1.500058621E-1
2.293492209E2,-3.077321768E0,5.216103196E-1,4.103818238E-1
2.293693859E2,-3.222245932E0,1.085703969E-1,7.407134771E-1
2.293895519E2,-3.436112642E0,-6.528257132E-1,9.143436551E-1
2.294097169E2,-3.398478031E0,-1.044197798E0,8.526837826E-1
2.294298829E2,-3.099134207E0,-6.092881560E-1,6.769711971E-1
2.294500479E2,-2.594385386E0,6.583050489E-1,2.286140770E-1
2.294702139E2,-1.807080388E0,1.588348269E0,-3.116935194E-1
2.294903789E2,-1.061390638E0,1.680005193E0,-7.581937909E-1
2.295105449E2,-6.477645636E-1,1.360663533E0,-1.014063597E0
2.295307099E2,-4.919281602E-1,1.141655564E0,-1.082591534E0
2.295508759E2,-3.455980718E-1,6.844440699E-1,-8.557600975E-1
2.295710409E2,-2.926697135E-1,-4.721406102E-2,-4.550502300E-1
2.295912069E2,-2.560155988E-1,-6.004611254E-1,-1.149454638E-1
2.296113719E2,-1.343394518E-1,-7.466301918E-1,1.489389986E-1
2.296315379E2,-2.387193032E-2,-9.146260619E-1,4.487438500E-1
2.296517029E2,-1.251819194E-3,-1.322087884E0,8.293387890E-1
2.296718679E2,-1.403819025E-1,-1.498427749E0,1.086192966E0
2.296920339E2,-3.390695751E-1,-1.195075512E0,1.137590885E0
2.297121989E2,-4.339010119E-1,-1.118850708E0,1.128872752E0
2.297323649E2,-5.773676038E-1,-1.035653472E0,1.132539034E0
2.297525299E2,-5.262638330E-1,-7.697111368E-1,1.081928134E0
2.297726959E2,-2.536383271E-1,-8.177894354E-1,9.163885117E-1
2.297928609E2,8.102752268E-3,-1.191482067E0,7.091054916E-1
2.298130269E2,4.069299102E-1,-1.294121981E0,3.934404552E-1
2.298331919E2,1.074086547E0,-1.176791310E0,1.668559611E-1
2.298533579E2,1.569046736E0,-9.625292420E-1,-1.499914676E-1
2.298735229E2,1.837048531E0,-6.625556350E-1,-3.681854010E-1
2.298936889E2,1.887148976E0,-7.731282115E-1,-2.136146128E-1
2.299138539E2,1.641233921E0,-9.086253643E-1,6.811260432E-2
2.299340202E2,1.198791742E0,-9.750018716E-1,1.746843606E-1
2.299541852E2,1.000836968E0,-8.307000995E-1,-1.544255298E-3
2.299743512E2,1.434366584E0,-5.697748661E-1,-4.458329976E-1
2.299945162E2,2.132956743E0,-4.316585660E-1,-8.238139153E-1
2.300146822E2,2.477992058E0,-4.339109361E-2,-9.116382599E-1
2.300348472E2,2.530527830E0,2.337747365E-1,-8.042820096E-1
2.300550132E2,2.480906725E0,4.549674392E-1,-6.053463817E-1
2.300751782E2,2.439876556E0,4.926991165E-1,-4.778853655E-1
2.300953432E2,2.383345604E0,1.822676510E-1,-6.865669489E-1
2.301155092E2,2.386589527E0,1.038736627E-1,-9.416714311E-1
2.301356742E2,2.492091417E0,5.317255259E-1,-1.039725900E0
2.301558402E2,2.513777018E0,1.031747818E0,-1.043281674E0
2.301760052E2,2.145917654E0,9.456185699E-1,-9.838352203E-1
2.301961712E2,1.491936922E0,4.141803384E-1,-9.446039200E-1
2.302163362E2,1.097537160E0,1.475030184E-1,-8.993049860E-1
2.302365022E2,1.065840840E0,2.802681625E-1,-7.891609073E-1
2.302566672E2,1.037390709E0,4.022393823E-1,-6.791156530E-1
2.302768332E2,8.848300576E-1,3.711278439E-1,-5.535145402E-1
2.302969982E2,7.214058042E-1,2.243210077E-1,-5.125368834E-1
2.303171642E2,4.591948986E-1,1.609520316E-1,-4.861605465E-1
2.303373292E2,-3.289689124E-2,3.667801023E-1,-4.548951685E-1
2.303574952E2,-5.854338408E-1,5.287125707E-1,-4.712723792E-1
2.303776602E2,-8.251767755E-1,4.700065851E-1,-5.580180883E-1
2.303978262E2,-9.829069972E-1,2.746475935E-1,-6.190772653E-1
2.304179912E2,-1.231635094E0,2.920816839E-1,-6.013835669E-1
2.304381572E2,-1.592293143E0,5.634445548E-1,-5.992833376E-1
2.304583222E2,-1.971880198E0,9.007170796E-1,-5.826781392E-1
2.304784882E2,-2.236109495E0,1.482483149E0,-6.217377782E-1
2.304986532E2,-2.379915237E0,1.540564179E0,-2.962632477E-1
2.305188192E2,-2.911639690E0,6.090418696E-1,4.114742279E-1
2.305389842E2,-3.756185532E0,-2.394040823E-1,1.036920547E0
2.305591502E2,-3.983736753E0,-2.244731188E-1,9.563346505E-1
2.305793152E2,-3.371563911E0,-2.746843696E-1,6.191709042E-1
2.305994802E2,-2.923239231E0,-4.909591377E-1,5.379382968E-1
2.306196462E2,-2.814208984E0,-3.061707318E-1,4.237189591E-1
2.306398112E2,-2.592249155E0,2.911348939E-1,2.733381391E-1
2.306599772E2,-2.084449768E0,7.402655482E-1,1.046444550E-1
2.306801422E2,-1.501760602E0,7.019330263E-1,-1.650523990E-1
2.307003082E2,-9.994695187E-1,2.495704591E-1,-2.916096747E-1
2.307204732E2,-7.588683963E-1,-6.734876037E-1,-9.753416479E-2
2.307406392E2,-6.933258176E-1,-1.218355298E0,2.830875218E-1
2.307608042E2,-6.129193306E-1,-1.165176749E0,5.479582548E-1
2.307809702E2,-4.175840914E-1,-1.096448183E0,6.489855051E-1
2.308011352E2,-2.610445023E-1,-1.204889536E0,6.876032352E-1
2.308213012E2,-2.578608394E-1,-1.310432792E0,6.237678528E-1
2.308414662E2,-1.962894350E-1,-1.225696325E0,5.447902679E-1
2.308616322E2,-2.198869921E-2,-9.604156613E-1,4.787012041E-1
2.308817972E2,1.529774964E-1,-6.493687630E-1,4.038195610E-1
2.309019632E2,2.822338641E-1,-5.695501566E-1,2.947508097E-1
2.309221282E2,3.001073897E-1,-7.891626954E-1,1.811857373E-1
2.309422946E2,2.220539600E-1,-6.878747940E-1,1.784605086E-1
2.309624596E2,1.806782931E-1,-1.892178655E-1,1.911628842E-1
2.309826256E2,2.205621004E-1,3.540770113E-1,1.821344346E-1
2.310027906E2,3.371081650E-1,5.862535238E-1,4.743616283E-2
2.310229566E2,6.197261810E-1,3.674074113E-1,-1.474936754E-1
2.310431216E2,9.392000437E-1,-7.823675871E-2,-2.613417804E-1
2.310632876E2,1.174207330E0,-2.597455382E-1,-2.363105863E-1
2.310834526E2,1.327246666E0,-1.214866638E-1,-1.089121848E-1
2.311036186E2,1.591657043E0,-2.425051481E-1,-1.295713894E-2
2.311237836E2,1.780759811E0,-6.834990382E-1,-4.556962848E-2
2.311439496E2,2.019043446E0,-1.122252584E0,-3.341402113E-1
2.311641146E2,2.296218872E0,-1.139311194E0,-5.198979378E-1
2.311842806E2,2.362030745E0,-7.973284125E-1,-5.058188438E-1
2.312044456E2,2.341481447E0,-4.221678376E-1,-3.969820440E-1
2.312246116E2,2.300175428E0,-2.229815125E-1,-1.495447010E-1
2.312447766E2,2.199805975E0,-1.575344801E-1,2.684067562E-2
2.312649426E2,2.153664112E0,-1.828295588E-1,-1.604786813E-1
2.312851076E2,2.178594112E0,-1.018985882E-1,-4.746349454E-1
2.313052736E2,2.219529152E0,-7.109902799E-2,-6.794788241E-1
2.313254386E2,2.246731043E0,-1.178987697E-1,-7.065059543E-1
2.313456046E2,2.204846621E0,-1.861276180E-1,-6.315624714E-1
2.313657696E2,2.084425926E0,-1.134063955E-2,-5.626752973E-1
2.313859356E2,1.922475219E0,3.602473140E-1,-5.170874000E-1
2.314061006E2,1.659872413E0,5.090496540E-1,-4.468942285E-1
2.314262666E2,1.292095542E0,3.905882835E-1,-4.125190079E-1
2.314464316E2,1.005443573E0,2.171522826E-1,-4.149425328E-1
2.314665966E2,7.936230302E-1,1.685276777E-1,-4.762476683E-1
2.314867626E2,6.140099764E-1,4.226415157E-1,-5.877662301E-1
2.315069286E2,3.924456537E-1,6.126784682E-1,-6.020860076E-1
2.315270936E2,-3.133936226E-2,6.764512658E-1,-4.426923990E-1
2.315472586E2,-5.890634060E-1,5.522866249E-1,-4.291211069E-1
2.315674246E2,-1.214530706E0,6.306930780E-1,-4.951330423E-1
2.315875896E2,-1.697064996E0,7.377990484E-1,-5.107195377E-1
2.316077556E2,-2.155249596E0,6.924845576E-1,-3.027433753E-1
2.316279206E2,-2.711212158E0,5.675721169E-1,-4.873456061E-2
2.316480866E2,-3.149590492E0,4.185830951E-1,1.119386479E-1
2.316682516E2,-3.319288969E0,2.276048362E-1,1.772374660E-1
2.316884176E2,-3.424140930E0,7.467798889E-2,3.758174479E-1
2.317085826E2,-3.720901489E0,-1.485359669E-1,8.904264569E-1
2.317287486E2,-4.015804768E0,-4.735334814E-1,1.225169182E0
2.317489136E2,-3.858964682E0,-6.799254417E-1,9.684913158E-1
2.317690796E2,-3.469017267E0,-4.520086050E-1,4.220838249E-1
2.317892446E2,-2.944742441E0,6.363332272E-1,-1.520799249E-1
2.318094106E2,-2.245303154E0,1.938589573E0,-5.994494557E-1
2.318295756E2,-1.582794905E0,2.492498159E0,-8.537222147E-1
2.318497416E2,-1.087279677E0,1.966687441E0,-1.038244963E0
2.318699066E2,-8.192834854E-1,1.065674543E0,-1.235450268E0
2.318900726E2,-7.763278484E-1,4.741518795E-1,-1.282980800E0
2.319102376E2,-7.276180387E-1,1.407095045E-1,-1.170488954E0
2.319304033E2,-5.741801262E-1,-2.988732755E-1,-7.749719024E-1
2.319505683E2,-3.680577576E-1,-9.373459816E-1,-2.059026808E-1
2.319707343E2,-2.841641605E-1,-1.411055326E0,2.628567517E-1
2.319908993E2,-2.546953559E-1,-1.544977069E0,4.851454198E-1
2.320110653E2,-1.610272378E-1,-1.531988144E0,5.463426113E-1
2.320312303E2,-6.472438108E-3,-1.177324176E0,6.049118638E-1
2.320513963E2,1.992591172E-1,-8.316352367E-1,6.996059418E-1
2.320715613E2,2.402009368E-1,-9.206193686E-1,8.338831067E-1
2.320917273E2,4.519889131E-2,-8.645691872E-1,8.783546090E-1
2.321118923E2,-1.221376285E-1,-5.528465509E-1,7.684313655E-1
2.321320583E2,1.194145977E-1,-2.043542117E-1,6.317878366E-1
2.321522233E2,6.161757708E-1,-8.036613464E-2,4.978428185E-1
2.321723893E2,8.584693670E-1,-1.614804417E-1,5.116976500E-1
2.321925543E2,1.047796488E0,-3.172919750E-1,5.095548630E-1
2.322127203E2,1.279444098E0,-6.111097336E-1,4.771643281E-1
2.322328853E2,1.448157310E0,-7.884083390E-1,5.088168979E-1
2.322530513E2,1.515387774E0,-7.691906095E-1,4.756522775E-1
2.322732163E2,1.666054487E0,-5.436705947E-1,2.440256625E-1
2.322933823E2,2.123142719E0,-3.280516863E-1,-8.730093017E-3
2.323135473E2,2.498653650E0,-2.918833792E-1,-8.500106633E-2
2.323337133E2,2.699282885E0,-2.381568402E-1,-1.047694162E-1
2.323538783E2,2.933133602E0,-1.049426645E-1,-1.364247352E-1
2.323740443E2,3.097170115E0,1.867155582E-1,-1.337410659E-1
2.323942093E2,3.040536165E0,4.858704507E-1,-1.760613620E-1
2.324143753E2,2.962044954E0,5.481153131E-1,-9.228698909E-2
2.324345403E2,2.919293642E0,4.405654669E-1,1.400736719E-1
2.324547063E2,2.832125664E0,3.272886872E-1,2.505091727E-1
2.324748713E2,2.669648409E0,7.743262500E-2,1.694793105E-1
2.324950373E2,2.533179522E0,-1.970234215E-1,-6.341423094E-2
2.325152033E2,2.513356924E0,-3.779041767E-1,-1.368777752E-1
2.325353683E2,2.368557215E0,-3.589559793E-1,-1.382395159E-2
2.325555343E2,2.059526205E0,-2.885001898E-1,1.208354309E-1
2.325756993E2,1.613833070E0,-3.367583454E-1,1.290676147E-1
2.325958653E2,1.175749421E0,-4.588044584E-1,-1.023298353E-1
2.326160303E2,1.028668284E0,-2.246770859E-1,-3.322904110E-1
2.326361963E2,9.988972545E-1,4.448652267E-2,-3.956109583E-1
2.326563613E2,7.631122470E-1,8.309949189E-2,-3.408358693E-1
2.326765273E2,3.259169161E-1,9.040818363E-2,-2.512009144E-1
2.326966923E2,-2.891096175E-1,1.347285956E-1,-3.857893646E-1
2.327168583E2,-9.825255871E-1,2.009645104E-1,-5.622186065E-1
2.327370233E2,-1.653198123E0,2.275330871E-1,-5.174590349E-1
2.327571893E2,-2.224117756E0,2.068366110E-1,-4.218677580E-1
2.327773543E2,-2.692131996E0,4.248301685E-1,-5.923709273E-1
2.327975203E2,-2.902447224E0,1.173906446E0,-6.335483193E-1
2.328176853E2,-2.741450071E0,1.256262064E0,-3.721402287E-1
2.328378513E2,-2.584877014E0,3.863673508E-1,-3.590096831E-1
2.328580163E2,-2.862928152E0,-2.261508554E-1,-1.573573798E-1
2.328781823E2,-3.376621723E0,-3.340983093E-1,2.169561088E-1
2.328983473E2,-3.572757721E0,-6.900916249E-2,4.105994701E-1
2.329185133E2,-3.256294250E0,-1.511434615E-1,3.797173798E-1
2.329386791E2,-2.863703728E0,-5.346397758E-1,4.303599149E-2
2.329588451E2,-2.583662271E0,-4.306720495E-1,-3.379121125E-1
2.329790101E2,-2.252425432E0,2.664411366E-1,-5.642390251E-1
2.329991761E2,-1.939074636E0,9.084483385E-1,-7.080999613E-1
2.330193411E2,-1.498367906E0,1.108948231E0,-7.398555279E-1
2.330395071E2,-1.273570180E0,8.450950384E-1,-7.677574754E-1
2.330596721E2,-1.138496041E0,4.274514318E-1,-7.852467299E-1
2.330798381E2,-9.786187410E-1,2.479027212E-1,-7.793924212E-1
2.331000031E2,-7.966768742E-1,3.513385653E-1,-6.720999479E-1
2.331201691E2,-5.365880728E-1,3.990633786E-1,-5.082752705E-1
2.331403341E2,-3.373100758E-1,5.493133664E-1,-3.647781610E-1
2.331605001E2,-1.117069274E-1,2.381681502E-1,-1.816801131E-1
2.331806651E2,-1.715629399E-1,-5.311437845E-1,1.089588329E-1
2.332008311E2,-4.443962872E-1,-8.917998075E-1,4.026811123E-1
2.332209961E2,-4.774798751E-1,-7.467105985E-1,6.044374704E-1
2.332411621E2,-4.022928476E-1,-8.050890565E-1,8.923481107E-1
2.332613271E2,-5.822718143E-1,-1.069614291E0,1.107719779E0
2.332814931E2,-8.055647612E-1,-1.241737723E0,1.041352630E0
2.333016581E2,-7.149723172E-1,-9.906638861E-1,9.150977135E-1
2.333218241E2,-4.793736935E-1,-9.248858690E-1,9.756183028E-1
2.333419891E2,-4.623234868E-1,-8.992096186E-1,9.388989210E-1
2.333621551E2,-2.444287986E-1,-7.698353529E-1,5.431273580E-1
2.333823201E2,4.115755260E-1,-5.752281547E-1,1.995499246E-2
2.334024861E2,1.102908373E0,-3.119603395E-1,-1.578619182E-1
2.334226511E2,1.531165481E0,-1.883054972E-1,-1.333194524E-1
2.334428171E2,1.799132943E0,-1.840316653E-1,-2.789619565E-2
2.334629821E2,1.775783181E0,-5.793977156E-2,2.277082503E-1
2.334831481E2,1.540840626E0,-1.816519350E-1,4.561947584E-1
2.335033131E2,1.352279186E0,-5.402103662E-1,4.322019219E-1
2.335234791E2,1.780315518E0,-1.257900834E0,6.182816997E-2
2.335436441E2,2.600397587E0,-1.648758173E0,-2.798002958E-1
2.335638101E2,3.136611462E0,-1.328226924E0,-3.519044816E-1
2.335839751E2,3.638855934E0,-7.175803781E-1,-2.054839730E-1
2.336041411E2,3.288784027E0,-1.911656410E-1,-2.703508437E-1
2.336243061E2,2.788614988E0,-1.007434368E0,-3.228622973E-1
2.336444721E2,3.217095613E0,-9.720444083E-1,-1.372426450E-1
2.336646371E2,3.414487839E0,-8.307029605E-1,-2.142594010E-1
2.336848031E2,3.107316494E0,-7.562907934E-1,-5.198453665E-1
2.337049691E2,2.643105268E0,-7.230238318E-1,-8.028779030E-1
2.337251341E2,2.496710300E0,-6.542204618E-1,-8.068597913E-1
2.337453001E2,2.450020552E0,-5.060330033E-1,-7.478191257E-1
2.337654651E2,2.160214663E0,-3.081431389E-1,-7.611032128E-1
2.337856311E2,1.716523051E0,-4.558429495E-2,-8.116062880E-1
2.338057961E2,1.360125303E0,4.214050770E-1,-9.546313882E-1
2.338259621E2,1.277493358E0,7.785662413E-1,-8.088892102E-1
2.338461271E2,1.183072686E0,7.906406522E-1,-5.214916468E-1
2.338662931E2,8.214519024E-1,5.024157763E-1,-3.582614064E-1
2.338864581E2,1.731120497E-1,1.955465525E-1,-5.077021122E-1
2.339066241E2,-4.226356745E-1,2.679021657E-1,-6.085056663E-1
2.339267891E2,-8.037299514E-1,4.400600791E-1,-4.059205353E-1
2.339469552E2,-1.172854066E0,2.900592089E-1,-3.347864151E-1
2.339671202E2,-1.630529881E0,6.396873295E-2,-5.664730072E-1
2.339872862E2,-1.965911865E0,2.799326479E-1,-6.528435349E-1
2.340074512E2,-2.307339430E0,8.164090514E-1,-4.427360594E-1
2.340276172E2,-2.749413252E0,1.157667637E0,-3.589721322E-1
2.340477822E2,-3.003130674E0,1.285741448E0,-2.567189336E-1
2.340679482E2,-2.980751276E0,9.766267538E-1,-9.829189628E-2
2.340881132E2,-3.216246128E0,6.212828755E-1,2.570738494E-1
2.341082792E2,-3.657285690E0,2.639811039E-1,7.670721412E-1
2.341284442E2,-3.921009064E0,-2.419835478E-1,1.084155321E0
2.341486102E2,-3.788090467E0,-5.393440127E-1,1.101583123E0
2.341687752E2,-3.421720982E0,-1.610120833E-1,7.712666392E-1
2.341889412E2,-3.050297499E0,4.008865058E-1,3.755494058E-1
2.342091062E2,-2.725418329E0,6.839064956E-1,5.249742046E-2
2.342292722E2,-2.289501667E0,8.879926205E-1,-2.241719365E-1
2.342494372E2,-1.821659446E0,1.053114057E0,-5.637136698E-1
2.342696032E2,-1.362886667E0,1.215764761E0,-9.112051725E-1
2.342897682E2,-8.218840361E-1,5.089401603E-1,-6.848674417E-1
2.343099342E2,-7.444812059E-1,-6.065497994E-1,-1.347951591E-1
2.343300992E2,-8.129425645E-1,-1.147842050E0,3.979886472E-1
2.343502652E2,-8.065537810E-1,-1.074881792E0,7.218348980E-1
2.343704312E2,-6.582577825E-1,-1.029323101E0,8.834857345E-1
2.343905962E2,-5.772096515E-1,-9.284442067E-1,9.063951373E-1
2.344107622E2,-6.222451925E-1,-8.642252088E-1,7.568967938E-1
2.344309272E2,-6.283057928E-1,-8.268031478E-1,5.306894779E-1
2.344510932E2,-6.113580465E-1,-6.863934994E-1,5.158492923E-1
2.344712582E2,-5.782188177E-1,-2.183942348E-1,5.217992067E-1
2.344914242E2,-3.183976710E-1,2.937959880E-2,4.694324434E-1
2.345115892E2,1.173593327E-1,-1.649715006E-1,3.125659525E-1
2.345317552E2,7.678074837E-1,-5.538074970E-1,6.436237693E-2
2.345519202E2,1.383386254E0,-6.552641988E-1,-6.949710101E-2
2.345720862E2,1.587890983E0,-7.458280325E-1,8.820155263E-2
2.345922512E2,1.463276625E0,-7.417641282E-1,2.647098303E-1
2.346124172E2,1.488455176E0,-8.651495576E-1,2.676595747E-1
2.346325822E2,1.637470365E0,-8.484477401E-1,2.468843907E-1
2.346527482E2,1.694147944E0,-1.109804749E0,3.019453585E-1
2.346729132E2,1.535151601E0,-1.412261367E0,4.227315187E-1
2.346930792E2,1.432942867E0,-1.488118291E0,4.429531097E-1
2.347132442E2,1.642478228E0,-1.523816943E0,1.588459760E-1
2.347334102E2,2.167735338E0,-1.705584168E0,-9.284569323E-2
2.347535752E2,2.851792812E0,-1.497284651E0,-2.141088694E-1
2.347737412E2,2.694729090E0,-7.536565661E-1,-4.017556310E-1
2.347939062E2,1.979323983E0,-9.070687294E-1,-6.354166269E-1
2.348140722E2,2.010905981E0,-6.170981526E-1,-7.123467326E-1
2.348342372E2,2.457394838E0,5.444429442E-2,-9.094671011E-1
2.348544032E2,2.651948452E0,3.398644924E-1,-1.222290516E0
2.348745682E2,2.598333359E0,6.214301586E-1,-1.338505745E0
2.348947342E2,2.097157717E0,6.650891900E-1,-1.299650192E0
2.349149002E2,1.660997510E0,5.684921741E-1,-1.239541888E0
2.349350647E2,1.773545980E0,7.348174453E-1,-9.998590946E-1
2.349552307E2,1.782924414E0,8.650865555E-1,-8.570952415E-1
2.349753957E2,1.289307833E0,4.286765754E-1,-8.592857122E-1
2.349955617E2,8.040953875E-1,-5.209438503E-3,-8.268446922E-1
2.350157267E2,4.441076219E-1,5.715645850E-2,-7.690533996E-1
2.350358927E2,2.564567327E-1,4.480483234E-1,-7.409052253E-1
2.350560577E2,4.679930583E-2,8.339112401E-1,-7.022275329E-1
2.350762237E2,-1.423893422E-1,7.624666095E-1,-5.174541473E-1
2.350963887E2,-6.236198545E-1,7.778306007E-1,-3.416206539E-1
2.351165547E2,-1.328287840E0,8.757814765E-1,-3.635338843E-1
2.351367197E2,-1.937430263E0,1.000600219E0,-5.521219969E-1
2.351568857E2,-2.094812632E0,8.959412575E-1,-7.610561252E-1
2.351770507E2,-2.072912931E0,8.529214263E-1,-9.399635792E-1
2.351972167E2,-2.179633856E0,1.132554173E0,-8.439535499E-1
2.352173817E2,-2.598345757E0,1.514518023E0,-6.711587906E-1
2.352375477E2,-2.971108913E0,1.788403153E0,-7.681441903E-1
2.352577127E2,-3.042417049E0,1.562539101E0,-5.920332670E-1
2.352778787E2,-3.463400364E0,6.370092034E-1,-3.117823303E-1
2.352980437E2,-3.799220562E0,-3.567359746E-1,1.614635140E-1
2.353182097E2,-3.720586061E0,-7.630830407E-1,4.481164217E-1
2.353383747E2,-3.387137413E0,-6.612930298E-1,5.798616409E-1
2.353585407E2,-3.070027113E0,7.331368327E-2,4.566957653E-1
2.353787067E2,-2.794274330E0,7.810299993E-1,2.330705673E-1
2.353988717E2,-2.383129358E0,7.502794862E-1,-5.307719484E-2
2.354190377E2,-1.769219756E0,3.008953631E-1,-1.544235498E-1
2.354392027E2,-9.866712093E-1,7.235885412E-2,-5.072610825E-2
2.354593687E2,-7.879096866E-1,-7.453542948E-2,9.030503035E-2
2.354795337E2,-8.419826031E-1,-6.209066138E-2,1.551694423E-1
2.354996997E2,-7.092036605E-1,2.497142702E-1,2.340276837E-1
2.355198647E2,-4.323834777E-1,6.008272171E-1,3.573485017E-1
2.355400307E2,-9.183493257E-2,6.430888176E-1,4.280086160E-1
2.355601957E2,1.535850316E-1,8.750309050E-2,5.080762506E-1
2.355803617E2,1.387817860E-1,-4.038251042E-1,5.232000351E-1
2.356005267E2,3.075064346E-2,-5.434182882E-1,4.497194886E-1
2.356206927E2,5.078499392E-2,-5.708668828E-1,4.219930470E-1
2.356408577E2,1.608818173E-1,-6.600017548E-1,6.135853529E-1
2.356610237E2,1.683388054E-1,-7.487441897E-1,8.458096981E-1
2.356811887E2,1.948317736E-1,-6.706151366E-1,7.921159267E-1
2.357013547E2,5.168836713E-1,-5.886850357E-1,3.803239763E-1
2.357215197E2,9.196246266E-1,-5.414355993E-1,1.419685781E-1
2.357416857E2,1.304276824E0,-6.859924197E-1,3.495514020E-2
2.357618517E2,1.623097181E0,-8.925648332E-1,-1.374896020E-1
2.357820167E2,1.901568890E0,-8.021717668E-1,-2.754790485E-1
2.358021827E2,2.171689987E0,-5.421524048E-1,-2.663878798E-1
2.358223477E2,2.308403730E0,-2.994382381E-1,-1.284818649E-1
2.358425137E2,2.184310913E0,-2.226098478E-1,9.991386533E-2
2.358626787E2,1.994644761E0,-3.778564334E-1,1.249562204E-1
2.358828447E2,1.625960112E0,-3.275356591E-1,1.628624089E-2
2.359030097E2,1.375617862E0,-6.723091751E-2,-5.072993785E-2
2.359231757E2,1.689567089E0,-1.264152378E-1,-3.412735462E-1
2.359433400E2,2.900055647E0,-2.358537465E-1,-7.960402966E-1
2.359635060E2,3.394129276E0,-3.417137861E-1,-1.156554461E0
2.359836710E2,3.316910982E0,-4.838374555E-1,-1.091380835E0
2.360038370E2,2.710754156E0,-2.397115082E-1,-1.162149191E0
2.360240020E2,2.380831718E0,-3.117184341E-1,-1.002061725E0
2.360441680E2,2.790459633E0,-1.719339937E-1,-7.412697673E-1
2.360643330E2,3.157274008E0,-2.552627921E-1,-5.008822083E-1
2.360844990E2,2.936573982E0,-6.194701195E-1,-5.380820036E-1
2.361046640E2,2.555080891E0,-9.038524032E-1,-6.782401800E-1
2.361248300E2,2.298664808E0,-8.311488032E-1,-7.227369547E-1
2.361449960E2,2.042090178E0,-6.236220598E-1,-7.383986115E-1
2.361651610E2,1.729222536E0,-2.524889112E-1,-8.247409463E-1
2.361853270E2,1.650730610E0,1.968745887E-1,-7.732133865E-1
2.362054920E2,1.475766063E0,4.927475154E-1,-7.430092692E-1
2.362256580E2,1.045951366E0,1.873345226E-1,-9.205461144E-1
2.362458230E2,3.923459947E-1,1.864830777E-2,-1.128350258E0
2.362659890E2,-5.712885037E-2,2.053450346E-1,-1.110931516E0
2.362861540E2,-3.432961106E-1,5.382968783E-1,-9.469802976E-1
2.363063200E2,-5.240266919E-1,6.920701265E-1,-8.259634972E-1
2.363264850E2,-7.353893518E-1,5.374612808E-1,-8.087074161E-1
2.363466510E2,-1.382098913E0,2.422319502E-1,-8.546680808E-1
2.363668160E2,-2.107771158E0,2.715948224E-1,-8.648813367E-1
2.363869820E2,-2.401172161E0,7.304105163E-1,-7.474358082E-1
2.364071470E2,-2.429212809E0,1.228840709E0,-5.300426483E-1
2.364273130E2,-2.670702457E0,1.001618624E0,-5.325772762E-1
2.364474780E2,-3.162424088E0,5.412163734E-1,-7.686573863E-1
2.364676440E2,-3.376750469E0,3.889136314E-1,-8.356015682E-1
2.364878100E2,-3.437770605E0,6.702514887E-1,-5.955353379E-1
2.365079750E2,-3.583746433E0,8.365558386E-1,-2.342368364E-1
2.365281410E2,-3.932377338E0,5.698176622E-1,1.559897959E-1
2.365483060E2,-4.259256840E0,4.146112129E-2,3.650942743E-1
2.365684720E2,-4.169311047E0,-4.248612225E-1,4.824895561E-1
2.365886370E2,-3.899230480E0,-6.672173142E-1,6.270050406E-1
2.366088030E2,-3.618974447E0,-3.043117225E-1,6.338796616E-1
2.366289680E2,-3.213669777E0,4.635530710E-1,5.282297730E-1
2.366491340E2,-2.563792229E0,9.758189321E-1,2.795296013E-1
2.366692990E2,-1.710177898E0,9.763252735E-1,-1.586715430E-1
2.366894650E2,-9.922049046E-1,6.921539307E-1,-3.109302819E-1
2.367096300E2,-7.565094829E-1,3.982872367E-1,-2.198516130E-1
2.367297960E2,-7.725743651E-1,3.560267687E-1,-7.675184309E-2
2.367499610E2,-5.850500464E-1,4.606355727E-1,1.022875402E-2
2.367701270E2,-1.984924823E-1,3.528278768E-1,2.256066203E-1
2.367902920E2,-5.441696569E-2,-1.445960999E-1,3.445903063E-1
2.368104580E2,-4.633621499E-2,-4.975152612E-1,3.900763392E-1
2.368306240E2,1.242007464E-1,-2.791598737E-1,4.073410928E-1
2.368507890E2,3.887219131E-1,5.810685456E-2,5.296735168E-1
2.368709550E2,5.440711379E-1,1.730068922E-1,6.495647430E-1
2.368911200E2,6.515830159E-1,3.352028504E-2,6.279811263E-1
2.369112860E2,8.550291657E-1,-3.216786385E-1,5.319709778E-1
2.369314513E2,1.124644279E0,-6.077231765E-1,4.039463997E-1
2.369516173E2,1.308114290E0,-5.121533275E-1,2.812256217E-1
2.369717823E2,1.450278640E0,-1.923846602E-1,1.476475149E-1
2.369919483E2,1.607122540E0,-1.180982590E-2,7.661532145E-3
2.370121133E2,1.638704538E0,2.859503776E-2,-1.369841546E-1
2.370322793E2,1.541059732E0,5.261009187E-2,-3.564600646E-1
2.370524443E2,1.378392100E0,1.098575890E-1,-5.711181164E-1
2.370726103E2,1.312484145E0,2.283470184E-1,-6.848691702E-1
2.370927753E2,1.330050945E0,2.062339187E-1,-7.137333155E-1
2.371129413E2,1.123537540E0,1.988290846E-1,-7.543238401E-1
2.371331063E2,8.755806088E-1,3.357121944E-1,-8.559187651E-1
2.371532723E2,8.894435763E-1,4.913060665E-1,-9.205123186E-1
2.371734383E2,9.799053669E-1,4.127238095E-1,-7.580742240E-1
2.371936033E2,8.107261062E-1,2.976961136E-1,-6.494176984E-1
2.372137693E2,5.282604694E-1,2.231516391E-1,-5.972031355E-1
2.372339343E2,2.840736508E-1,3.042043149E-1,-6.017788649E-1
2.372541003E2,5.069949627E-1,3.296340406E-1,-9.964658022E-1
2.372742653E2,1.347343206E0,4.895855486E-1,-1.558401704E0
2.372944313E2,2.355578899E0,1.084038615E0,-1.869030356E0
2.373145963E2,3.008781195E0,1.682737827E0,-1.942738652E0
2.373347623E2,3.089972019E0,1.960744858E0,-1.827355266E0
2.373549273E2,2.754707336E0,1.940021753E0,-1.649117827E0
2.373750933E2,2.395506859E0,1.705017090E0,-1.474107742E0
2.373952583E2,2.096357346E0,1.458464980E0,-1.446781278E0
2.374154243E2,1.936132312E0,1.401110649E0,-1.503791571E0
2.374355893E2,1.805537820E0,1.534898162E0,-1.486768842E0
2.374557553E2,1.572775722E0,1.494358420E0,-1.444162607E0
2.374759203E2,1.462724090E0,1.422801971E0,-1.324259043E0
2.374960863E2,1.547560096E0,1.400376797E0,-1.160506487E0
2.375162523E2,1.534923077E0,1.189349771E0,-1.067809820E0
2.375364173E2,1.411250472E0,7.920654416E-1,-1.028675795E0
2.375565833E2,1.251189828E0,3.965031207E-1,-9.790418744E-1
2.375767483E2,1.079652786E0,1.763734818E-1,-8.614148498E-1
2.375969143E2,8.676944971E-1,5.941242352E-2,-6.723906398E-1
2.376170793E2,5.810835958E-1,-3.857520968E-2,-4.848185778E-1
2.376372453E2,1.397349536E-1,-2.590705752E-1,-3.473284543E-1
2.376574103E2,-4.563114643E-1,-5.107125640E-1,-3.530724943E-1
2.376775763E2,-8.792127967E-1,-6.227574348E-1,-5.009879470E-1
2.376977413E2,-1.040883899E0,-4.359299541E-1,-6.012137532E-1
2.377179073E2,-1.141766667E0,-1.906600744E-1,-4.909780622E-1
2.377380723E2,-1.431309104E0,-1.850437373E-1,-2.850984037E-1
2.377582383E2,-1.802921057E0,-2.569620311E-1,-1.771453321E-1
2.377784033E2,-1.920405269E0,-1.007402837E-1,-3.230055273E-1
2.377985693E2,-1.660961628E0,1.897729188E-1,-4.705404341E-1
2.378187353E2,-1.359147787E0,2.105908543E-1,-1.877757460E-1
2.378389003E2,-1.529525995E0,-2.572288811E-1,4.259708822E-1
2.378590663E2,-1.802511930E0,-8.899416327E-1,7.515074611E-1
2.378792313E2,-1.606022000E0,-1.498681545E0,5.423992872E-1
2.378993973E2,-1.048931003E0,-1.712915063E0,8.640973270E-2
2.379195623E2,-4.934872091E-1,-1.442066789E0,-2.185734808E-1
2.379397281E2,-2.486329675E-1,-8.093557954E-1,-4.053726792E-1
2.379598931E2,-3.063895702E-1,-3.425662220E-2,-5.243268609E-1
2.379800591E2,-4.845569730E-1,3.377250135E-1,-4.830344915E-1
2.380002241E2,-7.681772709E-1,4.839628935E-1,-1.861684620E-1
2.380203901E2,-1.465461493E0,5.049808621E-1,-3.534829244E-2
2.380405551E2,-1.684005618E0,5.038816929E-1,5.828512833E-2
2.380607211E2,-1.340943217E0,6.710368395E-1,5.906607956E-2
2.380808861E2,-7.673158646E-1,9.102133512E-1,-4.093144089E-2
2.381010521E2,-5.690287948E-1,7.921701074E-1,-3.819224238E-1
2.381212181E2,-3.698859513E-1,7.674866915E-1,-6.158006191E-1
2.381413831E2,-1.304191947E-1,1.087467670E0,-8.041821122E-1
2.381615491E2,5.886489525E-2,1.479204416E0,-9.140804410E-1
2.381817141E2,1.700744480E-1,1.599087000E0,-9.599031210E-1
2.382018801E2,2.470085919E-1,1.577758431E0,-9.836704135E-1
2.382220451E2,3.894065022E-1,1.513592005E0,-9.580236077E-1
2.382422111E2,5.326635242E-1,1.385728478E0,-8.939025402E-1
2.382623761E2,6.263180971E-1,1.355903983E0,-8.145974278E-1
2.382825421E2,6.123473048E-1,1.410307407E0,-7.871856689E-1
2.383027071E2,6.189999580E-1,1.359680295E0,-8.762032390E-1
2.383228731E2,7.977586985E-1,1.226777554E0,-1.088290453E0
2.383430381E2,9.231857061E-1,1.192046046E0,-1.263056159E0
2.383632041E2,9.580386281E-1,1.177968979E0,-1.307523608E0
2.383833701E2,1.012734532E0,9.896854758E-1,-1.316335440E0
2.384035351E2,1.039844036E0,7.668887973E-1,-1.344055414E0
2.384237011E2,1.068879843E0,5.710522532E-1,-1.297048450E0
2.384438661E2,1.025155067E0,3.005141616E-1,-1.112145066E0
2.384640321E2,9.452081919E-1,-4.617498815E-2,-8.700753450E-1
2.384841971E2,8.197427988E-1,-4.179531634E-1,-7.191238403E-1
2.385043631E2,6.598689556E-1,-7.017433643E-1,-6.000941396E-1
2.385245281E2,4.340921938E-1,-8.115289211E-1,-6.063910127E-1
2.385446941E2,8.738337457E-2,-5.415435433E-1,-6.151515841E-1
2.385648591E2,-2.210503966E-1,2.403010987E-2,-8.157910109E-1
2.385850251E2,-2.888643444E-1,5.581217408E-1,-1.256389141E0
2.386051901E2,-4.761692882E-2,9.989559650E-1,-1.739660263E0
2.386253561E2,3.043992221E-1,1.369590998E0,-2.076296568E0
2.386455221E2,5.363567472E-1,1.641359925E0,-2.276368141E0
2.386656871E2,6.510713696E-1,1.907019138E0,-2.331660748E0
2.386858531E2,7.026246786E-1,2.197078705E0,-2.254845381E0
2.387060181E2,6.920227408E-1,2.349453211E0,-2.064187527E0
2.387261841E2,4.238132834E-1,2.195131540E0,-1.835139990E0
2.387463491E2,-4.239965603E-2,1.826874852E0,-1.579970598E0
2.387665151E2,-3.488035500E-1,1.506850719E0,-1.364186049E0
2.387866801E2,-3.949206471E-1,1.410455942E0,-1.264117002E0
2.388068461E2,-2.039691657E-1,1.439613223E0,-1.206503034E0
2.388270111E2,-2.448678017E-2,1.445495367E0,-1.137163043E0
2.388471771E2,8.105230331E-2,1.281085134E0,-1.045498848E0
2.388673421E2,1.740071625E-1,1.032939434E0,-9.547285438E-1
2.388875081E2,3.614265323E-1,8.869199753E-1,-8.362085223E-1
2.389076731E2,4.766009450E-1,7.727516294E-1,-7.470172644E-1
2.389278391E2,4.482232630E-1,6.660622954E-1,-6.605417728E-1
2.389480060E2,3.521128893E-1,5.999789834E-1,-5.129981637E-1
2.389681710E2,2.016380280E-1,5.555030704E-1,-3.237071335E-1
2.389883370E2,1.087119132E-1,4.100865722E-1,-1.879137158E-1
2.390085020E2,1.075743660E-1,2.867775857E-1,-1.864258647E-1
2.390286680E2,1.433901936E-1,2.710086703E-1,-3.463457823E-1
2.390488330E2,2.876026332E-1,3.305744231E-1,-3.447594047E-1
2.390689990E2,2.588861585E-1,4.075936675E-1,-2.437546998E-1
2.390891640E2,4.222549871E-2,4.340428710E-1,-1.517696530E-1
2.391093300E2,-7.101213187E-2,5.074794888E-1,-1.588066816E-1
2.391294950E2,-3.296355903E-2,5.315300226E-1,-1.427202672E-1
2.391496610E2,2.016630396E-2,2.610491812E-1,-5.682176724E-2
2.391698260E2,1.050173342E-1,-1.835320517E-2,2.858241275E-2
2.391899920E2,2.156122029E-1,-8.177288622E-2,3.655954823E-2
2.392101580E2,3.046757281E-1,-1.722072810E-2,3.893554211E-2
2.392303230E2,4.694307745E-1,1.647526026E-1,9.738224000E-2
2.392504890E2,5.772992373E-1,1.151647419E-1,3.360704482E-1
2.392706540E2,4.458631575E-1,-2.730420530E-1,6.311630011E-1
2.392908200E2,3.463484943E-1,-8.680448532E-1,5.964019299E-1
2.393109850E2,3.551560640E-1,-9.964512587E-1,2.302717417E-1
2.393311510E2,7.400684953E-1,-7.929255366E-1,-9.770733863E-2
2.393513160E2,1.368702650E0,-5.477868319E-1,-3.058383763E-1
2.393714820E2,1.788832188E0,-2.399901599E-1,-5.116276145E-1
2.393916470E2,1.964761615E0,3.109553456E-1,-7.168444395E-1
2.394118130E2,1.957080126E0,9.957420826E-1,-9.453334808E-1
2.394319780E2,1.819985390E0,1.374681115E0,-1.079405904E0
2.394521440E2,1.659458518E0,1.337248445E0,-1.002707839E0
2.394723100E2,1.646895170E0,1.111748934E0,-7.741545439E-1
2.394924750E2,1.650799513E0,1.005879879E0,-5.351004004E-1
2.395126410E2,1.544747949E0,9.829317331E-1,-4.057557583E-1
2.395328060E2,1.253473282E0,8.068102598E-1,-2.922745645E-1
2.395529720E2,7.761438489E-1,6.909519434E-1,-1.919618100E-1
2.395731370E2,3.243527412E-1,7.439975142E-1,-1.336794049E-1
2.395933030E2,-8.350785077E-2,5.028628111E-1,-1.451373249E-1
2.396134680E2,-3.943502903E-1,1.400216818E-1,-2.630371749E-1
2.396336340E2,-6.966881752E-1,5.446507409E-2,-2.655094266E-1
2.396537990E2,-1.153693199E0,2.305032164E-1,-2.874623239E-1
2.396739650E2,-1.698180676E0,3.389971852E-1,-2.437742352E-1
2.396941310E2,-2.238570452E0,3.007301688E-1,-1.528223157E-1
2.397142960E2,-2.717516422E0,1.988538653E-1,-2.166009098E-1
2.397344620E2,-3.134087324E0,1.200942397E-1,-3.168541789E-1
2.397546270E2,-3.355706930E0,1.631593406E-1,-2.176676989E-1
2.397747930E2,-3.411750078E0,1.687505543E-1,4.521532357E-2
2.397949580E2,-3.353336573E0,6.934762001E-2,1.963744611E-1
2.398151240E2,-3.233923435E0,-6.533268839E-2,2.246133983E-1
2.398352890E2,-3.158995628E0,-1.506407559E-1,2.919586301E-1
2.398554550E2,-3.206571102E0,-2.077520639E-1,4.443292618E-1
2.398756200E2,-3.293088675E0,-2.724544406E-1,5.426365733E-1
2.398957860E2,-3.325894356E0,-1.199160442E-1,5.267723203E-1
2.399159520E2,-3.124532938E0,5.139294267E-2,4.216158390E-1
2.399361165E2,-2.762849092E0,1.060379818E-1,1.978095621E-1
2.399562825E2,-2.319716454E0,2.762956619E-1,-8.196784556E-2
2.399764475E2,-1.794322252E0,4.170363545E-1,-2.887895107E-1
2.399966135E2,-1.321404338E0,6.695656180E-1,-3.670699894E-1
2.400167785E2,-9.288309216E-1,6.251685619E-1,-2.284767926E-1
2.400369445E2,-7.531680465E-1,1.940799952E-1,-8.953526616E-2
2.400571095E2,-6.230046153E-1,-9.710092843E-2,-9.256260097E-2
2.400772755E2,-4.294340611E-1,6.762641668E-2,-1.080036610E-1
2.400974405E2,9.166164696E-2,3.882626593E-1,-3.360830545E-1
2.401176065E2,1.052582145E0,6.887925863E-1,-7.207968235E-1
2.401377725E2,2.059158802E0,6.566861272E-1,-1.065327644E0
2.401579375E2,2.576875925E0,5.284104347E-1,-1.193229318E0
2.401781035E2,2.556605577E0,4.744195044E-1,-9.732084870E-1
2.401982685E2,2.325813532E0,6.412828565E-1,-6.756601930E-1
2.402184345E2,2.197464466E0,9.380860925E-1,-4.724534452E-1
2.402385995E2,2.300854921E0,1.199020267E0,-3.616512120E-1
2.402587655E2,2.472418070E0,1.300009131E0,-3.807268739E-1
2.402789305E2,2.665490627E0,1.230240226E0,-4.003632069E-1
2.402990965E2,2.847829819E0,1.197604775E0,-3.844458163E-1
2.403192615E2,2.980731249E0,1.242126822E0,-3.369152844E-1
2.403394275E2,3.146071196E0,1.376013041E0,-2.828402519E-1
2.403595925E2,3.271947861E0,1.486793876E0,-1.735684872E-1
2.403797585E2,3.170759916E0,1.300548911E0,-1.217697933E-1
2.403999245E2,2.791794777E0,8.416905999E-1,-1.429974288E-1
2.404200895E2,2.481274605E0,5.757536292E-1,-1.242385060E-1
2.404402555E2,2.333390474E0,6.277117133E-1,3.264542297E-2
2.404604205E2,2.236104250E0,7.050901651E-1,2.721372545E-1
2.404805865E2,2.055373669E0,5.212911963E-1,4.970718622E-1
2.405007515E2,1.797110200E0,-1.450315118E-1,4.082843661E-1
2.405209175E2,1.546614766E0,-7.637742758E-1,1.424146146E-1
2.405410825E2,1.365795732E0,-1.019177556E0,6.297111511E-2
2.405612485E2,1.120302081E0,-9.609650970E-1,1.769446731E-1
2.405814145E2,7.769707441E-1,-8.097115755E-1,2.593696415E-1
2.406015795E2,3.591152430E-1,-5.823175907E-1,1.548911035E-1
2.406217455E2,5.264914408E-2,-2.073215097E-1,9.336506575E-2
2.406419105E2,-1.726168841E-1,6.738266349E-2,6.803363562E-2
2.406620765E2,-6.467892528E-1,1.732497066E-1,-7.649626583E-2
2.406822415E2,-1.204154849E0,4.238511920E-1,-3.117953241E-1
2.407024075E2,-1.562076449E0,8.018606901E-1,-3.710717261E-1
2.407225725E2,-1.834541917E0,9.751447439E-1,-1.380561590E-1
2.407427385E2,-2.437005997E0,7.581611872E-1,8.262780309E-2
2.407629035E2,-3.265474796E0,3.999193907E-1,2.860668302E-2
2.407830695E2,-3.628122807E0,2.318672091E-1,-1.356482655E-1
2.408032355E2,-3.394192219E0,3.038699925E-1,-1.324100643E-1
2.408234005E2,-3.073857784E0,6.625801325E-2,3.279666975E-2
2.408435665E2,-3.161985397E0,-1.562529951E-1,1.704556048E-1
2.408637315E2,-3.404826880E0,-2.438660264E-1,1.741326302E-1
2.408838975E2,-3.357693672E0,7.283078879E-2,-1.443850622E-2
2.409040625E2,-3.061678410E0,6.016723514E-1,-3.851473033E-1
2.409242285E2,-2.224620581E0,1.124722362E0,-6.305987239E-1
2.409443935E2,-1.662920952E0,1.132532835E0,-7.621173859E-1
2.409645595E2,-1.573248625E0,6.289484501E-1,-8.622251749E-1
2.409847245E2,-1.518491149E0,-2.573166192E-1,-6.027831435E-1
2.410048905E2,-1.416046619E0,-8.143139482E-1,-1.999674439E-1
2.410250565E2,-1.232709408E0,-8.173216581E-1,9.293427318E-2
2.410452215E2,-9.716850519E-1,-6.946361661E-1,2.438114733E-1
2.410653875E2,-6.503253579E-1,-1.045561910E0,2.527023554E-1
2.410855525E2,-4.108077884E-1,-1.454306364E0,2.494797409E-1
2.411057185E2,-2.598281503E-1,-1.400142312E0,2.437043637E-1
2.411258835E2,-1.292367429E-1,-1.137926102E0,3.068326414E-1
2.411460495E2,3.253976628E-2,-7.129960656E-1,4.334132969E-1
2.411662145E2,1.482601166E-1,-4.931095839E-1,4.798930883E-1
2.411863805E2,1.278363317E-1,-8.267011046E-1,4.782808125E-1
2.412065465E2,8.441298455E-2,-1.120380998E0,4.175268412E-1
2.412267115E2,2.253310084E-1,-8.834180236E-1,3.056408763E-1
2.412468775E2,5.566108227E-1,-3.315206766E-1,1.660184711E-1
2.412670425E2,8.689742684E-1,3.809471801E-2,1.859873161E-2
2.412872085E2,1.041813612E0,1.688546985E-1,1.640902646E-2
2.413073735E2,1.104585528E0,9.488442540E-2,1.383462548E-1
2.413275395E2,9.732358456E-1,-1.231043860E-1,2.277182788E-1
2.413477045E2,8.477436304E-1,-2.803148329E-1,1.885895878E-1
2.413678705E2,1.190129638E0,-4.457747340E-1,-1.067346931E-1
2.413880365E2,2.059906244E0,-5.805761814E-1,-6.584168673E-1
2.414082015E2,2.754285097E0,-4.237829745E-1,-1.014495492E0
2.414283675E2,2.981956959E0,-5.791570991E-3,-1.092779994E0
2.414485325E2,2.972518921E0,4.692784250E-1,-9.328459501E-1
2.414686985E2,2.895486593E0,7.263981104E-1,-7.240690589E-1
2.414888635E2,2.792496204E0,7.830368280E-1,-5.507175922E-1
2.415090295E2,2.720407248E0,7.735145092E-1,-4.533240199E-1
2.415291945E2,2.780358315E0,9.013504982E-1,-3.670175672E-1
2.415493605E2,2.752531528E0,1.069812655E0,-3.532474637E-1
2.415695265E2,2.206768036E0,6.949002743E-1,-3.721858561E-1
2.415896915E2,1.635351658E0,-1.542247832E-1,-3.560916483E-1
2.416098575E2,1.501734853E0,-5.685181618E-1,-3.215427995E-1
2.416300225E2,1.756813884E0,-4.122333825E-1,-3.592266142E-1
2.416501885E2,1.979756236E0,1.787450351E-2,-4.257115126E-1
2.416703535E2,1.855144262E0,2.427808493E-1,-4.717926979E-1
2.416905195E2,1.414840102E0,2.416966259E-1,-4.392722547E-1
2.417106845E2,9.506567121E-1,1.430982947E-1,-3.926321268E-1
2.417308505E2,7.076668739E-1,5.507684872E-2,-3.912840784E-1
2.417510165E2,5.924603939E-1,2.101806998E-1,-4.873974323E-1
2.417711815E2,3.296141326E-1,5.119608045E-1,-5.302689075E-1
2.417913475E2,-1.311789304E-1,6.310484409E-1,-4.726793170E-1
2.418115125E2,-7.391211390E-1,5.566568375E-1,-4.611648321E-1
2.418316785E2,-1.226644993E0,5.961498618E-1,-5.177687407E-1
2.418518435E2,-1.594918251E0,8.009139299E-1,-6.299104095E-1
2.418720095E2,-2.045842409E0,8.812136054E-1,-7.368524075E-1
2.418921745E2,-2.442475557E0,6.557168365E-1,-6.051256657E-1
2.419123405E2,-2.614510298E0,2.317260057E-1,-2.339394540E-1
2.419325065E2,-3.015162468E0,-3.702086955E-2,2.854440808E-1
2.419526711E2,-3.496226311E0,-3.386985958E-1,5.957955122E-1
2.419728371E2,-3.730877161E0,-4.266370833E-1,5.786887407E-1
2.419930021E2,-3.569234133E0,-2.478499413E-1,5.708066225E-1
2.420131681E2,-3.370501757E0,-2.736223936E-1,7.331637740E-1
2.420333331E2,-3.334421396E0,-3.841828406E-1,8.654958606E-1
2.420534991E2,-3.179803848E0,-4.849157929E-1,9.055489302E-1
2.420736641E2,-2.878559589E0,-5.892473459E-1,7.291929722E-1
2.420938301E2,-2.380360126E0,-4.378903806E-1,4.224079847E-1
2.421139961E2,-1.698604703E0,-1.332061440E-1,1.414447874E-1
2.421341611E2,-1.054182649E0,-1.367217153E-1,7.739765942E-2
2.421543271E2,-6.734222174E-1,-7.543567419E-1,1.026514173E-1
2.421744921E2,-4.678363800E-1,-1.179270864E0,1.028700098E-1
2.421946581E2,-2.985823452E-1,-1.121243596E0,1.549177617E-2
2.422148231E2,-1.713499576E-1,-8.283774853E-1,-3.254399821E-2
2.422349891E2,-1.678971946E-1,-5.011066794E-1,-2.604511566E-2
2.422551551E2,-2.430259436E-1,-3.466192186E-1,4.953153804E-2
2.422753201E2,-5.055463314E-1,-1.773669571E-1,1.761358082E-1
2.422954861E2,-7.635782361E-1,6.563671678E-2,3.519250751E-1
2.423156511E2,-7.276639342E-1,2.211632282E-1,4.395969510E-1
2.423358171E2,-4.944234490E-1,7.498705387E-2,4.823020399E-1
2.423559821E2,-1.612177789E-1,-4.137136340E-1,3.277063370E-1
2.423761481E2,2.207505107E-1,-7.397145629E-1,9.016045928E-2
2.423963131E2,6.784103513E-1,-6.431080103E-1,-1.109268889E-1
2.424164791E2,1.057659268E0,-4.007687271E-1,-2.355148494E-1
2.424366451E2,1.257225275E0,-2.543781102E-1,-2.940314412E-1
2.424568101E2,1.419208765E0,-3.043453395E-1,-3.875884116E-1
2.424769761E2,1.565144181E0,-4.580008984E-1,-4.547198117E-1
2.424971411E2,1.710065365E0,-5.454744101E-1,-4.352659583E-1
2.425173071E2,1.791679382E0,-3.829583228E-1,-3.126324713E-1
2.425374721E2,1.873456001E0,-4.651121050E-2,-2.276016623E-1
2.425576381E2,2.089488745E0,1.972782761E-1,-2.923124731E-1
2.425778041E2,2.379093885E0,1.620000899E-1,-4.827967882E-1
2.425979691E2,2.637177706E0,-3.786045685E-2,-6.460288763E-1
2.426181351E2,2.728693247E0,-7.302796468E-3,-6.784193516E-1
2.426383001E2,2.751317024E0,1.599920094E-1,-7.037775517E-1
2.426584661E2,2.783723831E0,1.849217564E-1,-7.518032789E-1
2.426786311E2,2.710582018E0,-4.689426720E-2,-7.708781362E-1
2.426987971E2,2.524884224E0,-3.058202863E-1,-8.078181148E-1
2.427189631E2,2.323340893E0,-3.128297925E-1,-8.134674430E-1
2.427391281E2,2.157659292E0,-1.772358082E-2,-8.180717826E-1
2.427592941E2,2.054435492E0,3.371013403E-1,-8.206172585E-1
2.427794591E2,1.958231330E0,5.159452558E-1,-8.065106273E-1
2.427996251E2,1.790756226E0,4.442542791E-1,-7.808091044E-1
2.428197901E2,1.502379298E0,3.751088381E-1,-7.937650084E-1
2.428399561E2,1.064316034E0,4.250007868E-1,-7.474734187E-1
2.428601221E2,5.917832255E-1,6.172756553E-1,-5.860764980E-1
2.428802871E2,2.260595560E-1,7.949833870E-1,-4.233909547E-1
2.429004531E2,-1.553576738E-1,7.996311784E-1,-4.586211145E-1
2.429206181E2,-5.702334642E-1,8.310317993E-1,-5.828675628E-1
2.429407841E2,-9.681564569E-1,1.003325105E0,-5.806163549E-1
2.429609491E2,-1.397365093E0,1.212378621E0,-3.898418844E-1
2.429811151E2,-1.866184950E0,1.341729641E0,-1.595774293E-1
2.430012811E2,-2.260524273E0,1.228839755E0,-1.041913480E-1
2.430214461E2,-2.522671461E0,1.301308632E0,-1.836865693E-1
2.430416121E2,-2.623196602E0,1.331388235E0,-7.161983848E-2
2.430617771E2,-2.684076548E0,7.893301249E-1,1.806468666E-1
2.430819431E2,-2.733465910E0,2.107886039E-2,3.275743127E-1
2.431021081E2,-2.608774424E0,-3.338973522E-1,3.479496241E-1
2.431222741E2,-2.299088001E0,-2.398712635E-1,2.212666869E-1
2.431424401E2,-2.040088654E0,-1.149743795E-2,7.512578368E-2
2.431626051E2,-1.837947130E0,1.255399287E-1,-5.629066378E-2
2.431827711E2,-1.566080570E0,2.410826087E-1,-3.317138851E-1
2.432029361E2,-1.195723653E0,-5.113949999E-2,-4.889970720E-1
2.432231021E2,-1.071757555E0,-5.306521058E-1,-3.667244911E-1
2.432432671E2,-1.216770291E0,-9.125230908E-1,-1.514441222E-1
2.432634331E2,-1.325014353E0,-9.302528501E-1,-8.323518187E-2
2.432835991E2,-1.183137059E0,-9.083318710E-1,-6.364624202E-2
2.433037641E2,-1.001668453E0,-1.130408406E0,1.101439670E-1
2.433239301E2,-9.908927083E-1,-1.286806464E0,3.025301397E-1
2.433440951E2,-1.039323926E0,-1.113765121E0,3.629308045E-1
2.433642611E2,-9.628563523E-1,-8.622505069E-1,3.997188807E-1
2.433844261E2,-8.048090935E-1,-6.452773213E-1,4.429667890E-1
2.434045921E2,-7.792246342E-1,-4.765396714E-1,4.655164480E-1
2.434247581E2,-7.200716138E-1,-3.804432154E-1,4.568041563E-1
2.434449231E2,-5.594434738E-1,-2.837953269E-1,3.648523986E-1
2.434650891E2,-3.682625890E-1,-3.576921821E-1,2.686342299E-1
2.434852541E2,-2.209453285E-1,-4.389609098E-1,1.338303238E-1
2.435054201E2,-1.152656227E-2,-3.350385725E-1,7.554044481E-3
2.435255861E2,1.947930306E-1,-2.530754805E-1,-1.970130205E-2
2.435457511E2,3.220102489E-1,-2.490111142E-1,-7.858934253E-2
2.435659171E2,4.822992384E-1,-3.470798433E-1,-1.015202478E-1
2.435860821E2,4.167474210E-1,-2.986822426E-1,7.583212573E-5
2.436062481E2,2.544886172E-1,-8.892331272E-2,8.885008842E-2
2.436264131E2,1.272534877E-1,1.672687232E-1,2.207424492E-1
2.436465791E2,-3.222573921E-2,4.898298085E-1,3.853874505E-1
2.436667451E2,-2.279273272E-1,7.815175653E-1,5.083976388E-1
2.436869101E2,-1.390562207E-1,5.321800709E-1,5.690498352E-1
2.437070761E2,2.572446764E-1,-2.741340995E-1,3.965058625E-1
2.437272411E2,8.281530142E-1,-5.595688820E-1,6.289021671E-2
2.437474071E2,1.361824512E0,-1.652104706E-1,-1.664543524E-3
2.437675731E2,1.765358448E0,2.048995793E-1,9.814288467E-2
2.437877381E2,2.139053583E0,4.033464193E-1,1.233858019E-1
2.438079041E2,2.786198139E0,1.895547360E-1,1.708095521E-2
2.438280691E2,3.319751024E0,-2.081699222E-1,-3.332377076E-1
2.438482351E2,3.355267048E0,-7.629550099E-1,-5.546008945E-1
2.438684011E2,3.098916054E0,-1.132675529E0,-5.197761655E-1
2.438885661E2,2.986603975E0,-1.007971168E0,-4.288439751E-1
2.439087321E2,3.183842897E0,-5.367199779E-1,-3.431136012E-1
2.439288971E2,3.313541174E0,-1.593281627E-1,-2.438886315E-1
2.439490637E2,3.103806973E0,-2.353055030E-2,-7.828409225E-2
2.439692297E2,2.652118444E0,-7.578830421E-2,4.639909044E-2
2.439893947E2,2.110692739E0,-1.818559319E-1,2.691233158E-2
2.440095607E2,1.625455141E0,-1.697455943E-1,-1.837591380E-1
2.440297257E2,1.444406629E0,6.258312613E-2,-3.827381432E-1
2.440498917E2,1.531455040E0,2.833891809E-1,-3.690803647E-1
2.440700577E2,1.337205529E0,4.492792487E-1,-1.813360751E-1
2.440902227E2,8.868269920E-1,4.358898699E-1,-9.242298454E-2
2.441103887E2,1.871555597E-1,2.950468659E-1,-2.538326383E-1
2.441305547E2,-4.557674825E-1,4.265750349E-1,-3.921914697E-1
2.441507197E2,-7.680060267E-1,7.239663005E-1,-3.515200317E-1
2.441708857E2,-1.167243481E0,9.840766788E-1,-2.125046551E-1
2.441910507E2,-1.769298196E0,1.137472034E0,-3.057018518E-1
2.442112167E2,-2.436830521E0,1.293775797E0,-4.983885884E-1
2.442313827E2,-2.786548615E0,1.390200019E0,-4.629481733E-1
2.442515477E2,-3.132935762E0,1.685120583E0,-2.456237376E-1
2.442717137E2,-3.520241022E0,1.783819199E0,-7.169720531E-2
2.442918797E2,-3.863601685E0,1.521812677E0,-8.102490101E-4
2.443120447E2,-4.097524166E0,9.246490598E-1,5.643773079E-2
2.443322107E2,-3.938666344E0,3.531049490E-1,1.499534585E-2
2.443523757E2,-3.440191746E0,3.646199107E-1,-1.899118572E-1
2.443725417E2,-2.878396034E0,7.381723523E-1,-4.337239861E-1
2.443927077E2,-2.511777639E0,7.214031816E-1,-7.819433808E-1
2.444128727E2,-2.570743322E0,3.653522432E-1,-1.114118218E0
2.444330387E2,-2.111960173E0,1.226725280E-1,-9.728751779E-1
2.444532047E2,-2.130798101E0,-6.595653296E-2,-8.163771033E-1
2.444733697E2,-2.398585558E0,-1.873385757E-1,-7.492567301E-1
2.444935357E2,-2.393826008E0,-1.054347232E-1,-7.835432887E-1
2.445137007E2,-1.907171845E0,4.659517482E-2,-7.317417264E-1
2.445338667E2,-1.397361159E0,-2.358150482E-1,-4.639028311E-1
2.445540327E2,-1.339475751E0,-6.949000359E-1,-1.330568343E-1
2.445741977E2,-1.644112110E0,-8.037647009E-1,1.487292796E-1
2.445943637E2,-1.713463426E0,-6.528532505E-1,3.269091249E-1
2.446145297E2,-1.473921537E0,-4.736379087E-1,4.786054790E-1
2.446346947E2,-1.070594430E0,-4.448677003E-1,5.792829990E-1
2.446548607E2,-7.318999171E-1,-6.468185782E-1,6.124507189E-1
2.446750257E2,-5.593606234E-1,-9.293108582E-1,6.842915416E-1
2.446951917E2,-3.224183917E-1,-1.027017355E0,6.979949474E-1
2.447153577E2,1.062976122E-1,-8.866048455E-1,5.897040367E-1
2.447355227E2,6.524530053E-1,-7.538201213E-1,3.381826878E-1
2.447556887E2,1.058467627E0,-4.504236281E-1,1.488066614E-1
2.447758547E2,1.291355610E0,-5.956274271E-2,2.898836881E-2
2.447960197E2,1.482685685E0,1.501947492E-1,-5.303173326E-3
2.448161857E2,1.761379123E0,2.032850832E-1,3.122182190E-2
2.448363517E2,2.074359179E0,2.460064441E-1,1.219091117E-1
2.448565167E2,2.348631620E0,3.136719465E-1,2.477995306E-1
2.448766827E2,2.586146355E0,4.610269964E-1,3.139354289E-1
2.448968477E2,2.797870874E0,5.699632764E-1,3.328848481E-1
2.449170137E2,3.065503120E0,5.147645473E-1,3.957677186E-1
2.449371797E2,3.313215494E0,3.221932650E-1,4.235624671E-1
2.449573447E2,3.567171097E0,1.946267486E-1,3.753312528E-1
2.449775107E2,3.797371387E0,2.053140998E-1,3.150300980E-1
2.449976767E2,3.930532217E0,2.518116236E-1,2.605836689E-1
2.450178417E2,3.693695784E0,9.566350281E-2,2.011412531E-1
2.450380077E2,3.152139425E0,-4.248803556E-1,1.245872006E-1
2.450581737E2,2.938496590E0,-5.573852658E-1,6.804415584E-2
2.450783387E2,3.051365137E0,-2.550860047E-1,7.076311857E-2
2.450985047E2,3.062511206E0,-2.498375066E-2,7.823047042E-2
2.451186707E2,2.728438854E0,3.803001717E-2,2.983541228E-2
2.451388357E2,2.298234463E0,1.949691563E-3,-8.891802281E-2
2.451590017E2,1.975171685E0,-1.945810392E-2,-2.363701910E-1
2.451791667E2,1.789171696E0,6.266126037E-2,-4.033248425E-1
2.451993327E2,1.620398641E0,9.429078549E-2,-4.724245369E-1
2.452194987E2,1.316412926E0,7.678698748E-2,-4.885491729E-1
2.452396637E2,8.391357064E-1,1.380257607E-1,-6.472278237E-1
2.452598297E2,4.812996387E-1,3.238596320E-1,-7.553921938E-1
2.452799957E2,1.734350324E-1,3.093800247E-1,-7.276234031E-1
2.453001607E2,-4.258783758E-1,7.149732113E-2,-7.661957145E-1
2.453203267E2,-1.343952060E0,-7.629007846E-2,-9.368353486E-1
2.453404927E2,-2.040983438E0,3.374814987E-1,-1.100067616E0
2.453606577E2,-2.221943617E0,8.297562599E-1,-9.967405200E-1
2.453808237E2,-2.465420723E0,7.568897605E-1,-8.212441802E-1
2.454009897E2,-2.916418076E0,1.812594980E-1,-6.621607542E-1
2.454211547E2,-3.320006847E0,-2.762340382E-2,-5.140248537E-1
2.454413207E2,-3.448805094E0,1.997501999E-1,-3.888904750E-1
2.454614857E2,-3.403789997E0,7.397343218E-2,-1.329797693E-2
2.454816517E2,-3.911302805E0,-4.579206109E-1,6.824987382E-2
2.455018177E2,-4.225829124E0,-1.406013727E0,2.596901953E-1
2.455219827E2,-3.925653934E0,-1.041163206E0,3.861142695E-1
2.455421487E2,-3.196452618E0,-5.687134266E-1,2.975919843E-1
2.455623147E2,-2.770413399E0,-1.201574922E0,3.816855550E-1
2.455824797E2,-2.932766438E0,-1.977836251E0,3.451350033E-1
2.456026457E2,-2.889122725E0,-1.899678111E0,4.595509171E-1
2.456228117E2,-2.325405598E0,-1.193623424E0,4.835927486E-1
2.456429767E2,-1.464938283E0,-4.314459860E-1,3.785434067E-1
2.456631427E2,-8.522087336E-1,-5.825914741E-1,4.731344432E-2
2.456833077E2,-5.751116872E-1,-1.214601517E0,-2.784534693E-1
2.457034737E2,-4.058886170E-1,-1.190317273E0,-4.806434512E-1
2.457236397E2,-2.186319083E-1,-3.905559182E-1,-4.734561145E-1
2.457438047E2,-1.561647952E-1,4.841183424E-1,-4.504051208E-1
2.457639707E2,-2.718434632E-1,1.095037103E0,-3.825068772E-1
2.457841367E2,-4.087053537E-1,1.353734016E0,-1.997632086E-1
2.458043017E2,-4.952372313E-1,1.165127277E0,-5.933921039E-2
2.458244677E2,-4.103567004E-1,7.621794939E-1,3.871462494E-2
2.458446337E2,-1.687936038E-1,3.316101730E-1,2.856330574E-1
2.458647987E2,-5.203332752E-3,3.233929276E-1,5.563126802E-1
2.458849647E2,7.473046333E-2,8.631373048E-1,7.881872654E-1
2.459051297E2,2.890826166E-1,8.561143279E-1,5.788488388E-1
2.459252957E2,8.179391026E-1,-2.921948768E-2,-4.796899855E-2
2.459454615E2,1.419672847E0,-5.322043896E-1,-4.195400178E-1
2.459656265E2,1.800584912E0,-1.156066954E-1,-2.920110822E-1
2.459857925E2,2.076111794E0,5.642584562E-1,6.089263037E-2
2.460059585E2,2.273851395E0,5.028688908E-1,4.696536362E-1
2.460261235E2,2.302777767E0,-2.069385201E-1,6.498158574E-1
2.460462895E2,2.393994808E0,-1.141465425E0,5.590416193E-1
2.460664555E2,2.523749113E0,-1.599272251E0,4.150904119E-1
2.460866205E2,3.157730579E0,-1.155687928E0,4.083681703E-1
2.461067865E2,3.132286787E0,-9.184548259E-1,3.151483536E-1
2.461269515E2,2.759980679E0,-1.080097556E0,1.614264250E-1
2.461471175E2,2.675502539E0,-9.356574416E-1,9.946625680E-2
2.461672835E2,3.136287451E0,-4.332155585E-1,2.397390828E-2
2.461874485E2,3.421110630E0,-3.257363290E-2,1.389947683E-1
2.462076145E2,3.327802896E0,-3.282331163E-3,2.257215381E-1
2.462277805E2,2.874664545E0,-2.765082419E-1,1.908164024E-1
2.462479455E2,2.328644753E0,-5.629242659E-1,1.347221285E-1
2.462681115E2,1.970730901E0,-5.331630707E-1,6.259188056E-2
2.462882775E2,1.899726868E0,-6.000252441E-3,6.554626673E-2
2.463084425E2,1.718972683E0,3.582490981E-1,6.333023310E-2
2.463286085E2,1.077749729E0,1.160857081E-1,-5.937661510E-3
2.463487735E2,2.425918132E-1,-1.289598346E-1,-1.425201297E-1
2.463689395E2,-4.653432667E-1,7.332112640E-2,-2.979639173E-1
2.463891055E2,-7.720036507E-1,6.995408535E-1,-4.644763470E-1
2.464092705E2,-7.634944916E-1,1.500007272E0,-5.524762273E-1
2.464294365E2,-1.003944159E0,1.796287060E0,-4.843207598E-1
2.464496025E2,-1.688348770E0,1.424599051E0,-4.615249932E-1
2.464697675E2,-2.442242622E0,9.936234951E-1,-5.530746579E-1
2.464899335E2,-2.705092192E0,8.849841952E-1,-5.198706388E-1
2.465100995E2,-2.617280006E0,7.569500804E-1,-3.935315907E-1
2.465302645E2,-2.862287045E0,4.800330997E-1,-3.077616990E-1
2.465504305E2,-3.384408474E0,3.163926303E-1,-3.194886446E-1
2.465705955E2,-3.742086887E0,4.621735811E-1,-4.408370554E-1
2.465907615E2,-3.991457224E0,1.637600511E-1,-5.631850958E-1
2.466109275E2,-3.700464010E0,2.680258751E-1,-5.364890099E-1
2.466310925E2,-3.631877899E0,7.600803673E-2,-6.416924000E-1
2.466512585E2,-4.125799656E0,-7.907270789E-1,-5.126460195E-1
2.466714245E2,-4.115186691E0,-6.549296379E-1,-2.384530753E-1
2.466915895E2,-3.492841482E0,4.218235016E-1,-1.950407475E-1
2.467117555E2,-2.923361063E0,2.667043209E-1,-2.877569795E-1
2.467319215E2,-2.491426468E0,-8.045758009E-1,-2.658115625E-1
2.467520865E2,-1.782721639E0,-1.463513851E0,-2.518295646E-1
2.467722525E2,-9.787811637E-1,-1.424351811E0,-1.601704955E-1
2.467924185E2,-4.801451862E-1,-1.108310342E0,-9.051153064E-2
2.468125835E2,-2.321755141E-1,-8.989696503E-1,-9.159864485E-2
2.468327495E2,-6.595271081E-2,-8.856466413E-1,-6.204887852E-2
2.468529155E2,-3.774211556E-2,-8.752078414E-1,4.962825775E-2
2.468730805E2,-5.693853274E-2,-7.439302206E-1,6.098797172E-2
2.468932465E2,-2.691494301E-2,-5.747743845E-1,1.207498387E-1
2.469134115E2,9.244004637E-2,-4.154469669E-1,2.162007540E-1
2.469335775E2,2.761512697E-1,-2.776421309E-1,3.858776391E-1
2.469537436E2,4.305893183E-1,-1.178873330E-1,4.006428719E-1
2.469739086E2,5.857808590E-1,-2.383135725E-4,1.876256764E-1
2.469940746E2,1.042456865E0,9.202238172E-2,-9.141116589E-2
2.470142406E2,1.865592599E0,4.254249334E-1,-1.999160647E-1
2.470344056E2,2.446507215E0,6.901976466E-1,-2.097709626E-1
2.470545716E2,2.615189314E0,8.975397944E-1,-1.718335599E-1
2.470747376E2,2.626838446E0,9.174702764E-1,-1.228890754E-2
2.470949026E2,2.608275652E0,6.245707273E-1,1.810086668E-1
2.471150686E2,2.715041161E0,2.370516509E-1,2.798914015E-1
2.471352346E2,2.880435705E0,-6.707121432E-2,2.940542400E-1
2.471553996E2,3.006911039E0,-2.603405416E-1,1.912519485E-1
2.471755656E2,3.399991274E0,-4.092599079E-2,1.088622883E-1
2.471957306E2,3.443261385E0,1.591515541E-1,6.935911253E-3
2.472158966E2,2.988084555E0,-4.094248712E-1,-1.377935708E-1
2.472360626E2,2.887962341E0,-5.759726763E-1,-1.110381186E-1
2.472562276E2,2.874726534E0,-4.410443008E-1,-1.569440961E-1
2.472763936E2,2.655482531E0,-4.002365172E-1,-2.977628708E-1
2.472965596E2,2.496805429E0,-4.609684646E-1,-4.295002520E-1
2.473167246E2,2.488647938E0,-2.853242159E-1,-5.034464002E-1
2.473368906E2,2.424215555E0,-1.618872881E-1,-5.196124315E-1
2.473570566E2,2.018997192E0,-2.140673399E-1,-4.970706701E-1
2.473772216E2,1.504289031E0,-3.502131999E-1,-4.157839119E-1
2.473973876E2,1.000717521E0,-4.509890974E-1,-3.779502213E-1
2.474175536E2,6.238405704E-1,-2.937656641E-1,-5.096937418E-1
2.474377186E2,4.430567920E-1,1.046911255E-1,-7.417272329E-1
2.474578846E2,2.875343561E-1,3.683615625E-1,-8.894135356E-1
2.474780506E2,-6.596771628E-2,5.025900602E-1,-9.490042925E-1
2.474982156E2,-7.020646334E-1,5.778755546E-1,-9.085003734E-1
2.475183816E2,-1.560129523E0,7.750815153E-1,-9.640395641E-1
2.475385466E2,-2.208709002E0,1.011700034E0,-1.009687901E0
2.475587126E2,-2.502117157E0,1.048142076E0,-1.039095879E0
2.475788786E2,-2.719188452E0,1.188300610E0,-1.107586265E0
2.475990436E2,-2.882670641E0,1.051091909E0,-9.150172472E-1
2.476192096E2,-3.312991619E0,4.349955618E-1,-5.090553761E-1
2.476393756E2,-3.914267540E0,8.638396114E-2,-2.929973900E-1
2.476595406E2,-4.116700172E0,2.062460631E-1,-1.656218767E-1
2.476797066E2,-3.882363319E0,4.697355628E-1,-2.745983005E-1
2.476998726E2,-3.367282629E0,7.551261187E-1,-4.554281235E-1
2.477200376E2,-2.757659912E0,9.118282795E-1,-5.843442082E-1
2.477402036E2,-2.379976273E0,1.015217185E0,-5.934610963E-1
2.477603696E2,-2.198226213E0,1.032531857E0,-5.073660016E-1
2.477805346E2,-2.000591993E0,9.354631305E-1,-4.466548562E-1
2.478007006E2,-1.634664178E0,7.557634711E-1,-4.792253375E-1
2.478208666E2,-1.293445349E0,5.584537983E-1,-4.350990355E-1
2.478410316E2,-1.392599106E0,5.018992722E-2,-4.224632680E-1
2.478611976E2,-1.229313254E0,-1.366154756E-2,-1.871434152E-1
2.478813636E2,-7.683411241E-1,4.914928377E-1,-5.263995845E-4
2.479015286E2,-3.829629123E-1,8.004574776E-1,6.437070668E-2
2.479216946E2,-1.921172142E-1,5.877352357E-1,1.575664282E-1
2.479418607E2,-1.113464758E-1,3.847227991E-1,3.294320405E-1
2.479620257E2,-5.866568908E-2,4.917019308E-1,4.636485875E-1
2.479821917E2,3.824905306E-2,7.852960229E-1,5.853115320E-1
2.480023577E2,1.640453339E-1,9.694262147E-1,6.733158231E-1
2.480225227E2,3.205891252E-1,9.664158821E-1,6.531050205E-1
2.480426887E2,6.499724984E-1,8.204570413E-1,6.444237828E-1
2.480628537E2,9.978526235E-1,7.049263120E-1,5.343422294E-1
2.480830197E2,1.121173501E0,7.215427756E-1,3.956636786E-1
2.481031857E2,1.155660152E0,8.039242625E-1,2.633008361E-1
2.481233507E2,1.198100090E0,8.634676337E-1,1.900452673E-1
2.481435167E2,1.318886995E0,8.438577056E-1,-1.258252747E-2
2.481636827E2,1.434783936E0,8.680654764E-1,-3.178969026E-1
2.481838477E2,1.550994039E0,1.113539815E0,-5.939885378E-1
2.482040137E2,1.688220024E0,1.567532778E0,-6.830818057E-1
2.482241797E2,1.896870375E0,1.945591450E0,-6.834380031E-1
2.482443447E2,2.032106638E0,2.151303768E0,-5.972855091E-1
2.482645107E2,2.105890512E0,2.180133104E0,-4.353610873E-1
2.482846767E2,2.251347065E0,2.166592360E0,-3.312179148E-1
2.483048417E2,2.574647188E0,1.860950232E0,-3.738472760E-1
2.483250077E2,3.041100264E0,1.321620822E0,-4.358315468E-1
2.483451737E2,3.441127777E0,1.245225310E0,-3.719669282E-1
2.483653387E2,3.703123808E0,1.587505698E0,-8.312167972E-2
2.483855047E2,3.729958296E0,2.048407793E0,2.556880713E-1
2.484056707E2,3.651336432E0,2.229915142E0,4.010770917E-1
2.484258357E2,3.414679766E0,1.858229041E0,3.082303703E-1
2.484460017E2,2.907574892E0,1.030778646E0,1.985596865E-2
2.484661677E2,2.423528194E0,3.836896122E-1,-1.642996222E-1
2.484863327E2,2.212952375E0,1.896001101E-1,-1.607922465E-1
2.485064987E2,2.192266703E0,1.437241286E-1,-1.247249022E-1
2.485266647E2,2.155276060E0,1.560272276E-1,-1.836362928E-1
2.485468297E2,1.983897567E0,1.405164748E-1,-3.127946854E-1
2.485669957E2,1.712653875E0,1.325467080E-1,-4.630929828E-1
2.485871617E2,1.438766599E0,1.258711070E-1,-6.118864417E-1
2.486073267E2,1.208140731E0,1.379971206E-1,-7.231590152E-1
2.486274927E2,1.038289428E0,2.329712212E-1,-8.024512529E-1
2.486476587E2,9.176353812E-1,4.038928449E-1,-9.334374666E-1
2.486678237E2,6.766281128E-1,5.267457366E-1,-9.797440767E-1
2.486879897E2,2.280168533E-1,6.584968567E-1,-1.032304049E0
2.487081557E2,-3.192545772E-1,7.617887855E-1,-1.051591039E0
2.487283207E2,-6.126496792E-1,8.300714493E-1,-1.039980292E0
2.487484867E2,-7.400930524E-1,1.019025207E0,-1.145468593E0
2.487686527E2,-9.052027464E-1,1.273809671E0,-1.392830014E0
2.487888177E2,-1.042744160E0,1.445482850E0,-1.631529331E0
2.488089837E2,-1.026486158E0,1.325052857E0,-1.679482222E0
2.488291497E2,-8.469675183E-1,1.082942963E0,-1.514842749E0
2.488493147E2,-8.828154802E-1,6.445624232E-1,-1.264302254E0
2.488694807E2,-1.193781614E0,-1.299219131E-1,-1.196259379E0
2.488896467E2,-1.349306822E0,-6.778805256E-1,-1.652642608E0
2.489098117E2,-1.079906821E0,-6.573073864E-1,-1.948580027E0
2.489299777E2,-4.597027600E-1,-1.684051603E-1,-1.779331446E0
2.489501435E2,6.313301623E-2,4.858739376E-1,-1.468593478E0
2.489703085E2,3.177252039E-2,8.934707046E-1,-1.167152882E0
2.489904745E2,-4.864228964E-1,1.100075006E0,-1.026366234E0
2.490106405E2,-1.003122211E0,1.029710531E0,-9.933160543E-1
2.490308055E2,-1.202041745E0,6.686408520E-1,-8.036323190E-1
2.490509715E2,-1.140936852E0,2.202996016E-1,-6.317940950E-1
2.490711375E2,-1.031162858E0,-7.648703177E-4,-5.345101953E-1
2.490913025E2,-9.827073812E-1,2.818786204E-1,-5.212734938E-1
2.491114685E2,-8.255199790E-1,6.292064786E-1,-3.988788426E-1
2.491316345E2,-7.353192568E-1,7.000151873E-1,-1.769009084E-1
2.491517995E2,-8.210431933E-1,6.172373891E-1,-6.635361910E-2
2.491719655E2,-1.012912273E0,6.739521623E-1,-8.977638185E-2
2.491921315E2,-1.096462369E0,9.481104016E-1,-1.435380280E-1
2.492122965E2,-9.608108997E-1,1.253495932E0,-1.384351403E-1
2.492324625E2,-4.941551089E-1,1.337869048E0,-1.734691560E-1
2.492526285E2,6.220019236E-2,1.370571256E0,-2.278271914E-1
2.492727935E2,4.344307482E-1,1.448266625E0,-2.417055964E-1
2.492929595E2,5.660935044E-1,1.482855558E0,-2.193068117E-1
2.493131255E2,5.769843459E-1,1.387177587E0,-1.444544196E-1
2.493332905E2,7.337951064E-1,1.022626758E0,-7.863131911E-2
2.493534565E2,8.871673942E-1,7.411034703E-1,-5.081740394E-2
2.493736225E2,9.359198213E-1,5.541138649E-1,-9.311899543E-3
2.493937875E2,9.375886321E-1,4.613933563E-1,4.335517064E-2
2.494139535E2,9.197162390E-1,4.614379108E-1,1.080738455E-1
2.494341195E2,1.024693727E0,4.220372736E-1,4.012528434E-2
2.494542845E2,1.192588568E0,3.137723207E-1,-1.729763299E-1
2.494744505E2,1.392765403E0,2.503575683E-1,-3.833867013E-1
2.494946165E2,1.451819777E0,3.082718551E-1,-4.514160752E-1
2.495147825E2,1.307518840E0,5.068934560E-1,-4.083967209E-1
2.495349475E2,1.089167237E0,9.383141398E-1,-3.722819984E-1
2.495551135E2,1.076287508E0,1.371389866E0,-4.260900915E-1
2.495752795E2,1.371457100E0,1.325921893E0,-5.663372278E-1
2.495954445E2,1.738017082E0,9.026248455E-1,-7.375852466E-1
2.496156105E2,1.844332457E0,6.937806010E-1,-7.386342287E-1
2.496357765E2,1.823939323E0,8.325807452E-1,-7.544708848E-1
2.496559415E2,1.893942118E0,1.326942682E0,-8.336133957E-1
2.496761075E2,2.210885525E0,1.796616793E0,-8.283960223E-1
2.496962735E2,2.594861269E0,1.767523408E0,-8.105690479E-1
2.497164385E2,2.757181883E0,1.553711891E0,-8.010548949E-1
2.497366045E2,2.773820877E0,1.411736608E0,-7.759259343E-1
2.497567705E2,2.768549442E0,1.392745376E0,-7.227287889E-1
2.497769355E2,2.811116219E0,1.424293041E0,-6.423705816E-1
2.497971015E2,2.898112774E0,1.420821071E0,-5.800136328E-1
2.498172675E2,2.975989580E0,1.350030184E0,-5.509023070E-1
2.498374325E2,2.979256392E0,1.137677789E0,-5.007066727E-1
2.498575985E2,2.774738312E0,8.600182533E-1,-3.833155930E-1
2.498777645E2,2.462828159E0,5.143584609E-1,-2.904823124E-1
2.498979295E2,2.135630608E0,2.740425467E-1,-2.605222762E-1
2.499180955E2,1.874639273E0,1.281518638E-1,-3.042829633E-1
2.499382615E2,1.649284005E0,1.174230576E-1,-3.913893700E-1
2.499584266E2,1.396544814E0,1.549297422E-1,-4.442416430E-1
2.499785926E2,1.018941998E0,2.798486054E-1,-4.651729167E-1
2.499987586E2,4.601528049E-1,2.565451562E-1,-4.724169672E-1
2.500189236E2,-2.624939978E-1,2.140686959E-1,-3.872848749E-1
2.500390896E2,-8.458127379E-1,4.592933878E-2,-4.128572345E-1
2.500592556E2,-1.061168313E0,-7.022666931E-2,-6.387360096E-1
2.500794206E2,-1.148937225E0,1.402883381E-1,-8.472651839E-1
2.500995866E2,-1.263198972E0,4.879021943E-1,-9.609463215E-1
2.501197526E2,-1.391838431E0,5.676975250E-1,-9.132692218E-1
2.501399176E2,-1.683995724E0,2.786306441E-1,-7.376013398E-1
2.501600836E2,-2.146016836E0,-2.607405186E-2,-5.864565969E-1
2.501802496E2,-2.521860838E0,-1.022409573E-1,-4.484264255E-1
2.502004146E2,-2.690541029E0,8.687716722E-2,-5.438738465E-1
2.502205806E2,-2.572295189E0,3.315270245E-1,-7.696011066E-1
2.502407466E2,-2.270121336E0,3.333943486E-1,-9.284042120E-1
2.502609116E2,-2.051114321E0,1.277311593E-1,-9.608291388E-1
2.502810776E2,-2.092534065E0,7.690585405E-2,-9.907953143E-1
2.503012436E2,-2.205372572E0,-5.752714723E-2,-1.112360716E0
2.503214096E2,-1.952229738E0,-5.456175655E-2,-1.033735871E0
2.503415746E2,-1.528321266E0,-2.180694938E-1,-9.006413221E-1
2.503617406E2,-1.370130658E0,-5.788965225E-1,-9.205937386E-1
2.503819066E2,-1.284368753E0,-8.403691053E-1,-9.630234241E-1
2.504020716E2,-1.305845857E0,-8.116811514E-1,-6.827545166E-1
2.504222376E2,-1.537676096E0,-4.405734837E-1,-3.799372315E-1
2.504424036E2,-1.728101134E0,1.687891483E-1,-2.438208163E-1
2.504625686E2,-1.652267098E0,5.865663886E-1,-1.664360017E-1
2.504827346E2,-1.486173987E0,4.760953486E-1,-1.643150747E-1
2.505029006E2,-1.416358352E0,4.450730607E-2,-1.926576346E-1
2.505230656E2,-1.128393888E0,-1.421804279E-1,-1.502358615E-1
2.505432316E2,-7.129430175E-1,-2.896847762E-2,-7.000286132E-4
2.505633976E2,-3.852797449E-1,1.587446630E-1,1.484333873E-1
2.505835626E2,-1.292870343E-1,2.514411211E-1,2.116474956E-1
2.506037286E2,2.486170232E-1,1.084766015E-1,2.513500452E-1
2.506238946E2,6.606653929E-1,-3.274151310E-2,2.453574091E-1
2.506440596E2,9.088417292E-1,-1.308870912E-1,3.014655709E-1
2.506642256E2,8.000618219E-1,-9.812824428E-3,3.949540854E-1
2.506843916E2,6.562654972E-1,2.529043853E-1,3.386129141E-1
2.507045566E2,7.231513262E-1,2.966224253E-1,2.070584893E-1
2.507247226E2,1.229000092E0,1.402653307E-1,-6.093021482E-2
2.507448886E2,1.921811581E0,2.268459462E-2,-3.280488551E-1
2.507650546E2,2.497019768E0,1.246664897E-1,-4.018509388E-1
2.507852196E2,2.887489557E0,5.197209120E-1,-3.364861608E-1
2.508053856E2,3.138255358E0,8.548511863E-1,-2.994670272E-1
2.508255516E2,3.279284716E0,8.818615675E-1,-3.481866121E-1
2.508457166E2,3.347939491E0,9.321932793E-1,-4.080671370E-1
2.508658826E2,3.450249672E0,9.876849055E-1,-3.256165981E-1
2.508860486E2,3.537118196E0,9.626211524E-1,-1.822676957E-1
2.509062136E2,3.521880865E0,9.477841258E-1,-6.750395894E-2
2.509263796E2,3.314979792E0,8.946996927E-1,-5.771552026E-2
2.509465461E2,2.850241899E0,7.402499914E-1,-1.454380453E-1
2.509667111E2,2.542993307E0,5.057466030E-1,-1.689949036E-1
2.509868771E2,2.480268240E0,3.822629750E-1,-1.789164990E-1
2.510070431E2,2.369141817E0,4.455353022E-1,-1.900796741E-1
2.510272081E2,2.070132732E0,5.444135666E-1,-1.787203699E-1
2.510473741E2,1.712151527E0,5.433613658E-1,-1.347186863E-1
2.510675401E2,1.383949161E0,4.175796211E-1,-6.820170581E-2
2.510877051E2,1.022089839E0,2.217661142E-1,-4.310034588E-2
2.511078711E2,6.587241888E-1,1.330694854E-1,-8.403007686E-2
2.511280371E2,4.530499279E-1,7.046497613E-2,-1.707819998E-1
2.511482021E2,3.412306905E-1,3.371451050E-2,-2.271468937E-1
2.511683681E2,1.702349782E-1,4.607450590E-2,-2.760824859E-1
2.511885341E2,-9.066212922E-2,1.978460252E-1,-3.260232508E-1
2.512087001E2,-5.159344077E-1,3.675869703E-1,-3.328328431E-1
2.512288651E2,-9.588494301E-1,3.623895943E-1,-4.149506390E-1
2.512490311E2,-1.186285496E0,2.803199887E-1,-5.766940713E-1
2.512691971E2,-1.351683378E0,3.607582450E-1,-7.215005755E-1
2.512893621E2,-1.627503157E0,4.477633834E-1,-7.819130421E-1
2.513095281E2,-2.078653097E0,5.567203164E-1,-6.892305017E-1
2.513296941E2,-2.454479933E0,6.417921782E-1,-5.976006985E-1
2.513498591E2,-2.752052546E0,6.429547071E-1,-5.048258901E-1
2.513700251E2,-3.062657833E0,3.590570390E-1,-2.871240675E-1
2.513901911E2,-3.539541245E0,-8.392760158E-2,-8.955533803E-2
2.514103561E2,-3.786066771E0,-2.488417476E-1,-9.261757880E-2
2.514305221E2,-3.465631008E0,-2.581176460E-1,-1.692240685E-1
2.514506881E2,-2.796717405E0,-3.119736612E-1,-2.134140134E-1
2.514708531E2,-2.280668974E0,-3.072952926E-1,-2.263207734E-1
2.514910191E2,-2.025601387E0,-3.162747324E-1,-2.602364123E-1
2.515111851E2,-1.760351062E0,-3.147267103E-1,-3.015688062E-1
2.515313511E2,-1.377162695E0,-3.491783440E-1,-3.286868334E-1
2.515515161E2,-1.065643311E0,-6.058629751E-1,-2.540550530E-1
2.515716821E2,-7.685465813E-1,-9.815998077E-1,-1.335375607E-1
2.515918481E2,-6.339710355E-1,-1.048634171E0,-5.476725474E-2
2.516120131E2,-4.079477787E-1,-1.081820250E0,-4.428239912E-2
2.516321791E2,-2.172260135E-1,-1.113190770E0,9.394911677E-2
2.516523451E2,-8.823280036E-2,-1.163855791E0,3.480875194E-1
2.516725101E2,-5.286283791E-2,-1.154582024E0,6.307705045E-1
2.516926761E2,-1.405431330E-1,-1.011803627E0,8.274517059E-1
2.517128421E2,-3.334971368E-1,-9.259078503E-1,8.993492126E-1
2.517330071E2,-3.518003523E-1,-9.063394666E-1,9.005147219E-1
2.517531731E2,-2.087346166E-1,-8.388990164E-1,8.671899438E-1
2.517733391E2,-1.327413172E-1,-6.876260638E-1,7.339482903E-1
2.517935041E2,1.304952707E-2,-7.670560479E-1,5.558438897E-1
2.518136701E2,1.584288478E-1,-1.005434155E0,3.440226316E-1
2.518338361E2,2.917357385E-1,-1.040922046E0,2.458082139E-2
2.518540011E2,5.120471120E-1,-7.247116566E-1,-1.954051852E-1
2.518741671E2,6.446578503E-1,-4.438886940E-1,-2.436341196E-1
2.518943331E2,4.875847101E-1,-5.399946570E-1,-1.711263508E-1
2.519144991E2,3.139256537E-1,-7.254565954E-1,-1.763833165E-1
2.519346641E2,4.126830399E-1,-8.243457675E-1,-2.465763688E-1
2.519548294E2,5.311794877E-1,-7.348886728E-1,-1.087826788E-1
2.519749954E2,4.217346013E-1,-3.695862591E-1,-2.549339645E-2
2.519951604E2,3.721783161E-1,-1.533658057E-2,3.436728567E-2
2.520153264E2,5.256484747E-1,-1.074473411E-1,-8.236378431E-3
2.520354924E2,8.647477031E-1,-6.776701212E-1,-1.330351681E-1
2.520556574E2,1.325348854E0,-1.138453960E0,-3.110373914E-1
2.520758234E2,1.889947534E0,-1.107194424E0,-4.533278346E-1
2.520959894E2,2.138597012E0,-7.269147635E-1,-5.221403241E-1
2.521161544E2,2.289562225E0,-3.093795180E-1,-6.018536687E-1
2.521363204E2,2.491971493E0,9.670709074E-2,-6.288606524E-1
2.521564864E2,2.639896393E0,2.766517699E-1,-4.896086156E-1
2.521766514E2,2.711045027E0,2.071063519E-1,-2.254802734E-1
2.521968174E2,2.653475285E0,2.188628316E-1,-7.798496634E-2
2.522169834E2,2.279381752E0,1.382800639E-1,-6.399364024E-2
2.522371484E2,1.613578320E0,-3.250976801E-1,-2.120847106E-1
2.522573144E2,1.501999855E0,-3.607345223E-1,-1.806233078E-1
2.522774804E2,1.890792847E0,-1.051975042E-1,-3.422722965E-2
2.522976464E2,2.061187744E0,7.697380334E-2,7.094565034E-2
2.523178114E2,1.814680219E0,1.782259643E-1,8.496733755E-2
2.523379774E2,1.385839224E0,2.819263041E-1,5.879684910E-2
2.523581434E2,8.399381638E-1,3.395886421E-1,-1.782190204E-1
2.523783084E2,5.285433531E-1,5.548726320E-1,-3.755063713E-1
2.523984744E2,5.883861780E-1,8.254494667E-1,-4.185241759E-1
2.524186404E2,5.150939226E-1,9.480990767E-1,-4.249201715E-1
2.524388054E2,-8.909263462E-2,7.765229344E-1,-5.423277617E-1
2.524589714E2,-9.602006674E-1,4.948975444E-1,-6.885052919E-1
2.524791374E2,-1.494852424E0,4.747292995E-1,-7.725136876E-1
2.524993024E2,-1.549666524E0,4.982196987E-1,-7.585991621E-1
2.525194684E2,-1.656163692E0,5.766009688E-1,-7.570682764E-1
2.525396344E2,-2.096445322E0,6.487153769E-1,-7.626768351E-1
2.525598004E2,-2.570579529E0,5.778847933E-1,-7.387003303E-1
2.525799654E2,-2.960870028E0,5.912010670E-1,-7.470606565E-1
2.526001314E2,-3.135931730E0,7.577994466E-1,-6.049024463E-1
2.526202974E2,-3.095842838E0,8.064564466E-1,-3.319405615E-1
2.526404624E2,-3.120120049E0,5.347557068E-1,8.924411982E-2
2.526606284E2,-3.335779190E0,-2.251101434E-1,4.906641245E-1
2.526807944E2,-3.503276110E0,-8.658981323E-1,5.813282132E-1
2.527009594E2,-3.155629158E0,-1.033569217E0,3.398755193E-1
2.527211254E2,-2.371927023E0,-8.253415823E-1,7.855711877E-2
2.527412914E2,-1.664818525E0,-3.423037827E-1,-1.624331325E-1
2.527614564E2,-1.243790984E0,6.668172032E-2,-4.492915571E-1
2.527816224E2,-9.610536098E-1,1.539105773E-1,-5.857210159E-1
2.528017884E2,-7.009143829E-1,-1.639908701E-1,-5.300996900E-1
2.528219534E2,-5.323825479E-1,-6.326736212E-1,-3.861562610E-1
2.528421194E2,-5.137933493E-1,-8.686146140E-1,-2.212204188E-1
2.528622854E2,-5.358739495E-1,-7.273451686E-1,-1.225300580E-1
2.528824514E2,-4.307789505E-1,-5.937501192E-1,-4.859618098E-2
2.529026164E2,-2.799667120E-1,-7.005259395E-1,1.251138300E-1
2.529227824E2,-2.331436425E-1,-8.876536489E-1,3.472459614E-1
2.529429484E2,-3.233046830E-1,-9.318104386E-1,5.887209177E-1
2.529631133E2,-5.040717721E-1,-7.295358181E-1,7.282235622E-1
2.529832793E2,-5.965343714E-1,-5.171996951E-1,7.336354852E-1
2.530034453E2,-5.132264495E-1,-5.401527882E-1,7.199161053E-1
2.530236103E2,-4.265339673E-1,-7.236649394E-1,6.794096828E-1
2.530437763E2,-3.982100189E-1,-8.187607527E-1,5.374206901E-1
2.530639423E2,-3.074291348E-1,-7.549636364E-1,3.946968317E-1
2.530841073E2,-2.375720292E-1,-6.398034692E-1,3.565513194E-1
2.531042733E2,-1.370344311E-1,-5.029931664E-1,2.261723876E-1
2.531244393E2,1.203663051E-1,-3.732023835E-1,-1.711562090E-2
2.531446053E2,4.108092189E-1,-3.208438456E-1,-1.466126293E-1
2.531647703E2,5.273252726E-1,-1.563600898E-1,-1.871584505E-1
2.531849363E2,5.902954936E-1,5.622488260E-2,-2.351994812E-1
2.532051023E2,8.927668333E-1,2.663723230E-1,-2.941512465E-1
2.532252673E2,1.559159279E0,9.891515225E-2,-5.211622715E-1
2.532454333E2,2.306226492E0,-1.213598624E-1,-7.208265662E-1
2.532655993E2,2.600799799E0,-8.526770025E-2,-7.696547508E-1
2.532857643E2,2.571364164E0,2.467211569E-3,-7.755392790E-1
2.533059303E2,2.487062216E0,3.616135716E-1,-6.820642352E-1
2.533260963E2,2.166063786E0,4.481562376E-1,-6.885270476E-1
2.533462613E2,1.848795056E0,4.828450382E-1,-5.685758591E-1
2.533664273E2,2.041562319E0,6.600772142E-1,-4.720545113E-1
2.533865933E2,1.946803689E0,6.351601481E-1,-4.850591421E-1
2.534067582E2,1.875361562E0,7.576570511E-1,-3.410372138E-1
2.534269243E2,1.869038582E0,1.080265284E0,-1.448241919E-1
2.534470903E2,1.848329306E0,1.221656084E0,-7.643045485E-2
2.534672563E2,1.721000314E0,1.234861851E0,-7.701636106E-2
2.534874212E2,1.383698225E0,1.140478492E0,-3.991375491E-2
2.535075873E2,9.200454354E-1,6.618090868E-1,-5.753308535E-2
2.535277533E2,5.644438863E-1,3.305208087E-1,-1.573451236E-2
2.535479182E2,5.805153847E-1,1.259405464E-1,-7.827974856E-3
2.535680843E2,6.169397235E-1,1.737816930E-1,-7.445079088E-2
2.535882503E2,3.275189698E-1,3.314699233E-1,-2.156670205E-2
2.536084152E2,3.552129865E-2,5.256957412E-1,1.350162625E-1
2.536285812E2,-5.202247500E-1,7.233928442E-1,3.353907764E-1
2.536487473E2,-9.755840302E-1,2.071459591E-1,2.146640867E-1
2.536689122E2,-1.017631888E0,-3.903278410E-1,-4.596669972E-2
2.536890782E2,-9.105581641E-1,-5.654536933E-2,-1.543226093E-1
2.537092442E2,-8.954843283E-1,6.044004560E-1,-1.444151103E-1
2.537294103E2,-1.133494973E0,6.645588875E-1,-1.972537488E-2
2.537495752E2,-1.563421726E0,1.933152974E-1,5.540811643E-2
2.537697412E2,-1.844260216E0,-7.451408356E-2,-1.507599652E-1
2.537899073E2,-1.697461963E0,9.757093340E-2,-3.030426800E-1
2.538100722E2,-1.755135417E0,-3.219755739E-2,-4.211090207E-1
2.538302382E2,-1.907824278E0,3.713418543E-2,-3.855749965E-1
2.538504042E2,-2.245292425E0,-1.981452405E-1,-2.766514421E-1
2.538705692E2,-2.560173273E0,-2.836817503E-1,-3.221457899E-1
2.538907352E2,-2.467911959E0,-1.223671287E-1,-3.917346299E-1
2.539109012E2,-1.937564015E0,2.611531019E-1,-3.206476569E-1
2.539310663E2,-1.558265567E0,4.318959117E-1,-3.806722760E-1
2.539512328E2,-1.581278324E0,2.101688981E-1,-6.631116867E-1
2.539713988E2,-1.865128160E0,-1.338818669E-1,-7.485997081E-1
2.539915648E2,-2.150583029E0,-7.606409192E-1,-7.361664176E-1
2.540117298E2,-1.860407114E0,-5.541985631E-1,-3.761644661E-1
2.540318958E2,-1.512623191E0,-2.796705663E-1,-1.559700519E-1
2.540520618E2,-1.084074259E0,-3.591654599E-1,-2.776822448E-1
2.540722268E2,-6.280314922E-1,-5.975361466E-1,-2.990550399E-1
2.540923928E2,-3.401658535E-1,-7.432425022E-1,6.424594671E-2
2.541125588E2,-5.691802502E-1,-7.134528160E-1,5.896676779E-1
2.541327238E2,-1.218368411E0,-7.368677855E-1,7.307344079E-1
2.541528898E2,-1.349676371E0,-1.182204723E0,8.539748192E-1
2.541730558E2,-1.492499709E0,-1.437483311E0,1.000456691E0
2.541932208E2,-1.451201797E0,-8.708289862E-1,1.078417540E0
2.542133868E2,-1.318225741E0,-3.878598809E-1,1.041459441E0
2.542335528E2,-8.581544161E-1,-7.032265067E-1,4.698416591E-1
2.542537178E2,-2.964695096E-1,-7.973524332E-1,2.143981401E-3
2.542738838E2,4.212363362E-1,-2.194559425E-1,-3.066366315E-1
2.542940498E2,9.450927973E-1,3.232036531E-1,-3.938854933E-1
2.543142158E2,1.682020783E0,7.353045344E-1,-3.604860008E-1
2.543343808E2,2.249350309E0,1.025494337E0,-7.450498641E-2
2.543545468E2,2.399265766E0,7.953391671E-1,9.840872139E-2
2.543747128E2,2.133967638E0,2.205551714E-1,1.187135875E-1
2.543948778E2,2.318110466E0,3.176966012E-1,6.879196316E-2
2.544150438E2,2.582778215E0,9.152756929E-1,2.522197366E-1
2.544352098E2,2.656925678E0,1.381489396E0,4.682079256E-1
2.544553748E2,2.556284666E0,1.365421414E0,8.105389476E-1
2.544755408E2,2.778925657E0,1.193281174E0,1.064449430E0
2.544957068E2,3.140491962E0,9.929190874E-1,1.154609323E0
2.545158718E2,3.385386944E0,8.069362044E-1,1.071124911E0
2.545360378E2,3.399710178E0,5.326413512E-1,9.982599616E-1
2.545562038E2,3.220203638E0,-1.778759062E-3,8.783318400E-1
2.545763698E2,2.989310026E0,-5.056874752E-1,6.272358298E-1
2.545965348E2,2.877639771E0,-7.230002880E-1,2.897418141E-1
2.546167008E2,2.848555088E0,-4.821414649E-1,1.027656794E-1
2.546368668E2,2.788638115E0,-2.374879569E-1,1.084657460E-1
2.546570318E2,2.532909632E0,-1.732252091E-1,2.125996053E-1
2.546771978E2,2.071829557E0,-1.889887303E-1,2.317589223E-1
2.546973638E2,1.460455775E0,-2.074767947E-1,8.770667017E-2
2.547175288E2,9.192061424E-1,-3.217551112E-1,-1.478440762E-1
2.547376948E2,4.916675985E-1,-3.931093812E-1,-2.266067863E-1
2.547578608E2,2.807296067E-2,-4.319679737E-1,-2.050339878E-1
2.547780268E2,-5.137128234E-1,-2.983578444E-1,-2.902766168E-1
2.547981918E2,-8.566122055E-1,1.329922676E-1,-6.197867393E-1
2.548183578E2,-8.443851471E-1,5.984049439E-1,-9.011113048E-1
2.548385238E2,-8.696798682E-1,9.179908037E-1,-8.694097400E-1
2.548586888E2,-1.436727285E0,1.097693682E0,-7.030583024E-1
2.548788548E2,-2.188563347E0,1.060114264E0,-7.377172112E-1
2.548990208E2,-2.618540287E0,9.523025751E-1,-9.403846860E-1
2.549191858E2,-2.670177460E0,7.581039071E-1,-9.242485762E-1
2.549393518E2,-2.604382992E0,4.960585535E-1,-6.292222738E-1
2.549595173E2,-2.620662451E0,1.800146252E-1,-2.895278335E-1
2.549796823E2,-3.123672009E0,1.324933916E-1,-3.768656552E-1
2.549998483E2,-3.449902773E0,-7.042659074E-2,-3.883237541E-1
2.550200143E2,-3.121426582E0,1.914538890E-1,-4.587686360E-1
2.550401803E2,-2.525746107E0,6.931404471E-1,-7.386237383E-1
2.550603453E2,-2.211768627E0,1.020421982E0,-1.090932608E0
2.550805113E2,-2.145803213E0,1.137743592E0,-1.350284815E0
2.551006773E2,-1.997759223E0,1.411922097E0,-1.418873668E0
2.551208423E2,-1.694584608E0,1.573901415E0,-1.350229979E0
2.551410083E2,-1.418931246E0,1.294180512E0,-1.207957983E0
2.551611743E2,-1.353528261E0,4.153974950E-1,-1.003848195E0
2.551813393E2,-1.608485699E0,-4.093407094E-1,-7.457953691E-1
2.552015053E2,-1.777754903E0,-6.627537608E-1,-4.505245984E-1
2.552216713E2,-1.714681029E0,-7.996578217E-1,8.421117067E-2
2.552418373E2,-1.673510671E0,-7.848941684E-1,5.434011817E-1
2.552620023E2,-1.639905572E0,-7.278179526E-1,6.638566852E-1
2.552821683E2,-1.511783838E0,-1.068445563E0,5.431950092E-1
2.553023343E2,-1.284055352E0,-1.475132227E0,5.658698678E-1
2.553224993E2,-9.137495756E-1,-1.413559675E0,6.068241596E-1
2.553426653E2,-4.980137050E-1,-7.777166963E-1,5.766304135E-1
2.553628313E2,-1.072724350E-2,-3.989058360E-2,5.673025846E-1
2.553829963E2,6.849777699E-1,1.196859181E-1,3.449692130E-1
2.554031623E2,1.676440597E0,-3.541035652E-1,-1.212048754E-1
2.554233283E2,2.421873808E0,-4.108625650E-1,-3.246937990E-1
2.554434933E2,2.786082268E0,-1.118624657E-1,-1.757183224E-1
2.554636593E2,2.754465342E0,1.752566546E-1,1.564808190E-1
2.554838253E2,2.622758150E0,1.461179554E-1,4.423198700E-1
2.555039913E2,2.623215675E0,-6.382601708E-2,6.667615175E-1
2.555241563E2,2.677145720E0,-1.409112364E-1,9.082080722E-1
2.555443223E2,2.711264849E0,-3.147454858E-1,1.149719000E0
2.555644883E2,2.653551102E0,-6.075772643E-1,1.261682868E0
2.555846532E2,2.626239300E0,-1.052232623E0,1.235539913E0
2.556048193E2,2.718042135E0,-1.545994639E0,9.936009049E-1
2.556249853E2,3.128379583E0,-1.478396177E0,7.485252023E-1
2.556451502E2,3.469519615E0,-8.722715378E-1,5.324616432E-1
2.556653163E2,3.338097572E0,-7.830728292E-1,3.154101670E-1
2.556854823E2,3.161559343E0,-6.846988201E-1,2.035428584E-1
2.557056483E2,3.105966806E0,-2.730184495E-1,1.929566562E-1
2.557258132E2,3.051358700E0,-1.364672631E-1,1.231379136E-1
2.557459793E2,2.827168703E0,-2.207673937E-1,-3.471923992E-2
2.557661453E2,2.543834448E0,-2.851348817E-1,-1.701725423E-1
2.557863102E2,2.194799662E0,-1.394976676E-1,-2.351123840E-1
2.558064762E2,1.759863973E0,1.388374716E-1,-2.871904969E-1
2.558266423E2,1.189554811E0,2.697910666E-1,-3.597210348E-1
2.558468072E2,4.045089185E-1,1.555645168E-1,-4.234244823E-1
2.558669732E2,-5.799645782E-1,5.455199629E-2,-4.898132384E-1
2.558871393E2,-1.367729783E0,1.712673157E-1,-5.969272852E-1
2.559073053E2,-1.754316568E0,4.215778112E-1,-8.143212795E-1
2.559274702E2,-1.852468252E0,9.948052764E-1,-1.013085723E0
2.559476368E2,-1.867704868E0,1.620788574E0,-9.885135293E-1
2.559678028E2,-2.299371481E0,1.898713827E0,-8.562687635E-1
2.559879677E2,-3.078331947E0,1.645221710E0,-8.324882984E-1
2.560081338E2,-3.589675188E0,1.298312783E0,-9.707047939E-1
2.560282998E2,-3.332012892E0,9.236167073E-1,-1.048258901E0
2.560484647E2,-2.732937813E0,6.639958620E-1,-8.841528296E-1
2.560686308E2,-2.647485495E0,7.380226851E-1,-8.176229596E-1
2.560887968E2,-3.115708351E0,3.234512210E-1,-6.299605370E-1
2.561089628E2,-3.336699724E0,6.985350698E-2,-4.026850164E-1
2.561291277E2,-3.042513847E0,-9.022255242E-2,5.334672332E-2
2.561492938E2,-2.822534084E0,-5.673587918E-1,2.122672349E-1
2.561694598E2,-2.814550638E0,-9.829958081E-1,-1.045678183E-1
2.561896247E2,-2.514867544E0,-8.780772686E-1,-3.985699117E-1
2.562097907E2,-1.724880815E0,-1.103089094E0,-2.299546599E-1
2.562299568E2,-1.391766906E0,-1.076322198E0,2.082279176E-1
2.562501217E2,-1.587123871E0,-1.197623372E0,4.209677279E-1
2.562702877E2,-1.655833006E0,-7.579094768E-1,6.215150952E-1
2.562904537E2,-1.445514441E0,-8.748431504E-2,7.893509269E-1
2.563106198E2,-1.122826099E0,1.986424178E-1,8.484002948E-1
2.563307847E2,-8.201283216E-1,5.200413987E-3,7.340983152E-1
2.563509507E2,-5.531330109E-1,-4.155186415E-1,5.791201591E-1
2.563711168E2,-3.649439812E-1,-5.902233124E-1,5.246833563E-1
2.563912817E2,-2.748599946E-1,-3.282484114E-1,4.330134988E-1
2.564114477E2,-1.507057399E-1,-1.843014657E-1,3.660481572E-1
2.564316137E2,4.508748278E-2,-7.379266620E-2,3.468498588E-1
2.564517787E2,3.432813585E-1,4.998192191E-2,2.179230005E-1
2.564719447E2,5.964654088E-1,1.085463539E-1,-5.364166200E-2
2.564921107E2,7.109875679E-1,7.548824698E-2,-2.205162644E-1
2.565122767E2,6.796196103E-1,2.058039904E-1,-2.600984275E-1
2.565324417E2,6.654746532E-1,4.495019019E-1,-3.357776105E-1
2.565526077E2,8.067514300E-1,4.590032697E-1,-5.950565338E-1
2.565727737E2,1.015976548E0,1.884213537E-1,-7.437713742E-1
2.565929387E2,1.057130694E0,1.401271075E-1,-6.938503981E-1
2.566131047E2,8.787814975E-1,4.709903002E-1,-4.134561718E-1
2.566332707E2,6.095325351E-1,6.105364561E-1,-1.477938592E-1
2.566534358E2,2.819618881E-1,2.844952941E-1,4.177275673E-2
2.566736017E2,3.135214150E-1,-5.275673270E-1,-4.113314208E-4
2.566937677E2,7.596920729E-1,-1.328186631E0,-1.187857836E-1
2.567139337E2,1.571244955E0,-1.198935270E0,-1.754890084E-1
2.567340988E2,2.723059416E0,1.943017542E-1,-1.285515726E-1
2.567542647E2,3.491264820E0,1.543226123E0,-2.126659155E-1
2.567744307E2,3.704525232E0,1.889505148E0,-2.224767506E-1
2.567945958E2,3.806572676E0,1.687922835E0,-2.614572942E-1
2.568147617E2,3.700081587E0,1.277528882E0,-2.632132769E-1
2.568349277E2,3.419828892E0,9.602058530E-1,-2.254845202E-1
2.568550928E2,3.179791451E0,7.711312771E-1,-1.668378711E-1
2.568752588E2,3.020434618E0,5.177491903E-1,-2.210608870E-1
2.568954247E2,2.924211740E0,1.828341037E-1,-3.725887537E-1
2.569155898E2,2.821411610E0,-1.497202367E-1,-4.607871771E-1
2.569357558E2,2.608822346E0,-2.985633910E-1,-4.902465343E-1
2.569559210E2,2.344867468E0,-3.065601885E-1,-4.823815823E-1
2.569760870E2,2.076192617E0,-2.867912054E-1,-4.615051746E-1
2.569962520E2,1.839533687E0,-3.359412849E-1,-4.218423069E-1
2.570164180E2,1.647689581E0,-5.413606167E-1,-4.453740418E-1
2.570365840E2,1.414900303E0,-5.569431782E-1,-5.763055086E-1
2.570567490E2,1.195973277E0,-4.019269645E-1,-6.533244252E-1
2.570769150E2,9.171113372E-1,-2.884213626E-1,-6.732597947E-1
2.570970810E2,5.032490492E-1,-2.106068432E-1,-6.975403428E-1
2.571172460E2,-2.074137516E-2,-6.972929090E-2,-7.450594306E-1
2.571374120E2,-4.745385051E-1,2.815293372E-1,-8.437108994E-1
2.571575780E2,-7.547395825E-1,6.872640252E-1,-1.002926946E0
2.571777440E2,-9.127941132E-1,9.217029214E-1,-1.119768262E0
2.571979090E2,-1.114379764E0,1.003074288E0,-1.236107826E0
2.572180750E2,-1.379084826E0,1.164209008E0,-1.324590921E0
2.572382410E2,-1.660549045E0,1.487709403E0,-1.426343441E0
2.572584060E2,-1.867309690E0,1.807232738E0,-1.486840606E0
2.572785720E2,-1.962506652E0,1.869530082E0,-1.478531957E0
2.572987380E2,-2.138676882E0,1.755064726E0,-1.419803143E0
2.573189040E2,-2.342156172E0,1.561328769E0,-1.330191255E0
2.573390690E2,-2.493964434E0,1.471142411E0,-1.155698538E0
2.573592350E2,-2.642926693E0,1.338712454E0,-7.722058892E-1
2.573794010E2,-2.795875072E0,1.055573940E0,-3.971396387E-1
2.573995660E2,-2.792854071E0,5.417225957E-1,-2.116875947E-1
2.574197320E2,-2.479435682E0,-1.577024013E-1,-7.170524914E-4
2.574398980E2,-2.198353052E0,-5.876777172E-1,2.236047536E-1
2.574600630E2,-2.088864803E0,-4.524362087E-1,3.324125707E-1
2.574802290E2,-1.884071589E0,2.110351622E-2,2.958870232E-1
2.575003950E2,-1.340414643E0,4.596751630E-1,6.174859032E-2
2.575205610E2,-4.487481713E-1,7.681901455E-1,-3.477431834E-1
2.575407260E2,3.424438536E-1,9.072945714E-1,-6.319940686E-1
2.575608920E2,7.209023237E-1,1.032903075E0,-7.613894939E-1
2.575810580E2,8.189980984E-1,1.180557132E0,-7.108124495E-1
2.576012230E2,8.162211776E-1,1.318095565E0,-5.149197578E-1
2.576213890E2,7.833423615E-1,1.403246164E0,-2.855425179E-1
2.576415550E2,7.368118763E-1,1.293982148E0,-7.081746310E-2
2.576617200E2,7.725984454E-1,9.920042753E-1,6.702298671E-2
2.576818860E2,9.294697046E-1,5.441320539E-1,1.790819913E-1
2.577020520E2,1.061563253E0,-1.603426412E-2,2.617306411E-1
2.577222180E2,1.117541194E0,-3.880886734E-1,3.453519344E-1
2.577423830E2,1.150888443E0,-5.851206183E-1,4.769839942E-1
2.577625490E2,1.140740275E0,-6.151139140E-1,5.840562582E-1
2.577827150E2,1.119369984E0,-5.044852495E-1,5.749537945E-1
2.578028800E2,1.183513403E0,-4.704190493E-1,5.053598881E-1
2.578230460E2,1.133338451E0,-5.797217488E-1,4.667343795E-1
2.578432120E2,9.790240526E-1,-5.924419165E-1,3.945098817E-1
2.578633770E2,8.286234736E-1,-3.971521258E-1,2.408755869E-1
2.578835430E2,8.301458359E-1,-3.820507601E-2,-4.589862749E-2
2.579037090E2,9.325580001E-1,1.280874312E-1,-2.470265776E-1
2.579238750E2,9.845284224E-1,1.557031870E-1,-3.629652858E-1
2.579440400E2,9.587776661E-1,2.507927716E-1,-4.730904400E-1
2.579642068E2,8.971902728E-1,4.649820030E-1,-5.952624679E-1
2.579843728E2,8.501037955E-1,8.468802571E-1,-7.384080291E-1
2.580045378E2,7.454392910E-1,1.166595817E0,-7.727450728E-1
2.580247038E2,5.288261175E-1,1.224530697E0,-6.700144410E-1
2.580448698E2,2.999063730E-1,1.122536421E0,-6.330312490E-1
2.580650358E2,9.093618393E-2,1.099036694E0,-6.019092798E-1
2.580852008E2,-5.099875480E-2,1.136517406E0,-5.920196772E-1
2.581053668E2,-1.363693178E-1,1.109484315E0,-5.725113153E-1
2.581255328E2,-1.162366346E-1,1.043046713E0,-6.896277070E-1
2.581456978E2,1.734291911E-1,1.013473511E0,-8.480758071E-1
2.581658638E2,5.340570211E-1,1.077430725E0,-9.507254958E-1
2.581860298E2,7.446805239E-1,1.151719213E0,-1.018973231E0
2.582061948E2,8.676434755E-1,1.261850595E0,-1.103351593E0
2.582263608E2,9.873293042E-1,1.460148335E0,-1.191960931E0
2.582465268E2,1.147730350E0,1.760266662E0,-1.246212959E0
2.582666928E2,1.278981566E0,2.085184574E0,-1.288638711E0
2.582868578E2,1.330659270E0,2.464444160E0,-1.315428972E0
2.583070238E2,1.368898869E0,2.819569349E0,-1.310137868E0
2.583271898E2,1.405213952E0,2.985602379E0,-1.226047277E0
2.583473548E2,1.448335290E0,2.866717815E0,-1.036648870E0
2.583675208E2,1.534689188E0,2.588558435E0,-7.693510056E-1
2.583876868E2,1.639199018E0,2.308604956E0,-5.666511655E-1
2.584078518E2,1.737537980E0,1.915065765E0,-4.093603492E-1
2.584280178E2,1.822869301E0,1.374208450E0,-3.265612125E-1
2.584481838E2,1.848387718E0,8.849310875E-1,-2.739464641E-1
2.584683498E2,1.898344874E0,6.499604583E-1,-2.043732256E-1
2.584885148E2,1.872588515E0,6.038883924E-1,-1.550506949E-1
2.585086808E2,1.753845572E0,5.915576220E-1,-1.228216738E-1
2.585288468E2,1.593074799E0,5.636715293E-1,-1.503075957E-1
2.585490118E2,1.471601248E0,5.709196925E-1,-2.454018891E-1
2.585691778E2,1.435342431E0,6.927767396E-1,-3.653030097E-1
2.585893438E2,1.484706640E0,7.733368278E-1,-4.227082133E-1
2.586095098E2,1.414895058E0,7.435134053E-1,-4.305692613E-1
2.586296748E2,1.283659339E0,5.530323386E-1,-4.295143485E-1
2.586498408E2,1.125238061E0,3.505800664E-1,-4.118349552E-1
2.586700068E2,1.045511007E0,2.116180211E-1,-3.830807805E-1
2.586901718E2,1.050862432E0,1.212939993E-1,-3.646535873E-1
2.587103378E2,1.063784361E0,3.465383127E-2,-4.348883331E-1
2.587305038E2,9.760242701E-1,-2.688233554E-2,-4.576491714E-1
2.587506687E2,8.293899894E-1,-3.934251890E-2,-4.956926107E-1
2.587708348E2,7.489035726E-1,8.947997354E-3,-5.649318695E-1
2.587910008E2,7.814017534E-1,1.365287751E-1,-6.118345857E-1
2.588111668E2,7.751123309E-1,1.745043248E-1,-5.242428184E-1
2.588313317E2,4.850026965E-1,-6.399788707E-2,-2.525082827E-1
2.588514978E2,-8.716992289E-2,-6.472689509E-1,-3.876471892E-2
2.588716638E2,-5.454146862E-1,-1.261734605E0,-2.240249328E-2
2.588918287E2,-5.441659689E-1,-1.351613641E0,-1.611164510E-1
2.589119948E2,-3.424029052E-1,-9.573955536E-1,-3.207998276E-1
2.589321608E2,-3.562090993E-1,-3.958012462E-1,-5.253307223E-1
2.589523261E2,-8.573407531E-1,9.723703563E-2,-8.278198838E-1
2.589724911E2,-1.121027112E0,5.189262629E-1,-9.147016406E-1
2.589926571E2,-1.135980010E0,1.174888611E0,-8.756577373E-1
2.590128231E2,-1.125413418E0,1.435474277E0,-8.726014495E-1
2.590329881E2,-1.324398041E0,1.237690091E0,-9.059040546E-1
2.590531541E2,-1.514101386E0,8.887351751E-1,-8.143398762E-1
2.590733201E2,-1.658015966E0,8.403173685E-1,-5.990975499E-1
2.590934851E2,-1.740946651E0,9.384050965E-1,-3.700699210E-1
2.591136511E2,-1.674549103E0,1.124134541E0,-2.787490785E-1
2.591338171E2,-1.483235478E0,1.259735942E0,-2.903993130E-1
2.591539831E2,-1.260726571E0,1.183882117E0,-3.156632781E-1
2.591741481E2,-1.140207648E0,9.928184152E-1,-2.562094033E-1
2.591943141E2,-1.019814253E0,8.029189706E-1,-1.818407774E-1
2.592144801E2,-8.476740122E-1,7.228755951E-1,-1.713279486E-1
2.592346451E2,-5.897735357E-1,6.405040622E-1,-2.303539664E-1
2.592548111E2,-3.154651225E-1,5.312281251E-1,-3.076682091E-1
2.592749771E2,-8.209624887E-2,5.033195615E-1,-3.030126393E-1
2.592951431E2,5.437747762E-2,4.999817908E-1,-3.129740059E-1
2.593153081E2,9.353765100E-2,4.945161641E-1,-3.688381910E-1
2.593354741E2,1.225126535E-1,5.117647052E-1,-4.098702073E-1
2.593556401E2,3.173639178E-1,5.403805375E-1,-4.239649773E-1
2.593758051E2,5.665743351E-1,5.800802112E-1,-4.338789880E-1
2.593959711E2,6.926712394E-1,4.377284050E-1,-4.152796268E-1
2.594161371E2,6.814814806E-1,3.335890472E-1,-3.730966151E-1
2.594363031E2,6.950550079E-1,2.334079742E-1,-2.672721446E-1
2.594564681E2,7.222955823E-1,1.475673169E-1,-1.946806461E-1
2.594766341E2,7.452798486E-1,2.479187697E-1,-1.975516975E-1
2.594968001E2,8.431320786E-1,2.116810977E-1,-2.536078990E-1
2.595169651E2,1.101863623E0,2.189278007E-1,-4.441101551E-1
2.595371311E2,1.497262955E0,2.202119082E-1,-7.592446208E-1
2.595572971E2,1.972884417E0,2.690813839E-1,-9.990606308E-1
2.595774621E2,2.354945183E0,4.898304343E-1,-1.078596592E0
2.595976281E2,2.530344248E0,7.470210791E-1,-1.068784714E0
2.596177941E2,2.613234520E0,9.966896176E-1,-1.059611917E0
2.596379601E2,2.596533298E0,1.008939505E0,-1.028535843E0
2.596581251E2,2.537147760E0,1.060461521E0,-8.914818764E-1
2.596782911E2,2.484204054E0,1.047141910E0,-6.670073271E-1
2.596984571E2,2.390851259E0,8.277946711E-1,-4.479774833E-1
2.597186221E2,2.109347343E0,5.728902817E-1,-3.152218461E-1
2.597387881E2,1.763495922E0,4.327214062E-1,-2.211853564E-1
2.597589541E2,1.386860609E0,2.074890137E-1,-1.652785838E-1
2.597791201E2,1.086406231E0,-1.365140378E-1,-9.367709607E-2
2.597992851E2,1.019667625E0,-3.240576088E-1,-8.514136821E-2
2.598194511E2,1.058165789E0,-3.011482954E-1,-1.417342424E-1
2.598396171E2,1.059507132E0,-2.088352591E-1,-1.143124551E-1
2.598597821E2,8.657724857E-1,-1.288369298E-1,-5.773614347E-2
2.598799481E2,5.670854449E-1,-5.408136547E-2,-3.337020054E-2
2.599001141E2,3.510361314E-1,-6.585200131E-2,3.362540156E-6
2.599202791E2,1.764367074E-1,-1.480610371E-1,-1.480848901E-2
2.599404451E2,-4.315417260E-3,-1.504850090E-1,-1.575241238E-1
2.599606115E2,-6.864353269E-2,7.550315559E-2,-3.725875616E-1
2.599807775E2,-5.919790268E-2,4.708600044E-1,-6.166521311E-1
2.600009425E2,-1.793090552E-1,8.192694783E-1,-7.488686442E-1
2.600211085E2,-4.127137363E-1,1.027018189E0,-8.602205515E-1
2.600412745E2,-5.942646861E-1,1.129202008E0,-1.097003341E0
2.600614395E2,-6.573668718E-1,1.228786588E0,-1.287033081E0
2.600816055E2,-7.775871158E-1,1.124881268E0,-1.109836459E0
2.601017715E2,-1.102257252E0,5.382859707E-1,-7.351566553E-1
2.601219375E2,-1.625197768E0,-1.799286455E-1,-4.810855091E-1
2.601421025E2,-2.069402933E0,-3.299010694E-1,-3.544615507E-1
2.601622685E2,-2.053440809E0,3.764935583E-2,-3.333276212E-1
2.601824345E2,-1.666619420E0,2.620367110E-1,-2.871759534E-1
2.602025995E2,-1.386208892E0,-1.265307814E-1,-8.692901582E-2
2.602227655E2,-1.454304695E0,-9.354985356E-1,1.952628642E-1
2.602429315E2,-1.660652876E0,-1.467232227E0,4.608641565E-1
2.602630975E2,-1.764617562E0,-1.509852290E0,5.977381468E-1
2.602832625E2,-1.693569183E0,-1.158033490E0,5.669597983E-1
2.603034285E2,-1.438153982E0,-7.890780568E-1,4.292801321E-1
2.603235945E2,-1.231831312E0,-5.778627992E-1,2.960440814E-1
2.603437595E2,-1.221020103E0,-6.204455495E-1,1.589735895E-1
2.603639255E2,-1.207410216E0,-8.501998782E-1,7.978340238E-2
2.603840915E2,-1.241581321E0,-8.492583632E-1,1.354953945E-1
2.604042575E2,-1.225952268E0,-6.510510445E-1,2.648940980E-1
2.604244225E2,-1.188764334E0,-4.786309004E-1,3.913612366E-1
2.604445885E2,-1.204119086E0,-4.409137666E-1,4.485538304E-1
2.604647545E2,-1.217388868E0,-5.665803552E-1,5.817852616E-1
2.604849195E2,-1.336885452E0,-8.196395040E-1,7.511675358E-1
2.605050855E2,-1.382408619E0,-9.941542745E-1,7.997698188E-1
2.605252515E2,-1.137298822E0,-8.232627511E-1,6.998758316E-1
2.605454175E2,-7.391017079E-1,-5.675129890E-1,5.525778532E-1
2.605655825E2,-4.121309519E-1,-5.388962626E-1,3.608362377E-1
2.605857485E2,-6.163747236E-2,-5.865976810E-1,1.433302611E-1
2.606059145E2,3.233021498E-1,-4.364021719E-1,2.438417822E-2
2.606260795E2,6.812148094E-1,-3.574758172E-1,-1.048276052E-1
2.606462455E2,9.994221330E-1,-2.430593222E-1,-2.740102112E-1
2.606664115E2,1.407306433E0,-2.542921007E-1,-4.653019011E-1
2.606865775E2,1.756367922E0,-1.559511125E-1,-5.863084793E-1
2.607067425E2,1.910207033E0,1.596081853E-1,-6.594266295E-1
2.607269085E2,1.974764347E0,5.769603848E-1,-6.317687631E-1
2.607470745E2,2.039732218E0,9.206842184E-1,-5.713554621E-1
2.607672395E2,2.080528021E0,9.588241577E-1,-5.957846642E-1
2.607874055E2,2.247226715E0,6.077557802E-1,-6.214655042E-1
2.608075715E2,2.499299765E0,2.048497796E-1,-4.798383713E-1
2.608277365E2,2.647549868E0,2.557705715E-2,-3.560856581E-1
2.608479025E2,2.678555250E0,3.689461201E-2,-2.739695907E-1
2.608680685E2,2.745764732E0,1.740043312E-1,-2.569944859E-1
2.608882345E2,2.912436724E0,2.391680628E-1,-1.909586191E-1
2.609083995E2,2.896037579E0,-2.154979110E-2,-1.591167897E-1
2.609285655E2,2.550667286E0,-5.534783006E-1,-2.956465483E-1
2.609487315E2,2.275866032E0,-6.908642054E-1,-4.159095585E-1
2.609688970E2,2.215851068E0,-4.135685861E-1,-4.494402111E-1
2.609890630E2,2.142101288E0,-1.434105933E-1,-3.046692908E-1
2.610092290E2,1.784492493E0,-8.045934141E-2,-1.690461487E-1
2.610293950E2,1.164277554E0,-1.261359900E-1,-2.131403536E-1
2.610495600E2,5.465025902E-1,-2.533479780E-2,-3.533548415E-1
2.610697260E2,8.709182590E-2,1.058788449E-1,-3.709824681E-1
2.610898920E2,-2.629287541E-1,3.360042274E-1,-3.336375952E-1
2.611100570E2,-5.256458521E-1,6.609292626E-1,-3.536337018E-1
2.611302230E2,-7.782211304E-1,1.075754166E0,-4.962449074E-1
2.611503890E2,-9.753149748E-1,1.344930172E0,-6.978933811E-1
2.611705550E2,-1.196312428E0,1.424575925E0,-8.687955141E-1
2.611907200E2,-1.356293201E0,1.366428018E0,-9.022718072E-1
2.612108860E2,-1.640082955E0,1.340131521E0,-7.042623162E-1
2.612310520E2,-2.086269617E0,1.120867968E0,-4.199359119E-1
2.612512170E2,-2.535196304E0,5.255629420E-1,-2.073324323E-1
2.612713830E2,-2.690129995E0,5.892561376E-2,-2.593457997E-1
2.612915490E2,-2.503037453E0,1.422393918E-1,-3.572354913E-1
2.613117150E2,-2.356334686E0,4.174995422E-1,-4.988108575E-1
2.613318800E2,-2.235576391E0,9.237697721E-1,-6.492569447E-1
2.613520460E2,-1.928714037E0,1.079453707E0,-5.352618694E-1
2.613722120E2,-1.736405015E0,5.427665710E-1,-3.014350832E-1
2.613923770E2,-1.693476796E0,-1.746848524E-1,-1.918721050E-1
2.614125430E2,-1.406933427E0,-3.472646773E-1,-2.112580538E-1
2.614327090E2,-8.877641559E-1,-7.125510573E-1,-2.797996812E-2
2.614528750E2,-8.443842530E-1,-1.390697837E0,2.243749648E-1
2.614730400E2,-7.257909179E-1,-1.975598693E0,5.765369534E-1
2.614932060E2,-4.276112914E-1,-1.870426416E0,8.649407625E-1
2.615133720E2,-4.689454734E-1,-1.750551105E0,8.769428730E-1
2.615335370E2,-6.693904996E-1,-1.811813474E0,8.541945815E-1
2.615537030E2,-5.582426190E-1,-1.518640637E0,9.526594877E-1
2.615738690E2,-5.620723367E-1,-1.216193914E0,1.004962564E0
2.615940350E2,-7.221635580E-1,-1.010019779E0,9.632743001E-1
2.616142000E2,-8.165696859E-1,-8.763848543E-1,9.451787472E-1
2.616343660E2,-8.058541417E-1,-8.615596294E-1,9.318127632E-1
2.616545320E2,-7.881208062E-1,-7.993103862E-1,8.203369975E-1
2.616746970E2,-7.964687347E-1,-8.962738514E-1,6.295641065E-1
2.616948630E2,-7.545957565E-1,-9.551145434E-1,5.054659843E-1
2.617150290E2,-7.476357818E-1,-9.655047655E-1,4.518209994E-1
2.617351950E2,-7.776688933E-1,-9.854161143E-1,2.703382969E-1
2.617553600E2,-7.236369252E-1,-8.600340486E-1,8.025547722E-4
2.617755260E2,-5.648888946E-1,-5.773316026E-1,-2.844867110E-1
2.617956920E2,-4.688440263E-1,-2.414864153E-1,-3.686152995E-1
2.618158570E2,-4.509432316E-1,1.157106161E-1,-4.568580687E-1
2.618360230E2,-4.603495896E-1,2.828578651E-1,-5.259791017E-1
2.618561890E2,-4.506202340E-1,2.889867425E-1,-5.616238713E-1
2.618763550E2,-2.864309847E-1,2.993199825E-1,-6.910917163E-1
2.618965200E2,1.651748121E-1,1.827627718E-1,-7.200788856E-1
2.619166860E2,6.604501009E-1,2.302400023E-1,-6.789469123E-1
2.619368520E2,1.150582194E0,4.816806316E-1,-6.812878251E-1
2.619570168E2,1.547627449E0,6.186123490E-1,-6.490423083E-1
2.619771828E2,1.718399525E0,6.324321032E-1,-5.620173812E-1
2.619973488E2,1.760571718E0,3.948048651E-1,-4.659596682E-1
2.620175148E2,1.783229351E0,2.268760800E-1,-4.414194524E-1
2.620376798E2,1.831541061E0,3.131065369E-1,-3.366956115E-1
2.620578458E2,1.824433327E0,4.986084700E-1,-1.479549557E-1
2.620780118E2,1.766440153E0,6.801036596E-1,7.264040411E-2
2.620981768E2,1.839841843E0,6.625864506E-1,2.162390947E-1
2.621183428E2,2.013587952E0,5.432933569E-1,1.289987564E-1
2.621385088E2,1.977595568E0,4.355175197E-1,-1.224988420E-2
2.621586748E2,1.618663788E0,1.463744193E-1,-1.570810825E-1
2.621788398E2,1.168389678E0,-7.920873910E-2,-1.405673176E-1
2.621990058E2,8.737095594E-1,-8.681597561E-2,1.250221282E-1
2.622191718E2,9.412413239E-1,2.996543609E-2,4.161459506E-1
2.622393368E2,1.132043481E0,1.814477742E-1,4.567210674E-1
2.622595028E2,1.292266130E0,8.013373613E-2,2.941489518E-1
2.622796688E2,1.111670971E0,-6.243764982E-2,-2.479946986E-2
2.622998348E2,8.587710857E-1,-5.735203251E-2,-3.150331974E-1
2.623199998E2,7.357729673E-1,-1.748648584E-1,-3.515742719E-1
2.623401658E2,5.711004138E-1,-1.549213827E-1,-3.764036000E-1
2.623603318E2,2.348566353E-1,3.279188871E-1,-4.433734119E-1
2.623804968E2,-6.391882151E-2,1.028597116E0,-5.145131350E-1
2.624006628E2,-3.295743763E-1,1.542576313E0,-6.019920707E-1
2.624208288E2,-5.188707113E-1,1.714571118E0,-6.332864165E-1
2.624409948E2,-7.743716240E-1,1.244318485E0,-6.170111299E-1
2.624611598E2,-1.514201045E0,7.748795748E-1,-4.906261563E-1
2.624813258E2,-2.240835905E0,8.886163831E-1,-5.869194269E-1
2.625014918E2,-2.400996685E0,1.124006391E0,-5.901879072E-1
2.625216568E2,-2.127048731E0,9.930534959E-1,-4.315078557E-1
2.625418228E2,-1.850702763E0,4.412848353E-1,-4.192300141E-1
2.625619888E2,-1.973384380E0,2.097337693E-1,-4.846939743E-1
2.625821548E2,-2.172383547E0,4.553359449E-1,-5.186058879E-1
2.626023198E2,-2.382166624E0,3.517591953E-1,-4.617321789E-1
2.626224858E2,-2.220675468E0,-1.815834194E-1,-1.408489496E-1
2.626426518E2,-1.880164742E0,-3.477901220E-1,6.937175989E-2
2.626628168E2,-1.840193272E0,-4.363496602E-1,-9.259101748E-2
2.626829828E2,-1.774376392E0,-8.301281333E-1,-3.171209395E-1
2.627031488E2,-1.598616004E0,-9.733961821E-1,-3.489690125E-1
2.627233148E2,-1.428004622E0,-8.410103917E-1,-2.548434734E-1
2.627434798E2,-1.230719328E0,-7.599926591E-1,-1.152079180E-1
2.627636458E2,-1.142184138E0,-7.501137257E-1,-1.424982995E-1
2.627838118E2,-1.159357429E0,-7.175095677E-1,-1.776119471E-1
2.628039768E2,-1.355287671E0,-6.321796775E-1,-6.141418219E-2
2.628241428E2,-1.593838573E0,-5.357254744E-1,2.700446546E-1
2.628443088E2,-1.709440589E0,-3.313270807E-1,4.870394468E-1
2.628644737E2,-1.691857457E0,-1.475937217E-1,4.410477281E-1
2.628846398E2,-1.455010056E0,-4.583758116E-1,5.229573846E-1
2.629048058E2,-1.308690906E0,-9.431409240E-1,6.402572393E-1
2.629249718E2,-1.333581090E0,-8.633840680E-1,6.439818144E-1
2.629451368E2,-1.317409039E0,-4.071914554E-1,5.195137858E-1
2.629653025E2,-1.083144784E0,-1.559928209E-1,2.408605516E-1
2.629854685E2,-6.184277534E-1,-4.169481993E-2,-5.427720025E-2
2.630056345E2,1.381063014E-1,1.866873503E-1,-3.829556108E-1
2.630257995E2,7.285839319E-1,3.488720953E-1,-5.195246339E-1
2.630459655E2,1.125049114E0,3.333908319E-1,-5.497245193E-1
2.630661315E2,1.600489259E0,2.593018115E-1,-4.244432747E-1
2.630862965E2,2.073735476E0,2.438509315E-1,-3.238673806E-1
2.631064625E2,2.449709415E0,2.724533081E-1,-2.419063449E-1
2.631266285E2,2.667320490E0,2.088688314E-1,-1.308842450E-1
2.631467945E2,2.797104120E0,1.597432643E-1,4.235440865E-2
2.631669595E2,2.845139265E0,1.001287103E-1,1.731643230E-1
2.631871255E2,2.840592861E0,-6.486204267E-2,1.879480630E-1
2.632072915E2,2.838191748E0,-1.829199493E-1,1.141689345E-1
2.632274565E2,2.830799818E0,-1.228262335E-1,1.360470951E-1
2.632476225E2,2.812324286E0,-5.953447893E-2,1.778673530E-1
2.632677885E2,2.866810560E0,-7.034431212E-3,1.828558296E-1
2.632879545E2,3.038522005E0,1.539055258E-1,2.256316990E-1
2.633081195E2,3.141726017E0,3.116869926E-1,2.197571546E-1
2.633282855E2,2.851733923E0,1.232989877E-1,5.442370847E-2
2.633484515E2,2.276091337E0,-5.992760062E-1,-1.838757992E-1
2.633686165E2,1.889470935E0,-1.087639451E0,-3.082112670E-1
2.633887825E2,1.739976764E0,-9.129585624E-1,-3.945185244E-1
2.634089485E2,1.768907189E0,-2.337551862E-1,-4.392476082E-1
2.634291145E2,1.742017150E0,2.948000431E-1,-2.937118709E-1
2.634492795E2,1.385992765E0,5.010324121E-1,-1.384936720E-1
2.634694455E2,8.793590069E-1,5.019519329E-1,-2.187540084E-1
2.634896115E2,4.783468246E-1,5.414516330E-1,-4.800834656E-1
2.635097765E2,2.276335061E-1,6.401814818E-1,-6.263300180E-1
2.635299425E2,-6.885461509E-2,9.350330830E-1,-7.118388414E-1
2.635501085E2,-3.661127090E-1,1.397652149E0,-7.632053494E-1
2.635702745E2,-6.127740145E-1,1.600573182E0,-6.544530392E-1
2.635904395E2,-1.017376423E0,1.376892328E0,-4.353837371E-1
2.636106055E2,-1.609649062E0,8.829851747E-1,-5.310330391E-1
2.636307715E2,-2.188887835E0,6.218892932E-1,-6.945342422E-1
2.636509375E2,-2.347170353E0,6.714237332E-1,-7.022345066E-1
2.636711025E2,-2.224300146E0,5.695749521E-1,-4.502191842E-1
2.636912685E2,-2.371849060E0,2.582596242E-1,-2.616453767E-1
2.637114345E2,-2.736379147E0,-2.218818478E-2,-3.493887186E-1
2.637316005E2,-3.041549206E0,-5.508425832E-2,-7.385558486E-1
2.637517655E2,-2.759384632E0,-5.511224270E-1,-6.565334797E-1
2.637719315E2,-2.348888636E0,-8.365489244E-1,-2.807520926E-1
2.637920975E2,-2.186591387E0,-1.004346848E0,1.295420527E-1
2.638122625E2,-2.404396296E0,-1.137574792E0,2.338973880E-1
2.638324285E2,-2.839358091E0,-1.092410207E0,6.417769007E-3
2.638525945E2,-2.644923449E0,-7.620141506E-1,-1.136251315E-1
2.638727605E2,-2.085636139E0,-8.633064572E-4,-1.188715845E-1
2.638929255E2,-1.674652100E0,2.687969208E-1,3.062111512E-2
2.639130915E2,-1.739830971E0,-7.072559744E-2,1.917475462E-1
2.639332575E2,-2.178493023E0,-4.235685468E-1,3.349047005E-1
2.639534235E2,-2.262066364E0,-4.358579814E-1,5.622560382E-1
2.639735885E2,-1.918166161E0,-5.217553377E-1,7.767613530E-1
2.639937545E2,-1.557146430E0,-6.211469173E-1,7.609472871E-1
2.640139205E2,-1.215462208E0,-6.913275123E-1,4.881010354E-1
2.640340865E2,-8.584744930E-1,-7.993707061E-1,3.231837451E-1
2.640542515E2,-6.592577696E-1,-6.695239544E-1,2.432591170E-1
2.640744175E2,-3.492075503E-1,-2.992714942E-1,1.306775361E-1
2.640945835E2,1.815256923E-1,-6.395372748E-2,1.408711541E-4
2.641147495E2,6.934045553E-1,-2.754936516E-1,-1.123251021E-1
2.641349145E2,8.733989596E-1,-4.090104997E-1,-2.825317085E-1
2.641550805E2,1.175122976E0,-2.108097970E-1,-5.578430295E-1
2.641752465E2,1.810014725E0,1.552626342E-1,-8.305990696E-1
2.641954125E2,2.363198519E0,5.682130456E-1,-9.728175998E-1
2.642155775E2,2.677896023E0,8.434088230E-1,-9.633674622E-1
2.642357435E2,2.745956659E0,9.249748588E-1,-7.604882717E-1
2.642559095E2,2.586146832E0,9.047477841E-1,-4.663349986E-1
2.642760755E2,2.334666252E0,9.243742824E-1,-1.779126376E-1
2.642962405E2,2.202165842E0,9.639990330E-1,2.756013162E-2
2.643164065E2,2.200193882E0,1.001971483E0,8.899773657E-2
2.643365725E2,2.396114111E0,9.556635022E-1,7.535159588E-2
2.643567385E2,2.690462351E0,8.937075138E-1,3.630169109E-2
2.643769035E2,2.927010775E0,8.419783115E-1,1.184130013E-1
2.643970695E2,3.098826170E0,7.968516946E-1,2.300693989E-1
2.644172355E2,3.131074429E0,9.290428758E-1,3.033030629E-1
2.644374015E2,3.152320385E0,8.756541014E-1,3.367991745E-1
2.644575665E2,3.100377083E0,2.490726113E-1,3.734203279E-1
2.644777325E2,2.718076706E0,-5.518992543E-1,9.965803474E-2
2.644978985E2,2.283551693E0,-1.034872890E0,-1.451281905E-1
2.645180645E2,2.134612322E0,-8.149430752E-1,-1.931091994E-1
2.645382295E2,2.163078308E0,-3.666352630E-1,-9.797149897E-2
2.645583955E2,2.184312820E0,-1.145580932E-1,-4.137331247E-2
2.645785615E2,1.977248073E0,-1.088391766E-1,-1.941295266E-1
2.645987275E2,1.495880604E0,-7.464978099E-2,-5.048831701E-1
2.646188925E2,1.013274550E0,2.627665102E-1,-8.302793503E-1
2.646390585E2,6.025529504E-1,7.896991968E-1,-9.687834382E-1
2.646592245E2,3.025327325E-1,1.125761032E0,-9.868509173E-1
2.646793905E2,-1.567068994E-1,1.268921971E0,-1.120989442E0
2.646995555E2,-9.059103131E-1,1.483077526E0,-1.093402863E0
2.647197215E2,-1.685731888E0,1.716611147E0,-8.816156387E-1
2.647398875E2,-2.261774302E0,1.642809272E0,-7.292258739E-1
2.647600535E2,-2.766844511E0,1.121180415E0,-8.569181561E-1
2.647802185E2,-3.078600883E0,7.432720065E-1,-1.119618058E0
2.648003845E2,-3.044246674E0,6.396139264E-1,-1.122235417E0
2.648205505E2,-3.092121840E0,4.323869050E-1,-8.747363091E-1
2.648407165E2,-3.466477394E0,2.207818180E-1,-5.007480383E-1
2.648608815E2,-3.742117405E0,1.953610778E-1,-2.811182141E-1
2.648810475E2,-3.497241020E0,-6.277319044E-2,-4.495136738E-1
2.649012135E2,-3.087365389E0,-8.433317542E-1,-3.645778298E-1
2.649213795E2,-2.722870350E0,-1.579902053E0,-1.056111082E-1
2.649415445E2,-2.637420654E0,-1.505578637E0,-1.905402541E-1
2.649617107E2,-2.199267864E0,-9.419005513E-1,-5.327299237E-1
2.649818767E2,-1.760087729E0,3.000909686E-1,-9.683409929E-1
2.650020427E2,-1.408827782E0,1.013497114E0,-1.407191992E0
2.650222077E2,-9.109500647E-1,1.095940351E0,-1.434632897E0
2.650423737E2,-4.784572124E-1,6.266669035E-1,-8.674941063E-1
2.650625397E2,-7.991380095E-1,-3.883945048E-1,-3.764914870E-1
2.650827057E2,-1.414510131E0,-1.140600562E0,5.783435330E-2
2.651028707E2,-1.602568746E0,-9.277212620E-1,3.300540745E-1
2.651230367E2,-1.252292871E0,-4.071805179E-1,6.632623076E-1
2.651432027E2,-6.203241944E-1,-4.608305991E-1,1.021720052E0
2.651633687E2,-2.988014817E-1,-8.712342978E-1,1.145419240E0
2.651835337E2,-2.889994979E-1,-1.240584016E0,9.551046491E-1
2.652036997E2,-3.143814206E-1,-1.306360960E0,7.578400970E-1
2.652238657E2,-2.325982749E-1,-9.527630210E-1,5.936710835E-1
2.652440317E2,-3.400195017E-2,-4.710071087E-1,4.471239150E-1
2.652641967E2,1.166509539E-1,-2.041953355E-1,3.498997688E-1
2.652843627E2,1.650886238E-1,-1.652797014E-1,2.154977620E-1
2.653045287E2,1.285285652E-1,-4.635394365E-2,3.401890770E-2
2.653246947E2,9.805748612E-2,2.687747777E-1,-1.514315158E-1
2.653448597E2,8.975247294E-2,5.080345273E-1,-2.352563888E-1
2.653650257E2,2.123438120E-1,5.073701739E-1,-2.487534136E-1
2.653851917E2,3.297447860E-1,3.753403723E-1,-1.216873080E-1
2.654053567E2,2.340521067E-1,5.646872520E-1,-8.137383498E-3
2.654255227E2,2.390101850E-1,8.590582609E-1,-3.634497523E-2
2.654456887E2,5.728346705E-1,9.258092642E-1,-2.603572309E-1
2.654658547E2,1.412010431E0,9.152492285E-1,-6.349387169E-1
2.654860197E2,2.546616793E0,1.258264780E0,-9.139080048E-1
2.655061857E2,3.200857639E0,1.854339361E0,-9.123620391E-1
2.655263517E2,3.223130226E0,2.191753864E0,-6.835216880E-1
2.655465177E2,2.879497766E0,1.994500160E0,-4.457128048E-1
2.655666827E2,2.676095724E0,1.521428347E0,-3.234568238E-1
2.655868487E2,2.795171499E0,1.126288772E0,-2.038436085E-1
2.656070147E2,3.022241592E0,8.955289721E-1,-1.615675241E-1
2.656271807E2,3.125361204E0,8.917852044E-1,-1.642878503E-1
2.656473457E2,2.987877846E0,9.324678183E-1,-9.892121702E-2
2.656675117E2,2.730606794E0,7.636958957E-1,-1.057868451E-1
2.656876777E2,2.495907068E0,5.113784671E-1,-1.819067895E-1
2.657078427E2,2.393900633E0,3.617804945E-1,-3.097599149E-1
2.657280087E2,2.321365833E0,3.372906446E-1,-3.917737007E-1
2.657481747E2,2.171517134E0,4.079275131E-1,-4.200198650E-1
2.657683407E2,1.955276489E0,4.272629321E-1,-4.997352362E-1
2.657885057E2,1.769414067E0,4.346319735E-1,-6.606316566E-1
2.658086717E2,1.686900854E0,5.298033357E-1,-8.247992992E-1
2.658288377E2,1.595276713E0,7.426088452E-1,-9.589027762E-1
2.658490037E2,1.473115087E0,8.759755492E-1,-1.065722704E0
2.658691687E2,1.336167336E0,1.014189363E0,-1.236444473E0
2.658893347E2,1.283618093E0,1.049638987E0,-1.282086849E0
2.659095007E2,1.171906471E0,9.618040323E-1,-1.281621456E0
2.659296657E2,9.628132582E-1,6.792069077E-1,-1.317634463E0
2.659498317E2,7.123022676E-1,6.006289721E-1,-1.375758410E0
2.659699973E2,5.886366963E-1,5.553547144E-1,-1.423057318E0
2.659901633E2,4.290310144E-1,4.986254573E-1,-1.407260180E0
2.660103283E2,-2.509786189E-2,5.807235241E-1,-1.276554585E0
2.660304943E2,-6.139218211E-1,5.740426183E-1,-1.240722537E0
2.660506603E2,-1.057358742E0,7.295547724E-1,-1.403223634E0
2.660708263E2,-1.388512969E0,1.352028728E0,-1.359537601E0
2.660909913E2,-1.516496658E0,1.555061460E0,-9.354448318E-1
2.661111573E2,-1.824298620E0,7.154428959E-1,-2.143680453E-1
2.661313233E2,-2.526142836E0,-7.719922662E-1,4.488596320E-1
2.661514883E2,-3.011847258E0,-1.707052708E0,4.973118007E-1
2.661716543E2,-2.718357563E0,-1.657649279E0,1.369135380E-1
2.661918203E2,-1.939747214E0,-1.120803714E0,-1.533740610E-1
2.662119863E2,-1.354721665E0,-3.047661483E-1,-4.415850937E-1
2.662321513E2,-1.206878781E0,6.479254961E-1,-7.814059258E-1
2.662523173E2,-1.161965847E0,1.487280130E0,-1.021797419E0
2.662724833E2,-1.016243935E0,2.056332827E0,-1.006599784E0
2.662926493E2,-8.453357816E-1,2.316464663E0,-9.027733803E-1
2.663128143E2,-6.708769202E-1,2.076978683E0,-7.105565071E-1
2.663329803E2,-5.617957711E-1,1.245304465E0,-4.714477658E-1
2.663531463E2,-4.317295849E-1,2.837950289E-1,-1.884845644E-1
2.663733113E2,-1.913697124E-1,-1.960622221E-1,7.076433860E-3
2.663934773E2,-5.206239969E-2,-2.264275104E-1,2.956045046E-2
2.664136433E2,1.987793110E-2,-6.284609437E-2,-7.996097952E-2
2.664338093E2,3.157142550E-2,-7.386795431E-2,-5.487413332E-2
2.664539743E2,-8.973253518E-2,-1.248877943E-1,-6.591746211E-2
2.664741403E2,-2.976512313E-1,-5.137334391E-2,-1.478633434E-1
2.664943063E2,-3.922625184E-1,1.877005994E-1,-2.347834557E-1
2.665144713E2,-3.510341346E-1,4.899742603E-1,-2.262241244E-1
2.665346373E2,-1.958400160E-1,6.689299941E-1,-2.119075954E-1
2.665548033E2,5.369013641E-3,7.555567622E-1,-1.859702468E-1
2.665749693E2,2.652930617E-1,6.955168843E-1,-2.891732156E-1
2.665951343E2,5.609890819E-1,3.987425268E-1,-4.095150530E-1
2.666153003E2,8.836373091E-1,-5.262437090E-2,-5.085777044E-1
2.666354663E2,1.059136987E0,-1.731844842E-1,-4.549797475E-1
2.666556323E2,1.178433895E0,-1.436073780E-1,-4.005379081E-1
2.666757973E2,1.179509163E0,3.009527735E-2,-3.739857972E-1
2.666959633E2,1.094055772E0,1.288076788E-1,-4.032391906E-1
2.667161293E2,1.019365668E0,4.212579504E-2,-5.082014799E-1
2.667362943E2,9.545987248E-1,4.789990187E-2,-6.117283106E-1
2.667564603E2,9.092503786E-1,-2.866584063E-2,-6.090778112E-1
2.667766263E2,8.144400120E-1,-1.395043880E-1,-6.512362361E-1
2.667967923E2,4.818413556E-1,2.637486160E-2,-5.103088021E-1
2.668169573E2,7.319851965E-2,3.726097941E-1,-4.612286985E-1
2.668371233E2,-1.920345426E-2,5.078164339E-1,-8.386420608E-1
2.668572893E2,2.743627429E-1,7.596947551E-1,-1.363214850E0
2.668774543E2,7.341428995E-1,1.324951768E0,-1.577830315E0
2.668976203E2,8.781048059E-1,1.695505381E0,-1.591354609E0
2.669177863E2,7.019382119E-1,1.796629906E0,-1.520622969E0
2.669379523E2,5.244801044E-1,1.744954944E0,-1.339203596E0
2.669581172E2,5.338734984E-1,1.733704686E0,-1.148199677E0
2.669782832E2,6.668418646E-1,1.755006552E0,-1.096405029E0
2.669984492E2,7.750939727E-1,1.823471785E0,-1.170061707E0
2.670186142E2,8.222700357E-1,2.023332119E0,-1.167551398E0
2.670387802E2,7.307465076E-1,2.198340178E0,-1.065534472E0
2.670589462E2,5.181162953E-1,2.138334990E0,-8.850138783E-1
2.670791122E2,2.690539062E-1,1.876186013E0,-7.723525167E-1
2.670992772E2,1.217138022E-1,1.594260216E0,-6.930169463E-1
2.671194432E2,1.313606650E-1,1.316513658E0,-5.682425499E-1
2.671396092E2,2.476438135E-1,8.671286702E-1,-4.604215920E-1
2.671597752E2,3.656692803E-1,4.284107387E-1,-4.200418293E-1
2.671799402E2,5.327466130E-1,1.593001932E-1,-3.880546689E-1
2.672001062E2,6.814351678E-1,9.157384187E-2,-3.359620273E-1
2.672202722E2,7.130660415E-1,1.710991412E-1,-2.062550038E-1
2.672404372E2,5.909276605E-1,5.622631311E-2,-3.416780755E-2
2.672606032E2,3.880390823E-1,-2.842136025E-1,1.878370345E-2
2.672807692E2,2.540527582E-1,-6.461061835E-1,-3.459819034E-2
2.673009342E2,2.341608107E-1,-7.645055056E-1,-7.954182476E-2
2.673211002E2,5.853929371E-2,-7.146849632E-1,1.618657820E-2
2.673412662E2,-3.290248215E-1,-7.876006365E-1,1.227203757E-1
2.673614322E2,-8.015500307E-1,-9.630961418E-1,1.898922026E-1
2.673815972E2,-1.218726277E0,-1.064817071E0,1.806971133E-1
2.674017632E2,-1.374848485E0,-1.151582241E0,1.772046238E-1
2.674219292E2,-1.375682235E0,-1.449445128E0,3.239260614E-1
2.674420952E2,-1.439188123E0,-1.726944208E0,4.279566705E-1
2.674622602E2,-1.484933615E0,-1.277952671E0,2.920803428E-1
2.674824262E2,-1.229678273E0,-4.035041034E-1,2.606482478E-3
2.675025922E2,-8.877989054E-1,3.619123697E-1,-3.686227202E-1
2.675227572E2,-6.004046202E-1,5.813645720E-1,-6.197604537E-1
2.675429232E2,-6.067610383E-1,2.441009432E-1,-6.640548110E-1
2.675630892E2,-5.155190229E-1,-1.426792890E-2,-5.470091701E-1
2.675832552E2,-4.958365858E-1,-1.416853666E-1,-2.794292271E-1
2.676034202E2,-6.883205175E-1,-1.329580694E-1,-7.099384815E-2
2.676235862E2,-7.777999640E-1,6.711640954E-2,-2.115477435E-2
2.676437522E2,-8.024795055E-1,4.000180364E-1,-1.806899719E-2
2.676639172E2,-8.786413074E-1,6.647074819E-1,2.225939371E-2
2.676840832E2,-1.016126037E0,8.331805468E-1,1.442504376E-1
2.677042492E2,-1.043519855E0,1.115692496E0,3.391048312E-1
2.677244152E2,-9.942566752E-1,1.254678011E0,5.058044791E-1
2.677445802E2,-9.063349962E-1,1.206637383E0,6.063868403E-1
2.677647462E2,-6.538426280E-1,9.748819470E-1,5.771273971E-1
2.677849122E2,-2.128821909E-1,7.433962822E-1,4.662795663E-1
2.678050772E2,3.348474801E-1,6.188784838E-1,3.183548450E-1
2.678252432E2,7.836084962E-1,5.782946348E-1,1.502381563E-1
2.678454092E2,1.091036439E0,6.093338728E-1,7.690998167E-2
2.678655752E2,1.297351122E0,5.723611116E-1,7.500036061E-2
2.678857402E2,1.448730350E0,3.696801662E-1,6.899984926E-2
2.679059062E2,1.531677604E0,1.304058135E-1,8.707810938E-2
2.679260722E2,1.581428885E0,-2.185658365E-2,1.076308638E-1
2.679462372E2,1.604777217E0,1.263599098E-2,7.455886900E-2
2.679664036E2,1.651023149E0,1.596147567E-1,-7.333794981E-2
2.679865696E2,1.733875871E0,3.420281112E-1,-2.029518932E-1
2.680067356E2,1.607852459E0,5.514946580E-1,-1.718204319E-1
2.680269006E2,1.179583669E0,5.490698218E-1,7.900267839E-2
2.680470666E2,5.978680849E-1,-6.046595052E-2,1.602573395E-1
2.680672326E2,3.798794746E-2,-4.586129189E-1,-1.128668711E-1
2.680873976E2,-1.478709728E-1,-9.349536896E-2,-5.181466341E-1
2.681075636E2,1.780491881E-2,7.980731726E-1,-8.760797977E-1
2.681277296E2,2.094220966E-1,1.560518742E0,-9.440397620E-1
2.681478956E2,3.030886352E-1,1.777985454E0,-8.179636598E-1
2.681680606E2,4.250211418E-1,1.548694015E0,-6.442081332E-1
2.681882266E2,5.546094179E-1,9.630998969E-1,-4.576748610E-1
2.682083926E2,7.509788275E-1,1.716816276E-1,-4.645210505E-1
2.682285576E2,1.043546438E0,-3.375868797E-1,-6.449773312E-1
2.682487236E2,1.179344296E0,-1.473518014E-1,-7.335196137E-1
2.682688896E2,1.056024432E0,3.226650059E-1,-5.827530026E-1
2.682890556E2,5.182917118E-1,5.567993522E-1,-2.524737716E-1
2.683092206E2,-3.335922658E-1,5.780500174E-1,8.151836693E-3
2.683293866E2,-1.038242221E0,5.535806417E-1,-1.000934653E-2
2.683495526E2,-1.257259607E0,5.861424804E-1,-9.577826411E-2
2.683697176E2,-1.126637816E0,6.497551799E-1,-2.525629699E-1
2.683898836E2,-9.908320904E-1,8.273108006E-1,-3.856227696E-1
2.684100496E2,-1.090578914E0,1.023712754E0,-4.868581891E-1
2.684302156E2,-1.383133769E0,1.038340807E0,-4.919830263E-1
2.684503806E2,-1.799646497E0,8.735449910E-1,-4.400055408E-1
2.684705466E2,-2.165234089E0,8.354932666E-1,-4.417973757E-1
2.684907126E2,-2.346004248E0,1.128087759E0,-5.013946891E-1
2.685108776E2,-2.384897232E0,1.302443147E0,-4.452697337E-1
2.685310436E2,-2.459906578E0,1.249658227E0,-1.625483036E-1
2.685512096E2,-2.524676085E0,1.085531950E0,1.275526583E-1
2.685713756E2,-2.479947090E0,9.065169096E-1,3.048142493E-1
2.685915406E2,-2.085463047E0,5.104714632E-1,3.501277864E-1
2.686117066E2,-1.350142002E0,2.308690101E-1,3.132980168E-1
2.686318726E2,-2.629008889E-1,2.165581435E-1,1.701288819E-1
2.686520376E2,6.309096217E-1,5.176053047E-1,5.761153251E-2
2.686722036E2,1.122292280E0,6.744818687E-1,-1.480630785E-1
2.686923696E2,1.447062969E0,2.858282328E-1,-4.618087709E-1
2.687125346E2,1.885464430E0,-1.395438612E-1,-8.634588718E-1
2.687327006E2,2.554533958E0,-2.000118792E-1,-9.921684265E-1
2.687528666E2,2.879101515E0,9.527263790E-2,-9.594621062E-1
2.687730326E2,2.883210897E0,5.653316975E-1,-9.165051579E-1
2.687931976E2,2.806663275E0,1.252792120E0,-8.530361652E-1
2.688133636E2,2.798419237E0,1.619469762E0,-7.385777235E-1
2.688335296E2,2.733600140E0,1.459259152E0,-5.925078988E-1
2.688536946E2,2.594102859E0,1.024275661E0,-4.976653159E-1
2.688738606E2,2.575727701E0,7.776339054E-1,-4.230473936E-1
2.688940266E2,2.653125048E0,9.078478813E-1,-3.307861686E-1
2.689141926E2,2.749402523E0,1.302069664E0,-1.800784320E-1
2.689343576E2,2.892033577E0,1.745961905E0,1.020549908E-1
2.689545236E2,2.982042551E0,2.137688398E0,4.946784675E-1
2.689746890E2,2.864089966E0,2.084549189E0,7.268860936E-1
2.689948540E2,2.269930601E0,1.315640092E0,6.405971646E-1
2.690150200E2,1.573549867E0,1.685342789E-1,2.698975503E-1
2.690351860E2,1.226174235E0,-5.330787897E-1,4.450766370E-2
2.690553520E2,1.228688717E0,-6.014717817E-1,6.371721625E-2
2.690755170E2,1.286758304E0,-2.822123766E-1,1.373462677E-1
2.690956830E2,1.173589706E0,-2.053059340E-1,1.607554555E-1
2.691158490E2,7.423586845E-1,-3.868506849E-1,7.512420416E-2
2.691360140E2,2.155447006E-1,-5.275887847E-1,-1.371243000E-1
2.691561800E2,-2.594226301E-1,-2.401668578E-1,-3.194409907E-1
2.691763460E2,-5.414426923E-1,4.232119322E-1,-4.830507934E-1
2.691965110E2,-5.541504622E-1,1.047129273E0,-5.827437043E-1
2.692166770E2,-7.207032442E-1,1.238893628E0,-5.254016519E-1
2.692368430E2,-1.360947251E0,1.082645535E0,-5.958450437E-1
2.692570090E2,-2.058619976E0,8.210730553E-1,-8.936062455E-1
2.692771740E2,-2.288556814E0,5.013540387E-1,-9.933067560E-1
2.692973400E2,-2.135149956E0,3.652074039E-1,-9.011676311E-1
2.693175060E2,-2.220898390E0,7.428653240E-1,-8.397309780E-1
2.693376710E2,-2.444684505E0,1.375289798E0,-1.112888813E0
2.693578370E2,-2.398145437E0,1.122777462E0,-1.254721045E0
2.693780030E2,-2.351615191E0,2.521058023E-1,-1.029524565E0
2.693981690E2,-2.515958309E0,-5.923996568E-1,-6.976465583E-1
2.694183340E2,-2.740125895E0,-9.097614884E-1,-4.804335833E-1
2.694385000E2,-2.842883348E0,-4.394837320E-1,-3.533680439E-1
2.694586660E2,-2.503404379E0,1.702098697E-1,-2.483346760E-1
2.694788310E2,-2.104056597E0,-4.386779666E-2,4.354019649E-3
2.694989970E2,-2.123138666E0,-8.268839717E-1,9.666794538E-2
2.695191630E2,-2.273022890E0,-1.140507340E0,6.182451919E-2
2.695393290E2,-2.246993780E0,-8.180639148E-1,1.740620732E-1
2.695594940E2,-2.149863720E0,-4.013666809E-1,4.523818791E-1
2.695796600E2,-2.132015705E0,-1.202595979E-1,5.335975885E-1
2.695998260E2,-2.089725971E0,-1.279662251E-1,3.555875123E-1
2.696199910E2,-1.922002912E0,-3.100659251E-1,2.257419229E-1
2.696401570E2,-1.612098455E0,-4.909919202E-1,1.946675032E-1
2.696603230E2,-1.035479784E0,-5.209133029E-1,1.670270711E-1
2.696804880E2,-1.605868340E-1,-4.080137610E-1,1.378144771E-1
2.697006540E2,5.531641841E-1,-2.190413028E-1,8.973919600E-2
2.697208200E2,9.278874397E-1,-4.165832102E-1,9.528868645E-2
2.697409860E2,9.843973517E-1,-6.479144692E-1,1.923243254E-1
2.697611510E2,1.011597037E0,-5.101627111E-1,2.896518111E-1
2.697813170E2,1.164462090E0,-5.980353802E-2,1.826940477E-1
2.698014830E2,1.606851220E0,1.103228778E-1,-8.158791065E-2
2.698216480E2,2.291781902E0,-8.938942850E-2,-3.406832814E-1
2.698418140E2,2.948363543E0,-1.496121883E-1,-4.242451489E-1
2.698619800E2,3.338556051E0,7.835716754E-2,-3.142247498E-1
2.698821460E2,3.489765882E0,3.087919950E-1,-1.373060644E-1
2.699023110E2,3.495105267E0,4.452406168E-1,-1.075501367E-2
2.699224770E2,3.471253157E0,4.183907807E-1,6.670021266E-2
2.699426430E2,3.455368757E0,6.093092635E-2,6.665078551E-2
2.699628084E2,3.474344730E0,-2.654639482E-1,9.531532228E-2
2.699829744E2,3.540297031E0,-2.990082502E-1,9.329558164E-2
2.700031404E2,3.619872332E0,-2.293903381E-2,4.825434834E-2
2.700233054E2,3.536988258E0,2.144637853E-1,7.666493952E-2
2.700434714E2,3.092582226E0,4.694497678E-3,1.416339576E-1
2.700636374E2,2.525924683E0,-4.596999288E-1,1.895982921E-1
2.700838034E2,2.075699091E0,-7.313120961E-1,1.352185309E-1
2.701039684E2,1.837981462E0,-6.112515926E-1,1.781308651E-2
2.701241344E2,1.796940088E0,-3.727761805E-1,1.265802234E-2
2.701443004E2,1.744376063E0,-3.267899752E-1,6.014619954E-3
2.701644654E2,1.429030299E0,-5.113673210E-1,-1.984189600E-1
2.701846314E2,9.324544072E-1,-5.362663269E-1,-4.515491128E-1
2.702047974E2,3.033547997E-1,-2.390907705E-1,-5.270262361E-1
2.702249634E2,-3.110429347E-1,3.233313262E-1,-4.065355062E-1
2.702451284E2,-8.115789890E-1,8.731709123E-1,-3.481309414E-1
2.702652944E2,-1.299581766E0,1.077641606E0,-5.039611459E-1
2.702854604E2,-1.918727756E0,9.346484542E-1,-8.900342584E-1
2.703056254E2,-2.317259073E0,9.535165429E-1,-1.175230622E0
2.703257914E2,-2.627704144E0,1.276841879E0,-9.013343453E-1
2.703459574E2,-3.171262503E0,1.442858696E0,-3.606319726E-1
2.703661234E2,-3.827759981E0,1.035592198E0,-1.583970785E-1
2.703862884E2,-3.980485916E0,6.654735804E-1,-5.363163948E-1
2.704064544E2,-3.321440935E0,3.112820387E-1,-6.909283996E-1
2.704266204E2,-2.836600780E0,-1.055377498E-1,-5.088452101E-1
2.704467854E2,-2.915399313E0,-2.741224170E-1,-3.454736471E-1
2.704669514E2,-3.035915852E0,-1.251297593E-1,-2.494722903E-1
2.704871174E2,-2.836820126E0,3.272409141E-1,-4.320570230E-1
2.705072824E2,-2.134413242E0,3.765533268E-1,-7.013650537E-1
2.705274484E2,-1.478984594E0,-2.506074905E-1,-6.784238815E-1
2.705476144E2,-1.353965998E0,-9.704532027E-1,-4.891176224E-1
2.705677804E2,-1.539183855E0,-1.116783381E0,-3.535761535E-1
2.705879454E2,-1.450403214E0,-8.546047211E-1,-2.901172936E-1
2.706081114E2,-1.077655554E0,-9.257944226E-1,-3.685427085E-2
2.706282774E2,-9.116315842E-1,-1.233526111E0,2.265061289E-1
2.706484424E2,-1.082380414E0,-1.296497226E0,4.485214651E-1
2.706686084E2,-1.422529936E0,-8.194432855E-1,5.283706188E-1
2.706887744E2,-1.495076180E0,-3.815324605E-1,6.458659172E-1
2.707089404E2,-1.505774498E0,-1.872971952E-1,7.022519708E-1
2.707291054E2,-1.470220327E0,-2.226501256E-1,5.760434270E-1
2.707492714E2,-1.329875827E0,-3.712147772E-1,4.140348434E-1
2.707694374E2,-1.001107454E0,-4.337805510E-1,3.126247227E-1
2.707896024E2,-5.243446827E-1,-1.621036828E-1,2.197079808E-1
2.708097684E2,-7.024408877E-2,9.305848926E-2,1.604741067E-1
2.708299344E2,3.127088845E-1,3.631540835E-1,1.705882400E-1
2.708500994E2,7.451803088E-1,4.496331811E-1,3.123014569E-1
2.708702654E2,1.146735072E0,2.478812784E-1,4.262993932E-1
2.708904314E2,1.440917373E0,-2.884726226E-1,3.307996094E-1
2.709105974E2,1.680960894E0,-9.119428396E-1,2.726318240E-1
2.709307624E2,1.990275264E0,-1.044411659E0,2.998562455E-1
2.709509284E2,2.364183903E0,-7.152931094E-1,2.977757454E-1
2.709710944E2,2.748636246E0,-3.241183460E-1,1.135690287E-1
2.709912594E2,3.027785301E0,-3.525479510E-2,-6.080064178E-2
2.710114254E2,3.180103302E0,8.088535815E-2,-1.468536407E-1
2.710315914E2,3.211703539E0,1.186897755E-1,-1.328924000E-1
2.710517564E2,3.145157337E0,2.544783354E-1,-5.651759729E-2
2.710719224E2,3.065427542E0,4.867539406E-1,-3.168765223E-3
2.710920884E2,2.976711273E0,3.857052326E-1,-3.336529061E-2
2.711122544E2,2.899088860E0,-1.628740504E-2,2.274887078E-2
2.711324194E2,2.788777113E0,-4.709839523E-1,4.929497093E-2
2.711525854E2,2.548324347E0,-6.846244931E-1,-6.156416982E-2
2.711727514E2,2.371332884E0,-6.024407744E-1,-1.801861525E-1
2.711929164E2,2.299288034E0,-2.490202636E-1,-1.796609759E-1
2.712130824E2,2.210645914E0,-7.429857552E-2,-1.183750108E-2
2.712332484E2,1.963221669E0,-4.101617634E-2,7.942291349E-2
2.712534134E2,1.601138949E0,6.931145489E-2,-7.185529917E-2
2.712735794E2,1.185573339E0,1.920575351E-1,-2.208575159E-1
2.712937454E2,6.823669672E-1,3.543687761E-1,-1.852815896E-1
2.713139114E2,7.667421550E-2,5.643367767E-1,-1.673923433E-1
2.713340764E2,-5.291506052E-1,8.280199170E-1,-4.200608134E-1
2.713542424E2,-8.915854096E-1,1.194164276E0,-7.958987355E-1
2.713744084E2,-8.317321539E-1,1.298107624E0,-1.030543089E0
2.713945734E2,-8.759627938E-1,1.067472696E0,-1.059661984E0
2.714147394E2,-1.194060802E0,7.771764994E-1,-1.028856993E0
2.714349054E2,-1.481768608E0,6.183195710E-1,-9.424027205E-1
2.714550704E2,-1.709493399E0,4.835715294E-1,-7.701128125E-1
2.714752364E2,-2.011005402E0,2.138107866E-1,-5.203846097E-1
2.714954024E2,-2.366023779E0,-4.464579746E-2,-2.660572529E-1
2.715155684E2,-2.650461197E0,-2.202893943E-1,-1.764584035E-1
2.715357334E2,-2.919919491E0,-2.975783050E-1,-1.999802142E-1
2.715558994E2,-2.979115963E0,-4.908356369E-1,-1.737005562E-1
2.715760654E2,-2.920395851E0,-7.318590879E-1,-2.582880557E-1
2.715962304E2,-2.769519806E0,-7.891778350E-1,-3.055258691E-1
2.716163964E2,-2.618788004E0,-5.642981529E-1,-2.270062566E-1
2.716365624E2,-2.587321758E0,-3.342569470E-1,-1.598119140E-1
2.716567274E2,-2.606262445E0,-2.565711141E-1,-9.673279524E-2
2.716768934E2,-2.619111538E0,-1.140941605E-1,8.472272754E-2
2.716970594E2,-2.665950775E0,3.010278009E-2,3.337530792E-1
2.717172254E2,-2.656518936E0,3.432645276E-2,5.953147411E-1
2.717373904E2,-2.648606300E0,-2.104276121E-1,8.243454099E-1
2.717575564E2,-2.422933578E0,-5.526143312E-1,7.654132843E-1
2.717777224E2,-1.822614193E0,-7.835392952E-1,5.671377182E-1
2.717978874E2,-1.206373572E0,-9.329177737E-1,4.281502962E-1
2.718180534E2,-8.855123520E-1,-7.889746428E-1,1.960342079E-1
2.718382194E2,-7.037894726E-1,-4.815317094E-1,-6.189534068E-2
2.718583844E2,-4.740549624E-1,-2.487426549E-1,-1.574861705E-1
2.718785504E2,-1.702522039E-1,-3.389642239E-1,-1.486322284E-1
2.718987164E2,2.043807060E-1,-3.619168401E-1,-1.931162030E-1
2.719188824E2,7.175149322E-1,-5.752074718E-2,-3.218154609E-1
2.719390474E2,1.296944022E0,4.192264676E-1,-4.820484221E-1
2.719592134E2,1.996212363E0,6.843016148E-1,-6.091244817E-1
2.719793795E2,2.741905451E0,5.098343492E-1,-5.577426553E-1
2.719995445E2,3.120233774E0,3.189665973E-1,-4.336373508E-1
2.720197105E2,3.122382164E0,1.133991852E-1,-2.898383737E-1
2.720398765E2,2.858799934E0,1.596055739E-2,-4.181110486E-2
2.720600415E2,2.499758005E0,-3.136674315E-2,2.283412814E-1
2.720802075E2,2.427520037E0,-4.397265241E-2,4.518972635E-1
2.721003735E2,2.690710306E0,-4.182817414E-2,4.953173399E-1
2.721205395E2,2.988321543E0,-6.586154550E-2,2.750248909E-1
2.721407045E2,3.133895636E0,5.063058808E-2,-5.002752878E-3
2.721608705E2,3.208906651E0,1.003806964E-1,-6.365435570E-2
2.721810365E2,3.176358938E0,5.574615300E-2,1.232904149E-3
2.722012015E2,3.055997610E0,-5.770708434E-3,2.965694666E-2
2.722213675E2,2.751282215E0,-4.296714067E-2,-7.273280621E-2
2.722415335E2,2.532531738E0,1.284881867E-2,-1.413303763E-1
2.722616985E2,2.535598040E0,1.475963444E-1,-7.480607182E-2
2.722818645E2,2.454057217E0,1.763464957E-1,-5.653093010E-2
2.723020305E2,2.014565945E0,1.977778524E-1,-1.506309211E-1
2.723221955E2,1.428740025E0,2.000140846E-1,-2.609788775E-1
2.723423615E2,9.637513161E-1,4.047837481E-2,-3.269577622E-1
2.723625275E2,5.805612803E-1,-1.335420907E-1,-3.509781659E-1
2.723826935E2,2.867536247E-2,8.136052638E-2,-3.749571145E-1
2.724028585E2,-5.176297426E-1,5.267349482E-1,-4.442253709E-1
2.724230245E2,-1.048137188E0,1.018924236E0,-5.803744197E-1
2.724431905E2,-1.526143432E0,1.354122758E0,-6.259224415E-1
2.724633555E2,-1.938260078E0,1.248146892E0,-5.359700918E-1
2.724835215E2,-2.377249479E0,8.169844747E-1,-2.999385595E-1
2.725036875E2,-2.787643194E0,3.626824617E-1,-1.925831586E-1
2.725238525E2,-2.854992390E0,2.367706597E-1,-1.905083060E-1
2.725440185E2,-2.497337818E0,2.027773708E-1,-1.436695755E-1
2.725641845E2,-2.271086216E0,-2.094068006E-2,-1.931886189E-2
2.725843505E2,-2.366051674E0,-2.860555947E-1,-2.996817604E-2
2.726045155E2,-2.403246403E0,-4.075971842E-1,-1.595505178E-1
2.726246815E2,-2.204753399E0,-5.698035359E-1,-1.447161883E-1
2.726448475E2,-1.932179809E0,-9.488912225E-1,5.114613846E-2
2.726650125E2,-1.852717519E0,-1.314502001E0,1.710907668E-1
2.726851785E2,-1.801182508E0,-1.421837211E0,1.738663316E-1
2.727053445E2,-1.677398562E0,-1.266873956E0,3.283595294E-2
2.727255095E2,-1.396234274E0,-8.791846633E-1,-1.512800753E-1
2.727456755E2,-1.118281484E0,-5.669180155E-1,-1.282123029E-1
2.727658415E2,-1.259967685E0,-5.903538465E-1,-1.547325030E-2
2.727860065E2,-1.521847963E0,-3.616052568E-1,2.638686299E-1
2.728061725E2,-1.616921902E0,-1.995237917E-2,6.112936735E-1
2.728263385E2,-1.761928797E0,-2.007076889E-2,9.078462124E-1
2.728465045E2,-1.921237469E0,-3.425537944E-1,8.858697414E-1
2.728666695E2,-1.955906034E0,-5.252512097E-1,7.416345477E-1
2.728868355E2,-1.825055242E0,-3.829886019E-1,6.331970096E-1
2.729070015E2,-1.742434978E0,-7.900547981E-2,6.209613681E-1
2.729271665E2,-1.635367036E0,1.868028939E-1,4.901485145E-1
2.729473325E2,-1.332625389E0,2.847570479E-1,2.206553966E-1
2.729674985E2,-7.294972539E-1,2.520866394E-1,-1.788385957E-1
2.729876635E2,1.296702474E-1,2.090456784E-1,-6.134984493E-1
2.730078295E2,9.472684264E-1,3.668782115E-1,-9.084851742E-1
2.730279955E2,1.655531883E0,4.561465085E-1,-9.151612520E-1
2.730481615E2,2.169413090E0,3.788730204E-1,-8.136888146E-1
2.730683265E2,2.403203011E0,2.824880481E-1,-7.760846019E-1
2.730884925E2,2.528023243E0,3.075686693E-1,-7.696515918E-1
2.731086585E2,2.696899652E0,5.867950320E-1,-7.314976454E-1
2.731288235E2,2.897005320E0,9.417088628E-1,-6.508855224E-1
2.731489895E2,2.984333038E0,1.155239224E0,-5.875002742E-1
2.731691555E2,2.959192276E0,1.059510708E0,-6.065365672E-1
2.731893205E2,3.012732267E0,1.042555094E0,-6.227666140E-1
2.732094865E2,3.080139160E0,1.113243103E0,-6.653516293E-1
2.732296525E2,3.010894537E0,1.141899824E0,-6.856168509E-1
2.732498175E2,2.934657574E0,1.164940834E0,-5.741200447E-1
2.732699835E2,2.865750074E0,1.021813869E0,-4.361131191E-1
2.732901495E2,2.665370226E0,7.639732957E-1,-3.674708307E-1
2.733103145E2,2.381886721E0,4.365169704E-1,-3.784657121E-1
2.733304805E2,2.115179539E0,2.704843879E-1,-3.513873518E-1
2.733506465E2,1.931188822E0,2.742455304E-1,-2.531943321E-1
2.733708125E2,1.747034192E0,3.824724555E-1,-1.298935711E-1
2.733909775E2,1.423191428E0,2.993448079E-1,-9.038690478E-2
2.734111435E2,1.009265900E0,1.817528158E-1,-1.475680321E-1
2.734313095E2,6.507105231E-1,2.108099610E-1,-2.523756921E-1
2.734514745E2,2.250173539E-1,3.496559262E-1,-2.985695302E-1
2.734716405E2,-2.271554321E-1,4.144845009E-1,-2.641690969E-1
2.734918065E2,-5.864586830E-1,5.242522955E-1,-3.348093033E-1
2.735119715E2,-8.303577900E-1,7.263802886E-1,-4.990051985E-1
2.735321375E2,-9.949895144E-1,9.028778076E-1,-6.981616616E-1
2.735523035E2,-1.235693574E0,1.038668752E0,-6.823518276E-1
2.735724685E2,-1.590590835E0,9.825125933E-1,-5.754441619E-1
2.735926345E2,-1.817848802E0,7.392251492E-1,-4.541922808E-1
2.736128005E2,-1.858661175E0,2.699164450E-1,-2.552920878E-1
2.736329655E2,-1.835460544E0,-9.069482982E-2,4.906139895E-2
2.736531315E2,-1.766801715E0,-1.279764473E-1,2.162089795E-1
2.736732975E2,-1.785413265E0,-1.149294227E-1,1.433952302E-1
2.736934635E2,-1.891080856E0,-8.982499689E-2,-2.769971499E-3
2.737136285E2,-1.886883259E0,-4.616334289E-2,-1.419148147E-1
2.737337945E2,-1.800383091E0,4.638183862E-3,-2.463203222E-1
2.737539605E2,-1.715686083E0,-9.089758992E-2,-2.485011667E-1
2.737741255E2,-1.837778091E0,-3.896993101E-1,-1.937887967E-1
2.737942915E2,-1.902534127E0,-4.141223133E-1,-4.452167079E-2
2.738144575E2,-2.120463133E0,-3.509361446E-1,-1.612546109E-2
2.738346225E2,-2.298438549E0,-2.704498172E-1,-4.744916782E-2
2.738547885E2,-2.192404270E0,-8.531753719E-2,-6.476010382E-2
2.738749545E2,-2.105893612E0,-2.154518105E-2,-3.072770126E-2
2.738951195E2,-2.098178864E0,5.121174827E-2,5.234734342E-2
2.739152855E2,-2.034304857E0,2.204550952E-1,1.270458102E-1
2.739354515E2,-1.893256187E0,4.329582453E-1,1.395192593E-1
2.739556165E2,-1.693005085E0,3.154322505E-1,1.471698433E-1
2.739757830E2,-1.412889719E0,-2.472363710E-1,1.581900269E-1
2.739959490E2,-9.890272021E-1,-7.744886279E-1,5.125584453E-2
2.740161150E2,-4.973346293E-1,-8.731945753E-1,-1.655862853E-2
2.740362800E2,-2.104022205E-1,-7.573567629E-1,3.704214469E-2
2.740564460E2,-1.316203773E-1,-5.776356459E-1,1.444447786E-1
2.740766120E2,-2.620769292E-2,-4.780303240E-1,1.230167150E-1
2.740967770E2,1.118098348E-1,-4.831142128E-1,-1.074162200E-1
2.741169430E2,2.610407770E-1,-3.025071919E-1,-3.268639147E-1
2.741371090E2,3.128631413E-1,1.452883333E-1,-3.995235860E-1
2.741572740E2,2.390938401E-1,6.501947045E-1,-3.665218055E-1
2.741774400E2,2.301926613E-1,8.594365120E-1,-2.476188838E-1
2.741976060E2,4.337672889E-1,4.763803482E-1,-2.051803321E-1
2.742177710E2,7.650681734E-1,-1.172537655E-1,-2.580355704E-1
2.742379370E2,9.955912232E-1,-1.413370967E-1,-2.712404430E-1
2.742581030E2,1.003333569E0,4.031345844E-1,-1.503407955E-1
2.742782680E2,1.197901130E0,6.298680902E-1,-1.456620246E-1
2.742984340E2,1.790245056E0,4.441244304E-1,-3.111983836E-1
2.743186000E2,2.503197670E0,2.628779709E-1,-6.478651166E-1
2.743387650E2,2.949326992E0,4.612278640E-1,-7.743539214E-1
2.743589310E2,2.930030346E0,8.802147508E-1,-5.800935030E-1
2.743790970E2,2.516530275E0,1.045613050E0,-2.499467582E-1
2.743992620E2,2.088814020E0,1.060203791E0,9.481810778E-2
2.744194280E2,1.982164383E0,8.820863962E-1,4.857548177E-1
2.744395940E2,2.155894756E0,2.498532683E-1,5.769926906E-1
2.744597600E2,2.459321260E0,-4.724297225E-1,4.484862983E-1
2.744799250E2,2.688096046E0,-7.274755239E-1,2.045890838E-1
2.745000910E2,2.725197554E0,-5.456497669E-1,-8.947848342E-3
2.745202570E2,2.726037502E0,-9.576222301E-2,-1.109343991E-1
2.745404220E2,2.728903055E0,3.011713624E-1,-1.770075411E-1
2.745605880E2,2.704951525E0,5.423278213E-1,-1.692256778E-1
2.745807540E2,2.572093964E0,6.205888391E-1,-2.168336660E-1
2.746009190E2,2.299450636E0,5.762751102E-1,-3.556639850E-1
2.746210850E2,2.026590347E0,6.414737701E-1,-5.173225403E-1
2.746412510E2,1.786070943E0,8.784342408E-1,-6.537449360E-1
2.746614160E2,1.505739927E0,1.120962858E0,-7.332865000E-1
2.746815820E2,1.178068995E0,1.319430351E0,-7.591042519E-1
2.747017480E2,8.616924286E-1,1.452612400E0,-7.601184249E-1
2.747219130E2,5.912352800E-1,1.503832102E0,-7.426775098E-1
2.747420790E2,2.893723547E-1,1.427553535E0,-8.028197885E-1
2.747622450E2,-1.343339682E-1,1.338510871E0,-9.611577392E-1
2.747824100E2,-5.411826968E-1,1.120836854E0,-1.180182338E0
2.748025760E2,-8.599644899E-1,1.090324283E0,-1.298286676E0
2.748227420E2,-1.026340961E0,1.250094414E0,-1.306356668E0
2.748429070E2,-1.145846963E0,1.424846411E0,-1.475748062E0
2.748630730E2,-1.324987650E0,1.530073404E0,-1.640222430E0
2.748832390E2,-1.642088175E0,1.480338335E0,-1.609307051E0
2.749034040E2,-2.065906286E0,1.058791161E0,-1.390028358E0
2.749235700E2,-2.477400303E0,5.489447713E-1,-1.163942575E0
2.749437360E2,-2.637161732E0,1.676363796E-1,-9.758657217E-1
2.749639020E2,-2.640648842E0,-3.036621213E-1,-6.330965161E-1
2.749840664E2,-2.662724972E0,-8.211076856E-1,-1.051191241E-1
2.750042324E2,-2.746988058E0,-1.058167338E0,3.131071627E-1
2.750243984E2,-2.767025709E0,-1.117013097E0,6.204669476E-1
2.750445634E2,-2.615722418E0,-1.001804471E0,6.762050390E-1
2.750647294E2,-2.078929901E0,-7.468900681E-1,2.197614908E-1
2.750848954E2,-1.080456972E0,-2.648676038E-1,-4.145932198E-1
2.751050604E2,-9.007535130E-2,4.520933330E-1,-8.390490413E-1
2.751252264E2,4.472831786E-1,9.691651464E-1,-1.022505999E0
2.751453924E2,4.211374819E-1,1.247728467E0,-1.020810366E0
2.751655574E2,-8.561594412E-3,1.544680357E0,-8.744312525E-1
2.751857234E2,-5.432630181E-1,1.859221697E0,-6.627465487E-1
2.752058894E2,-8.637357354E-1,2.163834333E0,-3.394298851E-1
2.752260544E2,-8.547678590E-1,2.351509571E0,-8.505566418E-2
2.752462204E2,-6.981237531E-1,2.286201954E0,-1.002059877E-1
2.752663864E2,-1.229697540E-1,1.985197902E0,-3.123988211E-1
2.752865514E2,8.686362505E-1,1.760683060E0,-5.504293442E-1
2.753067174E2,1.704880476E0,1.861542225E0,-6.932243705E-1
2.753268834E2,2.021450043E0,1.966588259E0,-6.854103804E-1
2.753470484E2,2.088983536E0,1.996024609E0,-6.045044065E-1
2.753672144E2,2.218875408E0,1.941339612E0,-5.793482661E-1
2.753873804E2,2.475310802E0,1.795298338E0,-6.222029924E-1
2.754075454E2,2.660590887E0,1.628682256E0,-6.164121032E-1
2.754277114E2,2.730223417E0,1.456232190E0,-5.769526958E-1
2.754478774E2,2.645235777E0,1.421885014E0,-5.737351775E-1
2.754680424E2,2.449914694E0,1.563718796E0,-5.622955561E-1
2.754882084E2,2.248413324E0,1.567103148E0,-6.001278162E-1
2.755083744E2,2.010146856E0,1.533659697E0,-5.936348438E-1
2.755285394E2,1.626491785E0,1.539783120E0,-5.134105682E-1
2.755487054E2,1.078447700E0,1.542895794E0,-4.962317348E-1
2.755688714E2,5.388244987E-1,1.592553854E0,-4.994286001E-1
2.755890364E2,2.456213236E-1,1.746894240E0,-4.628815353E-1
2.756092024E2,3.265981972E-1,1.736759543E0,-5.490716696E-1
2.756293684E2,5.293081403E-1,1.351404905E0,-6.707838178E-1
2.756495334E2,4.836284816E-1,1.010241151E0,-6.767826080E-1
2.756696994E2,9.082978964E-2,1.159563661E0,-4.296432734E-1
2.756898654E2,-5.920192599E-1,1.815979004E0,-2.818159759E-2
2.757100304E2,-1.020765066E0,2.157735586E0,-2.886603028E-2
2.757301964E2,-2.728470564E-1,1.357464790E0,-6.841526628E-1
2.757503624E2,1.303082705E0,7.583551407E-1,-1.253443122E0
2.757705274E2,2.432214499E0,1.164392352E0,-1.425373197E0
2.757906934E2,2.773648977E0,1.695088863E0,-1.382670760E0
2.758108594E2,2.608962059E0,2.008427382E0,-1.138916850E0
2.758310244E2,2.535078287E0,1.932375193E0,-8.666645288E-1
2.758511904E2,2.885586262E0,1.452559352E0,-8.676323891E-1
2.758713564E2,3.292740583E0,1.187393188E0,-9.679138064E-1
2.758915214E2,3.151279688E0,1.130875468E0,-1.023842573E0
2.759116874E2,2.926010132E0,1.020371914E0,-1.007287621E0
2.759318534E2,2.824413538E0,1.080456495E0,-8.215367794E-1
2.759520184E2,2.922457457E0,9.081158638E-1,-4.231668711E-1
2.759721846E2,2.928770304E0,7.194253802E-1,-8.008900285E-2
2.759923506E2,2.641587496E0,5.722794533E-1,-3.940282762E-2
2.760125156E2,2.261733294E0,4.135778546E-1,-1.069559008E-1
2.760326816E2,1.978818178E0,1.610576957E-1,-1.315790862E-1
2.760528476E2,1.779796004E0,-1.099201441E-1,-9.742058814E-2
2.760730126E2,1.548145294E0,-2.736379504E-1,-1.157869473E-1
2.760931786E2,1.166836739E0,-1.733175516E-1,-1.749678552E-1
2.761133446E2,7.283518314E-1,-6.449413300E-2,-3.063301444E-1
2.761335096E2,3.897451162E-1,-4.439396411E-2,-3.955925107E-1
2.761536756E2,8.076668531E-2,5.974135548E-2,-4.070062935E-1
2.761738416E2,-3.379425108E-1,3.683242202E-1,-4.396384954E-1
2.761940066E2,-7.577301264E-1,7.352941632E-1,-6.644299030E-1
2.762141726E2,-1.034072042E0,8.157933354E-1,-9.601134062E-1
2.762343386E2,-1.244354367E0,5.338143706E-1,-1.132351995E0
2.762545036E2,-1.592039466E0,4.618901610E-1,-1.229716539E0
2.762746696E2,-2.040416241E0,7.344315052E-1,-1.259784102E0
2.762948356E2,-2.468868017E0,1.100134611E0,-1.293254018E0
2.763150006E2,-2.762236357E0,1.297262192E0,-1.228883386E0
2.763351666E2,-2.817649841E0,1.237864971E0,-1.124783993E0
2.763553326E2,-2.840328455E0,1.148074627E0,-1.027795553E0
2.763754986E2,-2.759181976E0,1.107388258E0,-9.815912247E-1
2.763956636E2,-2.691437006E0,8.584491014E-1,-8.538543582E-1
2.764158296E2,-2.672687054E0,5.101027489E-1,-7.393732667E-1
2.764359946E2,-2.793116808E0,3.511374444E-2,-8.258838058E-1
2.764561606E2,-2.564924955E0,-8.756466955E-2,-6.469781399E-1
2.764763266E2,-2.176070690E0,2.504422367E-1,-6.189346313E-1
2.764964916E2,-1.983265042E0,3.938219249E-1,-6.569772363E-1
2.765166576E2,-1.847622514E0,2.050793618E-1,-7.728906274E-1
2.765368236E2,-1.559813023E0,-2.147772610E-1,-6.818398833E-1
2.765569886E2,-1.296450734E0,-4.528193772E-1,-5.575296283E-1
2.765771546E2,-1.309871554E0,-2.382853776E-1,-4.566421509E-1
2.765973206E2,-1.356655836E0,1.433779597E-1,-3.105187416E-1
2.766174856E2,-1.302971244E0,4.473287165E-1,-1.529168785E-1
2.766376516E2,-1.059903860E0,4.402462840E-1,-9.266045690E-2
2.766578176E2,-7.731140852E-1,3.190187514E-1,-5.696144328E-2
2.766779826E2,-5.891813040E-1,2.936396003E-1,1.385173760E-2
2.766981486E2,-4.485877156E-1,3.293865919E-1,1.156850308E-1
2.767183146E2,-1.832359284E-1,2.946104109E-1,2.104038298E-1
2.767384796E2,3.439418375E-1,1.441943944E-1,2.263631970E-1
2.767586456E2,9.475725293E-1,-8.356072009E-2,2.051229030E-1
2.767788116E2,1.558951616E0,-1.706162691E-1,6.520108879E-2
2.767989766E2,1.938694477E0,-2.916841395E-2,1.660784334E-2
2.768191426E2,2.085048914E0,-4.858730733E-2,1.438488811E-1
2.768393086E2,2.088318110E0,-2.184297889E-1,2.898805439E-1
2.768594736E2,2.224051714E0,-3.442280293E-1,2.794880569E-1
2.768796396E2,2.526697874E0,-2.181153893E-1,2.311948389E-1
2.768998056E2,2.857509613E0,-1.380701959E-1,3.142623007E-1
2.769199706E2,3.029973269E0,-1.650642008E-1,4.734539390E-1
2.769401366E2,3.054647446E0,-1.720238775E-1,5.932852626E-1
2.769603026E2,3.030174971E0,-1.065246016E-1,6.637782454E-1
2.769804678E2,2.999840498E0,-8.962746710E-2,6.990696192E-1
2.770006338E2,3.101227522E0,-2.182555050E-1,5.522134900E-1
2.770207998E2,3.467027187E0,-2.203700840E-1,3.134351075E-1
2.770409648E2,3.994954824E0,7.066628337E-2,2.112957090E-1
2.770611308E2,4.210226059E0,5.084582567E-1,2.360372692E-1
2.770812968E2,3.350253582E0,2.449806333E-1,9.031549096E-2
2.771014618E2,2.359868765E0,-6.525079012E-1,3.589991480E-2
2.771216278E2,1.995223641E0,-1.039463043E0,1.898193061E-1
2.771417938E2,2.078581810E0,-7.711374164E-1,3.720825911E-1
2.771619588E2,1.986440778E0,-2.190578580E-1,3.172596991E-1
2.771821248E2,1.461876273E0,7.292940468E-2,1.803080887E-1
2.772022908E2,7.834738493E-1,9.382587858E-3,4.557840526E-3
2.772224558E2,2.126799673E-1,4.140830413E-2,-2.103597820E-1
2.772426218E2,-2.538587749E-1,9.834276885E-2,-5.038955808E-1
2.772627878E2,-6.293085217E-1,4.891235530E-1,-8.223156333E-1
2.772829528E2,-8.373651505E-1,1.345106125E0,-1.189171672E0
2.773031188E2,-9.188490510E-1,1.852560759E0,-1.307416558E0
2.773232848E2,-1.109588742E0,1.553570032E0,-1.189622998E0
2.773434498E2,-1.628311753E0,7.399356961E-1,-1.033715606E0
2.773636158E2,-2.328393936E0,3.122519851E-1,-9.631167650E-1
2.773837808E2,-2.647630930E0,7.007685900E-1,-1.110698700E0
2.774039468E2,-2.323975086E0,1.279621363E0,-1.177529454E0
2.774241128E2,-2.010594606E0,1.028981447E0,-1.083981872E0
2.774442778E2,-2.376924515E0,-2.558316290E-1,-9.358301759E-1
2.774644438E2,-2.810439825E0,-5.337435603E-1,-7.461221814E-1
2.774846098E2,-2.925062656E0,-2.391190529E-1,-6.558290124E-1
2.775047748E2,-2.683972597E0,-2.271536440E-1,-4.103021920E-1
2.775249408E2,-2.745408535E0,-8.505148888E-1,-2.933936715E-1
2.775451068E2,-3.034150124E0,-1.401341796E0,-1.672875583E-1
2.775652718E2,-2.993631363E0,-9.100688100E-1,-1.372268498E-1
2.775854378E2,-2.779171944E0,-2.633323669E-1,-1.652459651E-1
2.776056038E2,-2.616925001E0,-1.410153657E-1,4.610608146E-2
2.776257688E2,-2.601400852E0,-3.127673566E-1,2.053454071E-1
2.776459348E2,-2.631331921E0,-3.727864921E-1,2.655786276E-1
2.776661008E2,-2.598165035E0,-2.704792917E-1,3.087107837E-1
2.776862658E2,-2.529552221E0,-9.865385294E-2,4.881727099E-1
2.777064318E2,-2.198344469E0,-1.341096312E-1,5.666852593E-1
2.777265978E2,-1.600219846E0,-2.080294639E-1,3.286935687E-1
2.777467628E2,-9.162945747E-1,-1.015762389E-1,-1.795531809E-2
2.777669288E2,-4.421265125E-1,2.829989791E-1,-2.123535573E-1
2.777870948E2,-8.529809117E-2,7.222703099E-1,-2.940761149E-1
2.778072598E2,3.437564373E-1,8.623906374E-1,-2.618778348E-1
2.778274258E2,8.979756832E-1,5.804594755E-1,-2.105591148E-1
2.778475918E2,1.419124961E0,2.476162761E-1,2.247346379E-2
2.778677568E2,1.668871045E0,2.735969424E-2,4.574311674E-1
2.778879228E2,1.791562796E0,-2.274930030E-1,7.559404969E-1
2.779080888E2,2.143007994E0,-6.234589815E-1,6.452849507E-1
2.779282538E2,2.817116022E0,-1.337756276E0,3.562724888E-1
2.779484198E2,3.325043440E0,-1.819070458E0,4.983346164E-2
2.779685841E2,3.410347700E0,-1.816135645E0,-9.364435077E-2
2.779887501E2,3.164393663E0,-1.327611923E0,-1.986658424E-1
2.780089161E2,2.716658354E0,-7.894755006E-1,-3.444265127E-1
2.780290811E2,2.508871794E0,7.648643851E-2,-3.340477645E-1
2.780492471E2,2.368689537E0,7.245810032E-1,-2.775345445E-1
2.780694131E2,2.115557671E0,4.946220219E-1,-4.301896095E-1
2.780895781E2,2.117502451E0,2.086093575E-1,-5.588059425E-1
2.781097441E2,2.292771101E0,4.019248188E-1,-5.887545943E-1
2.781299101E2,2.289198399E0,7.193111181E-1,-5.878086686E-1
2.781500751E2,2.418841839E0,9.466270208E-1,-4.915379584E-1
2.781702411E2,2.615044355E0,8.382385373E-1,-5.451644063E-1
2.781904071E2,2.713323593E0,5.866314173E-1,-6.485462785E-1
2.782105721E2,2.611232281E0,5.910973549E-1,-6.939365864E-1
2.782307381E2,2.280014753E0,4.930661917E-1,-6.305614710E-1
2.782509041E2,1.726768136E0,1.638057977E-1,-5.937921405E-1
2.782710691E2,1.278894424E0,-1.986743212E-1,-5.432534218E-1
2.782912351E2,1.058889747E0,-3.464795053E-1,-3.849900365E-1
2.783114001E2,9.154824615E-1,-2.497635633E-1,-2.601544857E-1
2.783315661E2,6.992002726E-1,-1.760841906E-2,-1.956307590E-1
2.783517321E2,3.817692995E-1,1.184265465E-1,-2.183656543E-1
2.783718971E2,-1.726053841E-2,1.842143238E-1,-3.164448142E-1
2.783920631E2,-4.287801981E-1,1.428900808E-1,-4.179467857E-1
2.784122291E2,-7.306177616E-1,7.398077101E-2,-4.073066711E-1
2.784323941E2,-1.026920438E0,2.459910959E-1,-3.477738500E-1
2.784525601E2,-1.473523974E0,6.836478710E-1,-3.902854621E-1
2.784727261E2,-1.894724488E0,8.389781117E-1,-3.537487686E-1
2.784928911E2,-2.323801756E0,8.283535242E-1,-1.408348978E-1
2.785130571E2,-2.712513447E0,6.585659981E-1,-3.456118703E-2
2.785332231E2,-2.877737999E0,3.540187478E-1,-8.898619562E-2
2.785533881E2,-2.803647995E0,2.524567842E-1,-3.453974798E-2
2.785735541E2,-2.724659681E0,2.320630252E-1,2.570169866E-1
2.785937201E2,-2.702179670E0,9.876261652E-2,3.749550879E-1
2.786138851E2,-2.543562889E0,-2.080626488E-1,1.702849120E-1
2.786340511E2,-2.173109770E0,-1.422243267E-1,-1.885081530E-1
2.786542161E2,-1.742260456E0,5.934635550E-2,-3.848558068E-1
2.786743821E2,-1.762159824E0,4.971586913E-2,-5.819665194E-1
2.786945481E2,-1.834581733E0,-3.476191163E-1,-6.254826784E-1
2.787147131E2,-1.493204355E0,-5.684437975E-2,-4.202966392E-1
2.787348791E2,-1.269966483E0,-2.145195603E-1,-2.029957324E-1
2.787550451E2,-1.250814915E0,-6.116725206E-1,-1.065799892E-1
2.787752101E2,-1.218153000E0,-8.643876910E-1,-7.291283458E-2
2.787953761E2,-1.101581693E0,-9.892783165E-1,-5.493863299E-2
2.788155421E2,-1.017932296E0,-8.316556811E-1,1.670825668E-2
2.788357071E2,-1.071595669E0,-8.318618536E-1,1.633906662E-1
2.788558731E2,-9.282705784E-1,-7.981609106E-1,3.296239674E-1
2.788760381E2,-6.744733453E-1,-9.131411314E-1,4.176255763E-1
2.788962041E2,-4.562583268E-1,-1.073690414E0,4.588012397E-1
2.789163701E2,-4.185903072E-1,-1.360537529E0,4.161524773E-1
2.789365351E2,-4.122794867E-1,-1.592263222E0,4.899660945E-1
2.789567011E2,-4.319327474E-1,-1.244727373E0,5.552170873E-1
2.789768673E2,-4.700795114E-1,-5.917736292E-1,5.949808955E-1
2.789970323E2,-5.381902456E-1,-1.678023040E-1,6.184592247E-1
2.790171983E2,-6.940193772E-1,-3.353348076E-1,6.099706888E-1
2.790373643E2,-8.641169071E-1,-7.449494004E-1,5.159002542E-1
2.790575293E2,-8.369383812E-1,-8.501610756E-1,3.762682974E-1
2.790776953E2,-5.734560490E-1,-4.793347716E-1,1.866083741E-1
2.790978613E2,-2.323311269E-1,-1.783216596E-1,1.140527874E-1
2.791180263E2,-8.358692378E-2,-2.725666463E-1,6.951740384E-2
2.791381923E2,7.794232666E-2,-5.912560821E-1,-1.254306287E-1
2.791583573E2,3.373893499E-1,-5.013762116E-1,-3.477017581E-1
2.791785233E2,5.934514999E-1,-2.548800781E-2,-3.636777997E-1
2.791986893E2,6.993778348E-1,1.630601883E-1,-2.508809566E-1
2.792188543E2,6.956308484E-1,7.056584209E-2,-1.022889540E-1
2.792390203E2,6.504694223E-1,5.101778358E-2,-2.187187411E-2
2.792591863E2,5.754947066E-1,-1.132456865E-2,8.400075883E-2
2.792793513E2,3.299939036E-1,-5.458740145E-2,2.833624482E-1
2.792995173E2,-2.568784542E-2,-3.057014570E-2,5.238012075E-1
2.793196833E2,-2.524443865E-1,-3.999921307E-2,8.132973909E-1
2.793398483E2,-2.574078739E-1,6.008197367E-2,1.046846747E0
2.793600143E2,6.214402989E-2,1.696509719E-1,1.037336946E0
2.793801803E2,7.677372694E-1,2.309737168E-2,5.326143503E-1
2.794003453E2,1.571640730E0,-3.625304997E-1,-2.928491831E-1
2.794205113E2,2.318811178E0,-3.844048679E-1,-8.796262741E-1
2.794406763E2,3.013788223E0,1.167059317E-1,-1.014275789E0
2.794608423E2,3.538563251E0,7.354933619E-1,-8.476736546E-1
2.794810083E2,3.687396049E0,9.967780709E-1,-6.352672577E-1
2.795011733E2,3.434330940E0,8.880380392E-1,-4.777739048E-1
2.795213393E2,3.010656357E0,6.982247829E-1,-3.635467887E-1
2.795415053E2,2.734982014E0,5.519793630E-1,-2.586918771E-1
2.795616703E2,2.517505407E0,3.290285468E-1,-2.641950250E-1
2.795818363E2,2.332078218E0,1.890554875E-1,-3.698246181E-1
2.796020013E2,2.216372728E0,2.385493517E-1,-4.053645432E-1
2.796221673E2,2.050976515E0,3.613014817E-1,-3.853776455E-1
2.796423333E2,1.765413284E0,4.205640554E-1,-3.662984967E-1
2.796624983E2,1.401860952E0,3.085789979E-1,-3.629834056E-1
2.796826643E2,1.016067386E0,2.858835161E-1,-4.389464855E-1
2.797028303E2,6.316931248E-1,4.107601643E-1,-5.438514352E-1
2.797229953E2,2.744170427E-1,5.447464585E-1,-5.284585953E-1
2.797431613E2,-1.211048067E-1,5.512973070E-1,-4.256125391E-1
2.797633273E2,-4.825410247E-1,5.042251945E-1,-3.728008568E-1
2.797834923E2,-8.384551406E-1,6.020213962E-1,-4.069172740E-1
2.798036583E2,-1.033803463E0,6.075652242E-1,-5.785545707E-1
2.798238233E2,-1.271975517E0,6.767140031E-1,-7.686107755E-1
2.798439893E2,-1.413409829E0,5.849500895E-1,-8.489294648E-1
2.798641553E2,-1.559474707E0,7.299637794E-1,-8.102925420E-1
2.798843203E2,-1.800953507E0,1.141012788E0,-7.793716788E-1
2.799044863E2,-2.055791378E0,1.310181141E0,-8.462347388E-1
2.799246523E2,-2.125368834E0,9.917817712E-1,-1.023607731E0
2.799448173E2,-2.150595903E0,6.280988455E-1,-9.338675141E-1
2.799649833E2,-2.254810572E0,2.172678709E-1,-6.798908710E-1
2.799851498E2,-2.562316418E0,-1.456654072E-1,-4.668973982E-1
2.800053148E2,-2.804733515E0,-1.448576897E-1,-3.688296974E-1
2.800254808E2,-2.869506359E0,5.875585079E-1,-3.758945167E-1
2.800456458E2,-2.533476114E0,1.173750162E0,-6.295832396E-1
2.800658118E2,-1.974701285E0,1.398405790E0,-1.080233216E0
2.800859778E2,-1.451388478E0,1.440957546E0,-1.414563298E0
2.801061428E2,-9.905212522E-1,1.298932552E0,-1.637223125E0
2.801263088E2,-6.819402575E-1,1.258280993E0,-1.731611609E0
2.801464748E2,-5.510086417E-1,1.666953921E0,-1.677773714E0
2.801666398E2,-4.329739213E-1,1.867709756E0,-1.465233445E0
2.801868058E2,-4.961843193E-1,1.365416169E0,-1.109169126E0
2.802069708E2,-6.956485510E-1,6.231174469E-1,-6.994254589E-1
2.802271368E2,-8.013634682E-1,3.330784142E-1,-3.079805672E-1
2.802473028E2,-6.904510856E-1,7.899460196E-2,4.965849221E-2
2.802674678E2,-5.644474626E-1,-3.340953588E-1,4.790610075E-1
2.802876338E2,-2.246749699E-1,-1.224503875E0,9.023454189E-1
2.803077998E2,-5.654420331E-2,-1.864252806E0,1.068335176E0
2.803279648E2,-2.034826726E-1,-2.013425350E0,1.211739540E0
2.803481308E2,-2.913834155E-1,-2.014124632E0,1.306430578E0
2.803682968E2,-2.716687322E-1,-1.829861403E0,1.368641734E0
2.803884618E2,-1.469004601E-1,-1.800593734E0,1.263513446E0
2.804086278E2,-1.000392213E-1,-1.977452636E0,1.179329872E0
2.804287928E2,-2.304148674E-1,-1.929491997E0,1.072938919E0
2.804489588E2,-4.854379594E-1,-1.371030688E0,8.016566038E-1
2.804691248E2,-4.175167680E-1,-9.179408550E-1,4.029266834E-1
2.804892898E2,3.243861720E-3,-9.029828310E-1,2.434506118E-1
2.805094558E2,3.745983243E-1,-7.663156390E-1,1.664237119E-2
2.805296218E2,5.831063986E-1,-2.276363522E-1,-2.263335288E-1
2.805497868E2,8.084488511E-1,3.186000884E-1,-2.444128096E-1
2.805699528E2,1.019710422E0,3.502722681E-1,-8.606709540E-2
2.805901178E2,1.350998282E0,-5.222072005E-1,1.682752967E-1
2.806102838E2,1.721199274E0,-1.523211837E0,4.129403234E-1
2.806304498E2,1.909567833E0,-1.841347218E0,5.847233534E-1
2.806506148E2,2.134501696E0,-1.707829118E0,7.712790370E-1
2.806707808E2,2.268704176E0,-1.212525129E0,5.249555707E-1
2.806909468E2,2.575996161E0,-1.319874406E0,7.172415406E-2
2.807111118E2,3.069937944E0,-1.298495293E0,-2.818883955E-1
2.807312778E2,3.561140776E0,-6.726340055E-1,-4.101209641E-1
2.807514428E2,3.659280777E0,3.138527647E-2,-2.710900903E-1
2.807716088E2,3.018269062E0,2.103194147E-1,-7.999947667E-2
2.807917748E2,2.180662632E0,1.615542918E-2,-1.788579300E-2
2.808119398E2,1.874821186E0,-1.469085366E-1,3.005515784E-3
2.808321058E2,2.229942560E0,-8.040426299E-3,3.872350790E-4
2.808522718E2,2.413474560E0,2.956721783E-1,-1.344379634E-1
2.808724368E2,1.880103350E0,3.297465295E-2,-4.284482896E-1
2.808926028E2,1.433908939E0,-2.409914136E-1,-5.728915930E-1
2.809127678E2,1.481594086E0,8.848191053E-2,-4.591911435E-1
2.809329338E2,1.678487659E0,5.067657828E-1,-3.782183826E-1
2.809530998E2,1.593209028E0,5.577862859E-1,-4.149813354E-1
2.809732643E2,1.437840104E0,5.806299448E-1,-3.281988800E-1
2.809934303E2,1.004824162E0,9.018309116E-1,-1.875886321E-1
2.810135963E2,3.362760544E-1,1.165474653E0,-9.625101089E-2
2.810337613E2,-3.500524163E-1,1.183557630E0,-2.490547299E-2
2.810539273E2,-9.611158967E-1,9.534083009E-1,-1.424643248E-1
2.810740922E2,-1.423010707E0,8.854765892E-1,-4.257968068E-1
2.810942582E2,-1.647310138E0,1.201375246E0,-6.795206070E-1
2.811144243E2,-1.756051898E0,1.644330144E0,-8.219196796E-1
2.811345892E2,-1.919143677E0,2.220540762E0,-9.728282094E-1
2.811547552E2,-2.133720875E0,2.698866844E0,-1.227143288E0
2.811749203E2,-2.266037703E0,2.585267067E0,-1.307985783E0
2.811950862E2,-2.445416927E0,1.554374814E0,-1.051206946E0
2.812152522E2,-2.748186827E0,3.237619102E-1,-7.764984965E-1
2.812354173E2,-2.776272297E0,-3.085321933E-2,-8.330287933E-1
2.812555832E2,-2.345734119E0,6.448011100E-2,-7.285969257E-1
2.812757492E2,-2.020814657E0,-5.424313620E-2,-4.572432935E-1
2.812959143E2,-1.940580130E0,-3.459363878E-1,-2.138748467E-1
2.813160803E2,-1.843253970E0,-5.162529349E-1,-1.515062749E-1
2.813362453E2,-1.642796874E0,-3.007308245E-1,-3.180086017E-1
2.813564113E2,-1.232319474E0,-2.891972661E-1,-5.025289059E-1
2.813765773E2,-8.810650110E-1,-7.175832987E-1,-4.259787202E-1
2.813967423E2,-7.123987079E-1,-1.291365743E0,-1.371835321E-1
2.814169083E2,-6.779299378E-1,-1.605062962E0,1.652526557E-1
2.814370743E2,-7.160884142E-1,-1.582805753E0,3.690825701E-1
2.814572393E2,-7.513056993E-1,-1.529203415E0,5.648835301E-1
2.814774053E2,-8.363122940E-1,-1.323879600E0,7.416897416E-1
2.814975703E2,-9.071528912E-1,-1.105659366E0,8.626511693E-1
2.815177363E2,-1.003425837E0,-1.001807928E0,9.125708938E-1
2.815379023E2,-1.073923826E0,-1.071978807E0,8.373777866E-1
2.815580673E2,-1.078080177E0,-1.319636822E0,7.170311213E-1
2.815782333E2,-9.410050511E-1,-1.517567277E0,5.173676610E-1
2.815983983E2,-6.782088876E-1,-1.442722559E0,2.793645561E-1
2.816185643E2,-4.663181305E-1,-1.269942403E0,3.229418397E-2
2.816387303E2,-3.365202546E-1,-1.118868709E0,-1.840363741E-1
2.816588953E2,-2.450806201E-1,-9.215809107E-1,-3.555248976E-1
2.816790613E2,-2.249642164E-1,-5.850987434E-1,-5.275343060E-1
2.816992273E2,-1.650721133E-1,-4.903565347E-1,-5.812324286E-1
2.817193923E2,-1.049436480E-1,-4.330571592E-1,-3.172668517E-1
2.817395583E2,-9.644587524E-3,-4.076640904E-1,1.317599267E-1
2.817597232E2,-1.330322027E-1,-4.262264669E-1,4.976062179E-1
2.817798892E2,-1.161989048E-1,-7.885721326E-1,5.901286602E-1
2.818000553E2,2.425939590E-1,-1.162849426E0,4.044010341E-1
2.818202202E2,8.941311836E-1,-1.028318524E0,9.961294383E-2
2.818403862E2,1.507861614E0,-2.130598128E-1,-2.923906222E-2
2.818605512E2,1.916952968E0,6.037061214E-1,-8.566519618E-2
2.818807172E2,2.007271528E0,1.148333192E0,-1.629567891E-1
2.819008832E2,2.070571423E0,1.172790051E0,-2.658587992E-1
2.819210483E2,2.258275032E0,8.014778495E-1,-4.476656318E-1
2.819412142E2,2.510240793E0,6.544917822E-1,-5.668295622E-1
2.819613802E2,2.693114281E0,8.225250840E-1,-5.549312234E-1
2.819815451E2,2.691883802E0,9.789466262E-1,-5.454740524E-1
2.820017111E2,2.473939180E0,8.227498531E-1,-5.465309620E-1
2.820218761E2,2.250097275E0,5.260587931E-1,-5.361931920E-1
2.820420421E2,2.192033291E0,3.331843913E-1,-5.344581604E-1
2.820622081E2,2.169765949E0,3.481639624E-1,-5.492311120E-1
2.820823731E2,2.137670279E0,4.610727131E-1,-5.572297573E-1
2.821025391E2,1.964863420E0,4.618446529E-1,-5.461828113E-1
2.821227041E2,1.647610784E0,3.623269796E-1,-5.107697845E-1
2.821428701E2,1.344620824E0,3.161677420E-1,-4.491379559E-1
2.821630361E2,1.037106156E0,3.371160030E-1,-3.890931308E-1
2.821832011E2,7.618712783E-1,4.186407924E-1,-4.450705051E-1
2.822033671E2,5.643851757E-1,4.913283885E-1,-4.556273520E-1
2.822235321E2,2.230705321E-1,3.059619367E-1,-4.939894080E-1
2.822436981E2,-1.949580759E-1,2.333838791E-1,-4.953824282E-1
2.822638641E2,-3.351930976E-1,4.296519756E-1,-3.873130381E-1
2.822840291E2,-3.546959758E-1,6.985706091E-1,-4.145907462E-1
2.823041951E2,-4.371750057E-1,9.200682044E-1,-6.181066036E-1
2.823243611E2,-6.328018904E-1,8.814623952E-1,-8.314063549E-1
2.823445261E2,-8.476004601E-1,8.380848765E-1,-9.665091634E-1
2.823646921E2,-9.404681921E-1,9.157913923E-1,-9.698660970E-1
2.823848571E2,-1.073333859E0,9.424109459E-1,-1.051058769E0
2.824050231E2,-1.403717279E0,1.053242445E0,-1.007138729E0
2.824251891E2,-1.773205638E0,9.248774052E-1,-6.124187708E-1
2.824453541E2,-2.242269039E0,5.277112126E-1,-2.055833489E-1
2.824655201E2,-2.523682117E0,3.135114014E-1,-1.275468618E-1
2.824856851E2,-2.234832525E0,2.776027918E-1,-1.360576302E-1
2.825058511E2,-1.645155191E0,2.745184302E-1,-8.233496919E-3
2.825260171E2,-1.237478733E0,4.452882409E-1,1.190540045E-1
2.825461821E2,-9.959087372E-1,6.045332551E-1,1.367504597E-1
2.825663481E2,-8.289823532E-1,5.590597987E-1,7.059088349E-2
2.825865131E2,-4.578591287E-1,5.004061460E-1,8.987665921E-2
2.826066791E2,-2.128692269E-1,4.223173261E-1,3.212843835E-2
2.826268451E2,2.199617401E-2,3.025356531E-1,1.170968637E-2
2.826470101E2,1.918477267E-1,8.545954525E-2,6.547602266E-2
2.826671761E2,2.602092624E-1,-1.105030477E-1,1.807793975E-1
2.826873411E2,2.951230705E-1,-2.097367495E-1,2.751179338E-1
2.827075071E2,3.641040027E-1,-1.103019938E-1,4.190280437E-1
2.827276731E2,5.495586395E-1,-1.444293186E-3,5.041898489E-1
2.827478381E2,8.948468566E-1,-7.569141686E-2,5.876198411E-1
2.827680041E2,1.389748573E0,-3.318879306E-1,6.874575019E-1
2.827881701E2,1.903464317E0,-4.924697578E-1,6.570522189E-1
2.828083351E2,2.279939890E0,-5.223242044E-1,5.025015473E-1
2.828285011E2,2.548935413E0,-4.924930632E-1,2.794878781E-1
2.828486661E2,2.700490713E0,-3.423741460E-1,4.142938927E-2
2.828688321E2,2.747183561E0,-3.225926459E-1,-4.104271904E-2
2.828889981E2,2.520506859E0,-2.832637131E-1,6.167209893E-2
2.829091631E2,1.884690881E0,-2.000422329E-1,2.354818285E-1
2.829293291E2,1.043966174E0,-2.477222383E-1,4.486080408E-1
2.829494941E2,2.060258538E-1,-5.156435370E-1,4.286609888E-1
2.829696601E2,-6.001705527E-1,-6.481813788E-1,7.276852429E-2
2.829898278E2,-9.842329621E-1,-5.636084080E-1,-3.591394722E-1
2.830099928E2,-9.161477089E-1,-3.274653852E-1,-6.223632097E-1
2.830301588E2,-7.706196904E-1,-7.612165064E-2,-7.270885706E-1
2.830503238E2,-8.129649758E-1,-1.937278081E-3,-7.645696998E-1
2.830704898E2,-1.100415707E0,-2.593309991E-2,-8.109511137E-1
2.830906558E2,-1.454117775E0,6.328810751E-2,-7.588662505E-1
2.831108208E2,-1.754433632E0,1.062927470E-1,-5.649915934E-1
2.831309868E2,-2.067427635E0,-1.053563133E-1,-2.100844383E-1
2.831511518E2,-2.476725340E0,-2.795097530E-1,7.543491665E-3
2.831713178E2,-2.763661861E0,-2.476647645E-1,7.828273624E-2
2.831914838E2,-2.875547647E0,-1.653513014E-1,9.314507991E-2
2.832116488E2,-2.893005610E0,-3.331647813E-2,1.567119360E-1
2.832318148E2,-2.916201353E0,2.481885850E-1,2.288201898E-1
2.832519798E2,-2.965119600E0,7.039858699E-1,1.483093798E-1
2.832721458E2,-2.867613554E0,1.082564592E0,-6.405188143E-2
2.832923118E2,-2.423480034E0,1.167752862E0,-3.649576604E-1
2.833124768E2,-1.542041540E0,1.077063084E0,-4.666064084E-1
2.833326428E2,-7.771370411E-1,1.224174380E0,-4.194471538E-1
2.833528078E2,-3.962723613E-1,1.509619117E0,-4.246668220E-1
2.833729738E2,-2.838208079E-1,1.832278252E0,-3.259193301E-1
2.833931398E2,2.554586828E-1,1.905981302E0,-4.789024591E-1
2.834133048E2,1.138319016E0,1.640837550E0,-7.917807698E-1
2.834334708E2,1.927317381E0,1.594540596E0,-1.074373603E0
2.834536358E2,2.327620506E0,1.841462016E0,-1.135994673E0
2.834738018E2,2.380198240E0,2.014362335E0,-1.008203268E0
2.834939678E2,2.158482075E0,2.018332958E0,-6.653425097E-1
2.835141328E2,1.714367628E0,1.828392386E0,-2.189085484E-1
2.835342988E2,1.190797806E0,1.618670106E0,-4.622271284E-2
2.835544638E2,1.164714575E0,1.555105567E0,-2.365087122E-1
2.835746298E2,1.662124157E0,1.877729774E0,-3.130030930E-1
2.835947958E2,2.142720222E0,2.211842299E0,-1.841585785E-1
2.836149608E2,2.266326427E0,2.217522860E0,-4.256065935E-3
2.836351268E2,2.073672533E0,1.993766308E0,1.981919706E-1
2.836552918E2,1.944740057E0,1.599609375E0,3.519556820E-1
2.836754578E2,2.227145910E0,1.090971708E0,2.210496068E-1
2.836956238E2,2.828953981E0,8.274134994E-1,-7.126640528E-2
2.837157888E2,3.249461174E0,1.049068213E0,-8.076241612E-2
2.837359548E2,3.432653427E0,1.198191404E0,-7.794706523E-2
2.837561198E2,3.594283104E0,1.214723229E0,-5.195299536E-2
2.837762858E2,3.734500647E0,1.213597298E0,2.778998390E-2
2.837964518E2,3.701995373E0,1.254781842E0,9.911198914E-2
2.838166168E2,3.404853344E0,1.021192670E0,-6.740842760E-2
2.838367828E2,3.006994486E0,8.282594681E-1,-3.373259306E-1
2.838569488E2,2.640858412E0,9.074880481E-1,-5.095242858E-1
2.838771138E2,2.368350983E0,1.071964979E0,-5.670018792E-1
2.838972798E2,2.078342915E0,1.110387802E0,-5.517104268E-1
2.839174448E2,1.686802626E0,1.023715377E0,-5.887811780E-1
2.839376108E2,1.238629103E0,9.145004153E-1,-7.577790022E-1
2.839577768E2,7.442713976E-1,9.525849223E-1,-8.914357424E-1
2.839779408E2,2.611127496E-1,9.720435143E-1,-9.182555079E-1
2.839981068E2,-1.474714279E-1,1.006527185E0,-9.719668031E-1
2.840182718E2,-4.008632302E-1,1.104475975E0,-1.068973303E0
2.840384378E2,-4.745595455E-1,1.177653909E0,-1.192452550E0
2.840586038E2,-3.851719797E-1,1.141999125E0,-1.342952490E0
2.840787688E2,-1.819238514E-1,8.561335206E-1,-1.356449485E0
2.840989348E2,-3.466384113E-2,4.376913309E-1,-1.143520951E0
2.841191008E2,-2.410662621E-1,1.512853205E-1,-8.058167100E-1
2.841392658E2,-7.510063648E-1,-1.060664430E-1,-5.246611238E-1
2.841594318E2,-1.394090533E0,-3.656468093E-1,-3.320981562E-1
2.841795968E2,-1.959092379E0,-5.470990539E-1,-3.078151941E-1
2.841997628E2,-2.290831804E0,-6.667203307E-1,-3.000385165E-1
2.842199288E2,-2.361889124E0,-7.271728516E-1,-3.263346851E-1
2.842400938E2,-2.317274809E0,-4.905040562E-1,-3.876454532E-1
2.842602598E2,-2.352072001E0,6.015329808E-2,-3.857310414E-1
2.842804258E2,-2.484072685E0,6.319124103E-1,-4.073058069E-1
2.843005908E2,-2.762259722E0,1.381919861E0,-4.766466916E-1
2.843207568E2,-2.991919279E0,1.890001416E0,-5.320666432E-1
2.843409218E2,-3.071084499E0,1.813625097E0,-5.245518684E-1
2.843610878E2,-2.968410492E0,1.129807472E0,-5.520102978E-1
2.843812538E2,-2.643645048E0,6.575174928E-1,-5.727586746E-1
2.844014187E2,-2.015711069E0,7.502636313E-1,-6.581282020E-1
2.844215848E2,-1.174607635E0,8.814796805E-1,-5.948187709E-1
2.844417497E2,-3.845867813E-1,9.673895836E-1,-4.998426437E-1
2.844619157E2,1.914435923E-1,8.357910514E-1,-5.450222492E-1
2.844820818E2,4.733067155E-1,6.864076257E-1,-6.154700518E-1
2.845022467E2,4.763148427E-1,5.414727330E-1,-5.676411986E-1
2.845224127E2,3.539588153E-1,3.816335797E-1,-3.653175235E-1
2.845425787E2,2.913388610E-1,4.110550582E-1,-1.459723562E-1
2.845627437E2,4.220665097E-1,5.613260865E-1,-5.820949748E-2
2.845829097E2,5.765392780E-1,7.008503079E-1,-9.568748623E-2
2.846030748E2,7.769016623E-1,7.194015980E-1,-2.066882998E-1
2.846232408E2,1.052881360E0,8.266580105E-1,-2.887285948E-1
2.846434067E2,1.342728257E0,1.023525953E0,-2.406565249E-1
2.846635718E2,1.577171803E0,1.087056637E0,-1.501193196E-1
2.846837378E2,1.674382567E0,1.025959492E0,-6.702415645E-2
2.847039037E2,1.655470252E0,9.195407629E-1,-5.426842347E-2
2.847240688E2,1.642342210E0,8.270228505E-1,-7.124752551E-2
2.847442348E2,1.701522231E0,7.522636652E-1,-8.631785214E-2
2.847644008E2,1.723498940E0,6.465165615E-1,-8.336130530E-2
2.847845658E2,1.680630445E0,4.583002627E-1,-9.336268157E-2
2.848047318E2,1.595744491E0,2.763039768E-1,-1.544537246E-1
2.848248968E2,1.454134822E0,1.461462528E-1,-1.535069793E-1
2.848450628E2,1.358701825E0,-1.695608161E-2,-1.967537999E-1
2.848652288E2,1.372067451E0,-1.791629046E-1,-2.579433918E-1
2.848853938E2,1.313827753E0,-9.909533709E-2,-2.072682381E-1
2.849055598E2,1.055362225E0,1.031089723E-1,-1.415869594E-1
2.849257258E2,8.283838034E-1,2.900419533E-1,-2.033295482E-1
2.849458908E2,6.472574472E-1,3.511902690E-1,-3.756666780E-1
2.849660568E2,6.903425455E-1,3.431337774E-1,-5.324360728E-1
2.849862218E2,8.313704729E-1,4.917480350E-1,-6.255357265E-1
2.850063878E2,8.621861935E-1,8.022920489E-1,-6.828687191E-1
2.850265538E2,8.197168708E-1,1.073549628E0,-7.279242277E-1
2.850467188E2,9.604511261E-1,1.061453700E0,-7.286247611E-1
2.850668848E2,1.243216872E0,7.736083269E-1,-9.580014348E-1
2.850870508E2,1.503745317E0,6.428674459E-1,-1.221413851E0
2.851072158E2,1.698700666E0,9.102452993E-1,-1.280702949E0
2.851273818E2,1.838165164E0,1.332415581E0,-1.140748143E0
2.851475468E2,1.956426382E0,1.695269942E0,-9.357659221E-1
2.851677128E2,1.835893750E0,1.781967044E0,-7.507067323E-1
2.851878788E2,1.551830411E0,1.486002564E0,-6.310441494E-1
2.852080438E2,1.228033781E0,1.029407620E0,-5.842730403E-1
2.852282098E2,9.607445002E-1,7.213768959E-1,-6.217179894E-1
2.852483758E2,8.488636613E-1,6.413385868E-1,-5.791348815E-1
2.852685408E2,1.043324232E0,8.806728125E-1,-5.055778027E-1
2.852887068E2,1.346044540E0,1.321810246E0,-4.288895428E-1
2.853088718E2,1.433588743E0,1.625162840E0,-4.537355006E-1
2.853290378E2,1.223223209E0,1.673604131E0,-5.168042183E-1
2.853492038E2,9.120236039E-1,1.439371705E0,-5.657170415E-1
2.853693688E2,5.733544827E-1,1.105770230E0,-4.878185093E-1
2.853895348E2,2.606471777E-1,7.890693545E-1,-4.071826637E-1
2.854097008E2,6.748481095E-2,6.258314848E-1,-4.009704292E-1
2.854298658E2,5.109563470E-2,5.880668759E-1,-4.448175132E-1
2.854500318E2,5.185145885E-2,6.444355249E-1,-5.751388669E-1
2.854701968E2,-6.864611059E-2,7.638364434E-1,-6.999174356E-1
2.854903628E2,-2.836391330E-1,8.487069011E-1,-8.149597645E-1
2.855105288E2,-4.335896075E-1,9.238030314E-1,-9.089775681E-1
2.855306938E2,-4.946645200E-1,9.798619151E-1,-1.073526740E0
2.855508598E2,-5.540980101E-1,9.985736012E-1,-1.216668010E0
2.855710258E2,-6.688103080E-1,9.480990767E-1,-1.240148544E0
2.855911908E2,-9.475995302E-1,8.616471887E-1,-1.126379371E0
2.856113568E2,-1.238197446E0,7.115942240E-1,-1.002740383E0
2.856315218E2,-1.429357648E0,6.400470734E-1,-8.728082776E-1
2.856516878E2,-1.548919082E0,6.726344824E-1,-7.000844479E-1
2.856718538E2,-1.731879830E0,6.700023413E-1,-5.072150230E-1
2.856920188E2,-1.953315496E0,4.298318326E-1,-3.437444270E-1
2.857121848E2,-2.135531902E0,8.906476200E-2,-1.640979499E-1
2.857323498E2,-2.207888365E0,-1.064769700E-1,3.352404013E-2
2.857525158E2,-2.133600950E0,-2.662613690E-1,2.150919735E-1
2.857726818E2,-1.972646713E0,-4.200804234E-1,2.578156292E-1
2.857928468E2,-1.738876581E0,-3.946559727E-1,1.414627433E-1
2.858130128E2,-1.318805337E0,-1.943499297E-1,-1.065526810E-2
2.858331788E2,-8.051702976E-1,3.501211852E-2,-1.017595902E-1
2.858533438E2,-3.556466997E-1,1.750221550E-1,-1.677949429E-1
2.858735098E2,-7.655708492E-2,2.198319882E-1,-2.066592276E-1
2.858936748E2,1.193066835E-1,1.185661182E-1,-1.996641755E-1
2.859138408E2,2.152071148E-1,-8.867175132E-2,-4.802697897E-2
2.859340068E2,2.167325467E-1,-2.968829274E-1,1.657150984E-1
2.859541718E2,1.730691493E-1,-3.983690441E-1,3.957905173E-1
2.859743378E2,2.206106633E-1,-4.510201216E-1,6.413417459E-1
2.859945021E2,3.010058403E-1,-5.726636648E-1,7.740043998E-1
2.860146681E2,3.831302226E-1,-7.741392255E-1,7.453641891E-1
2.860348341E2,5.267341733E-1,-9.701310396E-1,6.053736210E-1
2.860549991E2,7.684836388E-1,-9.720148444E-1,4.750134647E-1
2.860751651E2,9.676048756E-1,-6.938635707E-1,5.006056428E-1
2.860953301E2,1.058060646E0,-5.337496400E-1,5.416589379E-1
2.861154961E2,1.079124331E0,-5.358660817E-1,5.175845027E-1
2.861356621E2,1.138829589E0,-5.738300681E-1,4.413432777E-1
2.861558271E2,1.179657340E0,-5.321960449E-1,4.029331505E-1
2.861759931E2,1.131320238E0,-5.380368233E-1,4.139514267E-1
2.861961581E2,9.440844655E-1,-6.225699782E-1,4.049746990E-1
2.862163241E2,7.548943758E-1,-6.136732697E-1,2.693651915E-1
2.862364901E2,6.880508065E-1,-4.686723351E-1,8.320892602E-2
2.862566551E2,5.821741223E-1,-2.896754146E-1,1.794169657E-2
2.862768211E2,3.436599076E-1,-1.932679415E-1,1.518740691E-2
2.862969861E2,-1.892254571E-3,-1.482117176E-1,-4.317375645E-2
2.863171521E2,-2.418025136E-1,-8.173047006E-2,-2.214630842E-1
2.863373181E2,-2.858280241E-1,4.309719428E-2,-4.539768994E-1
2.863574831E2,-2.074992508E-1,1.424052268E-1,-5.577259660E-1
2.863776491E2,-1.864297986E-1,1.027927697E-1,-5.024449229E-1
2.863978141E2,-4.512843490E-1,-8.250163868E-3,-4.245110154E-1
2.864179801E2,-7.727537751E-1,-1.079045311E-1,-3.644380569E-1
2.864381461E2,-9.582186937E-1,-7.597483695E-2,-2.711506188E-1
2.864583111E2,-7.945330143E-1,1.162900925E-1,-3.264417648E-1
2.864784771E2,-3.632256985E-1,2.063309550E-1,-2.893467844E-1
2.864986421E2,1.127481312E-1,1.586980373E-2,-1.645866036E-1
2.865188081E2,4.347987771E-1,1.148100756E-2,-7.514607161E-2
2.865389741E2,7.618870735E-1,6.074407697E-2,-8.000558615E-2
2.865591391E2,1.256515503E0,1.198700815E-1,-1.567340195E-1
2.865793051E2,1.985823274E0,6.276810765E-1,-2.358689010E-1
2.865994701E2,2.285370827E0,6.056537628E-1,-2.741042972E-1
2.866196361E2,2.352909803E0,5.010071397E-1,-2.846857607E-1
2.866398021E2,2.369506836E0,4.177958965E-1,-3.230527639E-1
2.866599671E2,2.388239622E0,2.834918797E-1,-3.424680233E-1
2.866801331E2,2.420687914E0,2.054828256E-1,-3.056765795E-1
2.867002981E2,2.421267986E0,1.208528504E-1,-2.671996355E-1
2.867204641E2,2.285760641E0,1.074651256E-1,-2.422765046E-1
2.867406301E2,2.051933527E0,1.688313484E-1,-2.609406710E-1
2.867607951E2,1.754379034E0,2.577283978E-1,-3.269994557E-1
2.867809611E2,1.557712674E0,4.042176306E-1,-3.954136968E-1
2.868011261E2,1.394772887E0,5.705952644E-1,-3.770807683E-1
2.868212921E2,1.140949845E0,7.185560465E-1,-3.623009026E-1
2.868414581E2,7.799335718E-1,9.517064691E-1,-3.987687528E-1
2.868616231E2,3.640820980E-1,1.163110375E0,-4.441098571E-1
2.868817891E2,-3.127215803E-2,1.280031323E0,-4.950627983E-1
2.869019541E2,-3.513082862E-1,1.365412116E0,-5.543050170E-1
2.869221201E2,-6.608097553E-1,1.596944690E0,-6.219918132E-1
2.869422861E2,-9.531317353E-1,2.003277063E0,-7.081516385E-1
2.869624511E2,-1.132054925E0,2.329495192E0,-8.115133047E-1
2.869826171E2,-1.222478032E0,2.382426739E0,-9.485182762E-1
2.870027821E2,-1.223606586E0,2.225452662E0,-1.160931230E0
2.870229481E2,-1.178457737E0,1.814946651E0,-1.006405115E0
2.870431141E2,-1.239836574E0,9.720328450E-1,-5.729578137E-1
2.870632791E2,-1.604039192E0,8.841928095E-2,-2.938863933E-1
2.870834451E2,-1.752059579E0,-6.541095376E-1,-3.370597064E-1
2.871036101E2,-1.627708793E0,-9.587636590E-1,-2.205952555E-1
2.871237761E2,-1.432441235E0,-7.730542421E-1,-8.721642941E-2
2.871439421E2,-1.365353227E0,-3.818796277E-1,-6.259535439E-3
2.871641071E2,-1.400299668E0,-6.590058561E-3,-3.348863125E-2
2.871842731E2,-1.443053842E0,5.549689382E-2,-1.002073139E-1
2.872044381E2,-1.365130901E0,-3.926997185E-1,-1.453818530E-1
2.872246041E2,-1.291077971E0,-7.693229914E-1,-8.672263473E-2
2.872447701E2,-1.283965230E0,-7.845695019E-1,-2.628356963E-2
2.872649351E2,-1.252792716E0,-5.810075402E-1,-6.872105598E-2
2.872851011E2,-1.049859166E0,-3.671973646E-1,-1.493165344E-1
2.873052661E2,-8.202545047E-1,-4.730995595E-1,-2.130238712E-1
2.873254321E2,-5.227407813E-1,-5.690212846E-1,-2.013522759E-2
2.873455981E2,-6.756187081E-1,-9.117546678E-1,1.400908977E-1
2.873657631E2,-7.562051415E-1,-1.075375080E0,3.071062565E-1
2.873859291E2,-6.114516258E-1,-9.428749084E-1,4.556266665E-1
2.874060941E2,-4.976776838E-1,-1.034907699E0,5.539187193E-1
2.874262601E2,-5.659651756E-1,-1.250748158E0,5.406405330E-1
2.874464261E2,-5.909626484E-1,-1.457372189E0,3.501127660E-1
2.874665911E2,-4.286088645E-1,-1.443643093E0,1.828334033E-1
2.874867571E2,-1.865682453E-1,-1.209484100E0,1.335692108E-1
2.875069221E2,-1.119869277E-1,-9.452382326E-1,7.859108597E-2
2.875270881E2,-1.977540851E-1,-6.994416714E-1,-4.892338440E-2
2.875472531E2,-2.273716927E-1,-6.155179739E-1,-1.155596375E-1
2.875674191E2,-2.430419028E-1,-7.505629659E-1,-5.588338897E-2
2.875875851E2,-2.702806294E-1,-8.088279366E-1,-7.158737630E-2
2.876077501E2,-2.715364099E-1,-5.941104293E-1,-1.110035256E-1
2.876279161E2,-2.232794613E-1,-3.350988328E-1,-1.130924597E-1
2.876480811E2,-2.692102194E-1,-2.360558510E-1,-3.891519457E-2
2.876682471E2,-3.187658787E-1,-2.839817405E-1,3.023841185E-3
2.876884131E2,-3.454582691E-1,-2.532442212E-1,-1.516519580E-2
2.877085781E2,-3.084265292E-1,1.414937340E-2,-9.728290886E-2
2.877287441E2,-1.639639586E-1,2.037617266E-1,-2.169299275E-1
2.877489091E2,2.357685268E-1,1.268051714E-1,-3.750113249E-1
2.877690751E2,8.120624423E-1,1.061851308E-1,-4.474302828E-1
2.877892411E2,1.266686440E0,3.240988851E-1,-4.341497421E-1
2.878094061E2,1.381665707E0,6.629714370E-1,-2.729195952E-1
2.878295721E2,1.383537531E0,9.375538826E-1,-1.180239916E-1
2.878497371E2,1.541442394E0,9.033328891E-1,-3.683274984E-2
2.878699031E2,1.754991412E0,5.876430869E-1,-2.499710396E-2
2.878900691E2,1.969651222E0,4.292713702E-1,-4.385074973E-2
2.879102341E2,2.053863287E0,3.608149886E-1,4.136257805E-3
2.879304001E2,1.996592760E0,2.020533681E-1,4.799789935E-2
2.879505651E2,1.947211981E0,7.998235524E-2,1.222487912E-1
2.879707311E2,2.005592823E0,1.038667336E-1,1.227119192E-1
2.879908972E2,2.030936718E0,2.680696249E-1,8.025458455E-2
2.880110622E2,1.926363945E0,4.144721925E-1,3.714348376E-2
2.880312282E2,1.710400462E0,4.694519639E-1,-2.340058796E-2
2.880513932E2,1.542329073E0,4.422058463E-1,-1.008559689E-1
2.880715592E2,1.439195395E0,4.412648678E-1,-2.324516624E-1
2.880917252E2,1.265077591E0,5.998513103E-1,-3.880977333E-1
2.881118902E2,1.012671947E0,8.809220791E-1,-5.147586465E-1
2.881320562E2,7.908909321E-1,1.146927476E0,-5.895007253E-1
2.881522212E2,6.300212145E-1,1.191701889E0,-6.608358026E-1
2.881723872E2,4.315272570E-1,1.084934235E0,-8.176364303E-1
2.881925532E2,2.011767328E-1,1.108499289E0,-9.088776112E-1
2.882127182E2,4.493632540E-2,1.223551631E0,-8.932914138E-1
2.882328842E2,-1.828495860E-1,1.330366015E0,-7.862119079E-1
2.882530492E2,-4.550343454E-1,1.238707900E0,-6.399793625E-1
2.882732152E2,-6.778843403E-1,9.087669253E-1,-5.823245645E-1
2.882933802E2,-8.794866204E-1,5.138556957E-1,-4.383154809E-1
2.883135462E2,-1.259529948E0,5.078937486E-2,-1.986160874E-1
2.883337122E2,-1.823266983E0,-1.996229291E-1,1.655032486E-2
2.883538772E2,-2.164699554E0,-3.110570014E-1,2.809442952E-2
2.883740432E2,-2.081265450E0,-4.373469353E-1,-4.542732611E-2
2.883942082E2,-1.761081338E0,-6.706976891E-1,-8.083456755E-2
2.884143742E2,-1.455574512E0,-6.799368262E-1,-2.480566688E-2
2.884345402E2,-1.318576574E0,-5.364841819E-1,7.565728575E-2
2.884547052E2,-1.380367398E0,-5.315502286E-1,9.920042008E-2
2.884748712E2,-1.412790060E0,-7.514064312E-1,3.432264179E-2
2.884950362E2,-1.311878681E0,-9.164358377E-1,-1.433677226E-2
2.885152022E2,-1.205953836E0,-8.881679177E-1,-6.275264174E-2
2.885353682E2,-1.059480906E0,-8.986914158E-1,-1.583496034E-1
2.885555332E2,-7.709363699E-1,-6.521208286E-1,-1.950783134E-1
2.885756992E2,-6.430699229E-1,-6.823626161E-1,-2.822936475E-1
2.885958642E2,-6.473337412E-1,-8.458508849E-1,-3.869844973E-1
2.886160302E2,-5.887562633E-1,-8.085784912E-1,-4.084116518E-1
2.886361962E2,-5.881912112E-1,-6.345093250E-1,-4.441270232E-1
2.886563612E2,-5.456585884E-1,-4.463467896E-1,-4.131808281E-1
2.886765272E2,-5.230775476E-1,-4.336990118E-1,-3.199127614E-1
2.886966922E2,-5.832387209E-1,-4.612865448E-1,-2.460582852E-1
2.887168582E2,-7.857526541E-1,-4.183450043E-1,-1.663132161E-1
2.887370242E2,-9.774781466E-1,-3.624865115E-1,-6.950198114E-2
2.887571892E2,-9.770504236E-1,-2.657056451E-1,8.874923736E-2
2.887773552E2,-8.419652581E-1,-1.718285084E-1,1.864272505E-1
2.887975202E2,-6.478075385E-1,-2.457410693E-1,2.442880124E-1
2.888176862E2,-5.168836713E-1,-3.714165986E-1,2.112142295E-1
2.888378522E2,-3.412344158E-1,-3.458091617E-1,1.704993285E-2
2.888580172E2,-1.448012609E-2,-2.579923868E-1,-2.709132060E-2
2.888781832E2,2.859956622E-1,-2.369623035E-1,4.781237245E-2
2.888983482E2,4.935154021E-1,-2.941636741E-1,-4.780734330E-2
2.889185142E2,6.454589963E-1,-2.533590794E-1,-1.935617924E-1
2.889386802E2,7.244051099E-1,9.849432856E-3,-2.622790635E-1
2.889588452E2,8.373939395E-1,4.044440091E-1,-2.020674050E-1
2.889790116E2,1.053031087E0,5.483146310E-1,-5.431188270E-3
2.889991766E2,1.287427902E0,4.656631649E-1,1.819847971E-1
2.890193426E2,1.551739931E0,4.747094810E-1,3.256494999E-1
2.890395076E2,1.827221274E0,5.681515336E-1,4.203971028E-1
2.890596736E2,2.025464296E0,5.814930797E-1,5.041806698E-1
2.890798396E2,2.164422989E0,3.261827230E-1,6.068053246E-1
2.891000046E2,2.271800995E0,5.662917718E-2,6.838898063E-1
2.891201706E2,2.434723139E0,6.756970659E-3,7.428948879E-1
2.891403356E2,2.591482878E0,1.664505154E-1,8.275430799E-1
2.891605016E2,2.694569826E0,3.846275210E-1,9.363372326E-1
2.891806676E2,2.593729496E0,4.863643050E-1,9.919577837E-1
2.892008326E2,2.088757515E0,1.830849499E-1,7.816470861E-1
2.892209986E2,1.625212073E0,-5.937266350E-1,5.357140303E-1
2.892411636E2,1.486006856E0,-9.338115454E-1,4.212128222E-1
2.892613296E2,1.538963437E0,-7.035892010E-1,3.473789394E-1
2.892814956E2,1.536396742E0,-1.906859726E-1,2.683196962E-1
2.893016606E2,1.429124832E0,5.998787284E-2,1.721060872E-1
2.893218266E2,1.074590683E0,5.286817998E-2,-3.376557678E-2
2.893419916E2,6.628909707E-1,4.903540388E-2,-3.138476610E-1
2.893621576E2,3.416624069E-1,3.111180961E-1,-4.672440290E-1
2.893823236E2,5.122717470E-2,7.572597861E-1,-5.270216465E-1
2.894024886E2,-3.265295327E-1,1.099276900E0,-6.353608966E-1
2.894226546E2,-6.925750375E-1,1.165270805E0,-8.267393708E-1
2.894428196E2,-1.027443171E0,1.201157451E0,-1.055216789E0
2.894629856E2,-1.218784094E0,1.226249814E0,-1.237960100E0
2.894831516E2,-1.339751840E0,1.331594706E0,-1.226876736E0
2.895033166E2,-1.647168398E0,1.339280844E0,-9.188334346E-1
2.895234826E2,-2.268307447E0,1.006834865E0,-6.285665035E-1
2.895436476E2,-2.864365816E0,4.103864729E-1,-5.310189128E-1
2.895638136E2,-2.881942987E0,1.974973269E-2,-4.433084130E-1
2.895839796E2,-2.549739838E0,-1.970730871E-1,-2.948065400E-1
2.896041446E2,-2.401641846E0,-4.095593095E-1,-1.804087758E-1
2.896243106E2,-2.417999983E0,-4.285623133E-1,-1.306416839E-1
2.896444756E2,-2.341232777E0,-3.938039541E-1,-6.808331609E-2
2.896646416E2,-2.092085361E0,-5.938472152E-1,-6.408090144E-2
2.896848076E2,-1.989956856E0,-9.645931125E-1,-3.281143904E-1
2.897049726E2,-1.757731676E0,-1.363795400E0,-4.868221283E-1
2.897251386E2,-1.297835946E0,-8.994150758E-1,-5.204582810E-1
2.897453036E2,-1.140469790E0,-5.591384172E-1,-6.963115335E-1
2.897654696E2,-1.070925951E0,-4.760602117E-1,-8.608879447E-1
2.897856356E2,-8.214322925E-1,-5.891301036E-1,-9.149608016E-1
2.898058006E2,-5.679690838E-1,-7.665033937E-1,-7.828799486E-1
2.898259666E2,-5.720784068E-1,-9.756141901E-1,-5.867863894E-1
2.898461316E2,-8.284525871E-1,-1.110439181E0,-3.544016480E-1
2.898662976E2,-1.062292933E0,-9.267989397E-1,-1.522006541E-1
2.898864636E2,-1.021919727E0,-6.871588230E-1,3.356298059E-2
2.899066286E2,-9.708560109E-1,-5.009034276E-1,1.031365171E-1
2.899267946E2,-1.013263345E0,-4.416198730E-1,4.009849951E-2
2.899469596E2,-1.127585530E0,-3.445532024E-1,-2.805178612E-2
2.899671256E2,-1.173045278E0,-2.845978439E-1,1.716606319E-2
2.899872909E2,-1.213234544E0,-6.302748621E-2,4.391813278E-2
2.900074569E2,-1.155340314E0,2.124758214E-1,9.659023955E-3
2.900276229E2,-8.228529096E-1,3.622722626E-1,-6.270482391E-2
2.900477879E2,-3.402028978E-1,3.342541307E-2,6.301862746E-2
2.900679539E2,-5.117654800E-2,-2.728534341E-1,1.386540830E-1
2.900881189E2,1.723416448E-1,-2.551957369E-1,1.452722549E-1
2.901082849E2,5.551617742E-1,-3.291242570E-2,2.754239738E-1
2.901284509E2,1.000313282E0,1.040708572E-1,4.937549531E-1
2.901486159E2,1.717887282E0,1.018579528E-1,6.973766088E-1
2.901687819E2,2.495685816E0,-2.109952085E-2,7.574931383E-1
2.901889469E2,2.850555420E0,-1.715182066E-1,8.639199734E-1
2.902091129E2,2.869349003E0,-2.669597864E-1,1.003433347E0
2.902292789E2,2.797780275E0,-3.406571746E-1,1.148374319E0
2.902494439E2,2.877449989E0,-4.492249489E-1,1.208017111E0
2.902696099E2,3.158913612E0,-6.267180443E-1,1.121028423E0
2.902897749E2,3.445884228E0,-6.796799302E-1,9.080726504E-1
2.903099409E2,3.667870998E0,-6.146754026E-1,7.974458933E-1
2.903301069E2,3.865147829E0,-4.801671505E-1,8.394194841E-1
2.903502719E2,3.726553440E0,-4.542120695E-1,8.222377896E-1
2.903704379E2,3.260685682E0,-6.587880254E-1,5.638420582E-1
2.903906029E2,2.764317751E0,-9.027585983E-1,4.619242251E-1
2.904107689E2,2.510495424E0,-1.101928949E0,3.917677104E-1
2.904309349E2,2.461237192E0,-1.210939288E0,3.974291980E-1
2.904510999E2,2.546529531E0,-1.477446914E0,2.715602815E-1
2.904712659E2,2.744996786E0,-2.073982000E0,-1.614874452E-1
2.904914309E2,2.443203926E0,-1.827292204E0,-3.398562670E-1
2.905115969E2,1.865365386E0,-1.202133894E0,-4.585946500E-1
2.905317619E2,1.190588117E0,-7.442710549E-2,-3.566453457E-1
2.905519279E2,6.526917219E-1,7.444635630E-1,-2.665698230E-1
2.905720939E2,4.820583388E-2,9.977073073E-1,-4.306311607E-1
2.905922589E2,-7.996844053E-1,1.457691669E0,-7.650966644E-1
2.906124249E2,-1.501985788E0,1.720912576E0,-1.144397020E0
2.906325899E2,-2.091839790E0,1.738726139E0,-1.128253937E0
2.906527559E2,-2.582698345E0,1.476706743E0,-8.747781515E-1
2.906729219E2,-3.009237766E0,1.401403069E0,-8.506478667E-1
2.906930869E2,-3.040177345E0,1.355868340E0,-1.047507882E0
2.907132529E2,-3.035563231E0,1.600932360E0,-1.203894138E0
2.907334179E2,-3.046787739E0,1.845265508E0,-1.256721139E0
2.907535839E2,-3.244584560E0,1.312617660E0,-9.882215858E-1
2.907737499E2,-3.359310627E0,5.117785931E-1,-6.971969604E-1
2.907939149E2,-3.154018879E0,2.241379470E-1,-9.372780323E-1
2.908140809E2,-2.555030346E0,-7.198137790E-2,-1.161741376E0
2.908342459E2,-2.170835972E0,-3.840730190E-1,-1.105830789E0
2.908544119E2,-2.123509407E0,-5.448730588E-1,-9.977585077E-1
2.908745779E2,-2.031098127E0,-4.727807045E-1,-9.554105401E-1
2.908947429E2,-1.834090471E0,-2.082475573E-1,-1.030032277E0
2.909149089E2,-1.657786846E0,-2.042143941E-1,-9.821490645E-1
2.909350739E2,-1.695860624E0,-3.376002312E-1,-7.709898353E-1
2.909552399E2,-1.882077217E0,-2.780263126E-1,-5.371903181E-1
2.909754049E2,-1.892366886E0,-1.209489927E-1,-3.536540866E-1
2.909955705E2,-1.725182176E0,-2.857427299E-1,-1.189210787E-1
2.910157365E2,-1.628862500E0,-6.484105587E-1,1.285229623E-1
2.910359015E2,-1.576839089E0,-8.900626898E-1,2.868624926E-1
2.910560675E2,-1.286554337E0,-1.008099914E0,3.678341806E-1
2.910762325E2,-9.013803005E-1,-1.085633397E0,3.695914745E-1
2.910963985E2,-4.954187572E-1,-1.160550475E0,3.200736046E-1
2.911165645E2,-1.077223569E-1,-1.106606007E0,2.226841748E-1
2.911367295E2,2.932473719E-1,-9.137263298E-1,1.448581070E-1
2.911568955E2,6.483483315E-1,-6.112241745E-1,8.337382227E-2
2.911770605E2,9.696086049E-1,-3.809900284E-1,5.615032092E-2
2.911972265E2,1.151530266E0,-1.019812152E-1,1.524647325E-1
2.912173925E2,1.276005387E0,9.913065284E-2,2.822761238E-1
2.912375575E2,1.324482799E0,8.995400369E-2,3.018960953E-1
2.912577235E2,1.463551998E0,-1.721611470E-1,2.109328806E-1
2.912778885E2,1.742617130E0,-4.043936133E-1,1.495238096E-1
2.912980545E2,2.056133986E0,-3.039876521E-1,1.978761554E-1
2.913182195E2,2.272945404E0,1.967921667E-2,3.047407269E-1
2.913383855E2,2.378320932E0,1.638981998E-1,3.078900278E-1
2.913585515E2,2.505499601E0,-7.804332674E-2,1.782030165E-1
2.913787165E2,2.833753109E0,-3.406650126E-1,-2.213235572E-2
2.913988825E2,3.296522379E0,-2.025543898E-1,-7.172291726E-2
2.914190475E2,3.550617218E0,9.486618638E-2,-2.109314315E-2
2.914392135E2,3.496279716E0,1.911232173E-1,8.480316959E-3
2.914593795E2,3.303803921E0,1.448738575E-1,-1.594591327E-2
2.914795445E2,3.082644701E0,9.878481925E-2,-4.754917696E-2
2.914997105E2,2.760871887E0,-3.029499948E-2,-1.285808682E-1
2.915198755E2,2.475326777E0,-1.359214038E-1,-1.957183480E-1
2.915400415E2,2.322336435E0,-4.268582165E-2,-2.085157633E-1
2.915602065E2,2.173870564E0,1.345867068E-1,-2.270673364E-1
2.915803725E2,1.869230270E0,2.836428285E-1,-3.362251222E-1
2.916005385E2,1.526689172E0,3.184213042E-1,-4.114562869E-1
2.916207035E2,1.151696801E0,3.179254532E-1,-4.713940024E-1
2.916408695E2,7.553572059E-1,2.155804783E-1,-4.817920923E-1
2.916610345E2,3.422001898E-1,6.185066327E-2,-5.164705515E-1
2.916812005E2,-6.794749200E-2,-5.687537417E-2,-6.573385000E-1
2.917013665E2,-4.231273234E-1,-1.169593260E-1,-8.120659590E-1
2.917215315E2,-7.285929918E-1,-8.940967917E-2,-9.268358946E-1
2.917416975E2,-9.929452538E-1,5.209762231E-2,-1.030579329E0
2.917618625E2,-1.265606284E0,2.891612351E-1,-1.109130383E0
2.917820285E2,-1.483556747E0,3.507007062E-1,-1.148484349E0
2.918021945E2,-1.746757746E0,2.482594103E-1,-1.221662402E0
2.918223595E2,-2.092483997E0,1.815361828E-1,-1.324615717E0
2.918425255E2,-2.523256540E0,2.913518548E-1,-1.283927679E0
2.918626905E2,-2.862597466E0,4.973873794E-1,-1.135678411E0
2.918828565E2,-3.031632423E0,6.865791082E-1,-9.722323418E-1
2.919030215E2,-3.097144127E0,7.665339112E-1,-9.692836404E-1
2.919231875E2,-3.100264549E0,4.685121775E-1,-7.991651893E-1
2.919433535E2,-3.083176851E0,3.406911343E-2,-4.216976166E-1
2.919635185E2,-3.238778830E0,-2.516745403E-2,-1.607704908E-1
2.919836845E2,-3.345604897E0,1.359394342E-1,1.532035172E-1
2.920038495E2,-3.300556183E0,2.180657834E-1,3.693108857E-1
2.920240155E2,-2.915645361E0,1.539127082E-1,1.483191252E-1
2.920441815E2,-2.061516762E0,8.197430521E-2,-1.685389578E-1
2.920643465E2,-1.301542163E0,3.124721348E-1,-2.988322377E-1
2.920845125E2,-9.158189297E-1,7.952456474E-1,-3.772435486E-1
2.921046775E2,-8.056735396E-1,1.341609955E0,-3.377925456E-1
2.921248435E2,-6.930755377E-1,1.673145652E0,-2.875865996E-1
2.921450085E2,-5.385888219E-1,1.640902400E0,-1.323505640E-1
2.921651745E2,-3.700075746E-1,1.517103553E0,8.479622751E-2
2.921853405E2,-3.862731904E-2,1.449272633E0,2.808060944E-1
2.922055055E2,4.651971161E-1,1.443464756E0,3.096014261E-1
2.922256715E2,1.120865226E0,1.522022247E0,2.587254941E-1
2.922458365E2,1.690397739E0,1.599866986E0,2.351676375E-1
2.922660025E2,2.085659027E0,1.360988855E0,3.380666375E-1
2.922861685E2,2.301849365E0,1.072268963E0,5.117615461E-1
2.923063335E2,2.419300556E0,7.975525260E-1,6.962340474E-1
2.923264995E2,2.444346905E0,6.422245502E-1,8.171986341E-1
2.923466645E2,2.484241486E0,6.896508932E-1,8.877958059E-1
2.923668305E2,2.724135399E0,8.010988235E-1,9.207533002E-1
2.923869955E2,3.237000227E0,6.605587006E-1,8.788410425E-1
2.924071615E2,3.759052515E0,2.976502180E-1,8.089646101E-1
2.924273275E2,4.023830891E0,-1.425936669E-1,7.354422808E-1
2.924474925E2,3.998620033E0,-5.888260007E-1,6.767542362E-1
2.924676585E2,3.793125391E0,-8.970670104E-1,6.706014276E-1
2.924878235E2,3.578526020E0,-9.087634683E-1,6.993313432E-1
2.925079895E2,3.346198082E0,-6.394143105E-1,7.335237861E-1
2.925281545E2,3.058267593E0,-5.009948015E-1,6.605480909E-1
2.925483205E2,2.719895601E0,-7.793686986E-1,4.763883948E-1
2.925684865E2,2.454568386E0,-1.151874423E0,1.225841120E-1
2.925886515E2,2.236030579E0,-1.217841387E0,-3.790431619E-1
2.926088175E2,2.077859163E0,-9.891485572E-1,-7.650498748E-1
2.926289825E2,1.868550897E0,-7.144474387E-1,-1.016620040E0
2.926491485E2,1.523426056E0,-3.328924477E-1,-1.222418785E0
2.926693145E2,1.122121572E0,1.104429066E-1,-1.361466408E0
2.926894795E2,6.048702598E-1,4.738026559E-1,-1.452661872E0
2.927096455E2,-3.861619532E-2,6.353850961E-1,-1.471788168E0
2.927298105E2,-7.198050022E-1,4.661301076E-1,-1.441780925E0
2.927499765E2,-1.499012589E0,-3.504440188E-2,-1.431042671E0
2.927701415E2,-2.332053185E0,-3.605114818E-1,-1.394701123E0
2.927903075E2,-3.134468079E0,-2.154297978E-1,-1.187688947E0
2.928104735E2,-3.948464870E0,3.353563845E-1,-1.068329096E0
2.928306385E2,-4.216008186E0,8.425236940E-1,-1.491857767E0
2.928508045E2,-3.826747894E0,1.121506691E0,-2.007314682E0
2.928709695E2,-3.211493492E0,1.305477023E0,-2.188803434E0
2.928911355E2,-3.332928658E0,1.160106778E0,-2.175268650E0
2.929113005E2,-3.217605114E0,1.401374936E0,-1.685207844E0
2.929314665E2,-3.229033232E0,2.029893637E0,-1.294927120E0
2.929516325E2,-3.363165379E0,2.277514219E0,-1.015059114E0
2.929717975E2,-3.280625582E0,2.258121252E0,-8.353261352E-1
2.929919640E2,-2.964645624E0,2.405926704E0,-7.995388508E-1
2.930121290E2,-2.492083073E0,2.690834761E0,-7.838570476E-1
2.930322950E2,-1.852076411E0,2.944960356E0,-6.840247512E-1
2.930524600E2,-9.284157157E-1,2.830990553E0,-6.322843432E-1
2.930726260E2,9.564766660E-3,2.305387259E0,-5.288963914E-1
2.930927920E2,6.128796935E-1,1.459368825E0,-3.446044922E-1
2.931129570E2,7.481591702E-1,7.572759390E-1,-1.547565013E-1
2.931331230E2,7.171520591E-1,5.489115119E-1,8.206266165E-2
2.931532880E2,7.497314811E-1,6.558825374E-1,3.115538955E-1
2.931734540E2,8.448616862E-1,8.628320694E-1,4.766523838E-1
2.931936190E2,8.921124339E-1,9.258654118E-1,5.342330933E-1
2.932137850E2,8.808348775E-1,8.735626936E-1,4.160841107E-1
2.932339510E2,9.772837162E-1,8.023598790E-1,2.985168099E-1
2.932541160E2,1.350892782E0,8.184404373E-1,3.734172285E-1
2.932742820E2,1.649400949E0,8.670699596E-1,4.973548055E-1
2.932944470E2,1.720795512E0,8.384559155E-1,6.465613842E-1
2.933146130E2,1.786075234E0,6.686559319E-1,7.321614623E-1
2.933347780E2,1.888537765E0,4.400456548E-1,7.092773318E-1
2.933549440E2,2.182599783E0,2.197068185E-1,6.156950593E-1
2.933751100E2,2.441718817E0,1.913880855E-1,5.013361573E-1
2.933952750E2,2.510833740E0,1.580008119E-1,4.969174862E-1
2.934154410E2,2.326562405E0,5.380144343E-2,6.587622762E-1
2.934356060E2,1.954632759E0,-2.446982265E-1,7.152214050E-1
2.934557720E2,1.556155205E0,-5.492461920E-1,4.779158831E-1
2.934759370E2,1.469356060E0,-7.076885104E-1,-1.290819980E-2
2.934961030E2,1.884221196E0,-3.628421724E-1,-5.159506798E-1
2.935162690E2,2.361532927E0,4.890650809E-1,-8.341797590E-1
2.935364340E2,2.431960583E0,9.258575439E-1,-1.284313440E0
2.935566000E2,2.535324097E0,1.619234443E0,-1.124708295E0
2.935767650E2,2.575953484E0,1.689136028E0,-6.129135489E-1
2.935969310E2,2.146541834E0,8.235409260E-1,-2.174311876E-1
2.936170960E2,1.494971395E0,-3.601013422E-1,-7.331414521E-2
2.936372620E2,1.100407720E0,-1.064812660E0,-1.399538666E-1
2.936574280E2,1.098179817E0,-1.184337616E0,-1.907798648E-1
2.936775930E2,1.153781772E0,-1.017836571E0,-3.070592284E-1
2.936977590E2,9.742637873E-1,-6.795368195E-1,-5.063554049E-1
2.937179240E2,6.535223722E-1,-2.906479836E-1,-7.395894527E-1
2.937380900E2,3.827984631E-1,2.537654340E-2,-8.555318713E-1
2.937582550E2,1.579710692E-1,1.039481834E-1,-8.630162477E-1
2.937784210E2,-1.200283021E-1,4.453250393E-2,-8.705897927E-1
2.937985870E2,-4.365809262E-1,9.504892677E-2,-9.536364675E-1
2.938187520E2,-8.063908815E-1,3.677361012E-1,-1.079471827E0
2.938389180E2,-1.105881810E0,6.484436989E-1,-1.174751759E0
2.938590830E2,-1.452456594E0,7.995850444E-1,-1.270358443E0
2.938792490E2,-1.806539536E0,8.480361700E-1,-1.407788157E0
2.938994140E2,-2.036923409E0,8.344202638E-1,-1.579682827E0
2.939195800E2,-2.159297705E0,8.901811242E-1,-1.730626106E0
2.939397460E2,-2.293642521E0,9.995899200E-1,-1.756281137E0
2.939599110E2,-2.558427095E0,1.129668474E0,-1.563138127E0
2.939800770E2,-2.823353529E0,1.267658591E0,-1.269393206E0
2.940002413E2,-3.000376225E0,1.188855886E0,-9.034425616E-1
2.940204073E2,-3.144383669E0,8.962314129E-1,-4.619397819E-1
2.940405722E2,-3.255839109E0,4.083333313E-1,-1.428267062E-1
2.940607383E2,-3.147559643E0,-3.072242811E-2,-3.088934720E-2
2.940809032E2,-2.310479403E0,-2.859165967E-1,-1.274979711E-1
2.941010692E2,-9.816572070E-1,6.574262679E-2,-1.384179890E-1
2.941212353E2,1.118525565E-1,6.018720269E-1,-9.454636276E-2
2.941414002E2,5.611103773E-1,6.755650640E-1,-5.671095848E-2
2.941615662E2,6.015542150E-1,4.022101164E-1,-3.205655143E-2
2.941817313E2,5.938974619E-1,-3.257019445E-2,-1.395769715E-1
2.942018972E2,6.238390803E-1,-2.089819014E-1,-2.613277733E-1
2.942220623E2,6.288498640E-1,9.763947129E-2,-3.334465921E-1
2.942422283E2,6.395680904E-1,8.801208138E-1,-3.756738305E-1
2.942623943E2,6.416531801E-1,1.669153690E0,-5.000358820E-1
2.942825593E2,6.807571054E-1,2.201485634E0,-6.712545156E-1
2.943027253E2,9.963052273E-1,2.534690380E0,-7.844273448E-1
2.943228903E2,1.430667162E0,2.839171886E0,-7.113622427E-1
2.943430563E2,1.654273629E0,2.890599966E0,-5.435898900E-1
2.943632213E2,1.685998678E0,2.567684889E0,-4.219428301E-1
2.943833873E2,1.783396006E0,2.170598269E0,-3.386514485E-1
2.944035523E2,1.999110460E0,1.869423747E0,-3.028313816E-1
2.944237183E2,2.289897680E0,1.532352567E0,-3.692517281E-1
2.944438843E2,2.494799137E0,1.223562002E0,-4.267051518E-1
2.944640493E2,2.450675011E0,1.038368344E0,-2.776454687E-1
2.944842153E2,2.222826719E0,7.954113483E-1,-4.761655256E-2
2.945043803E2,1.978460550E0,4.722155035E-1,-3.058927692E-2
2.945245463E2,1.762988448E0,3.241441548E-1,-1.407029480E-1
2.945447112E2,1.456881523E0,3.521987200E-1,-6.098353118E-2
2.945648772E2,1.074220896E0,2.288439125E-1,4.826631024E-2
2.945850433E2,6.771151423E-1,1.104543284E-1,8.749412745E-2
2.946052082E2,3.702076972E-1,9.982399642E-2,8.232448250E-2
2.946253742E2,1.252374202E-1,9.274183214E-2,1.052070707E-1
2.946455393E2,-4.377387837E-2,1.411838233E-1,1.364747435E-1
2.946657052E2,-1.809594929E-1,1.281759590E-1,1.910699606E-1
2.946858703E2,-3.366679847E-1,-2.471463978E-1,2.741200626E-1
2.947060363E2,-3.830410242E-1,-6.723753214E-1,1.915551275E-1
2.947262013E2,-1.529180259E-1,-7.467632294E-1,-6.968667358E-2
2.947463673E2,3.244055212E-1,-6.508227587E-1,-3.054654300E-1
2.947665333E2,7.049904466E-1,-4.588341713E-1,-5.091313720E-1
2.947866983E2,8.803977370E-1,-2.156690061E-1,-7.175866365E-1
2.948068643E2,9.281193018E-1,9.692024440E-2,-9.378471375E-1
2.948270293E2,9.446519017E-1,3.922033608E-1,-1.100092292E0
2.948471953E2,8.691042066E-1,6.199408770E-1,-1.199933648E0
2.948673603E2,6.976901889E-1,7.945956588E-1,-1.210688829E0
2.948875263E2,4.640329778E-1,8.725399971E-1,-1.157101870E0
2.949076913E2,1.701367348E-1,7.807607055E-1,-1.012239814E0
2.949278573E2,-1.920275390E-1,5.034299493E-1,-8.227155805E-1
2.949480233E2,-6.041753888E-1,2.077519298E-1,-6.150472164E-1
2.949681883E2,-9.948124886E-1,2.214220911E-2,-4.879969656E-1
2.949883550E2,-1.161681294E0,-4.599600285E-2,-3.907082379E-1
2.950085200E2,-1.328957319E0,-7.450378686E-2,-3.110973537E-1
2.950286860E2,-1.478197455E0,-1.742738932E-1,-3.297350705E-1
2.950488510E2,-1.492970943E0,-2.007769793E-1,-2.022357881E-1
2.950690170E2,-1.522482038E0,-1.421103477E-1,3.711028025E-2
2.950891820E2,-1.744393587E0,-3.637285903E-2,1.944633871E-1
2.951093480E2,-1.981784582E0,1.566921175E-1,2.126009911E-1
2.951295130E2,-2.002470493E0,3.056129515E-1,1.770296842E-1
2.951496790E2,-1.886661172E0,6.073595956E-2,1.930200160E-1
2.951698450E2,-1.792259693E0,-8.220585436E-2,1.652913541E-1
2.951900100E2,-1.721362591E0,2.402328104E-1,1.650020033E-1
2.952101760E2,-1.638752818E0,7.717174292E-1,2.333852798E-1
2.952303410E2,-1.542410135E0,1.003067493E0,3.780354857E-1
2.952505070E2,-1.370784402E0,7.785640359E-1,5.736141205E-1
2.952706720E2,-1.226202250E0,3.641122878E-1,7.603679299E-1
2.952908380E2,-1.017281651E0,-7.011032104E-2,7.624296546E-1
2.953110030E2,-6.746362448E-1,-2.995472252E-1,6.419746876E-1
2.953311690E2,-2.958352491E-2,-4.111389518E-1,5.217489004E-1
2.953513350E2,5.720211267E-1,-5.389416814E-1,3.993315399E-1
2.953715000E2,1.090466380E0,-6.626638770E-1,4.233281314E-1
2.953916660E2,1.385504723E0,-7.951082587E-1,4.610327780E-1
2.954118310E2,1.448256373E0,-8.150501251E-1,6.014249325E-1
2.954319970E2,1.159338474E0,-6.590899229E-1,7.136123776E-1
2.954521620E2,8.781149983E-1,-5.128048658E-1,8.419234753E-1
2.954723280E2,9.294216633E-1,-4.400417507E-1,7.742657661E-1
2.954924930E2,1.397270679E0,-6.070692539E-1,5.429376960E-1
2.955126590E2,1.904069304E0,-8.257960677E-1,2.733587325E-1
2.955328250E2,1.994780660E0,-8.414203525E-1,1.227089614E-1
2.955529900E2,1.796005249E0,-6.573613882E-1,1.528555304E-1
2.955731560E2,1.538383126E0,-5.870899558E-1,2.697695494E-1
2.955933210E2,1.373142481E0,-9.070950747E-1,3.253828585E-1
2.956134870E2,1.169162035E0,-1.093803287E0,2.547851205E-1
2.956336520E2,1.015872478E0,-1.149121881E0,1.825553179E-1
2.956538180E2,6.910510063E-1,-9.571955204E-1,2.318325937E-1
2.956739830E2,4.359149933E-2,-6.081134081E-1,3.796402514E-1
2.956941490E2,-7.386050224E-1,-2.345326394E-1,4.745340347E-1
2.957143140E2,-1.381103754E0,1.877259649E-2,4.201686680E-1
2.957344800E2,-1.783014774E0,-1.677518152E-2,1.964998692E-1
2.957546460E2,-1.921087623E0,-1.004829556E-1,-2.257687896E-1
2.957748110E2,-1.833788514E0,2.064363956E-1,-6.794682145E-1
2.957949770E2,-1.783193469E0,7.058995962E-1,-8.672770858E-1
2.958151420E2,-1.941589355E0,9.959410429E-1,-7.847257257E-1
2.958353080E2,-2.410932302E0,9.433429837E-1,-7.562393546E-1
2.958554730E2,-2.989911795E0,7.166727781E-1,-7.526351213E-1
2.958756390E2,-3.269898415E0,8.805775642E-1,-7.166865468E-1
2.958958040E2,-3.122189522E0,1.676521659E0,-7.527894974E-1
2.959159700E2,-2.591545820E0,2.932515860E0,-8.357068896E-1
2.959361350E2,-1.979217887E0,3.271926403E0,-7.305817604E-1
2.959563010E2,-1.713593125E0,2.287637711E0,-4.434993863E-1
2.959764670E2,-1.547529817E0,1.186332226E0,-1.713580638E-2
2.959966316E2,-3.330162764E-1,2.420214862E-1,4.455596805E-1
2.960167976E2,1.284207702E0,1.223312989E-1,5.836524367E-1
2.960369626E2,2.311365843E0,1.831689030E-1,5.833699107E-1
2.960571286E2,2.465875626E0,1.413033903E-1,5.599500537E-1
2.960772936E2,2.266705751E0,1.145907268E-1,4.848481119E-1
2.960974596E2,2.155544996E0,3.012961745E-1,3.840293884E-1
2.961176246E2,2.196469069E0,4.821212590E-1,2.932961881E-1
2.961377906E2,2.360700846E0,6.910693049E-1,3.213831484E-1
2.961579556E2,2.675117016E0,7.513933778E-1,3.994722366E-1
2.961781216E2,2.978704214E0,6.766492724E-1,3.699009120E-1
2.961982876E2,3.167997122E0,7.867632508E-1,3.787289560E-1
2.962184526E2,3.196724415E0,1.033349276E0,4.784523249E-1
2.962386186E2,3.139261246E0,1.053124666E0,6.899687052E-1
2.962587836E2,2.994437933E0,7.725414634E-1,9.316862226E-1
2.962789496E2,2.762301207E0,3.271631002E-1,1.087851882E0
2.962991146E2,2.439465046E0,-2.024271786E-1,1.082199574E0
2.963192806E2,2.133051872E0,-6.899843812E-1,9.527277350E-1
2.963394456E2,1.933062077E0,-1.025552988E0,7.650689483E-1
2.963596116E2,1.858933568E0,-1.157300830E0,6.218290925E-1
2.963797766E2,1.680718422E0,-1.003297806E0,4.273779094E-1
2.963999426E2,1.435757518E0,-5.394141078E-1,2.103015184E-1
2.964201086E2,1.302768707E0,-3.551479802E-2,6.918155402E-2
2.964402736E2,1.164360762E0,2.913775742E-1,-1.101443768E-1
2.964604396E2,8.109754920E-1,5.151140094E-1,-2.841072679E-1
2.964806046E2,3.521164656E-1,6.823672652E-1,-4.267158508E-1
2.965007706E2,-1.305696666E-1,1.039715886E0,-5.940781832E-1
2.965209356E2,-4.467178285E-1,1.377323389E0,-8.316928148E-1
2.965411016E2,-7.008956671E-1,1.586625338E0,-1.032375097E0
2.965612666E2,-1.015317082E0,1.708344698E0,-1.164431930E0
2.965814326E2,-1.439925313E0,1.677145362E0,-1.167525530E0
2.966015976E2,-2.043529510E0,1.480918765E0,-1.039578438E0
2.966217636E2,-2.701384068E0,1.246617317E0,-9.739981890E-1
2.966419286E2,-3.047682762E0,9.797502160E-1,-1.004815578E0
2.966620946E2,-2.914008617E0,9.183793068E-1,-9.862770438E-1
2.966822606E2,-2.454063654E0,8.910876513E-1,-9.677004218E-1
2.967024256E2,-2.022796154E0,6.536142826E-1,-9.226475358E-1
2.967225916E2,-1.853646159E0,4.041566551E-1,-9.258471131E-1
2.967427566E2,-1.930562139E0,2.951543629E-1,-9.132547379E-1
2.967629226E2,-2.001971960E0,1.019933522E-1,-8.555657864E-1
2.967830876E2,-1.997502208E0,-1.855950207E-1,-7.238549590E-1
2.968032536E2,-1.948820949E0,-5.261843204E-1,-5.766082406E-1
2.968234186E2,-1.940452814E0,-7.391083837E-1,-4.337434471E-1
2.968435846E2,-1.968362689E0,-7.136776447E-1,-3.793554902E-1
2.968637496E2,-1.954599023E0,-6.110553145E-1,-3.310397267E-1
2.968839156E2,-1.840747952E0,-4.131810367E-1,-2.155547142E-1
2.969040806E2,-1.809642553E0,-1.197101995E-1,-1.333737820E-1
2.969242466E2,-1.852511525E0,2.584754303E-2,-1.697329283E-1
2.969444126E2,-1.788035274E0,-1.360581815E-1,-1.720841825E-1
2.969645776E2,-1.575322151E0,-5.089218616E-1,-1.497660577E-1
2.969847436E2,-1.191839457E0,-7.488023639E-1,-2.412485778E-1
2.970049081E2,-7.437925935E-1,-6.261798739E-1,-3.797884881E-1
2.970250741E2,-3.195751607E-1,-4.514407218E-1,-4.972010255E-1
2.970452391E2,2.403778397E-2,-3.380145431E-1,-5.439878106E-1
2.970654051E2,4.800572097E-1,-2.133929282E-1,-4.981416762E-1
2.970855701E2,8.581168056E-1,-2.620248199E-1,-4.959746301E-1
2.971057361E2,1.130790234E0,-4.267958403E-1,-3.868348598E-1
2.971259011E2,1.327231646E0,-4.946856797E-1,-3.404604495E-1
2.971460671E2,1.427458167E0,-4.441639185E-1,-2.214901596E-1
2.971662321E2,1.488868833E0,-1.875652224E-1,-3.774663433E-2
2.971863981E2,1.422692299E0,2.399532646E-1,2.297529578E-1
2.972065631E2,1.251269102E0,2.098446339E-1,6.629102826E-1
2.972267291E2,9.808748960E-1,-7.063688636E-1,9.503241181E-1
2.972468951E2,9.705120325E-1,-1.595656753E0,8.593816757E-1
2.972670601E2,1.357869744E0,-1.705920577E0,6.749277115E-1
2.972872261E2,1.946836472E0,-9.741469622E-1,5.633655787E-1
2.973073911E2,2.493060350E0,-3.237725198E-1,6.179177761E-1
2.973275571E2,2.788927317E0,-1.422043052E-2,7.315065861E-1
2.973477221E2,2.801302910E0,-4.290808365E-2,6.853269935E-1
2.973678881E2,2.687696695E0,-2.565304339E-1,4.505863190E-1
2.973880531E2,2.851650238E0,-3.226680160E-1,2.869133353E-1
2.974082191E2,3.456045151E0,3.743309155E-2,3.919959068E-1
2.974283841E2,3.664116621E0,5.405651331E-1,5.320867300E-1
2.974485501E2,2.579679966E0,-3.785386682E-1,-2.626247332E-2
2.974687151E2,1.822131991E0,-1.104190707E0,-2.960457802E-1
2.974888811E2,1.778980851E0,-1.056038141E0,-3.743755817E-1
2.975090461E2,2.196721077E0,-3.960338533E-1,-3.927846849E-1
2.975292121E2,2.718149424E0,2.492471635E-1,-3.552603424E-1
2.975493771E2,2.839545727E0,3.476526439E-1,-3.522938788E-1
2.975695431E2,2.342111826E0,-1.320771966E-2,-4.889529049E-1
2.975897091E2,1.538483500E0,-3.532988727E-1,-5.497891307E-1
2.976098741E2,7.190141678E-1,-4.080696404E-1,-4.765941799E-1
2.976300401E2,9.304201603E-2,-2.213469595E-1,-5.516749620E-1
2.976502051E2,-2.725813687E-1,1.903601289E-1,-7.574985027E-1
2.976703711E2,-3.792203367E-1,4.081453681E-1,-8.259428740E-1
2.976905361E2,-8.497095704E-1,7.621351480E-1,-8.344732523E-1
2.977107021E2,-1.497473598E0,1.199618936E0,-9.749638438E-1
2.977308671E2,-1.901368260E0,1.504876971E0,-1.095147729E0
2.977510331E2,-2.158359051E0,1.658117414E0,-1.206803441E0
2.977711981E2,-2.355887413E0,1.509220004E0,-1.270226717E0
2.977913641E2,-2.607247591E0,1.103151083E0,-1.067256927E0
2.978115291E2,-2.962371826E0,6.322305202E-1,-8.671512604E-1
2.978316951E2,-3.314543009E0,6.568334103E-1,-7.718047500E-1
2.978518601E2,-3.335728407E0,9.705701470E-1,-7.023791075E-1
2.978720261E2,-3.005426407E0,8.373159766E-1,-5.457234383E-1
2.978921911E2,-2.540955305E0,1.442407668E-1,-4.691966176E-1
2.979123571E2,-2.192328691E0,-2.858994305E-1,-4.949556291E-1
2.979325221E2,-1.944921255E0,-2.547806799E-1,-6.441868544E-1
2.979526881E2,-1.742318988E0,-4.202141762E-1,-6.323087811E-1
2.979728541E2,-1.542256713E0,-8.599482179E-1,-4.716415703E-1
2.979930198E2,-1.413986444E0,-1.104481101E0,-3.861182928E-1
2.980131858E2,-1.389033794E0,-9.947339892E-1,-4.346591532E-1
2.980333508E2,-1.267480612E0,-8.046325445E-1,-4.322040677E-1
2.980535168E2,-1.149410725E0,-7.995668650E-1,-1.687713414E-1
2.980736818E2,-1.174643397E0,-8.013684750E-1,1.247216761E-1
2.980938478E2,-1.213084698E0,-8.474873304E-1,2.952671349E-1
2.981140128E2,-1.256897449E0,-9.090418220E-1,4.559168816E-1
2.981341788E2,-1.283870697E0,-8.804115653E-1,5.452981591E-1
2.981543438E2,-1.239180803E0,-7.256944776E-1,5.426837802E-1
2.981745098E2,-9.949732423E-1,-5.726246238E-1,4.113644660E-1
2.981946748E2,-6.702597141E-1,-5.812819600E-1,2.532707751E-1
2.982148408E2,-3.209293485E-1,-4.713552296E-1,1.684138775E-1
2.982350058E2,1.022129729E-1,-2.282675356E-1,1.996849030E-1
2.982551718E2,4.584313035E-1,-1.043078825E-1,2.455013245E-1
2.982753368E2,6.117585301E-1,-4.614298046E-1,2.713851333E-1
2.982955028E2,7.308899164E-1,-9.600507617E-1,3.636300564E-1
2.983156678E2,9.416134953E-1,-9.522400498E-1,3.787179589E-1
2.983358338E2,1.105351686E0,-6.561284661E-1,4.259492755E-1
2.983559988E2,1.160650492E0,-4.178669453E-1,5.876083374E-1
2.983761648E2,1.256206036E0,-1.469912529E-1,7.975187898E-1
2.983963308E2,1.454588532E0,-2.730500400E-1,6.960243583E-1
2.984164958E2,1.751370668E0,-6.341593862E-1,3.104477823E-1
2.984366618E2,2.088541985E0,-8.249997497E-1,1.009979658E-2
2.984568268E2,2.590874910E0,-4.146592915E-1,-8.292451501E-2
2.984769928E2,2.798063755E0,2.064687163E-1,-1.438456625E-1
2.984971578E2,2.884645462E0,3.098061979E-1,-1.845122129E-1
2.985173238E2,3.101956606E0,3.854198158E-1,-8.677495271E-2
2.985374888E2,3.205144167E0,5.811728239E-1,-2.157500982E-1
2.985576548E2,2.963239670E0,1.672128290E-1,-2.114657015E-1
2.985778198E2,2.831698418E0,2.460149676E-1,-2.064218968E-1
2.985979858E2,2.689261198E0,3.149607480E-1,-2.045545280E-1
2.986181508E2,2.488660336E0,2.672327161E-1,-1.640648097E-1
2.986383168E2,2.309377909E0,3.238673210E-1,-1.043656543E-1
2.986584818E2,2.127234697E0,3.869836330E-1,-4.151045531E-2
2.986786478E2,1.811258078E0,4.017874300E-1,-1.641551778E-2
2.986988128E2,1.319428205E0,3.584117293E-1,-1.845363341E-2
2.987189788E2,7.556423545E-1,3.176636994E-1,-1.984002069E-2
2.987391438E2,3.926337957E-1,3.245269060E-1,-4.107294232E-2
2.987593098E2,2.042591423E-1,3.695463240E-1,-1.916509569E-1
2.987794748E2,-6.548559666E-2,5.665956140E-1,-4.210020900E-1
2.987996408E2,-5.024510026E-1,1.044624209E0,-6.452327371E-1
2.988198058E2,-8.349252939E-1,1.400007725E0,-8.111924529E-1
2.988399718E2,-1.032905221E0,1.401831031E0,-8.441346288E-1
2.988601368E2,-1.356656671E0,9.903525710E-1,-7.361751795E-1
2.988803028E2,-1.826791883E0,2.826439142E-1,-5.955388546E-1
2.989004678E2,-2.433508635E0,-3.161616325E-1,-6.294255853E-1
2.989206338E2,-2.854049444E0,-3.082875609E-1,-6.607532501E-1
2.989407988E2,-2.936375380E0,2.937004864E-1,-7.267824411E-1
2.989609648E2,-2.783500195E0,1.091582656E0,-9.104087949E-1
2.989811298E2,-2.549724579E0,1.760889530E0,-1.208847523E0
2.990012957E2,-2.255865097E0,2.041442633E0,-1.507358909E0
2.990214607E2,-1.953834891E0,1.585418344E0,-1.548028946E0
2.990416267E2,-1.885200500E0,6.753628850E-1,-1.401593924E0
2.990617927E2,-2.270392418E0,-1.322815418E-1,-1.204101801E0
2.990819577E2,-2.193371534E0,-1.840744317E-1,-9.557242393E-1
2.991021237E2,-1.679358721E0,-1.175828353E-1,-5.572860241E-1
2.991222887E2,-1.113956213E0,-4.639762342E-1,-7.503574342E-2
2.991424547E2,-8.432347178E-1,-9.815083742E-1,3.239196539E-1
2.991626197E2,-8.408049345E-1,-1.278066397E0,4.460647404E-1
2.991827857E2,-8.881053925E-1,-1.273886919E0,5.000535250E-1
2.992029507E2,-8.423910141E-1,-9.930900931E-1,5.526508093E-1
2.992231167E2,-6.869311333E-1,-8.557252288E-1,6.245654225E-1
2.992432817E2,-5.548719168E-1,-9.700477123E-1,6.640570164E-1
2.992634477E2,-5.530222058E-1,-1.104669571E0,6.148349643E-1
2.992836127E2,-6.477760673E-1,-9.470350146E-1,5.208016634E-1
2.993037787E2,-6.298869252E-1,-7.365559340E-1,4.117039442E-1
2.993239437E2,-4.596350789E-1,-6.737527847E-1,4.232487977E-1
2.993441097E2,-2.523451746E-1,-7.194443345E-1,3.499023616E-1
2.993642747E2,-1.428622454E-1,-7.796955109E-1,2.283232361E-1
2.993844407E2,-9.430455416E-2,-6.213419437E-1,5.913746357E-2
2.994046057E2,2.625083178E-2,-3.512294292E-1,-5.698204413E-2
2.994247717E2,1.561071873E-1,-2.164478786E-2,-1.548297405E-1
2.994449367E2,2.483636439E-1,2.639431059E-1,-2.361717373E-1
2.994651027E2,2.933593392E-1,1.095375717E-1,-1.537358761E-1
2.994852677E2,2.439275533E-1,-3.348950148E-1,9.925711900E-3
2.995054337E2,-1.977155358E-2,-3.956532180E-1,1.384690106E-1
2.995255987E2,-1.380044967E-1,-1.659494787E-1,3.090524077E-1
2.995457647E2,3.586862087E-1,-2.209903598E-1,5.278456211E-1
2.995659297E2,1.006547689E0,-6.821314096E-1,5.811591148E-1
2.995860957E2,1.392930031E0,-1.314352155E0,5.178411007E-1
2.996062607E2,1.635204673E0,-1.572481275E0,2.763513327E-1
2.996264267E2,1.921977997E0,-1.345909595E0,-6.916981190E-3
2.996465917E2,2.528089523E0,-8.684309125E-1,-6.117655337E-2
2.996667577E2,2.905543566E0,-1.669402719E-1,-7.884595543E-2
2.996869227E2,2.779529095E0,6.503779441E-2,-1.499721408E-1
2.997070887E2,2.242298126E0,-2.045745403E-1,-2.818381488E-1
2.997272537E2,1.734768867E0,-4.366235137E-1,-4.890843630E-1
2.997474197E2,1.805724263E0,-2.632699907E-1,-2.973437309E-1
2.997675847E2,2.107122898E0,1.071899012E-1,-1.150036752E-1
2.997877507E2,2.229831219E0,5.012022853E-1,-4.961932823E-2
2.998079157E2,2.153002501E0,6.947532296E-1,-9.086681902E-2
2.998280817E2,1.871131182E0,6.130158305E-1,-1.732426584E-1
2.998482467E2,1.626197934E0,5.501687527E-1,-1.983276904E-1
2.998684127E2,1.440334797E0,7.216133475E-1,-1.821464598E-1
2.998885777E2,1.071724772E0,8.257642388E-1,-2.788101733E-1
2.999087437E2,6.984436512E-1,6.845499873E-1,-4.780608714E-1
2.999289087E2,5.045926571E-1,6.837365031E-1,-6.319407225E-1
2.999490747E2,4.257324040E-1,8.178986907E-1,-6.961176395E-1
2.999692397E2,2.971522212E-1,1.018880129E0,-7.390717268E-1
2.999894057E2,-2.577923052E-2,1.253594995E0,-8.184697628E-1
3.000095707E2,-5.100095272E-1,1.403082013E0,-8.867854476E-1
3.000297367E2,-9.469759464E-1,1.543974161E0,-8.579810858E-1
3.000499017E2,-1.195595264E0,1.495187402E0,-9.113645554E-1
3.000700677E2,-1.409136891E0,1.258854747E0,-8.890282512E-1
3.000902327E2,-1.657122374E0,8.018510938E-1,-7.132888436E-1
3.001103987E2,-2.026178122E0,2.057432085E-1,-4.823426902E-1
3.001305637E2,-2.337781668E0,-1.927491575E-1,-3.272711337E-1
3.001507297E2,-2.356235027E0,-1.536318213E-1,-3.057662845E-1
3.001708947E2,-2.029355288E0,-5.531147495E-2,-3.813679516E-1
3.001910607E2,-1.644808292E0,-3.037160337E-1,-2.193487585E-1
3.002112257E2,-1.593154907E0,-5.924420357E-1,-8.866491728E-3
3.002313917E2,-1.818967342E0,-6.661515236E-1,1.811816245E-1
3.002515567E2,-2.100658417E0,-8.027919531E-1,3.419895470E-1
3.002717227E2,-2.028098822E0,-9.476622343E-1,3.214721978E-1
3.002918877E2,-1.663797259E0,-1.091459036E0,1.955410689E-1
3.003120537E2,-1.278651237E0,-1.085916758E0,6.729952246E-2
3.003322187E2,-1.000288963E0,-9.524205923E-1,-3.625416011E-2
3.003523847E2,-8.194862604E-1,-7.555385232E-1,-1.228663623E-1
3.003725497E2,-7.232482433E-1,-6.286751032E-1,-1.259337366E-1
3.003927157E2,-6.749653816E-1,-6.617373824E-1,-5.538530648E-2
3.004128807E2,-6.764885187E-1,-7.057669163E-1,4.203154519E-2
3.004330467E2,-6.524174213E-1,-6.511150599E-1,9.106276929E-2
3.004532117E2,-6.250957251E-1,-5.369145870E-1,1.562913954E-1
3.004733777E2,-6.696551442E-1,-4.093647003E-1,2.332848608E-1
3.004935427E2,-7.185840607E-1,-3.525763750E-1,2.494040728E-1
3.005137087E2,-7.099002600E-1,-4.375076890E-1,2.939224839E-1
3.005338737E2,-6.955804825E-1,-5.788655877E-1,3.359515667E-1
3.005540397E2,-6.402306557E-1,-6.328761578E-1,3.171508014E-1
3.005742047E2,-5.405096412E-1,-4.695770144E-1,3.253453374E-1
3.005943707E2,-3.682697415E-1,-4.817297459E-1,3.542931378E-1
3.006145357E2,-1.464359760E-1,-7.033061385E-1,3.657687902E-1
3.006347017E2,1.977178454E-1,-7.560934424E-1,1.224686876E-1
3.006548667E2,6.630010605E-1,-5.030317903E-1,-2.124148458E-1
3.006750327E2,1.127030373E0,-2.648625970E-1,-4.570877850E-1
3.006951977E2,1.364171028E0,-1.684524119E-1,-5.200627446E-1
3.007153637E2,1.433872342E0,-7.989574969E-2,-5.038970113E-1
3.007355287E2,1.393930793E0,2.494646758E-1,-4.244206250E-1
3.007556947E2,1.308719754E0,4.548015594E-1,-3.380350173E-1
3.007758597E2,1.260407090E0,3.498954475E-1,-2.146123201E-1
3.007960257E2,1.290044308E0,2.177769691E-1,-1.439138204E-1
3.008161907E2,1.312390685E0,3.033132851E-1,-1.346888393E-1
3.008363567E2,1.294083476E0,5.106227994E-1,-1.923008412E-1
3.008565217E2,1.272944570E0,5.650819540E-1,-2.160177827E-1
3.008766877E2,1.353930831E0,4.192792177E-1,-1.989887953E-1
3.008968527E2,1.349087000E0,3.430995047E-1,-1.733461171E-1
3.009170187E2,1.342713356E0,4.170933068E-1,-1.528053731E-1
3.009371837E2,1.409616113E0,5.185786486E-1,-1.262077391E-1
3.009573497E2,1.562359452E0,4.499315023E-1,-9.089756757E-2
3.009775147E2,1.692783117E0,3.438301384E-1,-1.016659513E-1
3.009976804E2,1.768909454E0,1.642748117E-1,-1.939996481E-1
3.010178454E2,1.736818075E0,1.678471714E-1,-3.664165735E-1
3.010380114E2,1.724482179E0,3.816590905E-1,-4.898419678E-1
3.010581764E2,1.724031448E0,5.570943952E-1,-4.838028252E-1
3.010783424E2,1.709298253E0,6.026884913E-1,-4.771163464E-1
3.010985074E2,1.615779877E0,5.592643619E-1,-5.163751245E-1
3.011186734E2,1.452051878E0,6.095201969E-1,-5.859208703E-1
3.011388384E2,1.190154076E0,7.037807107E-1,-5.439383984E-1
3.011590044E2,8.155795932E-1,6.296813488E-1,-4.582056105E-1
3.011791694E2,3.415681422E-1,6.656041145E-1,-3.940996230E-1
3.011993354E2,-1.904997625E-4,8.076480627E-1,-4.292324483E-1
3.012195004E2,-2.935903668E-1,8.554831743E-1,-4.967059195E-1
3.012396664E2,-5.684506297E-1,1.007351995E0,-5.805518627E-1
3.012598314E2,-8.293135762E-1,1.164313793E0,-5.153348446E-1
3.012799974E2,-1.272366405E0,1.002769470E0,-4.650380909E-1
3.013001624E2,-1.752639771E0,8.637471199E-1,-5.630980134E-1
3.013203284E2,-1.922588706E0,9.247146249E-1,-6.066143513E-1
3.013404934E2,-1.838645458E0,1.062915087E0,-6.203616261E-1
3.013606594E2,-1.633522034E0,1.198154449E0,-5.774188638E-1
3.013808244E2,-1.472412705E0,1.352755070E0,-5.386572480E-1
3.014009904E2,-1.419885993E0,1.346109509E0,-5.077781677E-1
3.014211554E2,-1.674610496E0,7.846877575E-1,-5.487864614E-1
3.014413214E2,-1.708127141E0,3.756489158E-1,-3.479647934E-1
3.014614864E2,-1.516632557E0,4.090852439E-1,-1.327041388E-1
3.014816524E2,-1.289255619E0,7.256464958E-1,-5.317270011E-2
3.015018174E2,-1.122968912E0,7.181731462E-1,4.347573267E-4
3.015219834E2,-1.031735897E0,3.567080796E-1,2.060866915E-3
3.015421484E2,-9.964156151E-1,8.076732606E-2,-4.235869274E-2
3.015623144E2,-8.655846715E-1,-2.332033403E-2,1.742615364E-2
3.015824794E2,-7.101270556E-1,3.027637489E-2,7.715426385E-2
3.016026454E2,-5.674718618E-1,1.490545720E-1,1.283771694E-1
3.016228104E2,-4.047284424E-1,2.182387263E-1,1.627093554E-1
3.016429764E2,-2.329680324E-1,1.173542440E-1,1.512659490E-1
3.016631414E2,-7.605843246E-2,-1.921606511E-1,1.657284647E-1
3.016833074E2,4.902965575E-2,-4.443243444E-1,2.226358652E-1
3.017034724E2,1.615832448E-1,-5.215161443E-1,2.491041571E-1
3.017236384E2,2.466024309E-1,-4.336466491E-1,2.188774049E-1
3.017438034E2,2.919305563E-1,-3.189646602E-1,1.189293191E-1
3.017639694E2,3.174073398E-1,-2.706039548E-1,6.971757859E-2
3.017841344E2,3.257804215E-1,-1.650863886E-1,6.216436252E-2
3.018043004E2,3.651207685E-1,-5.185936764E-2,-1.789604686E-2
3.018244654E2,3.874725699E-1,-4.525984451E-2,-1.306648552E-1
3.018446304E2,3.835045099E-1,-1.622953713E-1,-1.604510844E-1
3.018647964E2,3.204551041E-1,-2.195202410E-1,-1.453054547E-1
3.018849614E2,3.309344649E-1,-1.536627263E-1,-2.050632685E-1
3.019051274E2,4.171810746E-1,7.138254493E-2,-3.210275471E-1
3.019252924E2,5.269927382E-1,3.653547466E-1,-4.350606203E-1
3.019454584E2,5.596314669E-1,6.196323633E-1,-5.309720039E-1
3.019656234E2,5.497401953E-1,6.606096029E-1,-5.049299598E-1
3.019857894E2,4.957043231E-1,4.667612612E-1,-3.809252977E-1
3.020059545E2,3.831727207E-1,2.617013156E-1,-2.409711480E-1
3.020261205E2,2.270556092E-1,2.730786502E-1,-1.861546338E-1
3.020462855E2,1.122833565E-1,4.056279957E-1,-2.036439776E-1
3.020664515E2,2.202077024E-2,5.545924902E-1,-1.863206476E-1
3.020866165E2,4.867632687E-2,7.681585550E-1,-2.540316582E-1
3.021067825E2,3.220596611E-1,8.991320133E-1,-4.130633771E-1
3.021269475E2,8.351754546E-1,1.151086330E0,-6.165090203E-1
3.021471135E2,1.514369845E0,1.645513535E0,-7.868176103E-1
3.021672785E2,2.105468988E0,2.174674749E0,-8.487770557E-1
3.021874445E2,2.402190447E0,2.494679689E0,-8.863782883E-1
3.022076095E2,2.385682106E0,2.714294910E0,-8.880479336E-1
3.022277755E2,2.241629839E0,2.874609947E0,-8.075276613E-1
3.022479405E2,2.066140175E0,3.028406858E0,-6.323927045E-1
3.022681065E2,1.795106649E0,3.131172419E0,-4.368283153E-1
3.022882715E2,1.585850835E0,3.049501181E0,-2.923098207E-1
3.023084375E2,1.529020429E0,2.851595879E0,-1.463572085E-1
3.023286025E2,1.624044538E0,2.528825760E0,1.526066335E-3
3.023487685E2,1.659636378E0,2.100775480E0,1.311845183E-1
3.023689335E2,1.639657974E0,1.756142259E0,3.111031950E-1
3.023890995E2,1.529638410E0,1.490674138E0,4.323576391E-1
3.024092645E2,1.412409544E0,1.107569933E0,4.750329852E-1
3.024294305E2,1.366112590E0,7.947005033E-1,4.345738590E-1
3.024495955E2,1.406107545E0,6.486361623E-1,3.586578369E-1
3.024697605E2,1.410317898E0,6.513168216E-1,2.587710023E-1
3.024899265E2,1.357140422E0,6.155121922E-1,1.835067719E-1
3.025100915E2,1.274659634E0,4.764251113E-1,1.034781784E-1
3.025302575E2,1.289213419E0,3.045775890E-1,-2.677923441E-2
3.025504225E2,1.331886411E0,1.469465941E-1,-1.542839408E-1
3.025705885E2,1.262341857E0,1.069509163E-1,-2.701954544E-1
3.025907535E2,1.177111745E0,1.203298494E-1,-3.427538872E-1
3.026109195E2,1.103165150E0,1.506934166E-1,-3.808619082E-1
3.026310845E2,1.015110612E0,1.383300778E-2,-4.386915863E-1
3.026512505E2,9.076285958E-1,-2.016066015E-1,-5.691469908E-1
3.026714155E2,7.690235376E-1,-2.056361288E-1,-7.541694641E-1
3.026915815E2,7.129377723E-1,-2.162584569E-3,-9.025905132E-1
3.027117465E2,6.523445845E-1,2.435768396E-1,-9.161542654E-1
3.027319125E2,4.862399697E-1,4.073835611E-1,-8.183628321E-1
3.027520775E2,2.305647135E-1,2.626525462E-1,-6.803585291E-1
3.027722435E2,-7.476361096E-2,5.723344907E-2,-5.884055495E-1
3.027924085E2,-3.614490926E-1,1.732975803E-2,-4.428543448E-1
3.028125745E2,-6.195003390E-1,-2.628827393E-1,-1.930193603E-1
3.028327395E2,-8.586425185E-1,-7.586993575E-1,2.511537448E-2
3.028529055E2,-9.975689650E-1,-9.248799682E-1,2.159330761E-3
3.028730705E2,-8.383299708E-1,-6.907576323E-1,-1.527920514E-1
3.028932355E2,-5.663110018E-1,-2.140340358E-1,-3.163980842E-1
3.029134015E2,-3.373852968E-1,3.188240826E-1,-4.898173213E-1
3.029335665E2,-2.188226730E-1,8.022961020E-1,-6.705886722E-1
3.029537325E2,-1.899700463E-1,1.001653790E0,-7.775728106E-1
3.029738975E2,-2.545993924E-1,1.008778453E0,-7.968400121E-1
3.029940638E2,-1.918243766E-1,9.022703767E-1,-6.240655780E-1
3.030142288E2,-2.758810222E-1,5.544439554E-1,-3.257277608E-1
3.030343948E2,-5.155523419E-1,3.884821534E-1,-6.336387247E-2
3.030545598E2,-6.761724949E-1,4.208071232E-1,5.140634626E-2
3.030747258E2,-7.156978846E-1,4.696087241E-1,1.522123069E-2
3.030948908E2,-6.634047031E-1,5.059823394E-1,-1.719254553E-1
3.031150568E2,-5.220606923E-1,7.549425364E-1,-4.150950611E-1
3.031352218E2,-3.087488413E-1,1.089666843E0,-5.742005110E-1
3.031553878E2,-1.650842130E-1,1.185831904E0,-6.327638626E-1
3.031755528E2,-1.483799368E-1,1.057530522E0,-6.224624515E-1
3.031957188E2,-1.042205840E-1,8.530465364E-1,-5.679923892E-1
3.032158838E2,1.419141795E-2,7.146458626E-1,-5.629106164E-1
3.032360498E2,1.557059437E-1,6.265735626E-1,-5.490259528E-1
3.032562148E2,2.294531465E-1,4.492705464E-1,-5.726591349E-1
3.032763808E2,2.046548426E-1,3.844717145E-1,-6.396791339E-1
3.032965458E2,1.594512612E-1,4.437711537E-1,-7.163336277E-1
3.033167108E2,1.509119570E-1,6.365002990E-1,-7.224841714E-1
3.033368768E2,1.634840816E-1,8.336963654E-1,-7.216079831E-1
3.033570418E2,1.208493486E-1,9.088451266E-1,-6.769084930E-1
3.033772078E2,6.040823087E-2,8.290905952E-1,-6.114189029E-1
3.033973728E2,-7.184585184E-2,7.871992588E-1,-4.992464483E-1
3.034175388E2,-3.958034515E-1,1.008359194E0,-3.637998402E-1
3.034377038E2,-6.457635760E-1,1.611329079E0,-3.174081743E-1
3.034578698E2,-5.174874663E-1,2.420129538E0,-3.659434915E-1
3.034780348E2,-2.237879112E-2,2.852685928E0,-3.904652297E-1
3.034982008E2,5.631921291E-1,2.919436932E0,-3.585012853E-1
3.035183658E2,1.214083910E0,2.582098961E0,-2.347602248E-1
3.035385318E2,1.723744273E0,1.898143172E0,-6.053073332E-3
3.035586968E2,2.058167696E0,1.261623383E0,1.368240863E-1
3.035788628E2,2.311340332E0,9.569790959E-1,1.799637079E-1
3.035990278E2,2.551455975E0,9.237039089E-1,1.944886744E-1
3.036191928E2,2.707130671E0,1.032733083E0,1.923166960E-1
3.036393588E2,2.804187059E0,1.040411472E0,1.482134610E-1
3.036595238E2,2.900617599E0,9.952626228E-1,1.034291685E-1
3.036796898E2,2.969916582E0,8.377337456E-1,8.074244112E-2
3.036998548E2,3.009219885E0,6.530925035E-1,7.095718384E-2
3.037200208E2,2.886826992E0,5.383701921E-1,1.149483025E-1
3.037401858E2,2.624882460E0,3.369295299E-1,1.907432079E-1
3.037603518E2,2.258778572E0,9.557072818E-2,2.417905778E-1
3.037805168E2,1.910331845E0,-1.388874352E-1,2.707113624E-1
3.038006828E2,1.625011325E0,-3.068430126E-1,2.777870297E-1
3.038208478E2,1.356077671E0,-3.239182234E-1,2.185269296E-1
3.038410138E2,1.059538364E0,-2.246329337E-1,1.227165163E-1
3.038611788E2,7.557802200E-1,-8.329180628E-2,8.377944678E-2
3.038813448E2,5.345308185E-1,3.277097270E-2,2.480152808E-2
3.039015098E2,3.607030809E-1,1.265053004E-1,-4.897936061E-2
3.039216748E2,1.382334828E-1,1.784084141E-1,-1.549407393E-1
3.039418408E2,-9.738592803E-2,1.785332114E-1,-2.860863805E-1
3.039620058E2,-3.077820241E-1,1.939977854E-1,-3.737180233E-1
3.039821718E2,-4.539666474E-1,1.692080349E-1,-4.879051447E-1
3.040023370E2,-5.368782282E-1,2.175448239E-1,-6.356388330E-1
3.040225030E2,-4.934135377E-1,3.426552415E-1,-8.577704430E-1
3.040426680E2,-4.308837652E-1,4.833354354E-1,-1.022916555E0
3.040628340E2,-4.260043204E-1,5.172510743E-1,-1.052036047E0
3.040829990E2,-5.952705741E-1,4.858427942E-1,-1.030899644E0
3.041031650E2,-9.050623178E-1,4.088008404E-1,-1.037217975E0
3.041233300E2,-1.237275720E0,2.440897822E-1,-1.064126492E0
3.041434960E2,-1.584417820E0,1.166379303E-1,-1.064130783E0
3.041636610E2,-1.849848032E0,2.734543383E-1,-1.148190618E0
3.041838270E2,-1.819862247E0,6.405356526E-1,-1.288335323E0
3.042039920E2,-1.621056795E0,9.550847411E-1,-1.340365648E0
3.042241570E2,-1.458252430E0,9.749119878E-1,-1.299134731E0
3.042443230E2,-1.523995042E0,7.331219912E-1,-1.200976014E0
3.042644880E2,-1.825282931E0,4.733509421E-1,-1.086430073E0
3.042846540E2,-2.088449240E0,2.800131142E-1,-8.862000704E-1
3.043048190E2,-2.071167707E0,2.968853116E-1,-7.348028421E-1
3.043249850E2,-1.777517676E0,3.349180818E-1,-6.562243700E-1
3.043451500E2,-1.297829986E0,-5.762659758E-2,-5.396746993E-1
3.043653160E2,-8.534544706E-1,-5.948318839E-1,-3.771624565E-1
3.043854810E2,-5.738106370E-1,-7.473448515E-1,-1.772031933E-1
3.044056470E2,-5.044382215E-1,-6.921764016E-1,5.391907692E-2
3.044258120E2,-5.471608043E-1,-5.137366056E-1,2.470314503E-1
3.044459780E2,-6.144973040E-1,-2.510589361E-1,3.514928818E-1
3.044661430E2,-6.314594746E-1,2.485560998E-2,3.619032502E-1
3.044863090E2,-5.347100496E-1,1.873172075E-1,3.967628181E-1
3.045064740E2,-4.041627944E-1,2.808192968E-1,3.833649755E-1
3.045266390E2,-2.861825824E-1,3.610216081E-1,2.506184876E-1
3.045468050E2,-8.314794302E-2,6.032480001E-1,1.520124525E-1
3.045669700E2,2.386342585E-1,8.004584312E-1,4.099842161E-2
3.045871360E2,4.737756252E-1,9.687308073E-1,-1.726318337E-2
3.046073010E2,5.981670022E-1,1.161634684E0,-1.764663868E-2
3.046274670E2,7.188917994E-1,1.193859458E0,3.358918801E-2
3.046476320E2,8.012022972E-1,9.069721103E-1,8.825168759E-2
3.046677980E2,9.322755933E-1,4.752462506E-1,1.078265607E-1
3.046879630E2,1.032716155E0,2.685687542E-1,1.211743280E-1
3.047081290E2,9.821677804E-1,3.928186595E-1,1.638322771E-1
3.047282940E2,9.411873221E-1,4.658370316E-1,1.621990949E-1
3.047484600E2,1.068223000E0,3.948557079E-1,8.002030849E-2
3.047686250E2,1.375104785E0,3.890107870E-1,-7.957607508E-2
3.047887900E2,1.776290774E0,4.243434370E-1,-1.796090603E-1
3.048089560E2,1.975687385E0,3.555361032E-1,-3.876970336E-2
3.048291210E2,2.065511942E0,2.524649724E-2,1.478386670E-1
3.048492870E2,2.220179081E0,-4.134928882E-1,2.661395371E-1
3.048694520E2,2.353900671E0,-6.794281602E-1,3.233174384E-1
3.048896180E2,2.354582548E0,-6.464774609E-1,3.401139677E-1
3.049097830E2,2.295243740E0,-6.558896303E-1,3.166481853E-1
3.049299490E2,2.418813467E0,-5.639086962E-1,3.125978410E-1
3.049501140E2,2.555182219E0,-4.036493003E-1,2.792609632E-1
3.049702800E2,2.575637579E0,-2.664136589E-1,1.771890819E-1
3.049904450E2,2.424429178E0,-1.602074057E-1,1.019890755E-1
3.050106102E2,2.007703066E0,-4.290564060E-1,3.917655349E-2
3.050307752E2,1.590230823E0,-7.910602093E-1,-1.749700867E-2
3.050509403E2,1.413452268E0,-7.113664746E-1,-1.140612662E-1
3.050711063E2,1.464285135E0,-2.559133768E-1,-2.621214390E-1
3.050912713E2,1.571875095E0,1.962020397E-1,-3.971630633E-1
3.051114373E2,1.592478395E0,4.676412940E-1,-5.124771595E-1
3.051316023E2,1.465306044E0,6.185926795E-1,-5.698062181E-1
3.051517683E2,1.279215097E0,7.867578864E-1,-5.720420480E-1
3.051719333E2,1.068031430E0,8.132355213E-1,-4.729502201E-1
3.051920993E2,7.894383669E-1,5.667620301E-1,-3.349237442E-1
3.052122643E2,4.307056665E-1,3.708426356E-1,-3.232124448E-1
3.052324303E2,1.238028035E-1,2.852758467E-1,-4.336625636E-1
3.052525952E2,-1.275686473E-1,3.090666831E-1,-5.072307587E-1
3.052727602E2,-3.734952509E-1,4.272145331E-1,-5.108657479E-1
3.052929262E2,-7.697553039E-1,6.683010459E-1,-4.849757552E-1
3.053130913E2,-1.168325782E0,8.059275150E-1,-5.711373091E-1
3.053332572E2,-1.442215323E0,8.688419461E-1,-6.014297605E-1
3.053534223E2,-1.563022017E0,1.005749702E0,-5.749533176E-1
3.053735883E2,-1.685955405E0,1.286427855E0,-6.165014505E-1
3.053937533E2,-1.705934167E0,1.318872929E0,-7.842900753E-1
3.054139193E2,-1.632097363E0,1.231813788E0,-9.359579682E-1
3.054340843E2,-1.565795422E0,1.016976476E0,-8.791822195E-1
3.054542503E2,-1.697019100E0,2.215960324E-1,-5.786923766E-1
3.054744153E2,-2.096509695E0,-8.602077961E-1,-1.604552716E-1
3.054945803E2,-2.466780186E0,-1.515905023E0,7.006049156E-2
3.055147463E2,-2.358367682E0,-1.481845617E0,8.306538314E-2
3.055349112E2,-1.877596855E0,-9.951148033E-1,1.311022881E-2
3.055550772E2,-1.446807861E0,-6.370262504E-1,3.507037088E-2
3.055752422E2,-1.362434864E0,-6.102985144E-1,1.535450220E-1
3.055954082E2,-1.477763295E0,-6.479033232E-1,2.403704226E-1
3.056155733E2,-1.441200018E0,-6.788092256E-1,3.021059036E-1
3.056357393E2,-1.241072655E0,-8.175033331E-1,3.906435966E-1
3.056559043E2,-1.138301134E0,-1.169703364E0,5.397334099E-1
3.056760703E2,-1.076582432E0,-1.508657217E0,6.301509142E-1
3.056962353E2,-8.655948639E-1,-1.413142323E0,6.244186163E-1
3.057164013E2,-6.278443336E-1,-1.271707535E0,6.413640976E-1
3.057365663E2,-5.473945737E-1,-1.394789338E0,6.889013648E-1
3.057567313E2,-5.786303282E-1,-1.434819698E0,7.157887816E-1
3.057768973E2,-6.290683150E-1,-1.095144391E0,6.467188597E-1
3.057970622E2,-5.756502748E-1,-8.569250703E-1,6.070995331E-1
3.058172283E2,-4.810013771E-1,-9.831019044E-1,6.399424672E-1
3.058373932E2,-4.931517541E-1,-9.999998808E-1,5.390018225E-1
3.058575592E2,-4.980968833E-1,-1.107142568E0,5.124503374E-1
3.058777242E2,-5.350694060E-1,-1.133624077E0,4.270400107E-1
3.058978902E2,-3.985543251E-1,-9.158971310E-1,1.768090427E-1
3.059180553E2,-1.554648727E-1,-7.842161655E-1,2.657794394E-3
3.059382213E2,-3.715720773E-2,-8.490713239E-1,-8.326425403E-2
3.059583863E2,1.096642017E-2,-8.494790196E-1,-1.388682872E-1
3.059785523E2,1.828917116E-1,-6.106613278E-1,-2.738798857E-1
3.059987171E2,3.351413012E-1,-2.459751964E-1,-4.846872389E-1
3.060188831E2,3.947477043E-1,5.528401583E-2,-5.288890004E-1
3.060390481E2,4.792303741E-1,2.136427760E-1,-4.335252941E-1
3.060592131E2,5.304949880E-1,3.040375412E-1,-3.585935533E-1
3.060793791E2,5.922628641E-1,4.912426770E-1,-4.005813599E-1
3.060995441E2,7.935402989E-1,7.641084194E-1,-5.262373686E-1
3.061197101E2,1.090324044E0,9.482876658E-1,-6.589504480E-1
3.061398751E2,1.396262527E0,1.133361101E0,-6.530928016E-1
3.061600411E2,1.622778535E0,1.181273460E0,-5.360314250E-1
3.061802061E2,1.704511881E0,1.150566339E0,-4.303706586E-1
3.062003721E2,1.821008682E0,1.088580251E0,-3.878267407E-1
3.062205371E2,2.098389149E0,8.971355557E-1,-3.613053858E-1
3.062407031E2,2.356756449E0,5.668420196E-1,-3.716181517E-1
3.062608681E2,2.461912632E0,4.236440063E-1,-3.371839821E-1
3.062810341E2,2.486604929E0,4.538317025E-1,-2.447898835E-1
3.063011991E2,2.380895853E0,5.692444444E-1,-1.938721389E-1
3.063213651E2,2.145326376E0,4.752218425E-1,-2.246116251E-1
3.063415301E2,1.779359460E0,2.049516588E-1,-2.699967325E-1
3.063616961E2,1.409865141E0,8.582504839E-2,-3.239036202E-1
3.063818611E2,1.213257432E0,2.057078928E-1,-3.742862046E-1
3.064020271E2,1.097257376E0,2.900384665E-1,-3.817484379E-1
3.064221921E2,8.041860461E-1,4.962311685E-1,-4.113622606E-1
3.064423571E2,3.993970752E-1,9.063569307E-1,-4.161387980E-1
3.064625231E2,8.148751408E-2,1.229325771E0,-3.993296027E-1
3.064826881E2,-8.402223885E-2,1.050837636E0,-3.011356592E-1
3.065028541E2,-1.870644391E-1,5.799666643E-1,-1.923977882E-1
3.065230191E2,-3.542408943E-1,4.632876813E-1,-1.767306775E-1
3.065431851E2,-4.881424010E-1,4.605686665E-1,7.772023976E-2
3.065633501E2,-1.070933223E0,-1.133236736E-1,3.354011178E-1
3.065835161E2,-1.519641280E0,-3.933914602E-1,3.964946866E-1
3.066036811E2,-1.453785658E0,-1.636882871E-1,2.647014260E-1
3.066238471E2,-1.060960770E0,2.759374976E-1,5.116650462E-2
3.066440121E2,-8.754580021E-1,1.779396832E-1,2.691199258E-2
3.066641781E2,-9.513622522E-1,-3.642505407E-1,2.342779189E-1
3.066843431E2,-1.189357877E0,-8.137833476E-1,5.342654586E-1
3.067045091E2,-1.332086205E0,-1.040487885E0,7.692145109E-1
3.067246741E2,-1.339772820E0,-1.140798211E0,7.803786993E-1
3.067448401E2,-1.263155937E0,-1.018196940E0,5.920538902E-1
3.067650051E2,-1.184975028E0,-8.366820216E-1,3.217204213E-1
3.067851711E2,-1.182207584E0,-6.869187951E-1,6.385929137E-2
3.068053361E2,-1.167197943E0,-6.448725462E-1,-8.656372130E-2
3.068255021E2,-1.174550414E0,-6.279968619E-1,-1.983464956E-1
3.068456671E2,-1.176298261E0,-6.007297635E-1,-2.048041224E-1
3.068658331E2,-1.244482160E0,-5.516250730E-1,-1.221342683E-1
3.068859981E2,-1.345922947E0,-5.444608927E-1,-6.489793770E-3
3.069061641E2,-1.481783152E0,-5.320181847E-1,1.364688873E-1
3.069263291E2,-1.626984000E0,-4.172168076E-1,2.129751891E-1
3.069464951E2,-1.633401155E0,-2.639716864E-1,1.284379214E-1
3.069666601E2,-1.495918989E0,-1.171079352E-1,-4.154616222E-2
3.069868261E2,-1.237779498E0,-1.488756761E-2,-1.737269908E-1
3.070069910E2,-9.959437847E-1,-6.161381677E-2,-1.115414351E-1
3.070271570E2,-8.961765170E-1,-1.446719766E-1,-1.384331379E-2
3.070473220E2,-8.943273425E-1,-6.336253881E-2,1.260636449E-1
3.070674880E2,-8.494409919E-1,1.434136182E-1,1.289590001E-1
3.070876530E2,-7.778763771E-1,5.262234807E-1,7.194779068E-2
3.071078190E2,-5.785486102E-1,9.468058944E-1,-4.253058508E-2
3.071279840E2,-1.407576650E-1,1.140604496E0,-1.721085310E-1
3.071481500E2,3.609885275E-1,1.038626075E0,-3.658334017E-1
3.071683150E2,7.796544433E-1,8.664188981E-1,-5.072040558E-1
3.071884810E2,1.311551094E0,7.884125113E-1,-3.273487985E-1
3.072086460E2,1.668916345E0,8.182390332E-1,-9.141686559E-2
3.072288120E2,1.629742980E0,8.658534288E-1,1.958276480E-1
3.072489770E2,1.412646532E0,7.034155726E-1,4.834666252E-1
3.072691430E2,1.277375937E0,3.815616667E-1,5.990012884E-1
3.072893080E2,1.501680255E0,-3.444907069E-2,6.598535180E-1
3.073094740E2,2.034669638E0,-2.876124978E-1,7.691999674E-1
3.073296390E2,2.546613693E0,-2.277842313E-1,8.103271127E-1
3.073498050E2,2.835943937E0,-2.048845887E-1,7.627660036E-1
3.073699700E2,2.890425205E0,-2.746476829E-1,8.007159233E-1
3.073901360E2,2.786550522E0,-3.416722715E-1,8.551007509E-1
3.074103010E2,2.604052067E0,-3.229961097E-1,8.076850176E-1
3.074304670E2,2.417918205E0,-3.535996974E-1,5.759173036E-1
3.074506320E2,2.328881741E0,-4.810483754E-1,3.397988081E-1
3.074707970E2,2.302626371E0,-6.415489316E-1,2.605135143E-1
3.074909630E2,2.068645239E0,-5.515301824E-1,1.812102944E-1
3.075111290E2,1.687700510E0,-2.598481774E-1,9.688217193E-2
3.075312940E2,1.236132979E0,-2.255599573E-2,-2.570340410E-2
3.075514600E2,7.680125833E-1,8.657893538E-2,-1.664631516E-1
3.075716250E2,2.388530970E-1,1.131564751E-1,-3.110178113E-1
3.075917910E2,-1.925280541E-1,2.730701566E-1,-5.035321116E-1
3.076119560E2,-3.547424078E-1,7.044635415E-1,-5.693319440E-1
3.076321220E2,-3.959866166E-1,8.773270249E-1,-6.188546419E-1
3.076522870E2,-7.324035764E-1,6.136460900E-1,-7.034524679E-1
3.076724530E2,-1.233127832E0,2.823336124E-1,-7.058931589E-1
3.076926180E2,-1.651246071E0,1.568647027E-1,-7.607882619E-1
3.077127840E2,-1.945265293E0,1.267115176E-1,-7.687999606E-1
3.077329490E2,-2.132836342E0,2.342515886E-1,-7.826015353E-1
3.077531150E2,-2.233319521E0,4.124110639E-1,-7.480915189E-1
3.077732800E2,-2.425052643E0,4.282109737E-1,-6.764986515E-1
3.077934460E2,-2.746876001E0,2.640913129E-1,-5.759309530E-1
3.078136110E2,-2.938869715E0,-1.114057750E-1,-4.406974614E-1
3.078337770E2,-2.895796776E0,-3.984091282E-1,-4.265694916E-1
3.078539420E2,-2.652251482E0,-4.936669171E-1,-5.251179338E-1
3.078741080E2,-2.439086914E0,-5.057109594E-1,-5.988377929E-1
3.078942730E2,-2.302615166E0,-4.806163609E-1,-6.631663442E-1
3.079144390E2,-2.264705658E0,-3.937035501E-1,-7.094254494E-1
3.079346040E2,-2.228138685E0,-3.882572651E-1,-6.653053164E-1
3.079547700E2,-2.122326851E0,-3.368496597E-1,-5.901668072E-1
3.079749350E2,-1.956671000E0,-1.742414087E-1,-5.299139023E-1
3.079951010E2,-1.803912401E0,-8.949733339E-3,-4.772517085E-1
3.080152667E2,-1.672340512E0,-5.156254023E-2,-4.551343322E-1
3.080354327E2,-1.587202430E0,-1.824785769E-1,-4.097156227E-1
3.080555977E2,-1.363813043E0,-2.209506780E-1,-3.245655596E-1
3.080757637E2,-1.032754898E0,-1.364182085E-1,-2.220846415E-1
3.080959287E2,-6.780624986E-1,-6.951474398E-2,-1.800791174E-1
3.081160947E2,-3.441128731E-1,-3.254384398E-1,-1.026698425E-1
3.081362597E2,3.443520050E-3,-7.391169667E-1,7.258020341E-2
3.081564257E2,3.974763155E-1,-7.670477033E-1,1.400132179E-1
3.081765907E2,7.368437648E-1,-4.652647674E-1,1.830071807E-1
3.081967567E2,9.033014178E-1,-2.333168983E-1,2.994305193E-1
3.082169217E2,9.580749273E-1,-2.929706573E-1,5.528430939E-1
3.082370877E2,9.257730246E-1,-3.700662851E-1,7.533656359E-1
3.082572527E2,9.364500642E-1,-3.022562861E-1,7.826807499E-1
3.082774187E2,1.199717283E0,-1.313609779E-1,6.646208167E-1
3.082975837E2,1.803658366E0,-4.840499535E-2,5.342872143E-1
3.083177497E2,2.506151676E0,-7.977020741E-2,4.913326204E-1
3.083379147E2,2.928828001E0,2.837490849E-2,4.131389260E-1
3.083580807E2,2.987426519E0,1.680389792E-2,4.286076427E-1
3.083782457E2,2.912902594E0,1.346225478E-2,5.462093949E-1
3.083984117E2,2.953459740E0,-9.920382500E-2,6.560130715E-1
3.084185767E2,3.017766237E0,-2.473714799E-1,6.110474467E-1
3.084387427E2,3.109520674E0,-3.300230503E-1,4.883452952E-1
3.084589077E2,3.089891672E0,-4.978882372E-1,4.191781580E-1
3.084790737E2,3.048420668E0,-6.711153388E-1,4.419261813E-1
3.084992387E2,3.099456787E0,-5.132918954E-1,5.362378955E-1
3.085194047E2,3.104921579E0,-1.605302244E-1,6.171500087E-1
3.085395697E2,2.646012306E0,-1.516324133E-1,5.096594095E-1
3.085597357E2,1.899207830E0,-5.675116181E-1,2.734645903E-1
3.085799007E2,1.560628772E0,-6.900970936E-1,7.547530532E-2
3.086000667E2,1.701609373E0,-3.898792863E-1,-7.296166383E-3
3.086202317E2,1.940739632E0,-3.713106364E-2,7.914620638E-2
3.086403977E2,1.806899190E0,8.951067924E-2,8.563540131E-2
3.086605627E2,1.313010573E0,5.359522253E-2,-1.077142730E-1
3.086807287E2,8.073617220E-1,-3.283750638E-2,-3.165511787E-1
3.087008937E2,3.837307990E-1,-4.066641629E-2,-4.350346029E-1
3.087210597E2,4.004830867E-2,1.073717922E-1,-5.640432239E-1
3.087412247E2,-4.385273457E-1,3.595686257E-1,-7.392084002E-1
3.087613907E2,-8.845384121E-1,8.019919395E-1,-8.080151081E-1
3.087815557E2,-1.264865994E0,1.126353264E0,-9.000187516E-1
3.088017217E2,-1.725778103E0,1.253328800E0,-1.125044703E0
3.088218877E2,-2.189975262E0,1.391094804E0,-1.281437993E0
3.088420527E2,-2.637054682E0,1.536537409E0,-1.230399966E0
3.088622187E2,-2.923674345E0,1.484811544E0,-1.091186404E0
3.088823837E2,-3.179301739E0,1.267457008E0,-1.069267750E0
3.089025497E2,-3.260861158E0,9.923183918E-1,-1.080344439E0
3.089227147E2,-3.115873575E0,5.315483212E-1,-9.194745421E-1
3.089428807E2,-2.966843128E0,1.768501997E-1,-6.675804853E-1
3.089630457E2,-2.909332275E0,1.265842095E-2,-5.269944668E-1
3.089832117E2,-2.694838285E0,2.297985926E-2,-4.815742075E-1
3.090033770E2,-2.627953053E0,-4.381198436E-3,-5.820955634E-1
3.090235430E2,-2.096914291E0,1.078178734E-1,-5.555086136E-1
3.090437080E2,-1.655304551E0,-7.384447381E-3,-6.037210822E-1
3.090638740E2,-1.485421181E0,-4.106269777E-1,-5.943484306E-1
3.090840390E2,-1.493583202E0,-8.674826622E-1,-5.362526178E-1
3.091042050E2,-1.414739490E0,-1.212705016E0,-4.340837896E-1
3.091243700E2,-1.239178777E0,-1.327129006E0,-2.582447231E-1
3.091445360E2,-1.121725440E0,-1.283486605E0,-1.055729166E-1
3.091647010E2,-1.108831406E0,-1.000189662E0,-2.220351016E-3
3.091848670E2,-1.081845641E0,-6.308082342E-1,4.520686343E-2
3.092050320E2,-1.051966190E0,-4.279102087E-1,7.023131102E-2
3.092251980E2,-1.088997841E0,-2.660867572E-1,3.897632286E-2
3.092453630E2,-9.909155369E-1,-6.077014375E-3,-4.292424396E-2
3.092655290E2,-7.476877570E-1,3.671772778E-1,-6.584227830E-2
3.092856940E2,-4.942340553E-1,5.542083979E-1,-4.277362302E-2
3.093058600E2,-1.992665082E-1,3.668152392E-1,-3.337012976E-2
3.093260250E2,1.448295116E-1,1.049038321E-1,-2.424734086E-2
3.093461910E2,5.891586542E-1,8.810677566E-3,8.664026856E-2
3.093663570E2,1.047986150E0,2.872753143E-1,1.903303415E-1
3.093865220E2,1.450567245E0,5.002016425E-1,3.727468252E-1
3.094066880E2,1.685717821E0,2.312555760E-1,5.178481936E-1
3.094268530E2,1.794858098E0,-2.337245494E-1,4.942796528E-1
3.094470190E2,1.919430375E0,-4.158011377E-1,3.285485804E-1
3.094671840E2,2.058034897E0,-9.008882940E-2,2.281258851E-1
3.094873500E2,2.136888742E0,3.615809679E-1,3.369549215E-1
3.095075150E2,2.217440128E0,8.171428442E-1,5.649161935E-1
3.095276810E2,2.310564280E0,8.879161477E-1,7.506325245E-1
3.095478460E2,2.157416582E0,2.230088115E-1,7.237614393E-1
3.095680120E2,2.054751396E0,-4.263402522E-1,6.849052906E-1
3.095881770E2,2.101133108E0,-7.171694040E-1,5.698907375E-1
3.096083430E2,2.339684248E0,-7.126301527E-1,3.939738870E-1
3.096285080E2,2.757058620E0,-5.031857491E-1,2.173457444E-1
3.096486740E2,3.155783176E0,-4.100629091E-1,1.355859190E-1
3.096688390E2,3.346148252E0,-4.290202856E-1,5.441577733E-2
3.096890050E2,3.330117702E0,-5.130433440E-1,1.160549372E-2
3.097091700E2,3.195456743E0,-5.551654100E-1,3.460340900E-3
3.097293360E2,2.995476961E0,-4.563187361E-1,-2.679003775E-2
3.097495010E2,2.646478415E0,-5.047440529E-1,-1.414740086E-1
3.097696670E2,2.204248667E0,-9.862264991E-1,-2.621314228E-1
3.097898320E2,1.981507301E0,-1.309264421E0,-3.474676013E-1
3.098099980E2,1.902502060E0,-1.104223490E0,-4.594161808E-1
3.098301630E2,1.752303720E0,-7.736456990E-1,-5.399078727E-1
3.098503290E2,1.382093668E0,-4.994009137E-1,-5.782579184E-1
3.098704940E2,8.066300154E-1,-2.492838651E-1,-5.966683626E-1
3.098906600E2,1.899019331E-1,9.025815874E-2,-5.271716118E-1
3.099108250E2,-3.189087510E-1,5.009230971E-1,-4.952052832E-1
3.099309910E2,-5.399056077E-1,8.581334352E-1,-5.490325689E-1
3.099511560E2,-7.014439106E-1,1.048899412E0,-7.590449452E-1
3.099713220E2,-1.055774927E0,1.483668804E0,-1.047449708E0
3.099914870E2,-1.403005481E0,1.847570419E0,-1.096343398E0
3.100116520E2,-2.061513662E0,1.898235679E0,-9.639855027E-1
3.100318170E2,-3.114723444E0,1.620258570E0,-9.018941522E-1
3.100519830E2,-3.946102381E0,1.493821621E0,-1.041266680E0
3.100721480E2,-3.916992903E0,1.692451239E0,-1.308305621E0
3.100923140E2,-3.284866333E0,1.910638452E0,-1.413631916E0
3.101124790E2,-3.003999949E0,1.713678598E0,-1.310196757E0
3.101326450E2,-3.275583506E0,1.234351516E0,-1.197420716E0
3.101528100E2,-3.540181398E0,4.827994108E-1,-9.184882045E-1
3.101729760E2,-3.453650475E0,1.046453565E-1,-6.441976428E-1
3.101931410E2,-3.410324335E0,-3.177263737E-1,-4.340687096E-1
3.102133070E2,-3.611623526E0,-1.091549754E0,-2.257182449E-1
3.102334720E2,-3.463115931E0,-1.406772494E0,-6.787699461E-2
3.102536380E2,-2.999861717E0,-1.027057052E0,1.565219313E-1
3.102738030E2,-2.318156242E0,-3.163374364E-1,1.216134131E-1
3.102939690E2,-1.883232117E0,-2.209127694E-1,-4.815917835E-2
3.103141340E2,-1.471364260E0,-5.594398379E-1,-7.949917763E-2
3.103343000E2,-1.155163765E0,-7.057610154E-1,1.177803501E-1
3.103544650E2,-9.649361372E-1,-4.354829192E-1,3.166281879E-1
3.103746310E2,-7.403445840E-1,-4.290981218E-2,4.985364079E-1
3.103947960E2,-4.892772138E-1,2.330799699E-1,5.627275705E-1
3.104149620E2,-2.421826869E-1,2.200668454E-1,5.211148262E-1
3.104351270E2,-4.233847931E-2,8.749726415E-2,4.219237268E-1
3.104552930E2,1.242984831E-1,-3.932404891E-2,3.752345741E-1
3.104754580E2,3.588028252E-1,-6.870484352E-2,4.267242551E-1
3.104956240E2,5.690464973E-1,-3.707003221E-2,4.762228727E-1
3.105157890E2,6.684197783E-1,5.578285456E-2,4.731949866E-1
3.105359550E2,6.454328895E-1,-4.171683639E-2,5.374934673E-1
3.105561200E2,4.968789816E-1,-1.800124496E-1,4.900325239E-1
3.105762860E2,5.012750030E-1,-2.966043055E-1,1.703333259E-1
3.105964510E2,7.258613706E-1,-3.128541112E-1,-2.762107849E-1
3.106166170E2,1.006233454E0,-2.972141653E-2,-5.854093432E-1
3.106367820E2,1.157290220E0,4.309672117E-1,-6.895288229E-1
3.106569480E2,1.141091704E0,8.055346012E-1,-7.625983357E-1
3.106771130E2,1.045891166E0,9.594027400E-1,-7.436611056E-1
3.106972790E2,1.121092558E0,9.659517407E-1,-6.160775423E-1
3.107174440E2,1.254719853E0,1.095138788E0,-3.760918081E-1
3.107376100E2,1.184088469E0,1.200605273E0,-7.091603428E-2
3.107577750E2,8.436710835E-1,4.201153517E-1,5.198807120E-1
3.107779410E2,3.934164345E-1,-8.046713471E-1,8.685761094E-1
3.107981060E2,5.273329616E-1,-1.736186266E0,7.407177687E-1
3.108182720E2,1.359198332E0,-1.700094342E0,4.744443297E-1
3.108384370E2,2.432434320E0,-7.207905650E-1,2.457415015E-1
3.108586030E2,3.358692408E0,4.373987615E-1,1.007021293E-1
3.108787680E2,3.729362726E0,1.028400898E0,-6.067166477E-2
3.108989340E2,4.214195728E0,1.316233873E0,-1.152072772E-1
3.109190990E2,4.274078369E0,1.245201945E0,-2.003118694E-1
3.109392650E2,3.936247826E0,7.509098649E-1,-2.046727240E-1
3.109594300E2,3.610148907E0,4.206742644E-1,-1.537134945E-1
3.109795960E2,3.406795979E0,3.944992125E-1,-8.439885825E-2
3.109997610E2,3.302263498E0,4.465738237E-1,-4.218329489E-2
3.110199280E2,3.255454540E0,3.812488914E-1,3.972169012E-2
3.110400930E2,3.087424994E0,1.586178094E-1,1.642135717E-2
3.110602590E2,2.904895306E0,-7.356601208E-2,1.020477992E-2
3.110804240E2,2.909621477E0,1.383904070E-1,7.014638931E-2
3.111005900E2,2.215018272E0,1.626620591E-1,-1.334634125E-1
3.111207550E2,1.306649446E0,-2.826046944E-1,-3.294570744E-1
3.111409200E2,1.069708228E0,-1.189875305E-1,-2.966662645E-1
3.111610860E2,9.134025574E-1,-8.310393989E-2,-3.456127346E-1
3.111812510E2,5.945578218E-1,-2.238906026E-1,-4.992980659E-1
3.112014170E2,3.692478538E-1,-3.318001926E-1,-6.382332444E-1
3.112215820E2,1.260310560E-1,-3.489592969E-1,-7.553079128E-1
3.112417480E2,-1.776655614E-1,-2.912610471E-1,-8.977910876E-1
3.112619130E2,-4.109108746E-1,-2.420526445E-1,-1.000243306E0
3.112820790E2,-6.334021688E-1,-7.528613508E-2,-1.122981787E0
3.113022440E2,-8.280981183E-1,1.861987822E-2,-1.254231572E0
3.113224100E2,-1.191959143E0,-4.572331905E-2,-1.387146473E0
3.113425750E2,-1.625601530E0,-2.104157954E-1,-1.564168096E0
3.113627410E2,-1.973797798E0,-1.953860819E-1,-1.692883253E0
3.113829060E2,-2.310246944E0,-7.737880945E-2,-1.766471744E0
3.114030720E2,-2.770006895E0,1.569941938E-1,-1.772820830E0
3.114232370E2,-3.280442953E0,5.119820833E-1,-1.718845487E0
3.114434030E2,-3.832762718E0,7.642795444E-1,-1.583269835E0
3.114635680E2,-4.207575798E0,1.090784788E0,-1.572356582E0
3.114837340E2,-4.238038540E0,1.332353950E0,-1.566035509E0
3.115038990E2,-4.075223446E0,1.388787150E0,-1.539989710E0
3.115240650E2,-3.809274673E0,1.271826863E0,-1.524695873E0
3.115442300E2,-3.315554619E0,1.251838565E0,-1.560103416E0
3.115643960E2,-2.620054722E0,9.673559070E-1,-1.247107863E0
3.115845610E2,-2.106825829E0,6.949630976E-1,-1.008269906E0
3.116047270E2,-1.824928522E0,6.475496888E-1,-9.850951433E-1
3.116248920E2,-1.506926060E0,9.120644331E-1,-1.119983792E0
3.116450580E2,-1.097699285E0,1.410174251E0,-1.263142347E0
3.116652230E2,-6.876832247E-1,1.933048964E0,-1.382787824E0
3.116853890E2,-4.130395949E-1,1.840028763E0,-1.331727982E0
3.117055540E2,-4.676090777E-1,1.259174585E0,-9.720281363E-1
3.117257200E2,-6.708337069E-1,5.990645885E-1,-4.318813980E-1
3.117458850E2,-7.625899315E-1,2.483769208E-1,1.594571024E-1
3.117660510E2,-5.641323924E-1,2.368450612E-1,8.491765261E-1
3.117862160E2,-2.000241429E-1,4.375514388E-1,1.363480330E0
3.118063820E2,9.775323421E-2,6.508247256E-1,1.633801579E0
3.118265470E2,3.915084600E-1,4.547685385E-1,1.737649322E0
3.118467130E2,5.323809385E-1,3.968268633E-2,1.870659947E0
3.118668780E2,5.696510673E-1,-1.815041602E-1,2.031468391E0
3.118870440E2,6.714234948E-1,-4.458565712E-1,2.099254847E0
3.119072090E2,1.044108033E0,-6.624106765E-1,1.911978483E0
3.119273740E2,1.605614662E0,-7.374213934E-1,1.688434124E0
3.119475400E2,2.125535250E0,-3.715809882E-1,1.496084690E0
3.119677050E2,2.598312378E0,2.090910077E-1,1.451152444E0
3.119878710E2,3.052811861E0,5.714969635E-1,1.511113524E0
3.120080358E2,3.386985779E0,4.139504135E-1,1.539167166E0
3.120282018E2,3.652348042E0,-3.540240228E-1,1.452541471E0
3.120483668E2,3.858765364E0,-1.012903333E0,1.325293660E0
3.120685328E2,3.951113462E0,-1.243000269E0,1.262184978E0
3.120886978E2,3.948056459E0,-1.103043675E0,1.224649072E0
3.121088638E2,3.825233459E0,-9.016373754E-1,1.132301211E0
3.121290288E2,3.431795835E0,-1.048367143E0,9.308624268E-1
3.121491948E2,2.875087500E0,-1.532677531E0,6.679167151E-1
3.121693598E2,2.482443094E0,-1.688093066E0,3.993853629E-1
3.121895258E2,2.305758953E0,-1.377981782E0,1.408439428E-1
3.122096908E2,2.249206543E0,-8.322589397E-1,-8.864124864E-2
3.122298568E2,2.164958715E0,-3.727121055E-1,-2.757197917E-1
3.122500218E2,1.889881134E0,-1.678251475E-1,-4.531299472E-1
3.122701878E2,1.381115794E0,-1.210698336E-1,-6.823196411E-1
3.122903528E2,7.631969452E-1,-1.881396174E-1,-9.565268755E-1
3.123105188E2,1.292244047E-1,-2.655013204E-1,-1.163352489E0
3.123306838E2,-3.885525465E-1,-1.295488775E-1,-1.236213446E0
3.123508498E2,-6.688990593E-1,1.118193418E-1,-1.310425162E0
3.123710148E2,-8.959699869E-1,2.866570950E-1,-1.422610164E0
3.123911808E2,-1.192567825E0,2.830546200E-1,-1.659704804E0
3.124113458E2,-1.676333904E0,3.380876184E-1,-1.949951410E0
3.124315118E2,-2.097832203E0,6.066645384E-1,-2.097023010E0
3.124516768E2,-2.424944401E0,9.250468612E-1,-2.107974529E0
3.124718428E2,-2.670937300E0,8.572394252E-1,-1.925822020E0
3.124920078E2,-3.259838104E0,3.731699288E-1,-1.593707085E0
3.125121738E2,-3.883062840E0,6.239351816E-3,-1.130598068E0
3.125323388E2,-4.418559551E0,5.648006201E-1,-8.361933231E-1
3.125525048E2,-4.619442463E0,1.218298793E0,-8.083609939E-1
3.125726698E2,-4.273614883E0,1.050676584E0,-1.023300648E0
3.125928358E2,-3.210909128E0,5.846148133E-1,-1.279753566E0
3.126130008E2,-1.823525667E0,7.345827818E-1,-1.366088748E0
3.126331668E2,-8.388577104E-1,1.454552770E0,-1.331666231E0
3.126533318E2,-4.054578841E-1,2.005623579E0,-1.216425538E0
3.126734968E2,-3.091706336E-1,2.234737396E0,-1.112740517E0
3.126936628E2,-2.806949914E-1,2.225426197E0,-1.001679897E0
3.127138278E2,-3.028704226E-1,2.129719973E0,-8.666883707E-1
3.127339938E2,-3.608928919E-1,1.864696622E0,-5.906615257E-1
3.127541588E2,-4.459615648E-1,1.603219151E0,-2.917166948E-1
3.127743248E2,-3.425995409E-1,1.453874588E0,-3.571214527E-2
3.127944898E2,3.756378544E-3,1.561678290E0,2.395408452E-1
3.128146558E2,4.164023995E-1,1.640719771E0,5.059212446E-1
3.128348208E2,6.836525798E-1,1.496292353E0,6.774220467E-1
3.128549868E2,8.390627503E-1,1.241683125E0,7.618953586E-1
3.128751518E2,1.120045304E0,1.077568293E0,7.967877388E-1
3.128953178E2,1.481066823E0,1.145568013E0,8.176676035E-1
3.129154828E2,1.737486243E0,1.246339917E0,8.531068563E-1
3.129356488E2,1.880211353E0,1.096769452E0,8.021248579E-1
3.129558138E2,1.996830106E0,8.562701344E-1,6.698521972E-1
3.129759798E2,2.105798960E0,5.792995095E-1,4.927820563E-1
3.129961448E2,2.154486656E0,6.037311554E-1,3.800386786E-1
3.130163103E2,2.153278112E0,8.041973710E-1,3.786561191E-1
3.130364753E2,2.062448740E0,7.468711138E-1,3.638867438E-1
3.130566413E2,1.828206539E0,5.257889032E-1,2.604118586E-1
3.130768063E2,1.608303308E0,2.384980470E-1,3.293457627E-2
3.130969723E2,1.584142089E0,-3.496126831E-2,-1.870763153E-1
3.131171373E2,1.589525819E0,7.900597900E-2,-2.812151313E-1
3.131373033E2,1.546971917E0,3.649182320E-1,-1.922879666E-1
3.131574683E2,1.562118173E0,4.254129231E-1,-4.636768624E-2
3.131776343E2,1.606146097E0,2.385424823E-1,-2.451100200E-2
3.131977993E2,1.584068537E0,-1.573978662E-1,-1.654205322E-1
3.132179653E2,1.602190971E0,-3.601811528E-1,-2.497065216E-1
3.132381303E2,1.818094373E0,-4.120139182E-1,-2.102383375E-1
3.132582963E2,2.178787470E0,-3.823471367E-1,-1.659998298E-1
3.132784613E2,2.321641445E0,-2.357985973E-1,-4.203882441E-2
3.132986273E2,2.135545254E0,-3.407072425E-1,1.211053357E-1
3.133187923E2,1.596247077E0,-5.462817550E-1,2.612541318E-1
3.133389583E2,1.041962981E0,-6.266793609E-1,1.536454856E-1
3.133591233E2,7.072295547E-1,-6.111649275E-1,-2.623424232E-1
3.133792893E2,6.882073283E-1,-4.742234945E-1,-8.037648201E-1
3.133994543E2,9.192471504E-1,9.893190116E-2,-1.146712661E0
3.134196203E2,1.107372046E0,9.322318435E-1,-1.273166060E0
3.134397853E2,1.039087296E0,1.422515154E0,-1.197634578E0
3.134599513E2,6.650537252E-1,1.321671605E0,-9.880836606E-1
3.134801163E2,6.040121615E-2,8.465695381E-1,-7.673254609E-1
3.135002823E2,-5.675508976E-1,3.760145307E-1,-6.514516473E-1
3.135204473E2,-9.810153842E-1,1.796895415E-1,-4.994421601E-1
3.135406133E2,-1.160895586E0,1.114924252E-1,-3.530250192E-1
3.135607783E2,-1.315436244E0,4.212297872E-2,-2.686462104E-1
3.135809443E2,-1.543991685E0,8.804295957E-2,-3.098288774E-1
3.136011093E2,-1.735755682E0,2.132135779E-1,-4.883440733E-1
3.136212753E2,-1.814883590E0,1.708983183E-1,-5.685979128E-1
3.136414403E2,-1.902898550E0,1.275093481E-2,-4.830876589E-1
3.136616063E2,-2.063659668E0,-7.253170013E-2,-3.991435170E-1
3.136817713E2,-2.269633293E0,4.896907136E-2,-3.938813806E-1
3.137019373E2,-2.440726280E0,4.086221755E-1,-4.500648677E-1
3.137221023E2,-2.503766775E0,6.603931189E-1,-4.416102171E-1
3.137422673E2,-2.446264982E0,6.988015175E-1,-4.166343808E-1
3.137624333E2,-2.230566978E0,6.696401238E-1,-5.031931400E-1
3.137825983E2,-1.924805641E0,6.987173557E-1,-6.324533820E-1
3.138027643E2,-1.600685716E0,8.426259756E-1,-7.114990354E-1
3.138229293E2,-1.396205544E0,9.882789254E-1,-7.016041279E-1
3.138430953E2,-1.292037487E0,1.078315377E0,-6.302343607E-1
3.138632603E2,-9.975373745E-1,1.088355899E0,-5.701220632E-1
3.138834263E2,-7.921109796E-1,1.009150267E0,-5.437849760E-1
3.139035913E2,-7.242943645E-1,8.049234748E-1,-5.398722887E-1
3.139237573E2,-4.526105821E-1,8.391906619E-1,-3.735102117E-1
3.139439223E2,-1.632322744E-2,7.811135054E-1,-2.119726837E-1
3.139640883E2,4.563618600E-1,5.697535276E-1,-1.903323382E-1
3.139842533E2,8.149054050E-1,6.280749440E-1,-1.815061122E-1
3.140044193E2,9.538690448E-1,9.796667099E-1,-1.505981237E-1
3.140245847E2,9.149084091E-1,1.112858891E0,-7.838148624E-2
3.140447507E2,1.033372045E0,9.139184356E-1,-1.915103383E-2
3.140649157E2,1.462395430E0,8.669896126E-1,-1.780149639E-1
3.140850817E2,2.127890587E0,8.926553726E-1,-3.822295070E-1
3.141052467E2,2.476438284E0,9.014990926E-1,-3.853207529E-1
3.141254127E2,2.449552536E0,1.007283211E0,-2.310582846E-1
3.141455777E2,2.257251978E0,1.193869472E0,-1.648439467E-2
3.141657437E2,2.152775049E0,1.162429690E0,1.774049252E-1
3.141859087E2,2.052699089E0,7.282260060E-1,2.241128683E-1
3.142060747E2,2.095112085E0,3.930067420E-1,1.948155910E-1
3.142262397E2,2.182048559E0,4.152035713E-1,2.065388113E-1
3.142464057E2,2.233269215E0,5.870573521E-1,2.398509979E-1
3.142665707E2,2.063208580E0,5.998473763E-1,2.290695608E-1
3.142867367E2,1.806376934E0,4.409111440E-1,1.879193336E-1
3.143069017E2,1.744817257E0,3.177232444E-1,2.071825266E-1
3.143270677E2,1.809602141E0,3.227450252E-1,1.703588963E-1
3.143472327E2,1.859561324E0,4.443042874E-1,8.853096515E-2
3.143673987E2,1.914940119E0,5.424354076E-1,1.154364496E-1
3.143875637E2,1.915295959E0,5.046252608E-1,1.626242250E-1
3.144077297E2,1.703199625E0,4.165812135E-1,1.869524419E-1
3.144278947E2,1.338597417E0,1.971018165E-1,2.185892165E-1
3.144480607E2,9.851575494E-1,1.238968149E-1,2.387295365E-1
3.144682257E2,6.827929020E-1,2.073951811E-1,1.807291359E-1
3.144883917E2,6.150129437E-1,3.585091233E-1,1.051424667E-1
3.145085567E2,7.163425684E-1,2.959979773E-1,5.434504151E-2
3.145287227E2,6.374939680E-1,1.462780982E-1,7.157172076E-4
3.145488877E2,2.736125886E-1,1.318771392E-1,-7.991013676E-2
3.145690537E2,-1.927052140E-1,1.868697405E-1,-1.572875977E-1
3.145892187E2,-5.198532343E-1,3.782602251E-1,-2.465632260E-1
3.146093847E2,-5.823582411E-1,7.300923467E-1,-4.441247284E-1
3.146295497E2,-3.975390494E-1,1.176181674E0,-6.517552733E-1
3.146497157E2,-2.989814281E-1,1.096351385E0,-5.877555013E-1
3.146698807E2,-8.820033669E-1,7.444482446E-1,-4.899382293E-1
3.146900467E2,-1.819329381E0,4.808422029E-1,-5.762261152E-1
3.147102117E2,-2.186987400E0,5.310922861E-1,-6.569437981E-1
3.147303777E2,-1.989944220E0,5.980620980E-1,-5.969179273E-1
3.147505437E2,-1.784835100E0,7.148308754E-1,-6.373832822E-1
3.147707087E2,-1.810831666E0,1.001724005E0,-8.657816052E-1
3.147908747E2,-1.839810133E0,1.088344097E0,-1.043695807E0
3.148110397E2,-1.805719137E0,9.084229469E-1,-1.037573695E0
3.148312057E2,-1.804745674E0,3.496612906E-1,-9.939030409E-1
3.148513707E2,-1.793596029E0,-2.512679398E-1,-9.052397013E-1
3.148715367E2,-1.745160699E0,-2.985613346E-1,-8.906083107E-1
3.148917017E2,-1.486358881E0,-1.269236058E-1,-7.454974651E-1
3.149118677E2,-1.090007901E0,1.184180379E-2,-6.516605020E-1
3.149320327E2,-8.259024024E-1,-1.135617346E-1,-6.480562687E-1
3.149521987E2,-7.240905762E-1,-3.986079991E-1,-6.184673905E-1
3.149723637E2,-7.316541672E-1,-5.787286162E-1,-4.709251523E-1
3.149925297E2,-8.322654963E-1,-6.650829315E-1,-2.129937410E-1
3.150126947E2,-1.026617527E0,-6.656975150E-1,-1.281417441E-3
3.150328607E2,-1.095263124E0,-5.439193845E-1,6.635328382E-2
3.150530257E2,-9.396100044E-1,-5.818831325E-1,1.448089033E-1
3.150731917E2,-7.199566364E-1,-9.251785874E-1,2.147113383E-1
3.150933567E2,-7.039644718E-1,-1.110722899E0,2.232852429E-1
3.151135227E2,-7.761324048E-1,-7.729535699E-1,6.860788912E-2
3.151336877E2,-6.462078094E-1,-1.287306398E-1,-1.690073013E-1
3.151538537E2,-3.390612900E-1,2.252372801E-1,-2.152734250E-1
3.151740187E2,-1.850674488E-2,1.545962244E-1,-2.041003406E-1
3.151941847E2,1.574829370E-1,-5.983788520E-2,-1.649116129E-1
3.152143497E2,2.150290012E-1,-2.293338627E-1,-2.595967986E-2
3.152345157E2,2.274565697E-1,-2.930283546E-1,1.390322149E-1
3.152546807E2,1.956212372E-1,-4.466820359E-1,3.978300393E-1
3.152748467E2,1.449572146E-1,-4.168470502E-1,5.338414311E-1
3.152950117E2,2.486742437E-1,-2.715369165E-1,4.884812832E-1
3.153151777E2,4.664409757E-1,-9.900116920E-2,4.121295214E-1
3.153353427E2,6.885919571E-1,-9.158523381E-2,3.908596635E-1
3.153555087E2,8.880817294E-1,-3.649111092E-1,3.860200942E-1
3.153756737E2,1.128093123E0,-6.461253166E-1,2.958179116E-1
3.153958397E2,1.446671605E0,-6.449497938E-1,2.477121800E-1
3.154160047E2,1.766684532E0,-4.333468378E-1,3.164923787E-1
3.154361707E2,2.136584282E0,1.175373420E-1,4.210519791E-1
3.154563357E2,2.127849817E0,3.111175597E-1,2.762441635E-1
3.154765017E2,1.933896184E0,-1.107067317E-1,1.431137770E-1
3.154966667E2,1.871204734E0,-1.549905837E-1,1.364289224E-1
3.155168327E2,1.884045482E0,-1.083876640E-1,1.417341083E-1
3.155369977E2,2.126839638E0,-5.290496349E-2,2.036396563E-1
3.155571637E2,2.547755003E0,1.876274310E-2,2.672251761E-1
3.155773287E2,2.562937498E0,-1.874841191E-2,1.546594799E-1
3.155974947E2,2.143831730E0,-4.489009082E-1,-5.694616586E-2
3.156176597E2,1.957339168E0,-4.917382598E-1,-1.249801517E-1
3.156378257E2,1.996603370E0,-1.044301167E-1,-1.349617988E-1
3.156579907E2,1.992261410E0,3.268743157E-1,-2.351425290E-1
3.156781567E2,1.879456162E0,4.973381162E-1,-3.212258220E-1
3.156983217E2,1.537205815E0,5.474450588E-1,-3.689649105E-1
3.157184877E2,9.710347652E-1,5.544334650E-1,-3.733296990E-1
3.157386527E2,3.238488734E-1,6.204920411E-1,-4.196109474E-1
3.157588187E2,-1.866260171E-2,7.742078304E-1,-4.297416508E-1
3.157789837E2,4.991328344E-2,8.374772072E-1,-5.466450453E-1
3.157991497E2,9.117694944E-2,8.712199330E-1,-7.018590569E-1
3.158193147E2,-2.356197685E-1,8.403466940E-1,-8.125035763E-1
3.158394807E2,-8.623023629E-1,9.624603391E-1,-8.401437402E-1
3.158596467E2,-1.295762062E0,1.283290744E0,-7.857588530E-1
3.158798117E2,-1.341266155E0,1.541909099E0,-7.472628355E-1
3.158999777E2,-1.186186790E0,1.771972299E0,-9.407771826E-1
3.159201427E2,-1.100290060E0,1.699374437E0,-9.013077617E-1
3.159403087E2,-1.408237457E0,9.530321360E-1,-5.181862712E-1
3.159604737E2,-2.130659103E0,-6.258723885E-2,-2.520479262E-1
3.159806397E2,-2.487838984E0,-3.528024852E-1,-3.889361024E-1
3.160008047E2,-2.072640657E0,-1.324975938E-1,-5.460625291E-1
3.160209700E2,-1.388744354E0,4.370873794E-2,-5.684219599E-1
3.160411350E2,-1.027716994E0,1.180678606E-1,-4.881408811E-1
3.160613010E2,-9.481258988E-1,1.651336253E-1,-4.226940572E-1
3.160814660E2,-9.138169289E-1,1.197407469E-1,-3.438979387E-1
3.161016320E2,-9.402088523E-1,-2.707949579E-1,-3.293536305E-1
3.161217970E2,-6.550333500E-1,-5.612642169E-1,-1.926256418E-1
3.161419630E2,-3.254459500E-1,-1.134870529E0,1.434841007E-1
3.161621280E2,-3.313714266E-1,-1.478491783E0,4.428473115E-1
3.161822940E2,-6.039009094E-1,-1.640495896E0,5.608975291E-1
3.162024590E2,-8.301457167E-1,-1.651606202E0,6.214292049E-1
3.162226250E2,-7.460386753E-1,-1.250622511E0,6.703717709E-1
3.162427900E2,-4.423960149E-1,-8.335006833E-1,6.355795264E-1
3.162629560E2,-2.667314410E-1,-7.973201871E-1,5.877917409E-1
3.162831210E2,-2.961561680E-1,-1.101310253E0,5.730609894E-1
3.163032870E2,-4.746640623E-1,-1.068387985E0,6.058404446E-1
3.163234520E2,-5.990238190E-1,-1.085688233E0,7.157025337E-1
3.163436180E2,-7.022683620E-1,-1.072347403E0,8.011611104E-1
3.163637830E2,-7.433185577E-1,-1.131337047E0,7.408345938E-1
3.163839490E2,-7.610643506E-1,-1.253948689E0,7.207607031E-1
3.164041140E2,-8.796203136E-1,-1.167744279E0,6.620395780E-1
3.164242800E2,-1.028130054E0,-8.062276244E-1,5.008234382E-1
3.164444450E2,-9.438674450E-1,-4.454430342E-1,2.754000723E-1
3.164646110E2,-6.872203350E-1,-2.207852155E-1,4.753939807E-2
3.164847760E2,-5.302370787E-1,-1.508866549E-1,-2.681489475E-2
3.165049420E2,-6.001122594E-1,-9.057032317E-2,-1.307138707E-3
3.165251070E2,-8.004873991E-1,-6.490161642E-3,3.598347539E-3
3.165452730E2,-8.373588920E-1,2.091709757E-3,3.412519768E-2
3.165654380E2,-7.451224327E-1,-1.013212353E-1,1.574402004E-1
3.165856040E2,-8.409986496E-1,6.124530453E-3,2.079815269E-1
3.166057690E2,-1.067380548E0,3.199598491E-1,2.836646140E-1
3.166259350E2,-1.222092986E0,7.028911114E-1,3.165324926E-1
3.166461010E2,-1.098859429E0,8.163894415E-1,3.187820017E-1
3.166662660E2,-5.921112895E-1,4.911238849E-1,2.335792333E-1
3.166864320E2,9.062612802E-2,-2.744869562E-3,1.380812973E-1
3.167065970E2,5.939516425E-1,-1.599421948E-1,9.508372843E-2
3.167267630E2,9.763111472E-1,-2.132618614E-2,4.034414142E-2
3.167469280E2,1.318382978E0,5.589785427E-2,5.382880196E-2
3.167670940E2,1.647021890E0,-8.468599990E-3,3.045395203E-2
3.167872590E2,1.931586742E0,-2.958417237E-1,-3.017240949E-2
3.168074250E2,2.081024885E0,-4.643346071E-1,-9.050194919E-2
3.168275900E2,2.187189102E0,-3.565842807E-1,-1.428145170E-1
3.168477560E2,2.285198927E0,-9.553516656E-2,-1.742068827E-1
3.168679210E2,2.365062475E0,6.843984127E-2,-1.951049119E-1
3.168880870E2,2.382287264E0,-3.589944914E-2,-1.951642781E-1
3.169082520E2,2.284188271E0,-1.899642944E-1,-1.971080005E-1
3.169284180E2,2.191122770E0,-2.594079077E-1,-2.078478038E-1
3.169485830E2,2.336265087E0,-3.014053218E-2,-2.811106741E-1
3.169687490E2,2.256397963E0,2.809845805E-1,-3.655693829E-1
3.169889140E2,2.045825481E0,5.309839845E-1,-4.642853737E-1
3.170090800E2,1.772110462E0,6.277190447E-1,-5.032678843E-1
3.170292450E2,1.523906589E0,6.082394719E-1,-5.718743801E-1
3.170494110E2,1.246681809E0,5.153144598E-1,-6.232576370E-1
3.170695760E2,9.715539217E-1,5.879848599E-1,-6.276232600E-1
3.170897420E2,6.930469871E-1,8.143836260E-1,-5.928669572E-1
3.171099070E2,4.275062978E-1,7.877373099E-1,-5.569742918E-1
3.171300730E2,2.215661258E-1,7.010841370E-1,-5.856812596E-1
3.171502380E2,8.587566018E-2,9.030750394E-1,-6.691930294E-1
3.171704040E2,-6.682839990E-2,1.133992434E0,-8.056994677E-1
3.171905700E2,-2.063421756E-1,1.153294563E0,-8.412794471E-1
3.172107350E2,-3.337810040E-1,1.085528493E0,-9.645887017E-1
3.172309010E2,-4.708051682E-1,9.170396328E-1,-8.628178835E-1
3.172510660E2,-8.685503006E-1,6.390883327E-1,-5.252860785E-1
3.172712320E2,-1.458770275E0,2.755092978E-1,-2.497075647E-1
3.172913970E2,-1.738945007E0,-1.021382064E-1,-1.452385783E-1
3.173115630E2,-1.649529338E0,-4.008688927E-1,-1.308181733E-1
3.173317280E2,-1.453881264E0,-3.847023547E-1,-1.074077412E-1
3.173518940E2,-1.251852036E0,-2.303502262E-1,-7.072518766E-2
3.173720590E2,-1.115876675E0,-6.518478505E-3,-3.944070265E-2
3.173922250E2,-1.082068920E0,-7.614267990E-3,6.910462677E-2
3.174123900E2,-1.098734975E0,-3.392217755E-1,2.183490247E-1
3.174325560E2,-1.130718470E0,-7.359494567E-1,4.011775851E-1
3.174527210E2,-1.248518229E0,-9.367532730E-1,4.316188693E-1
3.174728870E2,-1.223700762E0,-1.107918978E0,5.276595950E-1
3.174930520E2,-9.562715888E-1,-1.104738474E0,6.733086705E-1
3.175132180E2,-7.233443856E-1,-9.119710326E-1,7.765831351E-1
3.175333830E2,-6.231952906E-1,-7.509679198E-1,7.940469384E-1
3.175535490E2,-7.342779636E-1,-9.058168530E-1,7.579079270E-1
3.175737140E2,-8.825909495E-1,-1.091546416E0,7.826408744E-1
3.175938800E2,-9.272442460E-1,-8.802671432E-1,8.143448234E-1
3.176140450E2,-8.559729457E-1,-5.295558572E-1,7.871150374E-1
3.176342110E2,-7.564566731E-1,-3.875798285E-1,7.422084212E-1
3.176543760E2,-6.685432196E-1,-4.439868331E-1,6.986162663E-1
3.176745420E2,-6.293008327E-1,-6.354469657E-1,5.294906497E-1
3.176947070E2,-5.012121201E-1,-6.861860156E-1,3.400970101E-1
3.177148730E2,-2.629214227E-1,-6.811751127E-1,2.926255167E-1
3.177350380E2,-1.756722033E-1,-6.681922674E-1,3.157612681E-1
3.177552040E2,-2.589566708E-1,-6.046329141E-1,3.000280261E-1
3.177753700E2,-3.092470169E-1,-5.620362759E-1,2.108246982E-1
3.177955350E2,-2.927239239E-1,-5.667937398E-1,5.857911333E-2
3.178157010E2,-2.726227939E-1,-5.401921272E-1,-4.894140735E-2
3.178358660E2,-2.618496716E-1,-4.671060741E-1,-1.554808617E-1
3.178560320E2,-2.069343179E-1,-2.607714534E-1,-2.711369395E-1
3.178761970E2,-2.298030853E-1,7.480406761E-2,-4.140604436E-1
3.178963630E2,-3.030812442E-1,3.357837200E-1,-5.454599261E-1
3.179165280E2,-4.336455166E-1,4.288813770E-1,-6.119062901E-1
3.179366940E2,-4.421001375E-1,2.903906703E-1,-6.570289135E-1
3.179568590E2,-1.945848167E-1,-1.596496813E-2,-6.917703748E-1
3.179770250E2,8.816529065E-2,-1.834381372E-1,-6.730933189E-1
3.179971900E2,2.305178195E-1,1.440760195E-1,-6.290236712E-1
3.180173566E2,6.493508816E-1,6.401106119E-1,-7.152940035E-1
3.180375216E2,1.223142385E0,1.229051232E0,-8.468448520E-1
3.180576876E2,1.617339492E0,1.239805341E0,-9.344551563E-1
3.180778526E2,1.622899175E0,1.007671475E0,-9.945744872E-1
3.180980186E2,1.428454280E0,8.783575892E-1,-9.902271032E-1
3.181181836E2,1.384047866E0,8.489878774E-1,-8.124436140E-1
3.181383496E2,1.544638157E0,7.511057854E-1,-5.741868615E-1
3.181585146E2,1.580141425E0,4.902041852E-1,-4.229673147E-1
3.181786806E2,1.438336015E0,3.367817104E-1,-4.646084607E-1
3.181988456E2,1.424336791E0,4.557105899E-1,-5.206048489E-1
3.182190116E2,1.473001242E0,5.942766666E-1,-4.840508103E-1
3.182391776E2,1.452952981E0,5.881753564E-1,-4.998791218E-1
3.182593426E2,1.422511101E0,7.170599103E-1,-5.373308063E-1
3.182795086E2,1.408210635E0,8.842028975E-1,-5.631673336E-1
3.182996736E2,1.335510612E0,9.650068283E-1,-4.989385605E-1
3.183198396E2,1.103914618E0,9.497315884E-1,-4.115126133E-1
3.183400046E2,8.621975183E-1,8.884844184E-1,-3.365330696E-1
3.183601706E2,7.495591044E-1,9.576983452E-1,-3.128769994E-1
3.183803356E2,7.233800292E-1,9.206884503E-1,-2.714022100E-1
3.184005016E2,6.444172263E-1,6.769516468E-1,-2.560788393E-1
3.184206666E2,4.672575891E-1,5.775856376E-1,-2.067125291E-1
3.184408326E2,2.258017361E-1,6.714408398E-1,-1.542979330E-1
3.184609976E2,2.332803048E-2,8.561041951E-1,-8.647356927E-2
3.184811636E2,-8.965808153E-2,8.884378076E-1,-7.291155308E-2
3.185013286E2,-1.703692377E-1,8.781958222E-1,1.065121964E-3
3.185214946E2,-3.756290972E-1,7.034937739E-1,1.119158193E-1
3.185416596E2,-7.327283621E-1,2.822341323E-1,2.665005326E-1
3.185618256E2,-1.128813148E0,-9.722831845E-2,3.143417239E-1
3.185819906E2,-1.260336041E0,-1.468748748E-1,1.940868795E-1
3.186021566E2,-1.055806041E0,3.003970906E-2,5.074323341E-2
3.186223216E2,-7.309981585E-1,5.700990558E-2,-9.574292600E-2
3.186424876E2,-5.195241570E-1,1.121331528E-1,-2.037326247E-1
3.186626536E2,-5.247820616E-1,2.608217001E-1,-2.340253890E-1
3.186828186E2,-7.231681347E-1,2.201650888E-1,-1.845262796E-1
3.187029846E2,-9.536935091E-1,-2.407029271E-1,-6.840740144E-2
3.187231496E2,-1.182002544E0,-6.024309397E-1,9.006085992E-2
3.187433156E2,-1.329731345E0,-7.042460442E-1,1.915598810E-1
3.187634806E2,-1.473115802E0,-7.319824100E-1,2.126509696E-1
3.187836466E2,-1.700008273E0,-7.716997862E-1,1.877715141E-1
3.188038116E2,-1.818177819E0,-9.215185642E-1,2.470058650E-1
3.188239776E2,-1.847700953E0,-8.638397455E-1,3.279398084E-1
3.188441426E2,-1.796392679E0,-6.770603657E-1,4.971884489E-1
3.188643086E2,-1.936242580E0,-7.055802941E-1,5.579720140E-1
3.188844736E2,-2.124405384E0,-8.763475418E-1,4.806803465E-1
3.189046396E2,-2.308843374E0,-7.811349034E-1,3.381052017E-1
3.189248046E2,-2.329900503E0,-4.943318367E-1,1.958530694E-1
3.189449706E2,-2.251587152E0,-1.948174536E-1,1.186051369E-1
3.189651356E2,-2.104394197E0,-4.005033895E-2,3.551308438E-2
3.189853016E2,-1.976129055E0,-8.132605255E-2,-2.187848538E-1
3.190054676E2,-1.751217246E0,-8.391420543E-2,-4.690632224E-1
3.190256326E2,-1.344941020E0,2.683912218E-2,-5.388239622E-1
3.190457986E2,-9.564744234E-1,1.547725797E-1,-4.869949520E-1
3.190659636E2,-6.855344772E-1,2.692109048E-1,-5.776297450E-1
3.190861296E2,-4.238403738E-1,1.712026149E-1,-6.478398442E-1
3.191062946E2,-2.163877785E-1,4.360869154E-2,-5.794332623E-1
3.191264606E2,2.697112784E-2,1.735649444E-2,-3.795473576E-1
3.191466256E2,2.401932776E-1,9.470286220E-2,-6.944708526E-2
3.191667916E2,3.453074396E-1,4.613753855E-1,7.741159946E-2
3.191869566E2,5.189526081E-1,6.454020739E-1,1.741246432E-1
3.192071226E2,7.358485460E-1,3.579880297E-1,2.149820924E-1
3.192272876E2,1.183223724E0,-1.111102253E-1,1.417768151E-1
3.192474536E2,1.853999257E0,-3.909502327E-1,1.544701904E-1
3.192676186E2,2.452606440E0,-2.134072930E-1,1.385435909E-1
3.192877846E2,2.878080606E0,1.593823284E-1,2.154124230E-1
3.193079496E2,3.137683630E0,2.155132443E-1,4.656742811E-1
3.193281156E2,3.167781115E0,1.103991829E-2,6.388887167E-1
3.193482806E2,3.172646284E0,-3.159172535E-1,7.037955523E-1
3.193684466E2,3.170321703E0,-6.103757620E-1,7.636021376E-1
3.193886126E2,3.131970406E0,-7.357735634E-1,7.620801330E-1
3.194087776E2,3.287531853E0,-5.990267992E-1,7.551249266E-1
3.194289436E2,3.552478552E0,-4.063820839E-1,8.194106817E-1
3.194491086E2,3.568974733E0,-2.959177792E-1,8.254751563E-1
3.194692746E2,2.964621067E0,-4.874704480E-1,5.733602643E-1
3.194894396E2,2.322760344E0,-7.788515091E-1,2.680760026E-1
3.195096056E2,2.258062124E0,-6.929046512E-1,1.483934373E-1
3.195297706E2,2.525691748E0,-3.983343840E-1,1.141088828E-1
3.195499366E2,2.574493885E0,-1.298742443E-1,1.205691546E-1
3.195701016E2,2.279821634E0,-6.689482927E-2,5.274950713E-2
3.195902676E2,1.824091315E0,-1.381492019E-1,-9.743312746E-2
3.196104326E2,1.410274267E0,-1.009636745E-1,-3.009358644E-1
3.196305986E2,1.159498930E0,7.713389397E-2,-4.108809233E-1
3.196507636E2,1.015588522E0,3.503911495E-1,-4.886569977E-1
3.196709296E2,8.388721347E-1,4.925495684E-1,-5.781762004E-1
3.196910956E2,4.391110241E-1,4.263893664E-1,-6.722535491E-1
3.197112606E2,-8.047734201E-2,3.797949851E-1,-6.864574552E-1
3.197314266E2,-6.422689557E-1,6.122013927E-1,-6.277952194E-1
3.197515916E2,-1.120194197E0,1.028868675E0,-7.243060470E-1
3.197717576E2,-1.336967468E0,1.232700109E0,-9.676876068E-1
3.197919226E2,-1.335028529E0,1.270567417E0,-1.211632013E0
3.198120886E2,-1.569431543E0,1.290230155E0,-1.177145481E0
3.198322536E2,-2.162088871E0,1.240050673E0,-8.893037438E-1
3.198524196E2,-2.944300652E0,1.135709882E0,-7.355335355E-1
3.198725846E2,-3.298530579E0,8.384073973E-1,-1.020011187E0
3.198927506E2,-3.052898169E0,4.360225499E-1,-1.243803024E0
3.199129156E2,-2.557328463E0,2.233102918E-1,-1.184891343E0
3.199330816E2,-2.313759804E0,5.521918535E-1,-9.982410073E-1
3.199532466E2,-2.242756605E0,1.059080839E0,-9.817762971E-1
3.199734126E2,-1.914997697E0,1.376412630E0,-1.158671737E0
3.199935786E2,-1.524425268E0,7.071365118E-1,-8.986238241E-1
3.200137437E2,-1.593206167E0,-4.534462392E-1,-6.276665330E-1
3.200339097E2,-1.862633705E0,-8.164675832E-1,-3.835000694E-1
3.200540748E2,-1.823521137E0,-3.050312102E-1,-2.634030282E-1
3.200742407E2,-1.707157373E0,5.327025652E-1,-4.098460674E-1
3.200944058E2,-1.270963669E0,1.095715284E0,-6.611258388E-1
3.201145718E2,-7.634702325E-1,1.135352612E0,-8.778556585E-1
3.201347368E2,-5.070248246E-1,9.427690506E-1,-1.011680484E0
3.201549028E2,-4.097000957E-1,6.657660604E-1,-1.059033990E0
3.201750678E2,-4.639950991E-1,4.076515436E-1,-8.903846741E-1
3.201952338E2,-6.494875550E-1,4.914470017E-2,-5.730116367E-1
3.202153988E2,-7.756024599E-1,-2.436781228E-1,-2.527585030E-1
3.202355648E2,-7.770118117E-1,-2.677362263E-1,-6.374076009E-2
3.202557298E2,-6.947802305E-1,-2.806623280E-1,9.257371724E-2
3.202758958E2,-6.081268191E-1,-6.357178092E-1,3.244052529E-1
3.202960618E2,-6.736567616E-1,-8.266955614E-1,3.583084941E-1
3.203162268E2,-5.797488689E-1,-7.140071988E-1,2.555129528E-1
3.203363928E2,-2.611715496E-1,-6.057902575E-1,3.018037975E-1
3.203565577E2,-3.871374577E-2,-5.155174732E-1,4.268449545E-1
3.203767237E2,-1.015324146E-2,-3.714531362E-1,3.108426332E-1
3.203968887E2,1.179261506E-2,-1.005657911E-1,6.919166446E-2
3.204170547E2,1.340302676E-1,1.946060210E-1,-6.272591650E-2
3.204372198E2,3.115869164E-1,4.594353139E-1,-9.267906100E-2
3.204573857E2,4.350293279E-1,6.100537181E-1,-1.155574545E-1
3.204775508E2,4.306482077E-1,7.755662799E-1,-1.622082293E-1
3.204977168E2,4.775211513E-1,8.970122933E-1,-1.846786886E-1
3.205178818E2,7.184967995E-1,7.924442291E-1,-2.189155072E-1
3.205380478E2,1.024543881E0,6.291753054E-1,-7.291288674E-2
3.205582138E2,1.154140830E0,5.103222728E-1,1.775460988E-1
3.205783788E2,1.012601376E0,2.344539315E-1,5.373670459E-1
3.205985448E2,7.704373598E-1,-1.606815010E-1,7.970036268E-1
3.206187098E2,8.642651439E-1,-5.376653671E-1,7.205917835E-1
3.206388758E2,1.441409230E0,-7.508375645E-1,3.816403747E-1
3.206590408E2,2.156429529E0,-6.241462231E-1,7.325240970E-2
3.206792068E2,2.585725069E0,-1.251072437E-1,-1.029588580E-1
3.206993718E2,2.841101170E0,4.555002153E-1,-1.012427658E-1
3.207195378E2,3.070382833E0,8.916428685E-1,5.053779110E-2
3.207397027E2,3.261617184E0,8.301165104E-1,2.528018653E-1
3.207598687E2,3.413408518E0,3.740644753E-1,4.109141529E-1
3.207800337E2,3.202319384E0,-1.543919146E-1,3.178140819E-1
3.208001997E2,2.889978647E0,-7.573891282E-1,1.842191517E-1
3.208203657E2,2.950866699E0,-8.074437380E-1,2.235007435E-1
3.208405307E2,3.124646425E0,-5.753622055E-1,2.778197229E-1
3.208606967E2,3.177566051E0,-5.650904179E-1,2.563358545E-1
3.208808618E2,3.049394608E0,-6.686689854E-1,1.294064075E-1
3.209010278E2,2.752799749E0,-8.254380226E-1,-6.336197257E-2
3.209211928E2,2.528288126E0,-7.957760692E-1,-1.912209243E-1
3.209413588E2,2.386768818E0,-5.617171526E-1,-3.150205910E-1
3.209615238E2,2.366706848E0,-2.341261506E-1,-4.743429124E-1
3.209816898E2,2.503154278E0,2.076128125E-1,-7.474030256E-1
3.210018548E2,2.509316206E0,4.776767790E-1,-1.159702063E0
3.210220205E2,1.901056290E0,1.774957478E-1,-1.540599704E0
3.210421865E2,1.166484356E0,-2.026468068E-1,-1.670780420E0
3.210623515E2,7.107408047E-1,6.817133632E-3,-1.613948345E0
3.210825175E2,3.185101748E-1,5.678740740E-1,-1.548661709E0
3.211026825E2,5.031683668E-2,1.005886555E0,-1.530923605E0
3.211228485E2,-2.152971774E-1,1.224061966E0,-1.594172120E0
3.211430135E2,-6.265906692E-1,1.201183200E0,-1.640513301E0
3.211631795E2,-1.143038154E0,1.168091655E0,-1.692469597E0
3.211833445E2,-1.438396811E0,1.360018611E0,-1.842999220E0
3.212035105E2,-1.441627264E0,1.619951010E0,-1.991361260E0
3.212236755E2,-1.459202290E0,1.841546059E0,-2.023648739E0
3.212438415E2,-1.626151681E0,2.029742241E0,-2.016966105E0
3.212640075E2,-1.994531155E0,2.323718548E0,-2.187750101E0
3.212841725E2,-1.976490259E0,2.448421955E0,-2.400126457E0
3.213043385E2,-1.811589360E0,2.184113741E0,-2.215325594E0
3.213245035E2,-1.942360401E0,1.948285818E0,-1.708196998E0
3.213446695E2,-2.419155598E0,1.585541844E0,-1.239890099E0
3.213648345E2,-3.040663004E0,1.157136321E0,-1.001858234E0
3.213850005E2,-2.966411352E0,9.816520214E-1,-1.143811464E0
3.214051655E2,-2.173139095E0,5.315079689E-1,-1.056349158E0
3.214253315E2,-1.505283952E0,7.489925716E-3,-8.377932906E-1
3.214454965E2,-1.330752850E0,-4.319906980E-2,-7.567614317E-1
3.214656625E2,-1.245018482E0,3.597755432E-1,-7.435560226E-1
3.214858285E2,-1.084023952E0,8.052104712E-1,-5.793874264E-1
3.215059935E2,-1.057084322E0,9.096222520E-1,-3.611576259E-1
3.215261595E2,-1.166065097E0,5.789582729E-1,-7.823470980E-2
3.215463245E2,-1.406206250E0,1.574689597E-1,1.648920476E-1
3.215664905E2,-1.504611373E0,-1.600025594E-1,2.465710044E-1
3.215866555E2,-1.291164517E0,-1.900988519E-1,2.079128772E-1
3.216068215E2,-8.528293967E-1,1.464371756E-2,1.129426956E-1
3.216269865E2,-3.515271842E-1,5.205562711E-1,-4.489284754E-2
3.216471525E2,6.523656845E-2,1.006901264E0,-1.493522674E-1
3.216673175E2,3.064673245E-1,1.183396935E0,-1.368976682E-1
3.216874835E2,4.386339188E-1,1.175302267E0,-1.821811497E-2
3.217076495E2,6.381314397E-1,9.832258821E-1,1.636460871E-1
3.217278145E2,8.980324268E-1,6.409138441E-1,3.350502849E-1
3.217479805E2,1.137732863E0,4.300062954E-1,4.642491341E-1
3.217681455E2,1.313435674E0,3.669508100E-1,5.125859380E-1
3.217883115E2,1.510484219E0,4.133341908E-1,5.704655647E-1
3.218084765E2,1.693811774E0,5.102145672E-1,5.826793313E-1
3.218286425E2,1.755530238E0,6.165969372E-1,5.721607208E-1
3.218488075E2,1.687788963E0,6.672788858E-1,4.992273748E-1
3.218689735E2,1.610449195E0,6.407437921E-1,3.981662989E-1
3.218891395E2,1.624719381E0,6.159291267E-1,3.139807880E-1
3.219093045E2,1.725459576E0,5.495905876E-1,2.223534286E-1
3.219294705E2,1.717183352E0,4.461985826E-1,1.572960168E-1
3.219496355E2,1.622709155E0,3.400347829E-1,5.549924821E-2
3.219698015E2,1.501387596E0,3.429076076E-1,-3.399070725E-2
3.219899665E2,1.394688249E0,4.243346453E-1,-2.027616501E-1
3.220101325E2,1.254083991E0,4.164314866E-1,-4.121227860E-1
3.220302972E2,1.029245973E0,5.422363281E-1,-6.090371609E-1
3.220504632E2,9.684094787E-1,8.572849631E-1,-7.640512586E-1
3.220706292E2,1.011258006E0,1.343935370E0,-9.550009370E-1
3.220907942E2,1.215918541E0,1.757155657E0,-1.149009466E0
3.221109602E2,1.516237617E0,1.930749297E0,-1.240081906E0
3.221311252E2,1.710019350E0,1.931704879E0,-1.235643029E0
3.221512912E2,1.712141752E0,1.895868421E0,-1.196931601E0
3.221714562E2,1.633554578E0,1.927761316E0,-1.061246037E0
3.221916222E2,1.649281144E0,1.847666502E0,-8.130532503E-1
3.222117872E2,1.707247615E0,1.666285157E0,-5.671358705E-1
3.222319532E2,1.718346238E0,1.405390978E0,-3.864519000E-1
3.222521182E2,1.839560509E0,1.326800704E0,-2.153282911E-1
3.222722842E2,1.981598735E0,1.279300332E0,-1.747441292E-1
3.222924502E2,2.167574167E0,1.135916710E0,-7.643272728E-2
3.223126152E2,2.414469719E0,8.557867408E-1,5.382167920E-2
3.223327812E2,2.498890162E0,5.115551353E-1,1.404542029E-1
3.223529462E2,2.402074337E0,2.340871543E-1,1.592004001E-1
3.223731122E2,2.180907249E0,1.033327505E-1,1.471294165E-1
3.223932772E2,1.946928501E0,5.330998451E-2,1.020986661E-1
3.224134432E2,1.773329139E0,-9.580661356E-2,-7.230235264E-3
3.224336082E2,1.673707962E0,-1.546038687E-1,-2.052641362E-1
3.224537742E2,1.661146641E0,8.969435096E-2,-4.188884497E-1
3.224739402E2,1.637861013E0,3.975483179E-1,-5.099002719E-1
3.224941052E2,1.420351028E0,7.266361117E-1,-6.226072311E-1
3.225142712E2,1.035097122E0,8.644766212E-1,-6.430384517E-1
3.225344362E2,5.713520050E-1,6.761938930E-1,-4.599153996E-1
3.225546022E2,1.981132925E-1,-9.994189441E-2,-3.680604100E-1
3.225747672E2,-2.268024087E-1,-7.005320787E-1,-4.007245898E-1
3.225949332E2,-4.822773039E-1,-4.381854236E-1,-5.840248466E-1
3.226150982E2,-3.960654140E-1,2.131590396E-1,-7.419649363E-1
3.226352642E2,-2.110142261E-1,5.611703396E-1,-7.632962465E-1
3.226554302E2,-2.811668813E-1,6.237277389E-1,-7.288939357E-1
3.226755952E2,-6.276558638E-1,5.848999619E-1,-7.326560020E-1
3.226957612E2,-1.076548338E0,5.867224932E-1,-8.078047037E-1
3.227159262E2,-1.383270383E0,1.511587054E-1,-7.457226515E-1
3.227360922E2,-1.687761426E0,-2.638599873E-1,-6.303707361E-1
3.227562572E2,-1.915258408E0,-3.746507466E-1,-5.903933644E-1
3.227764232E2,-2.032961845E0,-1.779229492E-1,-6.681494713E-1
3.227965882E2,-2.019275188E0,1.813119054E-1,-8.685916066E-1
3.228167542E2,-1.891347647E0,3.360940814E-1,-1.000783563E0
3.228369202E2,-1.916046619E0,4.592148215E-2,-9.313111305E-1
3.228570852E2,-2.175470829E0,-2.364713103E-1,-8.800240159E-1
3.228772512E2,-2.420638323E0,-9.071712196E-2,-8.354277015E-1
3.228974162E2,-2.528042793E0,3.070147038E-1,-6.913903356E-1
3.229175822E2,-2.428754330E0,6.290957332E-1,-5.087054372E-1
3.229377472E2,-2.175828695E0,7.110267878E-1,-5.004040003E-1
3.229579132E2,-1.953111053E0,6.397377849E-1,-6.789890528E-1
3.229780792E2,-1.776951671E0,5.273373723E-1,-7.068772316E-1
3.229982442E2,-1.589171529E0,4.651748836E-1,-4.531362355E-1
3.230184108E2,-1.362828374E0,4.602011144E-1,-2.092381567E-1
3.230385758E2,-1.071315527E0,2.622850537E-1,-1.365560340E-3
3.230587418E2,-6.227387786E-1,-9.541025013E-2,7.197751105E-2
3.230789068E2,-9.215885401E-2,-3.409944177E-1,-1.171062468E-3
3.230990728E2,4.473222196E-1,-1.503184885E-1,-1.625048220E-1
3.231192378E2,7.247460485E-1,5.144601464E-1,-2.392066121E-1
3.231394038E2,8.983841538E-1,1.060461402E0,-4.207232594E-1
3.231595698E2,1.197251320E0,8.548679352E-1,-4.135005772E-1
3.231797348E2,1.484916210E0,4.069651961E-1,-3.576768637E-1
3.231999008E2,1.879962802E0,3.944187760E-1,-3.253323734E-1
3.232200658E2,2.280906439E0,8.194481730E-1,-1.998052895E-1
3.232402318E2,2.746052265E0,1.494721055E0,4.884331301E-2
3.232603968E2,3.137140751E0,1.846525788E0,2.208314091E-1
3.232805628E2,3.131433010E0,1.058898807E0,2.585529387E-1
3.233007288E2,3.028198719E0,2.153801471E-1,1.825128943E-1
3.233208938E2,3.120528221E0,1.073847339E-2,2.414858490E-1
3.233410598E2,3.195617914E0,1.438331604E-1,3.240018785E-1
3.233612248E2,3.158375263E0,2.543526590E-1,3.776119649E-1
3.233813908E2,3.125672102E0,2.117637396E-1,4.170020819E-1
3.234015558E2,3.179397583E0,2.001067251E-1,4.550046325E-1
3.234217218E2,3.323003054E0,1.893836111E-1,5.250085592E-1
3.234418868E2,3.325363398E0,9.160049260E-2,5.917639136E-1
3.234620528E2,2.889428139E0,-1.554225981E-1,5.475369096E-1
3.234822188E2,2.111816406E0,-7.159430385E-1,3.893980086E-1
3.235023838E2,1.612947941E0,-1.130371451E0,3.821274340E-1
3.235225498E2,1.547596455E0,-1.084715009E0,3.308485746E-1
3.235427148E2,1.580133677E0,-8.077729940E-1,2.286948115E-1
3.235628808E2,1.388483047E0,-6.014238596E-1,1.627314389E-1
3.235830458E2,8.181226850E-1,-6.162806153E-1,7.685440779E-2
3.236032118E2,3.044376671E-1,-3.997985423E-1,-2.006591484E-2
3.236233778E2,8.792831004E-2,-1.909061521E-2,-2.306875587E-1
3.236435428E2,-6.226814538E-2,-6.658674031E-2,-4.588709474E-1
3.236637088E2,-2.160378397E-1,-1.674077939E-4,-6.706447601E-1
3.236838738E2,-5.304746032E-1,3.960811794E-1,-8.112856746E-1
3.237040398E2,-8.443344831E-1,8.157607317E-1,-9.493488073E-1
3.237242048E2,-1.040476918E0,1.313679695E0,-9.409068823E-1
3.237443708E2,-1.273784876E0,1.576977372E0,-7.360876203E-1
3.237645368E2,-1.779454947E0,1.271132588E0,-4.602338076E-1
3.237847018E2,-2.224986792E0,6.554984450E-1,-4.614841938E-1
3.238048678E2,-2.250540733E0,5.695898533E-1,-6.118811965E-1
3.238250328E2,-1.981273413E0,9.754355550E-1,-7.784070373E-1
3.238451988E2,-1.718201637E0,1.197224855E0,-8.015661836E-1
3.238653638E2,-1.778628469E0,1.450867653E0,-7.977990508E-1
3.238855298E2,-2.080427170E0,1.817266941E0,-7.832516432E-1
3.239056948E2,-2.459088326E0,1.671426892E0,-8.185440898E-1
3.239258608E2,-2.777904272E0,1.333284497E0,-8.691961765E-1
3.239460268E2,-2.640455008E0,1.026490450E0,-8.487849832E-1
3.239661918E2,-2.299439907E0,8.175001740E-1,-8.445563912E-1
3.239863578E2,-2.099280596E0,5.526244044E-1,-9.205873609E-1
3.240065228E2,-2.031636477E0,4.198742211E-1,-1.044158936E0
3.240266885E2,-1.970638633E0,2.744745314E-1,-9.243578911E-1
3.240468545E2,-1.659407616E0,-8.830332011E-2,-5.758656263E-1
3.240670195E2,-1.575195909E0,-3.735682368E-1,-3.154547215E-1
3.240871855E2,-1.786733747E0,-5.772506595E-1,-2.385969013E-1
3.241073505E2,-1.911503434E0,-7.185984254E-1,-1.425667554E-1
3.241275165E2,-1.833233118E0,-7.144351006E-1,7.228300720E-2
3.241476815E2,-1.635352254E0,-6.740994453E-1,2.002009600E-1
3.241678475E2,-1.448030829E0,-8.500180840E-1,2.475973517E-1
3.241880135E2,-1.255981803E0,-9.965938926E-1,3.446973860E-1
3.242081785E2,-1.037771106E0,-9.024887681E-1,3.940286040E-1
3.242283445E2,-6.597944498E-1,-5.945993662E-1,2.679516375E-1
3.242485095E2,-7.949774712E-2,-4.295593500E-1,8.496794105E-2
3.242686755E2,5.924847126E-1,-4.629144371E-1,8.719871938E-2
3.242888405E2,9.675024748E-1,-6.725748777E-1,1.397189349E-1
3.243090065E2,1.057280064E0,-6.944229603E-1,3.054773211E-1
3.243291725E2,1.070517898E0,-4.549255371E-1,4.515767097E-1
3.243493375E2,1.282113314E0,-2.407065183E-1,5.599838495E-1
3.243695035E2,1.665817261E0,-1.659952551E-1,6.046474576E-1
3.243896685E2,2.128475189E0,-2.767446637E-1,5.076290369E-1
3.244098345E2,2.542255640E0,-2.574949563E-1,3.731072843E-1
3.244299995E2,2.732387543E0,-3.300586948E-3,2.742800415E-1
3.244501655E2,2.822590351E0,3.032899499E-1,2.488592714E-1
3.244703315E2,2.861091137E0,5.147172213E-1,2.790580690E-1
3.244904965E2,2.753025770E0,2.175260633E-1,2.458562702E-1
3.245106625E2,2.532719851E0,-2.379541397E-1,1.748697311E-1
3.245308275E2,2.353584051E0,-3.381252289E-1,1.675472260E-1
3.245509935E2,2.341330767E0,-1.435242295E-1,2.136917114E-1
3.245711585E2,2.377421141E0,1.424638927E-1,2.571674883E-1
3.245913245E2,2.864905119E0,7.756220102E-1,2.885949314E-1
3.246114905E2,2.155619860E0,4.918950051E-2,-1.931932941E-2
3.246316555E2,1.975592017E0,-2.583998144E-1,-7.703577727E-2
3.246518215E2,2.053638935E0,-1.220794469E-1,2.625786141E-2
3.246719865E2,1.978822947E0,1.082274467E-1,2.449909970E-2
3.246921525E2,1.957535028E0,2.499228865E-1,-2.950769151E-3
3.247123175E2,1.830308676E0,2.501546741E-1,-8.285358548E-2
3.247324835E2,1.459823251E0,1.234764010E-1,-1.741753221E-1
3.247526495E2,9.722760320E-1,2.325111814E-2,-2.805569172E-1
3.247728145E2,5.945954919E-1,1.428207457E-1,-2.671920061E-1
3.247929805E2,4.014680088E-1,2.765807807E-1,-3.294726014E-1
3.248131455E2,2.484430373E-1,2.403335869E-1,-5.440998077E-1
3.248333115E2,2.637587860E-2,-7.900170982E-3,-6.658717394E-1
3.248534775E2,-4.154553711E-1,-7.796737552E-2,-6.944323778E-1
3.248736425E2,-9.303943515E-1,1.185880378E-1,-6.459899545E-1
3.248938085E2,-1.183429956E0,4.817027450E-1,-6.481751800E-1
3.249139735E2,-1.190655231E0,8.911133409E-1,-7.767100930E-1
3.249341395E2,-1.227022409E0,9.713494778E-1,-6.930167079E-1
3.249543045E2,-1.550304294E0,5.472256541E-1,-4.948219657E-1
3.249744705E2,-2.110815525E0,5.239914730E-2,-3.890256286E-1
3.249946365E2,-2.340519428E0,3.290545940E-2,-3.446924090E-1
3.250148015E2,-2.111815929E0,2.335104197E-1,-2.879503965E-1
3.250349678E2,-1.755155325E0,3.294571340E-1,-4.814686254E-2
3.250551328E2,-1.509490252E0,2.048196495E-1,1.248975098E-1
3.250752988E2,-1.438115716E0,5.121443793E-2,2.290615290E-1
3.250954638E2,-1.347155809E0,4.701524600E-2,2.145750076E-1
3.251156298E2,-1.202113032E0,2.967839837E-1,1.360176057E-1
3.251357958E2,-9.110653400E-1,4.918598235E-1,-8.688830584E-2
3.251559608E2,-6.060359478E-1,2.651705444E-1,-3.250973821E-1
3.251761268E2,-4.361725152E-1,-1.907904148E-1,-4.439489245E-1
3.251962918E2,-4.016415775E-1,-5.922338963E-1,-4.370536208E-1
3.252164578E2,-4.779050052E-1,-5.973308086E-1,-3.559735715E-1
3.252366238E2,-5.966731310E-1,-4.223398566E-1,-2.800971866E-1
3.252567888E2,-5.958100557E-1,-3.317396343E-1,-1.230521351E-1
3.252769548E2,-6.033009887E-1,-3.565964997E-1,3.023341112E-2
3.252971198E2,-7.260510921E-1,-4.484176040E-1,3.431828320E-2
3.253172858E2,-8.844014406E-1,-7.639335990E-1,1.090352312E-1
3.253374508E2,-1.054333210E0,-1.041869760E0,2.684901357E-1
3.253576168E2,-1.117726326E0,-1.191867232E0,4.545986056E-1
3.253777828E2,-1.033939242E0,-1.126282454E0,5.217902064E-1
3.253979478E2,-8.502749801E-1,-1.006945968E0,4.325792193E-1
3.254181138E2,-5.646919012E-1,-1.006914020E0,4.434408247E-1
3.254382788E2,-5.694425106E-1,-8.843123913E-1,4.706253111E-1
3.254584448E2,-7.587997913E-1,-7.715361714E-1,3.715571463E-1
3.254786108E2,-7.104774714E-1,-6.054230928E-1,1.534556895E-1
3.254987758E2,-3.697938323E-1,-4.806394875E-1,-1.415170543E-2
3.255189418E2,-9.385143220E-2,-5.102636814E-1,-2.598992921E-2
3.255391068E2,-9.700365365E-2,-3.333159983E-1,2.509108186E-2
3.255592728E2,-2.905598879E-1,-8.354896307E-2,1.721524447E-1
3.255794388E2,-4.907790422E-1,4.441384226E-2,3.247339427E-1
3.255996038E2,-4.527793825E-1,-2.053939402E-1,4.246875942E-1
3.256197698E2,-1.000208631E-1,-7.461470962E-1,3.799496889E-1
3.256399348E2,3.499418497E-1,-1.007607341E0,1.977710873E-1
3.256601008E2,7.267570496E-1,-6.928350329E-1,4.685269296E-2
3.256802658E2,1.159155607E0,-7.049527019E-2,-8.427191526E-2
3.257004318E2,1.582847357E0,3.688343465E-1,-1.996407211E-1
3.257205978E2,1.857396483E0,5.159950852E-1,-3.131062388E-1
3.257407628E2,2.015792608E0,5.431396961E-1,-3.564622998E-1
3.257609288E2,2.015352964E0,5.101065040E-1,-3.299554288E-1
3.257810938E2,1.919690132E0,5.191841125E-1,-3.010586798E-1
3.258012598E2,1.893760443E0,6.538603902E-1,-2.771071792E-1
3.258214258E2,1.911317468E0,7.860143185E-1,-2.855108380E-1
3.258415908E2,1.837242246E0,6.783184409E-1,-3.734022379E-1
3.258617568E2,1.707778692E0,4.449312091E-1,-4.638682306E-1
3.258819218E2,1.643247247E0,3.540530801E-1,-5.110399127E-1
3.259020878E2,1.549411178E0,5.473768711E-1,-5.355793238E-1
3.259222538E2,1.412241578E0,8.835855126E-1,-5.284503102E-1
3.259424188E2,1.320747972E0,9.525122643E-1,-4.958810210E-1
3.259625848E2,1.081401110E0,6.793497205E-1,-4.852726161E-1
3.259827498E2,6.045434475E-1,4.293870628E-1,-5.148757100E-1
3.260029158E2,2.049560249E-1,5.572401881E-1,-5.378548503E-1
3.260230811E2,3.049399890E-2,8.885648251E-1,-4.970627129E-1
3.260432461E2,-2.571626939E-2,9.220148921E-1,-5.192046165E-1
3.260634121E2,-1.295485646E-1,7.341159582E-1,-5.819817185E-1
3.260835771E2,-1.475456804E-1,6.428665519E-1,-6.243949533E-1
3.261037431E2,-7.795081288E-2,7.110236287E-1,-5.949083567E-1
3.261239091E2,-9.127239883E-2,7.551058531E-1,-5.312888622E-1
3.261440741E2,-1.145730019E-1,6.681914926E-1,-5.177180171E-1
3.261642401E2,-9.983193129E-2,6.298798323E-1,-5.940568447E-1
3.261844051E2,1.599514112E-2,7.567937374E-1,-6.263459325E-1
3.262045711E2,-8.185778558E-2,8.120116591E-1,-5.051851869E-1
3.262247371E2,-4.411306977E-1,6.673159599E-1,-3.032934964E-1
3.262449021E2,-9.058597684E-1,3.429102004E-1,-1.732237935E-1
3.262650681E2,-1.337254763E0,1.567073464E-1,-2.053035349E-1
3.262852331E2,-1.580796123E0,1.231061518E-1,-1.617035121E-1
3.263053991E2,-1.570169926E0,6.342767179E-2,-8.399789780E-2
3.263255651E2,-1.378036499E0,1.060573310E-1,-9.628878534E-2
3.263457301E2,-1.052364945E0,2.342066765E-1,-1.604143679E-1
3.263658961E2,-7.288275957E-1,3.337010741E-1,-2.309339494E-1
3.263860611E2,-5.384403467E-1,2.428614646E-1,-2.309098542E-1
3.264062271E2,-5.217743516E-1,1.896870285E-1,-1.584356725E-1
3.264263931E2,-5.576006174E-1,2.013658285E-1,-2.759400941E-2
3.264465581E2,-5.832151175E-1,5.488708150E-3,2.062603235E-1
3.264667241E2,-5.661814809E-1,-3.528971970E-1,4.191323519E-1
3.264868891E2,-5.222243667E-1,-5.860823393E-1,5.162102580E-1
3.265070551E2,-4.280562997E-1,-9.108369350E-1,6.355903745E-1
3.265272211E2,-4.356410503E-1,-1.285114050E0,8.125693202E-1
3.265473861E2,-5.596324801E-1,-1.397690773E0,9.100865126E-1
3.265675521E2,-5.925191641E-1,-1.173939466E0,9.212150574E-1
3.265877181E2,-4.786520898E-1,-9.537093043E-1,9.317430258E-1
3.266078831E2,-3.119952977E-1,-8.780874610E-1,9.184754491E-1
3.266280491E2,-2.273910046E-1,-9.695072770E-1,9.477782249E-1
3.266482141E2,-3.160814643E-1,-9.194166660E-1,1.075987697E0
3.266683801E2,-4.413928390E-1,-8.100305200E-1,1.512805343E0
3.266885461E2,-3.550737798E-1,-9.222482443E-1,1.836332083E0
3.267087111E2,1.781889796E-1,-1.145976305E0,1.686977386E0
3.267288771E2,9.066129923E-1,-1.484247923E0,1.752612710E0
3.267490421E2,1.326526165E0,-2.118445158E0,1.915874720E0
3.267692081E2,1.677999377E0,-2.323138952E0,1.641027331E0
3.267893741E2,2.221246958E0,-2.274269342E0,1.269356012E0
3.268095391E2,2.607677221E0,-1.948693991E0,1.093611479E0
3.268297051E2,2.824227333E0,-1.733257890E0,1.175890446E0
3.268498701E2,3.029405355E0,-1.989762306E0,1.273441195E0
3.268700361E2,3.101728439E0,-2.514349699E0,1.168477654E0
3.268902021E2,3.079638720E0,-2.798119068E0,9.205462933E-1
3.269103671E2,2.749150276E0,-2.961338043E0,3.392932713E-1
3.269305331E2,2.653811216E0,-2.415945053E0,-2.730310895E-2
3.269506991E2,2.727218151E0,-2.096451998E0,1.225744337E-1
3.269708641E2,2.416785240E0,-2.246448755E0,8.604304492E-2
3.269910301E2,2.113115788E0,-2.082502604E0,-1.563803665E-2
3.270111951E2,1.652998328E0,-2.314303160E0,-3.740368187E-1
3.270313618E2,1.766662359E0,-2.004374504E0,-8.121479750E-1
3.270515278E2,1.772933841E0,-1.914918065E0,-1.119901776E0
3.270716928E2,1.673207521E0,-2.347180605E0,-1.092264056E0
3.270918588E2,1.498726606E0,-2.434537172E0,-1.118589759E0
3.271120237E2,1.232491732E0,-2.097118139E0,-1.429739237E0
3.271321898E2,1.171772480E0,-1.601734161E0,-1.619046450E0
3.271523558E2,1.370679498E0,-9.376962781E-1,-1.571161270E0
3.271725207E2,1.770425081E0,-4.906184375E-1,-1.463245034E0
3.271926868E2,1.942122340E0,-6.443551183E-1,-1.344764709E0
3.272128528E2,1.628800273E0,-9.007244706E-1,-1.235715389E0
3.272330177E2,1.115357399E0,-1.116644979E0,-1.287431836E0
3.272531837E2,8.179625869E-1,-8.611552119E-1,-1.375144839E0
3.272733487E2,8.877187371E-1,-3.869170547E-1,-1.342341661E0
3.272935147E2,1.145382404E0,-3.107868433E-1,-1.260527492E0
3.273136807E2,1.262140155E0,-3.866024315E-1,-1.139974833E0
3.273338458E2,1.091296315E0,-4.963002205E-1,-1.067740679E0
3.273540117E2,6.697185040E-1,-4.051424563E-1,-1.064441323E0
3.273741768E2,2.495304495E-1,-1.238733530E-1,-1.023144245E0
3.273943428E2,8.069313318E-2,-6.527094543E-2,-9.895961285E-1
3.274145087E2,1.091272682E-1,-2.373006195E-1,-8.577539325E-1
3.274346738E2,1.192241013E-1,-2.576292753E-1,-8.153050542E-1
3.274548398E2,-6.441531330E-2,-1.733034104E-1,-7.764299512E-1
3.274750058E2,-3.970335126E-1,-1.464023814E-2,-6.504016519E-1
3.274951708E2,-5.490621328E-1,-7.182075828E-2,-6.700689793E-1
3.275153368E2,-4.341526330E-1,-2.571820021E-1,-8.228693604E-1
3.275355018E2,-1.126700267E-1,-7.475945950E-1,-9.854754210E-1
3.275556678E2,6.974841654E-2,-9.485816360E-1,-1.010570765E0
3.275758338E2,-1.246339455E-1,-8.650900126E-1,-9.598598480E-1
3.275959988E2,-3.913550377E-1,-7.024689913E-1,-8.505802155E-1
3.276161648E2,-3.249177635E-1,-7.531699538E-1,-8.006838560E-1
3.276363308E2,-9.974946082E-2,-8.022856712E-1,-9.320032597E-1
3.276564958E2,-7.724449784E-2,-6.004922986E-1,-1.053007126E0
3.276766618E2,-3.650290668E-1,-2.723264694E-1,-1.158913136E0
3.276968268E2,-7.260946035E-1,4.498226196E-2,-1.271062732E0
3.277169928E2,-8.954899907E-1,4.169079065E-1,-1.427315950E0
3.277371588E2,-8.661437631E-1,7.653195858E-1,-1.536226630E0
3.277573238E2,-6.092523336E-1,8.258515596E-1,-1.584861636E0
3.277774898E2,-2.467697859E-1,4.932268560E-1,-1.654441595E0
3.277976558E2,-3.970386833E-2,1.787234098E-1,-1.675207973E0
3.278178208E2,-1.236381978E-1,2.850656398E-2,-1.586165667E0
3.278379868E2,-2.826829851E-1,2.354088239E-2,-1.363944411E0
3.278581528E2,-7.475525141E-2,1.206621807E-2,-1.160829306E0
3.278783178E2,2.520479858E-1,6.917119026E-2,-1.043636560E0
3.278984838E2,4.486640096E-1,2.351084203E-1,-9.649571776E-1
3.279186487E2,5.002973080E-1,2.452660352E-1,-8.171795607E-1
3.279388147E2,5.616672039E-1,1.427745521E-1,-7.320271134E-1
3.279589808E2,5.305308700E-1,-1.258643419E-1,-5.637010336E-1
3.279791457E2,3.205696344E-1,-3.562501669E-1,-2.792699933E-1
3.279993117E2,1.744882911E-1,-3.808872998E-1,-9.770393372E-2
3.280194778E2,3.433485031E-1,-1.860927343E-1,-9.374436736E-2
3.280396419E2,6.314594746E-1,3.369595855E-2,-7.014023513E-2
3.280598079E2,7.050020099E-1,1.544120312E-1,9.973484278E-2
3.280799739E2,5.097013116E-1,1.964976490E-1,2.696750164E-1
3.281001389E2,2.381988317E-1,7.054967433E-2,3.198674619E-1
3.281203049E2,-1.036077589E-1,-3.809564048E-3,2.873292267E-1
3.281404709E2,-2.685353756E-1,2.154748701E-2,2.161240280E-1
3.281606359E2,-1.634916961E-1,1.483663172E-1,2.806949019E-1
3.281808019E2,-4.977818578E-2,2.368972450E-1,3.981903493E-1
3.282009669E2,-1.191158891E-1,2.818728685E-1,4.644372761E-1
3.282211329E2,-1.333444566E-1,2.575047612E-1,4.943695068E-1
3.282412989E2,-5.831335112E-2,1.120735854E-1,5.688509345E-1
3.282614639E2,-1.438611895E-1,-3.271406293E-1,6.604526043E-1
3.282816299E2,-3.025260270E-1,-5.756163597E-1,7.643732429E-1
3.283017959E2,-2.760860622E-1,-4.627288580E-1,8.151396513E-1
3.283219609E2,-8.416705579E-2,-2.729220390E-1,8.325523734E-1
3.283421269E2,1.237706989E-1,-3.083139658E-2,8.138269782E-1
3.283622929E2,2.411794364E-1,1.371663809E-1,7.819894552E-1
3.283824579E2,3.216617703E-1,-1.135228015E-2,8.026649952E-1
3.284026239E2,3.914279640E-1,-1.206847653E-1,8.536301851E-1
3.284227899E2,4.033846855E-1,7.325340807E-2,8.569743037E-1
3.284429549E2,3.968614638E-1,4.278325140E-1,7.607150078E-1
3.284631209E2,4.709966779E-1,7.314525843E-1,5.983237028E-1
3.284832869E2,3.374584615E-1,8.525362611E-1,5.049287677E-1
3.285034519E2,-3.130135313E-2,7.552728057E-1,4.604884982E-1
3.285236179E2,-1.866729259E-1,4.541088045E-1,3.669066131E-1
3.285437839E2,2.680775523E-2,3.608367965E-2,1.971210241E-1
3.285639489E2,2.331784964E-1,-1.403612792E-1,5.856075510E-2
3.285841149E2,2.552269101E-1,1.077128723E-1,3.410815261E-3
3.286042809E2,9.807910025E-2,4.331927299E-1,6.095626578E-2
3.286244459E2,-3.981077299E-2,3.459401727E-1,7.578515261E-2
3.286446119E2,-7.793630008E-3,1.226168275E-1,7.035855949E-2
3.286647779E2,9.359779209E-2,8.251563646E-3,7.882672362E-4
3.286849429E2,5.980041251E-2,1.602763683E-2,-2.314835601E-2
3.287051089E2,-1.303771278E-3,3.757040575E-2,-6.120039895E-2
3.287252749E2,5.921319127E-2,-5.419050902E-2,-1.086530015E-1
3.287454399E2,9.532308578E-2,-1.483055949E-1,-1.412419677E-1
3.287656059E2,1.880269200E-1,-1.834558547E-1,-1.489717960E-1
3.287857719E2,3.560824096E-1,-1.098319888E-1,-1.289374977E-1
3.288059369E2,3.448431790E-1,-1.241889503E-2,-5.759727582E-2
3.288261029E2,1.899026781E-1,9.039793164E-2,-5.532999057E-4
3.288462689E2,6.259647012E-2,1.610935628E-1,2.762307785E-2
3.288664339E2,5.989381578E-3,1.929710209E-1,2.891366137E-3
3.288865999E2,-3.125639865E-3,2.280383557E-1,-4.443367198E-2
3.289067659E2,-8.105496317E-2,3.068024218E-1,-1.051167250E-1
3.289269309E2,-1.938668191E-1,4.557525516E-1,-6.486131251E-2
3.289470969E2,-1.794364750E-1,5.116547346E-1,2.898848429E-2
3.289672629E2,-8.809722960E-2,3.975528181E-1,-8.033834398E-3
3.289874289E2,-9.272155911E-2,2.038151622E-1,-1.691574901E-1
3.290075939E2,-1.798817664E-1,-8.088294417E-2,-2.401075661E-1
3.290277611E2,-1.721314192E-1,-1.952499300E-1,-2.826084197E-1
3.290479271E2,-4.160067812E-2,1.683496125E-2,-3.021855950E-1
3.290680921E2,1.342243254E-1,3.348515332E-1,-2.737419605E-1
3.290882581E2,3.243174851E-1,4.984630346E-1,-3.187371194E-1
3.291084241E2,3.849754930E-1,4.803966284E-1,-3.733449876E-1
3.291285891E2,-1.025025621E-1,2.918719947E-1,-2.959963977E-1
3.291487551E2,-1.689347327E-1,7.793124765E-2,-3.317505419E-1
3.291689211E2,-8.045141399E-2,6.009681895E-2,-3.727156818E-1