"Time (s)","X (µT)","Y (µT)","Z (µT)"
3.559508335E-2,-3.448919296E1,-2.569961929E1,-1.950685883E1
5.575808333E-2,-3.395463181E1,-2.554822540E1,-1.977429962E1
7.592108333E-2,-3.323488235E1,-2.519032669E1,-2.019420624E1
9.608408334E-2,-3.261499405E1,-2.478797531E1,-2.074542999E1
1.162470834E-1,-3.148163986E1,-2.417178726E1,-2.076503754E1
1.364100833E-1,-3.098365021E1,-2.376825333E1,-2.113274384E1
1.565740833E-1,-3.008377838E1,-2.334347916E1,-2.177106476E1
1.767370833E-1,-2.980371475E1,-2.309122849E1,-2.190238190E1
1.969000833E-1,-2.952556610E1,-2.293922806E1,-2.231359100E1
2.170630833E-1,-2.900308228E1,-2.300458908E1,-2.241442108E1
2.372260834E-1,-2.789763069E1,-2.180705070E1,-2.092021179E1
2.573890833E-1,-2.742769432E1,-2.156147575E1,-2.068731689E1
2.775520833E-1,-2.694607162E1,-2.120664024E1,-2.092617798E1
2.977160834E-1,-2.636693382E1,-2.097480583E1,-2.086067200E1
3.178790833E-1,-2.194800758E1,-2.023219872E1,-1.998305511E1
3.380420833E-1,-2.167617226E1,-2.002088737E1,-1.960514069E1
3.582050834E-1,-2.158787537E1,-1.964195442E1,-1.878524017E1
3.783680833E-1,-2.358575439E1,-1.886278343E1,-1.763935089E1
3.985310833E-1,-2.371576309E1,-1.851833534E1,-1.704354095E1
4.186940833E-1,-2.421974754E1,-1.788322258E1,-1.669369507E1
4.388580833E-1,-2.396511841E1,-1.733490562E1,-1.650514221E1
4.590210833E-1,-2.367625427E1,-1.683283806E1,-1.621777344E1
4.791840833E-1,-2.364107513E1,-1.622311211E1,-1.599536133E1
4.993470833E-1,-2.597079849E1,-1.419369888E1,-1.623588562E1
5.195100833E-1,-2.559865952E1,-1.310350037E1,-1.725263977E1
5.396730833E-1,-2.617007065E1,-1.252924538E1,-1.874526978E1
5.598360834E-1,-2.593983459E1,-1.197765541E1,-2.011316681E1
5.799990833E-1,-2.572047806E1,-1.154905510E1,-2.083037567E1
6.001630833E-1,-2.534397125E1,-1.088228416E1,-2.179088593E1
6.203260833E-1,-2.533914566E1,-1.055685234E1,-2.236551666E1
6.404890833E-1,-2.476923370E1,-1.061457825E1,-2.288697052E1
6.606520833E-1,-2.434604263E1,-1.013360977E1,-2.358116913E1
6.808150834E-1,-2.325879288E1,-9.777210236E0,-2.410562897E1
7.009780833E-1,-2.292272186E1,-9.472728729E0,-2.464820099E1
7.211410000E-1,-2.274003029E1,-9.564657211E0,-2.542026520E1
7.413050000E-1,-2.225986481E1,-9.429311752E0,-2.588336945E1
7.614680000E-1,-2.209429932E1,-9.288656235E0,-2.617771149E1
7.816310000E-1,-2.196576691E1,-9.356588364E0,-2.630838776E1
8.017940000E-1,-2.215061951E1,-9.892290115E0,-2.604599762E1
8.219570000E-1,-2.271040916E1,-1.091570473E1,-2.540305328E1
8.421200000E-1,-2.307434082E1,-1.257816505E1,-2.481568909E1
8.622830000E-1,-2.351637650E1,-1.428819084E1,-2.365862274E1
8.824470000E-1,-2.424423027E1,-1.607785034E1,-2.209181976E1
9.026100000E-1,-2.648821640E1,-1.803308296E1,-1.870292664E1
9.227730000E-1,-2.727649307E1,-1.937590981E1,-1.673162079E1
9.429360000E-1,-2.712522125E1,-2.036378670E1,-1.469588470E1
9.630990000E-1,-2.721556473E1,-2.150159454E1,-1.309004211E1
9.832620000E-1,-2.722927475E1,-2.255902863E1,-1.166696167E1
1.003425000E0,-2.696344566E1,-2.366304016E1,-1.020345306E1
1.023588000E0,-2.700432396E1,-2.442457581E1,-8.917701721E0
1.043752000E0,-2.702138901E1,-2.500769615E1,-7.535911560E0
1.063915000E0,-2.681024170E1,-2.565222740E1,-6.682121277E0
1.084078000E0,-2.650197220E1,-2.643614197E1,-6.576309204E0
1.104241000E0,-2.605971909E1,-2.683591080E1,-6.402610779E0
1.124404000E0,-2.551065826E1,-2.719809723E1,-6.770011902E0
1.144567000E0,-2.501940536E1,-2.750003052E1,-7.380119324E0
1.164730000E0,-2.467514420E1,-2.764128494E1,-8.093521118E0
1.184894000E0,-2.387826729E1,-2.802796173E1,-9.504989624E0
1.205057000E0,-2.314563370E1,-2.784622383E1,-1.139949036E1
1.225220000E0,-2.288213348E1,-2.715301323E1,-1.377299500E1
1.245383000E0,-2.250696182E1,-2.644248581E1,-1.643332672E1
1.265546000E0,-2.174331474E1,-2.526099014E1,-1.964162445E1
1.285709000E0,-2.048624039E1,-2.373519325E1,-2.260935974E1
1.305872000E0,-1.906652069E1,-2.238889503E1,-2.496357727E1
1.326036000E0,-1.776213455E1,-2.015772057E1,-2.773280334E1
1.346199000E0,-1.695794868E1,-1.706058311E1,-2.992856598E1
1.366362000E0,-1.625137329E1,-1.441100693E1,-3.167572784E1
1.386525000E0,-1.620413780E1,-1.221976280E1,-3.247679138E1
1.406688000E0,-1.674719810E1,-1.051155663E1,-3.293437195E1
1.426851000E0,-1.733667374E1,-9.323867798E0,-3.294878387E1
1.447014000E0,-1.782747650E1,-8.919300079E0,-3.286536407E1
1.467178000E0,-1.810723877E1,-9.577405930E0,-3.246213531E1
1.487341000E0,-1.808072662E1,-1.095420456E1,-3.234608459E1
1.507504000E0,-1.807158089E1,-1.249008369E1,-3.193032074E1
1.527667000E0,-1.824637985E1,-1.401110458E1,-3.095673370E1
1.547830000E0,-1.900259781E1,-1.568476677E1,-3.010086823E1
1.567993000E0,-2.015199089E1,-1.764025879E1,-2.862286377E1
1.588157000E0,-2.161544037E1,-1.966850090E1,-2.672034454E1
1.608320000E0,-2.291488647E1,-2.169902039E1,-2.428826141E1
1.628483000E0,-2.466297150E1,-2.339562035E1,-2.123744202E1
1.648646000E0,-2.572052002E1,-2.491072083E1,-1.835784149E1
1.668809000E0,-2.687031937E1,-2.631475830E1,-1.504327393E1
1.688972000E0,-2.723844337E1,-2.785530090E1,-1.092713928E1
1.709135000E0,-2.744387436E1,-2.851879311E1,-8.711357117E0
1.729299250E0,-2.752856445E1,-2.915026474E1,-7.129562378E0
1.749462250E0,-2.750072479E1,-2.949287796E1,-6.132659912E0
1.769625250E0,-2.715205574E1,-2.999929810E1,-5.550712585E0
1.789788250E0,-2.700525665E1,-3.002964783E1,-5.243438721E0
1.809951250E0,-2.677878380E1,-3.012948608E1,-5.287506104E0
1.830114250E0,-2.650570679E1,-3.033393860E1,-5.788497925E0
1.850277250E0,-2.653436089E1,-3.007590103E1,-6.456726074E0
1.870441250E0,-2.642635345E1,-3.004717445E1,-7.772018433E0
1.890604250E0,-2.610131454E1,-2.973612785E1,-8.571166992E0
1.910767250E0,-2.575024796E1,-2.973854828E1,-1.003723907E1
1.930930250E0,-2.560253143E1,-2.937384605E1,-1.166816711E1
1.951093250E0,-2.543195343E1,-2.899540901E1,-1.397926331E1
1.971256250E0,-2.486078262E1,-2.837782478E1,-1.608365631E1
1.991420250E0,-2.424422073E1,-2.738143349E1,-1.890129852E1
2.011583250E0,-2.340643883E1,-2.593992043E1,-2.171231079E1
2.031746250E0,-2.218877029E1,-2.421695900E1,-2.410366821E1
2.051909250E0,-2.124792099E1,-2.247535706E1,-2.651290894E1
2.072072250E0,-2.063179970E1,-2.020765305E1,-2.834304047E1
2.092235250E0,-2.065413284E1,-1.781322861E1,-2.978696442E1
2.112398250E0,-2.057954788E1,-1.570535851E1,-3.084390259E1
2.132562250E0,-2.049941254E1,-1.406163025E1,-3.120897675E1
2.152725250E0,-2.054707909E1,-1.271910477E1,-3.196623993E1
2.172888250E0,-2.079884720E1,-1.185723877E1,-3.210680389E1
2.193051250E0,-2.119071579E1,-1.165805054E1,-3.180648041E1
2.213214250E0,-2.166686249E1,-1.184787750E1,-3.119304657E1
2.233377250E0,-2.198105240E1,-1.275331306E1,-3.100198364E1
2.253541250E0,-2.213531113E1,-1.384778023E1,-3.066189575E1
2.273704250E0,-2.262471199E1,-1.524856186E1,-3.009068298E1
2.293867250E0,-2.286196136E1,-1.649179459E1,-2.927014160E1
2.314030250E0,-2.347684097E1,-1.790105438E1,-2.818601227E1
2.334193250E0,-2.399317169E1,-1.920384789E1,-2.699678802E1
2.354356250E0,-2.443288040E1,-2.096447945E1,-2.560630035E1
2.374520250E0,-2.528737640E1,-2.254362679E1,-2.376330566E1
2.394683250E0,-2.612766075E1,-2.388373566E1,-2.194482422E1
2.414846250E0,-2.702233124E1,-2.520067406E1,-1.947232056E1
2.435009250E0,-2.797344398E1,-2.629691124E1,-1.690009308E1
2.455172250E0,-2.829454613E1,-2.747093582E1,-1.465361786E1
2.475335250E0,-2.863410950E1,-2.897589493E1,-1.179673767E1
2.495499250E0,-2.858785248E1,-2.948087502E1,-1.019772339E1
2.515662250E0,-2.849907494E1,-2.980443192E1,-9.144996643E0
2.535825250E0,-2.829799652E1,-3.029264832E1,-8.248001099E0
2.555988250E0,-2.803720856E1,-3.068552399E1,-7.572151184E0
2.576151250E0,-2.774775314E1,-3.097764206E1,-7.013458252E0
2.596314250E0,-2.751322174E1,-3.120293427E1,-7.338478088E0
2.616477250E0,-2.703980446E1,-3.148765182E1,-7.638916016E0
2.636641250E0,-2.659085464E1,-3.146404266E1,-8.651397705E0
2.656804250E0,-2.606399918E1,-3.143270111E1,-1.026864624E1
2.676967250E0,-2.566841888E1,-3.118147469E1,-1.209146881E1
2.697130250E0,-2.528610229E1,-3.030806160E1,-1.435058594E1
2.717293458E0,-2.451072311E1,-2.968255997E1,-1.718308258E1
2.737457458E0,-2.331582642E1,-2.906330681E1,-1.973493195E1
2.757620458E0,-2.248092270E1,-2.808248329E1,-2.192272186E1
2.777783458E0,-2.205528259E1,-2.703046227E1,-2.384538269E1
2.797946458E0,-2.156270218E1,-2.578040123E1,-2.529626465E1
2.818109458E0,-2.105313492E1,-2.445837402E1,-2.694065094E1
2.838272458E0,-2.070648003E1,-2.293815613E1,-2.856847382E1
2.858436458E0,-2.039250183E1,-2.158395767E1,-2.983474731E1
2.878599458E0,-2.024252892E1,-1.982526779E1,-3.061412048E1
2.898762458E0,-2.010679245E1,-1.867523956E1,-3.162351990E1
2.918925458E0,-1.988885117E1,-1.732732010E1,-3.264128113E1
2.939088458E0,-1.976360893E1,-1.636429596E1,-3.313168335E1
2.959251458E0,-1.953330994E1,-1.557336807E1,-3.350509644E1
2.979415458E0,-1.971736526E1,-1.497125053E1,-3.375024414E1
2.999578458E0,-2.018959427E1,-1.454311180E1,-3.390863037E1
3.019741458E0,-2.095916939E1,-1.453199959E1,-3.361207581E1
3.039904458E0,-2.158291626E1,-1.483509827E1,-3.336462402E1
3.060067458E0,-2.207911301E1,-1.525547791E1,-3.275370789E1
3.080230458E0,-2.268795967E1,-1.622807884E1,-3.177923584E1
3.100394458E0,-2.340001488E1,-1.737465858E1,-3.051049805E1
3.120557458E0,-2.447998428E1,-1.876244736E1,-2.908174896E1
3.140720458E0,-2.537078857E1,-2.059742928E1,-2.698552704E1
3.160883458E0,-2.601382065E1,-2.249158478E1,-2.517871857E1
3.181046458E0,-2.653011322E1,-2.440334702E1,-2.286057281E1
3.201210458E0,-2.677363205E1,-2.616520882E1,-2.032171631E1
3.221373458E0,-2.689669228E1,-2.794830322E1,-1.768856812E1
3.241536458E0,-2.714081192E1,-2.951939774E1,-1.471795654E1
3.261699458E0,-2.716358566E1,-3.092756081E1,-1.033055115E1
3.281862458E0,-2.723403549E1,-3.169556808E1,-7.817741394E0
3.302025458E0,-2.704886627E1,-3.226879883E1,-6.131645203E0
3.322189458E0,-2.678709030E1,-3.274868774E1,-3.746482849E0
3.342352458E0,-2.622391510E1,-3.333728027E1,-1.876869202E0
3.362515458E0,-2.588440704E1,-3.381655884E1,-2.847671509E-1
3.382678458E0,-2.532222939E1,-3.426649094E1,4.556579590E-1
3.402841458E0,-2.515548325E1,-3.413860703E1,-9.068145752E-1
3.423005458E0,-2.496696472E1,-3.399816132E1,-3.354019165E0
3.443168458E0,-2.498324203E1,-3.352246094E1,-5.581146240E0
3.463331458E0,-2.462494659E1,-3.357165527E1,-7.290908813E0
3.483494458E0,-2.452396011E1,-3.309496689E1,-9.616722107E0
3.503657458E0,-2.460435104E1,-3.198225212E1,-1.304074097E1
3.523820458E0,-2.438048172E1,-3.052587891E1,-1.663112640E1
3.543984458E0,-2.375988770E1,-2.853103828E1,-2.028594971E1
3.564147458E0,-2.361531448E1,-2.620956802E1,-2.326836395E1
3.584310458E0,-2.363071823E1,-2.411948204E1,-2.546782684E1
3.604473458E0,-2.356954002E1,-2.194817162E1,-2.683202362E1
3.624636458E0,-2.337522507E1,-2.009515953E1,-2.835005188E1
3.644800458E0,-2.321012115E1,-1.833252144E1,-2.955216217E1
3.664963458E0,-2.283349228E1,-1.671023750E1,-3.041650391E1
3.685126458E0,-2.286813927E1,-1.556287384E1,-3.118151093E1
3.705289458E0,-2.274695206E1,-1.501950836E1,-3.171445465E1
3.725452333E0,-2.287023163E1,-1.501020622E1,-3.138539886E1
3.745615333E0,-2.309838486E1,-1.503639793E1,-3.129927826E1
3.765779333E0,-2.340213013E1,-1.537058449E1,-3.066886139E1
3.785942333E0,-2.365136909E1,-1.630033493E1,-3.015334320E1
3.806105333E0,-2.388262367E1,-1.719863510E1,-2.957369232E1
3.826268333E0,-2.406305885E1,-1.820714760E1,-2.840789032E1
3.846431333E0,-2.471978378E1,-1.930008507E1,-2.742085266E1
3.866595333E0,-2.552542877E1,-2.014631844E1,-2.617851257E1
3.886758333E0,-2.651290321E1,-2.078614998E1,-2.520982361E1
3.906921333E0,-2.692031670E1,-2.109223747E1,-2.456895447E1
3.927084333E0,-2.730494881E1,-2.093132591E1,-2.473947144E1
3.947247333E0,-2.760311508E1,-2.118539238E1,-2.441046143E1
3.967411333E0,-2.848612595E1,-2.221626663E1,-2.253084564E1
3.987574333E0,-2.916326904E1,-2.369560623E1,-2.011676788E1
4.007737333E0,-2.937082481E1,-2.527418137E1,-1.779167175E1
4.027900333E0,-2.901004028E1,-2.684088516E1,-1.557159424E1
4.048063333E0,-2.838681793E1,-2.816275978E1,-1.392471313E1
4.068227333E0,-2.723278236E1,-2.981061935E1,-1.152343750E1
4.088390333E0,-2.675573349E1,-3.035127449E1,-1.042591095E1
4.108553333E0,-2.672137070E1,-3.049334145E1,-9.958923340E0
4.128716333E0,-2.658423233E1,-3.072710228E1,-9.674774170E0
4.148879333E0,-2.680582047E1,-3.063229179E1,-9.849227905E0
4.169042333E0,-2.670951080E1,-3.066296959E1,-9.903594971E0
4.189206333E0,-2.697048759E1,-3.047983742E1,-1.024824524E1
4.209369333E0,-2.705113602E1,-3.024996376E1,-1.032826996E1
4.229532333E0,-2.702213669E1,-2.999193001E1,-1.126891327E1
4.249695333E0,-2.714992523E1,-2.970850754E1,-1.197232056E1
4.269858333E0,-2.719109726E1,-2.947673416E1,-1.316563416E1
4.290022333E0,-2.697836685E1,-2.935118103E1,-1.416662598E1
4.310185333E0,-2.656129456E1,-2.930637360E1,-1.509300232E1
4.330348333E0,-2.624882889E1,-2.889587975E1,-1.616663361E1
4.350511333E0,-2.619013596E1,-2.777436256E1,-1.783983612E1
4.370674333E0,-2.569984055E1,-2.582982635E1,-2.123471069E1
4.390838333E0,-2.435337067E1,-2.363530159E1,-2.446038055E1
4.411001333E0,-2.195611572E1,-2.158464622E1,-2.774035645E1
4.431164333E0,-2.073040962E1,-1.921566582E1,-3.036717987E1
4.451327333E0,-2.044299316E1,-1.700481224E1,-3.182889557E1
4.471490333E0,-2.090390587E1,-1.502655792E1,-3.262446594E1
4.491654333E0,-2.137458801E1,-1.346232033E1,-3.314093018E1
4.511817333E0,-2.150085068E1,-1.212278366E1,-3.318440247E1
4.531980333E0,-2.172987747E1,-1.118588257E1,-3.346585083E1
4.552143333E0,-2.213845634E1,-1.102361298E1,-3.341544342E1
4.572306333E0,-2.263623810E1,-1.125246048E1,-3.330796051E1
4.592470333E0,-2.290036201E1,-1.198529434E1,-3.262928009E1
4.612633333E0,-2.253133774E1,-1.315899086E1,-3.228607941E1
4.632796333E0,-2.244097900E1,-1.438519478E1,-3.208922577E1
4.652959333E0,-2.265929794E1,-1.545135498E1,-3.153646851E1
4.673122333E0,-2.295006943E1,-1.678417778E1,-3.062794495E1
4.693286333E0,-2.378759003E1,-1.824780464E1,-2.930097961E1
4.713449333E0,-2.514031029E1,-1.964919472E1,-2.755411530E1
4.733613000E0,-2.657113647E1,-2.121260834E1,-2.489511108E1
4.753776000E0,-2.795292664E1,-2.311504936E1,-2.185958099E1
4.773939000E0,-2.927667046E1,-2.473260117E1,-1.815096283E1
4.794103000E0,-3.016144943E1,-2.610382271E1,-1.475955963E1
4.814266000E0,-3.063531876E1,-2.709617233E1,-1.114987946E1
4.834429000E0,-3.060744858E1,-2.771184158E1,-8.473197937E0
4.854592000E0,-3.075554657E1,-2.836993027E1,-4.592933655E0
4.874756000E0,-3.041633224E1,-2.894077873E1,-2.020088196E0
4.894919000E0,-3.012702751E1,-2.951974678E1,-2.705841064E-1
4.915082000E0,-2.994539642E1,-2.974673271E1,8.843231201E-2
4.935245000E0,-3.011374664E1,-2.966948509E1,-9.189529419E-1
4.955408000E0,-3.050856400E1,-2.912071419E1,-3.679733276E0
4.975572000E0,-3.068672943E1,-2.829593468E1,-7.190231323E0
4.995735000E0,-3.044384384E1,-2.773999023E1,-1.031423950E1
5.015898000E0,-2.983179855E1,-2.753271675E1,-1.327832031E1
5.036061000E0,-2.896372223E1,-2.712903214E1,-1.656559753E1
5.056224000E0,-2.783736229E1,-2.630343246E1,-1.980276489E1
5.076388000E0,-2.659862137E1,-2.481097031E1,-2.286033630E1
5.096551000E0,-2.543201828E1,-2.294552040E1,-2.492431641E1
5.116714000E0,-2.470952988E1,-2.111092377E1,-2.734296417E1
5.136877000E0,-2.380646896E1,-1.889515686E1,-2.918985748E1
5.157041000E0,-2.339608765E1,-1.645307541E1,-3.111058044E1
5.177204000E0,-2.310377502E1,-1.426772499E1,-3.223965454E1
5.197367000E0,-2.360946655E1,-1.223274040E1,-3.262020111E1
5.217530000E0,-2.412008667E1,-1.120585823E1,-3.266015625E1
5.237693000E0,-2.458016396E1,-1.030315971E1,-3.255751038E1
5.257857000E0,-2.478589630E1,-9.705411911E0,-3.272333527E1
5.278020000E0,-2.468017960E1,-9.351652145E0,-3.277472687E1
5.298183000E0,-2.436374092E1,-9.554019928E0,-3.258907318E1
5.318346000E0,-2.431401825E1,-1.024400139E1,-3.254528046E1
5.338509000E0,-2.425752258E1,-1.134014320E1,-3.231276703E1
5.358673000E0,-2.441392899E1,-1.254980278E1,-3.170110321E1
5.378836000E0,-2.485922432E1,-1.413960457E1,-3.082585144E1
5.398999000E0,-2.557581139E1,-1.563853645E1,-2.930952454E1
5.419162000E0,-2.637908936E1,-1.738363647E1,-2.778996277E1
5.439326000E0,-2.659310913E1,-1.878820992E1,-2.656549072E1
5.459489000E0,-2.693888474E1,-2.036075211E1,-2.549720001E1
5.479652000E0,-2.729692650E1,-2.167104721E1,-2.397109985E1
5.499815000E0,-2.783254623E1,-2.323514366E1,-2.228826904E1
5.519978000E0,-2.894570160E1,-2.449596596E1,-2.015251160E1
5.540142000E0,-2.963702011E1,-2.591931725E1,-1.742606354E1
5.560305000E0,-3.034424973E1,-2.678962135E1,-1.447688293E1
5.580468000E0,-3.040444565E1,-2.731192970E1,-1.237355042E1
5.600631000E0,-3.056774521E1,-2.765567589E1,-1.127013397E1
5.620795000E0,-3.046979141E1,-2.797984314E1,-1.017016602E1
5.640958000E0,-3.022546005E1,-2.853995514E1,-8.967964172E0
5.661121000E0,-2.997959137E1,-2.886395645E1,-8.085639954E0
5.681284000E0,-2.988053894E1,-2.933034515E1,-7.838684082E0
5.701447000E0,-2.964116287E1,-2.946398163E1,-7.731170654E0
5.721610375E0,-2.939613342E1,-2.957466125E1,-8.127426147E0
5.741773375E0,-2.925235558E1,-2.958296967E1,-8.818008423E0
5.761936375E0,-2.955722809E1,-2.929135132E1,-1.001876831E1
5.782099375E0,-2.967005348E1,-2.910626221E1,-1.136187744E1
5.802263375E0,-2.966073990E1,-2.878029251E1,-1.286075592E1
5.822426375E0,-2.973204041E1,-2.820407486E1,-1.434506989E1
5.842589375E0,-2.973728561E1,-2.740804863E1,-1.592708588E1
5.862752375E0,-2.962871361E1,-2.643996048E1,-1.741922760E1
5.882915375E0,-2.941242409E1,-2.600530624E1,-1.880275726E1
5.903079375E0,-2.936004257E1,-2.501923180E1,-1.987635040E1
5.923242375E0,-2.931890106E1,-2.312032509E1,-2.204811859E1
5.943405375E0,-2.936171722E1,-2.070388412E1,-2.430059052E1
5.963568375E0,-2.924959373E1,-1.803720284E1,-2.592566681E1
5.983732375E0,-2.968654633E1,-1.592434311E1,-2.712171936E1
6.003895375E0,-2.995253944E1,-1.370135117E1,-2.771259308E1
6.024058375E0,-3.038715935E1,-1.210514450E1,-2.820325470E1
6.044221375E0,-3.054312515E1,-1.116620255E1,-2.834486389E1
6.064384375E0,-3.028990936E1,-1.107332230E1,-2.862850952E1
6.084548375E0,-2.999619293E1,-1.146076202E1,-2.889099121E1
6.104711375E0,-2.998151588E1,-1.211210251E1,-2.889942932E1
6.124874375E0,-2.995312119E1,-1.276191330E1,-2.868708801E1
6.145037375E0,-3.045886040E1,-1.351038742E1,-2.840689087E1
6.165201375E0,-3.088322067E1,-1.439622879E1,-2.740402222E1
6.185364375E0,-3.131629944E1,-1.573211098E1,-2.622454071E1
6.205527375E0,-3.211135864E1,-1.698235321E1,-2.466625977E1
6.225690375E0,-3.294198608E1,-1.829559708E1,-2.263359070E1
6.245854375E0,-3.365895081E1,-1.970363045E1,-2.050691223E1
6.266017375E0,-3.391573334E1,-2.078114128E1,-1.866278076E1
6.286180375E0,-3.421718979E1,-2.204776001E1,-1.674343109E1
6.306343375E0,-3.441092300E1,-2.332052040E1,-1.501799774E1
6.326506375E0,-3.438504791E1,-2.409947395E1,-1.345722961E1
6.346670375E0,-3.421601105E1,-2.492735100E1,-1.221925354E1
6.366833375E0,-3.400045776E1,-2.560670471E1,-1.130210114E1
6.386996375E0,-3.343597794E1,-2.630847931E1,-1.023670959E1
6.407159375E0,-3.310438919E1,-2.721094513E1,-9.640113831E0
6.427323375E0,-3.251656723E1,-2.789637375E1,-8.529769897E0
6.447486375E0,-3.255656433E1,-2.823454666E1,-8.713623047E0
6.467649375E0,-3.247774506E1,-2.825916672E1,-9.702438354E0
6.487812375E0,-3.229646301E1,-2.771813583E1,-1.172273254E1
6.507976375E0,-3.191088104E1,-2.691393089E1,-1.455202484E1
6.528139375E0,-3.102519035E1,-2.548847008E1,-1.804557037E1
6.548302375E0,-3.053149033E1,-2.427583694E1,-2.072641754E1
6.568465375E0,-2.967609596E1,-2.314439392E1,-2.319290924E1
6.588629375E0,-2.843850708E1,-2.165346146E1,-2.576070404E1
6.608792375E0,-2.729449463E1,-1.992661095E1,-2.805528259E1
6.628955375E0,-2.634991455E1,-1.783037376E1,-3.007363892E1
6.649118375E0,-2.586274719E1,-1.564628983E1,-3.138663483E1
6.669282375E0,-2.594592285E1,-1.345555115E1,-3.253840637E1
6.689445375E0,-2.592246628E1,-1.217271042E1,-3.322618103E1
6.709608375E0,-2.546128464E1,-1.110423279E1,-3.356252289E1
6.729771000E0,-2.496333694E1,-1.068552971E1,-3.394435883E1
6.749934000E0,-2.495671272E1,-1.025877762E1,-3.429627991E1
6.770098000E0,-2.524419785E1,-1.042109680E1,-3.401174927E1
6.790261000E0,-2.551174927E1,-1.090515518E1,-3.386465454E1
6.810424000E0,-2.572565079E1,-1.181585121E1,-3.344824219E1
6.830587000E0,-2.632568359E1,-1.270990944E1,-3.271984100E1
6.850751000E0,-2.708173180E1,-1.383676529E1,-3.172847748E1
6.870914000E0,-2.845445824E1,-1.509363174E1,-2.996308899E1
6.891077000E0,-2.945400238E1,-1.671631432E1,-2.844413757E1
6.911240000E0,-3.043733597E1,-1.846455956E1,-2.695683289E1
6.931404000E0,-3.132471466E1,-2.016539001E1,-2.456207275E1
6.951567000E0,-3.222786713E1,-2.172938728E1,-2.194908905E1
6.971730000E0,-3.318392944E1,-2.304275322E1,-1.967260742E1
6.991893000E0,-3.390034103E1,-2.387954140E1,-1.731197357E1
7.012057000E0,-3.428460693E1,-2.464304161E1,-1.510501862E1
7.032220000E0,-3.457109070E1,-2.515137863E1,-1.345176697E1
7.052383000E0,-3.461631775E1,-2.530387878E1,-1.220597839E1
7.072547000E0,-3.464233017E1,-2.573328018E1,-1.170641327E1
7.092710000E0,-3.447807312E1,-2.609830475E1,-1.127439117E1
7.112873000E0,-3.401321030E1,-2.688043213E1,-1.071251678E1
7.133036000E0,-3.342527008E1,-2.771441269E1,-1.025562286E1
7.153200000E0,-3.269052505E1,-2.843001938E1,-1.004312134E1
7.173363000E0,-3.219960785E1,-2.892366219E1,-1.019206238E1
7.193526000E0,-3.188264275E1,-2.936337852E1,-1.042604065E1
7.213689000E0,-3.162869072E1,-2.925356865E1,-1.146443176E1
7.233853000E0,-3.110626411E1,-2.921482277E1,-1.322126007E1
7.254016000E0,-3.080624771E1,-2.902257538E1,-1.435226440E1
7.274179000E0,-3.033044624E1,-2.877608109E1,-1.572346497E1
7.294342000E0,-3.011081314E1,-2.852471542E1,-1.693676758E1
7.314506000E0,-2.980710220E1,-2.810274506E1,-1.830401611E1
7.334669000E0,-2.981719589E1,-2.733399391E1,-1.972523499E1
7.354832000E0,-2.978123474E1,-2.629616737E1,-2.083542633E1
7.374995000E0,-2.971565628E1,-2.510000801E1,-2.231034088E1
7.395159000E0,-2.938907814E1,-2.358887291E1,-2.421684265E1
7.415322000E0,-2.881209183E1,-2.233869171E1,-2.591184235E1
7.435485000E0,-2.792885971E1,-2.159197426E1,-2.742635345E1
7.455649000E0,-2.743145370E1,-2.079118538E1,-2.825267792E1
7.475812000E0,-2.759530258E1,-2.012389183E1,-2.831507874E1
7.495975000E0,-2.758656311E1,-2.009610176E1,-2.834629822E1
7.516138000E0,-2.688137817E1,-2.020600510E1,-2.913204956E1
7.536302000E0,-2.605702209E1,-2.064259338E1,-2.968777466E1
7.556465000E0,-2.586413574E1,-2.173492622E1,-2.949134827E1
7.576628000E0,-2.637365532E1,-2.280485344E1,-2.818431091E1
7.596792000E0,-2.753662872E1,-2.390766716E1,-2.646697998E1
7.616955000E0,-2.838106346E1,-2.483404160E1,-2.474240112E1
7.637118000E0,-2.893184662E1,-2.564692116E1,-2.321756744E1
7.657281000E0,-2.969615555E1,-2.651962662E1,-2.136222076E1
7.677445000E0,-3.036759567E1,-2.707726097E1,-1.949465942E1
7.697608000E0,-3.082292938E1,-2.769886971E1,-1.782247162E1
7.717771000E0,-3.127256775E1,-2.825887680E1,-1.637267303E1
7.737935708E0,-3.156287193E1,-2.878046036E1,-1.501897430E1
7.758098708E0,-3.167309952E1,-2.919578171E1,-1.384464264E1
7.778261708E0,-3.166459465E1,-2.960838890E1,-1.300611115E1
7.798425708E0,-3.194993782E1,-2.983443451E1,-1.198033142E1
7.818588708E0,-3.220814514E1,-2.994510841E1,-1.122795105E1
7.838751708E0,-3.270896912E1,-2.972047806E1,-1.064626312E1
7.858915708E0,-3.310040283E1,-2.938283157E1,-1.022678375E1
7.879078708E0,-3.352973557E1,-2.906352806E1,-9.734848022E0
7.899241708E0,-3.389463043E1,-2.844562340E1,-9.839134216E0
7.919405708E0,-3.414151001E1,-2.806879807E1,-1.030783081E1
7.939568708E0,-3.431009674E1,-2.751570511E1,-1.111311340E1
7.959731708E0,-3.459375763E1,-2.689474869E1,-1.205663300E1
7.979894708E0,-3.446039581E1,-2.577606964E1,-1.422097778E1
8.000058708E0,-3.446353149E1,-2.460854530E1,-1.640308380E1
8.020221708E0,-3.466624069E1,-2.183317947E1,-1.966495514E1
8.040384708E0,-3.433659363E1,-1.942099762E1,-2.226242065E1
8.060548708E0,-3.376873016E1,-1.681874275E1,-2.469882202E1
8.080711708E0,-3.308282852E1,-1.398798561E1,-2.710757446E1
8.100874708E0,-3.245341492E1,-1.145500946E1,-2.902864838E1
8.121038708E0,-3.162971497E1,-9.482831955E0,-3.028948975E1
8.141201708E0,-3.124889374E1,-7.347024918E0,-3.106567383E1
8.161364708E0,-3.081370163E1,-5.561088562E0,-3.194017792E1
8.181528708E0,-3.068048859E1,-4.075407028E0,-3.214845276E1
8.201691708E0,-3.061411285E1,-2.914585114E0,-3.223961639E1
8.221854708E0,-3.056776810E1,-2.161087036E0,-3.210280609E1
8.242018708E0,-3.098909760E1,-1.450853348E0,-3.189799500E1
8.262181708E0,-3.145813179E1,-1.156652451E0,-3.167381287E1
8.282344708E0,-3.171655655E1,-1.036128998E0,-3.140086365E1
8.302508708E0,-3.205404282E1,-1.017175674E0,-3.145265198E1
8.322671708E0,-3.200798416E1,-1.475385666E0,-3.110066223E1
8.342834708E0,-3.254406357E1,-2.288393021E0,-3.052496338E1
8.362998708E0,-3.322487640E1,-3.321462631E0,-3.003578949E1
8.383161708E0,-3.357647705E1,-4.239566803E0,-2.950161743E1
8.403324708E0,-3.402098846E1,-5.121847153E0,-2.895470428E1
8.423488708E0,-3.443166351E1,-6.698764801E0,-2.856314850E1
8.443651708E0,-3.508992767E1,-8.196289062E0,-2.732147980E1
8.463815708E0,-3.578100967E1,-9.027437210E0,-2.602721405E1
8.483978708E0,-3.690622711E1,-9.016122818E0,-2.485202026E1
8.504141708E0,-3.754615021E1,-9.535198212E0,-2.385240936E1
8.524305708E0,-3.805294800E1,-9.915410995E0,-2.304636383E1
8.544468708E0,-3.864210892E1,-1.068670654E1,-2.198799133E1
8.564631708E0,-3.924585342E1,-1.139482117E1,-2.077345276E1
8.584795708E0,-3.980034637E1,-1.206779671E1,-1.972536469E1
8.604958708E0,-3.999256134E1,-1.295708466E1,-1.845253754E1
8.625121708E0,-4.018905640E1,-1.365312576E1,-1.763972473E1
8.645285708E0,-4.011134338E1,-1.394848061E1,-1.691326141E1
8.665448708E0,-4.013786316E1,-1.409798241E1,-1.659914398E1
8.685612708E0,-4.014219666E1,-1.446560097E1,-1.642959595E1
8.705775708E0,-4.016468048E1,-1.452736092E1,-1.637884521E1
8.725939708E0,-4.027259445E1,-1.477736473E1,-1.652123260E1
8.746103708E0,-3.996812820E1,-1.457270622E1,-1.688098907E1
8.766266708E0,-3.967297745E1,-1.440790749E1,-1.746619415E1
8.786429708E0,-3.949016571E1,-1.421653557E1,-1.844184113E1
8.806593708E0,-3.908626938E1,-1.372606468E1,-1.963216400E1
8.826756708E0,-3.818265152E1,-1.248148918E1,-2.193444061E1
8.846920708E0,-3.742654419E1,-1.104344749E1,-2.411595917E1
8.867083708E0,-3.646123123E1,-8.711559296E0,-2.625444031E1
8.887246708E0,-3.559991074E1,-6.002218246E0,-2.861062622E1
8.907410708E0,-3.475781250E1,-2.597249985E0,-3.003915405E1
8.927573708E0,-3.382040405E1,1.201919556E0,-3.113354492E1
8.947736708E0,-3.283813477E1,4.768111229E0,-3.149674988E1
8.967900708E0,-3.202990341E1,8.136440277E0,-3.140003204E1
8.988063708E0,-3.130839920E1,1.080047131E1,-3.110488892E1
9.008227708E0,-3.059214020E1,1.304535389E1,-3.105553436E1
9.028390708E0,-3.013498688E1,1.417968750E1,-3.084013367E1
9.048553708E0,-3.004791641E1,1.449381065E1,-3.094966125E1
9.068717708E0,-3.016995621E1,1.442070389E1,-3.093800354E1
9.088880708E0,-3.020615387E1,1.406536102E1,-3.140174866E1
9.109043708E0,-3.031578445E1,1.370820904E1,-3.166672516E1
9.129207708E0,-3.023157883E1,1.328541756E1,-3.129541779E1
9.149370708E0,-3.070842934E1,1.291043472E1,-3.155942535E1
9.169534708E0,-3.113864899E1,1.269353580E1,-3.140913391E1
9.189697708E0,-3.157800293E1,1.249976540E1,-3.120040894E1
9.209860708E0,-3.170330048E1,1.191582680E1,-3.089012909E1
9.230024708E0,-3.193827438E1,1.138367558E1,-3.099231720E1
9.250187708E0,-3.240707397E1,1.039448357E1,-3.115186310E1
9.270350708E0,-3.236051178E1,9.307918549E0,-3.115821075E1
9.290514708E0,-3.232156372E1,8.642740250E0,-3.141943359E1
9.310677708E0,-3.217049026E1,8.133042336E0,-3.198491669E1
9.330841708E0,-3.192486954E1,7.741384506E0,-3.208469391E1
9.351004708E0,-3.150671577E1,7.669734001E0,-3.220027161E1
9.371167708E0,-3.137027550E1,7.798995018E0,-3.231300354E1
9.391331708E0,-3.121920586E1,8.410844803E0,-3.232510376E1
9.411494708E0,-3.109899139E1,9.540802002E0,-3.195947266E1
9.431657708E0,-3.087724876E1,1.077847004E1,-3.168872833E1
9.451821708E0,-3.061186981E1,1.201634598E1,-3.174898529E1
9.471984708E0,-3.038048172E1,1.343790054E1,-3.161291504E1
9.492148708E0,-2.993553925E1,1.553372955E1,-3.120393372E1
9.512311708E0,-2.888880730E1,1.782870674E1,-3.092881012E1
9.532474708E0,-2.759503746E1,1.995576668E1,-3.085763550E1
9.552638708E0,-2.637830734E1,2.216300964E1,-3.014062500E1
9.572801708E0,-2.538814163E1,2.401644897E1,-2.944101715E1
9.592965708E0,-2.488600922E1,2.528083611E1,-2.896193695E1
9.613128708E0,-2.478879738E1,2.609423065E1,-2.834323883E1
9.633291708E0,-2.525687981E1,2.614023590E1,-2.834960175E1
9.653455708E0,-2.574053192E1,2.563265610E1,-2.866259003E1
9.673618708E0,-2.591188240E1,2.469904709E1,-2.930741882E1
9.693781708E0,-2.601822853E1,2.363407707E1,-3.023992920E1
9.713945708E0,-2.586923027E1,2.267444229E1,-3.113801575E1
9.734107833E0,-2.581553650E1,2.172277260E1,-3.226377106E1
9.754271833E0,-2.565112305E1,2.065098381E1,-3.325186157E1
9.774434833E0,-2.546545410E1,1.989648819E1,-3.337489319E1
9.794597833E0,-2.545794296E1,1.908407784E1,-3.424272919E1
9.814761833E0,-2.518581772E1,1.821798134E1,-3.493611908E1
9.834924833E0,-2.495685387E1,1.756305313E1,-3.544632721E1
9.855088833E0,-2.483269119E1,1.694259644E1,-3.598332214E1
9.875251833E0,-2.457692719E1,1.636751556E1,-3.661453247E1
9.895414833E0,-2.414398384E1,1.583596992E1,-3.691453552E1
9.915578833E0,-2.371588135E1,1.560838699E1,-3.758473206E1
9.935741833E0,-2.300840569E1,1.540302467E1,-3.795268250E1
9.955904833E0,-2.250023651E1,1.552611351E1,-3.842002106E1
9.976068833E0,-2.154013062E1,1.574062157E1,-3.894855499E1
9.996231833E0,-1.995334625E1,1.642472839E1,-3.943173218E1
1.001639583E1,-1.836031723E1,1.741390610E1,-3.985093689E1
1.003655883E1,-1.668328476E1,1.826206970E1,-4.015419769E1
1.005672183E1,-1.523258877E1,1.934053230E1,-4.011912537E1
1.007688583E1,-1.403266525E1,2.109709358E1,-3.990231323E1
1.009704883E1,-1.270548153E1,2.376708603E1,-3.881491852E1
1.011721283E1,-1.182585716E1,2.690186310E1,-3.726926422E1
1.013737583E1,-1.093318081E1,2.916180038E1,-3.554907227E1
1.015753883E1,-1.022329617E1,3.111904716E1,-3.407962799E1
1.017770283E1,-8.867879868E0,3.270238495E1,-3.286627960E1
1.019786583E1,-7.272375107E0,3.457295609E1,-3.144393158E1
1.021802983E1,-5.686882973E0,3.599379730E1,-2.985189056E1
1.023819283E1,-4.760418892E0,3.693729401E1,-2.839566040E1
1.025835583E1,-4.010084152E0,3.756834030E1,-2.791854858E1
1.027851983E1,-3.328740120E0,3.793521500E1,-2.714791870E1
1.029868283E1,-2.604271889E0,3.847560883E1,-2.658722687E1
1.031884683E1,-1.916960716E0,3.860705566E1,-2.606188202E1
1.033900983E1,-7.644414902E-1,3.818358231E1,-2.636091614E1
1.035917283E1,1.290636063E-1,3.770623779E1,-2.699499512E1
1.037933683E1,1.429960251E0,3.713848877E1,-2.798519897E1
1.039949983E1,3.937288284E0,3.585959625E1,-2.882185364E1
1.041966383E1,5.144248962E0,3.453807449E1,-3.000085449E1
1.043982683E1,6.438964844E0,3.289431763E1,-3.147678375E1
1.045998983E1,7.794081688E0,3.062869263E1,-3.322270966E1
1.048015383E1,9.095074654E0,2.840956116E1,-3.471123505E1
1.050031683E1,1.006480789E1,2.596884918E1,-3.622908783E1
1.052048083E1,1.056809807E1,2.372453308E1,-3.756376648E1
1.054064383E1,1.058588600E1,2.189983559E1,-3.878663635E1
1.056080683E1,1.045383072E1,2.036737061E1,-3.941728973E1
1.058097083E1,1.028875542E1,1.908619881E1,-3.996060181E1
1.060113383E1,1.061947250E1,1.783669853E1,-4.032608795E1
1.062129783E1,1.123834991E1,1.672495270E1,-4.057251740E1
1.064146083E1,1.177503014E1,1.563726902E1,-4.095211792E1
1.066162383E1,1.242355347E1,1.488060951E1,-4.085609436E1
1.068178783E1,1.283457756E1,1.463990784E1,-4.048762512E1
1.070195083E1,1.282356071E1,1.482259464E1,-4.046450806E1
1.072211475E1,1.323053360E1,1.462432289E1,-4.027491760E1
1.074227775E1,1.371746826E1,1.484437943E1,-3.959501648E1
1.076244175E1,1.531408405E1,1.544810390E1,-3.912272644E1
1.078260475E1,1.644921112E1,1.650672913E1,-3.795816040E1
1.080276775E1,1.735428429E1,1.818562317E1,-3.694902039E1
1.082293175E1,1.782626724E1,1.962810707E1,-3.572592926E1
1.084309475E1,1.845822525E1,2.131456947E1,-3.460070801E1
1.086325875E1,1.972778130E1,2.316593361E1,-3.234056091E1
1.088342175E1,2.115331459E1,2.499766922E1,-2.991534424E1
1.090358475E1,2.262271500E1,2.644784927E1,-2.731363678E1
1.092374875E1,2.378523254E1,2.783960342E1,-2.474923706E1
1.094391175E1,2.467590714E1,2.851635170E1,-2.281581879E1
1.096407575E1,2.526903534E1,2.925762177E1,-2.146234894E1
1.098423875E1,2.594468689E1,2.928715897E1,-2.052796173E1
1.100440175E1,2.649534225E1,2.899046326E1,-2.024072266E1
1.102456575E1,2.671055984E1,2.849501228E1,-2.070610046E1
1.104472875E1,2.685316086E1,2.762321091E1,-2.149279785E1
1.106489275E1,2.720293427E1,2.672568893E1,-2.243301392E1
1.108505575E1,2.767776871E1,2.549044037E1,-2.320393372E1
1.110521975E1,2.811331367E1,2.387233353E1,-2.417247009E1
1.112538275E1,2.867033195E1,2.219463730E1,-2.529293823E1
1.114554575E1,2.917501450E1,2.037936974E1,-2.586270142E1
1.116570975E1,2.968501282E1,1.875347710E1,-2.675179291E1
1.118587275E1,2.981006813E1,1.718382072E1,-2.764473724E1
1.120603675E1,3.041115570E1,1.435354042E1,-2.845156097E1
1.122619975E1,3.091038132E1,1.277490425E1,-2.864050293E1
1.124636375E1,3.135558319E1,1.123944473E1,-2.865824890E1
1.126652675E1,3.174196053E1,9.441812515E0,-2.891470337E1
1.128668975E1,3.205190277E1,7.795599937E0,-2.948376465E1
1.130685375E1,3.188962936E1,6.235239983E0,-2.953856659E1
1.132701675E1,3.200381851E1,4.719292641E0,-2.997143555E1
1.134718075E1,3.195735931E1,3.625759125E0,-3.028495789E1
1.136734375E1,3.225154114E1,2.587919235E0,-3.031510162E1
1.138750775E1,3.253227997E1,1.650899887E0,-2.984426117E1
1.140767075E1,3.295657730E1,8.185138702E-1,-2.953509521E1
1.142783375E1,3.333256149E1,3.681793213E-1,-2.945436096E1
1.144799775E1,3.354350281E1,4.217262268E-1,-2.915959167E1
1.146816075E1,3.371584320E1,9.738235474E-1,-2.900530243E1
1.148832475E1,3.396577454E1,1.453306198E0,-2.855115509E1
1.150848775E1,3.429590225E1,1.960296631E0,-2.814698029E1
1.152865175E1,3.462995148E1,2.580308914E0,-2.793486023E1
1.154881475E1,3.477103424E1,3.599260330E0,-2.729383850E1
1.156897775E1,3.462928009E1,4.844645500E0,-2.700392914E1
1.158914175E1,3.502824020E1,6.120867729E0,-2.680930328E1
1.160930475E1,3.542355347E1,7.086657524E0,-2.601028442E1
1.162946875E1,3.588105392E1,8.403754234E0,-2.529615784E1
1.164963175E1,3.627553940E1,9.692120552E0,-2.438572693E1
1.166979575E1,3.675888824E1,1.061068821E1,-2.264099884E1
1.168995875E1,3.738985825E1,1.163449860E1,-2.131554413E1
1.171012175E1,3.800507355E1,1.235049248E1,-1.998908997E1
1.173028521E1,3.855905151E1,1.281254768E1,-1.851107025E1
1.175044821E1,3.930403900E1,1.277491760E1,-1.719114685E1
1.177061221E1,3.935327148E1,1.291864204E1,-1.692286682E1
1.179077521E1,3.943958664E1,1.259870338E1,-1.707066345E1
1.181093921E1,3.920164108E1,1.241845226E1,-1.767980957E1
1.183110221E1,3.900544357E1,1.199431801E1,-1.837950134E1
1.185126621E1,3.894901657E1,1.150290012E1,-1.925564575E1
1.187142921E1,3.871882248E1,1.076863766E1,-2.001815796E1
1.189159221E1,3.843829727E1,9.934605598E0,-2.104721069E1
1.191175621E1,3.801145172E1,9.058632851E0,-2.187741089E1
1.193191921E1,3.755788422E1,8.135138512E0,-2.294699860E1
1.195208321E1,3.702814865E1,6.630348206E0,-2.398869324E1
1.197224621E1,3.641693497E1,5.407304764E0,-2.505307007E1
1.199241021E1,3.572476196E1,3.675445557E0,-2.646430969E1
1.201257321E1,3.505410767E1,2.607082367E0,-2.727884674E1
1.203273621E1,3.459012985E1,1.522655487E0,-2.794111633E1
1.205290021E1,3.399431992E1,-2.223396301E-2,-2.880647278E1
1.207306321E1,3.340622711E1,-1.249246597E0,-2.933581543E1
1.209322721E1,3.287025452E1,-2.707826614E0,-2.993130493E1
1.211339021E1,3.257987976E1,-3.783336639E0,-2.992630005E1
1.213355421E1,3.229825211E1,-4.739343643E0,-2.983121490E1
1.215371721E1,3.238771057E1,-5.536724091E0,-2.968154144E1
1.217388121E1,3.238877106E1,-6.021179199E0,-2.949713898E1
1.219404421E1,3.252738953E1,-6.252931595E0,-2.921840668E1
1.221420821E1,3.256415939E1,-6.388408661E0,-2.926277924E1
1.223437121E1,3.267136765E1,-6.294471741E0,-2.903490448E1
1.225453421E1,3.266035843E1,-5.704250336E0,-2.888944244E1
1.227469821E1,3.281046677E1,-4.920841217E0,-2.898523712E1
1.229486121E1,3.286064148E1,-4.154304504E0,-2.905727386E1
1.231502521E1,3.215093231E1,-2.753305435E0,-2.984854889E1
1.233518821E1,3.208598328E1,-8.297424316E-1,-3.045036316E1
1.235535221E1,3.293103409E1,1.301704407E0,-2.964910889E1
1.237551521E1,3.472115326E1,3.305843353E0,-2.761225128E1
1.239567921E1,3.665387344E1,5.325388908E0,-2.478957367E1
1.241584221E1,3.789556503E1,7.391297340E0,-2.300531006E1
1.243600621E1,3.833827209E1,9.161652565E0,-2.174307251E1
1.245616921E1,3.891184998E1,1.050692940E1,-2.050803375E1
1.247633221E1,3.937994385E1,1.118054676E1,-1.902178192E1
1.249649621E1,3.951513672E1,1.159402180E1,-1.858162689E1
1.251665921E1,3.919476318E1,1.160089207E1,-1.924195099E1
1.253682321E1,3.855009460E1,1.087775993E1,-2.062015533E1
1.255698621E1,3.796355820E1,9.911806107E0,-2.167803192E1
1.257715021E1,3.760412979E1,8.740137100E0,-2.255941772E1
1.259731321E1,3.723505020E1,7.431478500E0,-2.311987305E1
1.261747721E1,3.736479187E1,5.731022835E0,-2.367419434E1
1.263764021E1,3.712506866E1,3.560697556E0,-2.368827057E1
1.265780421E1,3.703129196E1,1.216245651E0,-2.400789642E1
1.267796721E1,3.700104523E1,-1.207231522E0,-2.429059601E1
1.269813121E1,3.667165375E1,-3.369520187E0,-2.424832916E1
1.271829421E1,3.640309525E1,-5.304628372E0,-2.428430176E1
1.273845833E1,3.631701279E1,-7.121629715E0,-2.387059021E1
1.275862133E1,3.640898132E1,-8.479343414E0,-2.355593872E1
1.277878433E1,3.643245697E1,-9.828145981E0,-2.269314575E1
1.279894833E1,3.665535736E1,-1.165280914E1,-2.198494720E1
1.281911133E1,3.657045364E1,-1.250711632E1,-2.150910950E1
1.283927533E1,3.655769730E1,-1.276389122E1,-2.181384277E1
1.285943833E1,3.627027893E1,-1.225012016E1,-2.238485718E1
1.287960233E1,3.599337387E1,-1.115805626E1,-2.366164398E1
1.289976533E1,3.576351929E1,-9.689214706E0,-2.468888855E1
1.291992933E1,3.615293884E1,-7.596620560E0,-2.524573517E1
1.294009233E1,3.673638916E1,-5.440225601E0,-2.493175507E1
1.296025633E1,3.812271500E1,-3.396474838E0,-2.327616119E1
1.298041933E1,3.956492615E1,-1.572622299E0,-2.158261108E1
1.300058333E1,4.022205353E1,2.029132843E-1,-2.060489655E1
1.302074633E1,4.038955307E1,2.239473343E0,-1.990705109E1
1.304091033E1,4.076701736E1,3.482479095E0,-1.926045227E1
1.306107333E1,4.104906082E1,4.316516876E0,-1.850756836E1
1.308123733E1,4.138268280E1,5.125800133E0,-1.858441162E1
1.310140033E1,4.126004791E1,5.452329636E0,-1.868114471E1
1.312156433E1,4.113310242E1,5.620766640E0,-1.901154327E1
1.314172733E1,4.084205246E1,5.779613495E0,-1.895583344E1
1.316189033E1,4.077486038E1,5.851719856E0,-1.929683685E1
1.318205433E1,4.062268066E1,5.737957001E0,-1.970957184E1
1.320221733E1,4.020061111E1,5.462359428E0,-2.059352875E1
1.322238133E1,3.983446503E1,5.276130676E0,-2.142540741E1
1.324254433E1,3.966461945E1,4.932993889E0,-2.200527191E1
1.326270833E1,3.923077774E1,4.485305786E0,-2.291259003E1
1.328287133E1,3.893238449E1,4.417232513E0,-2.336790466E1
1.330303533E1,3.838556671E1,4.276062012E0,-2.386578369E1
1.332319833E1,3.815982056E1,4.295658112E0,-2.426821136E1
1.334336233E1,3.813411331E1,4.297782898E0,-2.423081207E1
1.336352533E1,3.816596222E1,4.058174133E0,-2.429032898E1
1.338368933E1,3.771041870E1,3.996644974E0,-2.481466675E1
1.340385233E1,3.685882568E1,4.014827728E0,-2.599669647E1
1.342401633E1,3.597905731E1,3.959018707E0,-2.680812836E1
1.344417933E1,3.531491852E1,3.820053101E0,-2.763873291E1
1.346434333E1,3.494966888E1,3.790472031E0,-2.784062195E1
1.348450633E1,3.465644073E1,3.955467224E0,-2.818615723E1
1.350467033E1,3.431044006E1,4.070985794E0,-2.833718872E1
1.352483333E1,3.386988068E1,4.190992355E0,-2.855140686E1
1.354499733E1,3.386491394E1,4.153888702E0,-2.846167755E1
1.356516033E1,3.408833694E1,4.060718536E0,-2.835939789E1
1.358532433E1,3.468613434E1,4.296673775E0,-2.774271393E1
1.360548733E1,3.518439484E1,4.711071968E0,-2.707630157E1
1.362565133E1,3.584716797E1,5.010494232E0,-2.619602203E1
1.364581433E1,3.676766586E1,5.319973946E0,-2.535707092E1
1.366597833E1,3.742336655E1,5.807021141E0,-2.431596375E1
1.368614133E1,3.818464661E1,6.188620567E0,-2.332299042E1
1.370630533E1,3.882476807E1,6.428400040E0,-2.260525513E1
1.372646875E1,3.938739777E1,6.652138710E0,-2.198089600E1
1.374663275E1,3.981615067E1,6.883098602E0,-2.113399506E1
1.376679575E1,4.022977829E1,6.805233002E0,-2.063993073E1
1.378695975E1,4.038365173E1,6.779813766E0,-2.013642120E1
1.380712275E1,4.023159409E1,6.901828766E0,-2.008370209E1
1.382728675E1,4.022220612E1,6.862343788E0,-2.032501984E1
1.384744975E1,4.035087204E1,6.651290894E0,-2.018830109E1
1.386761375E1,4.061614990E1,6.409191132E0,-1.956319427E1
1.388777675E1,4.073661804E1,6.078637123E0,-1.920827484E1
1.390794075E1,4.035689163E1,5.808358192E0,-1.976625061E1
1.392810375E1,3.954042053E1,5.846816063E0,-2.135624695E1
1.394826775E1,3.842469788E1,5.615172386E0,-2.361694336E1
1.396843075E1,3.750247192E1,5.096768379E0,-2.498492432E1
1.398859475E1,3.671712875E1,4.457338333E0,-2.580196381E1
1.400875775E1,3.603104401E1,3.545555115E0,-2.660172272E1
1.402892175E1,3.525191498E1,2.811868668E0,-2.729518127E1
1.404908475E1,3.455960846E1,1.785652161E0,-2.776904297E1
1.406924875E1,3.422800446E1,3.952102661E-1,-2.846604919E1
1.408941175E1,3.422617340E1,-1.120298386E0,-2.848492432E1
1.410957575E1,3.416210556E1,-2.797010422E0,-2.855836487E1
1.412973875E1,3.378707886E1,-3.996076584E0,-2.891439056E1
1.414990275E1,3.330548859E1,-4.936756134E0,-2.929337311E1
1.417006575E1,3.262011719E1,-5.733766556E0,-2.963657379E1
1.419022975E1,3.236950684E1,-6.232749939E0,-2.993871307E1
1.421039275E1,3.217513657E1,-6.599250793E0,-3.037653351E1
1.423055675E1,3.204496384E1,-6.964832306E0,-2.997261810E1
1.425071975E1,3.221741486E1,-7.074987411E0,-3.009517670E1
1.427088375E1,3.213753128E1,-6.641960144E0,-3.020098114E1
1.429104675E1,3.196762848E1,-5.844354630E0,-3.017012787E1
1.431121075E1,3.191482925E1,-4.621658325E0,-3.025348663E1
1.433137375E1,3.200830841E1,-3.629919052E0,-3.031658173E1
1.435153775E1,3.226256561E1,-2.239719391E0,-3.026212311E1
1.437170075E1,3.272585678E1,-2.077617645E-1,-2.961798859E1
1.439186475E1,3.303207779E1,1.072875977E0,-2.926951599E1
1.441202775E1,3.331201172E1,2.804794312E0,-2.843402100E1
1.443219175E1,3.407419586E1,4.764297485E0,-2.752204895E1
1.445235475E1,3.527968979E1,6.719695091E0,-2.516309357E1
1.447251875E1,3.673837662E1,8.365180016E0,-2.250398254E1
1.449268175E1,3.766995621E1,9.872696877E0,-2.025070953E1
1.451284575E1,3.792977524E1,1.119995213E1,-1.906690979E1
1.453300875E1,3.770651245E1,1.247219658E1,-1.837804413E1
1.455317275E1,3.794564438E1,1.342104721E1,-1.707452393E1
1.457333575E1,3.815339661E1,1.407585907E1,-1.630326080E1
1.459349975E1,3.820228958E1,1.481482601E1,-1.559491730E1
1.461366275E1,3.802622986E1,1.541271782E1,-1.524766541E1
1.463382675E1,3.796828461E1,1.557112789E1,-1.511819458E1
1.465399075E1,3.780777359E1,1.549831390E1,-1.523996735E1
1.467415375E1,3.771810913E1,1.523009300E1,-1.599835968E1
1.469431775E1,3.742313766E1,1.502065659E1,-1.714510345E1
1.471448075E1,3.665840149E1,1.442435074E1,-1.884483337E1
1.473464500E1,3.561875534E1,1.338319969E1,-2.126204681E1
1.475480800E1,3.456914520E1,1.163593769E1,-2.355802155E1
1.477497200E1,3.341386032E1,9.675919533E0,-2.602220917E1
1.479513500E1,3.246192169E1,7.056522369E0,-2.792076111E1
1.481529900E1,3.136254692E1,4.119300842E0,-2.938250732E1
1.483546200E1,3.033709335E1,1.243751526E0,-3.054107666E1
1.485562600E1,2.952666855E1,-1.813758850E0,-3.132943726E1
1.487578900E1,2.878818893E1,-4.664127350E0,-3.189891052E1
1.489595300E1,2.817436981E1,-7.102739334E0,-3.191976929E1
1.491611600E1,2.784900093E1,-9.469970703E0,-3.148816681E1
1.493628000E1,2.772848892E1,-1.134728050E1,-3.080840302E1
1.495644300E1,2.776094818E1,-1.231242371E1,-3.032511139E1
1.497660700E1,2.803615952E1,-1.227403641E1,-3.023980713E1
1.499677000E1,2.830945206E1,-1.152297020E1,-3.002513123E1
1.501693400E1,2.884108543E1,-9.730392456E0,-3.020370483E1
1.503709800E1,2.945340347E1,-7.228649139E0,-3.011736298E1
1.505726100E1,3.029865074E1,-4.738992691E0,-2.970706177E1
1.507742500E1,3.154203033E1,-1.706323624E0,-2.853344727E1
1.509758800E1,3.313953781E1,1.093593597E0,-2.694652557E1
1.511775200E1,3.462155914E1,3.851114273E0,-2.510112762E1
1.513791500E1,3.575739670E1,6.065025330E0,-2.338581085E1
1.515807900E1,3.657713318E1,8.210096359E0,-2.131347656E1
1.517824200E1,3.763628387E1,1.063547611E1,-1.920987701E1
1.519840600E1,3.814046478E1,1.158078957E1,-1.815940094E1
1.521856900E1,3.851674652E1,1.230999947E1,-1.692732239E1
1.523873300E1,3.858760071E1,1.269746208E1,-1.640045166E1
1.525889600E1,3.892801666E1,1.323167038E1,-1.568201447E1
1.527906000E1,3.891661453E1,1.375365639E1,-1.533644867E1
1.529922300E1,3.929705429E1,1.393616676E1,-1.476046753E1
1.531938700E1,3.931507874E1,1.430107498E1,-1.455249023E1
1.533955100E1,3.933739853E1,1.496375084E1,-1.454782104E1
1.535971400E1,3.908227539E1,1.549679947E1,-1.489144897E1
1.537987800E1,3.916313171E1,1.582945347E1,-1.504927826E1
1.540004100E1,3.852816391E1,1.609089851E1,-1.600637054E1
1.542020500E1,3.801769257E1,1.627820587E1,-1.725787354E1
1.544036800E1,3.765330887E1,1.629159546E1,-1.822046661E1
1.546053200E1,3.755044937E1,1.568423843E1,-1.889803314E1
1.548069500E1,3.722260284E1,1.504790878E1,-1.976670837E1
1.550085900E1,3.667613602E1,1.400443649E1,-2.106151581E1
1.552102200E1,3.584240341E1,1.293390369E1,-2.252854156E1
1.554118600E1,3.492958832E1,1.202764606E1,-2.428414917E1
1.556134900E1,3.397251129E1,1.092916298E1,-2.574882507E1
1.558151300E1,3.296326065E1,1.007215881E1,-2.664746857E1
1.560167700E1,3.195643997E1,9.278575897E0,-2.803397369E1
1.562184000E1,3.120360947E1,8.540146828E0,-2.870101166E1
1.564200400E1,3.054775620E1,7.633463860E0,-2.970136261E1
1.566216700E1,3.011206436E1,7.073439598E0,-3.020427704E1
1.568233100E1,2.977543259E1,6.424229622E0,-3.081189728E1
1.570249400E1,2.964814758E1,5.923737526E0,-3.084105682E1
1.572265800E1,2.952760315E1,5.140738487E0,-3.076360321E1
1.574282008E1,2.955577087E1,4.700037003E0,-3.072963715E1
1.576298408E1,2.974868393E1,3.921129227E0,-3.065628815E1
1.578314708E1,2.985291290E1,3.611000061E0,-3.030591583E1
1.580331108E1,3.004956055E1,3.098361969E0,-2.999659729E1
1.582347408E1,3.059106445E1,2.686569214E0,-2.990609741E1
1.584363808E1,3.073018265E1,2.158748627E0,-2.961051941E1
1.586380208E1,3.118787003E1,2.034496307E0,-2.950905609E1
1.588396508E1,3.142755890E1,1.978818893E0,-2.928696442E1
1.590412908E1,3.202122879E1,1.865276337E0,-2.868795013E1
1.592429208E1,3.236490250E1,1.993581772E0,-2.854918671E1
1.594445608E1,3.257662201E1,2.386236191E0,-2.808298492E1
1.596461908E1,3.325498962E1,3.806802750E0,-2.747327423E1
1.598478308E1,3.399582291E1,5.089708328E0,-2.641094971E1
1.600494608E1,3.446558380E1,6.506093025E0,-2.511200714E1
1.602511008E1,3.481791306E1,8.596302986E0,-2.402307129E1
1.604527408E1,3.510766220E1,1.030941391E1,-2.271774292E1
1.606543708E1,3.543555450E1,1.196829796E1,-2.131565857E1
1.608560108E1,3.563316727E1,1.355510139E1,-1.999900055E1
1.610576408E1,3.580228043E1,1.501123428E1,-1.865182495E1
1.612592808E1,3.573320770E1,1.603374290E1,-1.772888947E1
1.614609108E1,3.557499695E1,1.665051651E1,-1.709828186E1
1.616625508E1,3.543347549E1,1.697779655E1,-1.681433105E1
1.618641808E1,3.529513550E1,1.749187851E1,-1.692091370E1
1.620658208E1,3.490647507E1,1.743508720E1,-1.727943420E1
1.622674608E1,3.453079224E1,1.753902817E1,-1.740504456E1
1.624690908E1,3.395333481E1,1.758481407E1,-1.795137024E1
1.626707308E1,3.365724945E1,1.765029526E1,-1.867256165E1
1.628723608E1,3.315627289E1,1.754290771E1,-1.915445709E1
1.630740008E1,3.242016220E1,1.722262383E1,-1.996489716E1
1.632756308E1,3.178308868E1,1.687327576E1,-2.061662292E1
1.634772708E1,3.112755585E1,1.642627144E1,-2.195798492E1
1.636789008E1,3.033037186E1,1.543674469E1,-2.302725983E1
1.638805408E1,2.955208969E1,1.418889809E1,-2.410380554E1
1.640821708E1,2.881724930E1,1.313154984E1,-2.529061890E1
1.642838108E1,2.807406998E1,1.198111057E1,-2.670999908E1
1.644854508E1,2.750893784E1,1.097049332E1,-2.717720795E1
1.646870808E1,2.741885757E1,1.004537868E1,-2.759653473E1
1.648887208E1,2.711245728E1,8.788578033E0,-2.841860962E1
1.650903508E1,2.665196037E1,7.580910683E0,-2.934500885E1
1.652919908E1,2.625113297E1,6.336604118E0,-3.019313049E1
1.654936208E1,2.553971481E1,5.288568497E0,-3.088099670E1
1.656952608E1,2.498471069E1,4.421985626E0,-3.158181763E1
1.658969008E1,2.426218796E1,3.456216812E0,-3.207939148E1
1.660985308E1,2.374013138E1,2.473041534E0,-3.267803955E1
1.663001708E1,2.298371506E1,1.689804077E0,-3.299588013E1
1.665018008E1,2.280031967E1,8.838520050E-1,-3.312571716E1
1.667034408E1,2.276997375E1,3.334770203E-1,-3.317797852E1
1.669050708E1,2.314444733E1,-2.130031586E-1,-3.302520752E1
1.671067108E1,2.325150490E1,-9.144515991E-1,-3.249456787E1
1.673083483E1,2.360804558E1,-1.603086472E0,-3.209994507E1
1.675099783E1,2.426236534E1,-2.490022659E0,-3.146760559E1
1.677116183E1,2.452120781E1,-2.820199966E0,-3.119235229E1
1.679132483E1,2.483654594E1,-3.388862610E0,-3.044641113E1
1.681148883E1,2.518234825E1,-3.748363495E0,-3.014701843E1
1.683165183E1,2.493155098E1,-4.317550659E0,-3.006235504E1
1.685181583E1,2.477920341E1,-4.634918213E0,-2.993956757E1
1.687197983E1,2.455115318E1,-4.445684433E0,-2.976041412E1
1.689214283E1,2.448949432E1,-4.061985016E0,-2.966564178E1
1.691230683E1,2.470103073E1,-3.248874664E0,-2.930641174E1
1.693246983E1,2.473760223E1,-1.783899307E0,-2.906144714E1
1.695263383E1,2.492225075E1,2.977371216E-2,-2.844763947E1
1.697279683E1,2.554002762E1,1.855220795E0,-2.756398773E1
1.699296083E1,2.641215515E1,3.444044113E0,-2.664296722E1
1.701312483E1,2.742415047E1,4.626107216E0,-2.581120300E1
1.703328783E1,2.834086609E1,5.978302956E0,-2.496938324E1
1.705345183E1,2.880662537E1,6.839056015E0,-2.375259399E1
1.707361483E1,2.898637390E1,7.547817230E0,-2.321575165E1
1.709377883E1,2.908140182E1,8.011936188E0,-2.317517853E1
1.711394183E1,2.892240524E1,8.113798141E0,-2.328728485E1
1.713410583E1,2.904877853E1,8.127744675E0,-2.330937958E1
1.715426983E1,2.848436737E1,7.689679146E0,-2.395313263E1
1.717443283E1,2.828020477E1,7.406822205E0,-2.411541748E1
1.719459683E1,2.852913284E1,6.846100807E0,-2.463175964E1
1.721475983E1,2.860577011E1,6.245732307E0,-2.494267273E1
1.723492383E1,2.856188965E1,5.632485390E0,-2.538278198E1
1.725508683E1,2.842178345E1,4.870988846E0,-2.606190491E1
1.727525083E1,2.857807541E1,3.943225861E0,-2.657234192E1
1.729541483E1,2.862384415E1,2.748834610E0,-2.690184021E1
1.731557783E1,2.865099335E1,1.486063004E0,-2.730023193E1
1.733574183E1,2.888129997E1,1.042366028E-1,-2.763058472E1
1.735590483E1,2.911324883E1,-9.024715424E-1,-2.758480835E1
1.737606883E1,2.963742065E1,-2.116336823E0,-2.744850159E1
1.739623283E1,3.005082703E1,-3.325418472E0,-2.668943024E1
1.741639583E1,2.981698990E1,-4.596332550E0,-2.690892792E1
1.743655983E1,2.901563263E1,-5.573526382E0,-2.790243530E1
1.745672283E1,2.821968842E1,-6.667320251E0,-2.853216553E1
1.747688683E1,2.797599030E1,-7.827367783E0,-2.836967468E1
1.749704983E1,2.797744370E1,-8.616348267E0,-2.841169739E1
1.751721383E1,2.801997948E1,-9.377471924E0,-2.782633209E1
1.753737783E1,2.804071999E1,-1.001939964E1,-2.755992889E1
1.755754083E1,2.786120033E1,-1.111908722E1,-2.767572784E1
1.757770483E1,2.809840012E1,-1.175474739E1,-2.734065247E1
1.759786783E1,2.822226715E1,-1.256125832E1,-2.664846802E1
1.761803183E1,2.862648010E1,-1.357489204E1,-2.596212769E1
1.763819583E1,2.881809235E1,-1.456451225E1,-2.498330688E1
1.765835883E1,2.902537918E1,-1.533813477E1,-2.427585602E1
1.767852283E1,2.910253143E1,-1.635609055E1,-2.359297943E1
1.769868583E1,2.903124428E1,-1.717229652E1,-2.312372589E1
1.771884983E1,2.877456093E1,-1.807819939E1,-2.307538605E1
1.773901363E1,2.858681107E1,-1.897430229E1,-2.263091278E1
1.775917763E1,2.821221924E1,-1.988994408E1,-2.224810791E1
1.777934163E1,2.778107071E1,-2.058989525E1,-2.206366730E1
1.779950462E1,2.739148331E1,-2.121841621E1,-2.228176117E1
1.781966863E1,2.676001167E1,-2.144054985E1,-2.236024475E1
1.783983162E1,2.625137711E1,-2.152305984E1,-2.330644989E1
1.785999563E1,2.585856628E1,-2.136187553E1,-2.396538544E1
1.788015962E1,2.567781067E1,-2.121695900E1,-2.443970490E1
1.790032263E1,2.603791809E1,-2.060116386E1,-2.499058533E1
1.792048662E1,2.612960815E1,-2.007153511E1,-2.539523315E1
1.794064963E1,2.646364594E1,-1.943211555E1,-2.518533325E1
1.796081363E1,2.681477356E1,-1.924842072E1,-2.515457153E1
1.798097763E1,2.687457085E1,-1.898603630E1,-2.531462097E1
1.800114063E1,2.651622391E1,-1.874895287E1,-2.584358215E1
1.802130462E1,2.534275055E1,-1.858886147E1,-2.690341949E1
1.804146763E1,2.379951477E1,-1.856623459E1,-2.828095245E1
1.806163162E1,2.236264801E1,-1.917279243E1,-2.902345276E1
1.808179563E1,2.144631577E1,-1.994142723E1,-2.898740387E1
1.810195863E1,2.072995186E1,-2.072930145E1,-2.897698212E1
1.812212263E1,1.966464424E1,-2.115009117E1,-2.913127899E1
1.814228563E1,1.808683777E1,-2.163702393E1,-2.994143677E1
1.816244963E1,1.655921936E1,-2.200756073E1,-3.049527740E1
1.818261363E1,1.528894997E1,-2.275466347E1,-3.070192719E1
1.820277662E1,1.438759613E1,-2.370170784E1,-3.045429230E1
1.822294063E1,1.330976391E1,-2.480435181E1,-3.040543365E1
1.824310363E1,1.239879131E1,-2.535177612E1,-3.030564117E1
1.826326763E1,1.123300648E1,-2.615757179E1,-3.026383209E1
1.828343162E1,1.063884449E1,-2.719767952E1,-2.946482086E1
1.830359463E1,1.012517357E1,-2.822240448E1,-2.873085022E1
1.832375863E1,1.006469536E1,-2.926448441E1,-2.811859131E1
1.834392162E1,9.909728050E0,-3.071210098E1,-2.651219940E1
1.836408563E1,9.794370651E0,-3.181827736E1,-2.509104156E1
1.838424962E1,9.205531120E0,-3.285903168E1,-2.422114563E1
1.840441263E1,8.413781166E0,-3.365718079E1,-2.330455017E1
1.842457662E1,7.544960022E0,-3.459867859E1,-2.247231293E1
1.844473963E1,6.857360840E0,-3.531521225E1,-2.131198120E1
1.846490363E1,6.300036430E0,-3.599198151E1,-1.999141693E1
1.848506763E1,5.880093575E0,-3.669802094E1,-1.886124420E1
1.850523063E1,5.407908440E0,-3.731756592E1,-1.793454742E1
1.852539463E1,5.026257515E0,-3.781195831E1,-1.717356110E1
1.854555863E1,4.441315651E0,-3.809091949E1,-1.639076996E1
1.856572162E1,3.948552132E0,-3.834364319E1,-1.607411957E1
1.858588563E1,3.547398567E0,-3.848854065E1,-1.602353668E1
1.860604863E1,3.227446556E0,-3.884996414E1,-1.578847504E1
1.862621263E1,2.655885696E0,-3.871375656E1,-1.617653656E1
1.864637662E1,1.923840523E0,-3.832772064E1,-1.667855072E1
1.866653963E1,1.118981361E0,-3.795539093E1,-1.764042664E1
1.868670363E1,3.116893768E-1,-3.754386902E1,-1.891340637E1
1.870686662E1,-2.875404358E-1,-3.700162125E1,-1.991117096E1
1.872703063E1,-1.073291779E0,-3.611112213E1,-2.110622406E1
1.874719458E1,-1.799464226E0,-3.530027771E1,-2.229451752E1
1.876735758E1,-2.602992058E0,-3.437399292E1,-2.391515350E1
1.878752158E1,-3.474370956E0,-3.348841858E1,-2.509532928E1
1.880768558E1,-4.037810326E0,-3.286313629E1,-2.577957916E1
1.882784858E1,-4.553205490E0,-3.243060303E1,-2.633272552E1
1.884801258E1,-4.822307587E0,-3.198388290E1,-2.651768494E1
1.886817558E1,-5.246006012E0,-3.190543365E1,-2.660017395E1
1.888833958E1,-5.617399693E0,-3.183423424E1,-2.686322784E1
1.890850358E1,-5.989360809E0,-3.206008911E1,-2.618634796E1
1.892866658E1,-6.384554386E0,-3.235827637E1,-2.594596100E1
1.894883058E1,-6.927304268E0,-3.266044617E1,-2.563570404E1
1.896899458E1,-7.610752106E0,-3.277410889E1,-2.507270050E1
1.898915758E1,-8.690242767E0,-3.329640961E1,-2.423201752E1
1.900932158E1,-9.511423111E0,-3.386785889E1,-2.296075439E1
1.902948558E1,-1.018901443E1,-3.482201385E1,-2.119637299E1
1.904964858E1,-1.085106564E1,-3.573804855E1,-1.947011566E1
1.906981258E1,-1.163308525E1,-3.653621674E1,-1.771914673E1
1.908997558E1,-1.262311554E1,-3.674666977E1,-1.603219604E1
1.911013958E1,-1.357073689E1,-3.696499634E1,-1.453942871E1
1.913030358E1,-1.546264553E1,-3.708552551E1,-1.255196381E1
1.915046658E1,-1.650050926E1,-3.703387451E1,-1.172011566E1
1.917063058E1,-1.752947426E1,-3.682829285E1,-1.092668915E1
1.919079458E1,-1.867089272E1,-3.637583923E1,-1.070787811E1
1.921095758E1,-1.957018661E1,-3.592453766E1,-1.053064728E1
1.923112158E1,-2.018930817E1,-3.560272598E1,-1.092348480E1
1.925128558E1,-2.084645081E1,-3.522327805E1,-1.100920868E1
1.927144858E1,-2.151144791E1,-3.470080566E1,-1.196106720E1
1.929161258E1,-2.201508713E1,-3.390492630E1,-1.309325409E1
1.931177558E1,-2.241499329E1,-3.306365585E1,-1.438648987E1
1.933193958E1,-2.281682587E1,-3.211702728E1,-1.577236938E1
1.935210358E1,-2.353750992E1,-3.128245926E1,-1.725893402E1
1.937226658E1,-2.390847778E1,-3.024791336E1,-1.870343018E1
1.939243058E1,-2.414144135E1,-2.902745438E1,-2.041534424E1
1.941259458E1,-2.444743729E1,-2.785068130E1,-2.165750122E1
1.943275758E1,-2.473698997E1,-2.649716187E1,-2.255698395E1
1.945292158E1,-2.542372513E1,-2.532869530E1,-2.325931549E1
1.947308558E1,-2.569470978E1,-2.415709496E1,-2.421495819E1
1.949324858E1,-2.566868973E1,-2.328891373E1,-2.477272797E1
1.951341258E1,-2.569079971E1,-2.268756104E1,-2.553134918E1
1.953357658E1,-2.577559280E1,-2.228189087E1,-2.539223480E1
1.955373958E1,-2.635646820E1,-2.247679520E1,-2.502327728E1
1.957390358E1,-2.644408798E1,-2.288990402E1,-2.449848175E1
1.959406758E1,-2.661409378E1,-2.313678932E1,-2.419435883E1
1.961423058E1,-2.632073021E1,-2.320132256E1,-2.400983429E1
1.963439458E1,-2.657533646E1,-2.371499634E1,-2.332978821E1
1.965455858E1,-2.665881348E1,-2.444538879E1,-2.287756348E1
1.967472158E1,-2.681859398E1,-2.508401299E1,-2.202613068E1
1.969488558E1,-2.708852768E1,-2.563400459E1,-2.090711212E1
1.971504958E1,-2.731953812E1,-2.631088066E1,-2.006536102E1
1.973521396E1,-2.725256348E1,-2.692174339E1,-1.901490784E1
1.975537796E1,-2.736272049E1,-2.744418335E1,-1.804321289E1
1.977554196E1,-2.741481209E1,-2.814364815E1,-1.710899353E1
1.979570496E1,-2.736719513E1,-2.865244484E1,-1.621989441E1
1.981586896E1,-2.744689369E1,-2.894577599E1,-1.545381165E1
1.983603296E1,-2.752497482E1,-2.914929008E1,-1.477525330E1
1.985619596E1,-2.751850128E1,-2.916468239E1,-1.444290924E1
1.987635996E1,-2.774020004E1,-2.943293571E1,-1.446407318E1
1.989652396E1,-2.760304260E1,-2.932728767E1,-1.459873199E1
1.991668696E1,-2.765857697E1,-2.917841530E1,-1.470716095E1
1.993685096E1,-2.780570602E1,-2.878508949E1,-1.565626526E1
1.995701496E1,-2.781870270E1,-2.843723106E1,-1.596383667E1
1.997717796E1,-2.755923843E1,-2.835225487E1,-1.605731201E1
1.999734196E1,-2.756479263E1,-2.811702538E1,-1.652856445E1
2.001750596E1,-2.755982399E1,-2.776666451E1,-1.712232971E1
2.003766996E1,-2.770311737E1,-2.716812134E1,-1.808480835E1
2.005783296E1,-2.768543625E1,-2.637847900E1,-1.881584167E1
2.007799696E1,-2.767314148E1,-2.564389038E1,-1.968031311E1
2.009816096E1,-2.767526054E1,-2.488084793E1,-1.999600220E1
2.011832396E1,-2.776187325E1,-2.402767754E1,-2.082366180E1
2.013848796E1,-2.758069611E1,-2.237699127E1,-2.246730042E1
2.015865196E1,-2.725467300E1,-1.999572945E1,-2.455281830E1
2.017881596E1,-2.734932709E1,-1.691920853E1,-2.631786346E1
2.019897896E1,-2.820181274E1,-1.471455765E1,-2.679914093E1
2.021914296E1,-2.940373230E1,-1.341189194E1,-2.605826569E1
2.023930696E1,-3.032921219E1,-1.293228531E1,-2.531455994E1
2.025946996E1,-3.029058075E1,-1.230981445E1,-2.584161377E1
2.027963396E1,-2.987556076E1,-1.202529907E1,-2.616203308E1
2.029979796E1,-2.923410225E1,-1.212390518E1,-2.709638214E1
2.031996196E1,-2.929319191E1,-1.221004486E1,-2.734056854E1
2.034012496E1,-2.964229393E1,-1.271236420E1,-2.697354889E1
2.036028896E1,-2.996899414E1,-1.343116188E1,-2.625470734E1
2.038045296E1,-3.048991776E1,-1.460735893E1,-2.510327148E1
2.040061596E1,-3.079762840E1,-1.610817909E1,-2.357521057E1
2.042077996E1,-3.126123047E1,-1.779196167E1,-2.224390411E1
2.044094396E1,-3.127487946E1,-1.937645721E1,-2.059224701E1
2.046110796E1,-3.123639297E1,-2.100520325E1,-1.927257538E1
2.048127096E1,-3.082615662E1,-2.257623291E1,-1.751448822E1
2.050143496E1,-3.051363373E1,-2.412642288E1,-1.598679352E1
2.052159896E1,-3.033625793E1,-2.567377853E1,-1.435521698E1
2.054176296E1,-2.976698112E1,-2.706564140E1,-1.271860504E1
2.056192596E1,-2.944283676E1,-2.792470169E1,-1.141688538E1
2.058208996E1,-2.951955414E1,-2.834570122E1,-1.025587463E1
2.060225396E1,-2.934146881E1,-2.890758324E1,-8.599700928E0
2.062241796E1,-2.906576729E1,-2.967823792E1,-7.457321167E0
2.064258096E1,-2.872030067E1,-2.998407364E1,-6.678131104E0
2.066274496E1,-2.840589905E1,-3.020753860E1,-7.226081848E0
2.068290896E1,-2.827161217E1,-2.942146683E1,-9.376609802E0
2.070307296E1,-2.822264862E1,-2.826111984E1,-1.235352325E1
2.072323696E1,-2.733627892E1,-2.626677895E1,-1.749573517E1
2.074339846E1,-2.646408463E1,-2.475035477E1,-2.044827271E1
2.076356246E1,-2.562820816E1,-2.225109291E1,-2.388392639E1
2.078372646E1,-2.487182045E1,-1.942700768E1,-2.686421967E1
2.080389046E1,-2.389636993E1,-1.676911736E1,-2.914875793E1
2.082405346E1,-2.349103165E1,-1.453277397E1,-3.072612000E1
2.084421746E1,-2.347483826E1,-1.272470474E1,-3.142480469E1
2.086438146E1,-2.348823166E1,-1.142257118E1,-3.183132172E1
2.088454546E1,-2.372108650E1,-1.054945755E1,-3.199008942E1
2.090470946E1,-2.364740372E1,-1.029942703E1,-3.181378937E1
2.092487246E1,-2.358316422E1,-1.044223213E1,-3.202562714E1
2.094503646E1,-2.351559448E1,-1.069267654E1,-3.208481598E1
2.096520046E1,-2.370082474E1,-1.088098335E1,-3.191352081E1
2.098536446E1,-2.406333923E1,-1.137427139E1,-3.143286896E1
2.100552746E1,-2.442145348E1,-1.234345245E1,-3.063515472E1
2.102569146E1,-2.471356201E1,-1.361015892E1,-2.981806183E1
2.104585546E1,-2.504633713E1,-1.472309303E1,-2.881489563E1
2.106601946E1,-2.575226212E1,-1.576640701E1,-2.745184326E1
2.108618346E1,-2.681766510E1,-1.677457237E1,-2.583996582E1
2.110634646E1,-2.772348785E1,-1.720286560E1,-2.464198303E1
2.112651046E1,-2.766373444E1,-1.647785378E1,-2.513694763E1
2.114667446E1,-2.675223160E1,-1.503800011E1,-2.686689758E1
2.116683846E1,-2.588713837E1,-1.436962891E1,-2.852032471E1
2.118700246E1,-2.626321793E1,-1.555009842E1,-2.820265198E1
2.120716546E1,-2.721897507E1,-1.747694969E1,-2.632828522E1
2.122732946E1,-2.778694153E1,-1.959401131E1,-2.433560944E1
2.124749346E1,-2.775856400E1,-2.174781036E1,-2.289820862E1
2.126765746E1,-2.701310730E1,-2.343720627E1,-2.169667816E1
2.128782146E1,-2.690992355E1,-2.474406815E1,-2.050187683E1
2.130798446E1,-2.686900330E1,-2.569437408E1,-1.947952271E1
2.132814846E1,-2.740147209E1,-2.621271133E1,-1.881924438E1
2.134831246E1,-2.742644501E1,-2.653456497E1,-1.738359070E1
2.136847646E1,-2.760660553E1,-2.691934776E1,-1.667166901E1
2.138864046E1,-2.756393814E1,-2.710210609E1,-1.644568634E1
2.140880446E1,-2.712894630E1,-2.755362511E1,-1.656827545E1
2.142896746E1,-2.696195221E1,-2.783104706E1,-1.714282990E1
2.144913146E1,-2.660754013E1,-2.805614471E1,-1.731362152E1
2.146929546E1,-2.637270355E1,-2.783406448E1,-1.767191315E1
2.148945946E1,-2.648015404E1,-2.743050957E1,-1.833831787E1
2.150962346E1,-2.663842583E1,-2.651416588E1,-1.965779114E1
2.152978646E1,-2.659233475E1,-2.558095741E1,-2.048167419E1
2.154995046E1,-2.658604240E1,-2.471337318E1,-2.145385742E1
2.157011446E1,-2.637585068E1,-2.390870094E1,-2.274377441E1
2.159027846E1,-2.585490799E1,-2.260510063E1,-2.425949097E1
2.161044246E1,-2.526873779E1,-2.119279289E1,-2.573951721E1
2.163060646E1,-2.487467194E1,-1.965856743E1,-2.663743591E1
2.165076946E1,-2.468429184E1,-1.752805710E1,-2.813134003E1
2.167093346E1,-2.338755226E1,-1.535963249E1,-3.021492767E1
2.169109746E1,-2.136530304E1,-1.315779686E1,-3.225181580E1
2.171126146E1,-1.994229507E1,-1.231697464E1,-3.364504242E1
2.173142546E1,-2.030920792E1,-1.272691345E1,-3.315843964E1
2.175158958E1,-2.166903305E1,-1.371310043E1,-3.269589996E1
2.177175258E1,-2.249271774E1,-1.458445930E1,-3.184194183E1
2.179191658E1,-2.283067703E1,-1.585969734E1,-3.148049164E1
2.181208058E1,-2.345577240E1,-1.730696297E1,-3.029434967E1
2.183224458E1,-2.443350792E1,-1.926109505E1,-2.856649017E1
2.185240858E1,-2.535423279E1,-2.141431236E1,-2.613832092E1
2.187257258E1,-2.595037842E1,-2.336954117E1,-2.421712494E1
2.189273658E1,-2.595896912E1,-2.514498711E1,-2.241641998E1
2.191289958E1,-2.589005852E1,-2.694091415E1,-2.018782043E1
2.193306358E1,-2.587416840E1,-2.804057121E1,-1.807575226E1
2.195322758E1,-2.630542564E1,-2.907155037E1,-1.658656311E1
2.197339158E1,-2.622573471E1,-2.978713036E1,-1.517100525E1
2.199355558E1,-2.616751289E1,-3.021613121E1,-1.460486603E1
2.201371958E1,-2.638903809E1,-3.029405594E1,-1.427624512E1
2.203388258E1,-2.661538696E1,-3.035202789E1,-1.383770752E1
2.205404658E1,-2.682587051E1,-3.040888405E1,-1.330315399E1
2.207421058E1,-2.712809372E1,-3.026157570E1,-1.295845795E1
2.209437458E1,-2.739337349E1,-3.022598076E1,-1.306018829E1
2.211453858E1,-2.730903244E1,-3.000856972E1,-1.335073853E1
2.213470258E1,-2.729973030E1,-2.978403282E1,-1.400532532E1
2.215486658E1,-2.695688629E1,-2.956236458E1,-1.507411194E1
2.217502958E1,-2.649863815E1,-2.966766930E1,-1.577262115E1
2.219519358E1,-2.603896332E1,-2.960659218E1,-1.669948578E1
2.221535758E1,-2.600802612E1,-2.871557808E1,-1.832436371E1
2.223552158E1,-2.559089279E1,-2.721669579E1,-2.094389343E1
2.225568558E1,-2.541284943E1,-2.498875999E1,-2.394733429E1
2.227584958E1,-2.548080444E1,-2.194523239E1,-2.639600372E1
2.229601358E1,-2.592260170E1,-1.885491180E1,-2.834230804E1
2.231617658E1,-2.603120804E1,-1.450161171E1,-3.012667084E1
2.233634058E1,-2.571012688E1,-1.217420959E1,-3.121268463E1
2.235650458E1,-2.537461090E1,-1.022189140E1,-3.220285797E1
2.237666858E1,-2.543877411E1,-8.104063034E0,-3.218349457E1
2.239683258E1,-2.569713402E1,-6.557270050E0,-3.249799347E1
2.241699658E1,-2.622643661E1,-6.141908646E0,-3.235433960E1
2.243716058E1,-2.679721069E1,-6.435453415E0,-3.195384216E1
2.245732458E1,-2.741902351E1,-7.168603897E0,-3.152615356E1
2.247748758E1,-2.805953407E1,-8.375295639E0,-3.101860809E1
2.249765158E1,-2.865441704E1,-1.057083321E1,-3.031463623E1
2.251781558E1,-2.938287926E1,-1.282889748E1,-2.898795319E1
2.253797958E1,-3.020706558E1,-1.520491791E1,-2.697220612E1
2.255814358E1,-3.097584724E1,-1.746631241E1,-2.461888123E1
2.257830758E1,-3.205591583E1,-1.956153870E1,-2.230868530E1
2.259847158E1,-3.273653412E1,-2.148825645E1,-1.916073608E1
2.261863558E1,-3.327451324E1,-2.327668381E1,-1.620130920E1
2.263879858E1,-3.362405396E1,-2.474767494E1,-1.333888245E1
2.265896258E1,-3.374097824E1,-2.575995445E1,-1.052223206E1
2.267912658E1,-3.352801895E1,-2.662977982E1,-8.171112061E0
2.269929058E1,-3.331971359E1,-2.710517311E1,-6.343948364E0
2.271945458E1,-3.300179291E1,-2.774919891E1,-5.269302368E0
2.273961900E1,-3.282360077E1,-2.812234116E1,-4.647933960E0
2.275978300E1,-3.256686020E1,-2.858797646E1,-4.539093018E0
2.277994700E1,-3.185585403E1,-2.906285858E1,-5.264556885E0
2.280011100E1,-3.137386703E1,-2.914461136E1,-7.687828064E0
2.282027400E1,-3.100831223E1,-2.826902199E1,-1.255532837E1
2.284043800E1,-3.040004349E1,-2.678962708E1,-1.694818115E1
2.286060200E1,-2.952288437E1,-2.525608253E1,-2.071778107E1
2.288076600E1,-2.848362350E1,-2.303936195E1,-2.445636749E1
2.290093000E1,-2.766720963E1,-1.981486893E1,-2.767885590E1
2.292109400E1,-2.691813278E1,-1.621926308E1,-3.090675354E1
2.294125800E1,-2.636666870E1,-1.285919571E1,-3.323238373E1
2.296142200E1,-2.593400192E1,-1.063191032E1,-3.393371582E1
2.298158600E1,-2.571029663E1,-9.076059341E0,-3.471749115E1
2.300174900E1,-2.553847122E1,-8.918317795E0,-3.518878937E1
2.302191300E1,-2.577993202E1,-9.735549927E0,-3.457483673E1
2.304207700E1,-2.626913452E1,-1.173714066E1,-3.389579773E1
2.306224100E1,-2.712209320E1,-1.388638306E1,-3.262976837E1
2.308240500E1,-2.802899361E1,-1.600226402E1,-3.096851349E1
2.310256900E1,-2.970493698E1,-1.897932053E1,-2.780225372E1
2.312273300E1,-3.085739517E1,-2.077116394E1,-2.502819824E1
2.314289700E1,-3.205219269E1,-2.215699768E1,-2.199629211E1
2.316306100E1,-3.303608704E1,-2.347039223E1,-1.836288452E1
2.318322400E1,-3.375483322E1,-2.491834259E1,-1.506883240E1
2.320338800E1,-3.420670700E1,-2.597429657E1,-1.182210541E1
2.322355200E1,-3.439803314E1,-2.665999031E1,-9.093887329E0
2.324371600E1,-3.444214630E1,-2.702907181E1,-6.588035583E0
2.326388000E1,-3.423735046E1,-2.735183334E1,-5.232666016E0
2.328404400E1,-3.403279877E1,-2.787055588E1,-4.616996765E0
2.330420800E1,-3.351593781E1,-2.829059219E1,-6.294059753E0
2.332437200E1,-3.302679443E1,-2.805687332E1,-9.528327942E0
2.334453600E1,-3.236157990E1,-2.747080040E1,-1.340198517E1
2.336470000E1,-3.132341385E1,-2.657156563E1,-1.728952026E1
2.338486300E1,-3.021411324E1,-2.534259796E1,-2.132364655E1
2.340502700E1,-2.880637932E1,-2.358115196E1,-2.536258698E1
2.342519100E1,-2.684987259E1,-2.100821304E1,-2.954967499E1
2.344535500E1,-2.544999313E1,-1.776693535E1,-3.232449341E1
2.346551900E1,-2.509390068E1,-1.498574638E1,-3.380139160E1
2.348568300E1,-2.542424774E1,-1.285583878E1,-3.449301910E1
2.350584700E1,-2.534710312E1,-1.152551460E1,-3.480081940E1
2.352601100E1,-2.550548553E1,-1.014922714E1,-3.544681549E1
2.354617500E1,-2.588898849E1,-8.670015335E0,-3.508748627E1
2.356633900E1,-2.627506447E1,-7.667303085E0,-3.497695160E1
2.358650200E1,-2.695579529E1,-6.896080017E0,-3.496334076E1
2.360666600E1,-2.705115891E1,-7.117200851E0,-3.473811340E1
2.362683000E1,-2.716401291E1,-7.715736389E0,-3.432821655E1
2.364699400E1,-2.744558334E1,-8.358085632E0,-3.438850403E1
2.366715800E1,-2.782166672E1,-9.067495346E0,-3.394705963E1
2.368732200E1,-2.842158508E1,-9.739112854E0,-3.355512238E1
2.370748600E1,-2.875496101E1,-1.061128998E1,-3.263267517E1
2.372765000E1,-2.946347809E1,-1.125421143E1,-3.179574585E1
2.374781321E1,-2.983277512E1,-1.182735825E1,-3.149337006E1
2.376797721E1,-3.054626083E1,-1.300858688E1,-3.065803528E1
2.378814121E1,-3.114078140E1,-1.423458099E1,-2.978828430E1
2.380830421E1,-3.180652237E1,-1.602820778E1,-2.867857361E1
2.382846821E1,-3.248340988E1,-1.780821419E1,-2.711879730E1
2.384863221E1,-3.323927307E1,-1.942878723E1,-2.475239563E1
2.386879621E1,-3.425052261E1,-1.998849106E1,-2.280690765E1
2.388896021E1,-3.503985214E1,-2.019591904E1,-2.105555725E1
2.390912421E1,-3.598213577E1,-2.058264923E1,-1.908188629E1
2.392928821E1,-3.594201660E1,-2.090561295E1,-1.848363495E1
2.394945221E1,-3.594789124E1,-2.133461571E1,-1.814974976E1
2.396961621E1,-3.577759933E1,-2.151507759E1,-1.824987793E1
2.398978021E1,-3.545422745E1,-2.143982887E1,-1.868034363E1
2.400994421E1,-3.551915741E1,-2.100862312E1,-1.911480713E1
2.403010821E1,-3.546488190E1,-2.040769005E1,-1.944004822E1
2.405027221E1,-3.586405945E1,-1.972448921E1,-2.053628540E1
2.407043621E1,-3.601578522E1,-1.878328133E1,-2.128305054E1
2.409060021E1,-3.597996521E1,-1.752743149E1,-2.253295135E1
2.411076321E1,-3.574803162E1,-1.571358490E1,-2.418339539E1
2.413092721E1,-3.565647125E1,-1.363022614E1,-2.538183594E1
2.415109121E1,-3.576211166E1,-1.178906631E1,-2.602739716E1
2.417125521E1,-3.572349167E1,-1.035319901E1,-2.671759033E1
2.419141921E1,-3.591614151E1,-8.239049911E0,-2.708833313E1
2.421158321E1,-3.612211609E1,-5.322299957E0,-2.744429779E1
2.423174721E1,-3.639294052E1,-2.374029160E0,-2.676011658E1
2.425191121E1,-3.660110855E1,-2.039203644E-1,-2.644642639E1
2.427207521E1,-3.651682663E1,1.026086807E0,-2.677740479E1
2.429223921E1,-3.570170975E1,1.687236786E0,-2.777256775E1
2.431240321E1,-3.454165649E1,1.801286697E0,-2.914919281E1
2.433256721E1,-3.423492432E1,7.818279266E-1,-2.986013031E1
2.435273121E1,-3.451108932E1,-9.368228912E-1,-2.949254608E1
2.437289521E1,-3.539613342E1,-2.562936783E0,-2.888339996E1
2.439305921E1,-3.629298019E1,-3.540903091E0,-2.767879486E1
2.441322321E1,-3.709564972E1,-4.290964127E0,-2.646354675E1
2.443338721E1,-3.823121643E1,-4.788795471E0,-2.485031891E1
2.445355121E1,-3.911646271E1,-5.667001724E0,-2.327993011E1
2.447371521E1,-3.977437210E1,-6.922605515E0,-2.226325989E1
2.449387921E1,-3.988896942E1,-8.086397171E0,-2.165474701E1
2.451404221E1,-3.969901276E1,-9.122697830E0,-2.141532135E1
2.453420621E1,-3.958187103E1,-1.005246544E1,-2.125959778E1
2.455437021E1,-3.938793945E1,-1.085282898E1,-2.090711975E1
2.457453421E1,-3.962668991E1,-1.116119766E1,-2.067591858E1
2.459469821E1,-3.977616882E1,-1.134652519E1,-1.974990082E1
2.461486221E1,-4.029891586E1,-1.104441071E1,-1.899073029E1
2.463502621E1,-4.072977829E1,-1.043080139E1,-1.862327576E1
2.465519021E1,-4.100188446E1,-9.805524826E0,-1.858358765E1
2.467535421E1,-4.110644150E1,-9.301420212E0,-1.878790283E1
2.469551821E1,-4.093813324E1,-8.543279648E0,-1.891108704E1
2.471568221E1,-4.106303406E1,-8.187177658E0,-1.928868103E1
2.473584621E1,-4.057785034E1,-7.309717178E0,-2.000056458E1
2.475601021E1,-3.992682648E1,-5.645309448E0,-2.191404724E1
2.477617421E1,-3.862631226E1,-2.733318329E0,-2.398218536E1
2.479633821E1,-3.724922562E1,1.365770340E0,-2.609896088E1
2.481650221E1,-3.605727768E1,5.356122971E0,-2.721479034E1
2.483666621E1,-3.542269135E1,8.208725929E0,-2.709348297E1
2.485683021E1,-3.490902328E1,1.063357735E1,-2.693198395E1
2.487699421E1,-3.397991562E1,1.241093063E1,-2.701502991E1
2.489715821E1,-3.369073486E1,1.368656349E1,-2.758527374E1
2.491732221E1,-3.379078674E1,1.355765533E1,-2.781963348E1
2.493748621E1,-3.408915710E1,1.258922195E1,-2.783024597E1
2.495765021E1,-3.442955017E1,1.166614246E1,-2.818920898E1
2.497781421E1,-3.440461731E1,1.088857555E1,-2.842689514E1
2.499797821E1,-3.487588120E1,9.925188065E0,-2.864688110E1
2.501814221E1,-3.529057693E1,8.980872154E0,-2.883215332E1
2.503830621E1,-3.566810608E1,7.851611137E0,-2.881034851E1
2.505847021E1,-3.608838654E1,6.942365646E0,-2.840233612E1
2.507863421E1,-3.648991394E1,6.608971596E0,-2.814946747E1
2.509879821E1,-3.700279999E1,6.160243988E0,-2.745053864E1
2.511896221E1,-3.718508911E1,5.819881439E0,-2.704988098E1
2.513912621E1,-3.728663254E1,5.618987083E0,-2.720189667E1
2.515929021E1,-3.678649902E1,5.267721176E0,-2.731034851E1
2.517945421E1,-3.643626785E1,4.837055206E0,-2.777306366E1
2.519961821E1,-3.583754349E1,4.699111938E0,-2.800006866E1
2.521978221E1,-3.543610382E1,4.962490082E0,-2.831340790E1
2.523994621E1,-3.477150726E1,6.435847282E0,-2.881749725E1
2.526011021E1,-3.377662277E1,8.475530624E0,-2.918512726E1
2.528027421E1,-3.242919922E1,1.110407925E1,-2.930867004E1
2.530043821E1,-3.133869553E1,1.383260918E1,-2.896832275E1
2.532060221E1,-3.060890961E1,1.633355713E1,-2.808222198E1
2.534076621E1,-2.986359024E1,1.833761215E1,-2.774337769E1
2.536093021E1,-2.811702728E1,1.971270752E1,-2.844085693E1
2.538109421E1,-2.685672760E1,2.131893349E1,-2.846820831E1
2.540125821E1,-2.615838242E1,2.371603775E1,-2.691097260E1
2.542142221E1,-2.595055962E1,2.583346558E1,-2.502909851E1
2.544158621E1,-2.572164154E1,2.703124237E1,-2.384752655E1
2.546175021E1,-2.502046204E1,2.760695457E1,-2.374721527E1
2.548191421E1,-2.396781921E1,2.854649353E1,-2.325099945E1
2.550207821E1,-2.300479889E1,2.983940697E1,-2.259229279E1
2.552224221E1,-2.282415581E1,3.015250397E1,-2.211036682E1
2.554240621E1,-2.258548737E1,3.047342300E1,-2.177810669E1
2.556257021E1,-2.220766830E1,3.076568222E1,-2.198506927E1
2.558273421E1,-2.168980408E1,3.080601883E1,-2.253042603E1
2.560289821E1,-2.152693176E1,3.064799881E1,-2.293608093E1
2.562306221E1,-2.136431122E1,3.017328072E1,-2.391862488E1
2.564322621E1,-2.147482109E1,2.995128632E1,-2.446927643E1
2.566339021E1,-2.178312492E1,2.950193024E1,-2.518394470E1
2.568355421E1,-2.181226540E1,2.896619797E1,-2.581207275E1
2.570371821E1,-2.194063568E1,2.790920258E1,-2.731187439E1
2.572388221E1,-2.235987473E1,2.639415359E1,-2.894477844E1
2.574404700E1,-2.299517632E1,2.483501053E1,-2.959902191E1
2.576421100E1,-2.349897385E1,2.342786980E1,-3.069246674E1
2.578437500E1,-2.363343811E1,2.209295845E1,-3.186949158E1
2.580453900E1,-2.359482384E1,2.043400574E1,-3.270858002E1
2.582470300E1,-2.368516731E1,1.920524406E1,-3.359780884E1
2.584486700E1,-2.353656769E1,1.782274246E1,-3.418575287E1
2.586503100E1,-2.342470932E1,1.691035461E1,-3.478836823E1
2.588519500E1,-2.300278091E1,1.587266731E1,-3.529122925E1
2.590535900E1,-2.246543503E1,1.514439011E1,-3.595608521E1
2.592552300E1,-2.189571762E1,1.461054420E1,-3.651390839E1
2.594568700E1,-2.100019455E1,1.424276257E1,-3.711432648E1
2.596585100E1,-2.007252693E1,1.457800007E1,-3.724487305E1
2.598601500E1,-1.936537361E1,1.533163071E1,-3.745816803E1
2.600617900E1,-1.846278381E1,1.663600349E1,-3.715671539E1
2.602634300E1,-1.702580261E1,1.822728348E1,-3.669702148E1
2.604650700E1,-1.569437599E1,1.978072929E1,-3.641184235E1
2.606667100E1,-1.419189835E1,2.172749519E1,-3.568640900E1
2.608683500E1,-1.320726204E1,2.385322189E1,-3.462474060E1
2.610699900E1,-1.188380814E1,2.623012161E1,-3.287604523E1
2.612716300E1,-1.051730251E1,2.900525284E1,-3.060559845E1
2.614732700E1,-9.000938416E0,3.162924957E1,-2.774768066E1
2.616749100E1,-7.598430634E0,3.369296265E1,-2.519712067E1
2.618765500E1,-6.455647469E0,3.515145493E1,-2.271234131E1
2.620781900E1,-5.527048111E0,3.616133881E1,-2.051259613E1
2.622798300E1,-4.620660782E0,3.732240295E1,-1.807740021E1
2.624814700E1,-3.922632217E0,3.863858032E1,-1.491491699E1
2.626831100E1,-3.085670471E0,3.934704590E1,-1.233316040E1
2.628847500E1,-2.653989792E0,3.973731995E1,-9.912597656E0
2.630863900E1,-2.836388588E0,3.963351440E1,-9.629325867E0
2.632880400E1,-3.139112473E0,3.964170074E1,-1.057360077E1
2.634896800E1,-3.214368820E0,3.904082108E1,-1.242565918E1
2.636913200E1,-3.456222534E0,3.818789673E1,-1.469020081E1
2.638929600E1,-3.490389824E0,3.718937683E1,-1.751391602E1
2.640946000E1,-3.109594345E0,3.619203949E1,-2.008559418E1
2.642962400E1,-2.815681458E0,3.477677155E1,-2.247496033E1
2.644978800E1,-2.468182564E0,3.325138474E1,-2.504811096E1
2.646995200E1,-2.259493828E0,3.162576675E1,-2.732882690E1
2.649011600E1,-2.014966011E0,2.981097412E1,-2.939137268E1
2.651028000E1,-1.548583984E0,2.757374763E1,-3.153231812E1
2.653044400E1,-9.738340378E-1,2.556209373E1,-3.331592560E1
2.655060800E1,-3.553705215E-1,2.344964600E1,-3.457641602E1
2.657077200E1,-2.608251572E-1,2.140799713E1,-3.602437592E1
2.659093600E1,2.195930481E-1,1.965979576E1,-3.723801422E1
2.661110000E1,7.854642868E-1,1.814418983E1,-3.772541809E1
2.663126400E1,1.485443115E0,1.683860207E1,-3.811702728E1
2.665142800E1,1.891739845E0,1.570487690E1,-3.864015961E1
2.667159200E1,2.450472832E0,1.501424217E1,-3.893920135E1
2.669175600E1,2.877574921E0,1.491004944E1,-3.902907562E1
2.671192100E1,3.021562576E0,1.499946976E1,-3.869290924E1
2.673208500E1,2.963551521E0,1.591964436E1,-3.853478241E1
2.675224813E1,3.471403122E0,1.689532852E1,-3.769921112E1
2.677241213E1,3.889882088E0,1.826542664E1,-3.694612122E1
2.679257613E1,4.793633461E0,1.946643066E1,-3.610493469E1
2.681274012E1,5.731404305E0,2.096232033E1,-3.492216492E1
2.683290413E1,6.858471870E0,2.303922844E1,-3.279959106E1
2.685306812E1,7.999651909E0,2.540564156E1,-3.040119934E1
2.687323213E1,9.004243851E0,2.763155365E1,-2.789521027E1
2.689339613E1,1.000581741E1,2.906349945E1,-2.520857239E1
2.691356013E1,1.070511627E1,3.060377693E1,-2.308635712E1
2.693372413E1,1.147441864E1,3.192684174E1,-2.008686829E1
2.695388813E1,1.223928356E1,3.309413147E1,-1.708741760E1
2.697405213E1,1.266835213E1,3.398936462E1,-1.492673492E1
2.699421612E1,1.288673973E1,3.456051636E1,-1.277706146E1
2.701438113E1,1.321290112E1,3.493915558E1,-1.116448975E1
2.703454513E1,1.370793629E1,3.491374207E1,-9.762489319E0
2.705470913E1,1.397070599E1,3.490557098E1,-8.765502930E0
2.707487313E1,1.426527691E1,3.480476379E1,-8.441200256E0
2.709503712E1,1.494092464E1,3.442148590E1,-8.179176331E0
2.711520113E1,1.546499348E1,3.386266708E1,-8.439620972E0
2.713536512E1,1.602252960E1,3.323419189E1,-9.351570129E0
2.715552913E1,1.655138016E1,3.262774658E1,-1.042784882E1
2.717569312E1,1.749790573E1,3.157257080E1,-1.187887573E1
2.719585713E1,1.824644661E1,3.048794937E1,-1.320523834E1
2.721602113E1,1.897976685E1,2.928621292E1,-1.516851044E1
2.723618513E1,1.945488739E1,2.785126114E1,-1.671665955E1
2.725635013E1,2.014666367E1,2.610365868E1,-1.848691559E1
2.727651412E1,2.090706825E1,2.443457794E1,-2.056804657E1
2.729667813E1,2.131925964E1,2.277393150E1,-2.199179840E1
2.731684213E1,2.141879272E1,2.072439957E1,-2.391025543E1
2.733700613E1,2.167420769E1,1.850417709E1,-2.545663452E1
2.735717013E1,2.155895805E1,1.647631645E1,-2.709091187E1
2.737733413E1,2.182595825E1,1.440575886E1,-2.839980316E1
2.739749813E1,2.200228119E1,1.264580727E1,-2.944582367E1
2.741766212E1,2.207787323E1,1.085111809E1,-2.991788483E1
2.743782613E1,2.244849014E1,9.215604782E0,-3.030860138E1
2.745799113E1,2.296999550E1,7.718971252E0,-3.043286133E1
2.747815513E1,2.361783028E1,6.932520866E0,-3.013543701E1
2.749831913E1,2.436796570E1,6.419454575E0,-2.990650177E1
2.751848312E1,2.491884613E1,6.039195061E0,-2.951581573E1
2.753864713E1,2.526184273E1,6.040417671E0,-2.903459167E1
2.755881112E1,2.542237282E1,6.579754829E0,-2.899567413E1
2.757897513E1,2.588296700E1,7.095460892E0,-2.834510040E1
2.759913912E1,2.661068726E1,7.771933556E0,-2.751605988E1
2.761930313E1,2.710431480E1,8.393152237E0,-2.679705048E1
2.763946813E1,2.763718796E1,9.348073959E0,-2.566026306E1
2.765963212E1,2.798453522E1,1.050021744E1,-2.468001556E1
2.767979613E1,2.854665375E1,1.145592785E1,-2.340619659E1
2.769996012E1,2.888602448E1,1.251673126E1,-2.194995880E1
2.772012413E1,2.949799347E1,1.370435810E1,-2.011566162E1
2.774028808E1,3.018719292E1,1.476473236E1,-1.813169098E1
2.776045208E1,3.088137054E1,1.555675125E1,-1.588538361E1
2.778061708E1,3.144520187E1,1.623072243E1,-1.433032227E1
2.780078108E1,3.173052788E1,1.648099327E1,-1.285937500E1
2.782094508E1,3.217669296E1,1.649406052E1,-1.198272705E1
2.784110908E1,3.231198120E1,1.663412476E1,-1.106098175E1
2.786127308E1,3.238228989E1,1.632730675E1,-1.074522400E1
2.788143708E1,3.239881897E1,1.599651146E1,-1.072772980E1
2.790160108E1,3.261143875E1,1.574565792E1,-1.075120544E1
2.792176508E1,3.251124573E1,1.555386925E1,-1.093395233E1
2.794193008E1,3.258016968E1,1.514305878E1,-1.132810974E1
2.796209408E1,3.256446457E1,1.502703571E1,-1.185964203E1
2.798225808E1,3.263987732E1,1.462721825E1,-1.211676025E1
2.800242208E1,3.253455353E1,1.450679207E1,-1.248651886E1
2.802258608E1,3.243458557E1,1.443880081E1,-1.286238861E1
2.804275008E1,3.231302261E1,1.402128220E1,-1.354048920E1
2.806291508E1,3.205993271E1,1.374676514E1,-1.428014374E1
2.808307908E1,3.200758362E1,1.341574860E1,-1.509201050E1
2.810324308E1,3.187799263E1,1.325642014E1,-1.577915955E1
2.812340708E1,3.183024979E1,1.280607796E1,-1.653162384E1
2.814357108E1,3.172765350E1,1.224597454E1,-1.711454010E1
2.816373508E1,3.176044464E1,1.162949657E1,-1.785900879E1
2.818389908E1,3.139641190E1,1.100904369E1,-1.889189148E1
2.820406408E1,3.086160469E1,1.009506989E1,-2.003565216E1
2.822422808E1,3.043639565E1,9.339518547E0,-2.138687134E1
2.824439208E1,2.982670975E1,8.486120224E0,-2.237409210E1
2.826455608E1,2.951807022E1,7.841655731E0,-2.307073975E1
2.828472008E1,2.934548950E1,6.820704460E0,-2.360174561E1
2.830488508E1,2.901632309E1,6.119972229E0,-2.411164093E1
2.832504908E1,2.892973709E1,5.365338326E0,-2.482021332E1
2.834521308E1,2.869434166E1,4.744622231E0,-2.493664551E1
2.836537708E1,2.895456123E1,4.190544128E0,-2.513166809E1
2.838554108E1,2.920533943E1,3.704849243E0,-2.478463745E1
2.840570508E1,2.937036896E1,3.398567200E0,-2.447992706E1
2.842587008E1,2.938836670E1,3.190580368E0,-2.423548126E1
2.844603408E1,2.966830063E1,3.235851288E0,-2.427974701E1
2.846619808E1,2.986067963E1,3.230939865E0,-2.412403107E1
2.848636208E1,3.021828461E1,3.403421402E0,-2.390320587E1
2.850652608E1,3.070305634E1,3.756347656E0,-2.335211182E1
2.852669108E1,3.129084396E1,3.904014587E0,-2.268803406E1
2.854685508E1,3.168201637E1,4.333028793E0,-2.178849030E1
2.856701908E1,3.199422264E1,5.241546631E0,-2.105300140E1
2.858718308E1,3.244220352E1,5.923056602E0,-2.085752869E1
2.860734708E1,3.281021118E1,6.537766457E0,-2.032763672E1
2.862751208E1,3.352537155E1,7.323859215E0,-1.927738190E1
2.864767608E1,3.421191788E1,8.069382668E0,-1.796073914E1
2.866784008E1,3.480593872E1,8.773931503E0,-1.622308350E1
2.868800408E1,3.484755707E1,9.142098427E0,-1.611247253E1
2.870816808E1,3.451985550E1,1.008498001E1,-1.684704590E1
2.872833308E1,3.408583832E1,1.072397232E1,-1.696665192E1
2.874849708E1,3.387402344E1,1.149103737E1,-1.681021881E1
2.876866108E1,3.380393982E1,1.221718788E1,-1.640779877E1
2.878882508E1,3.382883453E1,1.289960957E1,-1.643238068E1
2.880899008E1,3.401126480E1,1.329296112E1,-1.584432220E1
2.882915408E1,3.409371185E1,1.363420105E1,-1.540261078E1
2.884931808E1,3.383887482E1,1.393104362E1,-1.555472565E1
2.886948208E1,3.349417114E1,1.421899796E1,-1.618390656E1
2.888964608E1,3.310120773E1,1.453874779E1,-1.677027130E1
2.890981108E1,3.296667862E1,1.466254997E1,-1.704187775E1
2.892997508E1,3.288157272E1,1.491145229E1,-1.707381439E1
2.895013908E1,3.274098969E1,1.499388313E1,-1.721861267E1
2.897030308E1,3.273797607E1,1.506328678E1,-1.734907532E1
2.899046808E1,3.273476410E1,1.504573536E1,-1.783925629E1
2.901063208E1,3.240830231E1,1.506784630E1,-1.850501251E1
2.903079608E1,3.208680725E1,1.494429779E1,-1.939277649E1
2.905096008E1,3.174990082E1,1.442308044E1,-2.029713440E1
2.907112508E1,3.148553658E1,1.365056419E1,-2.122047424E1
2.909128908E1,3.092308998E1,1.239388657E1,-2.297280884E1
2.911145308E1,2.991731071E1,1.119108391E1,-2.490233612E1
2.913161708E1,2.893052864E1,9.667928696E0,-2.679954529E1
2.915178208E1,2.781367493E1,7.644117355E0,-2.836282349E1
2.917194608E1,2.731710052E1,5.323762894E0,-2.912989807E1
2.919211008E1,2.682067871E1,3.360511780E0,-2.965592957E1
2.921227408E1,2.642077446E1,1.375375748E0,-3.005288696E1
2.923243908E1,2.604048920E1,1.349277496E-1,-3.042784882E1
2.925260308E1,2.541679001E1,-1.413805008E0,-3.073349762E1
2.927276708E1,2.501906204E1,-2.172246933E0,-3.101592255E1
2.929293108E1,2.492788315E1,-2.758649826E0,-3.076567078E1
2.931309608E1,2.512548447E1,-3.097629547E0,-3.042837524E1
2.933326008E1,2.566391373E1,-3.093358994E0,-2.996257782E1
2.935342408E1,2.635963058E1,-2.669055939E0,-2.969962311E1
2.937358808E1,2.666851807E1,-2.084890366E0,-2.932575226E1
2.939375308E1,2.746030045E1,-1.310081482E0,-2.862754059E1
2.941391708E1,2.829969978E1,-2.946376801E-1,-2.832437897E1
2.943408108E1,2.917752838E1,7.509155273E-1,-2.743698120E1
2.945424508E1,2.990509224E1,1.897821426E0,-2.657120514E1
2.947441008E1,3.113642883E1,3.674921036E0,-2.524580383E1
2.949457408E1,3.203006744E1,4.960351944E0,-2.420071411E1
2.951473808E1,3.255987549E1,5.916510582E0,-2.344062805E1
2.953490308E1,3.300881577E1,7.036899567E0,-2.266477203E1
2.955506708E1,3.335069275E1,7.847311974E0,-2.211537170E1
2.957523108E1,3.391679382E1,8.379724503E0,-2.142662811E1
2.959539508E1,3.434909821E1,8.930228233E0,-2.081210327E1
2.961556008E1,3.450056076E1,9.404818535E0,-2.066030121E1
2.963572408E1,3.436703110E1,9.402176857E0,-2.063881683E1
2.965588808E1,3.455041504E1,9.382814407E0,-2.047037506E1
2.967605308E1,3.457809448E1,9.471745491E0,-2.038416290E1
2.969621708E1,3.447758484E1,1.000379372E1,-2.038171387E1
2.971638108E1,3.440162277E1,1.105920601E1,-1.998583221E1
2.973654508E1,3.488616180E1,1.230124855E1,-1.869433594E1
2.975671038E1,3.539129257E1,1.343988800E1,-1.704531097E1
2.977687438E1,3.566540909E1,1.422320938E1,-1.577457428E1
2.979703837E1,3.565736008E1,1.467340088E1,-1.496712494E1
2.981720338E1,3.540627670E1,1.504238415E1,-1.483367157E1
2.983736738E1,3.540507507E1,1.512020302E1,-1.482761383E1
2.985753138E1,3.543408203E1,1.528017521E1,-1.482131195E1
2.987769638E1,3.529447174E1,1.522889423E1,-1.459304047E1
2.989786038E1,3.527027130E1,1.518971443E1,-1.459289551E1
2.991802438E1,3.517059326E1,1.529277897E1,-1.510382080E1
2.993818938E1,3.470329666E1,1.541240311E1,-1.580091095E1
2.995835337E1,3.458799362E1,1.565337372E1,-1.622060394E1
2.997851738E1,3.437025452E1,1.564750576E1,-1.655483246E1
2.999868138E1,3.453071976E1,1.568717289E1,-1.671675873E1
3.001884637E1,3.451570511E1,1.579797077E1,-1.655693817E1
3.003901038E1,3.426616669E1,1.579659939E1,-1.691069794E1
3.005917437E1,3.393769836E1,1.580472946E1,-1.794662476E1
3.007933938E1,3.336869812E1,1.556941795E1,-1.920223999E1
3.009950338E1,3.227136993E1,1.516051102E1,-2.155847168E1
3.011966737E1,3.153107071E1,1.475036526E1,-2.334423828E1
3.013983238E1,3.192649460E1,1.447381783E1,-2.319300842E1
3.015999638E1,3.323920059E1,1.371541214E1,-2.133773804E1
3.018016038E1,3.452899170E1,1.246221352E1,-2.064218140E1
3.020032538E1,3.385422134E1,1.141734219E1,-2.203284454E1
3.022048938E1,3.264801407E1,1.037948513E1,-2.452170563E1
3.024065338E1,3.131594467E1,9.204318047E0,-2.657644653E1
3.026081838E1,2.959115028E1,7.221344948E0,-2.871282196E1
3.028098237E1,2.842875290E1,5.806742668E0,-3.028128052E1
3.030114638E1,2.755339241E1,4.433879852E0,-3.105487823E1
3.032131138E1,2.703737259E1,3.281581879E0,-3.193619537E1
3.034147537E1,2.709235382E1,2.082490921E0,-3.181715393E1
3.036164038E1,2.722946930E1,1.060167313E0,-3.170095825E1
3.038180438E1,2.759056282E1,6.612415314E-1,-3.157647705E1
3.040196837E1,2.794439888E1,2.463150024E-1,-3.092770386E1
3.042213338E1,2.866698074E1,2.735881805E-1,-3.027200317E1
3.044229738E1,2.948202515E1,6.618995667E-1,-2.967236328E1
3.046246138E1,3.033447456E1,1.210174561E0,-2.870027924E1
3.048262638E1,3.133144951E1,1.798723221E0,-2.778014374E1
3.050279038E1,3.214263916E1,2.505786896E0,-2.706447601E1
3.052295438E1,3.276717377E1,3.239501953E0,-2.606344604E1
3.054311938E1,3.320135498E1,4.223604202E0,-2.523242950E1
3.056328337E1,3.376906586E1,5.407429695E0,-2.473557281E1
3.058344837E1,3.392027283E1,6.235916138E0,-2.403850555E1
3.060361238E1,3.410103607E1,7.010535240E0,-2.356653595E1
3.062377637E1,3.443345642E1,7.716939926E0,-2.277555084E1
3.064394138E1,3.495275116E1,8.413251877E0,-2.183001709E1
3.066410538E1,3.507793427E1,9.148276329E0,-2.097116089E1
3.068426937E1,3.532709503E1,9.928703308E0,-2.031956482E1
3.070443438E1,3.543258667E1,1.047641850E1,-1.974782562E1
3.072459838E1,3.571809387E1,1.141809750E1,-1.878976440E1
3.074476271E1,3.605763245E1,1.193983078E1,-1.775531769E1
3.076492771E1,3.647789764E1,1.253015232E1,-1.623619843E1
3.078509171E1,3.681037140E1,1.288601494E1,-1.549170685E1
3.080525571E1,3.677092361E1,1.297588444E1,-1.497269440E1
3.082542071E1,3.664989853E1,1.350875854E1,-1.471173859E1
3.084558471E1,3.658415222E1,1.380244064E1,-1.444857025E1
3.086574971E1,3.664777756E1,1.398572922E1,-1.405583954E1
3.088591371E1,3.663926315E1,1.416981792E1,-1.399973297E1
3.090607771E1,3.628529739E1,1.459066772E1,-1.421988678E1
3.092624271E1,3.621625519E1,1.495101738E1,-1.425020599E1
3.094640671E1,3.596973419E1,1.517360687E1,-1.424842072E1
3.096657071E1,3.592697144E1,1.544855881E1,-1.397945404E1
3.098673571E1,3.556441879E1,1.573937607E1,-1.461521149E1
3.100689971E1,3.494100571E1,1.608851814E1,-1.541823578E1
3.102706471E1,3.434679031E1,1.641026497E1,-1.603312683E1
3.104722871E1,3.404231262E1,1.654397202E1,-1.638504028E1
3.106739271E1,3.328832626E1,1.611311913E1,-1.776359558E1
3.108755771E1,3.279692841E1,1.553178787E1,-1.921846008E1
3.110772171E1,3.211743164E1,1.463513565E1,-2.087368011E1
3.112788571E1,3.154199982E1,1.349818707E1,-2.238726044E1
3.114805071E1,3.111487579E1,1.235180283E1,-2.344989014E1
3.116821471E1,3.078317261E1,1.126655483E1,-2.434479523E1
3.118837971E1,3.077533340E1,1.015694046E1,-2.496142578E1
3.120854371E1,3.053506470E1,8.885865211E0,-2.548647308E1
3.122870771E1,2.997109604E1,7.705438614E0,-2.674129486E1
3.124887271E1,2.924499512E1,6.875593185E0,-2.759200287E1
3.126903671E1,2.832439804E1,6.031368256E0,-2.868537140E1
3.128920171E1,2.797860336E1,5.254163742E0,-2.934592438E1
3.130936571E1,2.768156433E1,4.406517029E0,-2.951673126E1
3.132952971E1,2.794090652E1,3.560800552E0,-2.920927429E1
3.134969471E1,2.784970093E1,3.098688126E0,-2.940107727E1
3.136985871E1,2.777304459E1,2.707618713E0,-2.974407959E1
3.139002371E1,2.790102386E1,2.212463379E0,-2.939501953E1
3.141018771E1,2.819961929E1,2.284851074E0,-2.893676758E1
3.143035171E1,2.873694229E1,2.024990082E0,-2.858751678E1
3.145051671E1,2.957596970E1,2.153444290E0,-2.750588226E1
3.147068071E1,3.001261139E1,2.138647079E0,-2.696987152E1
3.149084571E1,3.050482941E1,2.118852615E0,-2.627254486E1
3.151100971E1,3.100228119E1,2.395982742E0,-2.559375000E1
3.153117371E1,3.141130066E1,2.505578995E0,-2.484367371E1
3.155133871E1,3.184240150E1,2.695680618E0,-2.427006531E1
3.157150271E1,3.200711060E1,2.474395752E0,-2.376673889E1
3.159166771E1,3.196754456E1,2.763259888E0,-2.340206909E1
3.161183171E1,3.210743332E1,3.189470291E0,-2.326005554E1
3.163199571E1,3.262554932E1,3.711471558E0,-2.261644745E1
3.165216071E1,3.272203064E1,4.446584702E0,-2.180524445E1
3.167232471E1,3.303858948E1,5.111634254E0,-2.137242889E1
3.169248971E1,3.327675629E1,5.873135567E0,-2.045330048E1
3.171265371E1,3.365827942E1,6.576739311E0,-1.941004944E1
3.173281771E1,3.420967484E1,7.123048782E0,-1.812797546E1
3.175298296E1,3.438724899E1,7.367016792E0,-1.752372742E1
3.177314696E1,3.434280777E1,7.238558769E0,-1.713540649E1
3.179331196E1,3.427013397E1,7.294405937E0,-1.717699432E1
3.181347596E1,3.409061432E1,7.536442757E0,-1.726386261E1
3.183364096E1,3.401828003E1,7.903849602E0,-1.725955963E1
3.185380496E1,3.376425171E1,8.626715660E0,-1.697399139E1
3.187396896E1,3.374955368E1,8.886568069E0,-1.664499664E1
3.189413396E1,3.389982605E1,9.102883339E0,-1.626007843E1
3.191429796E1,3.370271683E1,9.818693161E0,-1.632042694E1
3.193446296E1,3.346492004E1,1.049645233E1,-1.628289795E1
3.195462696E1,3.299333191E1,1.105330849E1,-1.636735535E1
3.197479196E1,3.265211487E1,1.161758423E1,-1.672234344E1
3.199495596E1,3.213658524E1,1.191168499E1,-1.739012909E1
3.201511996E1,3.135151100E1,1.233430481E1,-1.824548340E1
3.203528496E1,3.062966537E1,1.218963528E1,-1.949066162E1
3.205544896E1,2.990119934E1,1.189965248E1,-2.034820557E1
3.207561396E1,2.936231232E1,1.145943928E1,-2.144818878E1
3.209577796E1,2.892516518E1,1.073859024E1,-2.232903290E1
3.211594296E1,2.887359810E1,9.877160072E0,-2.246598053E1
3.213610696E1,2.890497208E1,9.109756470E0,-2.268788910E1
3.215627096E1,2.870416832E1,8.027142525E0,-2.313935089E1
3.217643596E1,2.802345276E1,7.291169167E0,-2.436637878E1
3.219659996E1,2.695162201E1,6.560608864E0,-2.553211212E1
3.221676496E1,2.593186951E1,5.918668747E0,-2.642676544E1
3.223692896E1,2.524217224E1,5.322746277E0,-2.702597046E1
3.225709396E1,2.470751953E1,4.523895264E0,-2.749716187E1
3.227725796E1,2.427079773E1,4.257215500E0,-2.781864929E1
3.229742196E1,2.421366119E1,3.959930420E0,-2.803276825E1
3.231758696E1,2.434042740E1,3.893018723E0,-2.790651703E1
3.233775096E1,2.432767105E1,3.776527405E0,-2.756604767E1
3.235791596E1,2.476268387E1,3.780225754E0,-2.716787720E1
3.237807996E1,2.502325439E1,3.909542084E0,-2.675416565E1
3.239824496E1,2.550391769E1,3.914934158E0,-2.621018982E1
3.241840896E1,2.567092514E1,3.881553650E0,-2.590568542E1
3.243857396E1,2.599192619E1,3.878234863E0,-2.551024628E1
3.245873796E1,2.651332664E1,4.008108139E0,-2.513808441E1
3.247890196E1,2.695121384E1,3.833053589E0,-2.417997742E1
3.249906696E1,2.772157288E1,3.787977219E0,-2.344823456E1
3.251923096E1,2.817158127E1,3.905424118E0,-2.267355347E1
3.253939596E1,2.836389923E1,3.860563278E0,-2.236151123E1
3.255955996E1,2.861730766E1,3.975831985E0,-2.197312164E1
3.257972496E1,2.906501579E1,4.035196304E0,-2.150874329E1
3.259988896E1,2.926648712E1,4.606603622E0,-2.090101624E1
3.262005296E1,2.954151535E1,5.255868912E0,-2.075677490E1
3.264021796E1,2.994044113E1,5.850643158E0,-1.975251770E1
3.266038196E1,3.082011223E1,6.531623840E0,-1.788214111E1
3.268054696E1,3.133247185E1,6.804334641E0,-1.680554199E1
3.270071096E1,3.158817101E1,6.823356628E0,-1.620816040E1
3.272087596E1,3.157139969E1,6.927243233E0,-1.606987762E1
3.274103996E1,3.156510544E1,6.894928932E0,-1.599863434E1
3.276120425E1,3.144348145E1,6.879850388E0,-1.582907104E1
3.278136825E1,3.159763336E1,6.832145691E0,-1.547360229E1
3.280153325E1,3.152827454E1,6.533917427E0,-1.544433594E1
3.282169725E1,3.145778084E1,6.239547729E0,-1.547337341E1
3.284186125E1,3.125364876E1,5.711985588E0,-1.576068115E1
3.286202625E1,3.122702789E1,5.442585945E0,-1.577498627E1
3.288219025E1,3.100142670E1,5.181206703E0,-1.591538239E1
3.290235525E1,3.069821548E1,4.730827332E0,-1.630716705E1
3.292251925E1,3.031064606E1,4.294294357E0,-1.665048981E1
3.294268425E1,2.999307632E1,3.932151794E0,-1.767719269E1
3.296284825E1,2.939937973E1,3.413461685E0,-1.803150940E1
3.298301325E1,2.882426071E1,2.929708481E0,-1.873971558E1
3.300317725E1,2.802071190E1,2.312070847E0,-1.990131378E1
3.302334125E1,2.753333473E1,1.746408463E0,-2.045314026E1
3.304350625E1,2.738409996E1,1.232067108E0,-2.055163574E1
3.306367025E1,2.749830055E1,8.970375061E-1,-2.017145538E1
3.308383525E1,2.751704597E1,4.245891571E-1,-2.008257294E1
3.310399925E1,2.714464188E1,-4.043769836E-2,-2.044716644E1
3.312416425E1,2.637247086E1,-3.747367859E-1,-2.121755219E1
3.314432825E1,2.568400955E1,-8.451862335E-1,-2.202578735E1
3.316449325E1,2.544615555E1,-1.337978363E0,-2.240507507E1
3.318465725E1,2.525175095E1,-2.197498322E0,-2.291287231E1
3.320482225E1,2.480580902E1,-2.725948334E0,-2.325161743E1
3.322498625E1,2.448090744E1,-3.711887360E0,-2.328756714E1
3.324515025E1,2.417562103E1,-4.122869492E0,-2.394415283E1
3.326531525E1,2.384104919E1,-4.959032059E0,-2.432785034E1
3.328547925E1,2.355195999E1,-5.661790848E0,-2.421104431E1
3.330564425E1,2.359039879E1,-6.493984222E0,-2.396869659E1
3.332580825E1,2.383267784E1,-7.498384476E0,-2.350975800E1
3.334597325E1,2.375836754E1,-8.471008301E0,-2.299067688E1
3.336613725E1,2.387861061E1,-9.251070023E0,-2.262306213E1
3.338630225E1,2.370620346E1,-9.603393555E0,-2.234815979E1
3.340646625E1,2.327736282E1,-1.013910103E1,-2.234776306E1
3.342663125E1,2.291936874E1,-1.068734550E1,-2.240614319E1
3.344679525E1,2.241631699E1,-1.138694191E1,-2.200228882E1
3.346696025E1,2.152227402E1,-1.205008698E1,-2.184265137E1
3.348712425E1,2.071977997E1,-1.237208557E1,-2.199281311E1
3.350728925E1,2.018133163E1,-1.259214592E1,-2.205467987E1
3.352745325E1,1.978939819E1,-1.274279976E1,-2.174555969E1
3.354761725E1,1.969535446E1,-1.240355873E1,-2.128446960E1
3.356778225E1,1.959984970E1,-1.229431725E1,-2.122551727E1
3.358794625E1,1.941024780E1,-1.179532242E1,-2.138503265E1
3.360811125E1,1.875042343E1,-1.103416634E1,-2.175032806E1
3.362827525E1,1.843067360E1,-9.937793732E0,-2.227088165E1
3.364844025E1,1.807078934E1,-9.026964188E0,-2.256098175E1
3.366860425E1,1.798670769E1,-8.670274734E0,-2.286404419E1
3.368876925E1,1.764754105E1,-8.173908234E0,-2.289129639E1
3.370893325E1,1.684026527E1,-7.475173950E0,-2.340245056E1
3.372909825E1,1.634139252E1,-7.112693787E0,-2.386832428E1
3.374926246E1,1.583650494E1,-6.635192871E0,-2.397462463E1
3.376942746E1,1.559962559E1,-6.845067978E0,-2.404386902E1
3.378959146E1,1.523871517E1,-7.041669846E0,-2.404727173E1
3.380975646E1,1.475962353E1,-7.602884293E0,-2.398200989E1
3.382992046E1,1.399330235E1,-8.357538223E0,-2.434391785E1
3.385008546E1,1.317515469E1,-9.054008484E0,-2.437752533E1
3.387024946E1,1.227865314E1,-1.011332703E1,-2.432581329E1
3.389041346E1,1.153937054E1,-1.132018280E1,-2.394964600E1
3.391057846E1,1.032460976E1,-1.243557739E1,-2.403431702E1
3.393074246E1,9.043270111E0,-1.355203247E1,-2.413177490E1
3.395090746E1,8.022930145E0,-1.470220757E1,-2.456362915E1
3.397107146E1,6.928554535E0,-1.599368286E1,-2.457395172E1
3.399123646E1,5.733596802E0,-1.713668823E1,-2.496865082E1
3.401140046E1,4.823375702E0,-1.826189804E1,-2.552766418E1
3.403156546E1,4.170009613E0,-1.940070343E1,-2.563623047E1
3.405172946E1,4.037244797E0,-2.062257004E1,-2.583249664E1
3.407189446E1,4.392927170E0,-2.197305298E1,-2.561357880E1
3.409205846E1,5.172141075E0,-2.303585052E1,-2.506196594E1
3.411222346E1,6.357625008E0,-2.408863449E1,-2.489546204E1
3.413238746E1,7.245082855E0,-2.488065529E1,-2.450535583E1
3.415255246E1,8.102739334E0,-2.583967400E1,-2.375167847E1
3.417271646E1,8.794182777E0,-2.671739006E1,-2.315798950E1
3.419288146E1,9.031985283E0,-2.738773537E1,-2.275573730E1
3.421304546E1,9.393043518E0,-2.822918510E1,-2.227596283E1
3.423321046E1,9.625095367E0,-2.910238457E1,-2.138953400E1
3.425337446E1,1.029828453E1,-3.043504143E1,-1.982743835E1
3.427353946E1,1.032739639E1,-3.125576591E1,-1.911822510E1
3.429370346E1,1.039903069E1,-3.198630142E1,-1.835015869E1
3.431386846E1,1.002567101E1,-3.237487411E1,-1.852253723E1
3.433403246E1,9.391917229E0,-3.284219360E1,-1.817776489E1
3.435419746E1,8.891077995E0,-3.314039612E1,-1.826856995E1
3.437436146E1,8.451000214E0,-3.356776428E1,-1.811036682E1
3.439452646E1,8.063055038E0,-3.393289185E1,-1.833708191E1
3.441469046E1,7.253188133E0,-3.395806885E1,-1.865835571E1
3.443485546E1,6.653758049E0,-3.416761017E1,-1.903417969E1
3.445501946E1,5.933905602E0,-3.419493103E1,-1.965046692E1
3.447518446E1,5.218422890E0,-3.410556030E1,-2.001629639E1
3.449534846E1,4.790936470E0,-3.398541260E1,-2.040419006E1
3.451551346E1,4.271463394E0,-3.389047241E1,-2.088228607E1
3.453567746E1,3.756000519E0,-3.396089935E1,-2.094525909E1
3.455584246E1,3.390792847E0,-3.398983765E1,-2.172888947E1
3.457600646E1,2.760506630E0,-3.358738708E1,-2.240737152E1
3.459617146E1,2.132428169E0,-3.341037750E1,-2.317884827E1
3.461633546E1,1.215616226E0,-3.322864914E1,-2.326487732E1
3.463650046E1,2.833261490E-1,-3.338941193E1,-2.353011322E1
3.465666446E1,-4.948005676E-1,-3.379015350E1,-2.382733917E1
3.467682946E1,-1.655971527E0,-3.409394836E1,-2.313310242E1
3.469699346E1,-2.888125420E0,-3.445012665E1,-2.249847412E1
3.471715846E1,-4.007294655E0,-3.496370697E1,-2.204119873E1
3.473732246E1,-5.391804695E0,-3.538739777E1,-2.145101929E1
3.475748758E1,-6.885396004E0,-3.552249146E1,-2.122149658E1
3.477765158E1,-8.216247559E0,-3.558203506E1,-2.102645874E1
3.479781658E1,-9.276186943E0,-3.565264893E1,-2.075080872E1
3.481798058E1,-1.003921318E1,-3.568437958E1,-2.045136261E1
3.483814558E1,-1.110273933E1,-3.563553619E1,-2.028549194E1
3.485830958E1,-1.219739056E1,-3.533347702E1,-2.078366089E1
3.487847458E1,-1.331927967E1,-3.469697189E1,-2.156891632E1
3.489863858E1,-1.428868484E1,-3.393106079E1,-2.259162140E1
3.491880358E1,-1.541904354E1,-3.313350677E1,-2.309288788E1
3.493896758E1,-1.654235649E1,-3.242997742E1,-2.420584106E1
3.495913258E1,-1.767630005E1,-3.133041191E1,-2.484918213E1
3.497929658E1,-1.855953598E1,-3.004764938E1,-2.592049408E1
3.499946158E1,-1.951538849E1,-2.884902000E1,-2.696010590E1
3.501962558E1,-2.053462982E1,-2.783264160E1,-2.717075348E1
3.503979058E1,-2.233604050E1,-2.611019707E1,-2.778937531E1
3.505995458E1,-2.326794052E1,-2.505607605E1,-2.811121368E1
3.508011958E1,-2.413367081E1,-2.417255783E1,-2.876974487E1
3.510028358E1,-2.491985130E1,-2.306044006E1,-2.891128540E1
3.512044858E1,-2.550128555E1,-2.220066261E1,-2.913694763E1
3.514061258E1,-2.601244736E1,-2.217695427E1,-2.937309265E1
3.516077758E1,-2.639803123E1,-2.241073799E1,-2.866351318E1
3.518094158E1,-2.643253899E1,-2.303727531E1,-2.801756287E1
3.520110658E1,-2.636078453E1,-2.393331718E1,-2.774188995E1
3.522127058E1,-2.610680008E1,-2.457489586E1,-2.726576996E1
3.524143558E1,-2.582405472E1,-2.502486992E1,-2.726850128E1
3.526159958E1,-2.553982162E1,-2.560343170E1,-2.701984406E1
3.528176458E1,-2.518974686E1,-2.622276688E1,-2.645720673E1
3.530192958E1,-2.516209412E1,-2.683502960E1,-2.557709503E1
3.532209358E1,-2.506221390E1,-2.768769264E1,-2.511241150E1
3.534225858E1,-2.502925873E1,-2.844676781E1,-2.459054565E1
3.536242258E1,-2.480794716E1,-2.902399445E1,-2.400455475E1
3.538258758E1,-2.452951431E1,-2.956492233E1,-2.358135223E1
3.540275158E1,-2.423424530E1,-3.000427437E1,-2.341214752E1
3.542291658E1,-2.414989853E1,-3.034097481E1,-2.297928619E1
3.544308058E1,-2.395818901E1,-3.043984795E1,-2.281661224E1
3.546324558E1,-2.385900307E1,-3.047692680E1,-2.266617584E1
3.548340958E1,-2.401222610E1,-3.054901314E1,-2.257993317E1
3.550357458E1,-2.392745590E1,-3.066545486E1,-2.264804840E1
3.552373858E1,-2.383645248E1,-3.051877975E1,-2.284873199E1
3.554390358E1,-2.390821075E1,-3.028133774E1,-2.353946686E1
3.556406758E1,-2.403231049E1,-2.979773712E1,-2.379035950E1
3.558423258E1,-2.419633865E1,-2.932486343E1,-2.423190308E1
3.560439658E1,-2.425097656E1,-2.902655411E1,-2.442730713E1
3.562456158E1,-2.441959763E1,-2.867945099E1,-2.483763123E1
3.564472658E1,-2.460037613E1,-2.787939835E1,-2.609368896E1
3.566489058E1,-2.476592255E1,-2.641716957E1,-2.744881439E1
3.568505558E1,-2.496670914E1,-2.508918381E1,-2.876982117E1
3.570521958E1,-2.512367249E1,-2.444466400E1,-2.895637512E1
3.572538458E1,-2.539436722E1,-2.386450386E1,-2.939687347E1
3.574554846E1,-2.555641556E1,-2.352665138E1,-2.945137787E1
3.576571346E1,-2.544308090E1,-2.309364510E1,-2.999680328E1
3.578587746E1,-2.549992561E1,-2.257736969E1,-3.023918915E1
3.580604246E1,-2.581146240E1,-2.222417068E1,-3.071453094E1
3.582620646E1,-2.630136871E1,-2.181832504E1,-3.065433502E1
3.584637146E1,-2.676601791E1,-2.132256508E1,-3.032355499E1
3.586653646E1,-2.713159180E1,-2.099646187E1,-3.045378876E1
3.588670046E1,-2.760313034E1,-2.066540718E1,-3.036289215E1
3.590686546E1,-2.798131561E1,-2.033354378E1,-3.028092957E1
3.592702946E1,-2.797380447E1,-1.985776711E1,-3.051989746E1
3.594719446E1,-2.807938385E1,-1.946822166E1,-3.050094604E1
3.596735846E1,-2.832995987E1,-1.907357597E1,-3.037792206E1
3.598752346E1,-2.834868240E1,-1.874618340E1,-3.052744293E1
3.600768746E1,-2.847731590E1,-1.830188560E1,-3.085186005E1
3.602785246E1,-2.841022873E1,-1.784532356E1,-3.093330383E1
3.604801746E1,-2.838699150E1,-1.764445686E1,-3.126666260E1
3.606818146E1,-2.837915039E1,-1.759418678E1,-3.146371460E1
3.608834646E1,-2.804228973E1,-1.761475182E1,-3.135418701E1
3.610851046E1,-2.825942039E1,-1.775576591E1,-3.174111938E1
3.612867546E1,-2.791878891E1,-1.804049492E1,-3.149674988E1
3.614883946E1,-2.802257919E1,-1.829968071E1,-3.120109558E1
3.616900446E1,-2.799575424E1,-1.863201332E1,-3.090769958E1
3.618916846E1,-2.782532883E1,-1.900362587E1,-3.088941956E1
3.620933346E1,-2.762602615E1,-1.945686150E1,-3.057098389E1
3.622949846E1,-2.762295151E1,-1.990719795E1,-3.061449432E1
3.624966246E1,-2.760366440E1,-2.029915047E1,-3.020380402E1
3.626982746E1,-2.763290787E1,-2.090174294E1,-2.946474457E1
3.628999146E1,-2.776060104E1,-2.160809135E1,-2.887163544E1
3.631015646E1,-2.804809189E1,-2.235673714E1,-2.800695038E1
3.633032046E1,-2.834896088E1,-2.305165482E1,-2.704241943E1
3.635048546E1,-2.857289314E1,-2.342129135E1,-2.655345154E1
3.637065046E1,-2.835771751E1,-2.332748032E1,-2.710040283E1
3.639081446E1,-2.767573547E1,-2.312600327E1,-2.811909485E1
3.641097946E1,-2.740629959E1,-2.318108559E1,-2.824774170E1
3.643114346E1,-2.759008408E1,-2.359318733E1,-2.803625488E1
3.645130846E1,-2.795573807E1,-2.399592781E1,-2.707682800E1
3.647147246E1,-2.837761497E1,-2.434422112E1,-2.626250458E1
3.649163746E1,-2.889109802E1,-2.483061790E1,-2.556121063E1
3.651180246E1,-2.910089302E1,-2.525437737E1,-2.467221832E1
3.653196646E1,-2.927228355E1,-2.584999275E1,-2.358061981E1
3.655213146E1,-2.920289612E1,-2.658352280E1,-2.286454010E1
3.657229546E1,-2.891180611E1,-2.748093414E1,-2.169635773E1
3.659246046E1,-2.900008583E1,-2.820423698E1,-2.092195129E1
3.661262546E1,-2.883836555E1,-2.877343559E1,-2.000897217E1
3.663278946E1,-2.874267578E1,-2.949313545E1,-1.902104950E1
3.665295446E1,-2.851324844E1,-3.014255333E1,-1.869803619E1
3.667311846E1,-2.863078308E1,-2.993195534E1,-1.840360260E1
3.669328346E1,-2.851394272E1,-2.975573921E1,-1.827001190E1
3.671344746E1,-2.861951065E1,-2.973418617E1,-1.838258362E1
3.673361246E1,-2.875687790E1,-2.967539024E1,-1.879261780E1
3.675377683E1,-2.928881645E1,-2.896842384E1,-1.926071167E1
3.677394083E1,-2.996878815E1,-2.826213264E1,-1.955852509E1
3.679410583E1,-3.042927170E1,-2.724556923E1,-2.046057892E1
3.681426983E1,-3.099399376E1,-2.642827797E1,-2.091481781E1
3.683443483E1,-3.151148033E1,-2.531633186E1,-2.157233429E1
3.685459983E1,-3.200223541E1,-2.319003868E1,-2.277371216E1
3.687476383E1,-3.247008133E1,-2.055645561E1,-2.499687958E1
3.689492883E1,-3.248087311E1,-1.736647034E1,-2.732274628E1
3.691509283E1,-3.267253876E1,-1.475861168E1,-2.874773407E1
3.693525783E1,-3.234793854E1,-1.323652840E1,-2.964683533E1
3.695542283E1,-3.178909111E1,-1.244793320E1,-3.072685242E1
3.697558683E1,-3.143385315E1,-1.157291031E1,-3.144992828E1
3.699575183E1,-3.121139336E1,-9.977983475E0,-3.203768921E1
3.701591583E1,-3.138714027E1,-9.006956100E0,-3.236479187E1
3.703608083E1,-3.141242027E1,-8.248340607E0,-3.239202118E1
3.705624583E1,-3.136043549E1,-7.891441345E0,-3.265337372E1
3.707640983E1,-3.115155220E1,-7.636228561E0,-3.290944672E1
3.709657483E1,-3.121138573E1,-7.430038452E0,-3.282288361E1
3.711673883E1,-3.123105431E1,-7.650402069E0,-3.256925201E1
3.713690383E1,-3.158084679E1,-7.781965256E0,-3.244356537E1
3.715706883E1,-3.186090088E1,-7.940801620E0,-3.200020599E1
3.717723283E1,-3.184686470E1,-8.321046829E0,-3.216381073E1
3.719739783E1,-3.200862122E1,-8.598075867E0,-3.202547455E1
3.721756183E1,-3.236007690E1,-9.632362366E0,-3.146670532E1
3.723772683E1,-3.282663727E1,-1.075557137E1,-3.030003357E1
3.725789183E1,-3.308858871E1,-1.202884102E1,-2.951609802E1
3.727805583E1,-3.337937164E1,-1.309985352E1,-2.880639648E1
3.729822083E1,-3.352418900E1,-1.414026260E1,-2.797711182E1
3.731838483E1,-3.395995712E1,-1.555559921E1,-2.637938690E1
3.733854983E1,-3.445875549E1,-1.738263512E1,-2.398615265E1
3.735871483E1,-3.510625839E1,-1.892007446E1,-2.193991852E1
3.737887883E1,-3.529264069E1,-2.018424797E1,-2.030780792E1
3.739904383E1,-3.515910339E1,-2.141028595E1,-1.894530487E1
3.741920883E1,-3.462139893E1,-2.241664505E1,-1.816681671E1
3.743937283E1,-3.385995865E1,-2.362693024E1,-1.783569336E1
3.745953783E1,-3.330272293E1,-2.475892258E1,-1.753839111E1
3.747970183E1,-3.288661957E1,-2.517717171E1,-1.711788177E1
3.749986683E1,-3.264225006E1,-2.613614464E1,-1.611988068E1
3.752003183E1,-3.234894180E1,-2.659759140E1,-1.518127441E1
3.754019583E1,-3.214626312E1,-2.721468735E1,-1.454219055E1
3.756036083E1,-3.195980835E1,-2.762081146E1,-1.412285614E1
3.758052483E1,-3.180519485E1,-2.788541794E1,-1.391977692E1
3.760068983E1,-3.161299515E1,-2.822579575E1,-1.358198547E1
3.762085483E1,-3.125587845E1,-2.861815453E1,-1.350663757E1
3.764101883E1,-3.118484879E1,-2.859541130E1,-1.376335144E1
3.766118383E1,-3.104310989E1,-2.850495338E1,-1.393888855E1
3.768134883E1,-3.074525070E1,-2.833989143E1,-1.478406525E1
3.770151283E1,-3.087668610E1,-2.818800735E1,-1.572158051E1
3.772167783E1,-3.099585724E1,-2.745421600E1,-1.667153168E1
3.774184183E1,-3.131440735E1,-2.645388412E1,-1.769344330E1
3.776200733E1,-3.160963821E1,-2.524783707E1,-1.866172028E1
3.778217233E1,-3.213655472E1,-2.364095306E1,-2.001760864E1
3.780233633E1,-3.279365921E1,-2.191660309E1,-2.131529236E1
3.782250133E1,-3.310318756E1,-2.029715157E1,-2.254164886E1
3.784266533E1,-3.384017181E1,-1.833455658E1,-2.339763641E1
3.786283033E1,-3.417305374E1,-1.622783852E1,-2.361507416E1
3.788299533E1,-3.423740768E1,-1.396009254E1,-2.440985870E1
3.790315933E1,-3.439849854E1,-1.130157471E1,-2.540270233E1
3.792332433E1,-3.453406906E1,-8.778778076E0,-2.627974701E1
3.794348833E1,-3.482810974E1,-7.081953049E0,-2.662948608E1
3.796365333E1,-3.518631363E1,-6.061748505E0,-2.649848938E1
3.798381833E1,-3.550408554E1,-5.496534348E0,-2.621234894E1
3.800398233E1,-3.564615631E1,-5.202396393E0,-2.630182648E1
3.802414733E1,-3.536330032E1,-5.100746155E0,-2.655155182E1
3.804431233E1,-3.523752594E1,-5.267313004E0,-2.701073456E1
3.806447633E1,-3.499045944E1,-6.160247803E0,-2.743267059E1
3.808464133E1,-3.467040634E1,-7.051387787E0,-2.752770233E1
3.810480533E1,-3.475410461E1,-7.617776871E0,-2.735260773E1
3.812497033E1,-3.486344528E1,-8.149600983E0,-2.701284790E1
3.814513533E1,-3.497988129E1,-8.714008331E0,-2.651736450E1
3.816529933E1,-3.490861130E1,-9.429700851E0,-2.646807861E1
3.818546433E1,-3.473254395E1,-1.036651230E1,-2.619589996E1
3.820562933E1,-3.487361908E1,-1.138818741E1,-2.578517914E1
3.822579333E1,-3.514813995E1,-1.340277672E1,-2.436885834E1
3.824595833E1,-3.492391968E1,-1.466742325E1,-2.352696991E1
3.826612333E1,-3.504304123E1,-1.599690819E1,-2.265251160E1
3.828628733E1,-3.497670364E1,-1.709725380E1,-2.174876404E1
3.830645233E1,-3.489423752E1,-1.830484962E1,-2.078597260E1
3.832661633E1,-3.466112518E1,-1.948560143E1,-1.986960602E1
3.834678133E1,-3.454834366E1,-2.032958221E1,-1.911328125E1
3.836694633E1,-3.406650543E1,-2.045075607E1,-1.925860596E1
3.838711033E1,-3.333384323E1,-2.080556870E1,-1.975288391E1
3.840727533E1,-3.300888824E1,-2.151367760E1,-1.962793732E1
3.842744033E1,-3.266173935E1,-2.242446709E1,-1.869927216E1
3.844760433E1,-3.245565033E1,-2.318745422E1,-1.747376251E1
3.846776933E1,-3.244111633E1,-2.341199875E1,-1.702883148E1
3.848793333E1,-3.244608307E1,-2.353864288E1,-1.661741638E1
3.850809833E1,-3.261134338E1,-2.390695572E1,-1.622921753E1
3.852826333E1,-3.277806854E1,-2.397228622E1,-1.524342346E1
3.854842733E1,-3.264434433E1,-2.451249695E1,-1.459474182E1
3.856859233E1,-3.234905624E1,-2.501657867E1,-1.395471954E1
3.858875733E1,-3.212100983E1,-2.536356544E1,-1.371041870E1
3.860892133E1,-3.219871521E1,-2.555468178E1,-1.375460052E1
3.862908633E1,-3.204579544E1,-2.569755745E1,-1.385768127E1
3.864925133E1,-3.203229523E1,-2.562685204E1,-1.389931488E1
3.866941533E1,-3.184961319E1,-2.553603554E1,-1.391630554E1
3.868958033E1,-3.205933762E1,-2.515766907E1,-1.438159180E1
3.870974533E1,-3.238639450E1,-2.421001053E1,-1.532330322E1
3.872990933E1,-3.268011475E1,-2.345348930E1,-1.611498260E1
3.875007813E1,-3.282906342E1,-2.228482628E1,-1.681481934E1
3.877024212E1,-3.320648193E1,-2.093314934E1,-1.746757507E1
3.879040712E1,-3.339840317E1,-1.959213066E1,-1.825942230E1
3.881057213E1,-3.384157181E1,-1.837217522E1,-1.860211945E1
3.883073613E1,-3.439798737E1,-1.684209442E1,-1.856826019E1
3.885090112E1,-3.504452133E1,-1.489576912E1,-1.847639465E1
3.887106612E1,-3.573127365E1,-1.244208336E1,-1.835146332E1
3.889123013E1,-3.641787720E1,-9.659612656E0,-1.882055664E1
3.891139513E1,-3.681981277E1,-6.657690048E0,-1.940791321E1
3.893156012E1,-3.681504822E1,-4.694389343E0,-1.947398376E1
3.895172413E1,-3.671126556E1,-4.100185394E0,-1.917477417E1
3.897188913E1,-3.677703094E1,-3.751913071E0,-1.969451141E1
3.899205413E1,-3.672472000E1,-3.679443359E0,-1.986972809E1
3.901221813E1,-3.655157089E1,-3.529264450E0,-2.015978241E1
3.903238313E1,-3.614675140E1,-3.835538864E0,-2.089002228E1
3.905254713E1,-3.590975571E1,-4.261039734E0,-2.145105743E1
3.907271212E1,-3.558103943E1,-4.971754074E0,-2.161460114E1
3.909287713E1,-3.535478210E1,-5.576896667E0,-2.196994019E1
3.911304113E1,-3.517478561E1,-6.331487656E0,-2.207339478E1
3.913320612E1,-3.488422775E1,-7.322847366E0,-2.180176544E1
3.915337112E1,-3.515010834E1,-8.275371552E0,-2.171227264E1
3.917353513E1,-3.511759186E1,-9.293481827E0,-2.119686890E1
3.919370013E1,-3.494996262E1,-1.051874161E1,-2.070854187E1
3.921386512E1,-3.494806671E1,-1.152411652E1,-2.017979431E1
3.923402913E1,-3.499510193E1,-1.232529449E1,-1.919932556E1
3.925419413E1,-3.496240234E1,-1.304344368E1,-1.857088470E1
3.927435913E1,-3.523664856E1,-1.385324478E1,-1.750254059E1
3.929452313E1,-3.532761383E1,-1.466230965E1,-1.606181335E1
3.931468813E1,-3.564053345E1,-1.573826790E1,-1.443564606E1
3.933485313E1,-3.573769760E1,-1.659091759E1,-1.300592804E1
3.935501712E1,-3.582645416E1,-1.748919106E1,-1.158879852E1
3.937518213E1,-3.594925308E1,-1.789893341E1,-1.029522705E1
3.939534713E1,-3.590493774E1,-1.820522499E1,-9.439186096E0
3.941551113E1,-3.580173492E1,-1.873267937E1,-8.725227356E0
3.943567612E1,-3.562740707E1,-1.893185806E1,-7.858741760E0
3.945584113E1,-3.544754791E1,-1.951087189E1,-7.036987305E0
3.947600513E1,-3.540407944E1,-1.993472099E1,-6.740936279E0
3.949617012E1,-3.524773026E1,-2.026927757E1,-6.679283142E0
3.951633512E1,-3.483646393E1,-2.057551765E1,-6.476692200E0
3.953649913E1,-3.463066483E1,-2.073451996E1,-7.022361755E0
3.955666413E1,-3.459381866E1,-2.078533936E1,-7.237876892E0
3.957682912E1,-3.432741928E1,-2.118213654E1,-7.903114319E0
3.959699313E1,-3.391337967E1,-2.106988525E1,-8.730117798E0
3.961715813E1,-3.367216110E1,-2.085858917E1,-9.710868835E0
3.963732313E1,-3.347685623E1,-2.039327240E1,-1.084617615E1
3.965748713E1,-3.362508774E1,-1.993320465E1,-1.188150787E1
3.967765213E1,-3.352063751E1,-1.934342957E1,-1.239352417E1
3.969781713E1,-3.368579865E1,-1.890242004E1,-1.316520691E1
3.971798112E1,-3.374672699E1,-1.846022797E1,-1.371186066E1
3.973814613E1,-3.383014679E1,-1.765856934E1,-1.446142578E1
3.975830758E1,-3.401383209E1,-1.682831764E1,-1.470954895E1
3.977847158E1,-3.426996231E1,-1.590819740E1,-1.500625610E1
3.979863658E1,-3.469444275E1,-1.498982430E1,-1.521784973E1
3.981880158E1,-3.487354279E1,-1.392020226E1,-1.531072998E1
3.983896558E1,-3.501168823E1,-1.210692406E1,-1.670063019E1
3.985913058E1,-3.504142761E1,-9.884704590E0,-1.752590179E1
3.987929558E1,-3.518452454E1,-6.958833694E0,-1.860321045E1
3.989945958E1,-3.517623901E1,-3.992372513E0,-1.959344482E1
3.991962458E1,-3.509760284E1,-1.950702667E0,-1.999468231E1
3.993978958E1,-3.489226532E1,-7.795333862E-1,-2.012808990E1
3.995995358E1,-3.460517883E1,2.176399231E-1,-2.050730133E1
3.998011858E1,-3.426168823E1,1.087495804E0,-2.120566559E1
4.000028358E1,-3.423402405E1,1.873685837E0,-2.142436218E1
4.002044758E1,-3.416554260E1,2.625415802E0,-2.142857361E1
4.004061258E1,-3.402693176E1,2.792341232E0,-2.145066833E1
4.006077758E1,-3.406285858E1,2.314609528E0,-2.182672119E1
4.008094158E1,-3.381588745E1,1.773605347E0,-2.175860596E1
4.010110658E1,-3.365529633E1,1.321165085E0,-2.231363678E1
4.012127158E1,-3.370266724E1,7.909126282E-1,-2.258231354E1
4.014143558E1,-3.383869934E1,4.936027527E-2,-2.234990692E1
4.016160058E1,-3.363280487E1,-1.292552948E0,-2.196748352E1
4.018176558E1,-3.386996460E1,-2.779489517E0,-2.172920990E1
4.020192958E1,-3.388763046E1,-3.916324615E0,-2.141792297E1
4.022209458E1,-3.406399918E1,-5.313108444E0,-2.094612122E1
4.024225958E1,-3.423518753E1,-6.606464386E0,-2.031945038E1
4.026242358E1,-3.456341171E1,-7.400606155E0,-1.946178436E1
4.028258858E1,-3.477582169E1,-7.883039474E0,-1.874015808E1
4.030275358E1,-3.514852142E1,-7.998058319E0,-1.825082397E1
4.032291758E1,-3.520552063E1,-8.461080551E0,-1.798116302E1
4.034308258E1,-3.544652557E1,-8.799331665E0,-1.754696655E1
4.036324758E1,-3.544924927E1,-9.750242233E0,-1.672590637E1
4.038341158E1,-3.547354889E1,-1.062692642E1,-1.554689026E1
4.040357658E1,-3.568419647E1,-1.122061920E1,-1.432255554E1
4.042374158E1,-3.580495071E1,-1.174765396E1,-1.371799469E1
4.044390558E1,-3.575603485E1,-1.252645111E1,-1.306416321E1
4.046407058E1,-3.552088165E1,-1.306056404E1,-1.252729034E1
4.048423558E1,-3.548554230E1,-1.332929039E1,-1.233456421E1
4.050439958E1,-3.533340454E1,-1.358944702E1,-1.231607056E1
4.052456458E1,-3.530397797E1,-1.360435486E1,-1.256890869E1
4.054472958E1,-3.540761566E1,-1.381381226E1,-1.254901123E1
4.056489458E1,-3.526694489E1,-1.364000702E1,-1.270073700E1
4.058505858E1,-3.515200043E1,-1.336715698E1,-1.315867615E1
4.060522358E1,-3.497765350E1,-1.322226143E1,-1.346342468E1
4.062538858E1,-3.490604401E1,-1.299680901E1,-1.368702698E1
4.064555258E1,-3.510029221E1,-1.214702415E1,-1.412252808E1
4.066571758E1,-3.521487427E1,-1.158163643E1,-1.431802368E1
4.068588258E1,-3.532985687E1,-1.115102768E1,-1.439826965E1
4.070604658E1,-3.561170959E1,-1.033897400E1,-1.435214233E1
4.072621158E1,-3.578236389E1,-9.332332611E0,-1.500566864E1
4.074637658E1,-3.582928467E1,-8.436248779E0,-1.504494476E1
4.076654046E1,-3.596978760E1,-7.520822525E0,-1.527631378E1
4.078670546E1,-3.613875580E1,-6.372894287E0,-1.574799347E1
4.080687046E1,-3.599689484E1,-4.931049347E0,-1.611817169E1
4.082703446E1,-3.603591156E1,-2.613201141E0,-1.653654480E1
4.084719946E1,-3.591464996E1,6.084442139E-4,-1.688819122E1
4.086736446E1,-3.552036667E1,1.874950409E0,-1.690811920E1
4.088752846E1,-3.553086090E1,2.997177124E0,-1.697405243E1
4.090769346E1,-3.538125992E1,3.919036865E0,-1.719389343E1
4.092785846E1,-3.515761566E1,4.582801819E0,-1.721559906E1
4.094802246E1,-3.520853043E1,5.471940994E0,-1.710201263E1
4.096818746E1,-3.507280731E1,6.195874214E0,-1.733432770E1
4.098835246E1,-3.504698181E1,6.874522209E0,-1.715677643E1
4.100851746E1,-3.508067322E1,7.444925308E0,-1.718157196E1
4.102868146E1,-3.496950531E1,8.122694016E0,-1.728577423E1
4.104884646E1,-3.492863464E1,8.544256210E0,-1.726924896E1
4.106901146E1,-3.489592743E1,9.013669014E0,-1.699346161E1
4.108917546E1,-3.517393494E1,9.229693413E0,-1.663135529E1
4.110934046E1,-3.523502731E1,9.079342842E0,-1.671678925E1
4.112950546E1,-3.543793488E1,9.087846756E0,-1.687459564E1
4.114966946E1,-3.556567001E1,9.006991386E0,-1.667234802E1
4.116983446E1,-3.564248657E1,8.905839920E0,-1.629380798E1
4.118999946E1,-3.582163239E1,8.928288460E0,-1.610597229E1
4.121016346E1,-3.585047913E1,8.459347725E0,-1.592768860E1
4.123032846E1,-3.584813690E1,8.292907715E0,-1.615057373E1
4.125049346E1,-3.574089050E1,7.972823143E0,-1.613101196E1
4.127065846E1,-3.554958344E1,7.726015091E0,-1.602716827E1
4.129082246E1,-3.576521301E1,7.573579788E0,-1.580289459E1
4.131098746E1,-3.600732422E1,7.525889397E0,-1.506981659E1
4.133115246E1,-3.617479706E1,7.260182381E0,-1.435407257E1
4.135131646E1,-3.636502838E1,7.433945656E0,-1.365177155E1
4.137148146E1,-3.642832565E1,7.578325272E0,-1.335595703E1
4.139164646E1,-3.621299744E1,7.680160522E0,-1.346947479E1
4.141181046E1,-3.590252686E1,7.702052116E0,-1.395005035E1
4.143197546E1,-3.554914093E1,7.551115990E0,-1.504098511E1
4.145214046E1,-3.547023773E1,7.042428017E0,-1.561418152E1
4.147230546E1,-3.537853622E1,6.652133942E0,-1.561643982E1
4.149246946E1,-3.549819946E1,6.465353966E0,-1.557837677E1
4.151263446E1,-3.535498047E1,6.320984840E0,-1.559500885E1
4.153279946E1,-3.510564041E1,6.189738274E0,-1.537136841E1
4.155296346E1,-3.514677811E1,6.306216240E0,-1.552085876E1
4.157312846E1,-3.476641464E1,6.414499283E0,-1.552113342E1
4.159329346E1,-3.476022720E1,6.626417160E0,-1.622990417E1
4.161345746E1,-3.436296463E1,6.765189171E0,-1.664337921E1
4.163362246E1,-3.400503540E1,6.753426552E0,-1.686428070E1
4.165378746E1,-3.355617905E1,7.160578728E0,-1.705474091E1
4.167395246E1,-3.303553391E1,7.584706306E0,-1.740621185E1
4.169411646E1,-3.262756729E1,8.392509460E0,-1.769023132E1
4.171428146E1,-3.180337524E1,9.333575249E0,-1.837843323E1
4.173444646E1,-3.120284271E1,1.013108253E1,-1.870427704E1
4.175460983E1,-3.063299179E1,1.092592049E1,-1.931591797E1
4.177477483E1,-3.013366699E1,1.183652306E1,-1.913024902E1
4.179493983E1,-2.946339035E1,1.304488754E1,-1.917982483E1
4.181510483E1,-2.869915009E1,1.462526512E1,-1.930806732E1
4.183526883E1,-2.780035019E1,1.624125099E1,-1.871971893E1
4.185543383E1,-2.739895248E1,1.759355736E1,-1.773547363E1
4.187559883E1,-2.709591293E1,1.851864433E1,-1.716811371E1
4.189576283E1,-2.655768585E1,1.935274887E1,-1.705237579E1
4.191592783E1,-2.612650299E1,1.989503479E1,-1.703730011E1
4.193609283E1,-2.536139297E1,2.074672127E1,-1.746946716E1
4.195625783E1,-2.501859665E1,2.141103554E1,-1.723930359E1
4.197642183E1,-2.461534119E1,2.236834145E1,-1.706964874E1
4.199658683E1,-2.415232468E1,2.299431610E1,-1.684815216E1
4.201675183E1,-2.351567841E1,2.377023315E1,-1.688426208E1
4.203691583E1,-2.304459190E1,2.419238091E1,-1.709326172E1
4.205708083E1,-2.242733002E1,2.497594833E1,-1.651660156E1
4.207724583E1,-2.197859573E1,2.569253540E1,-1.629527283E1
4.209741083E1,-2.124646759E1,2.643078232E1,-1.552281952E1
4.211757483E1,-2.059795761E1,2.743885612E1,-1.521000671E1
4.213773983E1,-1.980458069E1,2.823225594E1,-1.465139771E1
4.215790483E1,-1.921772957E1,2.899606133E1,-1.394589233E1
4.217806883E1,-1.864961815E1,2.971742249E1,-1.330321503E1
4.219823383E1,-1.793207359E1,3.038421822E1,-1.236806488E1
4.221839883E1,-1.732310677E1,3.092363739E1,-1.134131622E1
4.223856383E1,-1.659843445E1,3.114562225E1,-1.053955078E1
4.225872783E1,-1.615563774E1,3.159197998E1,-9.971313477E0
4.227889283E1,-1.596731281E1,3.137124825E1,-9.097862244E0
4.229905783E1,-1.564945602E1,3.125552368E1,-8.984710693E0
4.231922283E1,-1.537393284E1,3.103945160E1,-9.123214722E0
4.233938683E1,-1.490023327E1,3.076810837E1,-9.281898499E0
4.235955183E1,-1.436863899E1,3.075682449E1,-9.518356323E0
4.237971683E1,-1.389428902E1,3.011653519E1,-9.998115540E0
4.239988083E1,-1.363123035E1,2.959941673E1,-1.078828430E1
4.242004583E1,-1.345580006E1,2.886229324E1,-1.163853455E1
4.244021083E1,-1.312479877E1,2.827631760E1,-1.266029358E1
4.246037583E1,-1.275209236E1,2.803322792E1,-1.351640320E1
4.248053983E1,-1.231735706E1,2.758457184E1,-1.445977783E1
4.250070483E1,-1.188518524E1,2.716422081E1,-1.495234680E1
4.252086983E1,-1.147619247E1,2.687613678E1,-1.569734955E1
4.254103483E1,-1.110874367E1,2.643717384E1,-1.644553375E1
4.256119883E1,-1.063626480E1,2.606415939E1,-1.703630066E1
4.258136383E1,-1.029572678E1,2.578802109E1,-1.716543579E1
4.260152883E1,-9.559064865E0,2.566708755E1,-1.778643036E1
4.262169283E1,-9.176076889E0,2.554944038E1,-1.822777557E1
4.264185783E1,-8.641015053E0,2.543046951E1,-1.840266418E1
4.266202283E1,-8.110054970E0,2.517440033E1,-1.860964966E1
4.268218783E1,-7.248886585E0,2.542018700E1,-1.867987823E1
4.270235183E1,-6.326939106E0,2.534091568E1,-1.868227386E1
4.272251683E1,-5.609748840E0,2.521546555E1,-1.847066498E1
4.274268183E1,-4.965584278E0,2.537197113E1,-1.838634491E1
4.276284725E1,-4.207681179E0,2.573672295E1,-1.817044830E1
4.278301125E1,-3.358905792E0,2.579087257E1,-1.769014740E1
4.280317625E1,-2.441319466E0,2.606305695E1,-1.720504761E1
4.282334125E1,-1.433263779E0,2.616554642E1,-1.681663513E1
4.284350625E1,-6.652545929E-1,2.644205475E1,-1.660529327E1
4.286367025E1,3.166351318E-1,2.643240166E1,-1.619220734E1
4.288383525E1,1.275449753E0,2.649687958E1,-1.545427704E1
4.290400025E1,2.564649582E0,2.693644524E1,-1.495471954E1
4.292416525E1,3.224545479E0,2.659172821E1,-1.454068756E1
4.294432925E1,4.207762718E0,2.648280525E1,-1.469852448E1
4.296449425E1,5.310869217E0,2.617171478E1,-1.437467194E1
4.298465925E1,6.054481506E0,2.589285278E1,-1.446054077E1
4.300482425E1,7.000020981E0,2.600008392E1,-1.414356995E1
4.302498825E1,8.328290939E0,2.587521935E1,-1.366607666E1
4.304515325E1,9.207357407E0,2.558566475E1,-1.350154114E1
4.306531825E1,9.594963074E0,2.529825401E1,-1.353408051E1
4.308548325E1,1.022130775E1,2.521989822E1,-1.384851837E1
4.310564725E1,1.080634975E1,2.479264259E1,-1.405297089E1
4.312581225E1,1.140190029E1,2.455742455E1,-1.394680023E1
4.314597725E1,1.195926380E1,2.430061150E1,-1.382810974E1
4.316614225E1,1.227252674E1,2.403325462E1,-1.402698517E1
4.318630625E1,1.289689827E1,2.355760384E1,-1.407608795E1
4.320647125E1,1.323345757E1,2.349913979E1,-1.425840759E1
4.322663625E1,1.338572121E1,2.328582764E1,-1.408222961E1
4.324680125E1,1.407707024E1,2.319991112E1,-1.367057037E1
4.326696625E1,1.443704319E1,2.303652954E1,-1.356063080E1
4.328713025E1,1.472571659E1,2.292440033E1,-1.302628326E1
4.330729525E1,1.536272240E1,2.282913399E1,-1.236489868E1
4.332746025E1,1.578123951E1,2.269710732E1,-1.148921204E1
4.334762525E1,1.622147942E1,2.273944855E1,-1.085340881E1
4.336778925E1,1.676860619E1,2.261806679E1,-1.015390015E1
4.338795425E1,1.689373589E1,2.233682251E1,-9.525222778E0
4.340811925E1,1.736492729E1,2.196087265E1,-9.074676514E0
4.342828425E1,1.751515961E1,2.191249847E1,-8.755073547E0
4.344844925E1,1.800703812E1,2.158058357E1,-8.545448303E0
4.346861325E1,1.819005966E1,2.150910759E1,-8.261924744E0
4.348877825E1,1.829416275E1,2.134259605E1,-8.318847656E0
4.350894325E1,1.825399780E1,2.106336975E1,-8.179267883E0
4.352910825E1,1.855661583E1,2.072114372E1,-8.199165344E0
4.354927225E1,1.850605011E1,2.047339821E1,-8.464057922E0
4.356943725E1,1.872463226E1,2.007821846E1,-8.738090515E0
4.358960225E1,1.864716530E1,1.971810341E1,-8.940818787E0
4.360976725E1,1.851765823E1,1.971114540E1,-9.100677490E0
4.362993225E1,1.860459518E1,1.949437523E1,-9.394226074E0
4.365009625E1,1.865396881E1,1.918783951E1,-9.448791504E0
4.367026125E1,1.867279434E1,1.913609314E1,-9.854133606E0
4.369042625E1,1.879098129E1,1.900531960E1,-1.003102875E1
4.371059125E1,1.864027977E1,1.881314659E1,-1.075743866E1
4.373075525E1,1.833472443E1,1.893734169E1,-1.158855438E1
4.375092025E1,1.828857613E1,1.855927467E1,-1.243106842E1
4.377108521E1,1.812512970E1,1.840952301E1,-1.291613770E1
4.379125021E1,1.823674393E1,1.804450226E1,-1.358441925E1
4.381141521E1,1.852060699E1,1.779522705E1,-1.413354492E1
4.383157921E1,1.871567917E1,1.745852280E1,-1.439343262E1
4.385174421E1,1.885350037E1,1.729180336E1,-1.499085999E1
4.387190921E1,1.909629822E1,1.698574257E1,-1.554127502E1
4.389207421E1,1.902043152E1,1.668106079E1,-1.600077057E1
4.391223921E1,1.918016052E1,1.641220856E1,-1.633377838E1
4.393240321E1,1.919850540E1,1.617694855E1,-1.655766296E1
4.395256821E1,1.935494423E1,1.584927940E1,-1.673152161E1
4.397273321E1,1.946977234E1,1.586506367E1,-1.678045654E1
4.399289821E1,1.951020813E1,1.576503658E1,-1.683638000E1
4.401306321E1,1.968947983E1,1.572264957E1,-1.653327942E1
4.403322721E1,2.015504074E1,1.558662415E1,-1.604239655E1
4.405339221E1,2.017808533E1,1.557506752E1,-1.594589996E1
4.407355721E1,2.039614105E1,1.565402889E1,-1.553468323E1
4.409372221E1,2.021535110E1,1.582776165E1,-1.528225708E1
4.411388721E1,2.041616821E1,1.604043198E1,-1.470510864E1
4.413405121E1,2.044259262E1,1.623189163E1,-1.437285614E1
4.415421621E1,2.056962585E1,1.612994576E1,-1.384774780E1
4.417438121E1,2.081720352E1,1.627614212E1,-1.312760162E1
4.419454621E1,2.115818024E1,1.649290657E1,-1.225730896E1
4.421471121E1,2.141173744E1,1.665891838E1,-1.123126984E1
4.423487521E1,2.191854477E1,1.666616058E1,-1.017481995E1
4.425504021E1,2.222766685E1,1.665764236E1,-9.520271301E0
4.427520521E1,2.239087486E1,1.665361023E1,-8.857826233E0
4.429537021E1,2.264567184E1,1.651755905E1,-8.517730713E0
4.431553521E1,2.280688477E1,1.652264214E1,-8.484680176E0
4.433569921E1,2.296410751E1,1.660249710E1,-8.270584106E0
4.435586421E1,2.305906296E1,1.666760254E1,-8.109054565E0
4.437602921E1,2.343338013E1,1.671779251E1,-7.465217590E0
4.439619421E1,2.408948517E1,1.659526825E1,-6.134864807E0
4.441635921E1,2.439043045E1,1.674363899E1,-5.291572571E0
4.443652321E1,2.460664749E1,1.698202133E1,-5.413963318E0
4.445668821E1,2.441963577E1,1.744201851E1,-5.311393738E0
4.447685321E1,2.440893173E1,1.771778488E1,-5.097038269E0
4.449701821E1,2.481257629E1,1.785491562E1,-5.196853638E0
4.451718321E1,2.453680420E1,1.800864792E1,-5.695159912E0
4.453734721E1,2.451592636E1,1.806626892E1,-6.878356934E0
4.455751221E1,2.437880325E1,1.793625069E1,-8.119361877E0
4.457767721E1,2.443745041E1,1.780163383E1,-9.468177795E0
4.459784221E1,2.455340576E1,1.730236435E1,-1.043483734E1
4.461800721E1,2.460998535E1,1.687419319E1,-1.127613831E1
4.463817221E1,2.474973488E1,1.607682610E1,-1.291736603E1
4.465833621E1,2.505061722E1,1.546362305E1,-1.357078552E1
4.467850121E1,2.527026749E1,1.492177773E1,-1.435834503E1
4.469866621E1,2.536809921E1,1.425137043E1,-1.508137512E1
4.471883121E1,2.529158211E1,1.355000210E1,-1.627426910E1
4.473899621E1,2.507276917E1,1.305413437E1,-1.692321014E1
4.475916050E1,2.475870323E1,1.283096313E1,-1.769478607E1
4.477932550E1,2.460527611E1,1.243599319E1,-1.816677094E1
4.479949050E1,2.433692169E1,1.225596619E1,-1.883843231E1
4.481965550E1,2.413690567E1,1.197558784E1,-1.931818390E1
4.483982050E1,2.400942230E1,1.175570869E1,-1.953743744E1
4.485998450E1,2.429812622E1,1.156992626E1,-1.976734161E1
4.488014950E1,2.462401199E1,1.155906868E1,-1.918158722E1
4.490031450E1,2.459420395E1,1.157642841E1,-1.910012054E1
4.492047950E1,2.454851913E1,1.189376736E1,-1.937056732E1
4.494064450E1,2.462031174E1,1.281120396E1,-1.843378448E1
4.496080850E1,2.518206024E1,1.346460533E1,-1.702585602E1
4.498097350E1,2.583279037E1,1.437741661E1,-1.554495239E1
4.500113850E1,2.619987106E1,1.497826195E1,-1.456285858E1
4.502130350E1,2.616793823E1,1.581909657E1,-1.321590424E1
4.504146850E1,2.645759010E1,1.649648666E1,-1.150476837E1
4.506163250E1,2.686412621E1,1.699163437E1,-8.985343933E0
4.508179750E1,2.741315651E1,1.725946236E1,-6.945297241E0
4.510196250E1,2.786609840E1,1.745550156E1,-5.501640320E0
4.512212750E1,2.781296158E1,1.742643738E1,-4.088256836E0
4.514229250E1,2.792028618E1,1.753255653E1,-3.332962036E0
4.516245750E1,2.810491753E1,1.737423706E1,-2.637687683E0
4.518262150E1,2.830009460E1,1.694810677E1,-1.821533203E0
4.520278650E1,2.865575790E1,1.673633575E1,-1.331130981E0
4.522295150E1,2.858088303E1,1.635947990E1,-9.544372559E-1
4.524311650E1,2.884063721E1,1.617563248E1,-8.861846924E-1
4.526328150E1,2.919906998E1,1.601924133E1,-9.307098389E-1
4.528344550E1,2.942438126E1,1.590238953E1,-1.353546143E0
4.530361050E1,2.988397598E1,1.582879448E1,-1.493438721E0
4.532377550E1,3.009782410E1,1.559358215E1,-2.145111084E0
4.534394050E1,3.034949303E1,1.541129684E1,-3.075454712E0
4.536410550E1,3.040407562E1,1.541248703E1,-4.163040161E0
4.538426950E1,3.059264755E1,1.537754059E1,-5.050735474E0
4.540443450E1,3.056729126E1,1.525010681E1,-6.164672852E0
4.542459950E1,3.098503113E1,1.492479706E1,-7.374771118E0
4.544476450E1,3.114006805E1,1.485081673E1,-8.095085144E0
4.546492950E1,3.145083618E1,1.465629387E1,-8.990623474E0
4.548509450E1,3.127196503E1,1.448851776E1,-1.002819061E1
4.550525850E1,3.092685699E1,1.455828667E1,-1.139636230E1
4.552542350E1,3.032132339E1,1.485676765E1,-1.259338379E1
4.554558850E1,2.987221527E1,1.495549774E1,-1.405982971E1
4.556575350E1,2.967047882E1,1.522451305E1,-1.482494354E1
4.558591850E1,2.931666756E1,1.504934692E1,-1.574443054E1
4.560608250E1,2.933401489E1,1.508910751E1,-1.638020325E1
4.562624750E1,2.918437576E1,1.488373375E1,-1.684080505E1
4.564641250E1,2.914019585E1,1.473624992E1,-1.737563324E1
4.566657750E1,2.930531311E1,1.464303398E1,-1.762485504E1
4.568674250E1,2.916415405E1,1.450836182E1,-1.823247528E1
4.570690750E1,2.918775940E1,1.433692646E1,-1.841406250E1
4.572707150E1,2.911457443E1,1.443212891E1,-1.881503296E1
4.574723650E1,2.922475052E1,1.458726501E1,-1.883476257E1
4.576740208E1,2.908142471E1,1.495704842E1,-1.920626831E1
4.578756708E1,2.877856827E1,1.494934177E1,-1.916223145E1
4.580773208E1,2.849777985E1,1.536000633E1,-1.928186035E1
4.582789708E1,2.825119591E1,1.565232658E1,-1.964175415E1
4.584806208E1,2.786809731E1,1.611754990E1,-1.980691528E1
4.586822608E1,2.760138130E1,1.655472374E1,-1.985874939E1
4.588839108E1,2.711453819E1,1.721975708E1,-1.975057983E1
4.590855608E1,2.691345024E1,1.789535713E1,-1.945568085E1
4.592872108E1,2.696877480E1,1.889784622E1,-1.875370026E1
4.594888608E1,2.707745552E1,1.992358208E1,-1.754959869E1
4.596905008E1,2.749161148E1,2.107114792E1,-1.594303894E1
4.598921508E1,2.797302818E1,2.171443367E1,-1.378747559E1
4.600938008E1,2.833651543E1,2.218545532E1,-1.251520538E1
4.602954508E1,2.854689598E1,2.254079056E1,-1.100479889E1
4.604971008E1,2.904159927E1,2.284766579E1,-9.516479492E0
4.606987508E1,2.957579613E1,2.279601479E1,-7.697425842E0
4.609004008E1,3.017917633E1,2.265466690E1,-6.146553040E0
4.611020408E1,3.065130997E1,2.216238022E1,-4.642196655E0
4.613036908E1,3.094088364E1,2.197274017E1,-3.838531494E0
4.615053408E1,3.115612221E1,2.187410355E1,-3.265602112E0
4.617069908E1,3.146265984E1,2.160353661E1,-3.011627197E0
4.619086408E1,3.172693253E1,2.126479912E1,-2.305496216E0
4.621102908E1,3.214279175E1,2.089928436E1,-1.730026245E0
4.623119308E1,3.197983932E1,2.084116936E1,-1.633529663E0
4.625135808E1,3.251898575E1,2.046375084E1,-1.505821228E0
4.627152308E1,3.241503143E1,2.039334488E1,-1.725875854E0
4.629168808E1,3.237343597E1,2.023426437E1,-2.433319092E0
4.631185308E1,3.276870346E1,2.038794518E1,-2.842460632E0
4.633201808E1,3.267771912E1,2.042681313E1,-3.728538513E0
4.635218308E1,3.261769867E1,2.021412086E1,-4.866569519E0
4.637234708E1,3.258184814E1,2.012023544E1,-5.628265381E0
4.639251208E1,3.234383392E1,2.034804535E1,-6.795921326E0
4.641267708E1,3.229914856E1,2.021665764E1,-8.643272400E0
4.643284208E1,3.198273849E1,1.999994850E1,-1.028335571E1
4.645300708E1,3.168837547E1,2.018233871E1,-1.107117462E1
4.647317208E1,3.174504280E1,2.037974548E1,-1.067639160E1
4.649333708E1,3.141040802E1,2.126547050E1,-9.947204590E0
4.651350108E1,3.064542580E1,2.231687355E1,-9.857315063E0
4.653366608E1,2.970394897E1,2.340903854E1,-1.056626129E1
4.655383108E1,2.831119156E1,2.414658546E1,-1.142163086E1
4.657399608E1,2.738788605E1,2.475159454E1,-1.228331757E1
4.659416108E1,2.697775650E1,2.482435989E1,-1.269750214E1
4.661432608E1,2.653905487E1,2.484860992E1,-1.386148071E1
4.663449108E1,2.618525887E1,2.430876541E1,-1.510150146E1
4.665465508E1,2.573813438E1,2.354895401E1,-1.686946869E1
4.667482008E1,2.577366257E1,2.272996712E1,-1.804366302E1
4.669498508E1,2.599162674E1,2.187077332E1,-1.929624939E1
4.671515008E1,2.610619354E1,2.073900986E1,-2.028382111E1
4.673531508E1,2.615632629E1,1.990007973E1,-2.123786163E1
4.675547958E1,2.621901894E1,1.871856308E1,-2.230495453E1
4.677564458E1,2.628020477E1,1.760891914E1,-2.323793793E1
4.679580858E1,2.629038239E1,1.646017456E1,-2.399620819E1
4.681597358E1,2.628122330E1,1.572360802E1,-2.452909088E1
4.683613858E1,2.625105286E1,1.513495636E1,-2.488167572E1
4.685630358E1,2.603525543E1,1.466368866E1,-2.539545441E1
4.687646858E1,2.600245285E1,1.463360786E1,-2.599181366E1
4.689663358E1,2.583327866E1,1.467370224E1,-2.576679230E1
4.691679858E1,2.570786285E1,1.490393829E1,-2.586107635E1
4.693696358E1,2.556910706E1,1.539078903E1,-2.556304169E1
4.695712758E1,2.544882584E1,1.605138397E1,-2.506575775E1
4.697729258E1,2.571799469E1,1.698236084E1,-2.427508545E1
4.699745758E1,2.646409225E1,1.814191437E1,-2.220397186E1
4.701762258E1,2.785463715E1,2.031967735E1,-1.839118195E1
4.703778758E1,2.836997986E1,2.152386093E1,-1.591204071E1
4.705795258E1,2.864973831E1,2.245926094E1,-1.361720276E1
4.707811758E1,2.894433022E1,2.347949409E1,-1.137640381E1
4.709828158E1,2.918144226E1,2.398950577E1,-9.180374146E0
4.711844658E1,2.943668938E1,2.430390358E1,-7.470001221E0
4.713861158E1,2.954435349E1,2.449994469E1,-5.992309570E0
4.715877658E1,2.991586304E1,2.435054016E1,-5.207725525E0
4.717894158E1,3.018178940E1,2.399628830E1,-4.518730164E0
4.719910658E1,3.078669357E1,2.364926910E1,-3.829299927E0
4.721927158E1,3.096795273E1,2.320859337E1,-3.089530945E0
4.723943558E1,3.136013412E1,2.272617912E1,-2.640403748E0
4.725960058E1,3.172091293E1,2.217564011E1,-2.673255920E0
4.727976558E1,3.203008652E1,2.174433327E1,-3.016883850E0
4.729993058E1,3.219915009E1,2.164916801E1,-3.995933533E0
4.732009558E1,3.193010139E1,2.128264236E1,-5.394180298E0
4.734026058E1,3.180702591E1,2.105425262E1,-6.862594604E0
4.736042558E1,3.171201134E1,2.067444038E1,-8.523643494E0
4.738059058E1,3.165752029E1,2.016394234E1,-9.510009766E0
4.740075458E1,3.170576096E1,1.942555237E1,-1.076908112E1
4.742091958E1,3.159447098E1,1.892762756E1,-1.213357544E1
4.744108458E1,3.110309601E1,1.877447319E1,-1.339685059E1
4.746124958E1,3.030997086E1,1.910173035E1,-1.420323944E1
4.748141458E1,2.999317932E1,1.971156311E1,-1.422087860E1
4.750157958E1,3.022281075E1,1.986546326E1,-1.358290100E1
4.752174458E1,3.006895828E1,2.010113907E1,-1.296778107E1
4.754190958E1,2.974222565E1,2.073537445E1,-1.287693787E1
4.756207358E1,2.924670792E1,2.143786812E1,-1.287615204E1
4.758223858E1,2.865566635E1,2.179820251E1,-1.329927826E1
4.760240358E1,2.805178452E1,2.190698433E1,-1.411231232E1
4.762256858E1,2.760569954E1,2.180220222E1,-1.528108978E1
4.764273358E1,2.709198189E1,2.149685097E1,-1.612850189E1
4.766289858E1,2.679208374E1,2.114088249E1,-1.714987183E1
4.768306358E1,2.664825821E1,2.086923218E1,-1.770904541E1
4.770322758E1,2.652657318E1,2.065198135E1,-1.804267883E1
4.772339258E1,2.623193359E1,2.039257431E1,-1.863000488E1
4.774355758E1,2.627880096E1,2.006395531E1,-1.880324554E1
4.776372225E1,2.633535767E1,1.965538597E1,-1.934033966E1
4.778388725E1,2.616907120E1,1.943943596E1,-1.989324951E1
4.780405225E1,2.572484207E1,1.922634697E1,-2.038087463E1
4.782421725E1,2.533408737E1,1.904163170E1,-2.104750061E1
4.784438225E1,2.482353973E1,1.931892586E1,-2.158046722E1
4.786454625E1,2.459255600E1,1.903532982E1,-2.197277069E1
4.788471125E1,2.429607010E1,1.896695328E1,-2.249288177E1
4.790487625E1,2.403221130E1,1.902868462E1,-2.259555054E1
4.792504125E1,2.372568130E1,1.950352859E1,-2.202053833E1
4.794520625E1,2.430315399E1,2.010221481E1,-2.127384949E1
4.796537125E1,2.516638184E1,2.085645866E1,-1.906974792E1
4.798553625E1,2.598978043E1,2.099195099E1,-1.753782654E1
4.800570125E1,2.637989426E1,2.125661659E1,-1.675552368E1
4.802586525E1,2.590782166E1,2.185199928E1,-1.647377777E1
4.804603025E1,2.596065903E1,2.241607094E1,-1.568174744E1
4.806619525E1,2.646671677E1,2.236160660E1,-1.399559021E1
4.808636025E1,2.665713882E1,2.249086380E1,-1.301991272E1
4.810652525E1,2.672824097E1,2.271253395E1,-1.290061951E1
4.812669025E1,2.642422104E1,2.290337181E1,-1.278208923E1
4.814685525E1,2.669370651E1,2.261791801E1,-1.252695465E1
4.816701925E1,2.734282303E1,2.198991013E1,-1.184670258E1
4.818718425E1,2.766159058E1,2.149777603E1,-1.193824768E1
4.820734925E1,2.778347397E1,2.078260803E1,-1.238479614E1
4.822751425E1,2.784244156E1,2.010754395E1,-1.281411743E1
4.824767925E1,2.825239563E1,1.913366318E1,-1.348821259E1
4.826784425E1,2.879996490E1,1.789236069E1,-1.419906616E1
4.828800925E1,2.897371101E1,1.645502853E1,-1.529283142E1
4.830817425E1,2.934059143E1,1.491653156E1,-1.576343536E1
4.832833825E1,2.989813995E1,1.338033390E1,-1.593448639E1
4.834850325E1,3.018897247E1,1.219945621E1,-1.659712982E1
4.836866825E1,3.022117233E1,1.114260674E1,-1.719005585E1
4.838883325E1,3.024920273E1,1.050145531E1,-1.740097809E1
4.840899825E1,3.075654221E1,1.003020477E1,-1.704644012E1
4.842916325E1,3.117847061E1,9.860306740E0,-1.603912354E1
4.844932825E1,3.172064209E1,9.718798637E0,-1.506755066E1
4.846949325E1,3.165358734E1,1.005542564E1,-1.471082306E1
4.848965725E1,3.157022476E1,1.038235664E1,-1.493581390E1
4.850982225E1,3.153433609E1,1.074553585E1,-1.497054291E1
4.852998725E1,3.129090500E1,1.096071625E1,-1.494141388E1
4.855015225E1,3.126745987E1,1.126786232E1,-1.465087128E1
4.857031725E1,3.117753410E1,1.155289078E1,-1.493653107E1
4.859048225E1,3.061482430E1,1.206235886E1,-1.552265167E1
4.861064725E1,2.991865540E1,1.259863949E1,-1.628737640E1
4.863081225E1,2.953880692E1,1.295747757E1,-1.662136078E1
4.865097725E1,2.932290077E1,1.297336960E1,-1.690655518E1
4.867114125E1,2.918165016E1,1.294882870E1,-1.704182434E1
4.869130625E1,2.900417137E1,1.299055386E1,-1.714479065E1
4.871147125E1,2.876473618E1,1.293167114E1,-1.737499237E1
4.873163625E1,2.841299438E1,1.298821831E1,-1.783635712E1
4.875180125E1,2.820721817E1,1.284111595E1,-1.799901581E1
4.877196663E1,2.829344177E1,1.248550701E1,-1.838298035E1
4.879213162E1,2.820311737E1,1.218134785E1,-1.845353699E1
4.881229662E1,2.819794083E1,1.209648228E1,-1.843153381E1
4.883246163E1,2.842520905E1,1.184515095E1,-1.864086914E1
4.885262563E1,2.851223373E1,1.155021095E1,-1.843493652E1
4.887279062E1,2.870814896E1,1.107067490E1,-1.798409271E1
4.889295562E1,2.866815186E1,1.083602142E1,-1.825444794E1
4.891312063E1,2.882011032E1,1.066936111E1,-1.831839752E1
4.893328563E1,2.902058029E1,1.038911915E1,-1.795598602E1
4.895345063E1,2.921014404E1,1.022118664E1,-1.761261749E1
4.897361563E1,2.961840820E1,9.982748032E0,-1.725693512E1
4.899378062E1,2.974684525E1,9.598124504E0,-1.704779053E1
4.901394563E1,2.982181168E1,9.437312126E0,-1.683074951E1
4.903410963E1,2.965761185E1,9.226850510E0,-1.693058777E1
4.905427462E1,2.924675560E1,9.312733650E0,-1.734654236E1
4.907443962E1,2.906151009E1,9.187325478E0,-1.783097839E1
4.909460463E1,2.874305153E1,9.241324425E0,-1.812785339E1
4.911476963E1,2.861414146E1,9.521464348E0,-1.837301636E1
4.913493463E1,2.845181465E1,9.618224144E0,-1.849815369E1
4.915509963E1,2.839541435E1,9.758095741E0,-1.844476318E1
4.917526462E1,2.835116005E1,9.664617538E0,-1.840365601E1
4.919542963E1,2.834987831E1,9.630513191E0,-1.868417358E1
4.921559463E1,2.824184608E1,9.390560150E0,-1.872574615E1
4.923575863E1,2.828138924E1,9.086714745E0,-1.888761139E1
4.925592362E1,2.846805763E1,8.536942482E0,-1.892919159E1
4.927608863E1,2.875500107E1,8.081194878E0,-1.861757660E1
4.929625363E1,2.892138672E1,7.686942101E0,-1.862522125E1
4.931641863E1,2.923372459E1,7.040134430E0,-1.840894318E1
4.933658363E1,2.965405083E1,6.158006668E0,-1.807930756E1
4.935674862E1,3.008964157E1,5.233754158E0,-1.771220398E1
4.937691363E1,2.997597122E1,4.530874252E0,-1.812129211E1
4.939707863E1,2.961095810E1,4.187349319E0,-1.858132172E1
4.941724363E1,2.949309540E1,3.823482513E0,-1.869240570E1
4.943740762E1,2.943266678E1,3.600193024E0,-1.848410797E1
4.945757263E1,2.958757782E1,3.643091202E0,-1.840323639E1
4.947773763E1,2.944472885E1,3.868751526E0,-1.832060242E1
4.949790263E1,2.904235077E1,4.193212509E0,-1.880754852E1
4.951806763E1,2.880913544E1,4.783715248E0,-1.907157898E1
4.953823262E1,2.890515137E1,5.154212952E0,-1.871839905E1
4.955839763E1,2.889270782E1,5.820461273E0,-1.858532715E1
4.957856263E1,2.888451767E1,6.613105774E0,-1.840486145E1
4.959872763E1,2.887208939E1,7.534662247E0,-1.784932709E1
4.961889263E1,2.890116119E1,8.107706070E0,-1.703673553E1
4.963905762E1,2.944113922E1,8.581681252E0,-1.597352600E1
4.965922163E1,2.989696884E1,8.670247078E0,-1.552017975E1
4.967938663E1,3.000458908E1,8.786085129E0,-1.527574921E1
4.969955163E1,2.982922745E1,9.436738014E0,-1.508045197E1
4.971971662E1,2.935306168E1,1.043003654E1,-1.457608795E1
4.973988163E1,2.870266342E1,1.103133011E1,-1.370983124E1
4.976004671E1,2.813067627E1,1.114924717E1,-1.384351349E1
4.978021171E1,2.713621521E1,1.098200607E1,-1.431388855E1
4.980037671E1,2.551160049E1,1.062795544E1,-1.546193695E1
4.982054171E1,2.436587143E1,1.040864658E1,-1.648684692E1
4.984070671E1,2.386862564E1,9.984581947E0,-1.747219849E1
4.986087171E1,2.353878403E1,9.711937904E0,-1.886212921E1
4.988103671E1,2.302276611E1,9.078021049E0,-2.069088745E1
4.990120071E1,2.299108887E1,8.422943115E0,-2.218276978E1
4.992136571E1,2.382744217E1,7.776189804E0,-2.242083740E1
4.994153071E1,2.476397705E1,6.873451233E0,-2.236528778E1
4.996169571E1,2.552801132E1,6.083243370E0,-2.272542572E1
4.998186071E1,2.572742844E1,5.340456009E0,-2.312280273E1
5.000202571E1,2.588061714E1,4.651947021E0,-2.350093079E1
5.002219071E1,2.647389412E1,3.662565231E0,-2.358059692E1
5.004235571E1,2.650422096E1,2.988908768E0,-2.360290527E1
5.006252071E1,2.668190002E1,2.241954803E0,-2.362793732E1
5.008268571E1,2.708313751E1,1.474466324E0,-2.329352570E1
5.010285071E1,2.740318298E1,7.458839417E-1,-2.298727417E1
5.012301571E1,2.751319885E1,2.144126892E-1,-2.276661682E1
5.014318071E1,2.756920624E1,-4.893970490E-1,-2.257627106E1
5.016334471E1,2.781837082E1,-1.191167831E0,-2.234505463E1
5.018350971E1,2.802567482E1,-2.125328064E0,-2.206199646E1
5.020367471E1,2.840252876E1,-3.474903107E0,-2.117086792E1
5.022383971E1,2.847949600E1,-4.288742065E0,-2.095789337E1
5.024400471E1,2.859625626E1,-5.001819611E0,-2.072954559E1
5.026416971E1,2.859342194E1,-5.816049576E0,-2.030903625E1
5.028433471E1,2.881897354E1,-7.101884842E0,-1.993998718E1
5.030449971E1,2.878506470E1,-8.352910995E0,-1.947745514E1
5.032466471E1,2.852988434E1,-9.580993652E0,-1.949004364E1
5.034482971E1,2.815720558E1,-1.067588615E1,-1.930072021E1
5.036499471E1,2.748070526E1,-1.167970085E1,-1.959813690E1
5.038515971E1,2.702042961E1,-1.236661148E1,-1.975538635E1
5.040532471E1,2.686018372E1,-1.326362801E1,-1.964603424E1
5.042548971E1,2.672870827E1,-1.419380379E1,-1.886421204E1
5.044565371E1,2.639625549E1,-1.534057999E1,-1.850422668E1
5.046581871E1,2.596277237E1,-1.641789818E1,-1.793032837E1
5.048598371E1,2.558488083E1,-1.749479103E1,-1.780679321E1
5.050614871E1,2.482923508E1,-1.864948463E1,-1.757835388E1
5.052631371E1,2.426555634E1,-1.983038712E1,-1.729193115E1
5.054647871E1,2.348486710E1,-2.107547379E1,-1.648849487E1
5.056664371E1,2.299852753E1,-2.219794655E1,-1.575743866E1
5.058680871E1,2.221693802E1,-2.345720100E1,-1.510692596E1
5.060697371E1,2.123871422E1,-2.459527016E1,-1.482591248E1
5.062713871E1,2.015032578E1,-2.554929352E1,-1.449576569E1
5.064730371E1,1.921342468E1,-2.671056366E1,-1.378827667E1
5.066746871E1,1.842369080E1,-2.765092850E1,-1.286298370E1
5.068763371E1,1.746455574E1,-2.850005722E1,-1.214698792E1
5.070779871E1,1.642985916E1,-2.930278206E1,-1.181859589E1
5.072796371E1,1.548281097E1,-2.983870888E1,-1.209729004E1
5.074812771E1,1.423534298E1,-3.015958023E1,-1.212560272E1
5.076829300E1,1.311605930E1,-3.059052086E1,-1.215961456E1
5.078845800E1,1.226016712E1,-3.100108910E1,-1.232247925E1
5.080862300E1,1.121061802E1,-3.131828308E1,-1.238069916E1
5.082878800E1,1.016890717E1,-3.164655113E1,-1.278013611E1
5.084895300E1,9.014679909E0,-3.181121635E1,-1.298522949E1
5.086911800E1,7.908606529E0,-3.185043907E1,-1.366180420E1
5.088928300E1,6.951443672E0,-3.182125473E1,-1.405374908E1
5.090944800E1,6.461173058E0,-3.192688751E1,-1.435701752E1
5.092961300E1,5.737187386E0,-3.176509476E1,-1.478514099E1
5.094977800E1,5.239798546E0,-3.179418182E1,-1.487884521E1
5.096994300E1,4.920941353E0,-3.194694519E1,-1.454151917E1
5.099010800E1,4.375021935E0,-3.229306793E1,-1.368477631E1
5.101027300E1,4.180871010E0,-3.257594681E1,-1.352976227E1
5.103043800E1,3.866138458E0,-3.272787476E1,-1.323749542E1
5.105060300E1,3.362385750E0,-3.291395950E1,-1.287990570E1
5.107076700E1,2.832895279E0,-3.307928467E1,-1.269593048E1
5.109093200E1,2.012462616E0,-3.310792542E1,-1.240601349E1
5.111109700E1,1.496065140E0,-3.313424301E1,-1.205707550E1
5.113126200E1,8.605728149E-1,-3.336231613E1,-1.190294647E1
5.115142700E1,6.778526306E-2,-3.335095596E1,-1.175151825E1
5.117159200E1,-4.834156036E-1,-3.339317703E1,-1.188015747E1
5.119175700E1,-8.543024063E-1,-3.352124786E1,-1.160448456E1
5.121192200E1,-1.246584892E0,-3.346841431E1,-1.140112305E1
5.123208700E1,-1.763277054E0,-3.340934372E1,-1.103525543E1
5.125225200E1,-2.535603523E0,-3.348004913E1,-1.117473602E1
5.127241700E1,-3.194708824E0,-3.354637146E1,-1.109202576E1
5.129258200E1,-3.966759682E0,-3.329824066E1,-1.130251312E1
5.131274700E1,-4.535846233E0,-3.328088379E1,-1.161929321E1
5.133291200E1,-4.880487919E0,-3.332509613E1,-1.187244415E1
5.135307700E1,-5.461122990E0,-3.315616608E1,-1.188932800E1
5.137324200E1,-5.961650372E0,-3.306806183E1,-1.233316040E1
5.139340700E1,-6.670225620E0,-3.273276520E1,-1.217340851E1
5.141357200E1,-7.370677948E0,-3.251854324E1,-1.277529144E1
5.143373600E1,-7.791710854E0,-3.233493042E1,-1.279141998E1
5.145390100E1,-8.449602127E0,-3.217097473E1,-1.294501495E1
5.147406600E1,-8.883914948E0,-3.225431824E1,-1.269867706E1
5.149423100E1,-9.249477386E0,-3.195996666E1,-1.331698608E1
5.151439600E1,-9.977218628E0,-3.159184265E1,-1.416693115E1
5.153456100E1,-1.024297714E1,-3.102133179E1,-1.445390320E1
5.155472600E1,-1.114560604E1,-3.068045616E1,-1.484159088E1
5.157489100E1,-1.178130913E1,-3.069717598E1,-1.486193085E1
5.159505600E1,-1.190421772E1,-3.105529594E1,-1.423628998E1
5.161522100E1,-1.228144360E1,-3.122173119E1,-1.383948517E1
5.163538600E1,-1.257572651E1,-3.131382942E1,-1.326934814E1
5.165555100E1,-1.317663670E1,-3.098604202E1,-1.333719635E1
5.167571600E1,-1.421491814E1,-3.051395798E1,-1.351814270E1
5.169588100E1,-1.488530159E1,-3.005705833E1,-1.377288818E1
5.171604600E1,-1.607769394E1,-2.979489326E1,-1.380368042E1
5.173621100E1,-1.682389069E1,-2.922711563E1,-1.371981812E1
5.175637600E1,-1.768353844E1,-2.896437073E1,-1.370436096E1
5.177654108E1,-1.820877838E1,-2.859075356E1,-1.398480225E1
5.179670608E1,-1.910630989E1,-2.766468620E1,-1.445947266E1
5.181687108E1,-1.982583427E1,-2.713642883E1,-1.522055054E1
5.183703508E1,-2.052059555E1,-2.645573807E1,-1.582537842E1
5.185720008E1,-2.099795532E1,-2.586931610E1,-1.609310150E1
5.187736508E1,-2.152703667E1,-2.519244766E1,-1.662749481E1
5.189753008E1,-2.197220230E1,-2.453253174E1,-1.684307861E1
5.191769508E1,-2.239218712E1,-2.410486984E1,-1.716868591E1
5.193786008E1,-2.295401382E1,-2.351067352E1,-1.726572418E1
5.195802508E1,-2.334313011E1,-2.300071716E1,-1.710955048E1
5.197819008E1,-2.372320557E1,-2.262279510E1,-1.732683563E1
5.199835508E1,-2.413092041E1,-2.227700996E1,-1.724565125E1
5.201852008E1,-2.462540054E1,-2.201030922E1,-1.748185730E1
5.203868508E1,-2.492670822E1,-2.165093040E1,-1.745314026E1
5.205885008E1,-2.503207016E1,-2.160296822E1,-1.757975769E1
5.207901508E1,-2.496298981E1,-2.150132942E1,-1.724766541E1
5.209918008E1,-2.491595840E1,-2.146876717E1,-1.767552185E1
5.211934508E1,-2.471105957E1,-2.142832947E1,-1.828552246E1
5.213951008E1,-2.445302963E1,-2.125919342E1,-1.872697449E1
5.215967508E1,-2.445300293E1,-2.160728073E1,-1.914219666E1
5.217984008E1,-2.391833115E1,-2.259404373E1,-1.863671875E1
5.220000508E1,-2.372476006E1,-2.358397865E1,-1.797419739E1
5.222017008E1,-2.344686508E1,-2.461569405E1,-1.722843933E1
5.224033508E1,-2.321535873E1,-2.548146629E1,-1.678369904E1
5.226049908E1,-2.280968285E1,-2.625962257E1,-1.617395782E1
5.228066408E1,-2.238193512E1,-2.705329895E1,-1.571324158E1
5.230082908E1,-2.224833298E1,-2.786597824E1,-1.525692749E1
5.232099408E1,-2.183649445E1,-2.841478539E1,-1.486765289E1
5.234115908E1,-2.165056992E1,-2.876624489E1,-1.450023651E1
5.236132408E1,-2.157528687E1,-2.915886879E1,-1.421251678E1
5.238148908E1,-2.142540741E1,-2.953808022E1,-1.338268280E1
5.240165408E1,-2.113737488E1,-3.000296593E1,-1.280683899E1
5.242181908E1,-2.117747879E1,-3.051796532E1,-1.186578369E1
5.244198408E1,-2.127266884E1,-3.088011742E1,-1.091222382E1
5.246214908E1,-2.161377525E1,-3.121482468E1,-1.042227173E1
5.248231408E1,-2.175063324E1,-3.132447815E1,-9.831161499E0
5.250247908E1,-2.187048721E1,-3.132300377E1,-9.476638794E0
5.252264408E1,-2.196956444E1,-3.138658333E1,-9.579055786E0
5.254280908E1,-2.214936256E1,-3.137631035E1,-9.326606750E0
5.256297408E1,-2.253939819E1,-3.128936195E1,-9.321609497E0
5.258313908E1,-2.260025024E1,-3.110175705E1,-9.381439209E0
5.260330408E1,-2.306287766E1,-3.088840866E1,-9.763877869E0
5.262346908E1,-2.322920227E1,-3.066161728E1,-9.740623474E0
5.264363408E1,-2.328102684E1,-3.048443222E1,-1.004872131E1
5.266379908E1,-2.327409554E1,-3.046953583E1,-9.927207947E0
5.268396408E1,-2.330287170E1,-3.036927795E1,-1.024038696E1
5.270412908E1,-2.347653580E1,-3.005337906E1,-1.053224945E1
5.272429408E1,-2.370268631E1,-2.985403061E1,-1.060676575E1
5.274445908E1,-2.379195786E1,-2.946324730E1,-1.096735382E1
5.276462258E1,-2.386199570E1,-2.899062920E1,-1.099002838E1
5.278478758E1,-2.415887451E1,-2.889372063E1,-1.157571411E1
5.280495258E1,-2.444327545E1,-2.841814041E1,-1.196620941E1
5.282511758E1,-2.480178070E1,-2.777732849E1,-1.229148865E1
5.284528258E1,-2.536512756E1,-2.714002037E1,-1.252911377E1
5.286544758E1,-2.605724525E1,-2.615114021E1,-1.318943024E1
5.288561258E1,-2.689225197E1,-2.461314392E1,-1.429654694E1
5.290577758E1,-2.765272141E1,-2.241077042E1,-1.621199799E1
5.292594258E1,-2.854293442E1,-1.977156258E1,-1.750790405E1
5.294610758E1,-2.932816315E1,-1.794437599E1,-1.855087280E1
5.296627258E1,-2.945537567E1,-1.710760498E1,-1.916898346E1
5.298643758E1,-2.921253586E1,-1.646823502E1,-2.015294647E1
5.300660258E1,-2.874061966E1,-1.607067299E1,-2.118728638E1
5.302676758E1,-2.840938568E1,-1.592481422E1,-2.188825989E1
5.304693258E1,-2.808630371E1,-1.570935249E1,-2.227426147E1
5.306709758E1,-2.789048767E1,-1.560786247E1,-2.275573730E1
5.308726258E1,-2.749547958E1,-1.532406235E1,-2.300679016E1
5.310742758E1,-2.720869255E1,-1.513909149E1,-2.372837830E1
5.312759258E1,-2.704429626E1,-1.530701828E1,-2.371392822E1
5.314775758E1,-2.675928116E1,-1.572535706E1,-2.383911133E1
5.316792258E1,-2.645729446E1,-1.619711685E1,-2.392790222E1
5.318808758E1,-2.608059883E1,-1.692357635E1,-2.353639221E1
5.320825258E1,-2.562988663E1,-1.789944267E1,-2.361009979E1
5.322841758E1,-2.533886719E1,-1.938440895E1,-2.286458588E1
5.324858258E1,-2.490603447E1,-2.082869148E1,-2.228287506E1
5.326874758E1,-2.447113037E1,-2.247143364E1,-2.078118896E1
5.328891258E1,-2.409294891E1,-2.410016251E1,-1.951658630E1
5.330907758E1,-2.353551483E1,-2.559776497E1,-1.801934814E1
5.332924258E1,-2.292104721E1,-2.670231819E1,-1.721908569E1
5.334940658E1,-2.223875809E1,-2.734501648E1,-1.738796234E1
5.336957158E1,-2.161044312E1,-2.802669716E1,-1.748722076E1
5.338973658E1,-2.140614510E1,-2.867468452E1,-1.698219299E1
5.340990158E1,-2.143825531E1,-2.962259483E1,-1.547863007E1
5.343006658E1,-2.141514587E1,-2.987777519E1,-1.483872223E1
5.345023158E1,-2.150203705E1,-3.001478386E1,-1.476906586E1
5.347039658E1,-2.164264297E1,-2.978668976E1,-1.486254120E1
5.349056158E1,-2.167703819E1,-2.987687302E1,-1.475399017E1
5.351072658E1,-2.163306046E1,-3.025616455E1,-1.400640106E1
5.353089158E1,-2.158948708E1,-3.053102875E1,-1.335783386E1
5.355105658E1,-2.166188431E1,-3.103481293E1,-1.248564148E1
5.357122158E1,-2.143872070E1,-3.144288254E1,-1.191139221E1
5.359138658E1,-2.135890961E1,-3.166395378E1,-1.144128418E1
5.361155158E1,-2.107476997E1,-3.193869209E1,-1.102780914E1
5.363171658E1,-2.110473251E1,-3.188434410E1,-1.080175018E1
5.365188158E1,-2.118526077E1,-3.191241455E1,-1.084946442E1
5.367204658E1,-2.119202995E1,-3.186942291E1,-1.064794922E1
5.369221158E1,-2.160653687E1,-3.162417984E1,-1.080589294E1
5.371237658E1,-2.211702728E1,-3.103336716E1,-1.085591888E1
5.373254158E1,-2.248840714E1,-3.062190247E1,-1.115851593E1
5.375270658E1,-2.296723938E1,-3.036619949E1,-1.126183319E1
5.377287133E1,-2.336376572E1,-2.958647156E1,-1.238514709E1
5.379303633E1,-2.366051865E1,-2.829281998E1,-1.342677307E1
5.381320133E1,-2.436080551E1,-2.680668831E1,-1.540788269E1
5.383336633E1,-2.501917839E1,-2.492518997E1,-1.757016754E1
5.385353133E1,-2.553563499E1,-2.268423271E1,-1.953820801E1
5.387369633E1,-2.590913010E1,-2.032177353E1,-2.140162659E1
5.389386133E1,-2.587944221E1,-1.867548943E1,-2.278247833E1
5.391402633E1,-2.559303665E1,-1.754483795E1,-2.408303833E1
5.393419133E1,-2.520663834E1,-1.651952934E1,-2.499893188E1
5.395435633E1,-2.446567154E1,-1.563241768E1,-2.612950897E1
5.397452133E1,-2.383061028E1,-1.481494522E1,-2.729128265E1
5.399468633E1,-2.349834824E1,-1.390668488E1,-2.834539795E1
5.401485133E1,-2.303299713E1,-1.338644791E1,-2.890753174E1
5.403501633E1,-2.307253075E1,-1.286864090E1,-2.909967041E1
5.405518033E1,-2.363462067E1,-1.225040817E1,-2.904598999E1
5.407534533E1,-2.421925735E1,-1.175628281E1,-2.898239899E1
5.409551033E1,-2.435092926E1,-1.141322517E1,-2.879857635E1
5.411567533E1,-2.413634109E1,-1.141532326E1,-2.898752594E1
5.413584033E1,-2.398712349E1,-1.195557022E1,-2.907106781E1
5.415600533E1,-2.382339287E1,-1.251736450E1,-2.874729156E1
5.417617033E1,-2.375754738E1,-1.347787857E1,-2.873863983E1
5.419633533E1,-2.364247513E1,-1.515526962E1,-2.786203766E1
5.421650033E1,-2.368974113E1,-1.667887306E1,-2.732530975E1
5.423666533E1,-2.362575150E1,-1.842907715E1,-2.638173676E1
5.425683033E1,-2.355502701E1,-2.009074593E1,-2.503659821E1
5.427699533E1,-2.352155495E1,-2.181634712E1,-2.360220337E1
5.429716033E1,-2.383187294E1,-2.344519615E1,-2.170636749E1
5.431732533E1,-2.375371170E1,-2.535017967E1,-1.959938812E1
5.433749033E1,-2.353298187E1,-2.695911598E1,-1.736204529E1
5.435765533E1,-2.356166840E1,-2.823877525E1,-1.539150238E1
5.437782033E1,-2.342905426E1,-2.897838783E1,-1.364109039E1
5.439798533E1,-2.343304443E1,-2.967576027E1,-1.176715088E1
5.441815033E1,-2.326918030E1,-3.029295731E1,-1.038339233E1
5.443831533E1,-2.292491913E1,-3.103875351E1,-9.312095642E0
5.445848033E1,-2.263219452E1,-3.156965828E1,-8.058456421E0
5.447864533E1,-2.251172638E1,-3.175171852E1,-7.466705322E0
5.449881033E1,-2.239987755E1,-3.194253159E1,-7.227836609E0
5.451897533E1,-2.232121086E1,-3.208551407E1,-7.176567078E0
5.453914033E1,-2.222866249E1,-3.221867752E1,-7.319282532E0
5.455930533E1,-2.201500320E1,-3.235195923E1,-7.568389893E0
5.457947033E1,-2.213624954E1,-3.234594345E1,-7.585037231E0
5.459963533E1,-2.198076630E1,-3.202695465E1,-8.496757507E0
5.461980033E1,-2.212369919E1,-3.199510956E1,-9.173896790E0
5.463996533E1,-2.219847488E1,-3.178457260E1,-9.680229187E0
5.466012933E1,-2.215462494E1,-3.169853020E1,-9.982994080E0
5.468029433E1,-2.214920807E1,-3.151271248E1,-1.029115295E1
5.470045933E1,-2.212574577E1,-3.118978691E1,-1.056028748E1
5.472062433E1,-2.234438324E1,-3.081753159E1,-1.158409119E1
5.474078933E1,-2.268876457E1,-3.011001205E1,-1.296573639E1
5.476095433E1,-2.279799271E1,-2.953081894E1,-1.383144379E1
5.478111946E1,-2.310048676E1,-2.892103195E1,-1.498018646E1
5.480128446E1,-2.311888885E1,-2.811670685E1,-1.535437012E1
5.482144946E1,-2.349249649E1,-2.754995346E1,-1.603984070E1
5.484161446E1,-2.380118561E1,-2.686466408E1,-1.666823578E1
5.486177946E1,-2.415787506E1,-2.586843491E1,-1.755485535E1
5.488194446E1,-2.431192017E1,-2.438226700E1,-1.902408600E1
5.490210946E1,-2.462839508E1,-2.276803589E1,-2.072871399E1
5.492227446E1,-2.474474716E1,-2.080727196E1,-2.234584045E1
5.494243946E1,-2.474505997E1,-1.923420715E1,-2.374147797E1
5.496260446E1,-2.461402130E1,-1.756458473E1,-2.529682922E1
5.498276946E1,-2.435929108E1,-1.612693787E1,-2.643865967E1
5.500293446E1,-2.429363441E1,-1.409273911E1,-2.759993744E1
5.502309946E1,-2.458898926E1,-1.340747833E1,-2.769422150E1
5.504326446E1,-2.482170105E1,-1.344834518E1,-2.735822296E1
5.506342946E1,-2.505942535E1,-1.371844101E1,-2.732915497E1
5.508359446E1,-2.516405296E1,-1.390972519E1,-2.663848114E1
5.510375946E1,-2.523856735E1,-1.412644577E1,-2.662195587E1
5.512392446E1,-2.501598740E1,-1.446374512E1,-2.644838715E1
5.514408946E1,-2.531607437E1,-1.515823746E1,-2.613123322E1
5.516425446E1,-2.533528900E1,-1.573175812E1,-2.564646149E1
5.518441946E1,-2.548785210E1,-1.637271500E1,-2.521240997E1
5.520458446E1,-2.541246414E1,-1.730154800E1,-2.477382660E1
5.522474946E1,-2.523341179E1,-1.849446487E1,-2.440045929E1
5.524491446E1,-2.449322510E1,-1.978284454E1,-2.381053925E1
5.526507946E1,-2.360607529E1,-2.095512009E1,-2.389011383E1
5.528524446E1,-2.265222168E1,-2.215896797E1,-2.342202759E1
5.530540946E1,-2.205493927E1,-2.331420326E1,-2.287304688E1
5.532557346E1,-2.168624687E1,-2.384279442E1,-2.279051208E1
5.534573846E1,-2.133866692E1,-2.408365250E1,-2.303874969E1
5.536590346E1,-2.101415634E1,-2.393230820E1,-2.328282928E1
5.538606846E1,-2.099199104E1,-2.416059113E1,-2.330489349E1
5.540623346E1,-2.109251213E1,-2.475351715E1,-2.282991791E1
5.542639846E1,-2.130597687E1,-2.514841843E1,-2.213409424E1
5.544656346E1,-2.113191605E1,-2.572703552E1,-2.158799744E1
5.546672846E1,-2.114164162E1,-2.614862823E1,-2.128904724E1
5.548689346E1,-2.115072441E1,-2.625733185E1,-2.114195251E1
5.550705846E1,-2.153914833E1,-2.654074860E1,-2.055810547E1
5.552722346E1,-2.191265678E1,-2.647058105E1,-2.013740540E1
5.554738846E1,-2.206289291E1,-2.634700203E1,-1.977248383E1
5.556755346E1,-2.230097771E1,-2.615958595E1,-1.957588959E1
5.558771846E1,-2.265207863E1,-2.605933952E1,-1.952181244E1
5.560788346E1,-2.298809052E1,-2.589319038E1,-1.896437836E1
5.562804846E1,-2.322409058E1,-2.576944160E1,-1.874240112E1
5.564821346E1,-2.357359695E1,-2.579372597E1,-1.846014404E1
5.566837846E1,-2.390408325E1,-2.554158974E1,-1.857795715E1
5.568854346E1,-2.409876633E1,-2.521984291E1,-1.879080963E1
5.570870846E1,-2.434892654E1,-2.476376534E1,-1.882859039E1
5.572887346E1,-2.470905685E1,-2.435508537E1,-1.891176605E1
5.574903846E1,-2.498170090E1,-2.394915199E1,-1.963771820E1
5.576920371E1,-2.505806541E1,-2.270453835E1,-2.077747345E1
5.578936871E1,-2.498137665E1,-2.095647621E1,-2.249425507E1
5.580953371E1,-2.537532425E1,-1.739461327E1,-2.518136597E1
5.582969871E1,-2.529866791E1,-1.479265976E1,-2.662220764E1
5.584986371E1,-2.539169693E1,-1.237470627E1,-2.766667175E1
5.587002871E1,-2.567849350E1,-1.044243431E1,-2.830362701E1
5.589019371E1,-2.590250778E1,-8.890533447E0,-2.847798920E1
5.591035871E1,-2.626313019E1,-7.778142929E0,-2.826574707E1
5.593052371E1,-2.650030899E1,-7.233196259E0,-2.851853943E1
5.595068871E1,-2.618537140E1,-6.887632370E0,-2.835734558E1
5.597085371E1,-2.580983353E1,-6.932476044E0,-2.919671631E1
5.599101871E1,-2.541226196E1,-6.995901108E0,-2.969331360E1
5.601118371E1,-2.490631676E1,-7.542066574E0,-3.012184906E1
5.603134871E1,-2.445591736E1,-8.228225708E0,-3.025528717E1
5.605151271E1,-2.393262863E1,-8.986028671E0,-3.035204315E1
5.607167771E1,-2.347550201E1,-1.007908058E1,-3.038222504E1
5.609184271E1,-2.304489899E1,-1.120272636E1,-3.040953064E1
5.611200771E1,-2.293428040E1,-1.256790161E1,-2.995959473E1
5.613217271E1,-2.288911438E1,-1.377822113E1,-2.925725555E1
5.615233771E1,-2.284143829E1,-1.531052971E1,-2.876824188E1
5.617250271E1,-2.306441498E1,-1.689527702E1,-2.763814545E1
5.619266771E1,-2.341256332E1,-1.864771843E1,-2.674964905E1
5.621283271E1,-2.353321266E1,-2.026311684E1,-2.523333740E1
5.623299771E1,-2.360715294E1,-2.157107353E1,-2.416752625E1
5.625316271E1,-2.338573456E1,-2.223317337E1,-2.366145325E1
5.627332771E1,-2.294964981E1,-2.284140396E1,-2.373696899E1
5.629349271E1,-2.265698624E1,-2.368525696E1,-2.328340912E1
5.631365771E1,-2.242344666E1,-2.480772591E1,-2.217237091E1
5.633382271E1,-2.217465401E1,-2.571795464E1,-2.115291595E1
5.635398771E1,-2.195792007E1,-2.628968620E1,-2.041838837E1
5.637415271E1,-2.217524910E1,-2.642807579E1,-2.027603912E1
5.639431771E1,-2.227093506E1,-2.681480408E1,-1.969321442E1
5.641448271E1,-2.270808411E1,-2.698847961E1,-1.927332306E1
5.643464771E1,-2.293148041E1,-2.725251198E1,-1.823495483E1
5.645481271E1,-2.290633011E1,-2.757006264E1,-1.776274109E1
5.647497771E1,-2.318046951E1,-2.755444145E1,-1.793363953E1
5.649514271E1,-2.357991600E1,-2.723583031E1,-1.757025146E1
5.651530771E1,-2.396562386E1,-2.693424797E1,-1.800329590E1
5.653547271E1,-2.411540413E1,-2.649662209E1,-1.815826416E1
5.655563771E1,-2.450208282E1,-2.618721199E1,-1.830111694E1
5.657580271E1,-2.497186470E1,-2.561307716E1,-1.878273010E1
5.659596771E1,-2.547071648E1,-2.464466476E1,-1.980420685E1
5.661613271E1,-2.589819908E1,-2.399945068E1,-2.038993073E1
5.663629771E1,-2.662024689E1,-2.337148857E1,-2.034651184E1
5.665646271E1,-2.718262482E1,-2.248758507E1,-2.070782471E1
5.667662771E1,-2.780630112E1,-2.104207611E1,-2.167769623E1
5.669679271E1,-2.862726402E1,-1.882339668E1,-2.270756531E1
5.671695771E1,-2.942636871E1,-1.631940651E1,-2.344998169E1
5.673712271E1,-2.997093201E1,-1.382748413E1,-2.519738007E1
5.675728771E1,-3.023329926E1,-1.093372345E1,-2.635359955E1
5.677745208E1,-2.989061737E1,-8.093063354E0,-2.789218140E1
5.679761708E1,-2.931859207E1,-5.528808594E0,-2.885298157E1
5.681778208E1,-2.933355331E1,-3.629083633E0,-2.947454071E1
5.683794708E1,-2.951652527E1,-2.734035492E0,-2.979642487E1
5.685811208E1,-2.991278267E1,-1.951459885E0,-2.973160553E1
5.687827708E1,-2.988735199E1,-1.035285950E0,-2.985218048E1
5.689844208E1,-3.003202057E1,-2.403564453E-1,-2.969325256E1
5.691860708E1,-3.020164108E1,2.125434875E-1,-2.978480530E1
5.693877208E1,-3.059613800E1,2.808780670E-1,-2.976188660E1
5.695893708E1,-3.087900543E1,1.929912567E-1,-2.973321533E1
5.697910208E1,-3.111248398E1,-1.697521210E-1,-2.996797180E1
5.699926708E1,-3.155538750E1,-4.950599670E-1,-2.959820557E1
5.701943208E1,-3.215445328E1,-1.119092941E0,-2.928199005E1
5.703959708E1,-3.290142822E1,-2.010128021E0,-2.910491180E1
5.705976208E1,-3.341264343E1,-3.307592392E0,-2.896200562E1
5.707992708E1,-3.372354889E1,-4.526628494E0,-2.867120361E1
5.710009208E1,-3.419652557E1,-5.711500168E0,-2.828317261E1
5.712025708E1,-3.493236542E1,-6.687551498E0,-2.801875305E1
5.714042208E1,-3.585104370E1,-7.594089508E0,-2.742321777E1
5.716058708E1,-3.643503952E1,-8.503953934E0,-2.724285126E1
5.718075208E1,-3.672417450E1,-9.504083633E0,-2.679840851E1
5.720091708E1,-3.671389008E1,-1.037691879E1,-2.677493286E1
5.722108208E1,-3.685555267E1,-1.138424301E1,-2.629237366E1
5.724124708E1,-3.707364655E1,-1.244460106E1,-2.557664490E1
5.726141208E1,-3.722807693E1,-1.354339409E1,-2.473643494E1
5.728157708E1,-3.744005585E1,-1.428717041E1,-2.417882538E1
5.730174208E1,-3.763992310E1,-1.467889404E1,-2.337248993E1
5.732190708E1,-3.782477570E1,-1.502188873E1,-2.302297974E1
5.734207208E1,-3.785055542E1,-1.515396118E1,-2.307969666E1
5.736223708E1,-3.791796112E1,-1.521047211E1,-2.297517395E1
5.738240208E1,-3.806700516E1,-1.551602173E1,-2.274655914E1
5.740256708E1,-3.787387085E1,-1.610538864E1,-2.276123810E1
5.742273208E1,-3.765749359E1,-1.660965729E1,-2.295197296E1
5.744289708E1,-3.749581528E1,-1.699459267E1,-2.331861115E1
5.746306208E1,-3.754822922E1,-1.708638191E1,-2.359716034E1
5.748322708E1,-3.759020233E1,-1.737234116E1,-2.410629272E1
5.750339208E1,-3.778092957E1,-1.748555756E1,-2.486071777E1
5.752355708E1,-3.822050476E1,-1.701791954E1,-2.498501587E1
5.754372208E1,-3.888046265E1,-1.676261330E1,-2.522332764E1
5.756388708E1,-3.930587006E1,-1.608945084E1,-2.580751038E1
5.758405208E1,-3.974684143E1,-1.508594894E1,-2.615898132E1
5.760421708E1,-4.069857025E1,-1.438459778E1,-2.623973846E1
5.762438208E1,-4.131190872E1,-1.386910248E1,-2.557086945E1
5.764454708E1,-4.185321045E1,-1.290953827E1,-2.511791229E1
5.766471208E1,-4.228944397E1,-1.129472542E1,-2.465270233E1
5.768487708E1,-4.235464478E1,-8.289617538E0,-2.533167267E1
5.770504308E1,-4.225727844E1,-3.745121002E0,-2.656867218E1
5.772520708E1,-4.245959091E1,1.352621078E0,-2.692803955E1
5.774537208E1,-4.297580719E1,5.816374779E0,-2.560309601E1
5.776553808E1,-4.352738190E1,8.926372528E0,-2.385556030E1
5.778570363E1,-4.417414474E1,1.151529980E1,-2.160523224E1
5.780586863E1,-4.451747131E1,1.349041939E1,-2.036629486E1
5.782603362E1,-4.480041122E1,1.506010723E1,-1.958454132E1
5.784619863E1,-4.508250427E1,1.649514961E1,-1.937975311E1
5.786636363E1,-4.540213013E1,1.735044289E1,-1.932720184E1
5.788652863E1,-4.543347931E1,1.739779091E1,-2.011307526E1
5.790669363E1,-4.572170258E1,1.693374062E1,-2.112496185E1
5.792685862E1,-4.593449783E1,1.617561340E1,-2.194476318E1
5.794702363E1,-4.602528000E1,1.546100807E1,-2.184408569E1
5.796718863E1,-4.588222122E1,1.452096748E1,-2.182596588E1
5.798735363E1,-4.539944839E1,1.362365437E1,-2.146077728E1
5.800751863E1,-4.462160873E1,1.225276566E1,-2.217473602E1
5.802768362E1,-4.361302567E1,1.066364384E1,-2.250936127E1
5.804784863E1,-4.262299728E1,8.846902847E0,-2.350549316E1
5.806801363E1,-4.125015259E1,7.338135719E0,-2.348474121E1
5.808817863E1,-3.940100861E1,6.840091705E0,-2.457367706E1
5.810834363E1,-3.833647537E1,6.726359367E0,-2.528054047E1
5.812850862E1,-3.670515060E1,6.285354614E0,-2.549287415E1
5.814867362E1,-3.608511734E1,5.480417252E0,-2.538166046E1
5.816883863E1,-3.545523834E1,4.518681526E0,-2.509232330E1
5.818900363E1,-3.473322296E1,3.767213821E0,-2.508959961E1
5.820916863E1,-3.392034912E1,2.889871597E0,-2.473469543E1
5.822933363E1,-3.356434631E1,2.244022369E0,-2.454142761E1
5.824949862E1,-3.334927368E1,1.653739929E0,-2.419514465E1
5.826966363E1,-3.325975037E1,8.773193359E-1,-2.405258942E1
5.828982863E1,-3.280381012E1,4.643516541E-1,-2.379035187E1
5.830999363E1,-3.241645432E1,-7.764625549E-2,-2.376197052E1
5.833015863E1,-3.199878693E1,-4.295520782E-1,-2.383104706E1
5.835032362E1,-3.130444717E1,-8.285083771E-1,-2.423375702E1
5.837048863E1,-3.073275185E1,-8.517723083E-1,-2.462490845E1
5.839065363E1,-3.012068748E1,-9.651889801E-1,-2.501342773E1
5.841081863E1,-2.950786591E1,-8.056335449E-1,-2.550859833E1
5.843098363E1,-2.889854431E1,-3.823032379E-1,-2.605683136E1
5.845114862E1,-2.818557358E1,5.142993927E-1,-2.650041962E1
5.847131363E1,-2.774979401E1,1.256992340E0,-2.680869293E1
5.849147863E1,-2.732801056E1,2.283580780E0,-2.701780701E1
5.851164363E1,-2.674935722E1,3.386741638E0,-2.730992126E1
5.853180863E1,-2.593264771E1,4.719796181E0,-2.755586243E1
5.855197362E1,-2.511113548E1,5.983288765E0,-2.787303925E1
5.857213862E1,-2.461710358E1,7.042442322E0,-2.790269470E1
5.859230363E1,-2.380398750E1,8.049100876E0,-2.818054199E1
5.861246863E1,-2.265113068E1,9.348454475E0,-2.846997070E1
5.863263363E1,-2.151441193E1,1.098388195E1,-2.893767548E1
5.865279863E1,-2.044397354E1,1.245667458E1,-2.893521118E1
5.867296362E1,-2.004176140E1,1.353947639E1,-2.845571136E1
5.869312863E1,-1.964704132E1,1.397941494E1,-2.840175629E1
5.871329363E1,-1.926434135E1,1.432418251E1,-2.841095734E1
5.873345863E1,-1.861904335E1,1.458690262E1,-2.866430664E1
5.875362363E1,-1.812433243E1,1.501204014E1,-2.862574768E1
5.877378963E1,-1.759720230E1,1.539754677E1,-2.861566925E1
5.879395462E1,-1.740181160E1,1.603756332E1,-2.867983246E1
5.881411962E1,-1.722272873E1,1.630001831E1,-2.843482208E1
5.883428463E1,-1.650746155E1,1.634956169E1,-2.838332367E1
5.885444963E1,-1.597435665E1,1.643926239E1,-2.869080353E1
5.887461463E1,-1.534953690E1,1.678293037E1,-2.915833282E1
5.889477962E1,-1.503677082E1,1.695121574E1,-2.928744507E1
5.891494462E1,-1.448537445E1,1.735424995E1,-2.923544312E1
5.893510963E1,-1.365386009E1,1.795771790E1,-2.910684204E1
5.895527463E1,-1.300959873E1,1.872797203E1,-2.894291687E1
5.897543963E1,-1.196896172E1,1.950208855E1,-2.921981049E1
5.899560463E1,-1.088941097E1,2.009089470E1,-2.891590118E1
5.901576962E1,-9.281240463E0,2.111083984E1,-2.862032318E1
5.903593463E1,-8.536205292E0,2.197255325E1,-2.827465820E1
5.905609963E1,-7.533065796E0,2.285565376E1,-2.751664734E1
5.907626463E1,-6.861701012E0,2.365572739E1,-2.676944733E1
5.909642963E1,-6.052697182E0,2.418270493E1,-2.642440033E1
5.911659462E1,-5.365601063E0,2.463952637E1,-2.608927155E1
5.913675963E1,-4.671107769E0,2.483835793E1,-2.553203583E1
5.915692463E1,-4.107242584E0,2.516881371E1,-2.530504608E1
5.917708963E1,-3.558830738E0,2.534571266E1,-2.504759216E1
5.919725463E1,-3.037755013E0,2.531270981E1,-2.489825439E1
5.921741962E1,-2.457602501E0,2.539455605E1,-2.494743347E1
5.923758462E1,-2.083226681E0,2.505571365E1,-2.507447815E1
5.925774963E1,-1.813942909E0,2.468600273E1,-2.539195251E1
5.927791463E1,-1.636381149E0,2.452396774E1,-2.552139282E1
5.929807963E1,-1.180583000E0,2.403343582E1,-2.586920929E1
5.931824462E1,-6.831254959E-1,2.370866776E1,-2.632698822E1
5.933840962E1,-6.613750458E-1,2.309076500E1,-2.679095459E1
5.935857463E1,-2.168464661E-1,2.283155823E1,-2.701318359E1
5.937873963E1,-3.379650116E-1,2.263646507E1,-2.755548859E1
5.939890463E1,-2.721071243E-1,2.219294930E1,-2.772913361E1
5.941906963E1,-2.580776215E-1,2.194071388E1,-2.816059875E1
5.943923563E1,-1.055870056E-1,2.129142570E1,-2.872152710E1
5.945940062E1,1.429977417E-1,2.079280090E1,-2.890634918E1
5.947956563E1,6.424112320E-1,2.039371681E1,-2.893791962E1
5.949973063E1,1.137628555E0,2.020226479E1,-2.908763885E1
5.951989563E1,1.579149246E0,2.025757027E1,-2.927759552E1
5.954006063E1,2.156428337E0,2.014435387E1,-2.910393524E1
5.956022562E1,2.646152496E0,2.025849724E1,-2.921408081E1
5.958039062E1,3.339098930E0,2.043298721E1,-2.895590210E1
5.960055563E1,4.189477921E0,2.054547310E1,-2.882340240E1
5.962072063E1,5.019834518E0,2.054184341E1,-2.869751740E1
5.964088563E1,5.870168686E0,2.061769295E1,-2.846854401E1
5.966105062E1,6.690813065E0,2.051054573E1,-2.841088104E1
5.968121562E1,7.496142387E0,2.018200302E1,-2.821063995E1
5.970138063E1,8.319729805E0,2.027746964E1,-2.835575104E1
5.972154563E1,9.065104485E0,2.014867592E1,-2.817184448E1
5.974171063E1,9.989762306E0,2.038926888E1,-2.775541687E1
5.976187563E1,1.088971901E1,2.081794357E1,-2.722444916E1
5.978204108E1,1.170043945E1,2.104117966E1,-2.694483185E1
5.980220608E1,1.227006149E1,2.103922653E1,-2.676582336E1
5.982237108E1,1.264257050E1,2.066797829E1,-2.696124268E1
5.984253608E1,1.281748581E1,2.065363121E1,-2.709249878E1
5.986270108E1,1.324785995E1,2.055967331E1,-2.683856201E1
5.988286708E1,1.361733818E1,2.046564674E1,-2.710841370E1
5.990303208E1,1.399495220E1,2.030238152E1,-2.662473297E1
5.992319708E1,1.414710140E1,2.020585442E1,-2.655702972E1
5.994336208E1,1.458552837E1,2.030389214E1,-2.659171295E1
5.996352708E1,1.484368038E1,2.025825882E1,-2.654034424E1
5.998369208E1,1.527503681E1,1.995205688E1,-2.651519775E1
6.000385708E1,1.556183147E1,1.981003952E1,-2.642199707E1
6.002402208E1,1.581910801E1,1.982245636E1,-2.623728180E1
6.004418708E1,1.591678715E1,1.978550911E1,-2.610404205E1
6.006435208E1,1.629018402E1,1.959605217E1,-2.614284515E1
6.008451708E1,1.664419937E1,1.930936050E1,-2.614186859E1
6.010468208E1,1.685114288E1,1.918622017E1,-2.624632263E1
6.012484708E1,1.711446762E1,1.932950974E1,-2.606050110E1
6.014501208E1,1.715857697E1,1.932801056E1,-2.558442688E1
6.016517708E1,1.729710770E1,1.921262360E1,-2.569343567E1
6.018534208E1,1.743833923E1,1.924889183E1,-2.550047302E1
6.020550708E1,1.736144257E1,1.928454590E1,-2.557287598E1
6.022567308E1,1.735906601E1,1.918524933E1,-2.559193420E1
6.024583808E1,1.743456268E1,1.931770134E1,-2.532198334E1
6.026600308E1,1.764404297E1,1.952437401E1,-2.518422699E1
6.028616808E1,1.767587662E1,1.959856987E1,-2.497917938E1
6.030633308E1,1.743252182E1,1.969927979E1,-2.486499023E1
6.032649808E1,1.743540573E1,1.945931625E1,-2.494232178E1
6.034666308E1,1.732644272E1,1.930323601E1,-2.489427185E1
6.036682808E1,1.720299911E1,1.930991364E1,-2.498551941E1
6.038699308E1,1.695922470E1,1.945918655E1,-2.492631531E1
6.040715808E1,1.681242371E1,1.965024757E1,-2.478684998E1
6.042732308E1,1.666510010E1,1.962470436E1,-2.488323975E1
6.044748808E1,1.653414536E1,1.958001328E1,-2.452433777E1
6.046765308E1,1.658219528E1,1.982582283E1,-2.453067780E1
6.048781808E1,1.705743027E1,2.003539467E1,-2.373613739E1
6.050798308E1,1.793600273E1,2.055565453E1,-2.289183044E1
6.052814808E1,1.844780731E1,2.091441345E1,-2.209404755E1
6.054831408E1,1.825786209E1,2.069565010E1,-2.238309479E1
6.056847908E1,1.773746300E1,2.037791061E1,-2.307440186E1
6.058864408E1,1.703572464E1,2.023969841E1,-2.436849976E1
6.060880908E1,1.608772278E1,1.971216583E1,-2.542295837E1
6.062897408E1,1.553174591E1,1.920025253E1,-2.616023254E1
6.064913908E1,1.502795982E1,1.842292023E1,-2.681764984E1
6.066930408E1,1.447945118E1,1.790437126E1,-2.772041321E1
6.068946908E1,1.401003742E1,1.698850060E1,-2.847021484E1
6.070963408E1,1.401762676E1,1.606437683E1,-2.919129181E1
6.072979908E1,1.405770779E1,1.497883034E1,-2.978638458E1
6.074996408E1,1.426532269E1,1.412681770E1,-3.027951813E1
6.077012788E1,1.439738655E1,1.310704041E1,-3.072421265E1
6.079029287E1,1.463581848E1,1.244752026E1,-3.098477173E1
6.081045788E1,1.474343872E1,1.180752182E1,-3.098935699E1
6.083062387E1,1.521515846E1,1.106284523E1,-3.077968597E1
6.085078888E1,1.563719749E1,1.034881210E1,-3.129943085E1
6.087095388E1,1.587374878E1,9.537361145E0,-3.122408295E1
6.089111888E1,1.610302353E1,8.873821259E0,-3.146828461E1
6.091128388E1,1.630523682E1,8.568134308E0,-3.130677032E1
6.093144887E1,1.642587280E1,8.399189949E0,-3.131705475E1
6.095161388E1,1.675983810E1,8.234190941E0,-3.150122070E1
6.097177888E1,1.710770416E1,7.771147728E0,-3.112886047E1
6.099194388E1,1.746413803E1,7.578400612E0,-3.120758057E1
6.101210888E1,1.781055832E1,7.996173859E0,-3.066781616E1
6.103227387E1,1.844498253E1,8.738373756E0,-3.029811859E1
6.105243888E1,1.898287964E1,9.721395493E0,-2.937863159E1
6.107260388E1,1.956441116E1,1.151170635E1,-2.877233124E1
6.109276888E1,2.057497406E1,1.333934975E1,-2.705429077E1
6.111293488E1,2.171490479E1,1.474750614E1,-2.545421600E1
6.113309988E1,2.255596542E1,1.605430984E1,-2.379718781E1
6.115326487E1,2.346801758E1,1.746957207E1,-2.188903809E1
6.117342987E1,2.417107773E1,1.891036224E1,-1.970371246E1
6.119359488E1,2.461147118E1,2.008037186E1,-1.766709900E1
6.121375988E1,2.507275772E1,2.093560600E1,-1.548839569E1
6.123392488E1,2.527142525E1,2.161446190E1,-1.426336670E1
6.125408988E1,2.544183922E1,2.202959633E1,-1.356668854E1
6.127425487E1,2.564842033E1,2.170544815E1,-1.323983765E1
6.129441988E1,2.595006561E1,2.144180679E1,-1.325287628E1
6.131458488E1,2.632711792E1,2.112897873E1,-1.293158722E1
6.133474988E1,2.653892136E1,2.096602249E1,-1.239032745E1
6.135491488E1,2.676876831E1,2.091184998E1,-1.229436493E1
6.137508088E1,2.663463211E1,2.097164726E1,-1.214911652E1
6.139524587E1,2.647861099E1,2.122281265E1,-1.246150970E1
6.141541087E1,2.624479103E1,2.136316490E1,-1.302442932E1
6.143557588E1,2.558072090E1,2.182855797E1,-1.364202118E1
6.145574088E1,2.496965790E1,2.210595512E1,-1.441544342E1
6.147590588E1,2.412446785E1,2.230480957E1,-1.534600830E1
6.149607088E1,2.339556122E1,2.237545967E1,-1.618036652E1
6.151623587E1,2.268664551E1,2.221775436E1,-1.754064178E1
6.153640088E1,2.197100830E1,2.158485222E1,-1.925440979E1
6.155656588E1,2.119586563E1,2.122079849E1,-2.098175049E1
6.157673088E1,2.024600410E1,2.087956619E1,-2.191257477E1
6.159689588E1,1.977313232E1,2.038926697E1,-2.294130707E1
6.161706087E1,1.985325050E1,1.989747620E1,-2.322952271E1
6.163722687E1,1.978794289E1,1.931121445E1,-2.384164429E1
6.165739187E1,1.897852898E1,1.874981117E1,-2.466625977E1
6.167755688E1,1.774358749E1,1.846321487E1,-2.589296722E1
6.169772188E1,1.676419449E1,1.812913513E1,-2.660924530E1
6.171788688E1,1.586762238E1,1.789843559E1,-2.694112396E1
6.173805187E1,1.520336914E1,1.763013268E1,-2.737728119E1
6.175821687E1,1.492503357E1,1.752210236E1,-2.771085358E1
6.177838208E1,1.488558960E1,1.723588562E1,-2.787761688E1
6.179854708E1,1.478691292E1,1.664246750E1,-2.834856415E1
6.181871208E1,1.444442844E1,1.621852112E1,-2.867543793E1
6.183887708E1,1.424160480E1,1.585799217E1,-2.864273834E1
6.185904208E1,1.443765926E1,1.550036049E1,-2.913671112E1
6.187920708E1,1.468530464E1,1.518820095E1,-2.903594971E1
6.189937208E1,1.525581551E1,1.493346024E1,-2.913771057E1
6.191953808E1,1.557834816E1,1.490348721E1,-2.889959717E1
6.193970308E1,1.601898956E1,1.469213390E1,-2.868448639E1
6.195986808E1,1.667669487E1,1.468711472E1,-2.838280487E1
6.198003308E1,1.774551392E1,1.457442284E1,-2.789167786E1
6.200019808E1,1.838527679E1,1.454747868E1,-2.753782654E1
6.202036308E1,1.891937637E1,1.462667847E1,-2.682105255E1
6.204052808E1,1.937092972E1,1.462901115E1,-2.676348114E1
6.206069308E1,1.962776947E1,1.478613663E1,-2.636461639E1
6.208085808E1,2.044724274E1,1.536383438E1,-2.553259277E1
6.210102308E1,2.149935532E1,1.619454956E1,-2.415491486E1
6.212118808E1,2.279343033E1,1.691641808E1,-2.239160156E1
6.214135308E1,2.337236404E1,1.738977242E1,-2.133345795E1
6.216151808E1,2.367165756E1,1.785628891E1,-2.067430878E1
6.218168408E1,2.358588791E1,1.840613937E1,-2.000347900E1
6.220184908E1,2.385916328E1,1.939289665E1,-1.890289307E1
6.222201408E1,2.405928993E1,1.984113503E1,-1.833483887E1
6.224217908E1,2.427591324E1,2.010094643E1,-1.770403290E1
6.226234408E1,2.441740417E1,2.019272041E1,-1.720659637E1
6.228250908E1,2.467391205E1,2.032953835E1,-1.686681366E1
6.230267408E1,2.454531097E1,2.049698257E1,-1.667346191E1
6.232283908E1,2.450334549E1,2.067332649E1,-1.666534424E1
6.234300408E1,2.424274063E1,2.110828018E1,-1.628915405E1
6.236316908E1,2.406233215E1,2.124411964E1,-1.643043518E1
6.238333408E1,2.372608185E1,2.163104248E1,-1.648312378E1
6.240349908E1,2.331021118E1,2.186697388E1,-1.689480591E1
6.242366408E1,2.268285179E1,2.200113678E1,-1.712640381E1
6.244383008E1,2.193459511E1,2.218339539E1,-1.775613403E1
6.246399508E1,2.123264694E1,2.253184891E1,-1.820502472E1
6.248416008E1,2.024062920E1,2.292833328E1,-1.863949585E1
6.250432508E1,1.934430313E1,2.284646988E1,-1.914023590E1
6.252449008E1,1.843109131E1,2.286555481E1,-2.005893707E1
6.254465508E1,1.770318222E1,2.226122665E1,-2.101780701E1
6.256482008E1,1.706074715E1,2.160980606E1,-2.234378052E1
6.258498508E1,1.614105988E1,2.103512955E1,-2.355035400E1
6.260515008E1,1.514246273E1,2.022962379E1,-2.451606750E1
6.262531508E1,1.463514328E1,1.960653114E1,-2.553538513E1
6.264548008E1,1.420554256E1,1.902640724E1,-2.613890076E1
6.266564508E1,1.428653908E1,1.828527451E1,-2.667400360E1
6.268581008E1,1.443259430E1,1.759210205E1,-2.706537628E1
6.270597608E1,1.423491764E1,1.671250153E1,-2.753344727E1
6.272614108E1,1.359093761E1,1.619544792E1,-2.837048340E1
6.274630608E1,1.295257282E1,1.571093941E1,-2.851920319E1
6.276647108E1,1.277323627E1,1.549275589E1,-2.870543671E1
6.278663600E1,1.288049412E1,1.553147316E1,-2.860643768E1
6.280680100E1,1.280696964E1,1.579598999E1,-2.853208160E1
6.282696600E1,1.275369740E1,1.641007614E1,-2.863948822E1
6.284713100E1,1.261266136E1,1.663088608E1,-2.819623566E1
6.286729600E1,1.235433578E1,1.708305931E1,-2.806012726E1
6.288746100E1,1.222253036E1,1.744585419E1,-2.781853485E1
6.290762600E1,1.233301735E1,1.761712265E1,-2.755747223E1
6.292779100E1,1.236830044E1,1.766929054E1,-2.725858307E1
6.294795600E1,1.275793552E1,1.771905899E1,-2.725553131E1
6.296812200E1,1.322936535E1,1.780833817E1,-2.676231384E1
6.298828700E1,1.385668087E1,1.769540024E1,-2.631723022E1
6.300845200E1,1.443562698E1,1.753883743E1,-2.634114838E1
6.302861700E1,1.504322815E1,1.697237015E1,-2.628621674E1
6.304878200E1,1.533748817E1,1.659787560E1,-2.654444885E1
6.306894700E1,1.539922142E1,1.635243225E1,-2.637396240E1
6.308911200E1,1.557419300E1,1.687223434E1,-2.580036163E1
6.310927700E1,1.633459663E1,1.744223595E1,-2.484500122E1
6.312944200E1,1.734893036E1,1.856207085E1,-2.338373566E1
6.314960700E1,1.833972549E1,1.954050064E1,-2.219769287E1
6.316977200E1,1.871681595E1,2.033955002E1,-2.100640869E1
6.318993700E1,1.886777496E1,2.126864624E1,-1.991899109E1
6.321010300E1,1.913941193E1,2.182942581E1,-1.864313507E1
6.323026800E1,1.965845299E1,2.224121857E1,-1.831586456E1
6.325043300E1,1.976050949E1,2.267219543E1,-1.773534393E1
6.327059800E1,1.958732986E1,2.270387650E1,-1.780792999E1
6.329076300E1,1.929475784E1,2.280696869E1,-1.757218170E1
6.331092800E1,1.932298279E1,2.324796295E1,-1.743056488E1
6.333109300E1,1.913006020E1,2.338908195E1,-1.739270782E1
6.335125800E1,1.892608643E1,2.352093124E1,-1.728334808E1
6.337142300E1,1.853617096E1,2.370002747E1,-1.735437012E1
6.339158800E1,1.805310822E1,2.387808609E1,-1.755058289E1
6.341175300E1,1.765234756E1,2.372899628E1,-1.796444702E1
6.343191800E1,1.700463867E1,2.379294205E1,-1.855551147E1
6.345208400E1,1.644911194E1,2.363764763E1,-1.922410583E1
6.347224900E1,1.574643898E1,2.360038376E1,-1.986262512E1
6.349241400E1,1.487398148E1,2.314052773E1,-2.111616516E1
6.351257900E1,1.412109375E1,2.277223587E1,-2.198779297E1
6.353274400E1,1.299509430E1,2.196491432E1,-2.310689545E1
6.355290900E1,1.213386154E1,2.124474907E1,-2.452234650E1
6.357307400E1,1.162981129E1,2.037714767E1,-2.554502869E1
6.359323900E1,1.136387253E1,1.926943588E1,-2.628039551E1
6.361340400E1,1.166907406E1,1.835673141E1,-2.657330322E1
6.363356900E1,1.170487499E1,1.754326439E1,-2.722161865E1
6.365373400E1,1.164053726E1,1.670929337E1,-2.794069672E1
6.367389900E1,1.122181892E1,1.605045891E1,-2.855788422E1
6.369406500E1,1.073755741E1,1.529257965E1,-2.899964142E1
6.371423000E1,1.008394337E1,1.514946938E1,-2.897022247E1
6.373439500E1,1.006866932E1,1.493399811E1,-2.939915466E1
6.375456000E1,1.028515148E1,1.539703274E1,-2.899971008E1
6.377472533E1,1.075980568E1,1.593318844E1,-2.843984222E1
6.379489033E1,1.122928429E1,1.645046997E1,-2.802155304E1
6.381505533E1,1.158108044E1,1.675639153E1,-2.799951172E1
6.383522033E1,1.186741924E1,1.689129257E1,-2.806228638E1
6.385538533E1,1.217643070E1,1.685318947E1,-2.762486267E1
6.387555033E1,1.249260235E1,1.688353920E1,-2.736246490E1
6.389571533E1,1.312282085E1,1.708155251E1,-2.688811493E1
6.391588133E1,1.370797157E1,1.718320274E1,-2.663112640E1
6.393604633E1,1.455703926E1,1.734197617E1,-2.608968353E1
6.395621133E1,1.518691063E1,1.750599098E1,-2.576839447E1
6.397637633E1,1.599178791E1,1.744162750E1,-2.515857697E1
6.399654133E1,1.676877594E1,1.725029182E1,-2.483305359E1
6.401670633E1,1.742818069E1,1.688560867E1,-2.470518494E1
6.403687133E1,1.804041672E1,1.650590897E1,-2.459185791E1
6.405703633E1,1.870252991E1,1.662978554E1,-2.420104980E1
6.407720133E1,1.956337547E1,1.688993835E1,-2.288059235E1
6.409736633E1,2.068790436E1,1.726729584E1,-2.174042511E1
6.411753233E1,2.162578201E1,1.738990021E1,-2.037100983E1
6.413769733E1,2.209473419E1,1.767761421E1,-1.968601990E1
6.415786233E1,2.196266556E1,1.831319809E1,-1.908810425E1
6.417802733E1,2.205064774E1,1.896236420E1,-1.878747559E1
6.419819233E1,2.211808014E1,1.945932770E1,-1.782894897E1
6.421835733E1,2.194957733E1,1.986246300E1,-1.762385559E1
6.423852233E1,2.173670197E1,2.002465820E1,-1.730941010E1
6.425868733E1,2.164989471E1,2.016855812E1,-1.729946136E1
6.427885233E1,2.152701187E1,2.014926147E1,-1.747440338E1
6.429901733E1,2.114117432E1,2.029280853E1,-1.768158722E1
6.431918333E1,2.103946304E1,2.040101433E1,-1.774748993E1
6.433934833E1,2.059920502E1,2.034792900E1,-1.808639526E1
6.435951333E1,1.985047531E1,2.021518517E1,-1.919551849E1
6.437967833E1,1.942826080E1,1.987311172E1,-1.984772491E1
6.439984333E1,1.889419556E1,1.956999397E1,-2.092975616E1
6.442000833E1,1.832746887E1,1.926720238E1,-2.166034698E1
6.444017333E1,1.783011627E1,1.847940445E1,-2.265472412E1
6.446033833E1,1.705820084E1,1.741457558E1,-2.426332855E1
6.448050333E1,1.634816360E1,1.621969414E1,-2.570165253E1
6.450066933E1,1.553638363E1,1.495092583E1,-2.717913055E1
6.452083433E1,1.464478111E1,1.384187889E1,-2.822608948E1
6.454099933E1,1.409465218E1,1.282671738E1,-2.893807983E1
6.456116433E1,1.412401962E1,1.206776810E1,-2.918833923E1
6.458132933E1,1.464536095E1,1.157850933E1,-2.946681213E1
6.460149433E1,1.490518188E1,1.106396389E1,-2.968955994E1
6.462165933E1,1.467298889E1,1.078109646E1,-2.995024109E1
6.464182433E1,1.429410553E1,1.079104519E1,-3.045104980E1
6.466198933E1,1.384221745E1,1.103582096E1,-3.027289581E1
6.468215533E1,1.363314724E1,1.121965408E1,-3.069248199E1
6.470232033E1,1.328436947E1,1.125719452E1,-3.044831085E1
6.472248533E1,1.347697067E1,1.135265350E1,-3.050258636E1
6.474265033E1,1.352238274E1,1.147539806E1,-3.060643768E1
6.476281533E1,1.381966591E1,1.163821983E1,-3.068640900E1
6.478298062E1,1.422665405E1,1.172304726E1,-3.044187164E1
6.480314563E1,1.448092842E1,1.185842323E1,-3.015787506E1
6.482331063E1,1.493516159E1,1.182427406E1,-3.007028198E1
6.484347563E1,1.564587593E1,1.153338337E1,-2.958045959E1
6.486364163E1,1.671084213E1,1.142807484E1,-2.927677155E1
6.488380663E1,1.780601883E1,1.178526878E1,-2.851427460E1
6.490397162E1,1.897126389E1,1.198623848E1,-2.741049957E1
6.492413663E1,2.006572533E1,1.203714943E1,-2.664046478E1
6.494430163E1,2.100764847E1,1.196001339E1,-2.627348328E1
6.496446663E1,2.194490814E1,1.233026886E1,-2.531652832E1
6.498463163E1,2.309490776E1,1.262033844E1,-2.445528412E1
6.500479662E1,2.408640289E1,1.284407139E1,-2.327509308E1
6.502496162E1,2.467246246E1,1.304248810E1,-2.259930420E1
6.504512762E1,2.539160919E1,1.258297443E1,-2.201391602E1
6.506529263E1,2.572727966E1,1.228165722E1,-2.212054443E1
6.508545763E1,2.570471573E1,1.169008732E1,-2.255123901E1
6.510562263E1,2.556283569E1,1.126121807E1,-2.257226562E1
6.512578763E1,2.559023285E1,1.086406898E1,-2.329604340E1
6.514595262E1,2.593915939E1,1.051902962E1,-2.333017731E1
6.516611763E1,2.684068871E1,1.017927933E1,-2.298625946E1
6.518628263E1,2.760415077E1,9.480921745E0,-2.254622650E1
6.520644863E1,2.825192070E1,8.517413139E0,-2.275811768E1
6.522661363E1,2.812221909E1,7.784620285E0,-2.343248749E1
6.524677863E1,2.820766068E1,7.106492043E0,-2.422781372E1
6.526694362E1,2.825733757E1,6.171998978E0,-2.478201294E1
6.528710862E1,2.831829071E1,5.156730652E0,-2.540160370E1
6.530727363E1,2.852194595E1,3.900272369E0,-2.584197235E1
6.532743863E1,2.841248322E1,2.165519714E0,-2.645372772E1
6.534760363E1,2.810050201E1,8.144950867E-2,-2.717655182E1
6.536776863E1,2.743115616E1,-1.861337662E0,-2.758515930E1
6.538793463E1,2.718459702E1,-3.408681870E0,-2.791835785E1
6.540809962E1,2.734352112E1,-5.158840179E0,-2.780441284E1
6.542826463E1,2.733238220E1,-6.084028244E0,-2.792951965E1
6.544842963E1,2.719195938E1,-6.657974243E0,-2.822747803E1
6.546859463E1,2.718909836E1,-7.125755310E0,-2.812162781E1
6.548875963E1,2.749110031E1,-7.483724594E0,-2.765757751E1
6.550892462E1,2.779260254E1,-7.735170364E0,-2.725177002E1
6.552908962E1,2.831428909E1,-7.855022430E0,-2.707826233E1
6.554925463E1,2.838294983E1,-7.966543198E0,-2.710795593E1
6.556942063E1,2.809000015E1,-8.181434631E0,-2.726551819E1
6.558958563E1,2.844058609E1,-8.355663300E0,-2.713546753E1
6.560975063E1,2.881411743E1,-8.576585770E0,-2.679598999E1
6.562991563E1,2.937106895E1,-8.787378311E0,-2.643183899E1
6.565008062E1,2.981716347E1,-9.367450714E0,-2.599003601E1
6.567024563E1,2.984761620E1,-9.813949585E0,-2.557464600E1
6.569041063E1,3.017353630E1,-1.034085083E1,-2.551919556E1
6.571057563E1,3.021261406E1,-1.104018593E1,-2.491719818E1
6.573074063E1,3.074871826E1,-1.189506912E1,-2.430754089E1
6.575090663E1,3.102742386E1,-1.270379829E1,-2.373191071E1
6.577107163E1,3.077691460E1,-1.339567757E1,-2.355880737E1
6.579123608E1,3.024090767E1,-1.365840721E1,-2.440563965E1
6.581140108E1,2.965518188E1,-1.400217628E1,-2.493786621E1
6.583156608E1,2.878205872E1,-1.468146133E1,-2.539113617E1
6.585173108E1,2.786442757E1,-1.556244850E1,-2.587476349E1
6.587189608E1,2.728678513E1,-1.609266853E1,-2.616968536E1
6.589206108E1,2.688156509E1,-1.636354637E1,-2.606056976E1
6.591222608E1,2.652544403E1,-1.681543732E1,-2.613491821E1
6.593239208E1,2.571509171E1,-1.741736031E1,-2.620253754E1
6.595255708E1,2.498132706E1,-1.811372566E1,-2.680619049E1
6.597272208E1,2.391778564E1,-1.895107841E1,-2.681962585E1
6.599288708E1,2.287734222E1,-2.004773521E1,-2.660897064E1
6.601305208E1,2.192865944E1,-2.146561432E1,-2.631942749E1
6.603321708E1,2.109476852E1,-2.256229973E1,-2.630677795E1
6.605338208E1,2.007626724E1,-2.353985023E1,-2.578371429E1
6.607354708E1,1.906168747E1,-2.425990105E1,-2.564949799E1
6.609371208E1,1.799202538E1,-2.498188210E1,-2.590089417E1
6.611387808E1,1.714984894E1,-2.584211540E1,-2.548843384E1
6.613404308E1,1.622948456E1,-2.650910759E1,-2.511296082E1
6.615420808E1,1.526500416E1,-2.707504463E1,-2.510823059E1
6.617437308E1,1.508763027E1,-2.754799461E1,-2.487858582E1
6.619453808E1,1.382587337E1,-2.776643944E1,-2.517821503E1
6.621470308E1,1.306323528E1,-2.810841179E1,-2.530971527E1
6.623486808E1,1.217306614E1,-2.837846756E1,-2.522447968E1
6.625503308E1,1.167964268E1,-2.840696716E1,-2.530403900E1
6.627519808E1,1.131977177E1,-2.854833984E1,-2.557431793E1
6.629536408E1,1.122614956E1,-2.842977905E1,-2.561800385E1
6.631552908E1,1.119883633E1,-2.830238342E1,-2.594098663E1
6.633569408E1,1.114894009E1,-2.842492676E1,-2.571714020E1
6.635585908E1,1.113240528E1,-2.872280884E1,-2.557054901E1
6.637602408E1,1.111308384E1,-2.919940567E1,-2.516411591E1
6.639618908E1,1.140597630E1,-2.948979568E1,-2.476218414E1
6.641635408E1,1.149624538E1,-2.987520981E1,-2.449705505E1
6.643651908E1,1.121357822E1,-3.012988663E1,-2.408013916E1
6.645668408E1,1.123598003E1,-3.053781128E1,-2.369902039E1
6.647685008E1,1.080805302E1,-3.101225662E1,-2.344666290E1
6.649701508E1,1.069263935E1,-3.140690613E1,-2.276811981E1
6.651718008E1,1.062552166E1,-3.187488556E1,-2.191190338E1
6.653734508E1,1.016137314E1,-3.232924271E1,-2.159111786E1
6.655751008E1,9.950426102E0,-3.271080017E1,-2.104857635E1
6.657767508E1,9.708780289E0,-3.293145370E1,-2.055583954E1
6.659784008E1,9.385097504E0,-3.325388336E1,-2.020967865E1
6.661800508E1,9.307636261E0,-3.356919098E1,-1.985115814E1
6.663817108E1,9.138590813E0,-3.397492218E1,-1.914188385E1
6.665833608E1,8.955403328E0,-3.443551636E1,-1.823542023E1
6.667850108E1,8.497758865E0,-3.481921005E1,-1.788492584E1
6.669866608E1,8.158107758E0,-3.510104752E1,-1.786267853E1
6.671883108E1,7.583657265E0,-3.524037170E1,-1.768231964E1
6.673899608E1,6.990923882E0,-3.524050140E1,-1.782549286E1
6.675916108E1,6.252888680E0,-3.522805786E1,-1.825379181E1
6.677932696E1,5.716408730E0,-3.511554718E1,-1.846588898E1
6.679949196E1,5.299636841E0,-3.499752426E1,-1.923239136E1
6.681965796E1,4.924271584E0,-3.476342392E1,-1.967826843E1
6.683982296E1,4.349325180E0,-3.434650040E1,-2.028537750E1
6.685998796E1,3.696988106E0,-3.409119415E1,-2.101399994E1
6.688015296E1,3.114074707E0,-3.392027283E1,-2.137458038E1
6.690031796E1,2.555977821E0,-3.370176315E1,-2.189546967E1
6.692048296E1,2.027328491E0,-3.340978241E1,-2.287181854E1
6.694064796E1,1.277421951E0,-3.312635803E1,-2.319731140E1
6.696081296E1,2.793874741E-1,-3.289474487E1,-2.393351746E1
6.698097796E1,-5.184402466E-1,-3.277602768E1,-2.399547577E1
6.700114396E1,-1.852133751E0,-3.281939316E1,-2.390966034E1
6.702130896E1,-2.315242767E0,-3.274856186E1,-2.378642273E1
6.704147396E1,-3.074053764E0,-3.290020370E1,-2.346932983E1
6.706163896E1,-3.990057945E0,-3.284327316E1,-2.351615143E1
6.708180396E1,-4.705842972E0,-3.277598953E1,-2.347573090E1
6.710196896E1,-5.630050182E0,-3.267031860E1,-2.330148315E1
6.712213396E1,-6.193468571E0,-3.264898682E1,-2.336917114E1
6.714229896E1,-7.018193245E0,-3.254138947E1,-2.285534668E1
6.716246396E1,-7.584522247E0,-3.210581589E1,-2.291952515E1
6.718262896E1,-8.498308182E0,-3.178493309E1,-2.310832214E1
6.720279496E1,-9.088294983E0,-3.150586510E1,-2.351844788E1
6.722295996E1,-9.727959633E0,-3.098476219E1,-2.381094360E1
6.724312496E1,-1.046036339E1,-3.056197929E1,-2.425569153E1
6.726328996E1,-1.096553612E1,-2.992216110E1,-2.437862396E1
6.728345496E1,-1.161490726E1,-2.926322556E1,-2.460877228E1
6.730361996E1,-1.238634014E1,-2.842656898E1,-2.528240204E1
6.732378496E1,-1.302772141E1,-2.769373131E1,-2.557909393E1
6.734394996E1,-1.357331467E1,-2.702501869E1,-2.582564545E1
6.736411496E1,-1.406742859E1,-2.666058540E1,-2.615743256E1
6.738427996E1,-1.449414253E1,-2.621222305E1,-2.637035370E1
6.740444596E1,-1.488379002E1,-2.567835236E1,-2.644202423E1
6.742461096E1,-1.566056633E1,-2.508889389E1,-2.654288483E1
6.744477596E1,-1.606158638E1,-2.473879623E1,-2.668642426E1
6.746494096E1,-1.626638031E1,-2.427091026E1,-2.663452911E1
6.748510596E1,-1.658814049E1,-2.410142326E1,-2.648993683E1
6.750527096E1,-1.699530983E1,-2.380439186E1,-2.650618744E1
6.752543596E1,-1.737981415E1,-2.359430122E1,-2.621772003E1
6.754560096E1,-1.789455223E1,-2.352116585E1,-2.601001740E1
6.756576596E1,-1.838287354E1,-2.351005554E1,-2.574546814E1
6.758593096E1,-1.865344429E1,-2.363314438E1,-2.536782837E1
6.760609596E1,-1.864889526E1,-2.376196289E1,-2.484678650E1
6.762626196E1,-1.882272339E1,-2.410940170E1,-2.466749573E1
6.764642696E1,-1.899769402E1,-2.395389557E1,-2.468643188E1
6.766659196E1,-1.881009483E1,-2.414015198E1,-2.439128113E1
6.768675696E1,-1.876081085E1,-2.450769043E1,-2.442469788E1
6.770692196E1,-1.863731384E1,-2.512115097E1,-2.359212494E1
6.772708696E1,-1.861478996E1,-2.591389465E1,-2.285727692E1
6.774725196E1,-1.839431763E1,-2.661208725E1,-2.237557220E1
6.776741696E1,-1.827990532E1,-2.717318344E1,-2.138162994E1
6.778758183E1,-1.801869583E1,-2.752841187E1,-2.129883575E1
6.780774683E1,-1.793363571E1,-2.786060905E1,-2.082604218E1
6.782791183E1,-1.784744453E1,-2.813701057E1,-2.064102936E1
6.784807683E1,-1.784290123E1,-2.836786461E1,-2.037545013E1
6.786824283E1,-1.802779961E1,-2.838929558E1,-2.003884125E1
6.788840783E1,-1.820891190E1,-2.857997894E1,-1.953389740E1
6.790857283E1,-1.825186920E1,-2.874979782E1,-1.959296417E1
6.792873783E1,-1.831478882E1,-2.849598694E1,-1.939842987E1
6.794890283E1,-1.858497047E1,-2.823374939E1,-1.926357269E1
6.796906783E1,-1.909557915E1,-2.778150558E1,-1.944406891E1
6.798923283E1,-1.947834778E1,-2.724040222E1,-1.969399261E1
6.800939783E1,-1.981563568E1,-2.696854019E1,-1.998573303E1
6.802956283E1,-2.007288551E1,-2.657450104E1,-2.032829285E1
6.804972783E1,-2.025672531E1,-2.600902176E1,-2.082025146E1
6.806989283E1,-2.034505272E1,-2.554622269E1,-2.107278442E1
6.809005783E1,-2.073538589E1,-2.500156021E1,-2.148696899E1
6.811022383E1,-2.085731316E1,-2.443819427E1,-2.199015808E1
6.813038883E1,-2.097568893E1,-2.397088432E1,-2.219976807E1
6.815055383E1,-2.112621307E1,-2.345850182E1,-2.234378052E1
6.817071883E1,-2.136218643E1,-2.306090355E1,-2.242326355E1
6.819088383E1,-2.169919205E1,-2.259678078E1,-2.277854919E1
6.821104883E1,-2.198549652E1,-2.194385910E1,-2.286964417E1
6.823121383E1,-2.212581253E1,-2.146654892E1,-2.282846069E1
6.825137883E1,-2.234999466E1,-2.109420967E1,-2.277552795E1
6.827154383E1,-2.257397842E1,-2.066507912E1,-2.308123779E1
6.829170883E1,-2.275135422E1,-2.012978745E1,-2.331493378E1
6.831187383E1,-2.297451973E1,-1.957694626E1,-2.344164276E1
6.833203883E1,-2.294897652E1,-1.898479271E1,-2.372415161E1
6.835220383E1,-2.306015396E1,-1.838556862E1,-2.398657227E1
6.837236983E1,-2.305762863E1,-1.793453407E1,-2.444831085E1
6.839253483E1,-2.289470100E1,-1.733603096E1,-2.485230255E1
6.841269983E1,-2.296310806E1,-1.672122955E1,-2.527351379E1
6.843286483E1,-2.311435699E1,-1.592954636E1,-2.566227722E1
6.845302983E1,-2.316252136E1,-1.484025383E1,-2.621509552E1
6.847319483E1,-2.349412155E1,-1.315474892E1,-2.651676941E1
6.849335983E1,-2.395410156E1,-1.202447128E1,-2.684516144E1
6.851352483E1,-2.422388458E1,-1.160220909E1,-2.687749481E1
6.853368983E1,-2.422796440E1,-1.175425911E1,-2.720575714E1
6.855385483E1,-2.387937546E1,-1.215861320E1,-2.709941864E1
6.857401983E1,-2.355558395E1,-1.265495682E1,-2.732609558E1
6.859418483E1,-2.309752655E1,-1.317134476E1,-2.753758240E1
6.861434983E1,-2.291733932E1,-1.361476326E1,-2.750466919E1
6.863451483E1,-2.284104156E1,-1.404371071E1,-2.767390442E1
6.865467983E1,-2.266624260E1,-1.473427582E1,-2.776586151E1
6.867484583E1,-2.235337448E1,-1.547439194E1,-2.719365692E1
6.869501083E1,-2.192531395E1,-1.682578468E1,-2.695941925E1
6.871517583E1,-2.166305161E1,-1.807171631E1,-2.660463715E1
6.873534083E1,-2.102610779E1,-1.954378128E1,-2.588134003E1
6.875550583E1,-2.068050003E1,-2.072123909E1,-2.548722839E1
6.877567083E1,-2.014757919E1,-2.224801445E1,-2.483634949E1
6.879583563E1,-1.963301849E1,-2.366490555E1,-2.391504669E1
6.881600062E1,-1.926362228E1,-2.513016891E1,-2.283576202E1
6.883616563E1,-1.875036049E1,-2.650532341E1,-2.146729279E1
6.885633063E1,-1.858271027E1,-2.745855141E1,-2.046789551E1
6.887649563E1,-1.844146347E1,-2.811920357E1,-1.975836945E1
6.889666063E1,-1.827358627E1,-2.864539146E1,-1.901300812E1
6.891682562E1,-1.810687256E1,-2.914210701E1,-1.826995850E1
6.893699063E1,-1.781093025E1,-2.983893776E1,-1.776153564E1
6.895715662E1,-1.796090317E1,-3.059002304E1,-1.656729126E1
6.897732163E1,-1.773701286E1,-3.109178162E1,-1.517239380E1
6.899748663E1,-1.762923241E1,-3.158281708E1,-1.422407532E1
6.901765163E1,-1.736758614E1,-3.174090576E1,-1.397058105E1
6.903781663E1,-1.745804214E1,-3.167617989E1,-1.386402893E1
6.905798162E1,-1.762042999E1,-3.150419044E1,-1.402375031E1
6.907814663E1,-1.772303963E1,-3.133265877E1,-1.446625519E1
6.909831163E1,-1.799550056E1,-3.114507866E1,-1.462409210E1
6.911847663E1,-1.782650375E1,-3.077140427E1,-1.541360474E1
6.913864163E1,-1.747375870E1,-3.075256348E1,-1.582499695E1
6.915880662E1,-1.761207199E1,-3.054180145E1,-1.655964661E1
6.917897163E1,-1.764157486E1,-3.024193573E1,-1.715055847E1
6.919913663E1,-1.797273827E1,-2.992326355E1,-1.760803223E1
6.921930163E1,-1.829523659E1,-2.924032974E1,-1.826715088E1
6.923946663E1,-1.867749596E1,-2.878380585E1,-1.865225220E1
6.925963162E1,-1.915395927E1,-2.790058708E1,-1.908032990E1
6.927979763E1,-1.969160843E1,-2.718730354E1,-1.980469513E1
6.929996262E1,-2.026786041E1,-2.653272629E1,-2.022920990E1
6.932012763E1,-2.067544174E1,-2.560115814E1,-2.042613983E1
6.934029263E1,-2.129839706E1,-2.468300629E1,-2.095792389E1
6.936045763E1,-2.200829697E1,-2.331040192E1,-2.199407959E1
6.938062263E1,-2.263905716E1,-2.012782097E1,-2.403199005E1
6.940078762E1,-2.314671135E1,-1.809687614E1,-2.530944061E1
6.942095263E1,-2.320866203E1,-1.601879120E1,-2.677773285E1
6.944111763E1,-2.300456047E1,-1.392678070E1,-2.804981232E1
6.946128263E1,-2.250230408E1,-1.184706879E1,-2.916937256E1
6.948144763E1,-2.204128265E1,-1.008119774E1,-3.024140167E1
6.950161262E1,-2.185969162E1,-9.075340271E0,-3.089179993E1
6.952177763E1,-2.187027740E1,-8.901498795E0,-3.082144165E1
6.954194263E1,-2.168243027E1,-9.566116333E0,-3.061672974E1
6.956210763E1,-2.165269852E1,-1.056904030E1,-3.054086304E1
6.958227263E1,-2.157554626E1,-1.128104973E1,-3.037949371E1
6.960243863E1,-2.180932617E1,-1.197131538E1,-3.006426239E1
6.962260363E1,-2.190287781E1,-1.254278183E1,-2.999672699E1
6.964276862E1,-2.217847824E1,-1.308581924E1,-2.976486969E1
6.966293363E1,-2.243512344E1,-1.385321617E1,-2.941532898E1
6.968309863E1,-2.258386230E1,-1.505611610E1,-2.874324036E1
6.970326363E1,-2.251811218E1,-1.646376419E1,-2.791727448E1
6.972342863E1,-2.287549210E1,-1.750112534E1,-2.742514801E1
6.974359362E1,-2.291529465E1,-1.843974304E1,-2.684673309E1
6.976375863E1,-2.310688972E1,-1.979800606E1,-2.563280487E1
6.978392325E1,-2.340519333E1,-2.119862366E1,-2.413777161E1
6.980408825E1,-2.379303360E1,-2.257741356E1,-2.237577057E1
6.982425325E1,-2.395696259E1,-2.370909500E1,-2.156159973E1
6.984441825E1,-2.378391075E1,-2.422953033E1,-2.124844360E1
6.986458325E1,-2.349860764E1,-2.471541214E1,-2.111268616E1
6.988474825E1,-2.320854378E1,-2.527226639E1,-2.047949219E1
6.990491325E1,-2.306649780E1,-2.598893738E1,-1.927907562E1
6.992507825E1,-2.300207520E1,-2.703635216E1,-1.809944916E1
6.994524325E1,-2.285463333E1,-2.755883598E1,-1.733246613E1
6.996540925E1,-2.262781906E1,-2.781369781E1,-1.679427338E1
6.998557425E1,-2.266946793E1,-2.805130768E1,-1.631218719E1
7.000573925E1,-2.275873566E1,-2.795690918E1,-1.574179840E1
7.002590425E1,-2.292740631E1,-2.806093788E1,-1.560374451E1
7.004606925E1,-2.312488937E1,-2.819687462E1,-1.571965027E1
7.006623425E1,-2.288924789E1,-2.843192863E1,-1.594560242E1
7.008639925E1,-2.277519989E1,-2.825897789E1,-1.630004883E1
7.010656425E1,-2.282542038E1,-2.812129402E1,-1.657701111E1
7.012672925E1,-2.279094696E1,-2.789473724E1,-1.724974823E1
7.014689425E1,-2.292774582E1,-2.774229431E1,-1.770436859E1
7.016705925E1,-2.314870453E1,-2.749630928E1,-1.819168854E1
7.018722425E1,-2.350144196E1,-2.698590660E1,-1.897898102E1
7.020738925E1,-2.384790421E1,-2.654884720E1,-1.950586700E1
7.022755425E1,-2.448481369E1,-2.520965195E1,-2.054715729E1
7.024771925E1,-2.481068802E1,-2.392000771E1,-2.140605164E1
7.026788425E1,-2.518524170E1,-2.313840103E1,-2.197728729E1
7.028804925E1,-2.562522888E1,-2.225712585E1,-2.266287994E1
7.030821425E1,-2.583489609E1,-2.082056618E1,-2.348851776E1
7.032838025E1,-2.629428864E1,-1.897272301E1,-2.467962646E1
7.034854525E1,-2.702136230E1,-1.658972549E1,-2.562741852E1
7.036871025E1,-2.768813705E1,-1.399207878E1,-2.638076019E1
7.038887525E1,-2.824677658E1,-1.155689812E1,-2.666719055E1
7.040904025E1,-2.850172806E1,-9.514446259E0,-2.714769745E1
7.042920525E1,-2.866893387E1,-7.708797455E0,-2.756533813E1
7.044937025E1,-2.897784042E1,-6.288702011E0,-2.775083923E1
7.046953525E1,-2.925765038E1,-4.798809052E0,-2.770688629E1
7.048970025E1,-2.948008347E1,-3.699186325E0,-2.793968201E1
7.050986525E1,-2.926412201E1,-3.067670822E0,-2.846842957E1
7.053003025E1,-2.885085297E1,-2.654905319E0,-2.863523102E1
7.055019525E1,-2.869162941E1,-2.375635147E0,-2.927814484E1
7.057036025E1,-2.851761627E1,-2.472284317E0,-2.925165558E1
7.059052525E1,-2.852404976E1,-2.925947189E0,-2.912656403E1
7.061069025E1,-2.852595901E1,-3.815532684E0,-2.931443024E1
7.063085525E1,-2.850705910E1,-4.627582550E0,-2.893506622E1
7.065102025E1,-2.834568024E1,-5.622180939E0,-2.870426941E1
7.067118525E1,-2.818629074E1,-6.877199173E0,-2.857775879E1
7.069135025E1,-2.834212112E1,-8.515941620E0,-2.803363800E1
7.071151525E1,-2.806295395E1,-1.059678650E1,-2.736941528E1
7.073168025E1,-2.764623642E1,-1.248274040E1,-2.675389862E1
7.075184625E1,-2.714090347E1,-1.435639954E1,-2.626605225E1
7.077201125E1,-2.653015137E1,-1.636421204E1,-2.558289337E1
7.079217658E1,-2.615091705E1,-1.802911949E1,-2.441725159E1
7.081234158E1,-2.574028397E1,-1.934527397E1,-2.404579163E1
7.083250658E1,-2.539074326E1,-2.040319252E1,-2.338574219E1
7.085267158E1,-2.485305786E1,-2.158263206E1,-2.256457520E1
7.087283658E1,-2.438411522E1,-2.273613548E1,-2.210063171E1
7.089300158E1,-2.386466980E1,-2.333735085E1,-2.200621033E1
7.091316658E1,-2.357212067E1,-2.393418312E1,-2.131466675E1
7.093333158E1,-2.318771744E1,-2.486684608E1,-2.008867645E1
7.095349658E1,-2.290112877E1,-2.587430000E1,-1.904324341E1
7.097366158E1,-2.251647186E1,-2.722126961E1,-1.725012970E1
7.099382658E1,-2.221150208E1,-2.797756767E1,-1.606120300E1
7.101399158E1,-2.182717896E1,-2.859972572E1,-1.496972656E1
7.103415658E1,-2.137156296E1,-2.925383949E1,-1.410469818E1
7.105432158E1,-2.108716965E1,-2.978833199E1,-1.315907288E1
7.107448658E1,-2.061232758E1,-3.039920998E1,-1.232275391E1
7.109465158E1,-2.030591583E1,-3.081583977E1,-1.147798157E1
7.111481658E1,-2.001963425E1,-3.100447273E1,-1.095394135E1
7.113498158E1,-1.971961212E1,-3.141805458E1,-1.028091431E1
7.115514658E1,-2.001025581E1,-3.159171295E1,-1.008472443E1
7.117531158E1,-2.012306213E1,-3.139222717E1,-9.675926208E0
7.119547658E1,-2.055115700E1,-3.138575745E1,-9.596763611E0
7.121564258E1,-2.100453568E1,-3.099564362E1,-9.655433655E0
7.123580758E1,-2.153580475E1,-3.070573044E1,-1.058886719E1
7.125597258E1,-2.233504868E1,-2.960081100E1,-1.200127411E1
7.127613758E1,-2.344132614E1,-2.804717255E1,-1.420637512E1
7.129630258E1,-2.400119019E1,-2.647614861E1,-1.640829468E1
7.131646758E1,-2.420227814E1,-2.470863342E1,-1.898594666E1
7.133663258E1,-2.395331192E1,-2.291889191E1,-2.150952148E1
7.135679758E1,-2.356082153E1,-2.142823029E1,-2.397545624E1
7.137696258E1,-2.296686935E1,-1.998139763E1,-2.559887695E1
7.139712758E1,-2.278799820E1,-1.874374008E1,-2.695736694E1
7.141729258E1,-2.255331802E1,-1.736004829E1,-2.825410461E1
7.143745758E1,-2.258518028E1,-1.565666580E1,-2.917979431E1
7.145762258E1,-2.280048370E1,-1.394942856E1,-2.952167511E1
7.147778758E1,-2.339904976E1,-1.274147797E1,-2.979425049E1
7.149795258E1,-2.378795242E1,-1.182263184E1,-2.996315002E1
7.151811758E1,-2.394883156E1,-1.108222961E1,-2.978532410E1
7.153828258E1,-2.429173088E1,-1.062850571E1,-2.951000977E1
7.155844758E1,-2.497355652E1,-9.957958221E0,-2.932488251E1
7.157861258E1,-2.554715729E1,-9.726425171E0,-2.902935028E1
7.159877758E1,-2.608920288E1,-9.550506592E0,-2.886390686E1
7.161894258E1,-2.602590942E1,-9.810503006E0,-2.833523560E1
7.163910758E1,-2.607734299E1,-1.046137810E1,-2.806024170E1
7.165927258E1,-2.611963463E1,-1.173112679E1,-2.739126587E1
7.167943758E1,-2.660904884E1,-1.284155083E1,-2.678153229E1
7.169960258E1,-2.648357964E1,-1.418752670E1,-2.624938965E1
7.171976758E1,-2.636596107E1,-1.553203964E1,-2.551845551E1
7.173993258E1,-2.637327766E1,-1.662362671E1,-2.478968048E1
7.176009858E1,-2.652356529E1,-1.736446762E1,-2.433205414E1
7.178026350E1,-2.632230377E1,-1.813516998E1,-2.414802551E1
7.180042850E1,-2.637629128E1,-1.873265839E1,-2.382476807E1
7.182059350E1,-2.680450249E1,-1.943241882E1,-2.300360107E1
7.184075850E1,-2.729774284E1,-2.027998352E1,-2.202890015E1
7.186092350E1,-2.756726646E1,-2.101226234E1,-2.065135956E1
7.188108850E1,-2.814649773E1,-2.129990578E1,-1.960143280E1
7.190125350E1,-2.882190132E1,-2.123229790E1,-1.859481812E1
7.192141850E1,-2.935089111E1,-2.125597954E1,-1.782411194E1
7.194158350E1,-2.953101349E1,-2.145498848E1,-1.687377167E1
7.196174850E1,-2.981811905E1,-2.187484932E1,-1.622707367E1
7.198191350E1,-2.966607285E1,-2.218514824E1,-1.495695496E1
7.200207850E1,-2.967993546E1,-2.258330345E1,-1.433122253E1
7.202224350E1,-2.967999077E1,-2.298896408E1,-1.398951721E1
7.204240850E1,-2.982237244E1,-2.323282623E1,-1.330875397E1
7.206257350E1,-2.989176941E1,-2.321912956E1,-1.265325928E1
7.208273850E1,-2.995946121E1,-2.319787788E1,-1.252642822E1
7.210290350E1,-3.031554604E1,-2.293438911E1,-1.249014282E1
7.212306850E1,-3.078647041E1,-2.266733360E1,-1.237330627E1
7.214323350E1,-3.114492226E1,-2.245052147E1,-1.239615631E1
7.216339850E1,-3.124648476E1,-2.238334846E1,-1.218380737E1
7.218356350E1,-3.147662354E1,-2.192375374E1,-1.247499847E1
7.220372850E1,-3.178957558E1,-2.111325645E1,-1.313412476E1
7.222389350E1,-3.257379150E1,-1.992244720E1,-1.416671753E1
7.224405850E1,-3.316103363E1,-1.811849403E1,-1.516238403E1
7.226422350E1,-3.362905884E1,-1.626619911E1,-1.596691132E1
7.228438850E1,-3.434272766E1,-1.412810898E1,-1.669930267E1
7.230455350E1,-3.443658447E1,-1.235907936E1,-1.797908783E1
7.232471850E1,-3.432609558E1,-1.091303825E1,-1.967645264E1
7.234488350E1,-3.402883911E1,-9.350673676E0,-2.097872925E1
7.236504850E1,-3.398856354E1,-8.100431442E0,-2.212854767E1
7.238521350E1,-3.370346069E1,-6.986188889E0,-2.290691376E1
7.240537950E1,-3.355995560E1,-5.631109238E0,-2.329435730E1
7.242554450E1,-3.346958160E1,-4.535833359E0,-2.405587769E1
7.244570950E1,-3.320779419E1,-3.470325470E0,-2.468536377E1
7.246587450E1,-3.315058899E1,-2.639608383E0,-2.529633331E1
7.248603950E1,-3.314279175E1,-1.786403656E0,-2.536215973E1
7.250620450E1,-3.322877884E1,-7.326049805E-1,-2.548244476E1
7.252636950E1,-3.326637650E1,-1.211738586E-2,-2.565131378E1
7.254653450E1,-3.332469940E1,6.122341156E-1,-2.553601837E1
7.256669950E1,-3.339794159E1,6.414585114E-1,-2.563039398E1
7.258686450E1,-3.368161774E1,5.970821381E-1,-2.534172821E1
7.260702950E1,-3.404313278E1,5.382308960E-1,-2.507164764E1
7.262719450E1,-3.437683868E1,2.042083740E-1,-2.489699554E1
7.264735950E1,-3.453625488E1,-2.307147980E-1,-2.461095428E1
7.266752450E1,-3.502310562E1,-9.424877167E-1,-2.440589142E1
7.268768950E1,-3.555168152E1,-1.779731750E0,-2.393347931E1
7.270785450E1,-3.594744873E1,-2.264482498E0,-2.341590118E1
7.272801950E1,-3.624062729E1,-2.463781357E0,-2.375038910E1
7.274818450E1,-3.649792862E1,-2.221353531E0,-2.376445770E1
7.276834950E1,-3.666440582E1,-2.254133224E0,-2.350698090E1
7.278851421E1,-3.743022919E1,-2.762889862E0,-2.256456757E1
7.280867921E1,-3.804558182E1,-3.624992371E0,-2.165058899E1
7.282884421E1,-3.846333694E1,-4.332727432E0,-2.073077393E1
7.284900921E1,-3.875081635E1,-5.187007904E0,-1.991175842E1
7.286917421E1,-3.915891266E1,-6.043319702E0,-1.906024170E1
7.288933921E1,-3.967108536E1,-6.748735428E0,-1.832316589E1
7.290950421E1,-3.971627045E1,-7.816482544E0,-1.743426514E1
7.292966921E1,-3.989607239E1,-8.454277039E0,-1.712258911E1
7.294983421E1,-3.987318802E1,-8.812007904E0,-1.633865356E1
7.296999921E1,-4.002814484E1,-9.070545197E0,-1.630345154E1
7.299016421E1,-4.029621124E1,-9.229366302E0,-1.602482605E1
7.301032921E1,-4.029845428E1,-9.436681747E0,-1.573519897E1
7.303049421E1,-4.026359940E1,-9.754930496E0,-1.580137634E1
7.305065921E1,-4.016908264E1,-9.820533752E0,-1.594015503E1
7.307082421E1,-4.008218765E1,-1.034530640E1,-1.604843140E1
7.309098921E1,-4.006524658E1,-1.054865265E1,-1.630802155E1
7.311115421E1,-3.998863983E1,-1.060377884E1,-1.676216888E1
7.313131921E1,-4.010992813E1,-1.025730896E1,-1.752716064E1
7.315148421E1,-4.008729935E1,-9.803810120E0,-1.800625610E1
7.317164921E1,-3.991894913E1,-9.318170547E0,-1.862827301E1
7.319181421E1,-3.990522766E1,-8.579387665E0,-1.912674713E1
7.321197921E1,-3.992597961E1,-7.830564499E0,-1.917918396E1
7.323214421E1,-3.995243454E1,-6.398704529E0,-1.963159180E1
7.325230921E1,-3.986875534E1,-4.159538269E0,-2.001254272E1
7.327247521E1,-3.974346924E1,-1.373674393E0,-2.037433624E1
7.329264021E1,-3.962545013E1,1.849372864E0,-2.032909393E1
7.331280521E1,-3.969046402E1,4.504005432E0,-1.988677979E1
7.333297021E1,-3.945354080E1,6.696548462E0,-1.913927460E1
7.335313521E1,-3.923117065E1,8.630125999E0,-1.863979340E1
7.337330021E1,-3.853216553E1,1.102088833E1,-1.890026855E1
7.339346521E1,-3.861516571E1,1.253597355E1,-1.884712219E1
7.341363021E1,-3.860286713E1,1.377497578E1,-1.843727875E1
7.343379521E1,-3.867238235E1,1.492144489E1,-1.804170990E1
7.345396021E1,-3.888620377E1,1.628151131E1,-1.787960815E1
7.347412521E1,-3.884960938E1,1.736933517E1,-1.828147888E1
7.349429021E1,-3.927585220E1,1.820966148E1,-1.846797180E1
7.351445521E1,-3.984817123E1,1.905822754E1,-1.828759766E1
7.353462021E1,-4.042396545E1,1.949553871E1,-1.807314301E1
7.355478521E1,-4.104565811E1,2.017921829E1,-1.769908905E1
7.357495021E1,-4.150193787E1,2.052318954E1,-1.733264160E1
7.359511521E1,-4.232276917E1,2.040923119E1,-1.724836731E1
7.361528021E1,-4.285790253E1,2.038639832E1,-1.678153229E1
7.363544521E1,-4.343638611E1,2.006312370E1,-1.643553925E1
7.365561021E1,-4.386968994E1,1.936169815E1,-1.633659363E1
7.367577521E1,-4.423512268E1,1.881651115E1,-1.608465576E1
7.369594021E1,-4.448136139E1,1.842313576E1,-1.578549194E1
7.371610521E1,-4.444415665E1,1.787052727E1,-1.566656494E1
7.373627021E1,-4.462121964E1,1.720373154E1,-1.573205566E1
7.375643521E1,-4.480369568E1,1.603112984E1,-1.579268646E1
7.377660021E1,-4.510784912E1,1.479150200E1,-1.607202911E1
7.379676588E1,-4.499812698E1,1.380247688E1,-1.652548218E1
7.381693088E1,-4.458773041E1,1.272875404E1,-1.705770874E1
7.383709588E1,-4.452527237E1,1.156312943E1,-1.789117432E1
7.385726087E1,-4.435085297E1,1.051438904E1,-1.873637390E1
7.387742588E1,-4.393160629E1,9.262927055E0,-1.918473816E1
7.389759088E1,-4.370997620E1,8.194041252E0,-1.969155884E1
7.391775588E1,-4.325200653E1,7.584755898E0,-1.986090851E1
7.393792088E1,-4.305970383E1,6.942758560E0,-2.067110443E1
7.395808587E1,-4.252112579E1,6.539979935E0,-2.097783661E1
7.397825088E1,-4.227396774E1,6.425051689E0,-2.135175323E1
7.399841588E1,-4.176219559E1,6.310517311E0,-2.142804718E1
7.401858088E1,-4.125630569E1,6.503129005E0,-2.158794403E1
7.403874588E1,-4.082476044E1,6.597022057E0,-2.172233582E1
7.405891087E1,-4.012401581E1,6.956224442E0,-2.241362000E1
7.407907587E1,-3.938603973E1,7.356122017E0,-2.277828217E1
7.409924088E1,-3.865537262E1,7.774779320E0,-2.314289093E1
7.411940588E1,-3.799917221E1,8.387692451E0,-2.369840240E1
7.413957088E1,-3.704683304E1,8.653291702E0,-2.425040436E1
7.415973588E1,-3.617315292E1,9.364412308E0,-2.487783051E1
7.417990087E1,-3.476144791E1,1.105140686E1,-2.606130219E1
7.420006588E1,-3.332560349E1,1.182242107E1,-2.667450714E1
7.422023088E1,-3.183252716E1,1.295557213E1,-2.779536438E1
7.424039588E1,-3.036520386E1,1.414193916E1,-2.820589447E1
7.426056088E1,-2.907909203E1,1.529620838E1,-2.875260925E1
7.428072587E1,-2.766291428E1,1.648427010E1,-2.910720825E1
7.430089088E1,-2.580264664E1,1.823121452E1,-2.943986511E1
7.432105588E1,-2.426550674E1,2.017730713E1,-2.945502472E1
7.434122088E1,-2.239111519E1,2.184879303E1,-2.971434021E1
7.436138588E1,-2.102365494E1,2.305226898E1,-3.019832611E1
7.438155087E1,-2.022079086E1,2.365802193E1,-2.994460297E1
7.440171588E1,-1.957493973E1,2.400458717E1,-2.982237244E1
7.442188088E1,-1.884544373E1,2.441946411E1,-3.011956787E1
7.444204588E1,-1.796776199E1,2.482699394E1,-3.004183197E1
7.446221088E1,-1.681885529E1,2.532097816E1,-3.014192963E1
7.448237587E1,-1.576269531E1,2.574454117E1,-3.041442108E1
7.450254087E1,-1.465063095E1,2.594616318E1,-3.056514740E1
7.452270588E1,-1.371841908E1,2.609653473E1,-3.051973724E1
7.454287088E1,-1.261462021E1,2.629876709E1,-3.072307587E1
7.456303588E1,-1.149595261E1,2.672426224E1,-3.103844452E1
7.458320088E1,-1.016862965E1,2.715555573E1,-3.094235992E1
7.460336587E1,-8.951367378E0,2.739945984E1,-3.045046997E1
7.462353088E1,-7.645656586E0,2.766633797E1,-3.041992950E1
7.464369588E1,-6.270240784E0,2.788198471E1,-3.013066864E1
7.466386088E1,-5.216398716E0,2.810293198E1,-2.972895050E1
7.468402588E1,-3.681539536E0,2.869470978E1,-2.911725616E1
7.470419087E1,-2.608623981E0,2.919351578E1,-2.832005310E1
7.472435588E1,-1.621846199E0,2.934226799E1,-2.792121887E1
7.474452088E1,-5.566310883E-1,2.926396561E1,-2.801258087E1
7.476468588E1,2.554092407E-1,2.945983124E1,-2.770626068E1
7.478485058E1,1.089854240E0,2.947072220E1,-2.741906738E1
7.480501558E1,2.176454544E0,2.952894592E1,-2.699023438E1
7.482518058E1,3.479735374E0,2.951187325E1,-2.697197723E1
7.484534558E1,4.265297890E0,2.915674973E1,-2.749283600E1
7.486551058E1,4.844420433E0,2.836120415E1,-2.815564728E1
7.488567558E1,4.811160088E0,2.757920265E1,-2.942327881E1
7.490584058E1,4.818612099E0,2.697729492E1,-2.990083313E1
7.492600558E1,5.203547478E0,2.635387039E1,-3.068439484E1
7.494617058E1,5.855217934E0,2.573013115E1,-3.152960968E1
7.496633558E1,6.577176094E0,2.510573387E1,-3.211316681E1
7.498650058E1,7.267657280E0,2.426576614E1,-3.336584473E1
7.500666558E1,7.545342445E0,2.327087021E1,-3.401538086E1
7.502683058E1,7.806216240E0,2.253957558E1,-3.447196960E1
7.504699558E1,8.046643257E0,2.180584526E1,-3.512606812E1
7.506716058E1,8.108162880E0,2.118045616E1,-3.577230835E1
7.508732558E1,8.275008202E0,2.048689842E1,-3.600028992E1
7.510749058E1,8.751996040E0,2.000249863E1,-3.645071411E1
7.512765558E1,9.046907425E0,1.940320206E1,-3.685568237E1
7.514782058E1,9.770872116E0,1.903879547E1,-3.663185120E1
7.516798558E1,1.039950562E1,1.865939903E1,-3.696273804E1
7.518815058E1,1.098337746E1,1.828166008E1,-3.685317230E1
7.520831558E1,1.169184303E1,1.815898705E1,-3.677573395E1
7.522848058E1,1.241547966E1,1.771411514E1,-3.639472198E1
7.524864558E1,1.333956432E1,1.791326523E1,-3.644801331E1
7.526881058E1,1.396910572E1,1.800236320E1,-3.611831665E1
7.528897558E1,1.510958862E1,1.779563141E1,-3.600370789E1
7.530914058E1,1.593698692E1,1.755857086E1,-3.575579834E1
7.532930558E1,1.662633705E1,1.766292572E1,-3.526094055E1
7.534947058E1,1.726602554E1,1.786274719E1,-3.491595459E1
7.536963558E1,1.833031464E1,1.818221474E1,-3.430714417E1
7.538980058E1,1.930075836E1,1.865403938E1,-3.329978180E1
7.540996558E1,2.027650452E1,1.898767090E1,-3.256146240E1
7.543013058E1,2.116469955E1,1.906224823E1,-3.232379913E1
7.545029558E1,2.160787582E1,1.913612175E1,-3.189913940E1
7.547046058E1,2.184520531E1,1.909890175E1,-3.186390686E1
7.549062558E1,2.226401711E1,1.899974823E1,-3.128439331E1
7.551079058E1,2.271754456E1,1.900041199E1,-3.096459198E1
7.553095558E1,2.348849487E1,1.862824821E1,-3.051519012E1
7.555112058E1,2.436280441E1,1.845599365E1,-3.011801147E1
7.557128558E1,2.507793427E1,1.803485107E1,-2.960217285E1
7.559145058E1,2.572061539E1,1.769996071E1,-2.909978485E1
7.561161558E1,2.619665909E1,1.736540031E1,-2.899880219E1
7.563178058E1,2.683383560E1,1.692995834E1,-2.848798370E1
7.565194558E1,2.734780121E1,1.668062592E1,-2.817243195E1
7.567211058E1,2.797641754E1,1.644932175E1,-2.760559845E1
7.569227558E1,2.824796295E1,1.630012512E1,-2.690785980E1
7.571244058E1,2.851349258E1,1.619090843E1,-2.709024811E1
7.573260558E1,2.871884155E1,1.603008270E1,-2.665068817E1
7.575277058E1,2.895675659E1,1.588020134E1,-2.669580841E1
7.577293558E1,2.881581497E1,1.585122681E1,-2.632398224E1
7.579310058E1,2.888040733E1,1.627799988E1,-2.610663605E1
7.581326558E1,2.886145210E1,1.650931168E1,-2.582808685E1
7.583343058E1,2.890648460E1,1.656389618E1,-2.563329315E1
7.585359558E1,2.847649956E1,1.643535614E1,-2.610341644E1
7.587376058E1,2.814323997E1,1.669559288E1,-2.633687592E1
7.589392558E1,2.766094971E1,1.686831856E1,-2.663159180E1
7.591409058E1,2.734580612E1,1.707129097E1,-2.695750427E1
7.593425558E1,2.696105194E1,1.697313881E1,-2.709667206E1
7.595442058E1,2.646621704E1,1.689098358E1,-2.737520599E1
7.597458558E1,2.600434494E1,1.662619781E1,-2.786333466E1
7.599475058E1,2.545607376E1,1.634227753E1,-2.840254974E1
7.601491558E1,2.497960091E1,1.621205711E1,-2.936367035E1
7.603508058E1,2.374040604E1,1.601099396E1,-3.046197510E1
7.605524558E1,2.287187386E1,1.584835052E1,-3.115736389E1
7.607540958E1,2.247385216E1,1.562137985E1,-3.206011963E1
7.609557458E1,2.257051277E1,1.556955719E1,-3.234102631E1
7.611573958E1,2.323398018E1,1.525856018E1,-3.198197174E1
7.613590458E1,2.323924446E1,1.432681084E1,-3.244985199E1
7.615606958E1,2.277927971E1,1.355646992E1,-3.321518707E1
7.617623458E1,2.162448883E1,1.310721970E1,-3.390861511E1
7.619639958E1,2.066031456E1,1.260354996E1,-3.480494690E1
7.621656458E1,2.030783463E1,1.193988800E1,-3.545141602E1
7.623672958E1,1.991770172E1,1.098396683E1,-3.581558228E1
7.625689458E1,1.934415436E1,1.015194607E1,-3.653046417E1
7.627705958E1,1.906276321E1,9.312532425E0,-3.694089508E1
7.629722458E1,1.858599854E1,8.826566696E0,-3.730648041E1
7.631738958E1,1.849633408E1,7.916143417E0,-3.764012909E1
7.633755458E1,1.842325211E1,7.148483276E0,-3.776002502E1
7.635771958E1,1.850267410E1,6.210904121E0,-3.791050720E1
7.637788458E1,1.873524284E1,5.168792725E0,-3.813307190E1
7.639804958E1,1.878741455E1,4.460967064E0,-3.803109741E1
7.641821458E1,1.919283867E1,3.827907562E0,-3.818585968E1
7.643837958E1,1.945944786E1,3.622362137E0,-3.785718536E1
7.645854458E1,2.009944344E1,3.384744644E0,-3.738707733E1
7.647870958E1,2.074024963E1,3.464916229E0,-3.745184326E1
7.649887458E1,2.180222893E1,3.628871918E0,-3.657789612E1
7.651903958E1,2.246094322E1,4.067590714E0,-3.619101715E1
7.653920458E1,2.309872246E1,4.927185059E0,-3.545955658E1
7.655936958E1,2.372871780E1,6.391776085E0,-3.492880249E1
7.657953458E1,2.458170319E1,8.571183205E0,-3.382668304E1
7.659969958E1,2.577594757E1,1.136163998E1,-3.209042358E1
7.661986458E1,2.656928635E1,1.258969116E1,-3.075931549E1
7.664002958E1,2.766766357E1,1.356976986E1,-2.944934845E1
7.666019458E1,2.879172897E1,1.456393147E1,-2.829428101E1
7.668035958E1,2.906573868E1,1.552119160E1,-2.684715271E1
7.670052458E1,2.963103867E1,1.607910156E1,-2.598061371E1
7.672068958E1,2.989220810E1,1.610658646E1,-2.562772369E1
7.674085458E1,2.980731964E1,1.635702705E1,-2.528827667E1
7.676101958E1,2.980623245E1,1.658296585E1,-2.525920868E1
7.678118458E1,2.967629433E1,1.685534096E1,-2.538773346E1
7.680134908E1,2.935059929E1,1.700809288E1,-2.549999237E1
7.682151408E1,2.898466873E1,1.724417877E1,-2.588237000E1
7.684167908E1,2.859883881E1,1.778125763E1,-2.610972595E1
7.686184408E1,2.804839897E1,1.817742538E1,-2.642923737E1
7.688200908E1,2.771145821E1,1.824607086E1,-2.725695038E1
7.690217408E1,2.700879478E1,1.831777954E1,-2.759918213E1
7.692233908E1,2.625595093E1,1.843428040E1,-2.873857880E1
7.694250408E1,2.562096786E1,1.829466820E1,-2.940774536E1
7.696266808E1,2.461136246E1,1.776447105E1,-3.072999573E1
7.698283308E1,2.342150879E1,1.724826241E1,-3.231872559E1
7.700299808E1,2.177049828E1,1.638821220E1,-3.372776031E1
7.702316308E1,2.043431091E1,1.549087715E1,-3.510591888E1
7.704332808E1,1.950668716E1,1.443978882E1,-3.611824799E1
7.706349308E1,1.874422073E1,1.312376499E1,-3.674503326E1
7.708365808E1,1.862804413E1,1.173646069E1,-3.737377930E1
7.710382308E1,1.891447830E1,1.022860527E1,-3.794619751E1
7.712398808E1,1.891221809E1,8.628479958E0,-3.860861206E1
7.714415308E1,1.875559998E1,7.190528870E0,-3.899282074E1
7.716431808E1,1.780829048E1,5.941120148E0,-3.946257019E1
7.718448308E1,1.703584671E1,5.175809860E0,-3.982569885E1
7.720464808E1,1.665785599E1,4.721783638E0,-3.989559174E1
7.722481308E1,1.653872681E1,4.504807472E0,-4.009416962E1
7.724497808E1,1.671321487E1,4.515219688E0,-4.002103424E1
7.726514308E1,1.682523727E1,4.800404549E0,-4.009212494E1
7.728530808E1,1.701377487E1,5.295963287E0,-4.022928619E1
7.730547308E1,1.729650497E1,5.778219223E0,-3.989736938E1
7.732563808E1,1.747765732E1,6.525887489E0,-3.954185486E1
7.734580308E1,1.792317200E1,7.114371300E0,-3.944554138E1
7.736596808E1,1.861831284E1,7.436837196E0,-3.917039490E1
7.738613308E1,1.926414108E1,7.921098709E0,-3.864693451E1
7.740629808E1,2.063481903E1,8.396141052E0,-3.774170685E1
7.742646308E1,2.141892624E1,9.301540375E0,-3.701744843E1
7.744662808E1,2.227187920E1,9.897013664E0,-3.624031830E1
7.746679308E1,2.321190643E1,1.051978874E1,-3.555857849E1
7.748695808E1,2.391337204E1,1.086643505E1,-3.488406372E1
7.750712308E1,2.466733551E1,1.109064388E1,-3.382696533E1
7.752728808E1,2.534091568E1,1.152890968E1,-3.322344971E1
7.754745308E1,2.576501846E1,1.217911148E1,-3.229296875E1
7.756761808E1,2.695021820E1,1.266723156E1,-3.096878815E1
7.758778308E1,2.819969940E1,1.334998989E1,-2.914328003E1
7.760794708E1,2.944332123E1,1.394845104E1,-2.769902802E1
7.762811208E1,3.007769394E1,1.477398205E1,-2.643061829E1
7.764827708E1,3.052576256E1,1.600197792E1,-2.510440063E1
7.766844208E1,3.035715485E1,1.730545998E1,-2.424395752E1
7.768860708E1,3.014723778E1,1.844425201E1,-2.368659973E1
7.770877208E1,2.972670937E1,1.918836975E1,-2.342182922E1
7.772893708E1,2.950998306E1,1.977405548E1,-2.324059296E1
7.774910208E1,2.961978912E1,2.020609665E1,-2.294153595E1
7.776926708E1,2.935240936E1,2.067155266E1,-2.264868164E1
7.778943233E1,2.917842484E1,2.090738487E1,-2.253623962E1
7.780959733E1,2.875125504E1,2.107111359E1,-2.304669952E1
7.782976233E1,2.810445023E1,2.133020592E1,-2.351358795E1
7.784992733E1,2.770448303E1,2.162532043E1,-2.418289185E1
7.787009233E1,2.710184860E1,2.144182777E1,-2.521536255E1
7.789025733E1,2.630786514E1,2.122266197E1,-2.616136169E1
7.791042233E1,2.509923935E1,2.097032356E1,-2.770922852E1
7.793058733E1,2.373989105E1,2.058994865E1,-2.925193024E1
7.795075233E1,2.242567825E1,2.014235306E1,-3.056038666E1
7.797091733E1,2.109860802E1,1.907289314E1,-3.276854706E1
7.799108233E1,1.993690491E1,1.741844368E1,-3.380435944E1
7.801124733E1,1.878774261E1,1.544990540E1,-3.564962006E1
7.803141233E1,1.749999237E1,1.348057461E1,-3.713565826E1
7.805157733E1,1.638170624E1,1.183416843E1,-3.817101288E1
7.807174233E1,1.560952282E1,1.039998722E1,-3.879106140E1
7.809190733E1,1.536610699E1,9.184964180E0,-3.952053070E1
7.811207233E1,1.547225094E1,8.099375725E0,-3.957805634E1
7.813223633E1,1.574963379E1,7.429885864E0,-3.962814331E1
7.815240133E1,1.586878204E1,6.964677811E0,-3.963293457E1
7.817256633E1,1.587392616E1,7.192768097E0,-3.940332031E1
7.819273133E1,1.585349274E1,8.097683907E0,-3.894482422E1
7.821289633E1,1.592032909E1,1.061335659E1,-3.868839264E1
7.823306133E1,1.626086807E1,1.209201241E1,-3.803794861E1
7.825322633E1,1.639825821E1,1.336505890E1,-3.719316101E1
7.827339133E1,1.699330139E1,1.485188293E1,-3.632890320E1
7.829355633E1,1.751574898E1,1.610029411E1,-3.540130615E1
7.831372133E1,1.850732994E1,1.734601593E1,-3.436813354E1
7.833388633E1,1.917646027E1,1.813897705E1,-3.315077972E1
7.835405133E1,1.983678246E1,1.861016846E1,-3.227327728E1
7.837421633E1,2.043166351E1,1.908600998E1,-3.141429901E1
7.839438133E1,2.103850555E1,1.935418320E1,-3.059610748E1
7.841454633E1,2.189239120E1,1.981335831E1,-2.954119873E1
7.843471133E1,2.276479340E1,1.983569145E1,-2.859800720E1
7.845487633E1,2.359513855E1,1.928528595E1,-2.776949310E1
7.847504133E1,2.475213051E1,1.848903465E1,-2.703839874E1
7.849520633E1,2.533023262E1,1.759819794E1,-2.683190155E1
7.851537133E1,2.579571915E1,1.703096008E1,-2.661571503E1
7.853553633E1,2.611436844E1,1.654406548E1,-2.671379089E1
7.855570133E1,2.637457848E1,1.606952286E1,-2.660390472E1
7.857586533E1,2.684536362E1,1.590773392E1,-2.610569000E1
7.859603033E1,2.717322350E1,1.554015923E1,-2.563037109E1
7.861619533E1,2.737954330E1,1.540207291E1,-2.544333649E1
7.863636033E1,2.696284485E1,1.583928299E1,-2.569059753E1
7.865652533E1,2.659566116E1,1.649183273E1,-2.581779480E1
7.867669033E1,2.607090950E1,1.733263588E1,-2.602473450E1
7.869685533E1,2.579166222E1,1.789568901E1,-2.590356445E1
7.871702033E1,2.550072098E1,1.802782440E1,-2.610643768E1
7.873718533E1,2.515526962E1,1.816637421E1,-2.657018280E1
7.875735033E1,2.479024315E1,1.816570854E1,-2.717469025E1
7.877751533E1,2.441181564E1,1.808092880E1,-2.754576874E1
7.879768096E1,2.375701904E1,1.823808479E1,-2.824564362E1
7.881784596E1,2.341223526E1,1.833036995E1,-2.893640900E1
7.883801096E1,2.310893631E1,1.839514732E1,-2.942113495E1
7.885817596E1,2.242803955E1,1.819870186E1,-3.005045319E1
7.887834096E1,2.189635086E1,1.807958984E1,-3.088336945E1
7.889850596E1,2.127830505E1,1.765300369E1,-3.154412079E1
7.891867096E1,2.073229599E1,1.709060097E1,-3.221322632E1
7.893883596E1,2.004856682E1,1.638807297E1,-3.296644592E1
7.895900096E1,1.916680908E1,1.555203342E1,-3.417726898E1
7.897916496E1,1.813488388E1,1.462654400E1,-3.511040497E1
7.899932996E1,1.710917091E1,1.345275497E1,-3.599871063E1
7.901949496E1,1.709336090E1,1.210853863E1,-3.688974762E1
7.903965996E1,1.817080116E1,1.136064529E1,-3.658435822E1
7.905982496E1,1.884837151E1,1.041940117E1,-3.664670563E1
7.907998996E1,1.897599220E1,9.449123383E0,-3.685893250E1
7.910015496E1,1.847637749E1,8.580663681E0,-3.728538513E1
7.912031996E1,1.787873650E1,8.253849983E0,-3.759875488E1
7.914048496E1,1.755598450E1,8.054213524E0,-3.790415955E1
7.916064996E1,1.757778549E1,7.900306702E0,-3.812908936E1
7.918081496E1,1.709241295E1,8.049247742E0,-3.820704651E1
7.920097996E1,1.700720596E1,7.710286140E0,-3.815378571E1
7.922114496E1,1.650815964E1,7.739789963E0,-3.841220856E1
7.924130996E1,1.634986115E1,7.827282906E0,-3.864302826E1
7.926147496E1,1.638753128E1,8.152762413E0,-3.854561615E1
7.928163996E1,1.669680405E1,8.323599815E0,-3.821526337E1
7.930180496E1,1.689194107E1,8.586658478E0,-3.763315582E1
7.932196996E1,1.713750458E1,8.622555733E0,-3.721416473E1
7.934213496E1,1.752316856E1,8.780959129E0,-3.676641083E1
7.936229896E1,1.796326637E1,9.052621841E0,-3.642252350E1
7.938246396E1,1.845388412E1,9.484331131E0,-3.591400146E1
7.940262896E1,1.901551437E1,9.630437851E0,-3.534144592E1
7.942279396E1,1.926741791E1,9.720664978E0,-3.480149841E1
7.944295896E1,1.925871658E1,1.021369648E1,-3.444830322E1
7.946312396E1,1.945560837E1,1.092346191E1,-3.380069733E1
7.948328896E1,1.961375999E1,1.194020939E1,-3.314469910E1
7.950345396E1,1.972877121E1,1.313184834E1,-3.209217072E1
7.952361896E1,1.966906738E1,1.426793480E1,-3.132839203E1
7.954378396E1,2.034522247E1,1.527700996E1,-3.036685944E1
7.956394896E1,2.070402908E1,1.656517792E1,-2.930395508E1
7.958411396E1,2.087044716E1,1.781849480E1,-2.827814484E1
7.960427896E1,2.088107681E1,1.850622177E1,-2.756102753E1
7.962444396E1,2.092152023E1,1.884185982E1,-2.701681519E1
7.964460896E1,2.062131500E1,1.935724449E1,-2.683619690E1
7.966477396E1,2.057086945E1,1.968764305E1,-2.665503693E1
7.968493896E1,2.039880371E1,1.997766304E1,-2.654315948E1
7.970510396E1,2.046221924E1,2.001910782E1,-2.624237823E1
7.972526796E1,2.045191956E1,1.963042641E1,-2.641362762E1
7.974543296E1,2.003741455E1,1.936855698E1,-2.671782684E1
7.976559796E1,1.974292946E1,1.888207436E1,-2.720105743E1
7.978576296E1,1.927705765E1,1.823302460E1,-2.801029205E1
7.980592708E1,1.890319443E1,1.734009361E1,-2.861254120E1
7.982609208E1,1.829568863E1,1.629700089E1,-2.933853912E1
7.984625708E1,1.845669746E1,1.528648567E1,-2.990810394E1
7.986642208E1,1.818136215E1,1.425528908E1,-3.052134705E1
7.988658708E1,1.802932739E1,1.315822983E1,-3.096672821E1
7.990675208E1,1.811397362E1,1.233031082E1,-3.147209930E1
7.992691708E1,1.826681137E1,1.145774269E1,-3.178855133E1
7.994708208E1,1.891482353E1,1.049898052E1,-3.216205597E1
7.996724708E1,1.929084778E1,9.517205238E0,-3.232035065E1
7.998741208E1,1.948269272E1,8.857160568E0,-3.257287598E1
8.000757708E1,1.984801102E1,8.504867554E0,-3.258979797E1
8.002774208E1,1.991249466E1,8.591058731E0,-3.292478943E1
8.004790608E1,1.988383865E1,8.667192459E0,-3.303578186E1
8.006807108E1,1.961172867E1,8.664852142E0,-3.339161682E1
8.008823608E1,1.923067093E1,8.517022133E0,-3.356244659E1
8.010840108E1,1.895297813E1,8.183270454E0,-3.381914520E1
8.012856608E1,1.866421127E1,7.789424896E0,-3.389794922E1
8.014873108E1,1.874021721E1,7.516111374E0,-3.365623474E1
8.016889608E1,1.890667725E1,6.861985207E0,-3.386286163E1
8.018906108E1,1.889864731E1,6.209009171E0,-3.416359711E1
8.020922608E1,1.907089615E1,5.945506096E0,-3.383173370E1
8.022939108E1,1.967739105E1,5.572886467E0,-3.351880646E1
8.024955608E1,2.040101433E1,5.093194008E0,-3.292838287E1
8.026972108E1,2.139970779E1,4.592379570E0,-3.247457886E1
8.028988608E1,2.234474182E1,4.172548294E0,-3.154140472E1
8.031005108E1,2.320719147E1,3.855146408E0,-3.098839569E1
8.033021608E1,2.369262314E1,3.673278809E0,-3.026366425E1
8.035038108E1,2.413377380E1,3.861795425E0,-2.982271576E1
8.037054508E1,2.443291855E1,4.699832916E0,-2.895932770E1
8.039071008E1,2.521403885E1,5.956646919E0,-2.801353455E1
8.041087508E1,2.632947922E1,7.006090164E0,-2.648882294E1
8.043104008E1,2.739908791E1,7.777495384E0,-2.505525970E1
8.045120508E1,2.819240570E1,8.582355499E0,-2.376920319E1
8.047137008E1,2.870314026E1,9.310466766E0,-2.275647736E1
8.049153508E1,2.911250305E1,9.929741859E0,-2.196816254E1
8.051170008E1,2.937495041E1,1.041317558E1,-2.101848602E1
8.053186508E1,2.978067589E1,1.070582008E1,-2.062382507E1
8.055203008E1,3.021590424E1,1.083026314E1,-2.034475708E1
8.057219508E1,3.055194473E1,1.110060310E1,-1.976631165E1
8.059236008E1,3.122676468E1,1.086582565E1,-1.944090271E1
8.061252508E1,3.191666031E1,1.063465691E1,-1.903611755E1
8.063269008E1,3.283984756E1,1.062616634E1,-1.898735046E1
8.065285508E1,3.316617203E1,1.072508430E1,-1.926637268E1
8.067301908E1,3.378063965E1,1.084870720E1,-1.932479858E1
8.069318408E1,3.427040863E1,1.117785358E1,-1.954160309E1
8.071334908E1,3.445914459E1,1.165975380E1,-2.019664764E1
8.073351408E1,3.477243805E1,1.199698734E1,-2.096286011E1
8.075367908E1,3.469645691E1,1.216613197E1,-2.211751556E1
8.077384408E1,3.444459534E1,1.231077480E1,-2.338285065E1
8.079400988E1,3.407995987E1,1.232955456E1,-2.415834808E1
8.081417488E1,3.428379822E1,1.230492020E1,-2.513122559E1
8.083433988E1,3.479304886E1,1.197303295E1,-2.515290070E1
8.085450487E1,3.507505417E1,1.195892525E1,-2.534847260E1
8.087466988E1,3.498913956E1,1.182868099E1,-2.571109009E1
8.089483488E1,3.443481827E1,1.201615334E1,-2.668002319E1
8.091499988E1,3.399848938E1,1.204907608E1,-2.774192047E1
8.093516488E1,3.331625366E1,1.207343197E1,-2.830136871E1
8.095532987E1,3.267450714E1,1.199548912E1,-2.899057770E1
8.097549388E1,3.222154236E1,1.161231709E1,-2.984714508E1
8.099565888E1,3.183820915E1,1.108562183E1,-3.024262238E1
8.101582388E1,3.137445641E1,1.089782810E1,-3.126862335E1
8.103598887E1,3.064804077E1,1.058286285E1,-3.154664612E1
8.105615388E1,3.051518250E1,9.917897224E0,-3.228350830E1
8.107631888E1,3.025499725E1,9.369270325E0,-3.240522766E1
8.109648388E1,3.044023895E1,8.661205292E0,-3.256466675E1
8.111664888E1,3.031266022E1,8.122203827E0,-3.285914612E1
8.113681387E1,3.081198502E1,7.677879333E0,-3.286746216E1
8.115697888E1,3.087132645E1,7.334416389E0,-3.247991943E1
8.117714388E1,3.166505432E1,6.989590645E0,-3.215802002E1
8.119730888E1,3.150500870E1,6.805465698E0,-3.179429626E1
8.121747388E1,3.227148819E1,6.566855431E0,-3.120037079E1
8.123763788E1,3.284991455E1,6.732622147E0,-3.064293671E1
8.125780288E1,3.304306030E1,6.941369057E0,-3.028950500E1
8.127796788E1,3.336756516E1,7.231177330E0,-2.958473969E1
8.129813288E1,3.385686493E1,7.514498711E0,-2.936018372E1
8.131829787E1,3.411855316E1,7.601659775E0,-2.947262573E1
8.133846288E1,3.416117096E1,7.681970596E0,-2.910994720E1
8.135862788E1,3.436416626E1,7.782244682E0,-2.861696625E1
8.137879288E1,3.451637268E1,7.761736870E0,-2.806616211E1
8.139895788E1,3.476532745E1,7.839130402E0,-2.792230988E1
8.141912287E1,3.443542480E1,7.730788231E0,-2.752223969E1
8.143928787E1,3.425273895E1,7.217804909E0,-2.751506805E1
8.145945288E1,3.444484711E1,6.560518265E0,-2.734745026E1
8.147961788E1,3.433228302E1,6.254367828E0,-2.682064056E1
8.149978187E1,3.408309937E1,5.433246613E0,-2.693874359E1
8.151994687E1,3.376065063E1,4.844524384E0,-2.691138458E1
8.154011188E1,3.304038239E1,4.174755096E0,-2.736390686E1
8.156027688E1,3.248477173E1,3.506950378E0,-2.741299438E1
8.158044188E1,3.174635887E1,2.886611938E0,-2.752381134E1
8.160060687E1,3.100024986E1,2.124296188E0,-2.779496002E1
8.162077187E1,3.000154114E1,1.304809570E0,-2.823485565E1
8.164093688E1,2.925193024E1,3.250217438E-1,-2.835681915E1
8.166110188E1,2.824966240E1,-1.021327972E-1,-2.894839478E1
8.168126688E1,2.735806847E1,-8.156700134E-1,-2.969487000E1
8.170143188E1,2.644298744E1,-1.552408218E0,-3.004334259E1
8.172159687E1,2.534921455E1,-2.266294479E0,-3.070658112E1
8.174176188E1,2.479544449E1,-2.839262009E0,-3.098876190E1
8.176192588E1,2.451879883E1,-3.354515076E0,-3.081761932E1
8.178209088E1,2.449257660E1,-3.852203369E0,-3.068291473E1
8.180225538E1,2.403957367E1,-4.396425247E0,-3.066096497E1
8.182242038E1,2.374140167E1,-5.325031281E0,-3.062506104E1
8.184258538E1,2.347375107E1,-6.061368942E0,-3.062640381E1
8.186275038E1,2.321260452E1,-6.757663727E0,-3.052474976E1
8.188291537E1,2.311536789E1,-7.578096390E0,-3.008233643E1
8.190308038E1,2.289064026E1,-8.263950348E0,-3.005532837E1
8.192324538E1,2.261425400E1,-9.021923065E0,-3.003556824E1
8.194341038E1,2.214163589E1,-9.984464645E0,-3.004309082E1
8.196357538E1,2.173613358E1,-1.084191704E1,-3.001485443E1
8.198374037E1,2.172901154E1,-1.189182663E1,-2.997963715E1
8.200390438E1,2.170354080E1,-1.312618446E1,-2.936676025E1
8.202406938E1,2.150157547E1,-1.428734779E1,-2.908192444E1
8.204423438E1,2.113465881E1,-1.541112137E1,-2.883676910E1
8.206439937E1,2.080854797E1,-1.639831161E1,-2.856630707E1
8.208456437E1,2.076054955E1,-1.735468483E1,-2.824888611E1
8.210472938E1,2.024241066E1,-1.798650551E1,-2.797746277E1
8.212489438E1,1.988312721E1,-1.872665977E1,-2.776829529E1
8.214505938E1,1.942037392E1,-1.940643501E1,-2.764529419E1
8.216522437E1,1.937922287E1,-1.998033333E1,-2.729376984E1
8.218538937E1,1.925280380E1,-2.054592705E1,-2.728127289E1
8.220555438E1,1.915589905E1,-2.111823654E1,-2.728790283E1
8.222571938E1,1.900512123E1,-2.125273514E1,-2.717417145E1
8.224588337E1,1.883158112E1,-2.167387199E1,-2.702227020E1
8.226604837E1,1.856880760E1,-2.204710960E1,-2.685227966E1
8.228621338E1,1.805551338E1,-2.200796509E1,-2.704277802E1
8.230637838E1,1.790048409E1,-2.252996635E1,-2.688768005E1
8.232654338E1,1.769140434E1,-2.288235664E1,-2.662278748E1
8.234670838E1,1.762991714E1,-2.297216606E1,-2.679904938E1
8.236687337E1,1.767354774E1,-2.309293747E1,-2.671088409E1
8.238703838E1,1.719334030E1,-2.334545135E1,-2.679023743E1
8.240720338E1,1.666370964E1,-2.352442551E1,-2.697381592E1
8.242736838E1,1.600051498E1,-2.395557785E1,-2.709774780E1
8.244753338E1,1.542855549E1,-2.433154678E1,-2.735530853E1
8.246769837E1,1.487664700E1,-2.492968369E1,-2.695639801E1
8.248786238E1,1.397067261E1,-2.585327530E1,-2.688295746E1
8.250802738E1,1.299599266E1,-2.672769928E1,-2.639816284E1
8.252819238E1,1.211973381E1,-2.787530518E1,-2.622097778E1
8.254835737E1,1.096515942E1,-2.873700333E1,-2.592679596E1
8.256852238E1,9.835192680E0,-2.951162910E1,-2.574936676E1
8.258868738E1,8.616838455E0,-3.016486168E1,-2.542849731E1
8.260885238E1,7.729436874E0,-3.073954773E1,-2.511247253E1
8.262901738E1,6.750471115E0,-3.126760292E1,-2.480774689E1
8.264918237E1,5.816984177E0,-3.148377037E1,-2.450033569E1
8.266934738E1,4.919186592E0,-3.180549622E1,-2.434850311E1
8.268951238E1,3.988114357E0,-3.225717926E1,-2.441128540E1
8.270967738E1,2.802635193E0,-3.226258087E1,-2.488407898E1
8.272984137E1,1.633656502E0,-3.247066498E1,-2.489111328E1
8.275000638E1,4.417610168E-1,-3.245918655E1,-2.446575928E1
8.277017138E1,-5.664186478E-1,-3.239144135E1,-2.446148682E1
8.279033608E1,-1.373926163E0,-3.267618179E1,-2.434863281E1
8.281050108E1,-2.204832077E0,-3.280104065E1,-2.419576263E1
8.283066608E1,-2.872228622E0,-3.294165802E1,-2.391490936E1
8.285083108E1,-3.635103226E0,-3.316932678E1,-2.378636169E1
8.287099608E1,-4.003190994E0,-3.323179626E1,-2.391238403E1
8.289116108E1,-4.394701958E0,-3.303028870E1,-2.394544983E1
8.291132608E1,-4.792361259E0,-3.308562469E1,-2.434220123E1
8.293149108E1,-4.912188530E0,-3.286944580E1,-2.443018341E1
8.295165508E1,-4.966080666E0,-3.293517303E1,-2.429909515E1
8.297182008E1,-5.051180840E0,-3.323590851E1,-2.409990692E1
8.299198508E1,-4.870738029E0,-3.359144592E1,-2.387770844E1
8.301215008E1,-4.644154549E0,-3.407981491E1,-2.341928101E1
8.303231508E1,-4.812989235E0,-3.402175140E1,-2.345167542E1
8.305248008E1,-4.875443459E0,-3.417116547E1,-2.343830872E1
8.307264508E1,-5.059889793E0,-3.467107391E1,-2.271118164E1
8.309281008E1,-5.144746780E0,-3.512967300E1,-2.225701904E1
8.311297508E1,-4.988086700E0,-3.526290131E1,-2.186256409E1
8.313314008E1,-5.011945724E0,-3.554236221E1,-2.192178345E1
8.315330508E1,-5.184950829E0,-3.570668030E1,-2.151744080E1
8.317346908E1,-5.254637718E0,-3.587953949E1,-2.152459717E1
8.319363408E1,-5.362091064E0,-3.592885590E1,-2.128883362E1
8.321379908E1,-5.617928505E0,-3.595721436E1,-2.140333557E1
8.323396408E1,-5.973816872E0,-3.596245193E1,-2.127093506E1
8.325412908E1,-6.098156929E0,-3.608798981E1,-2.120593262E1
8.327429408E1,-6.319952965E0,-3.598607635E1,-2.139730835E1
8.329445908E1,-6.335559845E0,-3.603634262E1,-2.189680481E1
8.331462408E1,-6.261220932E0,-3.613190460E1,-2.243620300E1
8.333478908E1,-6.325431824E0,-3.614385223E1,-2.267529297E1
8.335495408E1,-6.368724823E0,-3.599030685E1,-2.274606323E1
8.337511908E1,-6.414664268E0,-3.624845505E1,-2.272746277E1
8.339528308E1,-6.637228489E0,-3.620768738E1,-2.297108459E1
8.341544808E1,-6.835708618E0,-3.630151367E1,-2.334489441E1
8.343561308E1,-7.225570202E0,-3.634207153E1,-2.332121277E1
8.345577808E1,-7.902822971E0,-3.645429230E1,-2.341130066E1
8.347594308E1,-8.362264633E0,-3.642823792E1,-2.347939301E1
8.349610808E1,-8.643389702E0,-3.643218231E1,-2.379097748E1
8.351627308E1,-9.053056717E0,-3.608045959E1,-2.410460663E1
8.353643808E1,-9.365467072E0,-3.606648254E1,-2.413724518E1
8.355660308E1,-9.960632324E0,-3.609178543E1,-2.385718536E1
8.357676808E1,-1.033403111E1,-3.597532272E1,-2.376030731E1
8.359693208E1,-1.056563950E1,-3.608415985E1,-2.376118469E1
8.361709708E1,-1.088726902E1,-3.605175018E1,-2.343960571E1
8.363726208E1,-1.117276382E1,-3.592482758E1,-2.295612335E1
8.365742708E1,-1.147408295E1,-3.583803558E1,-2.315787506E1
8.367759208E1,-1.214721870E1,-3.573394012E1,-2.329445648E1
8.369775708E1,-1.271873093E1,-3.519768143E1,-2.340546417E1
8.371792208E1,-1.324558067E1,-3.485016251E1,-2.358050537E1
8.373808708E1,-1.391398239E1,-3.453246689E1,-2.384561157E1
8.375825208E1,-1.458943558E1,-3.422196960E1,-2.380068207E1
8.377841708E1,-1.537951756E1,-3.358062744E1,-2.424343109E1
8.379858213E1,-1.592108822E1,-3.314375687E1,-2.448683167E1
8.381874613E1,-1.652340698E1,-3.256507492E1,-2.461813354E1
8.383891112E1,-1.758046341E1,-3.152441788E1,-2.494709015E1
8.385907612E1,-1.847532654E1,-3.080519485E1,-2.525536346E1
8.387924113E1,-1.902378845E1,-2.981957436E1,-2.570506287E1
8.389940613E1,-1.930341148E1,-2.925221062E1,-2.606163025E1
8.391957113E1,-1.982829285E1,-2.855379105E1,-2.649224854E1
8.393973613E1,-1.989290619E1,-2.798883438E1,-2.690765381E1
8.395990112E1,-1.998181534E1,-2.747677612E1,-2.744535828E1
8.398006613E1,-2.009106255E1,-2.719528198E1,-2.717573547E1
8.400023113E1,-2.034943771E1,-2.697832108E1,-2.730586243E1
8.402039513E1,-2.042982101E1,-2.660678864E1,-2.727575684E1
8.404056012E1,-2.047390175E1,-2.635242081E1,-2.730505371E1
8.406072513E1,-2.035037231E1,-2.625952148E1,-2.729367065E1
8.408089013E1,-2.022666931E1,-2.617797470E1,-2.731637573E1
8.410105513E1,-2.029660034E1,-2.637306595E1,-2.669082642E1
8.412122013E1,-2.041468430E1,-2.694853210E1,-2.609461975E1
8.414138512E1,-2.019867134E1,-2.749550438E1,-2.559394836E1
8.416155013E1,-2.011121368E1,-2.783736992E1,-2.512544250E1
8.418171513E1,-2.020540047E1,-2.781745720E1,-2.505316162E1
8.420188013E1,-2.005108070E1,-2.791289711E1,-2.541098022E1
8.422204412E1,-1.971691704E1,-2.770768166E1,-2.578599548E1
8.424220913E1,-1.952315903E1,-2.779918098E1,-2.560832214E1
8.426237413E1,-1.970688629E1,-2.830030441E1,-2.501026917E1
8.428253913E1,-1.986175346E1,-2.908522415E1,-2.382655334E1
8.430270413E1,-1.988026619E1,-2.944094849E1,-2.307551575E1
8.432286912E1,-1.999270248E1,-2.999561691E1,-2.218569946E1
8.434303413E1,-2.017049789E1,-3.034869194E1,-2.166453552E1
8.436319913E1,-2.060459137E1,-3.073306465E1,-2.090927124E1
8.438336413E1,-2.081527710E1,-3.104986763E1,-2.010375214E1
8.440352913E1,-2.101288986E1,-3.157391548E1,-1.895384979E1
8.442369412E1,-2.099034119E1,-3.207847595E1,-1.787972260E1
8.444385813E1,-2.100263977E1,-3.251400757E1,-1.713834381E1
8.446402313E1,-2.094124985E1,-3.291625214E1,-1.621237183E1
8.448418813E1,-2.081513023E1,-3.320500183E1,-1.576742554E1
8.450435312E1,-2.048390388E1,-3.357228851E1,-1.526423645E1
8.452451813E1,-2.037433243E1,-3.386415482E1,-1.521726990E1
8.454468313E1,-2.024512482E1,-3.409412384E1,-1.489923096E1
8.456484813E1,-2.020359802E1,-3.413721466E1,-1.454676819E1
8.458501313E1,-2.023987389E1,-3.416648102E1,-1.450939941E1
8.460517812E1,-2.004071999E1,-3.406082916E1,-1.461656952E1
8.462534312E1,-2.003013992E1,-3.406520844E1,-1.484909821E1
8.464550813E1,-2.022263336E1,-3.355564117E1,-1.542929077E1
8.466567313E1,-2.019164467E1,-3.315908051E1,-1.589205170E1
8.468583813E1,-2.051035881E1,-3.286154175E1,-1.621389008E1
8.470600212E1,-2.076800346E1,-3.225109100E1,-1.725842285E1
8.472616713E1,-2.128635025E1,-3.112003517E1,-1.844282532E1
8.474633213E1,-2.170223236E1,-2.948771858E1,-2.007316589E1
8.476649713E1,-2.262513351E1,-2.756874847E1,-2.170040894E1
8.478666212E1,-2.338770103E1,-2.571531105E1,-2.335673523E1
8.480682758E1,-2.348523712E1,-2.351076889E1,-2.519026947E1
8.482699258E1,-2.342121124E1,-2.120688629E1,-2.731582642E1
8.484715758E1,-2.267200089E1,-1.957140923E1,-2.884443665E1
8.486732258E1,-2.209731293E1,-1.822870827E1,-3.025795746E1
8.488748758E1,-2.177983093E1,-1.737487602E1,-3.115294647E1
8.490765258E1,-2.201391792E1,-1.640490532E1,-3.124686432E1
8.492781758E1,-2.212236023E1,-1.534616661E1,-3.165772247E1
8.494798258E1,-2.184413338E1,-1.502919006E1,-3.194549561E1
8.496814658E1,-2.158677292E1,-1.494129944E1,-3.219514465E1
8.498831158E1,-2.132109070E1,-1.522394943E1,-3.237582397E1
8.500847658E1,-2.121473694E1,-1.543800163E1,-3.236065674E1
8.502864158E1,-2.127050400E1,-1.578542519E1,-3.191748047E1
8.504880658E1,-2.139970970E1,-1.639793968E1,-3.202310181E1
8.506897158E1,-2.126399231E1,-1.742245865E1,-3.149132538E1
8.508913658E1,-2.117715454E1,-1.869753265E1,-3.065473175E1
8.510930158E1,-2.176626968E1,-1.989046860E1,-2.973350525E1
8.512946658E1,-2.218902969E1,-2.118147469E1,-2.842378998E1
8.514963158E1,-2.283328629E1,-2.225248718E1,-2.735200500E1
8.516979658E1,-2.338815689E1,-2.337891579E1,-2.574739075E1
8.518996158E1,-2.402201653E1,-2.464827156E1,-2.401074982E1
8.521012658E1,-2.480690384E1,-2.610450554E1,-2.173451233E1
8.523029158E1,-2.533368683E1,-2.740482712E1,-1.974301910E1
8.525045558E1,-2.583362770E1,-2.818155289E1,-1.781279755E1
8.527062058E1,-2.600330353E1,-2.914786911E1,-1.623615265E1
8.529078558E1,-2.595574570E1,-2.950706291E1,-1.567046356E1
8.531095058E1,-2.626544952E1,-2.961452293E1,-1.560890961E1
8.533111558E1,-2.641797829E1,-2.974659538E1,-1.552664948E1
8.535128058E1,-2.667757034E1,-3.017513084E1,-1.446652985E1
8.537144558E1,-2.679109573E1,-3.058990669E1,-1.372475433E1
8.539161058E1,-2.663955688E1,-3.094054985E1,-1.314325714E1
8.541177558E1,-2.670439148E1,-3.088149834E1,-1.316651917E1
8.543194058E1,-2.682453156E1,-3.075589180E1,-1.335365295E1
8.545210558E1,-2.709027100E1,-3.064790535E1,-1.369181061E1
8.547227058E1,-2.709702492E1,-3.060870934E1,-1.345014191E1
8.549243558E1,-2.698209763E1,-3.088318443E1,-1.381623840E1
8.551260058E1,-2.675262451E1,-3.113803673E1,-1.417176819E1
8.553276458E1,-2.672173691E1,-3.114947891E1,-1.432470703E1
8.555292958E1,-2.644159317E1,-3.116830444E1,-1.430201721E1
8.557309458E1,-2.640982819E1,-3.099668694E1,-1.487398529E1
8.559325958E1,-2.684737015E1,-3.071613503E1,-1.526765442E1
8.561342458E1,-2.730932999E1,-3.002066994E1,-1.570661163E1
8.563358958E1,-2.785877609E1,-2.921376228E1,-1.633979034E1
8.565375458E1,-2.864913559E1,-2.835945129E1,-1.689778900E1
8.567391958E1,-2.939562416E1,-2.751886749E1,-1.722021484E1
8.569408458E1,-3.041918182E1,-2.645724869E1,-1.731668091E1
8.571424958E1,-3.181608772E1,-2.471126366E1,-1.753814697E1
8.573441458E1,-3.312032700E1,-2.251912498E1,-1.821625519E1
8.575457958E1,-3.428599548E1,-1.997357178E1,-1.941841888E1
8.577474458E1,-3.528805542E1,-1.769177437E1,-2.046637726E1
8.579490933E1,-3.604340363E1,-1.535901451E1,-2.139052582E1
8.581507333E1,-3.658540344E1,-1.334980202E1,-2.197930908E1
8.583523833E1,-3.684883499E1,-1.167185020E1,-2.259582520E1
8.585540333E1,-3.693717194E1,-9.962003708E0,-2.340359497E1
8.587556833E1,-3.705405426E1,-8.822151184E0,-2.485814667E1
8.589573333E1,-3.695372391E1,-8.475994110E0,-2.516806793E1
8.591589833E1,-3.657440186E1,-8.651630402E0,-2.597418976E1
8.593606333E1,-3.622380829E1,-9.026433945E0,-2.637125397E1
8.595622833E1,-3.622679138E1,-9.005517960E0,-2.692044830E1
8.597639333E1,-3.661392593E1,-9.116622925E0,-2.726934814E1
8.599655833E1,-3.683257294E1,-9.106735229E0,-2.749011230E1
8.601672333E1,-3.724459839E1,-9.183023453E0,-2.755642700E1
8.603688833E1,-3.767355347E1,-9.298847198E0,-2.703706360E1
8.605705233E1,-3.843431091E1,-9.271850586E0,-2.627001953E1
8.607721733E1,-3.940088654E1,-9.355373383E0,-2.570446777E1
8.609738233E1,-4.019240952E1,-9.679645538E0,-2.484107971E1
8.611754733E1,-4.088882446E1,-1.003156471E1,-2.395121765E1
8.613771233E1,-4.127276611E1,-1.047190094E1,-2.325325012E1
8.615787733E1,-4.187084961E1,-1.075464439E1,-2.226163483E1
8.617804233E1,-4.248479462E1,-1.114178276E1,-2.138283539E1
8.619820733E1,-4.298290634E1,-1.192585754E1,-2.006098938E1
8.621837233E1,-4.342511749E1,-1.328715897E1,-1.856451416E1
8.623853733E1,-4.359453583E1,-1.456782150E1,-1.678099060E1
8.625870233E1,-4.353517532E1,-1.568060303E1,-1.533232880E1
8.627886633E1,-4.280712509E1,-1.778229141E1,-1.449301910E1
8.629903133E1,-4.219173813E1,-1.949691200E1,-1.393186188E1
8.631919633E1,-4.139135742E1,-2.121821785E1,-1.308169556E1
8.633936133E1,-4.090000153E1,-2.298733521E1,-1.156499481E1
8.635952633E1,-4.042036438E1,-2.432937431E1,-9.740898132E0
8.637969133E1,-3.956407166E1,-2.549754715E1,-8.668617249E0
8.639985633E1,-3.894676971E1,-2.634334564E1,-8.032447815E0
8.642002133E1,-3.839587402E1,-2.716303635E1,-7.384132385E0
8.644018633E1,-3.786081696E1,-2.786345291E1,-7.155113220E0
8.646035133E1,-3.753145981E1,-2.835083389E1,-6.931114197E0
8.648051633E1,-3.725577545E1,-2.860386276E1,-6.646507263E0
8.650068033E1,-3.672336960E1,-2.906668472E1,-6.584838867E0
8.652084533E1,-3.674553299E1,-2.902093124E1,-6.848945618E0
8.654101033E1,-3.687800598E1,-2.889047623E1,-7.046234131E0
8.656117533E1,-3.681830597E1,-2.888531494E1,-7.238891602E0
8.658134033E1,-3.696620941E1,-2.875736618E1,-7.701385498E0
8.660150533E1,-3.693956757E1,-2.813965416E1,-7.775001526E0
8.662167033E1,-3.716652298E1,-2.791358376E1,-8.065048218E0
8.664183533E1,-3.776864624E1,-2.707649803E1,-8.748321533E0
8.666200033E1,-3.804719162E1,-2.625022888E1,-9.402763367E0
8.668216533E1,-3.836309052E1,-2.547522354E1,-1.007080078E1
8.670232933E1,-3.871792603E1,-2.449101448E1,-1.022632599E1
8.672249433E1,-3.905784607E1,-2.373796272E1,-1.036859131E1
8.674265933E1,-3.968245697E1,-2.256450653E1,-1.027514648E1
8.676282433E1,-4.036804199E1,-2.133614922E1,-1.033473206E1
8.678298933E1,-4.083285522E1,-1.993048859E1,-1.113658142E1
8.680315483E1,-4.100566483E1,-1.836570358E1,-1.165921021E1
8.682331983E1,-4.125651932E1,-1.717017746E1,-1.291337585E1
8.684348483E1,-4.121717072E1,-1.649783707E1,-1.422216034E1
8.686364983E1,-4.067270279E1,-1.601440239E1,-1.560665131E1
8.688381383E1,-4.037222290E1,-1.545171738E1,-1.686675262E1
8.690397883E1,-4.012541199E1,-1.528602982E1,-1.767874908E1
8.692414383E1,-4.002480698E1,-1.512795639E1,-1.795079803E1
8.694430883E1,-3.994942093E1,-1.508248329E1,-1.781195068E1
8.696447383E1,-3.998316956E1,-1.486880302E1,-1.765287781E1
8.698463883E1,-4.026997375E1,-1.433799934E1,-1.798124695E1
8.700480383E1,-4.045259476E1,-1.376440048E1,-1.836183167E1
8.702496883E1,-4.070491028E1,-1.326200867E1,-1.789292908E1
8.704513383E1,-4.092201614E1,-1.332805634E1,-1.756645203E1
8.706529883E1,-4.109659958E1,-1.329601669E1,-1.676321411E1
8.708546283E1,-4.125940323E1,-1.357382393E1,-1.620129395E1
8.710562783E1,-4.135217285E1,-1.348686409E1,-1.606251526E1
8.712579283E1,-4.130290604E1,-1.392343712E1,-1.593611145E1
8.714595783E1,-4.125373459E1,-1.444431686E1,-1.514258575E1
8.716612283E1,-4.129526520E1,-1.488213730E1,-1.420706940E1
8.718628783E1,-4.143548584E1,-1.535785484E1,-1.363298798E1
8.720645283E1,-4.142354202E1,-1.566772270E1,-1.336424255E1
8.722661783E1,-4.142894363E1,-1.598439217E1,-1.274085236E1
8.724678283E1,-4.132588959E1,-1.627075768E1,-1.260771942E1
8.726694683E1,-4.127088547E1,-1.650540733E1,-1.198044586E1
8.728711183E1,-4.128791428E1,-1.682141685E1,-1.148764801E1
8.730727683E1,-4.133822250E1,-1.711916542E1,-1.113551331E1
8.732744183E1,-4.120543289E1,-1.741728020E1,-1.030400085E1
8.734760683E1,-4.131938171E1,-1.760310936E1,-1.027243042E1
8.736777183E1,-4.120429230E1,-1.745411873E1,-1.043241119E1
8.738793683E1,-4.108211899E1,-1.746730232E1,-1.128327942E1
8.740810183E1,-4.100005722E1,-1.739419746E1,-1.160774994E1
8.742826683E1,-4.095225906E1,-1.739396477E1,-1.148667908E1
8.744843083E1,-4.090674591E1,-1.709537697E1,-1.169178009E1
8.746859583E1,-4.105794907E1,-1.643593788E1,-1.197981262E1
8.748876083E1,-4.118349457E1,-1.591437149E1,-1.208818817E1
8.750892583E1,-4.127275085E1,-1.556186295E1,-1.203553009E1
8.752909083E1,-4.138306046E1,-1.539977646E1,-1.179225922E1
8.754925583E1,-4.162743378E1,-1.502625847E1,-1.206259918E1
8.756942083E1,-4.175297165E1,-1.437837029E1,-1.208794403E1
8.758958583E1,-4.176143646E1,-1.414674950E1,-1.238262177E1
8.760974983E1,-4.166686249E1,-1.414807129E1,-1.269156647E1
8.762991483E1,-4.133957672E1,-1.449554443E1,-1.249478912E1
8.765007983E1,-4.122929001E1,-1.460741615E1,-1.227420044E1
8.767024483E1,-4.105128860E1,-1.469282722E1,-1.260003662E1
8.769040983E1,-4.067800903E1,-1.483632088E1,-1.292086792E1
8.771057483E1,-4.075030136E1,-1.484945869E1,-1.291316223E1
8.773073983E1,-4.061326218E1,-1.502428436E1,-1.237903595E1
8.775090483E1,-4.063613892E1,-1.470989227E1,-1.191163635E1
8.777106983E1,-4.066484070E1,-1.455868721E1,-1.176871490E1
8.779123383E1,-4.074970627E1,-1.422750664E1,-1.110379028E1
8.781139862E1,-4.068551636E1,-1.382414436E1,-1.124449158E1
8.783156363E1,-4.088601685E1,-1.332653999E1,-1.092231750E1
8.785172863E1,-4.099514389E1,-1.247784615E1,-1.083990479E1
8.787189363E1,-4.141609573E1,-1.152399635E1,-1.033045197E1
8.789205863E1,-4.149328613E1,-1.062981033E1,-9.843818665E0
8.791222362E1,-4.150816345E1,-1.032287025E1,-9.395515442E0
8.793238863E1,-4.148917389E1,-1.014189911E1,-9.206848145E0
8.795255363E1,-4.149154663E1,-1.025942612E1,-9.282043457E0
8.797271763E1,-4.128572464E1,-1.028202057E1,-9.498764038E0
8.799288262E1,-4.138964081E1,-1.033227921E1,-9.141494751E0
8.801304763E1,-4.134716797E1,-1.069147873E1,-8.912002563E0
8.803321263E1,-4.115151978E1,-1.098773956E1,-8.876335144E0
8.805337763E1,-4.090542603E1,-1.132659531E1,-9.214317322E0
8.807354263E1,-4.082570648E1,-1.162681389E1,-9.342460632E0
8.809370762E1,-4.073291779E1,-1.196156693E1,-9.521179199E0
8.811387263E1,-4.062180710E1,-1.238456345E1,-9.544151306E0
8.813403663E1,-4.045225525E1,-1.280820465E1,-9.354911804E0
8.815420163E1,-4.016460419E1,-1.315416145E1,-9.122314453E0
8.817436662E1,-3.987065506E1,-1.377678108E1,-9.021888733E0
8.819453163E1,-3.965286255E1,-1.421061516E1,-8.626838684E0
8.821469663E1,-3.945576477E1,-1.462972641E1,-8.478492737E0
8.823486163E1,-3.924637985E1,-1.499642181E1,-8.269439697E0
8.825502663E1,-3.906236267E1,-1.525387955E1,-8.039489746E0
8.827519162E1,-3.893000793E1,-1.579063034E1,-8.115608215E0
8.829535563E1,-3.875358582E1,-1.594660187E1,-8.343620300E0
8.831552063E1,-3.838327026E1,-1.610472870E1,-8.824729919E0
8.833568563E1,-3.812705231E1,-1.610547638E1,-9.565841675E0
8.835585062E1,-3.783329773E1,-1.637451553E1,-9.766716003E0
8.837601563E1,-3.774241638E1,-1.652373123E1,-9.715164185E0
8.839618063E1,-3.772108078E1,-1.664210129E1,-9.638313293E0
8.841634563E1,-3.791202927E1,-1.609363174E1,-9.987480164E0
8.843651063E1,-3.826185226E1,-1.544085693E1,-1.017544556E1
8.845667562E1,-3.841740799E1,-1.495826340E1,-1.011097717E1
8.847683963E1,-3.862424850E1,-1.429320526E1,-1.003079987E1
8.849700463E1,-3.872171021E1,-1.386534500E1,-1.032314301E1
8.851716963E1,-3.874038696E1,-1.326047134E1,-1.050104523E1
8.853733462E1,-3.882219315E1,-1.281345940E1,-1.071311951E1
8.855749962E1,-3.896760559E1,-1.236698341E1,-1.112000275E1
8.857766463E1,-3.900424957E1,-1.197015953E1,-1.099694824E1
8.859782963E1,-3.879792404E1,-1.193325233E1,-1.089701843E1
8.861799463E1,-3.899279022E1,-1.180712700E1,-1.066730499E1
8.863815863E1,-3.894625854E1,-1.161725044E1,-1.068935394E1
8.865832363E1,-3.906472778E1,-1.131632805E1,-1.080503845E1
8.867848863E1,-3.922578049E1,-1.110673904E1,-1.075688171E1
8.869865363E1,-3.923925018E1,-1.105631447E1,-1.020269775E1
8.871881862E1,-3.909063721E1,-1.074571991E1,-1.030599213E1
8.873898362E1,-3.928959656E1,-1.057417488E1,-1.021077728E1
8.875914863E1,-3.914810944E1,-1.044560814E1,-1.032742310E1
8.877931363E1,-3.918733978E1,-1.012161255E1,-1.030103302E1
8.879947733E1,-3.921681213E1,-9.647413254E0,-1.018466187E1
8.881964233E1,-3.912243652E1,-9.136121750E0,-9.881439209E0
8.883980733E1,-3.937283325E1,-8.669414520E0,-9.573318481E0
8.885997233E1,-3.948144531E1,-8.483886719E0,-8.804321289E0
8.888013733E1,-3.946232986E1,-8.246335983E0,-8.360115051E0
8.890030233E1,-3.910884476E1,-8.057725906E0,-9.147438049E0
8.892046733E1,-3.895375443E1,-7.885755539E0,-9.981903076E0
8.894063233E1,-3.892818069E1,-8.287738800E0,-1.022487640E1
8.896079633E1,-3.875962830E1,-8.957635880E0,-1.003532410E1
8.898096133E1,-3.842349625E1,-9.504747391E0,-1.037149811E1
8.900112633E1,-3.810275269E1,-9.153732300E0,-1.097177124E1
8.902129133E1,-3.787204742E1,-8.819484711E0,-1.184165955E1
8.904145633E1,-3.773624420E1,-8.305107117E0,-1.264786530E1
8.906162133E1,-3.775477219E1,-8.017910004E0,-1.283528137E1
8.908178633E1,-3.783097839E1,-7.448741913E0,-1.338925934E1
8.910195133E1,-3.780361176E1,-7.244575500E0,-1.332876587E1
8.912211533E1,-3.782263947E1,-7.069408417E0,-1.365781403E1
8.914228033E1,-3.749681091E1,-6.847494125E0,-1.378343201E1
8.916244533E1,-3.743625641E1,-7.004993439E0,-1.409429169E1
8.918261033E1,-3.715377426E1,-7.133928299E0,-1.435581970E1
8.920277533E1,-3.702639008E1,-7.331350327E0,-1.433576965E1
8.922294033E1,-3.679360199E1,-7.508771896E0,-1.439988708E1
8.924310533E1,-3.653828430E1,-8.092174530E0,-1.455438995E1
8.926327033E1,-3.627300262E1,-9.014631271E0,-1.464884186E1
8.928343433E1,-3.607397079E1,-1.030282021E1,-1.410024261E1
8.930359933E1,-3.601727295E1,-1.171870804E1,-1.316068268E1
8.932376433E1,-3.568178177E1,-1.299981499E1,-1.255108643E1
8.934392933E1,-3.513636780E1,-1.448133278E1,-1.318251038E1
8.936409433E1,-3.448300171E1,-1.601141930E1,-1.363220978E1
8.938425933E1,-3.380534363E1,-1.754745674E1,-1.378791809E1
8.940442433E1,-3.320463562E1,-1.895830345E1,-1.261808014E1
8.942458833E1,-3.307073975E1,-1.982957077E1,-1.140209961E1
8.944475333E1,-3.305665588E1,-2.051762390E1,-1.031548309E1
8.946491833E1,-3.296128082E1,-2.101734924E1,-9.609985352E0
8.948508333E1,-3.259329224E1,-2.189175987E1,-8.309600830E0
8.950524833E1,-3.215701294E1,-2.252464104E1,-7.141380310E0
8.952541333E1,-3.206560898E1,-2.319517708E1,-5.783760071E0
8.954557833E1,-3.196199036E1,-2.340482712E1,-4.321685791E0
8.956574333E1,-3.177688026E1,-2.375332451E1,-3.505065918E0
8.958590833E1,-3.166698837E1,-2.370318031E1,-2.543243408E0
8.960607233E1,-3.163264847E1,-2.367348289E1,-2.006690979E0
8.962623733E1,-3.194771004E1,-2.352442741E1,-1.569351196E0
8.964640233E1,-3.210602570E1,-2.321304321E1,-1.745407104E0
8.966656733E1,-3.268248749E1,-2.256995392E1,-2.076866150E0
8.968673233E1,-3.321495819E1,-2.172759247E1,-2.777626038E0
8.970689733E1,-3.394238281E1,-2.046941566E1,-3.517501831E0
8.972706233E1,-3.463595581E1,-1.930282784E1,-4.197074890E0
8.974722633E1,-3.526807404E1,-1.828983688E1,-4.615058899E0
8.976739133E1,-3.581037140E1,-1.701888657E1,-5.252082825E0
8.978755633E1,-3.638409805E1,-1.540876770E1,-5.797714233E0
8.980772187E1,-3.720542145E1,-1.380790329E1,-6.575119019E0
8.982788688E1,-3.743691254E1,-1.193006706E1,-7.568397522E0
8.984805188E1,-3.787961578E1,-9.851764679E0,-8.840461731E0
8.986821688E1,-3.798965454E1,-7.341991425E0,-9.936286926E0
8.988838188E1,-3.793682861E1,-4.226995468E0,-1.194140625E1
8.990854588E1,-3.765779495E1,-1.167648315E0,-1.394968414E1
8.992871088E1,-3.691087723E1,1.171546936E0,-1.568731689E1
8.994887588E1,-3.653137970E1,3.062665939E0,-1.620807648E1
8.996904088E1,-3.644700623E1,4.306385994E0,-1.583944702E1
8.998920587E1,-3.658517456E1,5.579603195E0,-1.504408264E1
9.000937088E1,-3.661190033E1,6.832437515E0,-1.473618317E1
9.002953588E1,-3.645890808E1,8.006361961E0,-1.466825867E1
9.004969988E1,-3.627284241E1,8.696482658E0,-1.492858887E1
9.006986487E1,-3.628587723E1,9.333419800E0,-1.444938660E1
9.009002988E1,-3.675170898E1,9.527570724E0,-1.371383667E1
9.011019488E1,-3.721908569E1,9.617902756E0,-1.305799103E1
9.013035988E1,-3.753014374E1,9.309683800E0,-1.289712524E1
9.015052488E1,-3.777101135E1,8.923356056E0,-1.298269653E1
9.017068987E1,-3.819172668E1,8.061100006E0,-1.293371582E1
9.019085487E1,-3.887678146E1,6.893548965E0,-1.249378204E1
9.021101888E1,-3.961447906E1,5.475241661E0,-1.222582245E1
9.023118388E1,-4.024047470E1,3.788196564E0,-1.186740112E1
9.025134887E1,-4.055121994E1,1.862308502E0,-1.171915436E1
9.027151388E1,-4.086345673E1,-5.299034119E-1,-1.105867004E1
9.029167888E1,-4.116505051E1,-4.226276398E0,-1.009208679E1
9.031184388E1,-4.104502869E1,-6.379909515E0,-9.729431152E0
9.033200888E1,-4.066325378E1,-7.937837601E0,-9.258514404E0
9.035217288E1,-4.031681061E1,-9.092817307E0,-9.523880005E0
9.037233788E1,-3.995899963E1,-1.020847130E1,-1.037207031E1
9.039250288E1,-3.950727463E1,-1.125522995E1,-1.069724274E1
9.041266788E1,-3.891832733E1,-1.235685349E1,-1.078356934E1
9.043283287E1,-3.837037659E1,-1.354753113E1,-1.032681274E1
9.045299787E1,-3.822213364E1,-1.422772980E1,-9.783584595E0
9.047316288E1,-3.779708862E1,-1.471097946E1,-9.228889465E0
9.049332788E1,-3.755447006E1,-1.485484314E1,-9.262802124E0
9.051349187E1,-3.737987137E1,-1.447244072E1,-9.786956787E0
9.053365688E1,-3.734125900E1,-1.398941994E1,-9.967453003E0
9.055382188E1,-3.721018982E1,-1.365889549E1,-1.000839996E1
9.057398688E1,-3.713580322E1,-1.377476311E1,-9.524116516E0
9.059415188E1,-3.731967163E1,-1.349306297E1,-9.264457703E0
9.061431687E1,-3.725720215E1,-1.313584328E1,-9.479675293E0
9.063448187E1,-3.714367676E1,-1.257414055E1,-9.432579041E0
9.065464688E1,-3.714729309E1,-1.223720741E1,-9.367340088E0
9.067481088E1,-3.729656601E1,-1.216013908E1,-9.523300171E0
9.069497587E1,-3.721676254E1,-1.144420624E1,-9.910903931E0
9.071514087E1,-3.711417389E1,-1.044354439E1,-1.094043732E1
9.073530588E1,-3.708125687E1,-9.378496170E0,-1.181359100E1
9.075547088E1,-3.713689423E1,-8.596261978E0,-1.238954926E1
9.077563588E1,-3.737276459E1,-7.285812378E0,-1.267494202E1
9.079580087E1,-3.718790436E1,-5.941349030E0,-1.361158752E1
9.081596413E1,-3.679596710E1,-4.333204269E0,-1.461348724E1
9.083612913E1,-3.627816010E1,-3.309375763E0,-1.535085297E1
9.085629412E1,-3.625419617E1,-2.132787704E0,-1.558345795E1
9.087645912E1,-3.647588730E1,-1.228422165E0,-1.495519257E1
9.089662413E1,-3.658759308E1,-2.753658295E-1,-1.451809692E1
9.091678913E1,-3.636739349E1,8.697509766E-1,-1.495242310E1
9.093695413E1,-3.596049118E1,1.876344681E0,-1.603609467E1
9.095711912E1,-3.595226288E1,2.521032333E0,-1.654701233E1
9.097728313E1,-3.623703003E1,3.534526825E0,-1.635255432E1
9.099744813E1,-3.667632675E1,4.680231094E0,-1.611058807E1
9.101761313E1,-3.689790344E1,6.163394928E0,-1.630015564E1
9.103777812E1,-3.707331848E1,7.359651566E0,-1.662364960E1
9.105794312E1,-3.758386993E1,8.091515541E0,-1.634497833E1
9.107810813E1,-3.815480804E1,8.492623329E0,-1.583082581E1
9.109827313E1,-3.868392944E1,8.992068291E0,-1.511395264E1
9.111843712E1,-3.901245880E1,9.087664604E0,-1.538209534E1
9.113860212E1,-3.932321167E1,9.338065147E0,-1.543563843E1
9.115876713E1,-3.962307358E1,9.405537605E0,-1.528309631E1
9.117893213E1,-4.001884842E1,9.645569801E0,-1.434925079E1
9.119909713E1,-4.010781097E1,1.012650967E1,-1.379454803E1
9.121926212E1,-4.018112183E1,1.067197895E1,-1.329339600E1
9.123942712E1,-4.030293274E1,1.103408527E1,-1.287251282E1
9.125959213E1,-4.037062454E1,1.145822048E1,-1.180030060E1
9.127975613E1,-4.037385559E1,1.168351364E1,-1.118551636E1
9.129992112E1,-4.042742157E1,1.186768913E1,-1.038496399E1
9.132008612E1,-4.007299423E1,1.158085346E1,-9.885513306E0
9.134025113E1,-3.996038437E1,1.124101448E1,-9.903045654E0
9.136041613E1,-3.978586960E1,1.097161770E1,-9.858078003E0
9.138058113E1,-3.962512207E1,1.019500160E1,-9.704513550E0
9.140074613E1,-3.911499786E1,9.411595345E0,-9.509033203E0
9.142091112E1,-3.852798462E1,8.726177216E0,-9.666496277E0
9.144107513E1,-3.814320755E1,7.865270615E0,-9.517326355E0
9.146124013E1,-3.771479797E1,7.275652885E0,-8.746040344E0
9.148140512E1,-3.753699493E1,6.853502274E0,-7.865707397E0
9.150157012E1,-3.727547455E1,6.519094467E0,-7.483856201E0
9.152173513E1,-3.685530472E1,6.342041969E0,-7.569786072E0
9.154190013E1,-3.650616074E1,5.780871391E0,-7.447120667E0
9.156206513E1,-3.616606522E1,5.539291382E0,-7.523460388E0
9.158222912E1,-3.595732880E1,5.455588341E0,-7.654449463E0
9.160239413E1,-3.572079468E1,5.586525917E0,-7.338195801E0
9.162255913E1,-3.424295807E1,5.962517738E0,-6.870819092E0
9.164272413E1,-3.409468460E1,6.239483833E0,-7.135940552E0
9.166288913E1,-3.401085281E1,6.479274750E0,-7.023376465E0
9.168305412E1,-3.314067078E1,6.758524895E0,-6.910667419E0
9.170321913E1,-3.278463364E1,7.698752403E0,-6.676002502E0
9.172338313E1,-3.268310547E1,7.848204613E0,-6.552940369E0
9.174354812E1,-3.245565414E1,8.145030022E0,-6.558670044E0
9.176371312E1,-3.194397736E1,8.500486374E0,-6.133949280E0
9.178387813E1,-3.178779984E1,8.932292938E0,-5.518577576E0
9.180404375E1,-3.151706696E1,9.383378029E0,-4.982246399E0
9.182420875E1,-3.120967484E1,1.004266930E1,-4.829841614E0
9.184437375E1,-3.082872009E1,1.012816620E1,-5.377487183E0
9.186453875E1,-3.073732376E1,1.047424793E1,-6.021690369E0
9.188470275E1,-3.029401398E1,1.120919323E1,-6.435447693E0
9.190486775E1,-2.988562775E1,1.156845856E1,-6.860061646E0
9.192503275E1,-2.945746803E1,1.202274895E1,-7.019042969E0
9.194519775E1,-2.902944565E1,1.276033878E1,-6.723075867E0
9.196536275E1,-2.861776733E1,1.371646023E1,-6.363555908E0
9.198552775E1,-2.819317245E1,1.456867027E1,-6.316673279E0
9.200569275E1,-2.774563599E1,1.502023602E1,-6.730468750E0
9.202585675E1,-2.749028969E1,1.543546772E1,-7.187538147E0
9.204602175E1,-2.719475174E1,1.616717529E1,-7.497810364E0
9.206618675E1,-2.692171097E1,1.676280594E1,-7.631713867E0
9.208635175E1,-2.667967033E1,1.749463272E1,-7.838516235E0
9.210651675E1,-2.649271202E1,1.809641838E1,-8.027191162E0
9.212668175E1,-2.620719528E1,1.903733826E1,-8.077507019E0
9.214684675E1,-2.544915009E1,2.004244614E1,-8.571067810E0
9.216701075E1,-2.474184799E1,2.127239037E1,-8.623733521E0
9.218717575E1,-2.417295647E1,2.225959015E1,-8.678741455E0
9.220734075E1,-2.367808151E1,2.291695976E1,-8.784904480E0
9.222750575E1,-2.314946747E1,2.361236572E1,-8.720642090E0
9.224767075E1,-2.249484634E1,2.426173019E1,-8.988929749E0
9.226783575E1,-2.184869385E1,2.519601822E1,-8.833084106E0
9.228800075E1,-2.117457771E1,2.564972878E1,-8.704185486E0
9.230816475E1,-2.086020660E1,2.630045319E1,-8.784782410E0
9.232832975E1,-2.021071243E1,2.694846725E1,-8.796203613E0
9.234849475E1,-1.971926117E1,2.744539070E1,-8.448593140E0
9.236865975E1,-1.915433884E1,2.797584915E1,-8.502716064E0
9.238882475E1,-1.872720146E1,2.833085251E1,-8.417510986E0
9.240898975E1,-1.819716072E1,2.864636612E1,-8.029266357E0
9.242915475E1,-1.796901703E1,2.919681549E1,-7.829002380E0
9.244931975E1,-1.742022896E1,2.938968277E1,-7.230262756E0
9.246948375E1,-1.704400826E1,2.955005646E1,-7.082809448E0
9.248964875E1,-1.677534103E1,3.012742615E1,-6.750228882E0
9.250981375E1,-1.630864906E1,3.023319244E1,-6.015838623E0
9.252997875E1,-1.600676727E1,3.026278687E1,-5.991218567E0
9.255014375E1,-1.587657833E1,3.041043091E1,-5.638221741E0
9.257030875E1,-1.547982788E1,3.046741104E1,-5.201583862E0
9.259047375E1,-1.519981194E1,3.085417938E1,-5.087882996E0
9.261063775E1,-1.505995178E1,3.077186584E1,-4.947326660E0
9.263080275E1,-1.514490128E1,3.093525696E1,-5.216911316E0
9.265096775E1,-1.523591042E1,3.094487000E1,-5.575805664E0
9.267113275E1,-1.524595451E1,3.084960938E1,-5.637825012E0
9.269129775E1,-1.518688965E1,3.070233536E1,-5.741073608E0
9.271146275E1,-1.505810356E1,3.077383232E1,-5.875976562E0
9.273162775E1,-1.483767891E1,3.086308670E1,-6.160224915E0
9.275179175E1,-1.443899155E1,3.096437836E1,-6.119628906E0
9.277195675E1,-1.434441280E1,3.122707367E1,-6.066184998E0
9.279212175E1,-1.435025597E1,3.137351990E1,-6.111221313E0
9.281228663E1,-1.406922245E1,3.145497131E1,-5.941673279E0
9.283245162E1,-1.377278709E1,3.171476936E1,-5.829772949E0
9.285261662E1,-1.356956577E1,3.202141953E1,-5.986831665E0
9.287278163E1,-1.335616493E1,3.221008301E1,-6.206504822E0
9.289294563E1,-1.262549591E1,3.220968628E1,-6.229255676E0
9.291311062E1,-1.224837399E1,3.240559006E1,-6.421379089E0
9.293327562E1,-1.160083961E1,3.280564880E1,-6.374893188E0
9.295344063E1,-1.143723679E1,3.314896393E1,-6.345565796E0
9.297360563E1,-1.092839527E1,3.340937424E1,-6.085464478E0
9.299377063E1,-1.037599945E1,3.360110092E1,-6.519271851E0
9.301393563E1,-9.879663467E0,3.388348389E1,-6.534866333E0
9.303409963E1,-9.349311829E0,3.395701599E1,-6.423973083E0
9.305426463E1,-8.777647018E0,3.431886292E1,-6.453346252E0
9.307442963E1,-8.865667343E0,3.469726562E1,-6.446426392E0
9.309459462E1,-8.207975388E0,3.484369278E1,-6.632507324E0
9.311475962E1,-7.721626282E0,3.499810028E1,-6.833221436E0
9.313492463E1,-7.118306637E0,3.512554550E1,-6.760284424E0
9.315508963E1,-6.715114117E0,3.539124298E1,-6.991554260E0
9.317525362E1,-6.344992638E0,3.532492447E1,-7.427490234E0
9.319541862E1,-6.291914463E0,3.554956818E1,-7.757064819E0
9.321558363E1,-6.072193146E0,3.558462524E1,-8.114707947E0
9.323574863E1,-5.676023483E0,3.578174210E1,-8.733848572E0
9.325591363E1,-5.338365078E0,3.594046402E1,-8.635429382E0
9.327607863E1,-5.133344650E0,3.608635330E1,-8.381446838E0
9.329624362E1,-4.908614635E0,3.623492813E1,-8.319328308E0
9.331640763E1,-4.666188240E0,3.622406769E1,-8.993484497E0
9.333657263E1,-4.586329460E0,3.632936096E1,-9.307006836E0
9.335673762E1,-4.480258942E0,3.611376190E1,-9.787261963E0
9.337690262E1,-4.724813938E0,3.615583801E1,-1.048530579E1
9.339706763E1,-4.796378613E0,3.612521744E1,-1.133963776E1
9.341723263E1,-4.878232956E0,3.606447601E1,-1.214650726E1
9.343739763E1,-4.841490746E0,3.596630096E1,-1.262454987E1
9.345756162E1,-4.852841377E0,3.581535721E1,-1.253234863E1
9.347772663E1,-5.140142441E0,3.572053528E1,-1.274483490E1
9.349789163E1,-5.074565411E0,3.572434235E1,-1.333148193E1
9.351805663E1,-4.949429035E0,3.561270905E1,-1.362367249E1
9.353822162E1,-5.126574516E0,3.547951508E1,-1.403492737E1
9.355838662E1,-5.229115486E0,3.518830872E1,-1.454498291E1
9.357855163E1,-5.459255695E0,3.516693878E1,-1.511443329E1
9.359871563E1,-5.517038345E0,3.494311905E1,-1.577030182E1
9.361888062E1,-5.842271328E0,3.477904129E1,-1.627779388E1
9.363904562E1,-6.112515926E0,3.438446808E1,-1.646865845E1
9.365921063E1,-6.348882198E0,3.428525925E1,-1.698863220E1
9.367937563E1,-6.590785503E0,3.399221039E1,-1.746752930E1
9.369954063E1,-6.834930897E0,3.392613602E1,-1.736510468E1
9.371970563E1,-7.167083263E0,3.377990723E1,-1.743346405E1
9.373986963E1,-7.371504784E0,3.346854401E1,-1.779926300E1
9.376003463E1,-7.666695595E0,3.353506851E1,-1.760395050E1
9.378019963E1,-7.874599934E0,3.358332062E1,-1.773119354E1
9.380036483E1,-7.731370926E0,3.363172531E1,-1.749289703E1
9.382052983E1,-7.634925842E0,3.392990875E1,-1.738840485E1
9.384069483E1,-7.423493385E0,3.393940735E1,-1.691695404E1
9.386085983E1,-7.399341583E0,3.406690979E1,-1.674559784E1
9.388102383E1,-7.344654083E0,3.410480118E1,-1.687574005E1
9.390118883E1,-7.083145618E0,3.415256882E1,-1.645850372E1
9.392135383E1,-6.965984344E0,3.424043274E1,-1.686270905E1
9.394151883E1,-6.888911724E0,3.429077530E1,-1.662958527E1
9.396168383E1,-6.639627934E0,3.453871155E1,-1.619319916E1
9.398184883E1,-6.694675922E0,3.498115540E1,-1.579188538E1
9.400201383E1,-6.554955959E0,3.518561554E1,-1.557493591E1
9.402217783E1,-6.683092117E0,3.526057816E1,-1.538462830E1
9.404234283E1,-6.824622631E0,3.532063675E1,-1.536083984E1
9.406250783E1,-6.856448174E0,3.529651642E1,-1.505686951E1
9.408267283E1,-6.862031937E0,3.530358124E1,-1.514447021E1
9.410283783E1,-6.819401264E0,3.535890198E1,-1.514305115E1
9.412300283E1,-6.786619186E0,3.530806351E1,-1.515974426E1
9.414316683E1,-6.906791687E0,3.525804138E1,-1.497882080E1
9.416333183E1,-6.804649353E0,3.502723694E1,-1.544367981E1
9.418349683E1,-6.752371311E0,3.506940460E1,-1.570481873E1
9.420366183E1,-6.682355404E0,3.513082123E1,-1.558473206E1
9.422382683E1,-6.612268448E0,3.520183182E1,-1.564891052E1
9.424399183E1,-6.533640862E0,3.521251678E1,-1.555545044E1
9.426415683E1,-6.318795681E0,3.518120575E1,-1.535835266E1
9.428432083E1,-6.342800617E0,3.529064178E1,-1.500599670E1
9.430448583E1,-6.477396011E0,3.546726990E1,-1.513609314E1
9.432465083E1,-6.655763626E0,3.527742767E1,-1.514848328E1
9.434481583E1,-6.544636726E0,3.526402664E1,-1.513027954E1
9.436498083E1,-6.731832981E0,3.531996155E1,-1.530577087E1
9.438514583E1,-6.466184616E0,3.539282990E1,-1.519714355E1
9.440531083E1,-6.262259960E0,3.527415085E1,-1.526571655E1
9.442547483E1,-5.973152637E0,3.533407593E1,-1.538758850E1
9.444563983E1,-5.695807934E0,3.544363022E1,-1.558883667E1
9.446580483E1,-4.985463142E0,3.562064743E1,-1.518511963E1
9.448596983E1,-4.564542770E0,3.569048309E1,-1.511262512E1
9.450613483E1,-4.287570953E0,3.593262482E1,-1.506507874E1
9.452629983E1,-3.888538361E0,3.598364639E1,-1.499229431E1
9.454646483E1,-3.282283783E0,3.619356537E1,-1.463120270E1
9.456662883E1,-2.884962082E0,3.649254227E1,-1.480056000E1
9.458679383E1,-2.306871414E0,3.654936218E1,-1.466916656E1
9.460695883E1,-2.112767220E0,3.655234528E1,-1.460194397E1
9.462712383E1,-1.971262932E0,3.637547302E1,-1.474950409E1
9.464728883E1,-1.794852257E0,3.655439758E1,-1.469403839E1
9.466745383E1,-1.134287834E0,3.650611115E1,-1.444631958E1
9.468761783E1,-8.092918396E-1,3.653517151E1,-1.443725586E1
9.470778283E1,-7.880687714E-1,3.676136780E1,-1.445259857E1
9.472794783E1,-8.630533218E-1,3.661552429E1,-1.470904541E1
9.474811283E1,-7.384958267E-1,3.653801727E1,-1.547154999E1
9.476827783E1,-6.210975647E-1,3.632007599E1,-1.609995270E1
9.478844283E1,-3.153715134E-1,3.617004776E1,-1.664343262E1
9.480860808E1,-1.810293198E-1,3.601943970E1,-1.699836731E1
9.482877208E1,8.764171600E-2,3.581567383E1,-1.731816101E1
9.484893708E1,3.361625671E-1,3.542203522E1,-1.820754242E1
9.486910208E1,1.128458023E0,3.493872833E1,-1.925923920E1
9.488926708E1,1.963102341E0,3.465529633E1,-1.975696564E1
9.490943208E1,2.403768539E0,3.449149323E1,-2.000104523E1
9.492959708E1,2.661968231E0,3.423252487E1,-2.033397675E1
9.494976208E1,3.477396965E0,3.357569885E1,-2.117101288E1
9.496992608E1,4.667621613E0,3.292999649E1,-2.176868439E1
9.499009108E1,5.080663681E0,3.231600952E1,-2.228240204E1
9.501025608E1,5.627170563E0,3.183580780E1,-2.239167023E1
9.503042108E1,6.023331642E0,3.149701881E1,-2.261005402E1
9.505058608E1,6.882718086E0,3.130398560E1,-2.277524567E1
9.507075108E1,8.035189629E0,3.119911957E1,-2.254977417E1
9.509091508E1,9.512156487E0,3.115608978E1,-2.153226471E1
9.511108008E1,1.100894642E1,3.134632683E1,-2.053638458E1
9.513124508E1,1.191482830E1,3.128705215E1,-2.016019440E1
9.515141008E1,1.271890354E1,3.104008102E1,-1.985938263E1
9.517157508E1,1.333901882E1,3.069256401E1,-1.996597290E1
9.519174008E1,1.362407398E1,3.063293076E1,-1.983456421E1
9.521190508E1,1.395644665E1,3.026794052E1,-2.000930786E1
9.523206908E1,1.433986950E1,3.007859802E1,-2.026954651E1
9.525223408E1,1.466175747E1,2.968383026E1,-2.054949951E1
9.527239908E1,1.459946156E1,2.932341766E1,-2.133393860E1
9.529256408E1,1.472215939E1,2.880072784E1,-2.196966553E1
9.531272908E1,1.469608784E1,2.827363968E1,-2.260296631E1
9.533289408E1,1.459528446E1,2.803151703E1,-2.340376282E1
9.535305908E1,1.474363041E1,2.778347778E1,-2.382929230E1
9.537322308E1,1.477754307E1,2.740565300E1,-2.412996674E1
9.539338808E1,1.497431278E1,2.714937210E1,-2.487630463E1
9.541355308E1,1.512308121E1,2.686418724E1,-2.520040131E1
9.543371808E1,1.539563370E1,2.652011108E1,-2.557764435E1
9.545388308E1,1.565585518E1,2.644049644E1,-2.581584930E1
9.547404808E1,1.592379379E1,2.625972366E1,-2.606592560E1
9.549421208E1,1.622447586E1,2.611887932E1,-2.652338409E1
9.551437708E1,1.650382805E1,2.591691589E1,-2.663097382E1
9.553454208E1,1.673606110E1,2.583956718E1,-2.695999146E1
9.555470708E1,1.672353363E1,2.569273567E1,-2.772601318E1
9.557487208E1,1.693335915E1,2.563538742E1,-2.804705811E1
9.559503708E1,1.739145851E1,2.600931549E1,-2.765840149E1
9.561520208E1,1.778970718E1,2.668360901E1,-2.718571472E1
9.563536608E1,1.801432800E1,2.734656143E1,-2.657087708E1
9.565553108E1,1.756618118E1,2.807124329E1,-2.603784180E1
9.567569608E1,1.741571045E1,2.877888489E1,-2.580809784E1
9.569586108E1,1.781048965E1,2.926994514E1,-2.496407318E1
9.571602608E1,1.826248741E1,2.969550133E1,-2.395881653E1
9.573619108E1,1.855532837E1,3.010762405E1,-2.340016174E1
9.575635608E1,1.841863632E1,3.043905640E1,-2.302513885E1
9.577652008E1,1.821050835E1,3.055049133E1,-2.324568939E1
9.579668508E1,1.818007660E1,3.037597466E1,-2.346829987E1
9.581684958E1,1.815149879E1,2.996900558E1,-2.398178864E1
9.583701458E1,1.816805649E1,2.957160187E1,-2.459792328E1
9.585717958E1,1.816162872E1,2.938065910E1,-2.496707153E1
9.587734458E1,1.833286285E1,2.896019363E1,-2.508859253E1
9.589750858E1,1.863967514E1,2.849534607E1,-2.533352661E1
9.591767358E1,1.916511154E1,2.818875885E1,-2.559407043E1
9.593783858E1,1.897735596E1,2.802135849E1,-2.574080658E1
9.595800358E1,1.899947739E1,2.779371643E1,-2.605426788E1
9.597816858E1,1.895335388E1,2.760998154E1,-2.630319977E1
9.599833358E1,1.895304108E1,2.755953026E1,-2.636013794E1
9.601849858E1,1.880867386E1,2.756327057E1,-2.644860840E1
9.603866258E1,1.864383316E1,2.789698029E1,-2.667993164E1
9.605882758E1,1.855591583E1,2.807053566E1,-2.643533325E1
9.607899258E1,1.881882095E1,2.856218338E1,-2.623094177E1
9.609915758E1,1.902192688E1,2.901274490E1,-2.561529541E1
9.611932258E1,1.923587799E1,2.931694412E1,-2.525500488E1
9.613948758E1,1.971384430E1,2.934988022E1,-2.470340729E1
9.615965158E1,2.021298790E1,2.942010498E1,-2.449382782E1
9.617981658E1,2.039226341E1,2.958733177E1,-2.418122864E1
9.619998158E1,2.056973076E1,2.986758041E1,-2.384147644E1
9.622014658E1,2.051467323E1,2.980694008E1,-2.377572632E1
9.624031158E1,2.047038460E1,2.939697647E1,-2.448367310E1
9.626047658E1,2.028536415E1,2.887436867E1,-2.538772583E1
9.628064158E1,1.992835808E1,2.845169640E1,-2.640138245E1
9.630080558E1,1.959681702E1,2.788277817E1,-2.703361511E1
9.632097058E1,1.900532913E1,2.744704247E1,-2.792878723E1
9.634113558E1,1.876528358E1,2.657188797E1,-2.859799957E1
9.636130058E1,1.826789093E1,2.605113983E1,-2.954651642E1
9.638146558E1,1.767748451E1,2.523909760E1,-3.031372070E1
9.640163058E1,1.685375595E1,2.450832748E1,-3.119680786E1
9.642179458E1,1.657187843E1,2.382327461E1,-3.180125427E1
9.644195958E1,1.632003784E1,2.306853867E1,-3.262624359E1
9.646212458E1,1.633847427E1,2.223530006E1,-3.315665436E1
9.648228958E1,1.633357620E1,2.147163391E1,-3.355057526E1
9.650245458E1,1.662119293E1,2.079107285E1,-3.387015533E1
9.652261958E1,1.701891708E1,2.029285622E1,-3.415480804E1
9.654278358E1,1.699583435E1,1.983086967E1,-3.427703094E1
9.656294858E1,1.756182098E1,1.926447868E1,-3.447852325E1
9.658311358E1,1.765825272E1,1.892750549E1,-3.466439056E1
9.660327858E1,1.835419083E1,1.862998962E1,-3.480558014E1
9.662344358E1,1.890773773E1,1.858379555E1,-3.430371857E1
9.664360858E1,1.943340111E1,1.840863800E1,-3.403742218E1
9.666377358E1,2.029026985E1,1.830020905E1,-3.366718292E1
9.668393758E1,2.095962524E1,1.845822716E1,-3.321352386E1
9.670410258E1,2.181173706E1,1.865757942E1,-3.279806519E1
9.672426758E1,2.342295837E1,1.980002594E1,-3.091396332E1
9.674443258E1,2.453178024E1,2.065976524E1,-2.969206238E1
9.676459758E1,2.599113846E1,2.162274361E1,-2.760652161E1
9.678476258E1,2.706972885E1,2.247676849E1,-2.563003540E1
9.680492658E1,2.849408722E1,2.341773224E1,-2.323297119E1
9.682509158E1,2.983747864E1,2.379937744E1,-2.037528992E1
9.684525658E1,3.129514694E1,2.419458961E1,-1.747792053E1
9.686542158E1,3.191492462E1,2.449916267E1,-1.580895233E1
9.688558658E1,3.201285172E1,2.487778473E1,-1.461650848E1
9.690575158E1,3.189875031E1,2.548786545E1,-1.417369080E1
9.692591658E1,3.165467072E1,2.592324257E1,-1.374604797E1
9.694608058E1,3.156368637E1,2.596630478E1,-1.345340729E1
9.696624558E1,3.148877335E1,2.638464165E1,-1.305855560E1
9.698641058E1,3.103164482E1,2.677313423E1,-1.303133392E1
9.700657558E1,3.040746498E1,2.708383179E1,-1.334170532E1
9.702674058E1,2.971303940E1,2.739557838E1,-1.449806213E1
9.704690558E1,2.915756226E1,2.759620857E1,-1.521751404E1
9.706706958E1,2.815674973E1,2.796210289E1,-1.661958313E1
9.708723458E1,2.714246750E1,2.831343842E1,-1.759592438E1
9.710739958E1,2.605553818E1,2.833300400E1,-1.899047852E1
9.712756458E1,2.492588806E1,2.786075592E1,-2.081175232E1
9.714772958E1,2.361738968E1,2.755785561E1,-2.299174500E1
9.716789458E1,2.223914337E1,2.702756119E1,-2.533922577E1
9.718805858E1,2.073567200E1,2.608674240E1,-2.732112122E1
9.720822358E1,1.983744812E1,2.492163086E1,-2.886117554E1
9.722838858E1,1.984777451E1,2.369744873E1,-2.997973633E1
9.724855358E1,1.993304825E1,2.261959076E1,-3.076000214E1
9.726871858E1,1.972982597E1,2.164174652E1,-3.154486084E1
9.728888358E1,1.889860725E1,2.099841309E1,-3.243268585E1
9.730904758E1,1.794730377E1,2.041206932E1,-3.345810699E1
9.732921258E1,1.694000244E1,1.967994881E1,-3.396038818E1
9.734937758E1,1.627808762E1,1.922130585E1,-3.480485535E1
9.736954258E1,1.617412186E1,1.888500214E1,-3.517774963E1
9.738970758E1,1.584080887E1,1.844014740E1,-3.521179199E1
9.740987258E1,1.523917198E1,1.823597336E1,-3.575924683E1
9.743003758E1,1.466779518E1,1.789470291E1,-3.613325500E1
9.745020158E1,1.434552002E1,1.774529839E1,-3.608198547E1
9.747036658E1,1.415735626E1,1.736875343E1,-3.636576843E1
9.749053158E1,1.389794731E1,1.704037857E1,-3.660713196E1
9.751069658E1,1.444532013E1,1.667586136E1,-3.657521057E1
9.753086158E1,1.514592743E1,1.628047752E1,-3.642501831E1
9.755102658E1,1.608586502E1,1.584408188E1,-3.610969543E1
9.757119058E1,1.673426628E1,1.564364147E1,-3.571772766E1
9.759135558E1,1.806195068E1,1.570919418E1,-3.517194366E1
9.761152058E1,1.902722549E1,1.556642532E1,-3.454212189E1
9.763168558E1,1.997561264E1,1.584117126E1,-3.373972321E1
9.765185058E1,2.078299713E1,1.667040253E1,-3.280150604E1
9.767201558E1,2.199441910E1,1.771408463E1,-3.125923920E1
9.769217958E1,2.337315178E1,1.895416641E1,-2.923812103E1
9.771234458E1,2.472484970E1,2.032539940E1,-2.691770172E1
9.773250958E1,2.624885941E1,2.176856995E1,-2.382145691E1
9.775267458E1,2.794601440E1,2.300496864E1,-2.000617981E1
9.777283958E1,2.914651489E1,2.405411530E1,-1.697457886E1
9.779300458E1,2.994875145E1,2.440379524E1,-1.451400757E1
9.781316846E1,3.023705482E1,2.467936707E1,-1.255822754E1
9.783333346E1,3.033438492E1,2.517118835E1,-1.115030670E1
9.785349846E1,3.063547707E1,2.555213356E1,-1.017439270E1
9.787366346E1,3.045772743E1,2.563965034E1,-9.310424805E0
9.789382846E1,3.015117836E1,2.569093132E1,-9.162940979E0
9.791399346E1,2.996008492E1,2.575041199E1,-9.445243835E0
9.793415746E1,2.965833855E1,2.616767120E1,-9.542449951E0
9.795432246E1,2.888037682E1,2.654874039E1,-9.743820190E0
9.797448746E1,2.850722504E1,2.648057938E1,-1.069876099E1
9.799465246E1,2.771513367E1,2.664148331E1,-1.161546326E1
9.801481746E1,2.686367798E1,2.669423676E1,-1.327182007E1
9.803498246E1,2.578813934E1,2.670807076E1,-1.484276581E1
9.805514746E1,2.475795364E1,2.643694878E1,-1.654678345E1
9.807531146E1,2.361876678E1,2.613584328E1,-1.821309662E1
9.809547646E1,2.225105095E1,2.585109329E1,-2.018212891E1
9.811564146E1,2.093252945E1,2.502128220E1,-2.212431335E1
9.813580646E1,1.963989830E1,2.420644760E1,-2.400150299E1
9.815597146E1,1.846329117E1,2.330408478E1,-2.575731659E1
9.817613646E1,1.753028488E1,2.232815361E1,-2.703720856E1
9.819630046E1,1.700568771E1,2.131843758E1,-2.831259155E1
9.821646546E1,1.659120178E1,2.026323318E1,-2.932495117E1
9.823663046E1,1.591438770E1,1.946871758E1,-3.038967896E1
9.825679546E1,1.491043472E1,1.867162704E1,-3.117922974E1
9.827696046E1,1.385804367E1,1.796092606E1,-3.206481934E1
9.829712546E1,1.295014000E1,1.746091080E1,-3.251861572E1
9.831728946E1,1.332246971E1,1.733149338E1,-3.273600769E1
9.833745446E1,1.395824242E1,1.701013947E1,-3.236482239E1
9.835761946E1,1.421563339E1,1.706801414E1,-3.233854675E1
9.837778446E1,1.442532539E1,1.723914146E1,-3.204197693E1
9.839794946E1,1.445275116E1,1.774723244E1,-3.174433899E1
9.841811446E1,1.480723286E1,1.854124832E1,-3.097116852E1
9.843827846E1,1.521593571E1,1.904706192E1,-3.012645721E1
9.845844346E1,1.599091244E1,1.946397972E1,-2.908546448E1
9.847860846E1,1.670300674E1,2.014926720E1,-2.824216461E1
9.849877346E1,1.713839722E1,2.088011742E1,-2.735031128E1
9.851893846E1,1.752528763E1,2.145564270E1,-2.596025848E1
9.853910346E1,1.812086868E1,2.209895325E1,-2.466241455E1
9.855926746E1,1.881766510E1,2.242331696E1,-2.362493896E1
9.857943246E1,1.985107803E1,2.253770638E1,-2.214957428E1
9.859959746E1,2.089191246E1,2.220999146E1,-2.118181610E1
9.861976246E1,2.188639259E1,2.145625496E1,-2.023760986E1
9.863992746E1,2.260093689E1,2.099430466E1,-1.955444336E1
9.866009246E1,2.300472641E1,2.058463097E1,-1.896752930E1
9.868025646E1,2.329717255E1,2.037565422E1,-1.861190796E1
9.870042146E1,2.356411362E1,1.997539711E1,-1.879849243E1
9.872058646E1,2.368753433E1,1.969107628E1,-1.866886902E1
9.874075146E1,2.397267151E1,1.910333443E1,-1.895172119E1
9.876091646E1,2.370191574E1,1.859752846E1,-1.924085999E1
9.878108146E1,2.344154358E1,1.811742783E1,-1.996125793E1
9.880124546E1,2.297063065E1,1.761651611E1,-2.073518372E1
9.882141046E1,2.238938904E1,1.739807892E1,-2.178963470E1
9.884157546E1,2.133187866E1,1.730828285E1,-2.315786743E1
9.886174046E1,2.035718536E1,1.718864822E1,-2.443550873E1
9.888190546E1,1.953738403E1,1.690509987E1,-2.501947021E1
9.890207046E1,1.893142700E1,1.656293678E1,-2.574131775E1
9.892223446E1,1.854622841E1,1.621042252E1,-2.635230255E1
9.894239946E1,1.822117233E1,1.590108395E1,-2.702641296E1
9.896256446E1,1.783173370E1,1.550238132E1,-2.764174652E1
9.898272946E1,1.769202614E1,1.492991066E1,-2.776424408E1
9.900289446E1,1.748991776E1,1.461245441E1,-2.817392731E1
9.902305946E1,1.732456970E1,1.411331654E1,-2.865201569E1
9.904322446E1,1.717882156E1,1.360039139E1,-2.897885132E1
9.906338846E1,1.699036407E1,1.311189079E1,-2.924824524E1
9.908355346E1,1.705927658E1,1.231495476E1,-2.917911530E1
9.910371846E1,1.693012047E1,1.188881969E1,-2.958722687E1
9.912388346E1,1.665859604E1,1.123750019E1,-2.974308014E1
9.914404846E1,1.655361557E1,1.074408054E1,-2.971140289E1
9.916421346E1,1.631299210E1,1.039757442E1,-2.983812714E1
9.918437746E1,1.583293629E1,9.893703461E0,-3.011699677E1
9.920454246E1,1.532387066E1,9.497050285E0,-3.055507660E1
9.922470746E1,1.522561169E1,9.406878471E0,-3.026539612E1
9.924487246E1,1.533747387E1,9.334090233E0,-3.008253479E1
9.926503746E1,1.524757481E1,9.912922859E0,-2.954425049E1
9.928520246E1,1.540478134E1,1.104374409E1,-2.919222260E1
9.930536646E1,1.561482525E1,1.216475487E1,-2.870565796E1
9.932553146E1,1.614751625E1,1.324703407E1,-2.766629791E1
9.934569646E1,1.680150223E1,1.421485710E1,-2.651954651E1
9.936586146E1,1.806192207E1,1.541874409E1,-2.479328918E1
9.938602646E1,1.899765015E1,1.634415627E1,-2.308831024E1
9.940619146E1,1.964455605E1,1.715470123E1,-2.171432495E1
9.942635546E1,2.002686310E1,1.778958130E1,-2.063359833E1
9.944652046E1,2.058468628E1,1.835615540E1,-1.950720215E1
9.946668546E1,2.095608139E1,1.887299728E1,-1.855867004E1
9.948685046E1,2.142749405E1,1.878681183E1,-1.776653290E1
9.950701546E1,2.197779846E1,1.863544273E1,-1.674681854E1
9.952718046E1,2.248363876E1,1.828750801E1,-1.639063263E1
9.954734446E1,2.291875839E1,1.818670464E1,-1.587282562E1
9.956750946E1,2.322146225E1,1.768688965E1,-1.590748596E1
9.958767446E1,2.359000778E1,1.722195053E1,-1.584909821E1
9.960783946E1,2.408675385E1,1.640461731E1,-1.592134857E1
9.962800446E1,2.441822243E1,1.556071472E1,-1.638478851E1
9.964816946E1,2.473146248E1,1.473756027E1,-1.675960541E1
9.966833346E1,2.503215981E1,1.382114410E1,-1.735121918E1
9.968849846E1,2.525728989E1,1.293024826E1,-1.807698059E1
9.970866346E1,2.511952972E1,1.188507366E1,-1.896591187E1
9.972882846E1,2.494921112E1,1.098137856E1,-1.980154419E1
9.974899346E1,2.461125183E1,1.048665905E1,-2.093115234E1
9.976915846E1,2.408772278E1,1.010979748E1,-2.139266205E1
9.978932246E1,2.395996475E1,1.008788681E1,-2.197956085E1
9.980948758E1,2.341311264E1,1.032319450E1,-2.217435455E1
9.982965258E1,2.306911850E1,1.078269291E1,-2.245426178E1
9.984981758E1,2.277248383E1,1.142493534E1,-2.241226959E1
9.986998258E1,2.252582550E1,1.237236023E1,-2.235179138E1
9.989014758E1,2.236484528E1,1.299375153E1,-2.177810669E1
9.991031158E1,2.203843307E1,1.299691582E1,-2.200770569E1
9.993047658E1,2.168022537E1,1.311827278E1,-2.225408936E1
9.995064158E1,2.132617569E1,1.296923828E1,-2.268875122E1
9.997080658E1,2.107197571E1,1.253999233E1,-2.276562500E1
9.999097158E1,2.075499725E1,1.208544922E1,-2.354457855E1
1.000111366E2,2.021927261E1,1.169154358E1,-2.396135712E1
1.000313016E2,1.997504807E1,1.095907402E1,-2.444947815E1
1.000514656E2,1.967845535E1,1.005003071E1,-2.490628815E1
1.000716306E2,1.929748535E1,9.291629791E0,-2.537745667E1
1.000917956E2,1.883641815E1,8.809017181E0,-2.618244171E1
1.001119606E2,1.852971077E1,8.354103088E0,-2.606923676E1
1.001321256E2,1.827115440E1,8.007279396E0,-2.634024048E1
1.001522906E2,1.818152237E1,7.777077675E0,-2.635511780E1
1.001724546E2,1.801265144E1,7.301660538E0,-2.656851196E1
1.001926196E2,1.774473953E1,7.106877327E0,-2.670303345E1
1.002127846E2,1.754035187E1,6.972430229E0,-2.690925598E1
1.002329496E2,1.723600388E1,7.105516434E0,-2.704309082E1
1.002531146E2,1.727917480E1,7.177337646E0,-2.701875305E1
1.002732796E2,1.752998161E1,7.454916954E0,-2.690945435E1
1.002934436E2,1.766186523E1,8.035953522E0,-2.664927673E1
1.003136086E2,1.797176743E1,8.729517937E0,-2.642382812E1
1.003337736E2,1.860010338E1,9.372162819E0,-2.551593018E1
1.003539386E2,1.946009445E1,1.024889755E1,-2.476686096E1
1.003741036E2,2.042208862E1,1.111362839E1,-2.366187286E1
1.003942686E2,2.145727158E1,1.157879829E1,-2.267543793E1
1.004144326E2,2.202013779E1,1.219939995E1,-2.149990845E1
1.004345976E2,2.258917618E1,1.251886082E1,-2.077845764E1
1.004547626E2,2.307294083E1,1.270966721E1,-2.036889648E1
1.004749276E2,2.344367218E1,1.267303753E1,-1.954563141E1
1.004950926E2,2.383973885E1,1.277675819E1,-1.889278412E1
1.005152576E2,2.441819191E1,1.247745514E1,-1.869141388E1
1.005354216E2,2.464788437E1,1.223587894E1,-1.844116211E1
1.005555866E2,2.488177490E1,1.171768475E1,-1.862236023E1
1.005757516E2,2.495983124E1,1.137013626E1,-1.882115173E1
1.005959166E2,2.524205780E1,1.084056282E1,-1.864113617E1
1.006160816E2,2.548252869E1,1.001553059E1,-1.873082733E1
1.006362466E2,2.570045662E1,9.138070107E0,-1.893749237E1
1.006564106E2,2.585366631E1,8.304404259E0,-1.917221832E1
1.006765756E2,2.610978317E1,7.272170067E0,-1.932984161E1
1.006967406E2,2.607900620E1,6.328053474E0,-1.972776031E1
1.007169056E2,2.620412064E1,4.968212128E0,-2.033343506E1
1.007370706E2,2.610599899E1,3.846828461E0,-2.091061401E1
1.007572356E2,2.577079773E1,3.229309082E0,-2.170420074E1
1.007773996E2,2.544778442E1,2.644304276E0,-2.235652924E1
1.007975646E2,2.481480026E1,2.676643372E0,-2.289430237E1
1.008177298E2,2.429452515E1,2.892850876E0,-2.388215637E1
1.008378948E2,2.393349266E1,3.351741791E0,-2.445115662E1
1.008580597E2,2.381316185E1,3.716476440E0,-2.458859253E1
1.008782248E2,2.378707886E1,4.085939407E0,-2.465085602E1
1.008983888E2,2.361531830E1,4.596586227E0,-2.502111053E1
1.009185538E2,2.318185997E1,5.177820206E0,-2.540996552E1
1.009387187E2,2.296399498E1,5.500620842E0,-2.557819366E1
1.009588838E2,2.317591286E1,5.618507385E0,-2.524149323E1
1.009790488E2,2.317588234E1,5.860011101E0,-2.542357635E1
1.009992138E2,2.323770714E1,5.877559662E0,-2.544144440E1
1.010193777E2,2.329354286E1,6.004653931E0,-2.535790253E1
1.010395428E2,2.336063194E1,6.183567047E0,-2.537024689E1
1.010597078E2,2.333657837E1,5.998043060E0,-2.541838074E1
1.010798728E2,2.346901703E1,5.880213737E0,-2.567047119E1
1.011000378E2,2.381802750E1,5.719701767E0,-2.573550415E1
1.011202027E2,2.398894119E1,5.682957649E0,-2.587236023E1
1.011403668E2,2.419733810E1,5.267908096E0,-2.613625336E1
1.011605318E2,2.419250870E1,5.011498451E0,-2.618418121E1
1.011806968E2,2.440917969E1,4.822952271E0,-2.664543152E1
1.012008617E2,2.449648285E1,4.790170670E0,-2.697303772E1
1.012210268E2,2.433272552E1,4.889564514E0,-2.760625458E1
1.012411918E2,2.425486374E1,5.107925415E0,-2.802216339E1
1.012613558E2,2.425861359E1,5.075460434E0,-2.797026825E1
1.012815207E2,2.457790756E1,4.920051575E0,-2.813573456E1
1.013016858E2,2.463016129E1,4.802786827E0,-2.851361847E1
1.013218508E2,2.430692291E1,4.684068680E0,-2.872632599E1
1.013420158E2,2.406157684E1,4.402575493E0,-2.913539124E1
1.013621808E2,2.363425064E1,4.034833908E0,-2.954772949E1
1.013823448E2,2.322340012E1,3.611867905E0,-3.002319336E1
1.014025098E2,2.291069221E1,3.164571762E0,-3.041378021E1
1.014226748E2,2.276592064E1,2.568405151E0,-3.064081573E1
1.014428398E2,2.259168243E1,1.872211456E0,-3.089799500E1
1.014630047E2,2.210242081E1,1.006748199E0,-3.127691650E1
1.014831698E2,2.213666916E1,1.233100891E-2,-3.135923004E1
1.015033338E2,2.218960190E1,-1.011007309E0,-3.140451813E1
1.015234988E2,2.248510933E1,-2.666006088E0,-3.109486389E1
1.015436637E2,2.283394623E1,-3.804794312E0,-3.086226654E1
1.015638288E2,2.354824448E1,-4.856447220E0,-3.054647064E1
1.015839938E2,2.431503105E1,-6.059247971E0,-3.028122711E1
1.016041578E2,2.526109314E1,-7.456258774E0,-2.951741791E1
1.016243227E2,2.611150551E1,-8.404378891E0,-2.882092285E1
1.016444878E2,2.682333374E1,-9.578104019E0,-2.852549744E1
1.016646528E2,2.709666824E1,-9.952566147E0,-2.863940430E1
1.016848178E2,2.703337479E1,-1.006965637E1,-2.920307922E1
1.017049828E2,2.696884727E1,-9.915925980E0,-2.976539612E1
1.017251468E2,2.758713531E1,-9.460815430E0,-3.013926697E1
1.017453118E2,2.871871567E1,-8.616531372E0,-2.967427826E1
1.017654768E2,3.055279541E1,-7.700122833E0,-2.861404419E1
1.017856418E2,3.207358551E1,-7.247165680E0,-2.699548340E1
1.018058067E2,3.310772705E1,-6.872995377E0,-2.654232025E1
1.018259711E2,3.378112030E1,-6.518306732E0,-2.571627045E1
1.018461351E2,3.381378174E1,-6.278701782E0,-2.553701782E1
1.018663001E2,3.381455994E1,-6.213991165E0,-2.587169647E1
1.018864651E2,3.402486801E1,-6.248806000E0,-2.562066650E1
1.019066301E2,3.409854126E1,-6.651964188E0,-2.530323792E1
1.019267951E2,3.423925400E1,-7.213937759E0,-2.510369873E1
1.019469601E2,3.441609955E1,-8.137853622E0,-2.467285156E1
1.019671241E2,3.442473602E1,-9.082521439E0,-2.424520111E1
1.019872891E2,3.448386383E1,-9.943706512E0,-2.421540070E1
1.020074541E2,3.406327057E1,-1.097202301E1,-2.411393738E1
1.020276191E2,3.356243134E1,-1.202737617E1,-2.425288391E1
1.020477841E2,3.266503143E1,-1.322252655E1,-2.443350983E1
1.020679491E2,3.164750099E1,-1.408548164E1,-2.514638519E1
1.020881131E2,3.072113037E1,-1.491837883E1,-2.582558441E1
1.021082781E2,2.937720490E1,-1.558134270E1,-2.688034058E1
1.021284431E2,2.830186081E1,-1.587863731E1,-2.767309570E1
1.021486081E2,2.738953400E1,-1.615040779E1,-2.804487610E1
1.021687731E2,2.674913406E1,-1.641285706E1,-2.818272400E1
1.021889381E2,2.647111511E1,-1.701595688E1,-2.787767029E1
1.022091021E2,2.610979080E1,-1.726931190E1,-2.786258698E1
1.022292671E2,2.582398605E1,-1.754258156E1,-2.727513885E1
1.022494321E2,2.558938217E1,-1.770411110E1,-2.719267273E1
1.022695971E2,2.532283401E1,-1.795992851E1,-2.722837830E1
1.022897621E2,2.529187393E1,-1.816864204E1,-2.699037170E1
1.023099271E2,2.514218521E1,-1.882501221E1,-2.606934357E1
1.023300911E2,2.510905457E1,-2.026483154E1,-2.471498871E1
1.023502561E2,2.505408859E1,-2.113193703E1,-2.360857391E1
1.023704211E2,2.474442291E1,-2.185750771E1,-2.278882599E1
1.023905861E2,2.456148148E1,-2.274211884E1,-2.175389099E1
1.024107511E2,2.454205704E1,-2.358874512E1,-2.079740906E1
1.024309151E2,2.426339722E1,-2.447649384E1,-1.991400146E1
1.024510801E2,2.376653099E1,-2.555439377E1,-1.894663239E1
1.024712451E2,2.355337334E1,-2.629937172E1,-1.789921570E1
1.024914101E2,2.315754128E1,-2.730749702E1,-1.688604736E1
1.025115751E2,2.259200287E1,-2.812438583E1,-1.598853302E1
1.025317401E2,2.181172562E1,-2.876280212E1,-1.529471588E1
1.025519041E2,2.095996857E1,-2.953930855E1,-1.494577789E1
1.025720691E2,2.011764526E1,-3.020006752E1,-1.440490723E1
1.025922341E2,1.928252411E1,-3.101959419E1,-1.426634216E1
1.026123991E2,1.851258469E1,-3.170286942E1,-1.355068207E1
1.026325641E2,1.757322693E1,-3.226696014E1,-1.321298981E1
1.026527291E2,1.683103561E1,-3.289544296E1,-1.309729004E1
1.026728931E2,1.595899582E1,-3.334666443E1,-1.268749237E1
1.026930581E2,1.499744606E1,-3.397460175E1,-1.264331055E1
1.027132231E2,1.397707176E1,-3.442320633E1,-1.238298798E1
1.027333881E2,1.310316372E1,-3.477748871E1,-1.198794556E1
1.027535531E2,1.223587227E1,-3.506820679E1,-1.192295837E1
1.027737181E2,1.125249481E1,-3.512597656E1,-1.212862396E1
1.027938821E2,9.777470589E0,-3.544420624E1,-1.233943176E1
1.028140471E2,8.549711227E0,-3.586308289E1,-1.264023590E1
1.028342121E2,7.215921402E0,-3.593550110E1,-1.241452789E1
1.028543771E2,5.706497192E0,-3.613883972E1,-1.254577637E1
1.028745421E2,4.113897324E0,-3.613477325E1,-1.245030212E1
1.028947061E2,2.350313187E0,-3.610845947E1,-1.273842621E1
1.029148711E2,5.417261124E-1,-3.605464172E1,-1.257102203E1
1.029350361E2,-9.986190796E-1,-3.606552505E1,-1.214454651E1
1.029552011E2,-2.727770805E0,-3.589297104E1,-1.207854462E1
1.029753661E2,-4.305937767E0,-3.574488831E1,-1.198635101E1
1.029955311E2,-5.967273712E0,-3.536508942E1,-1.193932343E1
1.030156951E2,-7.491921425E0,-3.523748016E1,-1.176097107E1
1.030358601E2,-8.898103714E0,-3.477892303E1,-1.132839203E1
1.030560251E2,-1.017257404E1,-3.444420624E1,-1.107284546E1
1.030761901E2,-1.155583191E1,-3.406038666E1,-1.070848083E1
1.030963551E2,-1.295656490E1,-3.367272186E1,-1.033216095E1
1.031165201E2,-1.382726574E1,-3.321632385E1,-1.010403442E1
1.031366841E2,-1.564138603E1,-3.253270721E1,-9.449668884E0
1.031568491E2,-1.666960144E1,-3.212189484E1,-9.431182861E0
1.031770141E2,-1.739944077E1,-3.159312439E1,-9.332168579E0
1.031971791E2,-1.803207779E1,-3.114026260E1,-9.409645081E0
1.032173441E2,-1.878074837E1,-3.048060417E1,-9.739181519E0
1.032375081E2,-1.963890266E1,-2.994225121E1,-9.982536316E0
1.032576731E2,-2.007306671E1,-2.933887482E1,-1.036479950E1
1.032778381E2,-2.056290436E1,-2.883719635E1,-1.054353333E1
1.032980031E2,-2.092375565E1,-2.814617348E1,-1.057035065E1
1.033181681E2,-2.136651039E1,-2.759129524E1,-1.053824615E1
1.033383331E2,-2.174129486E1,-2.716537476E1,-1.048396301E1
1.033584971E2,-2.198453522E1,-2.666988373E1,-1.056538391E1
1.033786621E2,-2.221525574E1,-2.619608688E1,-1.107431793E1
1.033988271E2,-2.250287437E1,-2.593473625E1,-1.126947784E1
1.034189921E2,-2.215600967E1,-2.565049934E1,-1.144419861E1
1.034391571E2,-2.223405457E1,-2.571403313E1,-1.123442078E1
1.034593221E2,-2.214451599E1,-2.565462685E1,-1.143114471E1
1.034794861E2,-2.218704605E1,-2.557184792E1,-1.161374664E1
1.034996511E2,-2.205843735E1,-2.555525398E1,-1.133620453E1
1.035198161E2,-2.238906479E1,-2.535172844E1,-1.155869293E1
1.035399811E2,-2.248359680E1,-2.539331245E1,-1.142716217E1
1.035601461E2,-2.297060013E1,-2.520197868E1,-1.137174225E1
1.035803101E2,-2.289869308E1,-2.517094803E1,-1.147736359E1
1.036004751E2,-2.294276810E1,-2.518979645E1,-1.128627777E1
1.036206401E2,-2.308000565E1,-2.506621933E1,-1.098806763E1
1.036408051E2,-2.314235687E1,-2.500313187E1,-1.138296509E1
1.036609701E2,-2.353186417E1,-2.480493164E1,-1.177127838E1
1.036811351E2,-2.364808273E1,-2.450932693E1,-1.211878967E1
1.037012991E2,-2.396882248E1,-2.398758316E1,-1.231571198E1
1.037214641E2,-2.422972107E1,-2.348141861E1,-1.276318359E1
1.037416291E2,-2.450362587E1,-2.317867279E1,-1.289239502E1
1.037617941E2,-2.472845840E1,-2.260641861E1,-1.342441559E1
1.037819591E2,-2.501727295E1,-2.216352654E1,-1.383225250E1
1.038021241E2,-2.540336800E1,-2.179061699E1,-1.375216675E1
1.038222882E2,-2.575791359E1,-2.128634644E1,-1.397583008E1
1.038424532E2,-2.613679886E1,-2.087447357E1,-1.382790375E1
1.038626182E2,-2.639425659E1,-2.070891380E1,-1.392638397E1
1.038827832E2,-2.696829224E1,-2.028890038E1,-1.411859131E1
1.039029482E2,-2.720584679E1,-2.001751900E1,-1.388449860E1
1.039231122E2,-2.763266373E1,-1.978809166E1,-1.380167389E1
1.039432772E2,-2.828620911E1,-1.922728348E1,-1.375533295E1
1.039634422E2,-2.855360985E1,-1.905720520E1,-1.397994232E1
1.039836072E2,-2.880839729E1,-1.860073471E1,-1.433020020E1
1.040037722E2,-2.913726234E1,-1.805381012E1,-1.471450806E1
1.040239372E2,-2.970971680E1,-1.749040604E1,-1.465397644E1
1.040441012E2,-3.017144966E1,-1.712833405E1,-1.460729980E1
1.040642662E2,-3.039304161E1,-1.709218597E1,-1.448953247E1
1.040844312E2,-3.042298317E1,-1.709304047E1,-1.415780640E1
1.041045962E2,-3.069985199E1,-1.695061111E1,-1.396741486E1
1.041247612E2,-3.102703094E1,-1.694358253E1,-1.395261383E1
1.041449262E2,-3.148291016E1,-1.662395668E1,-1.380108643E1
1.041650902E2,-3.187106323E1,-1.629508781E1,-1.371245575E1
1.041852552E2,-3.200297546E1,-1.584827995E1,-1.362936401E1
1.042054202E2,-3.225788498E1,-1.551362228E1,-1.321061707E1
1.042255852E2,-3.272496033E1,-1.517554855E1,-1.310037231E1
1.042457502E2,-3.302844238E1,-1.484096527E1,-1.297363281E1
1.042659152E2,-3.330418015E1,-1.440492058E1,-1.265931702E1
1.042860792E2,-3.333355331E1,-1.399844933E1,-1.262483978E1
1.043062442E2,-3.336782837E1,-1.361108589E1,-1.282841492E1
1.043264092E2,-3.366694641E1,-1.328177834E1,-1.301885223E1
1.043465742E2,-3.390155029E1,-1.283754921E1,-1.299768066E1
1.043667392E2,-3.377214050E1,-1.264902687E1,-1.303719330E1
1.043869042E2,-3.392578888E1,-1.208093834E1,-1.350452423E1
1.044070682E2,-3.399294662E1,-1.173314476E1,-1.371317291E1
1.044272332E2,-3.416059494E1,-1.159665680E1,-1.379328918E1
1.044473982E2,-3.423265839E1,-1.142916679E1,-1.419826508E1
1.044675632E2,-3.414045715E1,-1.148434448E1,-1.383454895E1
1.044877282E2,-3.417301941E1,-1.165616989E1,-1.385443115E1
1.045078932E2,-3.400253677E1,-1.181620216E1,-1.385374451E1
1.045280582E2,-3.392682266E1,-1.224188042E1,-1.371991730E1
1.045482222E2,-3.376734924E1,-1.238044548E1,-1.368994904E1
1.045683872E2,-3.373776627E1,-1.286569023E1,-1.362760925E1
1.045885522E2,-3.355665207E1,-1.336878967E1,-1.372401428E1
1.046087172E2,-3.342187881E1,-1.385704422E1,-1.346261597E1
1.046288822E2,-3.325201416E1,-1.415779495E1,-1.360800934E1
1.046490472E2,-3.299392319E1,-1.450994301E1,-1.402972412E1
1.046692112E2,-3.288483429E1,-1.488598442E1,-1.389308929E1
1.046893762E2,-3.276585007E1,-1.532976723E1,-1.364064026E1
1.047095412E2,-3.271156693E1,-1.560834694E1,-1.303000641E1
1.047297062E2,-3.291468811E1,-1.579619217E1,-1.302083588E1
1.047498712E2,-3.281041718E1,-1.569507599E1,-1.346827698E1
1.047700362E2,-3.280709839E1,-1.527599716E1,-1.375878143E1
1.047902012E2,-3.263333893E1,-1.525161362E1,-1.450535583E1
1.048103658E2,-3.276404953E1,-1.464764977E1,-1.483359528E1
1.048305308E2,-3.304320526E1,-1.430774498E1,-1.512108612E1
1.048506958E2,-3.319252777E1,-1.381270599E1,-1.477912903E1
1.048708608E2,-3.330477524E1,-1.368584442E1,-1.419590759E1
1.048910257E2,-3.356606293E1,-1.380099106E1,-1.389256287E1
1.049111908E2,-3.359724426E1,-1.387049484E1,-1.367129517E1
1.049313558E2,-3.367361450E1,-1.375381470E1,-1.361564636E1
1.049515198E2,-3.367957687E1,-1.352563095E1,-1.427324677E1
1.049716847E2,-3.366062164E1,-1.319812012E1,-1.452288055E1
1.049918498E2,-3.370139313E1,-1.341324615E1,-1.479010010E1
1.050120148E2,-3.379855347E1,-1.359738159E1,-1.490467834E1
1.050321798E2,-3.380270386E1,-1.366880798E1,-1.476783752E1
1.050523448E2,-3.365150452E1,-1.383758354E1,-1.482307434E1
1.050725088E2,-3.367104340E1,-1.399382210E1,-1.475187683E1
1.050926738E2,-3.382672882E1,-1.444431496E1,-1.447171021E1
1.051128388E2,-3.386688232E1,-1.470963097E1,-1.437194061E1
1.051330038E2,-3.365373993E1,-1.444299507E1,-1.420402527E1
1.051531687E2,-3.355093384E1,-1.461599159E1,-1.435374451E1
1.051733338E2,-3.371565247E1,-1.488931084E1,-1.431458282E1
1.051934988E2,-3.394709778E1,-1.521204948E1,-1.459822083E1
1.052136638E2,-3.391767502E1,-1.541061592E1,-1.478179169E1
1.052338277E2,-3.394757080E1,-1.518759346E1,-1.511395264E1
1.052539928E2,-3.414736557E1,-1.498494148E1,-1.498600769E1
1.052741578E2,-3.459629059E1,-1.421573448E1,-1.482484436E1
1.052943228E2,-3.522598267E1,-1.353309631E1,-1.473937225E1
1.053144878E2,-3.550520325E1,-1.251801491E1,-1.470027924E1
1.053346527E2,-3.579172897E1,-1.213894653E1,-1.509238434E1
1.053548168E2,-3.572847366E1,-1.233449554E1,-1.524893951E1
1.053749818E2,-3.544689560E1,-1.268555069E1,-1.599802399E1
1.053951468E2,-3.490129852E1,-1.348298264E1,-1.643895721E1
1.054153117E2,-3.452454376E1,-1.436862755E1,-1.641490936E1
1.054354768E2,-3.411144638E1,-1.517677116E1,-1.623079681E1
1.054556418E2,-3.380814362E1,-1.608543777E1,-1.647874451E1
1.054758068E2,-3.362290573E1,-1.671111298E1,-1.679095459E1
1.054959707E2,-3.326733017E1,-1.733891296E1,-1.649339294E1
1.055161358E2,-3.312371445E1,-1.797297668E1,-1.637060547E1
1.055363008E2,-3.302980042E1,-1.859893036E1,-1.542735291E1
1.055564658E2,-3.321808624E1,-1.874772835E1,-1.500003052E1
1.055766308E2,-3.332476044E1,-1.893066597E1,-1.483058167E1
1.055967957E2,-3.331290436E1,-1.895185661E1,-1.439767456E1
1.056169608E2,-3.325950623E1,-1.914277840E1,-1.411505890E1
1.056371248E2,-3.312100601E1,-1.940600777E1,-1.361476135E1
1.056572898E2,-3.352548981E1,-1.947242546E1,-1.342743683E1
1.056774547E2,-3.352905655E1,-1.955526543E1,-1.338849640E1
1.056976198E2,-3.337795258E1,-1.963963509E1,-1.341539001E1
1.057177848E2,-3.311089325E1,-1.975039673E1,-1.317874908E1
1.057379498E2,-3.329661560E1,-2.021211243E1,-1.295812225E1
1.057581148E2,-3.337197876E1,-2.045033264E1,-1.266798401E1
1.057782788E2,-3.317982864E1,-2.102570343E1,-1.219506836E1
1.057984438E2,-3.287152863E1,-2.188631058E1,-1.171166992E1
1.058186086E2,-3.253363800E1,-2.265288734E1,-1.134590149E1
1.058387736E2,-3.199221802E1,-2.314476204E1,-1.137593842E1
1.058589386E2,-3.165506744E1,-2.373520279E1,-1.155488586E1
1.058791036E2,-3.124505234E1,-2.411332703E1,-1.166739655E1
1.058992686E2,-3.092370605E1,-2.460572624E1,-1.172952271E1
1.059194326E2,-3.063279724E1,-2.505446434E1,-1.161708069E1
1.059395976E2,-3.051943207E1,-2.538165855E1,-1.143396759E1
1.059597626E2,-3.040738869E1,-2.565072632E1,-1.164533234E1
1.059799276E2,-3.054225540E1,-2.559216690E1,-1.156147766E1
1.060000926E2,-3.047598648E1,-2.567280197E1,-1.133830261E1
1.060202576E2,-3.054897118E1,-2.573165131E1,-1.097490692E1
1.060404216E2,-3.070926857E1,-2.577415466E1,-1.073660278E1
1.060605866E2,-3.068031311E1,-2.595594025E1,-1.063127899E1
1.060807516E2,-3.057293129E1,-2.599251556E1,-1.065038300E1
1.061009166E2,-3.063635826E1,-2.625727081E1,-1.026814270E1
1.061210816E2,-3.042337227E1,-2.635891724E1,-1.028989410E1
1.061412466E2,-3.047254372E1,-2.648343658E1,-1.040356445E1
1.061614106E2,-3.039322662E1,-2.666506195E1,-1.048091125E1
1.061815756E2,-3.023891830E1,-2.656785583E1,-1.067483521E1
1.062017406E2,-3.047083473E1,-2.653818893E1,-1.089556122E1
1.062219056E2,-3.054439354E1,-2.623102951E1,-1.126956940E1
1.062420706E2,-3.063053894E1,-2.588838196E1,-1.191365051E1
1.062622356E2,-3.061393929E1,-2.576169777E1,-1.255358887E1
1.062823996E2,-3.106892967E1,-2.525217628E1,-1.349798584E1
1.063025646E2,-3.109640503E1,-2.457044792E1,-1.436540222E1
1.063227296E2,-3.150724411E1,-2.348742676E1,-1.557354736E1
1.063428946E2,-3.237702179E1,-2.098913574E1,-1.808532715E1
1.063630596E2,-3.285149765E1,-1.884070969E1,-1.942173767E1
1.063832246E2,-3.336330795E1,-1.574792099E1,-2.141287994E1
1.064033896E2,-3.383830643E1,-1.271065521E1,-2.342741394E1
1.064235536E2,-3.377333832E1,-9.868356705E0,-2.484815216E1
1.064437186E2,-3.369447327E1,-8.065732956E0,-2.567650604E1
1.064638836E2,-3.336532593E1,-7.178337097E0,-2.604933929E1
1.064840486E2,-3.297632217E1,-6.959945679E0,-2.654520416E1
1.065042136E2,-3.244842529E1,-7.183406830E0,-2.701304626E1
1.065243786E2,-3.211801147E1,-7.528507233E0,-2.742265320E1
1.065445426E2,-3.179539490E1,-8.206655502E0,-2.776341248E1
1.065647076E2,-3.110836792E1,-9.430923462E0,-2.830538940E1
1.065848726E2,-3.072057724E1,-1.059937477E1,-2.833712006E1
1.066050376E2,-3.027783585E1,-1.215225983E1,-2.821234894E1
1.066252026E2,-3.023918915E1,-1.363909531E1,-2.770749664E1
1.066453676E2,-3.019409752E1,-1.516975784E1,-2.704785156E1
1.066655316E2,-3.007901573E1,-1.695719719E1,-2.600524139E1
1.066856966E2,-3.018674088E1,-1.862084579E1,-2.473616028E1
1.067058616E2,-3.022869301E1,-2.063378716E1,-2.276484680E1
1.067260266E2,-3.025988007E1,-2.244450760E1,-2.115052032E1
1.067461916E2,-3.028023148E1,-2.429944038E1,-1.906655121E1
1.067663566E2,-3.015911865E1,-2.584406471E1,-1.687312317E1
1.067865206E2,-2.997745514E1,-2.714105988E1,-1.499073029E1
1.068066856E2,-2.996734619E1,-2.820567894E1,-1.308272552E1
1.068268508E2,-2.980743790E1,-2.925594711E1,-1.084043121E1
1.068470158E2,-2.949358749E1,-3.031354141E1,-8.544151306E0
1.068671808E2,-2.903967094E1,-3.114946747E1,-6.889122009E0
1.068873458E2,-2.852768326E1,-3.173804092E1,-5.451942444E0
1.069075098E2,-2.807240105E1,-3.228777313E1,-4.033729553E0
1.069276748E2,-2.785776138E1,-3.275328445E1,-2.798736572E0
1.069478398E2,-2.768340492E1,-3.290050507E1,-2.273406982E0
1.069680048E2,-2.748456001E1,-3.301195526E1,-2.156471252E0
1.069881698E2,-2.749546051E1,-3.315606308E1,-2.174362183E0
1.070083338E2,-2.753827095E1,-3.302169037E1,-2.448608398E0
1.070284988E2,-2.762009239E1,-3.302576065E1,-3.072761536E0
1.070486638E2,-2.789002609E1,-3.276918793E1,-3.881820679E0
1.070688288E2,-2.816925812E1,-3.247624969E1,-4.885269165E0
1.070889938E2,-2.853574753E1,-3.206861115E1,-6.592681885E0
1.071091588E2,-2.865179062E1,-3.180095863E1,-7.826477051E0
1.071293228E2,-2.882808876E1,-3.127530479E1,-9.021781921E0
1.071494878E2,-2.908357239E1,-3.024808884E1,-1.172063446E1
1.071696528E2,-2.932070923E1,-2.917572021E1,-1.388804626E1
1.071898178E2,-2.962948990E1,-2.825704765E1,-1.579529572E1
1.072099828E2,-2.991994858E1,-2.707953644E1,-1.774182129E1
1.072301478E2,-3.005471420E1,-2.579500771E1,-1.920924377E1
1.072503118E2,-3.036409760E1,-2.425495148E1,-2.047216797E1
1.072704768E2,-3.110897636E1,-2.255235100E1,-2.147568512E1
1.072906418E2,-3.179094696E1,-2.088415146E1,-2.206073761E1
1.073108068E2,-3.237354279E1,-1.938897514E1,-2.263712311E1
1.073309718E2,-3.306663513E1,-1.818019867E1,-2.230472565E1
1.073511368E2,-3.364330292E1,-1.702621078E1,-2.238875580E1
1.073713008E2,-3.426087952E1,-1.616988373E1,-2.176478577E1
1.073914658E2,-3.500854492E1,-1.562421799E1,-2.152328491E1
1.074116308E2,-3.542150879E1,-1.541861343E1,-2.074036407E1
1.074317958E2,-3.577099609E1,-1.495593262E1,-2.034343719E1
1.074519608E2,-3.593245316E1,-1.502541351E1,-2.006008148E1
1.074721258E2,-3.645264816E1,-1.584019470E1,-1.917902374E1
1.074922898E2,-3.649020004E1,-1.681162071E1,-1.763615417E1
1.075124548E2,-3.661533356E1,-1.782509232E1,-1.694252014E1
1.075326198E2,-3.651886749E1,-1.865929031E1,-1.613218689E1
1.075527848E2,-3.606267929E1,-1.963869858E1,-1.588667297E1
1.075729498E2,-3.552088928E1,-2.085671616E1,-1.518464661E1
1.075931138E2,-3.517560196E1,-2.225573158E1,-1.439018250E1
1.076132788E2,-3.452182388E1,-2.366914177E1,-1.386186218E1
1.076334438E2,-3.384626007E1,-2.493715286E1,-1.305454254E1
1.076536088E2,-3.337915802E1,-2.573954582E1,-1.220246887E1
1.076737738E2,-3.305389023E1,-2.674816322E1,-1.124488068E1
1.076939388E2,-3.280917358E1,-2.745382690E1,-1.054476166E1
1.077141028E2,-3.263055420E1,-2.794049072E1,-1.010334015E1
1.077342678E2,-3.234962463E1,-2.820585251E1,-9.673255920E0
1.077544328E2,-3.211040878E1,-2.819214249E1,-9.384857178E0
1.077745978E2,-3.202951813E1,-2.847336197E1,-9.239494324E0
1.077947628E2,-3.208887482E1,-2.852545166E1,-9.253700256E0
1.078149272E2,-3.229718399E1,-2.828473663E1,-9.439544678E0
1.078350912E2,-3.247206497E1,-2.784709549E1,-1.006161499E1
1.078552562E2,-3.278492737E1,-2.731959152E1,-1.104415131E1
1.078754212E2,-3.290894318E1,-2.651943207E1,-1.168110657E1
1.078955862E2,-3.313845825E1,-2.610175323E1,-1.264177704E1
1.079157512E2,-3.320016098E1,-2.556984901E1,-1.351977539E1
1.079359162E2,-3.327713013E1,-2.500760841E1,-1.450497437E1
1.079560802E2,-3.375879288E1,-2.354971504E1,-1.600501251E1
1.079762452E2,-3.380202866E1,-2.242538452E1,-1.743088531E1
1.079964102E2,-3.385055923E1,-2.143446350E1,-1.883524323E1
1.080165752E2,-3.368252563E1,-2.049071121E1,-1.973699951E1
1.080367402E2,-3.374059677E1,-1.970119476E1,-2.052354431E1
1.080569052E2,-3.425856781E1,-1.870799828E1,-2.075461578E1
1.080770692E2,-3.454915619E1,-1.781832695E1,-2.041763306E1
1.080972342E2,-3.490076065E1,-1.722957420E1,-2.039588928E1
1.081173992E2,-3.471657562E1,-1.693981361E1,-2.085581207E1
1.081375642E2,-3.447369385E1,-1.682214165E1,-2.135851288E1
1.081577292E2,-3.418359375E1,-1.719606590E1,-2.156464386E1
1.081778942E2,-3.402043915E1,-1.767757225E1,-2.177592468E1
1.081980582E2,-3.382507706E1,-1.818307304E1,-2.176268005E1
1.082182232E2,-3.329802322E1,-1.889365578E1,-2.155329895E1
1.082383882E2,-3.302416992E1,-1.934358025E1,-2.157439423E1
1.082585532E2,-3.275273132E1,-2.054639626E1,-2.138632965E1
1.082787182E2,-3.255896759E1,-2.152989388E1,-2.059651947E1
1.082988822E2,-3.251350021E1,-2.261327553E1,-1.970616913E1
1.083190472E2,-3.225157928E1,-2.335488892E1,-1.882609558E1
1.083392122E2,-3.208848572E1,-2.398108292E1,-1.791964722E1
1.083593772E2,-3.218422699E1,-2.470848846E1,-1.741217804E1
1.083795422E2,-3.203394318E1,-2.523211670E1,-1.690879059E1
1.083997072E2,-3.201510620E1,-2.562969971E1,-1.598455811E1
1.084198712E2,-3.177444077E1,-2.620906830E1,-1.527291870E1
1.084400362E2,-3.170959282E1,-2.662156296E1,-1.479558563E1
1.084602012E2,-3.172894859E1,-2.700841904E1,-1.436763000E1
1.084803662E2,-3.152235031E1,-2.709260941E1,-1.388632202E1
1.085005312E2,-3.173788834E1,-2.723068428E1,-1.349015045E1
1.085206962E2,-3.180356216E1,-2.714693642E1,-1.275173950E1
1.085408602E2,-3.191543961E1,-2.704339027E1,-1.232170868E1
1.085610252E2,-3.193949127E1,-2.703992271E1,-1.201866150E1
1.085811902E2,-3.222660065E1,-2.676840019E1,-1.190698242E1
1.086013552E2,-3.253878021E1,-2.657244301E1,-1.163664246E1
1.086215202E2,-3.261219406E1,-2.647705269E1,-1.126103973E1
1.086416842E2,-3.276283264E1,-2.634684563E1,-1.104868317E1
1.086618492E2,-3.286258698E1,-2.614470100E1,-1.062310028E1
1.086820142E2,-3.300669098E1,-2.600182152E1,-1.065236664E1
1.087021792E2,-3.320057678E1,-2.566262436E1,-1.088829803E1
1.087223442E2,-3.336488724E1,-2.537089539E1,-1.077350616E1
1.087425092E2,-3.343153381E1,-2.528765869E1,-1.045191193E1
1.087626732E2,-3.388568115E1,-2.456628799E1,-1.069809723E1
1.087828382E2,-3.405009079E1,-2.377652359E1,-1.063058472E1
1.088030032E2,-3.431302643E1,-2.348095894E1,-1.084082794E1
1.088231687E2,-3.432913971E1,-2.309359932E1,-1.086637878E1
1.088433337E2,-3.449146652E1,-2.321892738E1,-1.095576477E1
1.088634987E2,-3.427003860E1,-2.320073509E1,-1.092970276E1
1.088836627E2,-3.393813324E1,-2.340556335E1,-1.106712341E1
1.089038277E2,-3.372810745E1,-2.354638290E1,-1.128815460E1
1.089239927E2,-3.354892349E1,-2.367403793E1,-1.191891479E1
1.089441577E2,-3.337051010E1,-2.386404037E1,-1.222135162E1
1.089643227E2,-3.310915756E1,-2.392090797E1,-1.252494812E1
1.089844877E2,-3.274393845E1,-2.398388863E1,-1.249520111E1
1.090046517E2,-3.276969910E1,-2.425859261E1,-1.270557404E1
1.090248167E2,-3.275101471E1,-2.428925896E1,-1.293257904E1
1.090449817E2,-3.257696915E1,-2.441077995E1,-1.303808594E1
1.090651467E2,-3.245473862E1,-2.451415062E1,-1.304743958E1
1.090853117E2,-3.244201660E1,-2.444607735E1,-1.314461517E1
1.091054757E2,-3.255763626E1,-2.429092598E1,-1.329280090E1
1.091256407E2,-3.268789291E1,-2.416555595E1,-1.343296051E1
1.091458057E2,-3.276210022E1,-2.401313591E1,-1.340568542E1
1.091659707E2,-3.287506866E1,-2.373763847E1,-1.356217957E1
1.091861357E2,-3.306969452E1,-2.349891853E1,-1.353449249E1
1.092063007E2,-3.316771698E1,-2.318963432E1,-1.348618317E1
1.092264647E2,-3.325326920E1,-2.304591942E1,-1.352622223E1
1.092466297E2,-3.331550217E1,-2.297091484E1,-1.354782104E1
1.092667947E2,-3.344185257E1,-2.255740547E1,-1.387940979E1
1.092869597E2,-3.344307327E1,-2.216701317E1,-1.388183594E1
1.093071247E2,-3.360145187E1,-2.192446327E1,-1.387602234E1
1.093272897E2,-3.386450195E1,-2.173442078E1,-1.425167084E1
1.093474537E2,-3.391426468E1,-2.149495316E1,-1.468785858E1
1.093676187E2,-3.374105072E1,-2.147808075E1,-1.466869354E1
1.093877837E2,-3.362856293E1,-2.137454987E1,-1.470186615E1
1.094079487E2,-3.352711868E1,-2.125675201E1,-1.480480194E1
1.094281137E2,-3.348020935E1,-2.121267700E1,-1.469704437E1
1.094482787E2,-3.352262878E1,-2.109002304E1,-1.518448639E1
1.094684427E2,-3.343531036E1,-2.113495636E1,-1.520195007E1
1.094886077E2,-3.322359467E1,-2.117685699E1,-1.513407898E1
1.095087727E2,-3.313813782E1,-2.129386902E1,-1.495597839E1
1.095289377E2,-3.329437637E1,-2.134815979E1,-1.491543579E1
1.095491027E2,-3.320381165E1,-2.137547684E1,-1.466120911E1
1.095692667E2,-3.294034576E1,-2.158454514E1,-1.434183502E1
1.095894317E2,-3.266913986E1,-2.198833466E1,-1.392681885E1
1.096095967E2,-3.253490829E1,-2.229980087E1,-1.369976044E1
1.096297617E2,-3.253613281E1,-2.220469284E1,-1.397590637E1
1.096499267E2,-3.221285248E1,-2.184494019E1,-1.470199585E1
1.096700917E2,-3.224700165E1,-2.136429977E1,-1.554753113E1
1.096902557E2,-3.234942245E1,-2.115953445E1,-1.573419189E1
1.097104207E2,-3.230991745E1,-2.138916779E1,-1.541107178E1
1.097305857E2,-3.224452209E1,-2.168553543E1,-1.484898376E1
1.097507507E2,-3.233677673E1,-2.186661911E1,-1.437160492E1
1.097709157E2,-3.216033936E1,-2.213324356E1,-1.366524506E1
1.097910807E2,-3.231329346E1,-2.237189865E1,-1.367413330E1
1.098112447E2,-3.225536346E1,-2.273673248E1,-1.323869324E1
1.098314092E2,-3.230904007E1,-2.299197006E1,-1.284358978E1
1.098515742E2,-3.231271362E1,-2.296340561E1,-1.224465179E1
1.098717392E2,-3.220162964E1,-2.312247849E1,-1.196288300E1
1.098919042E2,-3.206460571E1,-2.354446411E1,-1.150225830E1
1.099120692E2,-3.202701950E1,-2.397085953E1,-1.119200134E1
1.099322332E2,-3.184295845E1,-2.416844559E1,-1.070616913E1
1.099523982E2,-3.157919693E1,-2.451018906E1,-1.021340179E1
1.099725632E2,-3.163824081E1,-2.447105408E1,-9.993812561E0
1.099927282E2,-3.173683357E1,-2.430013657E1,-1.022103882E1
1.100128932E2,-3.207987213E1,-2.389496994E1,-1.011148834E1
1.100330572E2,-3.244200134E1,-2.359055328E1,-1.002415466E1
1.100532222E2,-3.283618927E1,-2.308332825E1,-9.928115845E0
1.100733872E2,-3.309828186E1,-2.245917511E1,-1.000511932E1
1.100935522E2,-3.360828400E1,-2.179249954E1,-1.032524109E1
1.101137172E2,-3.430245972E1,-2.101630211E1,-1.036308289E1
1.101338822E2,-3.474587631E1,-2.018808174E1,-1.036220551E1
1.101540462E2,-3.518133545E1,-1.942045212E1,-1.035198975E1
1.101742112E2,-3.565299988E1,-1.850693512E1,-1.058515167E1
1.101943762E2,-3.614937592E1,-1.729938698E1,-1.110925293E1
1.102145412E2,-3.653827667E1,-1.616380119E1,-1.155066681E1
1.102347062E2,-3.705326462E1,-1.517420387E1,-1.202705383E1
1.102548702E2,-3.720286179E1,-1.412605858E1,-1.276294708E1
1.102750352E2,-3.695456314E1,-1.311097717E1,-1.438459015E1
1.102952002E2,-3.662941360E1,-1.205068398E1,-1.608325958E1
1.103153652E2,-3.645870209E1,-1.168840790E1,-1.725303650E1
1.103355302E2,-3.618871307E1,-1.169449234E1,-1.749430847E1
1.103556952E2,-3.586699677E1,-1.155164719E1,-1.805682373E1
1.103758592E2,-3.584872437E1,-1.134986687E1,-1.886033630E1
1.103960242E2,-3.562169266E1,-1.118659592E1,-1.952175903E1
1.104161892E2,-3.538518906E1,-1.092697525E1,-1.994296265E1
1.104363542E2,-3.532681274E1,-1.114467239E1,-2.020509338E1
1.104565192E2,-3.524750519E1,-1.146212387E1,-2.013548279E1
1.104766842E2,-3.505799866E1,-1.173308563E1,-2.023896027E1
1.104968482E2,-3.526772308E1,-1.203994751E1,-2.022217560E1
1.105170132E2,-3.519184494E1,-1.246441269E1,-1.984732819E1
1.105371782E2,-3.508777618E1,-1.292930984E1,-1.959876251E1
1.105573432E2,-3.514733124E1,-1.374357986E1,-1.901789093E1
1.105775082E2,-3.489734650E1,-1.465652847E1,-1.826175690E1
1.105976722E2,-3.507743835E1,-1.551818848E1,-1.748905182E1
1.106178372E2,-3.503042603E1,-1.622534943E1,-1.710704803E1
1.106380022E2,-3.467977905E1,-1.641061211E1,-1.694007874E1
1.106581672E2,-3.473523331E1,-1.664875603E1,-1.751765442E1
1.106783322E2,-3.460025787E1,-1.708115959E1,-1.727557373E1
1.106984972E2,-3.453652573E1,-1.786954117E1,-1.638819885E1
1.107186612E2,-3.455570984E1,-1.822381973E1,-1.574392700E1
1.107388262E2,-3.436531067E1,-1.864111328E1,-1.563079834E1
1.107589912E2,-3.429853821E1,-1.899774551E1,-1.538121033E1
1.107791562E2,-3.425436401E1,-1.925949478E1,-1.527577209E1
1.107993212E2,-3.418148804E1,-1.977357101E1,-1.473057556E1
1.108194867E2,-3.392128754E1,-1.990440369E1,-1.432490540E1
1.108396507E2,-3.370181656E1,-2.037453461E1,-1.424057007E1
1.108598157E2,-3.368107605E1,-2.057752991E1,-1.396646881E1
1.108799807E2,-3.354697037E1,-2.077807617E1,-1.398400879E1
1.109001457E2,-3.360497284E1,-2.084096909E1,-1.407688141E1
1.109203107E2,-3.353186798E1,-2.053585815E1,-1.441154480E1
1.109404747E2,-3.350630951E1,-2.013304901E1,-1.546914673E1
1.109606397E2,-3.348100281E1,-1.910728836E1,-1.691281128E1
1.109808047E2,-3.365737534E1,-1.799441338E1,-1.777960968E1
1.110009697E2,-3.380231857E1,-1.699516869E1,-1.869504547E1
1.110211347E2,-3.384511566E1,-1.596451569E1,-1.930509949E1
1.110412997E2,-3.425443268E1,-1.425341797E1,-1.981172180E1
1.110614637E2,-3.478812790E1,-1.183462906E1,-2.100786591E1
1.110816287E2,-3.506147003E1,-8.891164780E0,-2.222153473E1
1.111017937E2,-3.535466003E1,-5.966413498E0,-2.323286438E1
1.111219587E2,-3.522260284E1,-3.249088287E0,-2.364128113E1
1.111421237E2,-3.521681213E1,-4.033393860E-1,-2.403799438E1
1.111622887E2,-3.520437622E1,2.943336487E0,-2.433897400E1
1.111824527E2,-3.516287613E1,3.879032135E0,-2.445914459E1
1.112026177E2,-3.525142288E1,3.761785507E0,-2.419918060E1
1.112227827E2,-3.552223969E1,3.446336746E0,-2.433173370E1
1.112429477E2,-3.554686356E1,2.951751709E0,-2.410625458E1
1.112631127E2,-3.583957291E1,2.556514740E0,-2.406916046E1
1.112832767E2,-3.602603149E1,1.943462372E0,-2.388339233E1
1.113034417E2,-3.649612427E1,1.200649261E0,-2.336685181E1
1.113236067E2,-3.690410233E1,-1.051025391E-1,-2.275247192E1
1.113437717E2,-3.724639511E1,-1.330917358E0,-2.257904053E1
1.113639367E2,-3.764797592E1,-2.550994873E0,-2.188116455E1
1.113841017E2,-3.811520386E1,-4.054632187E0,-2.096672821E1
1.114042657E2,-3.838357544E1,-5.372140884E0,-1.979724884E1
1.114244307E2,-3.857968140E1,-6.643091202E0,-1.928286743E1
1.114445957E2,-3.858935547E1,-7.658664703E0,-1.880467224E1
1.114647607E2,-3.893858337E1,-8.877103806E0,-1.772498322E1
1.114849257E2,-3.893160248E1,-9.807895660E0,-1.651853943E1
1.115050897E2,-3.922930145E1,-1.082136154E1,-1.542528534E1
1.115252547E2,-3.955326080E1,-1.182359123E1,-1.449504852E1
1.115454197E2,-3.963423920E1,-1.254447746E1,-1.338659668E1
1.115655847E2,-3.962830353E1,-1.299524498E1,-1.276053619E1
1.115857497E2,-3.928041840E1,-1.361252785E1,-1.241548157E1
1.116059147E2,-3.918309402E1,-1.383813667E1,-1.196681976E1
1.116260787E2,-3.954956818E1,-1.405543327E1,-1.133982086E1
1.116462437E2,-3.953065872E1,-1.406842232E1,-1.121942902E1
1.116664087E2,-3.975241852E1,-1.384174156E1,-1.124913788E1
1.116865737E2,-3.984877777E1,-1.319511604E1,-1.131663513E1
1.117067387E2,-3.989901733E1,-1.302930641E1,-1.148148346E1
1.117269037E2,-4.009205246E1,-1.262482643E1,-1.160923004E1
1.117470677E2,-4.001615906E1,-1.247632408E1,-1.167540741E1
1.117672327E2,-4.011259460E1,-1.227351952E1,-1.234542847E1
1.117873977E2,-4.014208603E1,-1.211796379E1,-1.235054016E1
1.118075627E2,-3.985007477E1,-1.206265831E1,-1.248187256E1
1.118277276E2,-3.968470001E1,-1.210794258E1,-1.289125061E1
1.118478916E2,-3.956756592E1,-1.211836052E1,-1.309865570E1
1.118680566E2,-3.949040604E1,-1.214197731E1,-1.354924774E1
1.118882216E2,-3.959453583E1,-1.192659569E1,-1.392308044E1
1.119083866E2,-3.948904037E1,-1.190230942E1,-1.394748688E1
1.119285516E2,-3.958788300E1,-1.151929474E1,-1.443778229E1
1.119487156E2,-3.957942200E1,-1.127333641E1,-1.503218079E1
1.119688806E2,-3.933063507E1,-1.050072098E1,-1.495030212E1
1.119890456E2,-3.949493408E1,-1.023979187E1,-1.457454681E1
1.120092106E2,-3.963403320E1,-9.422443390E0,-1.414253998E1
1.120293756E2,-3.987936020E1,-8.287467957E0,-1.452101898E1
1.120495406E2,-3.983428955E1,-6.800935745E0,-1.455755615E1
1.120697046E2,-4.005447388E1,-5.281299591E0,-1.474858093E1
1.120898696E2,-4.028753662E1,-4.050096512E0,-1.444536591E1
1.121100346E2,-4.063216782E1,-2.974378586E0,-1.356187439E1
1.121301996E2,-4.061124420E1,-2.080894470E0,-1.280561829E1
1.121503646E2,-4.048778152E1,-1.296600342E0,-1.321298218E1
1.121705286E2,-3.989060974E1,-1.135463715E-1,-1.382609558E1
1.121906936E2,-3.978775787E1,1.371980667E0,-1.500955200E1
1.122108586E2,-3.952471161E1,2.889198303E0,-1.588977814E1
1.122310236E2,-3.943997955E1,4.236457825E0,-1.631053162E1
1.122511886E2,-3.940312195E1,5.749968529E0,-1.584561920E1
1.122713536E2,-3.944660568E1,7.544905663E0,-1.550921631E1
1.122915176E2,-3.961232758E1,9.223785400E0,-1.531587982E1
1.123116826E2,-3.956676102E1,1.034288311E1,-1.518052673E1
1.123318476E2,-3.959085846E1,1.132281113E1,-1.528726196E1
1.123520126E2,-3.940348053E1,1.226522064E1,-1.486831665E1
1.123721776E2,-3.952567291E1,1.344927216E1,-1.445375061E1
1.123923426E2,-3.964712143E1,1.427210522E1,-1.423598480E1
1.124125066E2,-3.968828201E1,1.485769844E1,-1.380226898E1
1.124326716E2,-3.968271637E1,1.530222416E1,-1.335718536E1
1.124528366E2,-3.956751251E1,1.560482407E1,-1.294579315E1
1.124730016E2,-3.935466003E1,1.548865891E1,-1.246569824E1
1.124931666E2,-3.948959351E1,1.557815933E1,-1.219185638E1
1.125133306E2,-3.948980713E1,1.526851654E1,-1.186011505E1
1.125334956E2,-3.930903625E1,1.495738983E1,-1.164589691E1
1.125536606E2,-3.919989777E1,1.463379478E1,-1.136162567E1
1.125738256E2,-3.880058289E1,1.440024376E1,-1.159386444E1
1.125939906E2,-3.829827881E1,1.361254692E1,-1.219627380E1
1.126141546E2,-3.793362045E1,1.266139889E1,-1.306279755E1
1.126343196E2,-3.778549957E1,1.163072109E1,-1.344570923E1
1.126544846E2,-3.767459106E1,1.060873795E1,-1.404287720E1
1.126746496E2,-3.732975769E1,9.722051620E0,-1.454463959E1
1.126948146E2,-3.691966248E1,9.103989601E0,-1.507224274E1
1.127149796E2,-3.672430801E1,8.553796768E0,-1.567759705E1
1.127351436E2,-3.643056107E1,7.880498886E0,-1.613587952E1
1.127553086E2,-3.603543091E1,7.099422455E0,-1.694458771E1
1.127754736E2,-3.540574646E1,5.924903870E0,-1.770565796E1
1.127956386E2,-3.498021698E1,5.414965630E0,-1.826020813E1
1.128158038E2,-3.455931473E1,5.274137497E0,-1.882913208E1
1.128359678E2,-3.398091888E1,5.114427567E0,-1.942199707E1
1.128561328E2,-3.352743530E1,5.229536057E0,-1.998980713E1
1.128762978E2,-3.317658997E1,5.365281105E0,-2.027926636E1
1.128964628E2,-3.264082336E1,5.675848961E0,-2.048626709E1
1.129166278E2,-3.202861786E1,6.042205811E0,-2.068373108E1
1.129367928E2,-3.157340622E1,6.763348579E0,-2.115157318E1
1.129569568E2,-3.105706787E1,7.150626183E0,-2.155905914E1
1.129771218E2,-3.060718536E1,7.975163460E0,-2.160966492E1
1.129972868E2,-3.017358589E1,8.847448349E0,-2.153181458E1
1.130174518E2,-2.950787354E1,1.014141369E1,-2.159893799E1
1.130376168E2,-2.882220268E1,1.141082859E1,-2.156916809E1
1.130577808E2,-2.818919373E1,1.270467663E1,-2.122978973E1
1.130779458E2,-2.724242783E1,1.385150909E1,-2.094016266E1
1.130981108E2,-2.650860977E1,1.518455791E1,-2.060047150E1
1.131182758E2,-2.573296356E1,1.667027664E1,-2.014380646E1
1.131384408E2,-2.477789497E1,1.837887383E1,-1.982472992E1
1.131586048E2,-2.360283470E1,1.966796112E1,-1.898200989E1
1.131787698E2,-2.276223564E1,2.044357872E1,-1.869934082E1
1.131989348E2,-2.224076271E1,2.103971672E1,-1.854519653E1
1.132190998E2,-2.145635223E1,2.135395432E1,-1.875750732E1
1.132392648E2,-2.094173431E1,2.168662834E1,-1.885562134E1
1.132594298E2,-2.065307236E1,2.165570641E1,-1.923979950E1
1.132795938E2,-2.051863861E1,2.155983353E1,-1.952282715E1
1.132997588E2,-2.046223450E1,2.125010109E1,-2.024632263E1
1.133199238E2,-2.021640396E1,2.098052216E1,-2.077183533E1
1.133400888E2,-1.994123077E1,2.075816727E1,-2.142096710E1
1.133602538E2,-1.941598320E1,2.043055916E1,-2.213957214E1
1.133804178E2,-1.876499176E1,2.040832138E1,-2.326295471E1
1.134005828E2,-1.796905327E1,2.057685852E1,-2.366690063E1
1.134207478E2,-1.738164330E1,2.089738083E1,-2.413047791E1
1.134409128E2,-1.662031364E1,2.146264458E1,-2.441396332E1
1.134610778E2,-1.583176327E1,2.197944069E1,-2.440368652E1
1.134812428E2,-1.515591812E1,2.256861115E1,-2.414225006E1
1.135014068E2,-1.438020134E1,2.325558662E1,-2.413158417E1
1.135215718E2,-1.338474369E1,2.386883545E1,-2.367036438E1
1.135417368E2,-1.249459553E1,2.484920311E1,-2.294673157E1
1.135619018E2,-1.152883244E1,2.562906265E1,-2.202774048E1
1.135820668E2,-1.023513317E1,2.695169067E1,-2.070871735E1
1.136022308E2,-9.371586800E0,2.788209915E1,-1.997003174E1
1.136223958E2,-8.758456230E0,2.844208908E1,-1.893141174E1
1.136425608E2,-8.005691528E0,2.896479416E1,-1.837039948E1
1.136627258E2,-6.820434093E0,2.941165161E1,-1.756644440E1
1.136828908E2,-5.679519176E0,2.976844597E1,-1.709857178E1
1.137030548E2,-4.500605106E0,3.010289955E1,-1.674888611E1
1.137232198E2,-3.883669853E0,3.003892708E1,-1.687550354E1
1.137433848E2,-3.320108414E0,2.980006790E1,-1.747261047E1
1.137635498E2,-3.018953323E0,2.941277695E1,-1.815509033E1
1.137837148E2,-2.556075096E0,2.905024719E1,-1.869728851E1
1.138038798E2,-2.239769936E0,2.849082756E1,-1.952426910E1
1.138240440E2,-1.780728340E0,2.789094925E1,-2.048386383E1
1.138442090E2,-1.377180099E0,2.736761856E1,-2.143010712E1
1.138643740E2,-1.059019089E0,2.700405502E1,-2.191275787E1
1.138845390E2,-7.999935150E-1,2.653114700E1,-2.294875336E1
1.139047040E2,-5.916824341E-1,2.574284744E1,-2.374618530E1
1.139248680E2,-4.989194870E-1,2.507311821E1,-2.482270813E1
1.139450330E2,-2.577190399E-1,2.440718079E1,-2.559612274E1
1.139651980E2,-2.630615234E-2,2.356974411E1,-2.624047089E1
1.139853630E2,3.334007263E-1,2.301468277E1,-2.654125214E1
1.140055280E2,9.369163513E-1,2.253014565E1,-2.723064423E1
1.140256920E2,1.317531586E0,2.200845718E1,-2.757382202E1
1.140458570E2,1.710693359E0,2.153013992E1,-2.790466309E1
1.140660220E2,2.165450096E0,2.145754051E1,-2.827151489E1
1.140861870E2,2.644792557E0,2.139594650E1,-2.845622253E1
1.141063520E2,3.212230682E0,2.126746559E1,-2.835794830E1
1.141265160E2,3.788438797E0,2.108216667E1,-2.818738556E1
1.141466810E2,4.437579155E0,2.139914513E1,-2.803371429E1
1.141668460E2,5.194739342E0,2.144344330E1,-2.777823639E1
1.141870110E2,5.836539268E0,2.148490906E1,-2.770281219E1
1.142071760E2,6.481945992E0,2.174720764E1,-2.758077240E1
1.142273410E2,7.299599648E0,2.167889595E1,-2.715607452E1
1.142475050E2,7.687155724E0,2.200814438E1,-2.690592194E1
1.142676700E2,8.397658348E0,2.225595856E1,-2.644240570E1
1.142878350E2,9.335392952E0,2.284311295E1,-2.541935730E1
1.143080000E2,1.014581299E1,2.321130562E1,-2.475402069E1
1.143281650E2,1.041225815E1,2.338498306E1,-2.425098419E1
1.143483290E2,1.026788139E1,2.340245247E1,-2.455371857E1
1.143684940E2,1.057477474E1,2.356417274E1,-2.426819611E1
1.143886590E2,1.133006573E1,2.393466568E1,-2.376207733E1
1.144088240E2,1.201011944E1,2.406631088E1,-2.306675720E1
1.144289890E2,1.236186504E1,2.417963982E1,-2.288050842E1
1.144491530E2,1.276753139E1,2.437155533E1,-2.239734650E1
1.144693180E2,1.323030758E1,2.438138390E1,-2.195446014E1
1.144894830E2,1.364227676E1,2.439451981E1,-2.174203491E1
1.145096480E2,1.422243118E1,2.428602219E1,-2.139347839E1
1.145298130E2,1.472983742E1,2.418348694E1,-2.095055389E1
1.145499780E2,1.534302330E1,2.429225349E1,-2.064878082E1
1.145701420E2,1.595705986E1,2.422240829E1,-1.979496002E1
1.145903070E2,1.641908264E1,2.433022881E1,-1.963777924E1
1.146104720E2,1.695993042E1,2.427162552E1,-1.904637146E1
1.146306370E2,1.737358475E1,2.412155342E1,-1.841191101E1
1.146508020E2,1.758735657E1,2.437286186E1,-1.777246094E1
1.146709660E2,1.783732605E1,2.434733963E1,-1.767561340E1
1.146911310E2,1.787324905E1,2.434711456E1,-1.704978943E1
1.147112960E2,1.791870499E1,2.457696533E1,-1.678520203E1
1.147314610E2,1.794993973E1,2.470273590E1,-1.671549988E1
1.147516260E2,1.767313004E1,2.488538742E1,-1.659249878E1
1.147717900E2,1.740834427E1,2.519259644E1,-1.677363586E1
1.147919550E2,1.701960945E1,2.522813225E1,-1.724574280E1
1.148121200E2,1.656818199E1,2.530035591E1,-1.756030273E1
1.148322847E2,1.603089905E1,2.559528351E1,-1.793363953E1
1.148524497E2,1.539931202E1,2.568485451E1,-1.862831116E1
1.148726137E2,1.477133465E1,2.573907471E1,-1.933945465E1
1.148927787E2,1.373924541E1,2.556482697E1,-2.032738495E1
1.149129437E2,1.302795887E1,2.515644836E1,-2.147583771E1
1.149331087E2,1.216198063E1,2.468169785E1,-2.263734436E1
1.149532737E2,1.152513504E1,2.421816635E1,-2.353190613E1
1.149734387E2,1.112868977E1,2.375561905E1,-2.447193909E1
1.149936027E2,1.117136860E1,2.323109627E1,-2.500013733E1
1.150137677E2,1.165948963E1,2.255542946E1,-2.597746277E1
1.150339327E2,1.191918850E1,2.166303444E1,-2.670738220E1
1.150540977E2,1.154000664E1,2.092814255E1,-2.766631317E1
1.150742627E2,1.106048012E1,2.043511009E1,-2.843161774E1
1.150944267E2,1.059550571E1,1.988825989E1,-2.891790771E1
1.151145917E2,1.019880390E1,1.934737587E1,-2.989160156E1
1.151347567E2,9.885844231E0,1.854502487E1,-3.031331635E1
1.151549217E2,9.339924812E0,1.793349075E1,-3.088129425E1
1.151750867E2,8.955043793E0,1.723157883E1,-3.132768250E1
1.151952507E2,8.621959686E0,1.630410576E1,-3.193009949E1
1.152154157E2,8.794611931E0,1.590064716E1,-3.212619019E1
1.152355807E2,9.187872887E0,1.565637589E1,-3.203674316E1
1.152557457E2,9.648993492E0,1.528729820E1,-3.216069031E1
1.152759107E2,1.030776501E1,1.512704182E1,-3.177162170E1
1.152960747E2,1.082043743E1,1.520070648E1,-3.189639282E1
1.153162397E2,1.126296139E1,1.526994705E1,-3.163414001E1
1.153364047E2,1.191753864E1,1.543376923E1,-3.159574890E1
1.153565697E2,1.256133938E1,1.557916260E1,-3.124380493E1
1.153767347E2,1.332774067E1,1.579402924E1,-3.070983124E1
1.153968987E2,1.401212597E1,1.624329758E1,-3.045832062E1
1.154170637E2,1.458531380E1,1.662533760E1,-2.978488922E1
1.154372287E2,1.526050186E1,1.706029892E1,-2.927210236E1
1.154573937E2,1.593733501E1,1.779800797E1,-2.802157593E1
1.154775587E2,1.719341660E1,1.862279510E1,-2.688479614E1
1.154977237E2,1.867324638E1,1.951542473E1,-2.522945404E1
1.155178877E2,2.007163239E1,2.027824020E1,-2.303502655E1
1.155380527E2,2.087182236E1,2.121115494E1,-2.168129730E1
1.155582177E2,2.115005112E1,2.188414955E1,-2.044055939E1
1.155783827E2,2.156613541E1,2.236011505E1,-1.943065643E1
1.155985477E2,2.177847672E1,2.246902466E1,-1.875365448E1
1.156187117E2,2.198003006E1,2.254481697E1,-1.813698578E1
1.156388767E2,2.221485138E1,2.294417572E1,-1.787638092E1
1.156590417E2,2.234822464E1,2.296056366E1,-1.719664001E1
1.156792067E2,2.244608307E1,2.313495827E1,-1.679762268E1
1.156993717E2,2.217587280E1,2.312717819E1,-1.699493408E1
1.157195357E2,2.202845383E1,2.303780556E1,-1.725756836E1
1.157397007E2,2.174161911E1,2.342163086E1,-1.751782227E1
1.157598657E2,2.173762894E1,2.339337540E1,-1.761914825E1
1.157800307E2,2.141031647E1,2.343730354E1,-1.807338715E1
1.158001957E2,2.075231934E1,2.339148712E1,-1.890103149E1
1.158203598E2,2.006830215E1,2.353224754E1,-1.974041748E1
1.158405248E2,1.948395538E1,2.343475723E1,-2.092161560E1
1.158606898E2,1.898777771E1,2.311790657E1,-2.213318634E1
1.158808548E2,1.818555832E1,2.271261215E1,-2.325689697E1
1.159010198E2,1.749290848E1,2.241835594E1,-2.453305817E1
1.159211838E2,1.686157990E1,2.195014954E1,-2.571436310E1
1.159413488E2,1.627734756E1,2.143051720E1,-2.663558960E1
1.159615138E2,1.629145432E1,2.097081566E1,-2.702766418E1
1.159816788E2,1.671934128E1,2.049542809E1,-2.693632507E1
1.160018438E2,1.737112808E1,1.943640327E1,-2.814340210E1
1.160220078E2,1.692993927E1,1.870541191E1,-2.910720825E1
1.160421728E2,1.660500717E1,1.839152145E1,-2.973661804E1
1.160623378E2,1.623088264E1,1.809119987E1,-3.027529144E1
1.160825028E2,1.590233803E1,1.802985382E1,-3.046446991E1
1.161026678E2,1.580747604E1,1.824254990E1,-3.033477783E1
1.161228318E2,1.548019409E1,1.807127953E1,-3.065177917E1
1.161429968E2,1.515295219E1,1.826272202E1,-3.100891113E1
1.161631618E2,1.482211685E1,1.836724854E1,-3.123726654E1
1.161833268E2,1.463564873E1,1.857950974E1,-3.107207489E1
1.162034918E2,1.463418770E1,1.884048080E1,-3.109894562E1
1.162236558E2,1.472375488E1,1.920057106E1,-3.083748627E1
1.162438208E2,1.533913136E1,1.916476440E1,-3.068552399E1
1.162639858E2,1.590916729E1,1.916289330E1,-3.043404388E1
1.162841508E2,1.655961990E1,1.945936966E1,-3.006233215E1
1.163043158E2,1.722892761E1,1.955316353E1,-2.956318665E1
1.163244808E2,1.764897346E1,1.970984459E1,-2.897449493E1
1.163446448E2,1.864927101E1,1.987559891E1,-2.833547211E1
1.163648098E2,1.957170296E1,1.981349945E1,-2.766275024E1
1.163849748E2,2.012551880E1,1.959611893E1,-2.702767944E1
1.164051398E2,2.071284676E1,1.943143654E1,-2.687100220E1
1.164253048E2,2.122482872E1,1.949670792E1,-2.644657898E1
1.164454688E2,2.172300339E1,1.942918015E1,-2.579252625E1
1.164656338E2,2.257336044E1,1.959983635E1,-2.473052216E1
1.164857988E2,2.327112579E1,1.983760452E1,-2.353186798E1
1.165059638E2,2.386289978E1,2.020952606E1,-2.291725922E1
1.165261288E2,2.430899429E1,2.074477196E1,-2.206448364E1
1.165462928E2,2.454571152E1,2.132072258E1,-2.110859680E1
1.165664578E2,2.486290359E1,2.208657074E1,-1.984774780E1
1.165866228E2,2.540291977E1,2.252064705E1,-1.917417145E1
1.166067878E2,2.564341736E1,2.261412811E1,-1.858153534E1
1.166269528E2,2.532827759E1,2.303730965E1,-1.873177338E1
1.166471168E2,2.470142746E1,2.339573669E1,-1.899988556E1
1.166672818E2,2.452268982E1,2.379695320E1,-1.884372711E1
1.166874468E2,2.450300598E1,2.420671272E1,-1.914429474E1
1.167076118E2,2.445359802E1,2.427526474E1,-1.893070221E1
1.167277768E2,2.434049225E1,2.433258820E1,-1.926776123E1
1.167479408E2,2.414597321E1,2.444207382E1,-1.976382446E1
1.167681058E2,2.407064438E1,2.446450806E1,-2.005798340E1
1.167882708E2,2.396080399E1,2.428003883E1,-2.053559113E1
1.168084358E2,2.377471542E1,2.399330330E1,-2.189165497E1
1.168286000E2,2.319315338E1,2.369119453E1,-2.312567139E1
1.168487640E2,2.295495605E1,2.298731422E1,-2.464112854E1
1.168689290E2,2.235420990E1,2.254953575E1,-2.588426971E1
1.168890940E2,2.195001602E1,2.153906250E1,-2.739710999E1
1.169092590E2,2.184963226E1,2.049101639E1,-2.860864258E1
1.169294240E2,2.153348541E1,1.920632172E1,-2.980850220E1
1.169495880E2,2.111376572E1,1.813249207E1,-3.105251312E1
1.169697530E2,2.100567055E1,1.715110016E1,-3.167417145E1
1.169899180E2,2.112664413E1,1.647941017E1,-3.208557892E1
1.170100830E2,2.174962234E1,1.574069977E1,-3.209044647E1
1.170302480E2,2.182515144E1,1.549533176E1,-3.233858490E1
1.170504120E2,2.152811623E1,1.573868179E1,-3.283994293E1
1.170705770E2,2.128592873E1,1.588518333E1,-3.284677887E1
1.170907420E2,2.123246574E1,1.658128357E1,-3.245911407E1
1.171109070E2,2.136758995E1,1.735644150E1,-3.226013947E1
1.171310720E2,2.134700203E1,1.800540733E1,-3.161547089E1
1.171512360E2,2.152149582E1,1.866563606E1,-3.133518982E1
1.171714010E2,2.159462357E1,1.944402504E1,-3.116239929E1
1.171915660E2,2.160666275E1,2.018036270E1,-3.046949005E1
1.172117310E2,2.174893570E1,2.076151657E1,-2.987973785E1
1.172318960E2,2.194141006E1,2.132923698E1,-2.977240753E1
1.172520600E2,2.232532120E1,2.166819763E1,-2.908649445E1
1.172722250E2,2.272190857E1,2.209679985E1,-2.845955658E1
1.172923900E2,2.350761795E1,2.236796188E1,-2.757652283E1
1.173125550E2,2.421302414E1,2.242260742E1,-2.697146606E1
1.173327200E2,2.520722389E1,2.261142159E1,-2.608977509E1
1.173528840E2,2.613227272E1,2.237191391E1,-2.546421051E1
1.173730490E2,2.677477646E1,2.233365822E1,-2.486547089E1
1.173932140E2,2.728294373E1,2.178090096E1,-2.486988068E1
1.174133790E2,2.801134109E1,2.142838097E1,-2.449707031E1
1.174335440E2,2.850586319E1,2.130265808E1,-2.406759644E1
1.174537080E2,2.919541550E1,2.136513138E1,-2.371931458E1
1.174738730E2,2.975734711E1,2.139416504E1,-2.270042419E1
1.174940380E2,3.013895988E1,2.148914337E1,-2.234668732E1
1.175142030E2,3.013492203E1,2.183926773E1,-2.194084167E1
1.175343680E2,3.030748749E1,2.242356682E1,-2.161416626E1
1.175545320E2,3.044939423E1,2.262113762E1,-2.131057739E1
1.175746970E2,3.057808495E1,2.319906998E1,-2.083872986E1
1.175948620E2,3.042532921E1,2.348027611E1,-2.070191956E1
1.176150270E2,3.024024391E1,2.338537788E1,-2.147810364E1
1.176351920E2,3.014880180E1,2.338900375E1,-2.181301880E1
1.176553560E2,2.996676826E1,2.348357964E1,-2.201695251E1
1.176755210E2,2.997306633E1,2.345419693E1,-2.244360352E1
1.176956860E2,2.947418976E1,2.321713638E1,-2.314584351E1
1.177158510E2,2.940612030E1,2.289901352E1,-2.400366211E1
1.177360160E2,2.910383224E1,2.280106735E1,-2.475568390E1
1.177561800E2,2.860828781E1,2.231702614E1,-2.586821747E1
1.177763450E2,2.829676437E1,2.173262405E1,-2.702088165E1
1.177965100E2,2.790494156E1,2.103906441E1,-2.791082001E1
1.178166750E2,2.779922104E1,2.014392853E1,-2.950708771E1
1.178368410E2,2.735410690E1,1.908067322E1,-3.086270142E1
1.178570050E2,2.704145050E1,1.806728363E1,-3.177368164E1
1.178771700E2,2.660267448E1,1.692966652E1,-3.260630035E1
1.178973350E2,2.670435524E1,1.625477791E1,-3.273288727E1
1.179175000E2,2.715396690E1,1.605494308E1,-3.258856964E1
1.179376650E2,2.768586349E1,1.566519356E1,-3.242378235E1
1.179578290E2,2.781443405E1,1.563534069E1,-3.251391602E1
1.179779940E2,2.748372269E1,1.575547504E1,-3.257551575E1
1.179981590E2,2.745465469E1,1.635440063E1,-3.239833069E1
1.180183240E2,2.773401642E1,1.740455627E1,-3.182224274E1
1.180384890E2,2.772144699E1,1.820562363E1,-3.122308350E1
1.180586530E2,2.786194229E1,1.928355408E1,-3.041654968E1
1.180788180E2,2.794848251E1,2.025660896E1,-2.998503113E1
1.180989830E2,2.787937927E1,2.129951859E1,-2.945095062E1
1.181191480E2,2.809675980E1,2.244981575E1,-2.830797577E1
1.181393130E2,2.851082611E1,2.332579994E1,-2.700145721E1
1.181594770E2,2.913459587E1,2.394006348E1,-2.592016602E1
1.181796420E2,2.940973091E1,2.461944962E1,-2.506024170E1
1.181998070E2,2.968480682E1,2.516929626E1,-2.437532806E1
1.182199720E2,3.038933945E1,2.536515999E1,-2.345331573E1
1.182401370E2,3.083244705E1,2.531807709E1,-2.290740967E1
1.182603010E2,3.149765396E1,2.514890862E1,-2.277870178E1
1.182804660E2,3.218860245E1,2.456539917E1,-2.251498413E1
1.183006310E2,3.264789200E1,2.383543015E1,-2.201567078E1
1.183207960E2,3.324731445E1,2.308114052E1,-2.217755890E1
1.183409610E2,3.378752518E1,2.222970390E1,-2.222852325E1
1.183611250E2,3.461438751E1,2.177072144E1,-2.194494629E1
1.183812900E2,3.539680481E1,2.091533661E1,-2.154713440E1
1.184014550E2,3.637223816E1,2.008339500E1,-2.067035675E1
1.184216200E2,3.673826981E1,2.000588608E1,-2.021938324E1
1.184417840E2,3.699352264E1,2.040948677E1,-1.922814178E1
1.184619490E2,3.713594055E1,2.071051407E1,-1.867463684E1
1.184821140E2,3.724819183E1,2.127049065E1,-1.823889160E1
1.185022790E2,3.717506409E1,2.165962601E1,-1.813737488E1
1.185224440E2,3.711266708E1,2.223300934E1,-1.810963440E1
1.185426080E2,3.710100555E1,2.235931015E1,-1.780281067E1
1.185627730E2,3.704285431E1,2.272366714E1,-1.762071228E1
1.185829380E2,3.706074142E1,2.262450409E1,-1.784513855E1
1.186031030E2,3.713003159E1,2.258852196E1,-1.822418213E1
1.186232680E2,3.691012192E1,2.267380333E1,-1.865087891E1
1.186434320E2,3.650428009E1,2.281319237E1,-1.926651764E1
1.186635970E2,3.617006683E1,2.287172508E1,-2.001531219E1
1.186837620E2,3.581711197E1,2.287459564E1,-2.079946136E1
1.187039270E2,3.533569717E1,2.309161377E1,-2.141512299E1
1.187240920E2,3.480400085E1,2.312350464E1,-2.274630737E1
1.187442560E2,3.433033371E1,2.298769188E1,-2.369341278E1
1.187644210E2,3.396440887E1,2.274051476E1,-2.480539703E1
1.187845860E2,3.373056412E1,2.212905884E1,-2.567630768E1
1.188047510E2,3.339915848E1,2.165135384E1,-2.682041931E1
1.188249159E2,3.298556137E1,2.087761497E1,-2.823280334E1
1.188450799E2,3.259555435E1,2.045268440E1,-2.913442993E1
1.188652449E2,3.242824554E1,1.976470947E1,-2.938519287E1
1.188854099E2,3.274262619E1,1.934675598E1,-2.988415527E1
1.189055749E2,3.333431625E1,1.879002380E1,-2.969964600E1
1.189257399E2,3.330415726E1,1.860851479E1,-2.974816895E1
1.189459039E2,3.319076157E1,1.855436897E1,-2.996107483E1
1.189660689E2,3.300770569E1,1.892615509E1,-2.985559082E1
1.189862339E2,3.325844955E1,1.941532707E1,-2.939704895E1
1.190063989E2,3.352104187E1,1.986333084E1,-2.896966553E1
1.190265629E2,3.371489716E1,2.023357773E1,-2.840789795E1
1.190467279E2,3.356717300E1,2.093938446E1,-2.808779907E1
1.190668929E2,3.380919266E1,2.203348923E1,-2.714854431E1
1.190870579E2,3.423142242E1,2.285257149E1,-2.596456146E1
1.191072229E2,3.478410721E1,2.345110512E1,-2.453239441E1
1.191273869E2,3.538148880E1,2.382126617E1,-2.329690552E1
1.191475519E2,3.554982376E1,2.412333298E1,-2.273498535E1
1.191677169E2,3.588951111E1,2.423628235E1,-2.209277344E1
1.191878819E2,3.633040619E1,2.445686150E1,-2.153460693E1
1.192080469E2,3.711352921E1,2.394623375E1,-2.089125061E1
1.192282109E2,3.755731201E1,2.342649078E1,-2.085089111E1
1.192483759E2,3.827153778E1,2.266959953E1,-2.051472473E1
1.192685409E2,3.890494919E1,2.154850388E1,-2.038420105E1
1.192887059E2,3.954238892E1,2.029284668E1,-2.038821411E1
1.193088709E2,3.995093536E1,1.930485153E1,-2.071632385E1
1.193290349E2,4.030310822E1,1.829781723E1,-2.102561188E1
1.193491999E2,4.050641632E1,1.759204674E1,-2.168030548E1
1.193693649E2,4.068518829E1,1.664333725E1,-2.192115784E1
1.193895299E2,4.072870255E1,1.634771347E1,-2.207130432E1
1.194096949E2,4.119812775E1,1.615501022E1,-2.166101074E1
1.194298589E2,4.132563019E1,1.597182083E1,-2.160313416E1
1.194500239E2,4.108355713E1,1.633023834E1,-2.214654541E1
1.194701889E2,4.036162567E1,1.677320290E1,-2.305592346E1
1.194903539E2,3.985989380E1,1.723893166E1,-2.403684998E1
1.195105189E2,3.944972992E1,1.725132751E1,-2.478641510E1
1.195306829E2,3.913965607E1,1.718083572E1,-2.537773132E1
1.195508479E2,3.900331116E1,1.677990532E1,-2.586567688E1
1.195710129E2,3.891670609E1,1.618173981E1,-2.646286774E1
1.195911779E2,3.877920532E1,1.557016182E1,-2.710908508E1
1.196113429E2,3.848941040E1,1.458703804E1,-2.771918488E1
1.196315069E2,3.816257477E1,1.404061985E1,-2.842939758E1
1.196516719E2,3.749800110E1,1.371671867E1,-2.959673309E1
1.196718369E2,3.680260849E1,1.309134674E1,-3.071315765E1
1.196920019E2,3.623350143E1,1.268493938E1,-3.164253235E1
1.197121659E2,3.559750748E1,1.200168610E1,-3.260797882E1
1.197323309E2,3.544006729E1,1.151673031E1,-3.291644287E1
1.197524959E2,3.522351456E1,1.094302940E1,-3.351727295E1
1.197726609E2,3.509152985E1,1.054472446E1,-3.402424622E1
1.197928259E2,3.495265961E1,1.009814453E1,-3.407704163E1
1.198129899E2,3.477743530E1,9.726951599E0,-3.470484924E1
1.198331548E2,3.493563080E1,9.716608047E0,-3.445182800E1
1.198533198E2,3.546358490E1,1.004505634E1,-3.404806519E1
1.198734848E2,3.600184631E1,1.074754715E1,-3.305967712E1
1.198936498E2,3.666830826E1,1.211630917E1,-3.216310120E1
1.199138138E2,3.738503265E1,1.331597519E1,-3.111392212E1
1.199339788E2,3.773170853E1,1.484062862E1,-2.998777771E1
1.199541438E2,3.827754974E1,1.628190994E1,-2.855088806E1
1.199743088E2,3.917739105E1,1.765015221E1,-2.669846344E1
1.199944738E2,4.047170639E1,1.896146965E1,-2.389008331E1
1.200146378E2,4.130986023E1,1.975835609E1,-2.205804443E1
1.200348028E2,4.160165787E1,2.062435532E1,-1.997577667E1
1.200549678E2,4.213920593E1,2.132568932E1,-1.837567902E1
1.200751328E2,4.232642365E1,2.216219902E1,-1.681911469E1
1.200952978E2,4.227361298E1,2.286320114E1,-1.620576477E1
1.201154618E2,4.239213562E1,2.306648445E1,-1.533198547E1
1.201356268E2,4.248980713E1,2.279627609E1,-1.532662964E1
1.201557918E2,4.277798462E1,2.246589088E1,-1.565977478E1
1.201759568E2,4.276300049E1,2.206175423E1,-1.618154907E1
1.201961208E2,4.291065979E1,2.135672760E1,-1.669535828E1
1.202162858E2,4.304830933E1,2.065223312E1,-1.710737610E1
1.202364508E2,4.345709229E1,1.984890747E1,-1.737622070E1
1.202566158E2,4.363671494E1,1.913655853E1,-1.782629395E1
1.202767808E2,4.376149368E1,1.836865807E1,-1.845153809E1
1.202969448E2,4.365005493E1,1.754364014E1,-1.913012695E1
1.203171098E2,4.381290054E1,1.686002159E1,-1.968715668E1
1.203372748E2,4.389986420E1,1.609980392E1,-1.992504120E1
1.203574398E2,4.405097198E1,1.509707642E1,-2.033028412E1
1.203776048E2,4.400032043E1,1.420366478E1,-2.090621185E1
1.203977688E2,4.383239746E1,1.325127506E1,-2.181591797E1
1.204179338E2,4.340576172E1,1.237509251E1,-2.276486206E1
1.204380988E2,4.307631302E1,1.211072254E1,-2.367839813E1
1.204582638E2,4.253781891E1,1.163511753E1,-2.464910126E1
1.204784288E2,4.201685333E1,1.102538490E1,-2.568573761E1
1.204985928E2,4.113959503E1,1.063062954E1,-2.682815552E1
1.205187578E2,4.042351151E1,1.019594097E1,-2.786354828E1
1.205389228E2,3.963161469E1,9.765607834E0,-2.891117096E1
1.205590878E2,3.922946548E1,8.894497871E0,-2.941371155E1
1.205792528E2,3.856447983E1,8.239842415E0,-3.015369415E1
1.205994168E2,3.849997711E1,7.303519249E0,-3.036608887E1
1.206195818E2,3.854346085E1,6.138355255E0,-3.031517792E1
1.206397468E2,3.840250015E1,5.373627663E0,-3.003553009E1
1.206599118E2,3.826355743E1,4.797295570E0,-3.032993317E1
1.206800758E2,3.789204025E1,4.350369453E0,-3.024874115E1
1.207002408E2,3.726296997E1,4.123107910E0,-3.097918701E1
1.207204058E2,3.672638702E1,3.741250992E0,-3.150506592E1
1.207405708E2,3.651041412E1,3.486291885E0,-3.172673035E1
1.207607358E2,3.616502380E1,3.020082474E0,-3.195039368E1
1.207808998E2,3.589762115E1,2.734935760E0,-3.198924255E1
1.208010648E2,3.572035217E1,2.632740021E0,-3.216522217E1
1.208212288E2,3.532997131E1,2.486751556E0,-3.225045776E1
1.208413938E2,3.516060638E1,2.282138824E0,-3.258459473E1
1.208615588E2,3.539725494E1,2.448951721E0,-3.226277161E1
1.208817228E2,3.561810303E1,3.057567596E0,-3.162037659E1
1.209018878E2,3.601770782E1,3.819393158E0,-3.063288116E1
1.209220528E2,3.669966888E1,4.569254875E0,-2.935878754E1
1.209422178E2,3.735061264E1,5.487836838E0,-2.855168915E1
1.209623828E2,3.799333191E1,6.266020775E0,-2.703854370E1
1.209825468E2,3.833812332E1,7.248630524E0,-2.596084595E1
1.210027118E2,3.863150024E1,7.831834793E0,-2.505135345E1
1.210228768E2,3.869880676E1,8.174566269E0,-2.463150787E1
1.210430418E2,3.874643326E1,8.195810318E0,-2.433615875E1
1.210632058E2,3.860749054E1,8.252294540E0,-2.435439301E1
1.210833708E2,3.851633453E1,7.985634804E0,-2.468653870E1
1.211035358E2,3.810175323E1,7.940352440E0,-2.494663239E1
1.211237008E2,3.748520660E1,7.959493637E0,-2.567697906E1
1.211438658E2,3.678003311E1,7.510520935E0,-2.607360077E1
1.211640298E2,3.625757980E1,6.939340591E0,-2.625733185E1
1.211841948E2,3.596450806E1,6.159072876E0,-2.624553680E1
1.212043598E2,3.555654907E1,5.414921761E0,-2.607791901E1
1.212245248E2,3.481532669E1,4.251685143E0,-2.603888702E1
1.212446898E2,3.402326202E1,2.742380142E0,-2.577518463E1
1.212648538E2,3.312430191E1,1.044042587E0,-2.597460175E1
1.212850188E2,3.220759583E1,-8.811683655E-1,-2.565308380E1
1.213051838E2,3.180561447E1,-3.063707352E0,-2.552908325E1
1.213253488E2,3.128234291E1,-5.249292374E0,-2.526861572E1
1.213455128E2,3.049969292E1,-7.313562393E0,-2.529447937E1
1.213656778E2,2.991073799E1,-9.487905502E0,-2.573114777E1
1.213858428E2,2.919026566E1,-1.128745461E1,-2.605336761E1
1.214060078E2,2.844741058E1,-1.290644455E1,-2.609421539E1
1.214261728E2,2.827576828E1,-1.411296844E1,-2.629817963E1
1.214463368E2,2.852407074E1,-1.489869690E1,-2.616419220E1
1.214665018E2,2.899375153E1,-1.556833649E1,-2.563919830E1
1.214866668E2,2.956466675E1,-1.612175751E1,-2.530518341E1
1.215068318E2,3.008782196E1,-1.685908890E1,-2.463686371E1
1.215269968E2,2.977710724E1,-1.743756485E1,-2.434757996E1
1.215471608E2,2.961095047E1,-1.803573608E1,-2.399084473E1
1.215673258E2,2.952908516E1,-1.878048134E1,-2.375809479E1
1.215874908E2,2.936997032E1,-2.027871895E1,-2.313521576E1
1.216076558E2,2.907576942E1,-2.095226097E1,-2.273281860E1
1.216278208E2,2.906892586E1,-2.179536247E1,-2.234181213E1
1.216479848E2,2.889508057E1,-2.236213684E1,-2.175649261E1
1.216681498E2,2.878944016E1,-2.296540451E1,-2.089923859E1
1.216883148E2,2.864964676E1,-2.380325699E1,-2.027722168E1
1.217084798E2,2.839168167E1,-2.455714798E1,-1.979264832E1
1.217286448E2,2.804804039E1,-2.514077187E1,-1.936589050E1
1.217488088E2,2.747965050E1,-2.548978996E1,-1.937054443E1
1.217689738E2,2.684715843E1,-2.571009827E1,-1.968428802E1
1.217891388E2,2.588960838E1,-2.591056633E1,-2.016876984E1
1.218093038E2,2.507966232E1,-2.599467087E1,-2.101689148E1
1.218294701E2,2.446094131E1,-2.569997215E1,-2.187021637E1
1.218496341E2,2.411536217E1,-2.515830421E1,-2.290016937E1
1.218697991E2,2.355076599E1,-2.455460167E1,-2.400616455E1
1.218899641E2,2.316988373E1,-2.418102646E1,-2.493681335E1
1.219101291E2,2.277704620E1,-2.375207138E1,-2.580748749E1
1.219302931E2,2.264678955E1,-2.329988289E1,-2.604140472E1
1.219504581E2,2.246929932E1,-2.288849640E1,-2.653635406E1
1.219706231E2,2.239284515E1,-2.312279510E1,-2.609839630E1
1.219907881E2,2.228002548E1,-2.365707397E1,-2.606375122E1
1.220109531E2,2.220798492E1,-2.409322357E1,-2.607559204E1
1.220311171E2,2.197900772E1,-2.486219978E1,-2.588669586E1
1.220512821E2,2.159643173E1,-2.572987175E1,-2.494496155E1
1.220714471E2,2.108306122E1,-2.670507812E1,-2.446376801E1
1.220916121E2,2.065086937E1,-2.792310524E1,-2.370097351E1
1.221117771E2,1.994620895E1,-2.940929794E1,-2.274517822E1
1.221319411E2,1.915863800E1,-3.094412422E1,-2.155870056E1
1.221521061E2,1.831940460E1,-3.229965973E1,-2.011648560E1
1.221722711E2,1.741152573E1,-3.358572388E1,-1.882895660E1
1.221924361E2,1.642091370E1,-3.489746094E1,-1.772553253E1
1.222126001E2,1.531514740E1,-3.599568558E1,-1.626688385E1
1.222327651E2,1.431958771E1,-3.675623322E1,-1.522219086E1
1.222529301E2,1.327843952E1,-3.753765488E1,-1.407825470E1
1.222730951E2,1.224967194E1,-3.819565582E1,-1.277609253E1
1.222932601E2,1.141378593E1,-3.887885284E1,-1.214704895E1
1.223134241E2,1.036856461E1,-3.933475876E1,-1.125108337E1
1.223335891E2,9.308938026E0,-3.958610535E1,-1.094704437E1
1.223537541E2,8.285688400E0,-3.982261658E1,-1.071017456E1
1.223739191E2,6.983728409E0,-4.027470398E1,-1.074371338E1
1.223940841E2,5.950524330E0,-4.029570770E1,-1.088484192E1
1.224142481E2,5.024725914E0,-4.019627762E1,-1.142134857E1
1.224344131E2,4.112527847E0,-3.994053268E1,-1.225998688E1
1.224545781E2,2.940229416E0,-3.973646545E1,-1.327375793E1
1.224747431E2,1.679170609E0,-3.958627319E1,-1.440664673E1
1.224949081E2,7.259225845E-1,-3.908728027E1,-1.558506012E1
1.225150721E2,-2.927198410E-1,-3.871709442E1,-1.673829651E1
1.225352371E2,-1.245865822E0,-3.800284576E1,-1.818691254E1
1.225554021E2,-2.199785233E0,-3.756100082E1,-1.915504456E1
1.225755671E2,-3.323734283E0,-3.691554642E1,-1.994013214E1
1.225957311E2,-4.263106346E0,-3.660519409E1,-2.098902130E1
1.226158961E2,-5.317805290E0,-3.629182053E1,-2.138098907E1
1.226360611E2,-6.780780792E0,-3.545872116E1,-2.186739349E1
1.226562261E2,-8.450095177E0,-3.492168045E1,-2.257421875E1
1.226763911E2,-1.021749496E1,-3.412006378E1,-2.336012268E1
1.226965551E2,-1.183260632E1,-3.327873230E1,-2.389240265E1
1.227167201E2,-1.339476299E1,-3.233998108E1,-2.431896210E1
1.227368851E2,-1.479563332E1,-3.164317513E1,-2.457880402E1
1.227570501E2,-1.643507576E1,-3.075561333E1,-2.497195435E1
1.227772151E2,-1.782318878E1,-2.995477486E1,-2.494944000E1
1.227973791E2,-1.906836700E1,-2.913057327E1,-2.543834686E1
1.228175441E2,-2.021555710E1,-2.852879333E1,-2.563018036E1
1.228377085E2,-2.075140381E1,-2.805670929E1,-2.550208282E1
1.228578735E2,-2.136232758E1,-2.786100388E1,-2.515636444E1
1.228780385E2,-2.177441025E1,-2.754659653E1,-2.521035767E1
1.228982025E2,-2.198940659E1,-2.766949463E1,-2.506619263E1
1.229183675E2,-2.183259201E1,-2.790303421E1,-2.463069153E1
1.229385325E2,-2.158493042E1,-2.835323334E1,-2.477967834E1
1.229586975E2,-2.128401184E1,-2.862891197E1,-2.449132538E1
1.229788625E2,-2.081734085E1,-2.910132027E1,-2.403556061E1
1.229990265E2,-2.036470795E1,-2.956239128E1,-2.364105988E1
1.230191915E2,-1.993188667E1,-3.010943413E1,-2.314370728E1
1.230393565E2,-1.964669800E1,-3.090808296E1,-2.224650574E1
1.230595215E2,-1.909823990E1,-3.189454079E1,-2.130723572E1
1.230796855E2,-1.878514862E1,-3.274452972E1,-2.004003143E1
1.230998505E2,-1.829906273E1,-3.357929230E1,-1.902291107E1
1.231200155E2,-1.802415085E1,-3.433240128E1,-1.784134674E1
1.231401805E2,-1.803709793E1,-3.486996078E1,-1.689981842E1
1.231603455E2,-1.776232338E1,-3.559259796E1,-1.551874542E1
1.231805095E2,-1.769733047E1,-3.603116608E1,-1.463143158E1
1.232006745E2,-1.783871269E1,-3.605455780E1,-1.370079041E1
1.232208395E2,-1.821137810E1,-3.633690643E1,-1.294174957E1
1.232410045E2,-1.852984810E1,-3.640867615E1,-1.216817474E1
1.232611695E2,-1.869584656E1,-3.647521210E1,-1.143385315E1
1.232813335E2,-1.865659714E1,-3.661795044E1,-1.144991302E1
1.233014985E2,-1.878617287E1,-3.642617035E1,-1.118739319E1
1.233216635E2,-1.892476845E1,-3.619305420E1,-1.101260376E1
1.233418285E2,-1.929765511E1,-3.606930542E1,-1.150054932E1
1.233619935E2,-1.943987083E1,-3.586133575E1,-1.181134033E1
1.233821575E2,-1.968686104E1,-3.569808960E1,-1.198282623E1
1.234023225E2,-1.992445755E1,-3.528121185E1,-1.251920319E1
1.234224875E2,-2.001983833E1,-3.473808289E1,-1.330854797E1
1.234426525E2,-2.043828011E1,-3.431732941E1,-1.441036224E1
1.234628165E2,-2.058103752E1,-3.380883789E1,-1.539608765E1
1.234829815E2,-2.068588638E1,-3.316777802E1,-1.601560974E1
1.235031465E2,-2.076487732E1,-3.248706818E1,-1.719541931E1
1.235233115E2,-2.090573120E1,-3.171830177E1,-1.867337036E1
1.235434765E2,-2.138528061E1,-3.076080513E1,-1.990391541E1
1.235636405E2,-2.179334259E1,-2.930351448E1,-2.165939331E1
1.235838055E2,-2.223628998E1,-2.754507446E1,-2.344945526E1
1.236039705E2,-2.291065216E1,-2.578997231E1,-2.487428284E1
1.236241355E2,-2.372043991E1,-2.474423409E1,-2.530387115E1
1.236443005E2,-2.436762619E1,-2.383282661E1,-2.557598114E1
1.236644645E2,-2.493217087E1,-2.310877037E1,-2.568732452E1
1.236846295E2,-2.523410797E1,-2.239814949E1,-2.600702667E1
1.237047945E2,-2.543183899E1,-2.198929405E1,-2.597180939E1
1.237249595E2,-2.544063950E1,-2.185735130E1,-2.608161163E1
1.237451245E2,-2.584949684E1,-2.159062004E1,-2.612454987E1
1.237652885E2,-2.642267799E1,-2.109950066E1,-2.631953430E1
1.237854535E2,-2.719217110E1,-2.047570610E1,-2.553630066E1
1.238056185E2,-2.828705788E1,-1.957938766E1,-2.550393677E1
1.238257836E2,-2.881107903E1,-1.889532471E1,-2.496147156E1
1.238459486E2,-2.948968124E1,-1.836031723E1,-2.526502991E1
1.238661126E2,-3.010301590E1,-1.796876907E1,-2.487426758E1
1.238862776E2,-3.057925415E1,-1.778429031E1,-2.454886627E1
1.239064426E2,-3.070136642E1,-1.734346390E1,-2.487119293E1
1.239266076E2,-3.095752716E1,-1.670078659E1,-2.495355988E1
1.239467726E2,-3.093934250E1,-1.654443169E1,-2.480562592E1
1.239669366E2,-3.100392151E1,-1.636474419E1,-2.515355682E1
1.239871016E2,-3.107391739E1,-1.625475502E1,-2.500789642E1
1.240072666E2,-3.139747620E1,-1.625802040E1,-2.508280182E1
1.240274316E2,-3.140687943E1,-1.637796593E1,-2.449849701E1
1.240475966E2,-3.147245026E1,-1.635949898E1,-2.462668610E1
1.240677606E2,-3.151895142E1,-1.648634529E1,-2.459824371E1
1.240879256E2,-3.166688156E1,-1.671492577E1,-2.413986969E1
1.241080906E2,-3.177598190E1,-1.735066414E1,-2.419109344E1
1.241282556E2,-3.172543716E1,-1.760818291E1,-2.388170624E1
1.241484206E2,-3.150827026E1,-1.832428551E1,-2.364826202E1
1.241685846E2,-3.132806015E1,-1.900678062E1,-2.359338379E1
1.241887496E2,-3.121803284E1,-1.972479439E1,-2.339038086E1
1.242089146E2,-3.114085770E1,-2.069330788E1,-2.258515167E1
1.242290796E2,-3.104222870E1,-2.170902824E1,-2.204177094E1
1.242492446E2,-3.099415588E1,-2.260519981E1,-2.138243103E1
1.242694086E2,-3.056970215E1,-2.335236931E1,-2.093081665E1
1.242895736E2,-3.029803467E1,-2.412635803E1,-2.050032806E1
1.243097386E2,-3.022638702E1,-2.493591690E1,-2.027260590E1
1.243299036E2,-3.006403351E1,-2.543502808E1,-1.945456696E1
1.243500686E2,-3.002503967E1,-2.596978378E1,-1.881203461E1
1.243702336E2,-3.023797798E1,-2.639446449E1,-1.833499146E1
1.243903976E2,-3.029973221E1,-2.666102409E1,-1.761317444E1
1.244105626E2,-3.058381844E1,-2.687305069E1,-1.693698120E1
1.244307276E2,-3.062895203E1,-2.704343796E1,-1.683856201E1
1.244508926E2,-3.075307083E1,-2.702822113E1,-1.667831421E1
1.244710576E2,-3.118413734E1,-2.670299530E1,-1.660891724E1
1.244912216E2,-3.144769287E1,-2.667263222E1,-1.679592133E1
1.245113866E2,-3.170163727E1,-2.622656441E1,-1.688587189E1
1.245315516E2,-3.179905319E1,-2.603255272E1,-1.726003265E1
1.245517166E2,-3.190361786E1,-2.563072014E1,-1.739560699E1
1.245718816E2,-3.203210068E1,-2.528780365E1,-1.749031067E1
1.245920466E2,-3.215837479E1,-2.470035934E1,-1.828356934E1
1.246122106E2,-3.208113861E1,-2.431413269E1,-1.910087585E1
1.246323756E2,-3.194719315E1,-2.371142006E1,-1.984971619E1
1.246525406E2,-3.200007629E1,-2.299093056E1,-2.084680176E1
1.246727056E2,-3.195646095E1,-2.205361557E1,-2.189208221E1
1.246928706E2,-3.193103790E1,-2.102434921E1,-2.271242523E1
1.247130356E2,-3.163267136E1,-2.025512505E1,-2.400502014E1
1.247331996E2,-3.152033997E1,-1.940951729E1,-2.478012085E1
1.247533646E2,-3.131130219E1,-1.742432022E1,-2.640062714E1
1.247735296E2,-3.102237320E1,-1.591775131E1,-2.768197632E1
1.247936946E2,-3.088782501E1,-1.460251045E1,-2.869426727E1
1.248138596E2,-3.090841866E1,-1.366967773E1,-2.927227020E1
1.248340242E2,-3.104098701E1,-1.327781677E1,-2.913077545E1
1.248541882E2,-3.132770348E1,-1.314834976E1,-2.925667572E1
1.248743532E2,-3.166575623E1,-1.306189346E1,-2.896857452E1
1.248945182E2,-3.222064209E1,-1.284854507E1,-2.878569031E1
1.249146832E2,-3.260564423E1,-1.276304245E1,-2.843908691E1
1.249348482E2,-3.280281448E1,-1.262636375E1,-2.782197571E1
1.249550122E2,-3.301688766E1,-1.248713112E1,-2.739341736E1
1.249751772E2,-3.371717072E1,-1.220846176E1,-2.736737061E1
1.249953422E2,-3.394755554E1,-1.216094971E1,-2.700238037E1
1.250155072E2,-3.439157867E1,-1.177630615E1,-2.704421997E1
1.250356722E2,-3.456937790E1,-1.125716972E1,-2.641757202E1
1.250558372E2,-3.495416260E1,-1.069869614E1,-2.622151184E1
1.250760012E2,-3.553888321E1,-1.021082306E1,-2.616117096E1
1.250961662E2,-3.563291550E1,-9.571392059E0,-2.590103912E1
1.251163312E2,-3.596499634E1,-9.370452881E0,-2.590459442E1
1.251364962E2,-3.579374313E1,-9.075738907E0,-2.604735565E1
1.251566612E2,-3.586194611E1,-8.831022263E0,-2.595328522E1
1.251768262E2,-3.590586090E1,-8.497484207E0,-2.605307770E1
1.251969902E2,-3.604311371E1,-8.316310883E0,-2.601610565E1
1.252171552E2,-3.601098633E1,-8.313121796E0,-2.604370880E1
1.252373202E2,-3.582358170E1,-8.491470337E0,-2.604781342E1
1.252574852E2,-3.566787720E1,-8.850448608E0,-2.619358063E1
1.252776502E2,-3.563050842E1,-9.021610260E0,-2.602957916E1
1.252978152E2,-3.536564255E1,-9.206218719E0,-2.596414948E1
1.253179792E2,-3.524768448E1,-9.609632492E0,-2.597601318E1
1.253381442E2,-3.501783371E1,-1.007042885E1,-2.561917114E1
1.253583092E2,-3.484238434E1,-1.064626122E1,-2.544181824E1
1.253784742E2,-3.465642548E1,-1.155845833E1,-2.482916260E1
1.253986392E2,-3.462078476E1,-1.202975845E1,-2.470200348E1
1.254188042E2,-3.444364548E1,-1.247979355E1,-2.456417084E1
1.254389682E2,-3.410097504E1,-1.347887802E1,-2.422601318E1
1.254591332E2,-3.380642700E1,-1.491926193E1,-2.347476196E1
1.254792982E2,-3.344167709E1,-1.667127991E1,-2.246286011E1
1.254994632E2,-3.314095688E1,-1.783699417E1,-2.211083984E1
1.255196282E2,-3.292337799E1,-1.866482162E1,-2.173568726E1
1.255397932E2,-3.197948456E1,-1.956910133E1,-2.250195312E1
1.255599572E2,-3.078176117E1,-2.117655754E1,-2.318760681E1
1.255801222E2,-3.023550415E1,-2.244196701E1,-2.272966766E1
1.256002872E2,-2.960609436E1,-2.376232338E1,-2.227468109E1
1.256204522E2,-2.949539375E1,-2.462029076E1,-2.179354095E1
1.256406172E2,-2.927154922E1,-2.544676399E1,-2.120971680E1
1.256607822E2,-2.902893448E1,-2.631356621E1,-2.040838623E1
1.256809462E2,-2.920365524E1,-2.685727501E1,-1.968577576E1
1.257011112E2,-2.931036758E1,-2.757539558E1,-1.855482483E1
1.257212762E2,-2.961776924E1,-2.798800659E1,-1.708572388E1
1.257414412E2,-2.972588158E1,-2.871441269E1,-1.627209473E1
1.257616062E2,-2.961720276E1,-2.920038986E1,-1.533664703E1
1.257817702E2,-2.996393585E1,-2.954935074E1,-1.398167419E1
1.258019352E2,-3.006741333E1,-2.965354347E1,-1.310935974E1
1.258221002E2,-3.022716331E1,-2.965883446E1,-1.245264435E1
1.258422656E2,-3.040820503E1,-2.960415459E1,-1.188558197E1
1.258624306E2,-3.077125168E1,-2.932352257E1,-1.174467468E1
1.258825956E2,-3.109758186E1,-2.877661324E1,-1.183451843E1
1.259027596E2,-3.125024796E1,-2.816229439E1,-1.218963623E1
1.259229246E2,-3.157819366E1,-2.739730263E1,-1.254832458E1
1.259430896E2,-3.178441238E1,-2.668646431E1,-1.281569672E1
1.259632546E2,-3.204930878E1,-2.605272102E1,-1.286916351E1
1.259834196E2,-3.206741333E1,-2.527752113E1,-1.379660797E1
1.260035846E2,-3.239318848E1,-2.341976929E1,-1.530349731E1
1.260237486E2,-3.263585663E1,-2.067700005E1,-1.782240295E1
1.260439136E2,-3.276712799E1,-1.821018982E1,-2.009590149E1
1.260640786E2,-3.275971222E1,-1.636376572E1,-2.139577484E1
1.260842436E2,-3.241581726E1,-1.512106514E1,-2.263813782E1
1.261044086E2,-3.202726364E1,-1.409626961E1,-2.339144897E1
1.261245726E2,-3.160813522E1,-1.313359642E1,-2.417800140E1
1.261447376E2,-3.137392807E1,-1.258430672E1,-2.512677765E1
1.261649026E2,-3.059220123E1,-1.213067436E1,-2.616469574E1
1.261850676E2,-2.997627640E1,-1.191027832E1,-2.702647400E1
1.262052326E2,-2.950522232E1,-1.165158463E1,-2.760066223E1
1.262253976E2,-2.935145569E1,-1.144220161E1,-2.789266968E1
1.262455616E2,-2.913832855E1,-1.173936653E1,-2.792291260E1
1.262657266E2,-2.876108551E1,-1.258221817E1,-2.765753174E1
1.262858916E2,-2.837465286E1,-1.365788651E1,-2.787602997E1
1.263060566E2,-2.808795929E1,-1.466903687E1,-2.687784576E1
1.263262216E2,-2.783714485E1,-1.570565033E1,-2.646150970E1
1.263463856E2,-2.756316757E1,-1.752283859E1,-2.565285492E1
1.263665506E2,-2.713160515E1,-1.900130081E1,-2.471558380E1
1.263867156E2,-2.695622444E1,-2.023994637E1,-2.336892700E1
1.264068806E2,-2.720710373E1,-2.184669495E1,-2.181407928E1
1.264270456E2,-2.700353813E1,-2.340733719E1,-2.039716339E1
1.264472106E2,-2.676724625E1,-2.429275322E1,-1.944176483E1
1.264673746E2,-2.632691002E1,-2.481182289E1,-1.993237305E1
1.264875396E2,-2.609298325E1,-2.511683273E1,-1.992076111E1
1.265077046E2,-2.610074043E1,-2.566633987E1,-1.936735535E1
1.265278696E2,-2.608236313E1,-2.674802780E1,-1.845364380E1
1.265480346E2,-2.646507835E1,-2.689420700E1,-1.747496796E1
1.265681986E2,-2.675217056E1,-2.708900070E1,-1.715596771E1
1.265883636E2,-2.710035133E1,-2.690351105E1,-1.680969238E1
1.266085286E2,-2.756704330E1,-2.684995651E1,-1.671929932E1
1.266286936E2,-2.787662888E1,-2.706404495E1,-1.643609619E1
1.266488586E2,-2.810023117E1,-2.729376411E1,-1.560449219E1
1.266690226E2,-2.832519913E1,-2.719550133E1,-1.517355347E1
1.266891876E2,-2.836989594E1,-2.706488609E1,-1.493748474E1
1.267093526E2,-2.856406021E1,-2.694956779E1,-1.504037476E1
1.267295176E2,-2.864789963E1,-2.702791786E1,-1.515791321E1
1.267496826E2,-2.865867043E1,-2.701219749E1,-1.495447540E1
1.267698466E2,-2.868284416E1,-2.686024284E1,-1.517635345E1
1.267900116E2,-2.891692734E1,-2.615117455E1,-1.553755951E1
1.268101766E2,-2.912029266E1,-2.565430832E1,-1.573970032E1
1.268303418E2,-2.937963867E1,-2.519139862E1,-1.647534180E1
1.268505068E2,-2.964605331E1,-2.418683624E1,-1.715705872E1
1.268706718E2,-2.995310593E1,-2.349225235E1,-1.784983826E1
1.268908358E2,-3.029330826E1,-2.207308197E1,-1.885803223E1
1.269110008E2,-3.052066422E1,-2.094219589E1,-2.006097412E1
1.269311658E2,-3.079814339E1,-1.972380257E1,-2.101855469E1
1.269513308E2,-3.090848923E1,-1.824101448E1,-2.188289642E1
1.269714958E2,-3.095850754E1,-1.654376030E1,-2.301947784E1
1.269916598E2,-3.125889969E1,-1.482085991E1,-2.373154449E1
1.270118248E2,-3.147623444E1,-1.327538872E1,-2.440284729E1
1.270319898E2,-3.138059044E1,-1.149343681E1,-2.536458588E1
1.270521548E2,-3.100697136E1,-9.497543335E0,-2.687340546E1
1.270723198E2,-3.032109642E1,-7.774894714E0,-2.877474976E1
1.270924838E2,-2.947907639E1,-6.612775803E0,-2.922184753E1
1.271126488E2,-2.931958389E1,-5.773969650E0,-2.969279480E1
1.271328138E2,-2.987685204E1,-4.751859665E0,-2.966622162E1
1.271529788E2,-3.017956734E1,-4.063024521E0,-2.963341522E1
1.271731438E2,-3.016757965E1,-3.889806747E0,-2.990792084E1
1.271933078E2,-2.999079514E1,-4.154560089E0,-3.012085724E1
1.272134728E2,-3.009002304E1,-4.650999069E0,-3.077097321E1
1.272336378E2,-3.017307281E1,-5.234365463E0,-3.057167816E1
1.272538028E2,-3.045222473E1,-6.082904816E0,-3.001692963E1
1.272739678E2,-3.069396591E1,-7.139785767E0,-2.973549652E1
1.272941328E2,-3.104540062E1,-8.351991653E0,-2.917598724E1
1.273142968E2,-3.166375732E1,-9.632295609E0,-2.875589752E1
1.273344618E2,-3.195372963E1,-1.140799904E1,-2.767623138E1
1.273546268E2,-3.236037827E1,-1.330941582E1,-2.658907318E1
1.273747918E2,-3.242724609E1,-1.500461388E1,-2.592947388E1
1.273949568E2,-3.230061340E1,-1.678882790E1,-2.495973206E1
1.274151208E2,-3.184201241E1,-1.834292221E1,-2.462290955E1
1.274352858E2,-3.119869995E1,-2.003158188E1,-2.432315826E1
1.274554508E2,-3.067015076E1,-2.177527046E1,-2.339788055E1
1.274756158E2,-3.004916573E1,-2.365113449E1,-2.278992462E1
1.274957808E2,-2.949573517E1,-2.507711411E1,-2.173026276E1
1.275159448E2,-2.886645699E1,-2.644419098E1,-2.086494446E1
1.275361098E2,-2.824281693E1,-2.755534744E1,-2.019419861E1
1.275562748E2,-2.767543411E1,-2.801507759E1,-2.029248047E1
1.275764398E2,-2.744720078E1,-2.839946556E1,-2.011225891E1
1.275966048E2,-2.746056747E1,-2.847408104E1,-2.004005432E1
1.276167698E2,-2.758554840E1,-2.857300949E1,-2.010359192E1
1.276369338E2,-2.775303268E1,-2.864874649E1,-1.980157471E1
1.276570988E2,-2.807314682E1,-2.841051865E1,-1.968881226E1
1.276772638E2,-2.835846329E1,-2.819169998E1,-1.972908020E1
1.276974288E2,-2.866305161E1,-2.777647781E1,-1.977720642E1
1.277175938E2,-2.895119858E1,-2.726143074E1,-2.020098114E1
1.277377578E2,-2.929882240E1,-2.682441139E1,-2.056455231E1
1.277579228E2,-2.951436424E1,-2.641633415E1,-2.056113434E1
1.277780878E2,-2.990452957E1,-2.563716507E1,-2.104251862E1
1.277982528E2,-3.043987846E1,-2.485084915E1,-2.158940887E1
1.278184178E2,-3.105176926E1,-2.377268410E1,-2.226180267E1
1.278385820E2,-3.173727417E1,-2.290665627E1,-2.241893768E1
1.278587470E2,-3.229496002E1,-2.176438332E1,-2.248991394E1
1.278789120E2,-3.296680450E1,-2.088267326E1,-2.268855286E1
1.278990770E2,-3.332669830E1,-1.971078873E1,-2.308045197E1
1.279192420E2,-3.338657379E1,-1.825905228E1,-2.387448883E1
1.279394060E2,-3.349263763E1,-1.542523003E1,-2.538677979E1
1.279595710E2,-3.381597137E1,-1.352515793E1,-2.612572479E1
1.279797360E2,-3.412293243E1,-1.185419655E1,-2.658219147E1
1.279999010E2,-3.418475342E1,-1.073939514E1,-2.721708679E1
1.280200660E2,-3.398785400E1,-1.016999817E1,-2.743498993E1
1.280402300E2,-3.376317596E1,-9.646011353E0,-2.782991791E1
1.280603950E2,-3.376535797E1,-9.653039932E0,-2.824099731E1
1.280805600E2,-3.395352936E1,-9.657058716E0,-2.820393372E1
1.281007250E2,-3.376176834E1,-9.438648224E0,-2.814834595E1
1.281208900E2,-3.385326385E1,-9.914348602E0,-2.836757660E1
1.281410550E2,-3.364001846E1,-1.062738609E1,-2.871103668E1
1.281612190E2,-3.342654800E1,-1.144962311E1,-2.930721283E1
1.281813840E2,-3.300167084E1,-1.256539726E1,-2.912640381E1
1.282015490E2,-3.259504700E1,-1.369917107E1,-2.864210510E1
1.282217140E2,-3.241408539E1,-1.522000122E1,-2.810954285E1
1.282418790E2,-3.240248108E1,-1.685243225E1,-2.745469666E1
1.282620430E2,-3.225947952E1,-1.852296638E1,-2.699829865E1
1.282822080E2,-3.189520454E1,-2.038047028E1,-2.599127197E1
1.283023730E2,-3.156654358E1,-2.174186134E1,-2.480953217E1
1.283225380E2,-3.142860031E1,-2.327062798E1,-2.372466278E1
1.283427030E2,-3.101403427E1,-2.500396729E1,-2.228600311E1
1.283628670E2,-3.060793304E1,-2.665138245E1,-2.087602234E1
1.283830320E2,-2.983594894E1,-2.822246742E1,-1.961076355E1
1.284031970E2,-2.895337677E1,-2.943162727E1,-1.895493317E1
1.284233620E2,-2.819300079E1,-3.046132469E1,-1.879610443E1
1.284435270E2,-2.730308723E1,-3.118863678E1,-1.880893707E1
1.284636910E2,-2.691948700E1,-3.183055878E1,-1.842942047E1
1.284838560E2,-2.638704300E1,-3.251194000E1,-1.787117767E1
1.285040210E2,-2.630767059E1,-3.275018692E1,-1.732337189E1
1.285241860E2,-2.644266891E1,-3.258493805E1,-1.712723541E1
1.285443510E2,-2.658809280E1,-3.243493271E1,-1.703891754E1
1.285645160E2,-2.688171005E1,-3.258401871E1,-1.700635529E1
1.285846800E2,-2.720979691E1,-3.238410568E1,-1.702269745E1
1.286048450E2,-2.741859055E1,-3.212028503E1,-1.688774109E1
1.286250100E2,-2.764457512E1,-3.195689583E1,-1.738092041E1
1.286451750E2,-2.822299576E1,-3.140687370E1,-1.733163452E1
1.286653400E2,-2.863316345E1,-3.096094131E1,-1.746634674E1
1.286855040E2,-2.916041565E1,-3.058988953E1,-1.793103790E1
1.287056690E2,-2.931708908E1,-3.053959274E1,-1.832761383E1
1.287258340E2,-2.969141769E1,-3.000221825E1,-1.880813599E1
1.287459990E2,-3.045906830E1,-2.873594475E1,-1.954071045E1
1.287661640E2,-3.126100159E1,-2.766895485E1,-1.988610077E1
1.287863280E2,-3.181788445E1,-2.650694847E1,-2.054192352E1
1.288064930E2,-3.253639984E1,-2.483667755E1,-2.154297638E1
1.288266580E2,-3.337934113E1,-2.233369637E1,-2.270671844E1
1.288468225E2,-3.447959900E1,-1.906543732E1,-2.446496582E1
1.288669875E2,-3.538995743E1,-1.572936630E1,-2.591572571E1
1.288871515E2,-3.605730057E1,-1.315590477E1,-2.573509216E1
1.289073165E2,-3.655535507E1,-1.141497231E1,-2.611919403E1
1.289274815E2,-3.670761108E1,-9.997110367E0,-2.649393463E1
1.289476465E2,-3.691532135E1,-8.832180023E0,-2.697852325E1
1.289678115E2,-3.722650909E1,-7.449089050E0,-2.703684235E1
1.289879765E2,-3.811743164E1,-6.327388763E0,-2.676457977E1
1.290081405E2,-3.889882660E1,-5.140207291E0,-2.610901642E1
1.290283055E2,-3.947739410E1,-4.433280945E0,-2.624854279E1
1.290484705E2,-4.010039902E1,-3.872882843E0,-2.595827484E1
1.290686355E2,-4.062000656E1,-3.443937302E0,-2.599515533E1
1.290888005E2,-4.099169540E1,-3.387372971E0,-2.574280548E1
1.291089645E2,-4.150188065E1,-3.235610962E0,-2.567229462E1
1.291291295E2,-4.205464554E1,-3.707862854E0,-2.560442352E1
1.291492945E2,-4.244995117E1,-4.074588776E0,-2.520852661E1
1.291694595E2,-4.306031799E1,-4.838891983E0,-2.474597168E1
1.291896245E2,-4.351803589E1,-5.992588043E0,-2.425456238E1
1.292097885E2,-4.389949036E1,-7.368721008E0,-2.336512756E1
1.292299535E2,-4.430258560E1,-8.931797028E0,-2.279135895E1
1.292501185E2,-4.448520279E1,-1.051638603E1,-2.240628815E1
1.292702835E2,-4.437180328E1,-1.243885422E1,-2.144946289E1
1.292904485E2,-4.396672058E1,-1.487713432E1,-2.006417847E1
1.293106125E2,-4.356510925E1,-1.751784134E1,-1.903926086E1
1.293307775E2,-4.243913651E1,-2.001898193E1,-1.826573944E1
1.293509425E2,-4.146524429E1,-2.130374908E1,-1.858868408E1
1.293711075E2,-4.045277405E1,-2.197580147E1,-1.945108795E1
1.293912725E2,-3.958596039E1,-2.253415298E1,-2.009709167E1
1.294114375E2,-3.873213196E1,-2.310982513E1,-2.033787537E1
1.294316015E2,-3.841012955E1,-2.370779991E1,-1.981845093E1
1.294517665E2,-3.812439728E1,-2.411996651E1,-1.965077209E1
1.294719315E2,-3.790350342E1,-2.395958900E1,-1.972451782E1
1.294920965E2,-3.773672104E1,-2.348089790E1,-2.004441833E1
1.295122615E2,-3.773847961E1,-2.274250412E1,-2.039186859E1
1.295324255E2,-3.771055603E1,-2.166978836E1,-2.059803009E1
1.295525905E2,-3.772481537E1,-2.048191833E1,-2.077592468E1
1.295727555E2,-3.798413849E1,-1.981596375E1,-2.107498169E1
1.295929205E2,-3.794900513E1,-1.902263451E1,-2.140136719E1
1.296130855E2,-3.810304642E1,-1.818646812E1,-2.145736694E1
1.296332495E2,-3.818460846E1,-1.746187019E1,-2.156644440E1
1.296534145E2,-3.798630142E1,-1.651984596E1,-2.160477448E1
1.296735795E2,-3.810796356E1,-1.581628609E1,-2.208101654E1
1.296937445E2,-3.807347870E1,-1.474869347E1,-2.233821869E1
1.297139095E2,-3.800055695E1,-1.355962372E1,-2.233966827E1
1.297340745E2,-3.831266022E1,-1.228856277E1,-2.168610382E1
1.297542385E2,-3.855075455E1,-1.122254944E1,-2.098142242E1
1.297744035E2,-3.882036972E1,-9.161462784E0,-2.086986542E1
1.297945685E2,-3.894779587E1,-6.214788437E0,-2.137705994E1
1.298147335E2,-3.867664337E1,-3.141099930E0,-2.198274231E1
1.298348981E2,-3.879366684E1,-1.118316650E0,-2.103884888E1
1.298550621E2,-3.927947998E1,-4.722461700E-1,-1.982714844E1
1.298752271E2,-3.955213165E1,-2.976760864E-1,-1.927481842E1
1.298953921E2,-3.943125153E1,6.680107117E-2,-1.959246063E1
1.299155571E2,-3.902418900E1,1.044998169E0,-2.040433502E1
1.299357221E2,-3.904737091E1,2.163209915E0,-2.059790039E1
1.299558861E2,-3.929824066E1,3.436618805E0,-2.061068726E1
1.299760511E2,-3.928567123E1,4.701231003E0,-2.008734894E1
1.299962161E2,-3.933115005E1,5.790450096E0,-2.023378754E1
1.300163811E2,-3.937924957E1,6.498095512E0,-2.062343597E1
1.300365461E2,-3.928475952E1,7.231873512E0,-2.065166473E1
1.300567101E2,-3.915879822E1,7.974933624E0,-2.069014740E1
1.300768751E2,-3.898374939E1,8.665200233E0,-2.105126953E1
1.300970401E2,-3.885283661E1,9.174856186E0,-2.109086609E1
1.301172051E2,-3.864007568E1,9.848656654E0,-2.144922638E1
1.301373701E2,-3.823230743E1,1.032137775E1,-2.145891571E1
1.301575351E2,-3.781941223E1,1.088201618E1,-2.114086151E1
1.301776991E2,-3.744146729E1,1.155163193E1,-2.088018036E1
1.301978641E2,-3.694966125E1,1.225716114E1,-2.084649658E1
1.302180291E2,-3.653374481E1,1.256448174E1,-2.062913513E1
1.302381941E2,-3.601911545E1,1.296323967E1,-2.040358734E1
1.302583591E2,-3.561249161E1,1.292541504E1,-1.988784027E1
1.302785231E2,-3.527075958E1,1.309997940E1,-1.932107544E1
1.302986881E2,-3.480296326E1,1.309282207E1,-1.925700378E1
1.303188531E2,-3.404458237E1,1.294910049E1,-1.967373657E1
1.303390181E2,-3.319110489E1,1.189446926E1,-2.060216522E1
1.303591831E2,-3.307016373E1,1.082158566E1,-2.058524323E1
1.303793471E2,-3.305838013E1,9.799901962E0,-2.084065247E1
1.303995121E2,-3.263318253E1,9.084473610E0,-2.127349854E1
1.304196771E2,-3.210726547E1,8.675410271E0,-2.180619812E1
1.304398421E2,-3.159428787E1,8.238987923E0,-2.245788574E1
1.304600071E2,-3.111136627E1,7.864134789E0,-2.316230011E1
1.304801721E2,-3.053883362E1,7.294415474E0,-2.380739594E1
1.305003361E2,-3.012430382E1,7.044270515E0,-2.405245972E1
1.305205011E2,-2.992151451E1,6.817377090E0,-2.414230347E1
1.305406661E2,-2.980621719E1,6.801533699E0,-2.419270325E1
1.305608311E2,-2.960016441E1,6.983341217E0,-2.424717712E1
1.305809961E2,-2.917686462E1,7.422868729E0,-2.455960083E1
1.306011601E2,-2.855944633E1,7.645241737E0,-2.514574432E1
1.306213251E2,-2.798102379E1,8.146162987E0,-2.540729523E1
1.306414901E2,-2.744212723E1,9.039496422E0,-2.543215942E1
1.306616551E2,-2.702071381E1,9.859832764E0,-2.558639526E1
1.306818201E2,-2.638500023E1,1.073390675E1,-2.557071686E1
1.307019841E2,-2.597006416E1,1.167069912E1,-2.576973724E1
1.307221491E2,-2.536186218E1,1.256639767E1,-2.534148407E1
1.307423141E2,-2.473272133E1,1.350996017E1,-2.511635590E1
1.307624791E2,-2.410995102E1,1.422180557E1,-2.507405853E1
1.307826441E2,-2.362779617E1,1.513484383E1,-2.458025360E1
1.308028081E2,-2.320278740E1,1.589655304E1,-2.468692017E1
1.308229731E2,-2.243829346E1,1.685644150E1,-2.434689331E1
1.308431386E2,-2.162706947E1,1.786655045E1,-2.402079010E1
1.308633036E2,-2.084634399E1,1.890672493E1,-2.387033081E1
1.308834686E2,-2.023160172E1,2.007917595E1,-2.347110748E1
1.309036336E2,-1.981326675E1,2.083976173E1,-2.302298737E1
1.309237976E2,-1.924197388E1,2.148348045E1,-2.266265106E1
1.309439626E2,-1.815874672E1,2.248442268E1,-2.285137177E1
1.309641276E2,-1.721226120E1,2.317367935E1,-2.317614746E1
1.309842926E2,-1.620109940E1,2.369553566E1,-2.315924835E1
1.310044576E2,-1.543867874E1,2.387501335E1,-2.350746918E1
1.310246216E2,-1.502367592E1,2.371925163E1,-2.374980927E1
1.310447866E2,-1.475244522E1,2.378989029E1,-2.416738129E1
1.310649516E2,-1.435628128E1,2.351972008E1,-2.466458130E1
1.310851166E2,-1.367883301E1,2.364005470E1,-2.512156677E1
1.311052816E2,-1.268816376E1,2.376162338E1,-2.555183411E1
1.311254456E2,-1.202518272E1,2.404081154E1,-2.554956055E1
1.311456106E2,-1.090708828E1,2.429635620E1,-2.599734497E1
1.311657756E2,-9.878765106E0,2.455435181E1,-2.602526855E1
1.311859406E2,-8.968223572E0,2.487529373E1,-2.582136536E1
1.312061056E2,-8.116422653E0,2.527814865E1,-2.598593903E1
1.312262706E2,-7.468199730E0,2.573357773E1,-2.579224396E1
1.312464346E2,-6.527777195E0,2.615342331E1,-2.517276001E1
1.312665996E2,-5.738315105E0,2.666780281E1,-2.472798157E1
1.312867646E2,-4.816414356E0,2.724600601E1,-2.408128357E1
1.313069296E2,-4.012909889E0,2.785098076E1,-2.342742920E1
1.313270946E2,-3.377948761E0,2.838099861E1,-2.268151855E1
1.313472586E2,-2.753678322E0,2.896393204E1,-2.188521576E1
1.313674236E2,-2.182564735E0,2.954683876E1,-2.087895203E1
1.313875886E2,-1.733577728E0,3.009788895E1,-1.998483276E1
1.314077536E2,-1.278676033E0,3.032623100E1,-1.941493225E1
1.314279186E2,-8.840026855E-1,3.046315384E1,-1.876622009E1
1.314480826E2,-4.718818665E-1,3.070909882E1,-1.812188721E1
1.314682476E2,-1.720523834E-2,3.074548340E1,-1.781904602E1
1.314884126E2,6.502552032E-1,3.090606880E1,-1.742707825E1
1.315085776E2,7.116765976E-1,3.069856453E1,-1.724659729E1
1.315287426E2,6.861629486E-1,3.045621109E1,-1.774787903E1
1.315489066E2,8.719358444E-1,3.024366760E1,-1.795244598E1
1.315690716E2,1.084694862E0,2.984460258E1,-1.846117401E1
1.315892366E2,1.150341988E0,2.949013519E1,-1.882724762E1
1.316094016E2,1.135972977E0,2.889994049E1,-1.962007904E1
1.316295666E2,1.212828636E0,2.823830795E1,-2.026739502E1
1.316497316E2,1.216820717E0,2.786186790E1,-2.097079468E1
1.316698956E2,1.331096649E0,2.737548065E1,-2.138260651E1
1.316900606E2,1.653816223E0,2.689125443E1,-2.189487457E1
1.317102256E2,1.808430672E0,2.628057480E1,-2.254709625E1
1.317303906E2,2.070570946E0,2.570158768E1,-2.329500580E1
1.317505556E2,2.094074249E0,2.505099869E1,-2.415241241E1
1.317707196E2,2.461359978E0,2.431612778E1,-2.463352203E1
1.317908846E2,2.573185921E0,2.383872604E1,-2.522021484E1
1.318110496E2,2.747131348E0,2.323128891E1,-2.564514160E1
1.318312146E2,2.916163445E0,2.270282745E1,-2.618161011E1
1.318513796E2,3.175891876E0,2.232242584E1,-2.638951111E1
1.318715436E2,3.732218742E0,2.183326912E1,-2.648373413E1
1.318917086E2,4.414677620E0,2.171065521E1,-2.672331238E1
1.319118736E2,4.791734695E0,2.166506386E1,-2.633010864E1
1.319320386E2,5.252783775E0,2.176557922E1,-2.629855347E1
1.319522036E2,5.663543701E0,2.181891060E1,-2.641740417E1
1.319723686E2,6.021106720E0,2.181696701E1,-2.607063293E1
1.319925326E2,6.393864632E0,2.209081841E1,-2.589942932E1
1.320126976E2,6.803696632E0,2.233684349E1,-2.533453369E1
1.320328626E2,7.315687180E0,2.268677521E1,-2.500823975E1
1.320530276E2,7.832103729E0,2.288682556E1,-2.421409607E1
1.320731926E2,8.320186615E0,2.334513855E1,-2.351511383E1
1.320933566E2,8.810371399E0,2.385472870E1,-2.266651154E1
1.321135216E2,9.191790581E0,2.410812759E1,-2.219164276E1
1.321336866E2,9.546282768E0,2.439175987E1,-2.169257355E1
1.321538516E2,1.024099636E1,2.456636238E1,-2.096421051E1
1.321740166E2,1.083098507E1,2.489769554E1,-2.023299408E1
1.321941806E2,1.135394669E1,2.535430908E1,-1.964511108E1
1.322143456E2,1.198305798E1,2.540730667E1,-1.892261505E1
1.322345106E2,1.224082470E1,2.541433525E1,-1.892156219E1
1.322546756E2,1.245475101E1,2.535033226E1,-1.927707672E1
1.322748406E2,1.244662571E1,2.480393028E1,-1.990163422E1
1.322950056E2,1.217567825E1,2.434972000E1,-2.114997101E1
1.323151696E2,1.208676529E1,2.359234810E1,-2.166255951E1
1.323353346E2,1.187670708E1,2.301260948E1,-2.256014252E1
1.323554996E2,1.169482327E1,2.248874855E1,-2.352397156E1
1.323756646E2,1.207887173E1,2.152647972E1,-2.429981995E1
1.323958296E2,1.223423195E1,2.053271294E1,-2.492562866E1
1.324159936E2,1.212086105E1,1.960913467E1,-2.595931244E1
1.324361586E2,1.209086037E1,1.882640266E1,-2.646508026E1
1.324563236E2,1.207021046E1,1.805067825E1,-2.685675049E1
1.324764886E2,1.197089863E1,1.746984100E1,-2.773292542E1
1.324966536E2,1.209974957E1,1.668371201E1,-2.820618439E1
1.325168176E2,1.203059864E1,1.614991760E1,-2.839565277E1
1.325369826E2,1.207522202E1,1.541660118E1,-2.880229950E1
1.325571476E2,1.199421310E1,1.525287056E1,-2.913909149E1
1.325773126E2,1.225191307E1,1.491419220E1,-2.906514740E1
1.325974776E2,1.254809952E1,1.491575623E1,-2.898145294E1
1.326176426E2,1.269208908E1,1.512765884E1,-2.896704865E1
1.326378066E2,1.263047028E1,1.547722149E1,-2.834601593E1
1.326579716E2,1.285009193E1,1.598710060E1,-2.805731964E1
1.326781366E2,1.287948227E1,1.666614723E1,-2.775640106E1
1.326983016E2,1.321285439E1,1.720938110E1,-2.739357758E1
1.327184666E2,1.372033310E1,1.784271240E1,-2.645085144E1
1.327386306E2,1.451841927E1,1.886660767E1,-2.506861877E1
1.327587956E2,1.481965351E1,1.968605995E1,-2.427703857E1
1.327789606E2,1.495328999E1,2.043877029E1,-2.314852142E1
1.327991256E2,1.530990219E1,2.099877548E1,-2.229730988E1
1.328192906E2,1.560137177E1,2.168109131E1,-2.119166565E1
1.328394552E2,1.569350624E1,2.240083504E1,-2.032104492E1
1.328596192E2,1.589768791E1,2.267580986E1,-1.981716919E1
1.328797842E2,1.598439693E1,2.297658539E1,-1.926825714E1
1.328999492E2,1.637805939E1,2.335359573E1,-1.831011200E1
1.329201142E2,1.654586029E1,2.372800446E1,-1.752507782E1
1.329402792E2,1.695693970E1,2.391381454E1,-1.671903229E1
1.329604432E2,1.685904694E1,2.416842842E1,-1.653418732E1
1.329806082E2,1.691642380E1,2.433196831E1,-1.612886810E1
1.330007732E2,1.681818771E1,2.453701401E1,-1.596446991E1
1.330209382E2,1.684175873E1,2.447488785E1,-1.606089783E1
1.330411032E2,1.671430397E1,2.462797737E1,-1.606678772E1
1.330612682E2,1.649530220E1,2.468775558E1,-1.606059265E1
1.330814322E2,1.653878975E1,2.451033211E1,-1.616560364E1
1.331015972E2,1.652693367E1,2.446395302E1,-1.617230225E1
1.331217622E2,1.676568031E1,2.427194023E1,-1.642114258E1
1.331419272E2,1.669713593E1,2.381384850E1,-1.701655579E1
1.331620922E2,1.640139008E1,2.340193748E1,-1.798075867E1
1.331822562E2,1.643296242E1,2.289468765E1,-1.894395447E1
1.332024212E2,1.614571762E1,2.239088249E1,-1.959310913E1
1.332225862E2,1.598688030E1,2.184844208E1,-2.046082306E1
1.332427512E2,1.590604019E1,2.106721306E1,-2.130001831E1
1.332629162E2,1.565399265E1,2.038826180E1,-2.250002289E1
1.332830812E2,1.543586922E1,1.954098129E1,-2.322077179E1
1.333032452E2,1.537382698E1,1.879785919E1,-2.408203125E1
1.333234102E2,1.521661091E1,1.799436951E1,-2.461806488E1
1.333435752E2,1.523080635E1,1.709835052E1,-2.529747772E1
1.333637402E2,1.504766846E1,1.627668762E1,-2.568790436E1
1.333839052E2,1.502152443E1,1.569471550E1,-2.650564575E1
1.334040692E2,1.485848045E1,1.509635544E1,-2.682264709E1
1.334242342E2,1.508637524E1,1.465158081E1,-2.706843567E1
1.334443992E2,1.546618557E1,1.426781273E1,-2.699037170E1
1.334645642E2,1.569353008E1,1.430850029E1,-2.710514832E1
1.334847292E2,1.575498867E1,1.480993843E1,-2.652793884E1
1.335048942E2,1.627826881E1,1.567881870E1,-2.570095062E1
1.335250582E2,1.728012848E1,1.739465141E1,-2.409420776E1
1.335452232E2,1.752492523E1,1.846512413E1,-2.309387207E1
1.335653882E2,1.770657730E1,1.943176460E1,-2.221274567E1
1.335855532E2,1.806465149E1,2.009136200E1,-2.121076965E1
1.336057182E2,1.845313263E1,2.080520821E1,-2.010123444E1
1.336258822E2,1.914345169E1,2.149540329E1,-1.885302734E1
1.336460472E2,1.953660965E1,2.207109070E1,-1.752489471E1
1.336662122E2,1.968941879E1,2.260443306E1,-1.667650604E1
1.336863772E2,2.015710068E1,2.264509201E1,-1.560182953E1
1.337065422E2,2.050590897E1,2.284707642E1,-1.517746735E1
1.337267072E2,2.071907425E1,2.275805473E1,-1.444596100E1
1.337468712E2,2.077017975E1,2.280572128E1,-1.417483521E1
1.337670362E2,2.122542000E1,2.262335968E1,-1.384262085E1
1.337872012E2,2.146257401E1,2.242203522E1,-1.367353821E1
1.338073662E2,2.169303513E1,2.252184677E1,-1.352435303E1
1.338275312E2,2.164138031E1,2.240401077E1,-1.382247925E1
1.338476969E2,2.160768890E1,2.247290993E1,-1.400918579E1
1.338678609E2,2.140421295E1,2.244924164E1,-1.396609497E1
1.338880259E2,2.102794456E1,2.277407265E1,-1.459506989E1
1.339081909E2,2.075627899E1,2.295377922E1,-1.480322266E1
1.339283559E2,2.003454971E1,2.311478233E1,-1.599913025E1
1.339485209E2,1.932024765E1,2.318316078E1,-1.688633728E1
1.339686849E2,1.866335106E1,2.298638153E1,-1.820705414E1
1.339888499E2,1.793773460E1,2.275639153E1,-1.937842560E1
1.340090149E2,1.732801247E1,2.236858940E1,-2.002701569E1
1.340291799E2,1.704676437E1,2.165569115E1,-2.109280396E1
1.340493449E2,1.689583397E1,2.091095924E1,-2.207877350E1
1.340695099E2,1.667358971E1,2.016582108E1,-2.321656036E1
1.340896739E2,1.643014526E1,1.959020805E1,-2.411380005E1
1.341098389E2,1.613887787E1,1.888978195E1,-2.475083923E1
1.341300039E2,1.579549122E1,1.828175354E1,-2.543638611E1
1.341501689E2,1.570806599E1,1.793779373E1,-2.601856995E1
1.341703339E2,1.578349972E1,1.722037315E1,-2.642933655E1
1.341904979E2,1.579668617E1,1.669437408E1,-2.691091156E1
1.342106629E2,1.560352898E1,1.619023514E1,-2.722469330E1
1.342308279E2,1.548014736E1,1.594577122E1,-2.786323547E1
1.342509929E2,1.536173534E1,1.571559715E1,-2.794459534E1
1.342711579E2,1.530174732E1,1.552438068E1,-2.808769226E1
1.342913229E2,1.534785175E1,1.547821236E1,-2.821661377E1
1.343114869E2,1.541829395E1,1.561978340E1,-2.792631531E1
1.343316519E2,1.549710751E1,1.582992554E1,-2.782852173E1
1.343518169E2,1.580763721E1,1.620717049E1,-2.757388306E1
1.343719819E2,1.614203644E1,1.670034599E1,-2.718121338E1
1.343921469E2,1.657026291E1,1.723260117E1,-2.653848267E1
1.344123119E2,1.686546326E1,1.783247757E1,-2.586974335E1
1.344324759E2,1.747836685E1,1.858544540E1,-2.508245087E1
1.344526409E2,1.823316574E1,1.936694145E1,-2.419630432E1
1.344728059E2,1.886174774E1,1.985548592E1,-2.323661804E1
1.344929709E2,1.966342545E1,2.037304115E1,-2.247329712E1
1.345131359E2,2.008924103E1,2.081884193E1,-2.183201599E1
1.345332999E2,2.043395805E1,2.135271072E1,-2.099783325E1
1.345534649E2,2.119089127E1,2.171890068E1,-1.995585632E1
1.345736299E2,2.231580734E1,2.182963562E1,-1.850829315E1
1.345937949E2,2.329344940E1,2.189206886E1,-1.775568390E1
1.346139599E2,2.346918869E1,2.204532433E1,-1.685221863E1
1.346341249E2,2.352725410E1,2.233608437E1,-1.642988586E1
1.346542889E2,2.352065277E1,2.287032890E1,-1.609947205E1
1.346744539E2,2.361219406E1,2.344718742E1,-1.505279541E1
1.346946189E2,2.380305862E1,2.355457878E1,-1.475601196E1
1.347147839E2,2.391390038E1,2.352915192E1,-1.452616119E1
1.347349489E2,2.363466454E1,2.359145355E1,-1.503572083E1
1.347551129E2,2.316344452E1,2.347726440E1,-1.627634430E1
1.347752779E2,2.251688004E1,2.332438087E1,-1.742903900E1
1.347954429E2,2.205478859E1,2.296778870E1,-1.830028534E1
1.348156079E2,2.170808411E1,2.241584587E1,-1.967388916E1
1.348357723E2,2.142681503E1,2.151409721E1,-2.052416992E1
1.348559373E2,2.133780670E1,2.061841202E1,-2.218795013E1
1.348761013E2,2.127742004E1,1.955076408E1,-2.330164337E1
1.348962663E2,2.085103607E1,1.867514420E1,-2.398547363E1
1.349164313E2,2.055128860E1,1.781471825E1,-2.520761108E1
1.349365963E2,2.033283234E1,1.670635605E1,-2.608019257E1
1.349567613E2,2.025702667E1,1.562250042E1,-2.710279083E1
1.349769263E2,1.995801163E1,1.474860382E1,-2.789834595E1
1.349970903E2,1.967012787E1,1.388964844E1,-2.841417694E1
1.350172553E2,1.922687912E1,1.318505573E1,-2.925232697E1
1.350374203E2,1.884784317E1,1.257645416E1,-2.965859222E1
1.350575853E2,1.856577682E1,1.210891151E1,-3.000589752E1
1.350777503E2,1.844147491E1,1.164675617E1,-3.044166565E1
1.350979143E2,1.839069366E1,1.137435150E1,-3.027574158E1
1.351180793E2,1.857639694E1,1.128770256E1,-3.014678955E1
1.351382443E2,1.916659927E1,1.164656544E1,-2.989349365E1
1.351584093E2,1.966582298E1,1.253377151E1,-2.934182739E1
1.351785743E2,2.033965302E1,1.352604580E1,-2.840101624E1
1.351987393E2,2.087367249E1,1.480089474E1,-2.728480530E1
1.352189033E2,2.150823975E1,1.584188175E1,-2.613188934E1
1.352390683E2,2.188277245E1,1.726725388E1,-2.492137146E1
1.352592333E2,2.232795334E1,1.882556343E1,-2.353357697E1
1.352793983E2,2.316515160E1,2.028466988E1,-2.131578064E1
1.352995633E2,2.411234283E1,2.118937492E1,-1.924649811E1
1.353197283E2,2.493910599E1,2.200012398E1,-1.718686676E1
1.353398923E2,2.536563110E1,2.272492218E1,-1.567282104E1
1.353600573E2,2.560213280E1,2.336941719E1,-1.423477936E1
1.353802223E2,2.593330002E1,2.375614929E1,-1.309291840E1
1.354003873E2,2.627839279E1,2.400933456E1,-1.161739349E1
1.354205523E2,2.668487549E1,2.396427536E1,-1.073196411E1
1.354407163E2,2.708528137E1,2.394972610E1,-1.034815979E1
1.354608813E2,2.723591995E1,2.369828224E1,-1.034402466E1
1.354810463E2,2.742388153E1,2.339938164E1,-1.072591400E1
1.355012113E2,2.765590286E1,2.301039124E1,-1.135183716E1
1.355213763E2,2.789825630E1,2.253858566E1,-1.227449036E1
1.355415413E2,2.786631775E1,2.199412727E1,-1.368294525E1
1.355617053E2,2.792491150E1,2.097079468E1,-1.501451111E1
1.355818703E2,2.789291000E1,1.994040298E1,-1.705583191E1
1.356020353E2,2.773803520E1,1.863062668E1,-1.888587189E1
1.356222003E2,2.742535019E1,1.736823082E1,-2.084959412E1
1.356423653E2,2.666074181E1,1.613064194E1,-2.254653168E1
1.356625293E2,2.638305664E1,1.517772293E1,-2.367528534E1
1.356826943E2,2.635321045E1,1.462082100E1,-2.432379913E1
1.357028593E2,2.610852814E1,1.391389084E1,-2.497814941E1
1.357230243E2,2.546697044E1,1.355710316E1,-2.638327026E1
1.357431893E2,2.435882378E1,1.289025593E1,-2.753233337E1
1.357633543E2,2.366227341E1,1.223141479E1,-2.868054962E1
1.357835183E2,2.340421677E1,1.147706318E1,-2.929615021E1
1.358036833E2,2.342017174E1,1.057194710E1,-2.965206146E1
1.358238483E2,2.368482018E1,1.010907364E1,-2.987397003E1
1.358440136E2,2.385084152E1,9.479522705E0,-2.977130890E1
1.358641786E2,2.409915924E1,8.976027489E0,-2.979193878E1
1.358843436E2,2.398567963E1,8.904837608E0,-3.004821014E1
1.359045076E2,2.395024109E1,8.623492241E0,-3.021845245E1
1.359246726E2,2.424076462E1,8.821056366E0,-2.983454132E1
1.359448376E2,2.448811340E1,9.194889069E0,-2.948615265E1
1.359650026E2,2.460472488E1,9.561502457E0,-2.940991974E1
1.359851676E2,2.509707260E1,9.955438614E0,-2.912073517E1
1.360053326E2,2.528502655E1,1.059049892E1,-2.879438019E1
1.360254966E2,2.542302322E1,1.109865761E1,-2.797264099E1
1.360456616E2,2.569545364E1,1.161384964E1,-2.757423401E1
1.360658266E2,2.601117325E1,1.251957321E1,-2.700893402E1
1.360859916E2,2.624973106E1,1.343016338E1,-2.643414307E1
1.361061566E2,2.640951920E1,1.446474457E1,-2.544448090E1
1.361263206E2,2.676571274E1,1.538349724E1,-2.451227570E1
1.361464856E2,2.742195892E1,1.617336082E1,-2.347676086E1
1.361666506E2,2.794144249E1,1.682349968E1,-2.215460205E1
1.361868156E2,2.798697662E1,1.788701248E1,-2.122949219E1
1.362069806E2,2.804175568E1,1.884044266E1,-2.085717010E1
1.362271456E2,2.857459259E1,1.930746841E1,-1.998936462E1
1.362473096E2,2.902201080E1,1.975769615E1,-1.831122589E1
1.362674746E2,2.959146118E1,1.999465179E1,-1.733762360E1
1.362876396E2,2.980962372E1,2.025671196E1,-1.647971344E1
1.363078046E2,2.986121750E1,2.050405502E1,-1.610427094E1
1.363279696E2,2.965317154E1,2.071121407E1,-1.634992218E1
1.363481346E2,2.959412384E1,2.098570061E1,-1.665891266E1
1.363682986E2,2.967578888E1,2.092731476E1,-1.675374603E1
1.363884636E2,2.962209702E1,2.072595024E1,-1.714464569E1
1.364086286E2,2.940668488E1,2.056744766E1,-1.760070801E1
1.364287936E2,2.869223213E1,2.026080894E1,-1.907061005E1
1.364489586E2,2.816585541E1,1.995254517E1,-2.031243134E1
1.364691226E2,2.742909241E1,1.952556610E1,-2.168101501E1
1.364892876E2,2.696272659E1,1.894973755E1,-2.295243835E1
1.365094526E2,2.632202148E1,1.824403572E1,-2.423852539E1
1.365296176E2,2.592067528E1,1.739609146E1,-2.537110138E1
1.365497826E2,2.540536690E1,1.646035957E1,-2.646618652E1
1.365699476E2,2.527088928E1,1.575971699E1,-2.722346497E1
1.365901116E2,2.517911911E1,1.490376663E1,-2.787027740E1
1.366102766E2,2.516781998E1,1.420790768E1,-2.823403168E1
1.366304416E2,2.537723160E1,1.311774540E1,-2.867595673E1
1.366506066E2,2.523705673E1,1.244484043E1,-2.921907043E1
1.366707716E2,2.523998260E1,1.180277061E1,-2.958076477E1
1.366909366E2,2.519188309E1,1.119691277E1,-2.977610016E1
1.367111006E2,2.500476074E1,1.040334034E1,-3.030693817E1
1.367312656E2,2.509222031E1,9.965353966E0,-3.022040558E1
1.367514306E2,2.550871277E1,9.539608955E0,-3.017897797E1
1.367715956E2,2.563748169E1,9.177633286E0,-3.011563873E1
1.367917606E2,2.616735649E1,9.065988541E0,-2.979749298E1
1.368119246E2,2.665702629E1,9.463779449E0,-2.931719208E1
1.368320896E2,2.684147835E1,9.984190941E0,-2.875939941E1
1.368522541E2,2.689015961E1,1.105140591E1,-2.866886902E1
1.368724191E2,2.695528221E1,1.204396152E1,-2.833618927E1
1.368925841E2,2.771886063E1,1.313921547E1,-2.691229248E1
1.369127491E2,2.832953072E1,1.428746986E1,-2.561735535E1
1.369329131E2,2.935156250E1,1.543664932E1,-2.409088898E1
1.369530781E2,3.028108025E1,1.642745590E1,-2.234886169E1
1.369732431E2,3.092656517E1,1.711590958E1,-2.071025848E1
1.369934081E2,3.122848892E1,1.799561882E1,-1.925089264E1
1.370135731E2,3.164608765E1,1.866172981E1,-1.826188660E1
1.370337381E2,3.202043533E1,1.874605942E1,-1.733464050E1
1.370539021E2,3.253387833E1,1.860430908E1,-1.638578796E1
1.370740671E2,3.290278625E1,1.855488586E1,-1.537982178E1
1.370942321E2,3.323115921E1,1.826447296E1,-1.472539520E1
1.371143971E2,3.365621185E1,1.800330162E1,-1.412049103E1
1.371345621E2,3.378736115E1,1.800137901E1,-1.409750366E1
1.371547261E2,3.377067566E1,1.786384964E1,-1.396839905E1
1.371748911E2,3.402946091E1,1.756367302E1,-1.402933502E1
1.371950561E2,3.394900131E1,1.739918900E1,-1.407122803E1
1.372152211E2,3.396309280E1,1.722300529E1,-1.432720947E1
1.372353861E2,3.375557709E1,1.724491501E1,-1.456886292E1
1.372555511E2,3.330284119E1,1.769662285E1,-1.529570770E1
1.372757151E2,3.286478806E1,1.776453209E1,-1.617498016E1
1.372958801E2,3.236140442E1,1.761877251E1,-1.703804016E1
1.373160451E2,3.166400146E1,1.761541367E1,-1.839002228E1
1.373362101E2,3.100517654E1,1.759946060E1,-1.956941986E1
1.373563751E2,3.049718857E1,1.755518150E1,-2.077632904E1
1.373765401E2,3.051676941E1,1.695887566E1,-2.113864136E1
1.373967041E2,3.084475517E1,1.626179886E1,-2.115184021E1
1.374168691E2,3.124839211E1,1.545313835E1,-2.121026611E1
1.374370341E2,3.122759056E1,1.453088760E1,-2.211572266E1
1.374571991E2,3.084436798E1,1.381991196E1,-2.296645355E1
1.374773641E2,3.042375946E1,1.337800980E1,-2.410120392E1
1.374975291E2,3.045463181E1,1.306230545E1,-2.421730804E1
1.375176931E2,3.098499298E1,1.259945393E1,-2.394721222E1
1.375378581E2,3.106071854E1,1.223051262E1,-2.396338654E1
1.375580231E2,3.089108276E1,1.160996056E1,-2.452740479E1
1.375781881E2,3.047718048E1,1.092339039E1,-2.554287720E1
1.375983531E2,2.991811371E1,1.057871819E1,-2.630004120E1
1.376185181E2,2.960023499E1,1.028571606E1,-2.711583710E1
1.376386821E2,2.921925735E1,1.002110767E1,-2.727756500E1
1.376588471E2,2.913657951E1,9.574655533E0,-2.746019745E1
1.376790121E2,2.933495903E1,9.531827927E0,-2.724271393E1
1.376991771E2,2.966660500E1,9.249676704E0,-2.685383606E1
1.377193421E2,3.037025261E1,9.418869019E0,-2.629667664E1
1.377395061E2,3.085161018E1,9.272737503E0,-2.592574310E1
1.377596711E2,3.131515694E1,8.931673050E0,-2.529160309E1
1.377798361E2,3.168551636E1,8.935709000E0,-2.463884735E1
1.378000011E2,3.200984192E1,8.960954666E0,-2.427512360E1
1.378201661E2,3.229238510E1,8.830430984E0,-2.362783813E1
1.378403316E2,3.249199677E1,8.868859291E0,-2.345239258E1
1.378604956E2,3.227616882E1,8.973566055E0,-2.337542725E1
1.378806606E2,3.253276825E1,9.277965546E0,-2.265348816E1
1.379008256E2,3.309233475E1,9.657231331E0,-2.191069794E1
1.379209906E2,3.353050613E1,9.632101059E0,-2.064981842E1
1.379411556E2,3.407752228E1,9.705878258E0,-1.944598389E1
1.379613206E2,3.433782959E1,9.699965477E0,-1.892906952E1
1.379814846E2,3.447982025E1,9.740724564E0,-1.861693573E1
1.380016496E2,3.455435562E1,9.627738953E0,-1.845626068E1
1.380218146E2,3.456795502E1,9.462083817E0,-1.784432983E1
1.380419796E2,3.475186920E1,9.075272560E0,-1.789030457E1
1.380621446E2,3.489130402E1,8.759328842E0,-1.731644440E1
1.380823096E2,3.497554779E1,8.608056068E0,-1.711167145E1
1.381024736E2,3.499125671E1,8.368982315E0,-1.722251129E1
1.381226386E2,3.504808807E1,8.070995331E0,-1.712451935E1
1.381428036E2,3.490501022E1,7.648223877E0,-1.737658691E1
1.381629686E2,3.470065689E1,7.221516609E0,-1.759156799E1
1.381831336E2,3.465323639E1,6.948505402E0,-1.768563843E1
1.382032976E2,3.435753632E1,6.348669052E0,-1.799235535E1
1.382234626E2,3.387091827E1,5.662822723E0,-1.869914246E1
1.382436276E2,3.368007660E1,5.099803925E0,-1.962396240E1
1.382637926E2,3.313916779E1,4.564277649E0,-2.034678650E1
1.382839576E2,3.277225494E1,4.180898666E0,-2.061583710E1
1.383041226E2,3.280469131E1,3.461099625E0,-2.101630402E1
1.383242866E2,3.249177933E1,2.160846710E0,-2.182806396E1
1.383444516E2,3.194593048E1,1.654932022E0,-2.259002686E1
1.383646166E2,3.211543655E1,8.809051514E-1,-2.272933960E1
1.383847816E2,3.228729630E1,2.239284515E-1,-2.244642639E1
1.384049466E2,3.245783234E1,-3.792324066E-1,-2.293263245E1
1.384251116E2,3.220518494E1,-1.063228607E0,-2.341914368E1
1.384452756E2,3.219525146E1,-1.393051147E0,-2.356562805E1
1.384654406E2,3.218590546E1,-1.340921402E0,-2.362977600E1
1.384856056E2,3.250231934E1,-1.258352280E0,-2.330414581E1
1.385057706E2,3.275079727E1,-1.265607834E0,-2.329622650E1
1.385259356E2,3.298546600E1,-1.550657272E0,-2.315692902E1
1.385461006E2,3.326610565E1,-1.755809784E0,-2.300116730E1
1.385662646E2,3.352293396E1,-2.151145935E0,-2.268718719E1
1.385864296E2,3.373053741E1,-2.633947372E0,-2.266614532E1
1.386065946E2,3.369134521E1,-3.090133667E0,-2.233763885E1
1.386267596E2,3.384838486E1,-3.702848434E0,-2.228990936E1
1.386469246E2,3.410206223E1,-4.216043472E0,-2.170003510E1
1.386670886E2,3.456772232E1,-4.914279938E0,-2.110096741E1
1.386872536E2,3.475626755E1,-5.470008850E0,-2.007406616E1
1.387074186E2,3.518189240E1,-6.108747482E0,-1.945288849E1
1.387275836E2,3.530354309E1,-6.921455383E0,-1.882187653E1
1.387477486E2,3.522958374E1,-7.398376465E0,-1.873168182E1
1.387679136E2,3.536254120E1,-7.864055634E0,-1.851050568E1
1.387880776E2,3.525807953E1,-8.231607437E0,-1.851250458E1
1.388082426E2,3.509402466E1,-8.483596802E0,-1.836687469E1
1.388284076E2,3.483225250E1,-8.828371048E0,-1.861307526E1
1.388485726E2,3.484201050E1,-9.075811386E0,-1.879849243E1
1.388687376E2,3.460449982E1,-9.258195877E0,-1.900506592E1
1.388889026E2,3.436782455E1,-9.422531128E0,-1.946110535E1
1.389090666E2,3.390637207E1,-9.537817001E0,-1.989276886E1
1.389292316E2,3.347035599E1,-9.572982788E0,-2.043064117E1
1.389493966E2,3.331542206E1,-9.935085297E0,-2.060295868E1
1.389695616E2,3.313211823E1,-1.004671097E1,-2.051096344E1
1.389897266E2,3.295671844E1,-1.039006042E1,-2.056613922E1
1.390098916E2,3.255320358E1,-1.109665298E1,-2.075714111E1
1.390300556E2,3.180415535E1,-1.167067146E1,-2.136804962E1
1.390502206E2,3.110200119E1,-1.269709969E1,-2.179994965E1
1.390703856E2,3.052209473E1,-1.351883507E1,-2.213024139E1
1.390905506E2,2.996570587E1,-1.424026299E1,-2.234822845E1
1.391107156E2,2.958051109E1,-1.497992134E1,-2.236985779E1
1.391308806E2,2.886795998E1,-1.604837227E1,-2.227490234E1
1.391510446E2,2.822188950E1,-1.665082550E1,-2.244754028E1
1.391712096E2,2.773476028E1,-1.744419861E1,-2.270457458E1
1.391913746E2,2.723530006E1,-1.806913376E1,-2.252314758E1
1.392115396E2,2.665346718E1,-1.894993210E1,-2.242364502E1
1.392317046E2,2.612577057E1,-1.957669449E1,-2.266837311E1
1.392518696E2,2.533280563E1,-2.005702972E1,-2.264740753E1
1.392720336E2,2.465882111E1,-2.074820709E1,-2.272229004E1
1.392921986E2,2.415400314E1,-2.122097397E1,-2.281152344E1
1.393123636E2,2.362305641E1,-2.205491638E1,-2.299295807E1
1.393325286E2,2.310500145E1,-2.278444672E1,-2.213025665E1
1.393526936E2,2.307946777E1,-2.337093735E1,-2.186309814E1
1.393728586E2,2.300172424E1,-2.414045715E1,-2.109893799E1
1.393930226E2,2.295965195E1,-2.504578018E1,-2.045676422E1
1.394131876E2,2.284627914E1,-2.561882782E1,-1.958075714E1
1.394333526E2,2.269164276E1,-2.622986603E1,-1.889227295E1
1.394535176E2,2.270557022E1,-2.691581345E1,-1.830822754E1
1.394736826E2,2.262028122E1,-2.750933266E1,-1.757031250E1
1.394938466E2,2.234859467E1,-2.807427788E1,-1.710552979E1
1.395140116E2,2.214875412E1,-2.868104553E1,-1.661831665E1
1.395341766E2,2.178234863E1,-2.926405716E1,-1.596018982E1
1.395543416E2,2.153671455E1,-2.975298500E1,-1.543987274E1
1.395745066E2,2.131043434E1,-3.035164452E1,-1.495342255E1
1.395946716E2,2.101976013E1,-3.086747742E1,-1.420040894E1
1.396148366E2,2.082227325E1,-3.120359993E1,-1.396036530E1
1.396350006E2,2.061216736E1,-3.149422646E1,-1.337982941E1
1.396551656E2,2.047460556E1,-3.175938988E1,-1.313312531E1
1.396753306E2,2.017353058E1,-3.191707230E1,-1.257673645E1
1.396954956E2,1.991487122E1,-3.218431854E1,-1.260432434E1
1.397156606E2,1.956925583E1,-3.233621597E1,-1.288557434E1
1.397358246E2,1.929374313E1,-3.250580215E1,-1.329920197E1
1.397559896E2,1.891484833E1,-3.249352264E1,-1.390188599E1
1.397761546E2,1.836296272E1,-3.240387344E1,-1.460163879E1
1.397963196E2,1.761110687E1,-3.234850693E1,-1.512062073E1
1.398164846E2,1.680960464E1,-3.235614395E1,-1.604609680E1
1.398366496E2,1.610558319E1,-3.215552521E1,-1.696866608E1
1.398568145E2,1.537234688E1,-3.195844650E1,-1.813671875E1
1.398769785E2,1.473305702E1,-3.167755508E1,-1.916526031E1
1.398971435E2,1.406013966E1,-3.146621513E1,-1.983893585E1
1.399173085E2,1.349211407E1,-3.167004585E1,-1.986521149E1
1.399374735E2,1.249933052E1,-3.159224510E1,-2.037042236E1
1.399576385E2,1.160479355E1,-3.170633125E1,-2.071827698E1
1.399778025E2,1.045790291E1,-3.183771324E1,-2.093061066E1
1.399979675E2,9.283446312E0,-3.228422546E1,-2.086177063E1
1.400181325E2,8.211481094E0,-3.286632919E1,-2.041856384E1
1.400382975E2,6.899041176E0,-3.359675598E1,-1.960695648E1
1.400584625E2,5.616339684E0,-3.458589935E1,-1.861992645E1
1.400786275E2,4.143215179E0,-3.500140762E1,-1.793556976E1
1.400987915E2,2.554883003E0,-3.568103027E1,-1.697816467E1
1.401189565E2,1.160745621E0,-3.593892670E1,-1.626885986E1
1.401391215E2,-2.108001709E-1,-3.615998840E1,-1.537336731E1
1.401592865E2,-1.655883789E0,-3.638034821E1,-1.467913818E1
1.401794515E2,-3.131282330E0,-3.638323975E1,-1.464170837E1
1.401996165E2,-4.656515598E0,-3.625473785E1,-1.438385010E1
1.402197805E2,-6.326090813E0,-3.571993256E1,-1.475637054E1
1.402399455E2,-8.023146629E0,-3.521152115E1,-1.544047546E1
1.402601105E2,-9.665275574E0,-3.440808487E1,-1.572100067E1
1.402802755E2,-1.075073433E1,-3.379004669E1,-1.655537415E1
1.403004405E2,-1.197962570E1,-3.295802689E1,-1.745612335E1
1.403206055E2,-1.291009045E1,-3.189315987E1,-1.842121124E1
1.403407695E2,-1.410395622E1,-3.083754539E1,-1.919931793E1
1.403609345E2,-1.514273739E1,-2.969633102E1,-2.022683716E1
1.403810995E2,-1.642646408E1,-2.867181206E1,-2.069308472E1
1.404012645E2,-1.743692207E1,-2.749650192E1,-2.130498505E1
1.404214295E2,-1.825010109E1,-2.685986328E1,-2.162241364E1
1.404415945E2,-1.913732529E1,-2.613790131E1,-2.185985565E1
1.404617585E2,-1.999498749E1,-2.558433151E1,-2.180525970E1
1.404819235E2,-2.069799423E1,-2.516328812E1,-2.235006714E1
1.405020885E2,-2.092932129E1,-2.489472961E1,-2.241009521E1
1.405222535E2,-2.130310822E1,-2.502505875E1,-2.292422485E1
1.405424185E2,-2.127176666E1,-2.562230110E1,-2.280795288E1
1.405625835E2,-2.109475136E1,-2.693692970E1,-2.186526489E1
1.405827475E2,-2.096810913E1,-2.830421829E1,-2.102784729E1
1.406029125E2,-2.110311127E1,-2.940785789E1,-1.958889771E1
1.406230775E2,-2.111435890E1,-3.046405792E1,-1.878456116E1
1.406432425E2,-2.116368103E1,-3.123194313E1,-1.775167084E1
1.406634075E2,-2.112781906E1,-3.218739700E1,-1.642448425E1
1.406835725E2,-2.143407822E1,-3.294785690E1,-1.520027161E1
1.407037365E2,-2.165583038E1,-3.336937714E1,-1.455641937E1
1.407239015E2,-2.172980881E1,-3.380162048E1,-1.337798309E1
1.407440665E2,-2.211015701E1,-3.445649719E1,-1.221509552E1
1.407642315E2,-2.209003258E1,-3.496616364E1,-1.135649872E1
1.407843965E2,-2.191986465E1,-3.509507751E1,-1.028695679E1
1.408045615E2,-2.184101868E1,-3.539125061E1,-9.419967651E0
1.408247255E2,-2.190742493E1,-3.573252487E1,-8.968284607E0
1.408448899E2,-2.195905304E1,-3.582137680E1,-8.689651489E0
1.408650549E2,-2.215989113E1,-3.554938889E1,-8.379737854E0
1.408852199E2,-2.252969742E1,-3.556531143E1,-8.577514648E0
1.409053849E2,-2.256882858E1,-3.546542358E1,-8.933494568E0
1.409255499E2,-2.273005676E1,-3.551908112E1,-9.071281433E0
1.409457139E2,-2.281739235E1,-3.528706360E1,-9.399124146E0
1.409658789E2,-2.304247475E1,-3.512414551E1,-1.018231964E1
1.409860439E2,-2.312333298E1,-3.483376694E1,-1.084851837E1
1.410062089E2,-2.323826218E1,-3.435825348E1,-1.172527313E1
1.410263739E2,-2.328594208E1,-3.406179047E1,-1.247727203E1
1.410465389E2,-2.364367294E1,-3.363321686E1,-1.384251404E1
1.410667029E2,-2.379986954E1,-3.295422363E1,-1.515143585E1
1.410868679E2,-2.386872864E1,-3.238845825E1,-1.616344452E1
1.411070329E2,-2.395912361E1,-3.150069046E1,-1.794323730E1
1.411271979E2,-2.417724228E1,-3.012145615E1,-1.986148071E1
1.411473629E2,-2.431830406E1,-2.893061066E1,-2.155343628E1
1.411675279E2,-2.441105270E1,-2.820451546E1,-2.285215759E1
1.411876919E2,-2.462169647E1,-2.751339149E1,-2.353208923E1
1.412078569E2,-2.513743973E1,-2.648473930E1,-2.402113342E1
1.412280219E2,-2.518932724E1,-2.587595177E1,-2.473831177E1
1.412481869E2,-2.525023270E1,-2.516290474E1,-2.566558838E1
1.412683519E2,-2.503717995E1,-2.472535896E1,-2.626744080E1
1.412885169E2,-2.494832230E1,-2.432393074E1,-2.674468994E1
1.413086809E2,-2.507244492E1,-2.376082420E1,-2.705564880E1
1.413288459E2,-2.546060181E1,-2.323864937E1,-2.723997498E1
1.413490109E2,-2.583931732E1,-2.263116646E1,-2.730270386E1
1.413691759E2,-2.609010696E1,-2.217859268E1,-2.751358032E1
1.413893409E2,-2.659810257E1,-2.182666397E1,-2.758622742E1
1.414095059E2,-2.717404556E1,-2.140467834E1,-2.722114563E1
1.414296699E2,-2.745682335E1,-2.120079422E1,-2.675337982E1
1.414498349E2,-2.808396339E1,-2.091144180E1,-2.636655426E1
1.414699999E2,-2.828262711E1,-2.063743591E1,-2.663147736E1
1.414901649E2,-2.850385475E1,-2.037131119E1,-2.687230682E1
1.415103299E2,-2.856185341E1,-2.009884834E1,-2.680371094E1
1.415304949E2,-2.883968735E1,-2.002212334E1,-2.684300232E1
1.415506589E2,-2.866666412E1,-2.034720802E1,-2.673400879E1
1.415708239E2,-2.861991119E1,-2.047805595E1,-2.665362549E1
1.415909889E2,-2.849968529E1,-2.070828438E1,-2.653933716E1
1.416111539E2,-2.846025658E1,-2.102093315E1,-2.673699951E1
1.416313189E2,-2.825452423E1,-2.154735374E1,-2.647096252E1
1.416514839E2,-2.774630737E1,-2.228618431E1,-2.614591980E1
1.416716479E2,-2.730155182E1,-2.293975639E1,-2.625496674E1
1.416918129E2,-2.709378052E1,-2.357092476E1,-2.595561981E1
1.417119779E2,-2.655369949E1,-2.409631920E1,-2.568169403E1
1.417321429E2,-2.609543610E1,-2.484497833E1,-2.531167603E1
1.417523079E2,-2.567027283E1,-2.582564926E1,-2.482281494E1
1.417724719E2,-2.519592667E1,-2.669634247E1,-2.419943237E1
1.417926369E2,-2.517417336E1,-2.747898865E1,-2.326106262E1
1.418128019E2,-2.511570168E1,-2.816799355E1,-2.291642761E1
1.418329669E2,-2.481163788E1,-2.887101936E1,-2.231390381E1
1.418531330E2,-2.435662460E1,-2.945561790E1,-2.212908173E1
1.418732980E2,-2.412545776E1,-3.011454964E1,-2.195644379E1
1.418934620E2,-2.380636597E1,-3.080476761E1,-2.184156036E1
1.419136270E2,-2.350191498E1,-3.199836349E1,-2.116672516E1
1.419337920E2,-2.307475281E1,-3.311830521E1,-2.023933411E1
1.419539570E2,-2.274404526E1,-3.418040466E1,-1.928182220E1
1.419741220E2,-2.256608582E1,-3.503318787E1,-1.899495697E1
1.419942870E2,-2.269412422E1,-3.548249817E1,-1.861014557E1
1.420144510E2,-2.306694412E1,-3.575067902E1,-1.813933563E1
1.420346160E2,-2.330962753E1,-3.590806580E1,-1.780355072E1
1.420547810E2,-2.339195633E1,-3.642937088E1,-1.764427948E1
1.420749460E2,-2.358408356E1,-3.674027634E1,-1.719533539E1
1.420951110E2,-2.362303543E1,-3.699805450E1,-1.687760162E1
1.421152760E2,-2.362988663E1,-3.727925110E1,-1.644490814E1
1.421354400E2,-2.379654121E1,-3.722296143E1,-1.620333862E1
1.421556050E2,-2.403515625E1,-3.720209503E1,-1.605786133E1
1.421757700E2,-2.405575371E1,-3.694316864E1,-1.619622803E1
1.421959350E2,-2.435001183E1,-3.653828430E1,-1.673977661E1
1.422161000E2,-2.448452759E1,-3.606060791E1,-1.694025421E1
1.422362650E2,-2.480797577E1,-3.553030014E1,-1.725344086E1
1.422564290E2,-2.523590088E1,-3.483798981E1,-1.767832184E1
1.422765940E2,-2.556466675E1,-3.394795990E1,-1.774157715E1
1.422967590E2,-2.597290802E1,-3.300619507E1,-1.852783203E1
1.423169240E2,-2.621418381E1,-3.187239647E1,-1.895935822E1
1.423370890E2,-2.652709770E1,-3.019330788E1,-1.990576935E1
1.423572540E2,-2.685361481E1,-2.893962860E1,-2.100039673E1
1.423774190E2,-2.715819168E1,-2.743669128E1,-2.184417725E1
1.423975830E2,-2.765482330E1,-2.558200264E1,-2.332989502E1
1.424177480E2,-2.810286713E1,-2.350281525E1,-2.472629547E1
1.424379130E2,-2.831506729E1,-2.193405914E1,-2.515499878E1
1.424580780E2,-2.852126312E1,-2.084532928E1,-2.553427887E1
1.424782430E2,-2.813698387E1,-2.022592163E1,-2.625638580E1
1.424984070E2,-2.789166641E1,-1.943380928E1,-2.710761261E1
1.425185720E2,-2.779422379E1,-1.850807762E1,-2.753458405E1
1.425387370E2,-2.795779800E1,-1.776973152E1,-2.755950165E1
1.425589020E2,-2.804355621E1,-1.741310692E1,-2.803118134E1
1.425790670E2,-2.809475708E1,-1.704721642E1,-2.825038910E1
1.425992320E2,-2.802316856E1,-1.687850380E1,-2.850657654E1
1.426193960E2,-2.779606819E1,-1.676670265E1,-2.878099060E1
1.426395610E2,-2.762965202E1,-1.682040596E1,-2.876618958E1
1.426597260E2,-2.784995079E1,-1.725170708E1,-2.858111572E1
1.426798910E2,-2.748677444E1,-1.780743599E1,-2.843061829E1
1.427000560E2,-2.707743835E1,-1.850718117E1,-2.844239044E1
1.427202210E2,-2.657922745E1,-1.924971199E1,-2.830866241E1
1.427403850E2,-2.601539230E1,-2.015649033E1,-2.781387329E1
1.427605500E2,-2.559313583E1,-2.110287094E1,-2.764859009E1
1.427807150E2,-2.538739395E1,-2.205887222E1,-2.723790741E1
1.428008800E2,-2.481236839E1,-2.302202034E1,-2.643693542E1
1.428210450E2,-2.465253067E1,-2.397833443E1,-2.642459106E1
1.428412093E2,-2.417495346E1,-2.467270470E1,-2.554290009E1
1.428613732E2,-2.377557564E1,-2.546817207E1,-2.517473602E1
1.428815383E2,-2.348491287E1,-2.641668892E1,-2.458110809E1
1.429017033E2,-2.338441849E1,-2.739398003E1,-2.397853088E1
1.429218683E2,-2.305528641E1,-2.842120743E1,-2.311232758E1
1.429420333E2,-2.292404366E1,-2.920958328E1,-2.271189117E1
1.429621982E2,-2.268377113E1,-2.976659775E1,-2.220105743E1
1.429823623E2,-2.265397263E1,-3.011906815E1,-2.217868042E1
1.430025273E2,-2.260287476E1,-3.040342331E1,-2.184211731E1
1.430226923E2,-2.267160797E1,-3.059227180E1,-2.149902344E1
1.430428572E2,-2.268566322E1,-3.108648491E1,-2.073081970E1
1.430630223E2,-2.287945557E1,-3.126891899E1,-2.041162109E1
1.430831873E2,-2.277820969E1,-3.144780922E1,-2.019158936E1
1.431033512E2,-2.320878601E1,-3.096512032E1,-2.015977478E1
1.431235162E2,-2.337141037E1,-3.063487434E1,-1.992393494E1
1.431436813E2,-2.360653496E1,-2.997573280E1,-1.994482422E1
1.431638463E2,-2.364905167E1,-2.972007179E1,-1.979397583E1
1.431840113E2,-2.352245331E1,-2.947868919E1,-1.942002106E1
1.432041763E2,-2.338483047E1,-2.911512184E1,-1.940013885E1
1.432243412E2,-2.332505608E1,-2.858735085E1,-1.966504669E1
1.432445053E2,-2.327795982E1,-2.759521103E1,-1.978296661E1
1.432646703E2,-2.343289185E1,-2.684716797E1,-1.997162628E1
1.432848353E2,-2.311469078E1,-2.617449188E1,-1.997241974E1
1.433050002E2,-2.298133087E1,-2.534303856E1,-2.039847565E1
1.433251653E2,-2.308173370E1,-2.461781883E1,-2.105397797E1
1.433453293E2,-2.321154404E1,-2.309712791E1,-2.181053925E1
1.433654942E2,-2.359191513E1,-2.180280304E1,-2.284731293E1
1.433856592E2,-2.387855148E1,-1.966341019E1,-2.354235840E1
1.434058243E2,-2.408226013E1,-1.787115669E1,-2.451763916E1
1.434259893E2,-2.395198441E1,-1.592920113E1,-2.617866516E1
1.434461543E2,-2.386113548E1,-1.434996414E1,-2.715380859E1
1.434663182E2,-2.375198746E1,-1.272905922E1,-2.791634369E1
1.434864833E2,-2.369726944E1,-1.154014969E1,-2.840164948E1
1.435066483E2,-2.378569031E1,-1.054744339E1,-2.868875122E1
1.435268133E2,-2.384950066E1,-9.466634750E0,-2.894886780E1
1.435469783E2,-2.373508453E1,-8.725492477E0,-2.915554047E1
1.435671432E2,-2.366708755E1,-8.344652176E0,-2.921363068E1
1.435873073E2,-2.355454636E1,-8.311454773E0,-2.939580536E1
1.436074723E2,-2.340742874E1,-8.515916824E0,-2.920009613E1
1.436276372E2,-2.313315582E1,-9.059385300E0,-2.894504547E1
1.436478022E2,-2.324074364E1,-9.616641998E0,-2.866619110E1
1.436679673E2,-2.317315292E1,-1.022865295E1,-2.819501495E1
1.436881323E2,-2.288611984E1,-1.104826736E1,-2.784836578E1
1.437082962E2,-2.270790100E1,-1.225676537E1,-2.686524200E1
1.437284612E2,-2.265561676E1,-1.361919785E1,-2.631816864E1
1.437486263E2,-2.276664734E1,-1.491669655E1,-2.502863312E1
1.437687913E2,-2.300664520E1,-1.593723106E1,-2.435643005E1
1.437889563E2,-2.323348618E1,-1.673447037E1,-2.319520569E1
1.438091213E2,-2.288750076E1,-1.764117241E1,-2.228582764E1
1.438292853E2,-2.254761505E1,-1.870591354E1,-2.133432770E1
1.438494511E2,-2.207256889E1,-1.967044067E1,-2.094321442E1
1.438696161E2,-2.184183502E1,-2.046757317E1,-2.050115204E1
1.438897811E2,-2.163416672E1,-2.078201103E1,-2.016553497E1
1.439099461E2,-2.161284637E1,-2.065342140E1,-1.981822968E1
1.439301111E2,-2.215724373E1,-2.062709999E1,-1.922182465E1
1.439502751E2,-2.205001450E1,-2.077792549E1,-1.906787872E1
1.439704401E2,-2.213157272E1,-2.089321899E1,-1.857510376E1
1.439906051E2,-2.215299225E1,-2.101691437E1,-1.823587036E1
1.440107701E2,-2.206851387E1,-2.100917435E1,-1.799905396E1
1.440309351E2,-2.245236969E1,-2.079064560E1,-1.793719482E1
1.440511001E2,-2.265406227E1,-2.042425537E1,-1.803823853E1
1.440712651E2,-2.268130493E1,-1.983765030E1,-1.819163513E1
1.440914291E2,-2.286714745E1,-1.953388214E1,-1.837788391E1
1.441115941E2,-2.292027092E1,-1.926059151E1,-1.886132050E1
1.441317591E2,-2.299442291E1,-1.858087730E1,-1.907691193E1
1.441519241E2,-2.276045418E1,-1.779726982E1,-1.947776031E1
1.441720891E2,-2.300482941E1,-1.728708076E1,-1.975208282E1
1.441922541E2,-2.342658424E1,-1.637641144E1,-2.000119781E1
1.442124181E2,-2.357531357E1,-1.523294830E1,-2.080071259E1
1.442325831E2,-2.371183777E1,-1.370742035E1,-2.189652252E1
1.442527481E2,-2.379414749E1,-1.189302444E1,-2.257196808E1
1.442729131E2,-2.374349213E1,-9.955999374E0,-2.360202789E1
1.442930781E2,-2.406698608E1,-8.234054565E0,-2.404678345E1
1.443132431E2,-2.409775352E1,-6.911933899E0,-2.463751984E1
1.443334071E2,-2.407545471E1,-5.839677811E0,-2.494618988E1
1.443535721E2,-2.424334717E1,-4.949842453E0,-2.530668640E1
1.443737371E2,-2.424913406E1,-4.564426422E0,-2.504768372E1
1.443939021E2,-2.447335243E1,-4.380643845E0,-2.485686493E1
1.444140671E2,-2.451541901E1,-4.230190277E0,-2.469539642E1
1.444342321E2,-2.442054749E1,-4.399293900E0,-2.472291565E1
1.444543971E2,-2.405835342E1,-4.771608353E0,-2.473890686E1
1.444745611E2,-2.409362984E1,-4.976013184E0,-2.500563049E1
1.444947261E2,-2.364029312E1,-5.576572418E0,-2.456796265E1
1.445148911E2,-2.344248962E1,-6.447080612E0,-2.471975708E1
1.445350561E2,-2.347686768E1,-7.116323471E0,-2.410832214E1
1.445552211E2,-2.311989212E1,-8.048576355E0,-2.394792175E1
1.445753861E2,-2.323040199E1,-9.003826141E0,-2.334455109E1
1.445955511E2,-2.297813034E1,-1.049290848E1,-2.246739197E1
1.446157151E2,-2.299587631E1,-1.160605812E1,-2.171975708E1
1.446358801E2,-2.288371658E1,-1.263703346E1,-2.072577667E1
1.446560451E2,-2.291602516E1,-1.368639946E1,-1.980142212E1
1.446762101E2,-2.310645294E1,-1.470398712E1,-1.838928223E1
1.446963751E2,-2.290146828E1,-1.566000557E1,-1.710009003E1
1.447165401E2,-2.301255035E1,-1.652584076E1,-1.613356781E1
1.447367051E2,-2.294486618E1,-1.731654549E1,-1.468612671E1
1.447568691E2,-2.291404724E1,-1.776884651E1,-1.424264526E1
1.447770341E2,-2.266327667E1,-1.826438904E1,-1.370579529E1
1.447971991E2,-2.225174713E1,-1.831467438E1,-1.346885681E1
1.448173641E2,-2.242611694E1,-1.839083290E1,-1.340766144E1
1.448375291E2,-2.236466980E1,-1.838519859E1,-1.327585602E1
1.448576938E2,-2.265413284E1,-1.830951881E1,-1.342422485E1
1.448778588E2,-2.290708351E1,-1.807295036E1,-1.327816772E1
1.448980238E2,-2.307613945E1,-1.771389198E1,-1.339004517E1
1.449181878E2,-2.326680374E1,-1.744137573E1,-1.365440369E1
1.449383528E2,-2.342892456E1,-1.692647171E1,-1.400251770E1
1.449585178E2,-2.368215942E1,-1.646818733E1,-1.436988831E1
1.449786828E2,-2.404447556E1,-1.582376289E1,-1.466696167E1
1.449988478E2,-2.413892746E1,-1.517380333E1,-1.537906647E1
1.450190128E2,-2.431563187E1,-1.452218056E1,-1.580643463E1
1.450391778E2,-2.453206635E1,-1.371526718E1,-1.620549011E1
1.450593418E2,-2.465463257E1,-1.283535385E1,-1.691036987E1
1.450795068E2,-2.492218399E1,-1.201090050E1,-1.746810150E1
1.450996718E2,-2.531124687E1,-1.092688751E1,-1.843175507E1
1.451198368E2,-2.527867889E1,-1.017360306E1,-1.884445953E1
1.451400018E2,-2.535780144E1,-9.042030334E0,-1.927368927E1
1.451601668E2,-2.550583076E1,-7.992418289E0,-1.970877838E1
1.451803318E2,-2.575880051E1,-6.480827332E0,-2.041573334E1
1.452004968E2,-2.587280655E1,-5.164466858E0,-2.067666626E1
1.452206608E2,-2.595540047E1,-3.850027084E0,-2.095511627E1
1.452408258E2,-2.594915390E1,-2.587572098E0,-2.114405060E1
1.452609908E2,-2.608897209E1,-1.217931747E0,-2.117018127E1
1.452811558E2,-2.616582108E1,-7.075881958E-2,-2.143963623E1
1.453013208E2,-2.637445450E1,8.077259064E-1,-2.160124969E1
1.453214858E2,-2.671768951E1,1.339275360E0,-2.112158966E1
1.453416508E2,-2.696811485E1,1.793268204E0,-2.080393982E1
1.453618158E2,-2.728476906E1,2.134420395E0,-2.054646301E1
1.453819798E2,-2.720497322E1,2.429025650E0,-2.101049805E1
1.454021448E2,-2.711896515E1,2.583517075E0,-2.094561768E1
1.454223098E2,-2.739548874E1,2.395124435E0,-2.085397339E1
1.454424748E2,-2.764836502E1,2.062349319E0,-2.056556702E1
1.454626398E2,-2.796440125E1,1.323051453E0,-2.055049896E1
1.454828048E2,-2.840466309E1,8.423786163E-1,-2.035018158E1
1.455029698E2,-2.879040337E1,1.989936829E-1,-2.020746613E1
1.455231348E2,-2.884805679E1,-6.149368286E-1,-2.017711639E1
1.455432988E2,-2.929919243E1,-1.896373749E0,-1.987102509E1
1.455634638E2,-2.937158203E1,-2.920946121E0,-1.966248322E1
1.455836288E2,-2.957434273E1,-3.775253296E0,-1.924723816E1
1.456037938E2,-2.955290222E1,-4.693981171E0,-1.874363708E1
1.456239588E2,-2.997182083E1,-5.274791718E0,-1.839513397E1
1.456441238E2,-2.997433853E1,-6.070774078E0,-1.855539703E1
1.456642888E2,-3.002575302E1,-6.822586060E0,-1.837727356E1
1.456844538E2,-2.994829750E1,-7.402019501E0,-1.834350586E1
1.457046178E2,-2.998027802E1,-7.656707764E0,-1.819908142E1
1.457247828E2,-3.028075027E1,-7.785161972E0,-1.812028503E1
1.457449478E2,-3.028182793E1,-7.999513626E0,-1.810021973E1
1.457651128E2,-3.031479836E1,-7.842519760E0,-1.807128906E1
1.457852778E2,-3.034708595E1,-7.674457550E0,-1.804519653E1
1.458054428E2,-3.042557144E1,-7.488645554E0,-1.803402710E1
1.458256078E2,-3.040236282E1,-7.097576141E0,-1.820275879E1
1.458457727E2,-3.067335892E1,-6.650905609E0,-1.844088745E1
1.458659367E2,-3.086473846E1,-6.092073441E0,-1.868276978E1
1.458861017E2,-3.076174164E1,-5.800079346E0,-1.861616516E1
1.459062667E2,-3.093591690E1,-5.270149231E0,-1.861845398E1
1.459264317E2,-3.097103119E1,-4.997657776E0,-1.879725647E1
1.459465967E2,-3.103318214E1,-4.613218307E0,-1.930090332E1
1.459667617E2,-3.115739822E1,-3.891357422E0,-1.892227173E1
1.459869267E2,-3.119004059E1,-2.957519531E0,-1.900674438E1
1.460070907E2,-3.121225357E1,-1.938138962E0,-1.882732391E1
1.460272557E2,-3.117230606E1,-9.280452728E-1,-1.864806366E1
1.460474207E2,-3.131728745E1,-7.342720032E-2,-1.855246735E1
1.460675857E2,-3.149662018E1,1.026695251E0,-1.802848053E1
1.460877507E2,-3.134077835E1,2.281377792E0,-1.725019836E1
1.461079157E2,-3.117527771E1,3.791082382E0,-1.688764954E1
1.461280807E2,-3.068995285E1,5.404465675E0,-1.667337799E1
1.461482447E2,-3.015984535E1,6.647312164E0,-1.652593994E1
1.461684097E2,-2.997127914E1,7.759523392E0,-1.617353058E1
1.461885747E2,-3.000324249E1,8.407362938E0,-1.602411652E1
1.462087397E2,-3.004038239E1,9.060449600E0,-1.575769806E1
1.462289047E2,-2.989858818E1,9.142966270E0,-1.590831757E1
1.462490697E2,-3.000413704E1,9.424295425E0,-1.634506989E1
1.462692347E2,-3.050119209E1,9.853425026E0,-1.680126190E1
1.462893987E2,-3.079233551E1,1.009971046E1,-1.743075562E1
1.463095637E2,-3.107345963E1,1.055836010E1,-1.762930298E1
1.463297287E2,-3.147787857E1,1.090259933E1,-1.771936798E1
1.463498937E2,-3.176996994E1,1.155762005E1,-1.767708588E1
1.463700587E2,-3.168665695E1,1.168741226E1,-1.825875092E1
1.463902237E2,-3.153668594E1,1.205961418E1,-1.891696930E1
1.464103887E2,-3.153679657E1,1.195062733E1,-1.972084808E1
1.464305527E2,-3.158071136E1,1.215437412E1,-1.994602203E1
1.464507177E2,-3.138731575E1,1.221213913E1,-2.010788727E1
1.464708827E2,-3.101062202E1,1.235504913E1,-1.965218353E1
1.464910477E2,-3.087810516E1,1.254811287E1,-1.920449066E1
1.465112127E2,-3.085426331E1,1.230539036E1,-1.905966949E1
1.465313777E2,-3.056659698E1,1.208599472E1,-1.866448212E1
1.465515427E2,-2.997541428E1,1.183181763E1,-1.870657349E1
1.465717067E2,-2.906424713E1,1.190868950E1,-1.896546936E1
1.465918717E2,-2.790434265E1,1.210135460E1,-1.967797089E1
1.466120367E2,-2.714886093E1,1.166619205E1,-1.982855988E1
1.466322017E2,-2.679845428E1,1.103948116E1,-2.015464020E1
1.466523667E2,-2.660517883E1,1.051059437E1,-2.027759552E1
1.466725317E2,-2.592923546E1,1.001333332E1,-2.055614471E1
1.466926967E2,-2.547927856E1,9.963108063E0,-2.131023407E1
1.467128607E2,-2.504525948E1,9.683284760E0,-2.137751007E1
1.467330257E2,-2.480925369E1,9.529970169E0,-2.177086639E1
1.467531907E2,-2.454354095E1,9.258416176E0,-2.201605988E1
1.467733557E2,-2.383637047E1,8.937266350E0,-2.252230072E1
1.467935207E2,-2.342697906E1,8.426846504E0,-2.287427521E1
1.468136857E2,-2.293319702E1,8.008741379E0,-2.337182617E1
1.468338507E2,-2.253645134E1,8.039959908E0,-2.349717712E1
1.468540142E2,-2.238092422E1,8.029938698E0,-2.401486206E1
1.468741792E2,-2.187543106E1,8.126525879E0,-2.414573669E1
1.468943442E2,-2.123787308E1,8.026237488E0,-2.468640137E1
1.469145092E2,-2.076158905E1,8.209831238E0,-2.499711609E1
1.469346742E2,-2.019718170E1,8.585786819E0,-2.516232300E1
1.469548392E2,-1.961750412E1,9.362518311E0,-2.559165955E1
1.469750042E2,-1.905499649E1,1.008273315E1,-2.587800598E1
1.469951682E2,-1.849588776E1,1.092419624E1,-2.538626099E1
1.470153332E2,-1.770467186E1,1.193694019E1,-2.533718109E1
1.470354982E2,-1.697866058E1,1.282572460E1,-2.506308746E1
1.470556632E2,-1.634980392E1,1.380361748E1,-2.499449921E1
1.470758282E2,-1.578632927E1,1.495642567E1,-2.503585052E1
1.470959932E2,-1.500898170E1,1.574594402E1,-2.462180328E1
1.471161582E2,-1.432396507E1,1.716511154E1,-2.388919830E1
1.471363222E2,-1.303075123E1,1.931552887E1,-2.334504700E1
1.471564872E2,-1.246525955E1,2.019097137E1,-2.307647705E1
1.471766522E2,-1.229127502E1,2.064827538E1,-2.284918213E1
1.471968172E2,-1.184057903E1,2.063829041E1,-2.297698975E1
1.472169822E2,-1.145917320E1,2.093703461E1,-2.308555603E1
1.472371472E2,-1.070233822E1,2.126416397E1,-2.307303619E1
1.472573122E2,-1.029276276E1,2.154541206E1,-2.330905914E1
1.472774762E2,-1.001305199E1,2.172147751E1,-2.334049225E1
1.472976412E2,-9.532238007E0,2.208873940E1,-2.340274811E1
1.473178062E2,-8.698079109E0,2.207032013E1,-2.372315979E1
1.473379712E2,-7.915037155E0,2.237880898E1,-2.377497101E1
1.473581362E2,-7.241765976E0,2.263547707E1,-2.409753418E1
1.473783012E2,-6.701576710E0,2.300788879E1,-2.388616943E1
1.473984652E2,-5.806174278E0,2.331741524E1,-2.389021301E1
1.474186302E2,-5.029350281E0,2.351039886E1,-2.380238342E1
1.474387952E2,-4.142410755E0,2.375506210E1,-2.396221161E1
1.474589602E2,-3.660025120E0,2.377284622E1,-2.396556854E1
1.474791252E2,-3.093800545E0,2.392356491E1,-2.377870178E1
1.474992902E2,-2.051552296E0,2.422525406E1,-2.350747681E1
1.475194552E2,-1.424384117E0,2.443032455E1,-2.354826355E1
1.475396192E2,-6.914358139E-1,2.442609406E1,-2.344831085E1
1.475597842E2,-3.296585083E-1,2.445253372E1,-2.306522369E1
1.475799492E2,1.367921829E-1,2.436490059E1,-2.343446350E1
1.476001142E2,6.073265076E-1,2.412276649E1,-2.304254150E1
1.476202792E2,1.266013145E0,2.406839943E1,-2.306985474E1
1.476404442E2,1.620698929E0,2.399812698E1,-2.315605164E1
1.476606092E2,1.952981949E0,2.370112610E1,-2.353624725E1
1.476807732E2,1.948040009E0,2.341251373E1,-2.371421051E1
1.477009382E2,2.336551666E0,2.293616676E1,-2.412892914E1
1.477211032E2,2.813383102E0,2.270036507E1,-2.441332245E1
1.477412682E2,3.136759758E0,2.249357224E1,-2.518972015E1
1.477614332E2,3.351105690E0,2.208670235E1,-2.567827606E1
1.477815982E2,3.631937981E0,2.169671059E1,-2.611539459E1
1.478017632E2,3.858654022E0,2.127718353E1,-2.663860321E1
1.478219272E2,3.980536461E0,2.093171501E1,-2.695529938E1
1.478420922E2,4.380056381E0,2.070885468E1,-2.742330933E1
1.478622576E2,4.542410851E0,2.027413368E1,-2.783189392E1
1.478824226E2,4.719120979E0,2.002209091E1,-2.813157654E1
1.479025876E2,4.653775215E0,1.973630142E1,-2.848143768E1
1.479227526E2,4.809523582E0,1.949231148E1,-2.892383575E1
1.479429166E2,4.998998642E0,1.903931808E1,-2.964066315E1
1.479630816E2,5.403718948E0,1.894917297E1,-2.927451324E1
1.479832466E2,5.995852470E0,1.894538498E1,-2.943461609E1
1.480034116E2,6.598830223E0,1.936171150E1,-2.900807190E1
1.480235766E2,7.093695641E0,1.937784576E1,-2.896980286E1
1.480437416E2,7.601526260E0,1.978051376E1,-2.882508850E1
1.480639066E2,8.446346283E0,2.018299294E1,-2.838769531E1
1.480840706E2,9.012264252E0,2.059205055E1,-2.781049347E1
1.481042356E2,9.871204376E0,2.104221725E1,-2.740767670E1
1.481244006E2,1.046816826E1,2.146642876E1,-2.658366394E1
1.481445656E2,1.145021057E1,2.182773399E1,-2.598657227E1
1.481647306E2,1.234324455E1,2.228316307E1,-2.518222046E1
1.481848956E2,1.313552284E1,2.252682686E1,-2.451324463E1
1.482050606E2,1.371650410E1,2.298367882E1,-2.387002563E1
1.482252246E2,1.462152004E1,2.347796059E1,-2.279868317E1
1.482453896E2,1.554798794E1,2.398476601E1,-2.163394165E1
1.482655546E2,1.674304199E1,2.423363876E1,-2.081838989E1
1.482857196E2,1.744083405E1,2.416975784E1,-2.000656891E1
1.483058846E2,1.791588211E1,2.411911011E1,-1.988665009E1
1.483260496E2,1.819182968E1,2.389136124E1,-1.984762573E1
1.483462146E2,1.853174782E1,2.369202423E1,-1.952575684E1
1.483663786E2,1.923418045E1,2.350530624E1,-1.948060608E1
1.483865436E2,1.978053284E1,2.319721222E1,-1.909556580E1
1.484067086E2,2.043183899E1,2.307482719E1,-1.904815674E1
1.484268736E2,2.078628349E1,2.282485390E1,-1.886758423E1
1.484470386E2,2.105230904E1,2.247346687E1,-1.879924774E1
1.484672036E2,2.139362717E1,2.232744026E1,-1.874762726E1
1.484873676E2,2.175205231E1,2.204948807E1,-1.858551788E1
1.485075326E2,2.214115906E1,2.187945747E1,-1.844997406E1
1.485276976E2,2.275979996E1,2.174623489E1,-1.824274445E1
1.485478626E2,2.279546165E1,2.152061272E1,-1.816660309E1
1.485680276E2,2.297118568E1,2.151155472E1,-1.790128326E1
1.485881926E2,2.328051186E1,2.136800575E1,-1.806908417E1
1.486083576E2,2.351627159E1,2.136884499E1,-1.812564850E1
1.486285216E2,2.355352211E1,2.137578583E1,-1.818657684E1
1.486486866E2,2.347500038E1,2.120329666E1,-1.825040436E1
1.486688516E2,2.310011101E1,2.139265251E1,-1.847737885E1
1.486890166E2,2.282835770E1,2.148686790E1,-1.917474365E1
1.487091816E2,2.256773758E1,2.158099556E1,-1.962722778E1
1.487293466E2,2.209383011E1,2.163039017E1,-2.015766144E1
1.487495116E2,2.156393623E1,2.177213478E1,-2.095793915E1
1.487696756E2,2.122748566E1,2.170051003E1,-2.146395874E1
1.487898406E2,2.063263702E1,2.167798233E1,-2.247271729E1
1.488100056E2,2.047983170E1,2.132719421E1,-2.308669281E1
1.488301706E2,2.009016800E1,2.056237602E1,-2.414655304E1
1.488503358E2,1.975660133E1,2.016401100E1,-2.484973145E1
1.488705007E2,1.942967224E1,1.964322281E1,-2.592072296E1
1.488906658E2,1.898163986E1,1.905268097E1,-2.663129425E1
1.489108298E2,1.891842270E1,1.857182312E1,-2.723319244E1
1.489309948E2,1.902614975E1,1.796386528E1,-2.774639130E1
1.489511597E2,1.949251175E1,1.746819115E1,-2.765961456E1
1.489713248E2,1.991887665E1,1.721815491E1,-2.812198639E1
1.489914898E2,2.012136459E1,1.683325958E1,-2.834235382E1
1.490116548E2,2.018308258E1,1.653168678E1,-2.881720734E1
1.490318187E2,2.032278442E1,1.623862267E1,-2.882016754E1
1.490519838E2,2.057832336E1,1.612425423E1,-2.880624390E1
1.490721488E2,2.075653458E1,1.597023964E1,-2.885339355E1
1.490923138E2,2.083881187E1,1.588905334E1,-2.866551208E1
1.491124788E2,2.063808250E1,1.595201302E1,-2.898225403E1
1.491326437E2,2.085177422E1,1.620420074E1,-2.852058411E1
1.491528088E2,2.111418724E1,1.636013412E1,-2.832968140E1
1.491729728E2,2.146080017E1,1.662209320E1,-2.778059387E1
1.491931378E2,2.164318085E1,1.696869850E1,-2.757038879E1
1.492133027E2,2.202952194E1,1.705451965E1,-2.724394226E1
1.492334678E2,2.219884300E1,1.714877892E1,-2.708869934E1
1.492536328E2,2.273141670E1,1.719061661E1,-2.642027283E1
1.492737978E2,2.316721725E1,1.746325302E1,-2.579335785E1
1.492939628E2,2.377105713E1,1.740116119E1,-2.541374969E1
1.493141268E2,2.400885773E1,1.749730110E1,-2.458711243E1
1.493342918E2,2.428808212E1,1.746441841E1,-2.434140015E1
1.493544568E2,2.466835022E1,1.745015335E1,-2.377616882E1
1.493746218E2,2.550297546E1,1.773701859E1,-2.292378235E1
1.493947867E2,2.635692978E1,1.767768860E1,-2.200318909E1
1.494149518E2,2.693132019E1,1.783769035E1,-2.088971710E1
1.494351168E2,2.713160515E1,1.799529266E1,-2.059742737E1
1.494552808E2,2.716324997E1,1.836310768E1,-2.020216370E1
1.494754457E2,2.711844635E1,1.909319305E1,-1.933886719E1
1.494956108E2,2.733551025E1,1.968909264E1,-1.872830200E1
1.495157758E2,2.735132599E1,2.005747604E1,-1.802667236E1
1.495359408E2,2.749645233E1,2.023257256E1,-1.787774658E1
1.495561058E2,2.727042007E1,2.047315025E1,-1.808468628E1
1.495762707E2,2.738330841E1,2.054113770E1,-1.837046814E1
1.495964348E2,2.713609314E1,2.063549232E1,-1.844520569E1
1.496165998E2,2.713643265E1,2.089564323E1,-1.822497559E1
1.496367648E2,2.704233551E1,2.103693008E1,-1.846576691E1
1.496569297E2,2.655159760E1,2.140485954E1,-1.886159515E1
1.496770948E2,2.635010147E1,2.151533318E1,-1.929022217E1
1.496972598E2,2.577073288E1,2.151985931E1,-1.980735779E1
1.497174238E2,2.550042915E1,2.157550240E1,-2.055175018E1
1.497375887E2,2.513819695E1,2.161819267E1,-2.120796967E1
1.497577538E2,2.468645859E1,2.146445274E1,-2.196782684E1
1.497779188E2,2.409934235E1,2.142914009E1,-2.289202118E1
1.497980838E2,2.369322586E1,2.113601685E1,-2.401501465E1
1.498182488E2,2.321307182E1,2.064554787E1,-2.460770416E1
1.498384137E2,2.279027939E1,2.003452301E1,-2.574677277E1
1.498585778E2,2.208509064E1,1.950028992E1,-2.690348816E1
1.498787428E2,2.159523010E1,1.908949280E1,-2.767755890E1
1.498989078E2,2.155078125E1,1.866197777E1,-2.824547577E1
1.499190728E2,2.191257095E1,1.806056213E1,-2.863329315E1
1.499392378E2,2.232720947E1,1.745653915E1,-2.880500031E1
1.499594028E2,2.258981133E1,1.685151482E1,-2.929707336E1
1.499795678E2,2.272584724E1,1.626805305E1,-2.944631958E1
1.499997318E2,2.281196785E1,1.634028244E1,-2.946693420E1
1.500198968E2,2.285123634E1,1.668993950E1,-2.915393066E1
1.500400618E2,2.311674690E1,1.696194077E1,-2.899186707E1
1.500602268E2,2.301309204E1,1.723382187E1,-2.889231110E1
1.500803918E2,2.294330978E1,1.735320091E1,-2.884006500E1
1.501005568E2,2.272403336E1,1.752889633E1,-2.895870209E1
1.501207218E2,2.266187286E1,1.787343788E1,-2.890935516E1
1.501408858E2,2.272937393E1,1.835545731E1,-2.847962952E1
1.501610508E2,2.261620331E1,1.890355492E1,-2.796903992E1
1.501812158E2,2.284566879E1,1.903604507E1,-2.751044464E1
1.502013808E2,2.326025772E1,1.950348663E1,-2.712924957E1
1.502215458E2,2.368189240E1,1.999804306E1,-2.628401947E1
1.502417108E2,2.428186035E1,2.016922569E1,-2.556237030E1
1.502618748E2,2.483959198E1,1.990183640E1,-2.508895111E1
1.502820398E2,2.574579239E1,1.928599358E1,-2.497255707E1
1.503022048E2,2.616598129E1,1.881989861E1,-2.450873566E1
1.503223698E2,2.661268234E1,1.835208893E1,-2.445676422E1
1.503425348E2,2.673877716E1,1.785419846E1,-2.491947174E1
1.503626998E2,2.706590652E1,1.758742905E1,-2.465540314E1
1.503828648E2,2.733615875E1,1.750044823E1,-2.412442017E1
1.504030288E2,2.798640823E1,1.768086433E1,-2.347723389E1
1.504231938E2,2.799590111E1,1.787500000E1,-2.344972229E1
1.504433588E2,2.743438148E1,1.835451126E1,-2.397709656E1
1.504635238E2,2.679851913E1,1.918321419E1,-2.402990723E1
1.504836888E2,2.650214005E1,2.004811287E1,-2.383425903E1
1.505038538E2,2.659957123E1,2.054267311E1,-2.332795715E1
1.505240188E2,2.683039856E1,2.039159393E1,-2.320996094E1
1.505441828E2,2.646203613E1,2.010503006E1,-2.449037170E1
1.505643478E2,2.580173111E1,1.976859856E1,-2.560076141E1
1.505845128E2,2.535180092E1,1.928485298E1,-2.670504761E1
1.506046778E2,2.527825546E1,1.887231636E1,-2.739831543E1
1.506248428E2,2.506850243E1,1.838747597E1,-2.772483063E1
1.506450078E2,2.488705635E1,1.807764435E1,-2.832077789E1
1.506651728E2,2.462712860E1,1.775350189E1,-2.890827942E1
1.506853368E2,2.411566925E1,1.738242149E1,-2.944538879E1
1.507055018E2,2.381507492E1,1.694093513E1,-3.024198914E1
1.507256668E2,2.348016357E1,1.646745300E1,-3.090663147E1
1.507458318E2,2.301517296E1,1.604702187E1,-3.166320801E1
1.507659968E2,2.246222496E1,1.561740303E1,-3.227047729E1
1.507861618E2,2.209197617E1,1.512546253E1,-3.306269073E1
1.508063268E2,2.161090088E1,1.491055298E1,-3.361632538E1
1.508264908E2,2.138552856E1,1.432966995E1,-3.381848907E1
1.508466558E2,2.107350349E1,1.392361641E1,-3.421472168E1
1.508668201E2,2.080410576E1,1.357833099E1,-3.458729553E1
1.508869851E2,2.050173950E1,1.378086281E1,-3.455796814E1
1.509071501E2,2.063158417E1,1.428103828E1,-3.443817139E1
1.509273151E2,2.088343811E1,1.511262321E1,-3.374858856E1
1.509474791E2,2.117752838E1,1.584546280E1,-3.342407227E1
1.509676441E2,2.066699600E1,1.688444710E1,-3.318794250E1
1.509878091E2,2.028271484E1,1.813986397E1,-3.280867767E1
1.510079741E2,2.025284958E1,1.930687141E1,-3.174039459E1
1.510281391E2,2.057625771E1,2.062072372E1,-3.074183655E1
1.510483041E2,2.128287506E1,2.152915001E1,-2.939113617E1
1.510684691E2,2.174703217E1,2.227314186E1,-2.833980560E1
1.510886331E2,2.209835434E1,2.312557030E1,-2.715926361E1
1.511087981E2,2.238677979E1,2.403655624E1,-2.589793396E1
1.511289631E2,2.237254906E1,2.492074776E1,-2.485716248E1
1.511491281E2,2.275520897E1,2.569418907E1,-2.393339539E1
1.511692931E2,2.298009491E1,2.583478928E1,-2.344988251E1
1.511894581E2,2.316233826E1,2.586334801E1,-2.306725311E1
1.512096231E2,2.319954300E1,2.591449356E1,-2.283518219E1
1.512297871E2,2.331745148E1,2.571433067E1,-2.318180084E1
1.512499521E2,2.344275665E1,2.555688095E1,-2.296855927E1
1.512701171E2,2.363949203E1,2.533613396E1,-2.338634491E1
1.512902821E2,2.369127655E1,2.485126305E1,-2.396035767E1
1.513104471E2,2.391088486E1,2.426118469E1,-2.467771912E1
1.513306121E2,2.395391846E1,2.354022980E1,-2.518975067E1
1.513507771E2,2.383649826E1,2.289236832E1,-2.606197357E1
1.513709411E2,2.373636246E1,2.208614159E1,-2.710377502E1
1.513911061E2,2.348233795E1,2.115487289E1,-2.842308044E1
1.514112711E2,2.352032661E1,2.027423859E1,-2.966247559E1
1.514314361E2,2.349370003E1,1.913485146E1,-3.052085876E1
1.514516011E2,2.349921799E1,1.842627716E1,-3.114544678E1
1.514717661E2,2.302323914E1,1.791031075E1,-3.202299500E1
1.514919311E2,2.244980621E1,1.780703735E1,-3.280332184E1
1.515120951E2,2.161235809E1,1.804146576E1,-3.331215668E1
1.515322601E2,2.107282639E1,1.807260895E1,-3.383800507E1
1.515524251E2,2.102824020E1,1.763598251E1,-3.415827179E1
1.515725901E2,2.074027252E1,1.697092247E1,-3.473202515E1
1.515927551E2,2.101487732E1,1.615161514E1,-3.491213989E1
1.516129201E2,2.112716293E1,1.537186623E1,-3.558525848E1
1.516330841E2,2.114916611E1,1.492638016E1,-3.555998993E1
1.516532491E2,2.123302841E1,1.469129944E1,-3.588324738E1
1.516734141E2,2.123142624E1,1.469242287E1,-3.593524933E1
1.516935791E2,2.140216064E1,1.435626507E1,-3.604512024E1
1.517137441E2,2.155842590E1,1.430807686E1,-3.610993958E1
1.517339091E2,2.142564774E1,1.402038002E1,-3.599627686E1
1.517540741E2,2.127758026E1,1.428836441E1,-3.591043091E1
1.517742381E2,2.059174728E1,1.493986130E1,-3.623912048E1
1.517944031E2,2.008056259E1,1.559156990E1,-3.625537109E1
1.518145681E2,1.965658569E1,1.649006653E1,-3.617488861E1
1.518347331E2,1.931828690E1,1.748758507E1,-3.589527130E1
1.518548981E2,1.884593964E1,1.837839127E1,-3.575384521E1
1.518750631E2,1.783714676E1,1.926500702E1,-3.532623291E1
1.518952281E2,1.707296371E1,1.991655159E1,-3.547623444E1
1.519153921E2,1.668798447E1,2.075666237E1,-3.492609406E1
1.519355571E2,1.643560791E1,2.128064537E1,-3.472190857E1
1.519557221E2,1.630212021E1,2.273389244E1,-3.401148987E1
1.519758871E2,1.654649734E1,2.370459938E1,-3.301901245E1
1.519960521E2,1.713353539E1,2.436548042E1,-3.218064880E1
1.520162171E2,1.771047592E1,2.447041130E1,-3.201824188E1
1.520363821E2,1.801827621E1,2.409221077E1,-3.204018402E1
1.520565461E2,1.785489273E1,2.349216270E1,-3.257883453E1
1.520767111E2,1.746952820E1,2.297497368E1,-3.331908417E1
1.520968761E2,1.723868179E1,2.193439102E1,-3.406539154E1
1.521170411E2,1.734993744E1,2.111296272E1,-3.482086945E1
1.521372061E2,1.773152924E1,2.001401711E1,-3.537625885E1
1.521573711E2,1.812731171E1,1.853976440E1,-3.618161011E1
1.521775351E2,1.856699753E1,1.690221786E1,-3.698281860E1
1.521977001E2,1.897961235E1,1.543425369E1,-3.775220490E1
1.522178651E2,1.938269043E1,1.404089165E1,-3.800463867E1
1.522380301E2,1.972061539E1,1.240693474E1,-3.842462921E1
1.522581951E2,1.997608185E1,1.086749363E1,-3.908689117E1
1.522783601E2,2.005568886E1,9.286459923E0,-3.962731934E1
1.522985251E2,2.040749741E1,7.786295891E0,-3.956121063E1
1.523186891E2,2.067414474E1,6.457089424E0,-3.946041107E1
1.523388541E2,2.077675629E1,5.182755470E0,-3.950193787E1
1.523590191E2,2.080323410E1,4.228193283E0,-3.957844543E1
1.523791841E2,2.060555458E1,3.574630737E0,-3.955706024E1
1.523993491E2,2.047387505E1,3.394617081E0,-3.965691376E1
1.524195141E2,2.055427742E1,3.968862534E0,-3.927555084E1
1.524396791E2,2.076127434E1,5.693499565E0,-3.859245300E1
1.524598431E2,2.090480614E1,8.204630852E0,-3.785198975E1
1.524800081E2,2.136479378E1,1.091281700E1,-3.682038116E1
1.525001731E2,2.184555435E1,1.334380531E1,-3.517000580E1
1.525203381E2,2.226404572E1,1.543972015E1,-3.339683533E1
1.525405031E2,2.274821091E1,1.711063194E1,-3.220972443E1
1.525606681E2,2.271049500E1,1.840034866E1,-3.102443695E1
1.525808331E2,2.262935638E1,1.960227394E1,-3.008192444E1
1.526009971E2,2.277824974E1,2.058275986E1,-2.879315186E1
1.526211621E2,2.308312225E1,2.130086708E1,-2.785063934E1
1.526413271E2,2.358889008E1,2.150689507E1,-2.682653046E1
1.526614921E2,2.367867661E1,2.164797211E1,-2.608030701E1
1.526816571E2,2.335134125E1,2.159460831E1,-2.617764282E1
1.527018221E2,2.314310646E1,2.136174202E1,-2.578610229E1
1.527219871E2,2.276497459E1,2.102578354E1,-2.600532532E1
1.527421511E2,2.256378365E1,2.078143883E1,-2.617118835E1
1.527623161E2,2.258885384E1,1.986522484E1,-2.629397583E1
1.527824811E2,2.254833984E1,1.908013725E1,-2.685647583E1
1.528026461E2,2.286420822E1,1.832294083E1,-2.721626282E1
1.528228111E2,2.257190323E1,1.790488625E1,-2.790465546E1
1.528429761E2,2.211400223E1,1.729539108E1,-2.903667450E1
1.528631420E2,2.271825409E1,1.680774498E1,-2.944445038E1
1.528833060E2,2.360294342E1,1.625020599E1,-2.974744415E1
1.529034710E2,2.467136383E1,1.566314220E1,-3.000188446E1
1.529236360E2,2.513772583E1,1.482553387E1,-3.089604187E1
1.529438010E2,2.505053520E1,1.380438423E1,-3.218407440E1
1.529639660E2,2.492644501E1,1.294413757E1,-3.325937653E1
1.529841310E2,2.482151413E1,1.201825333E1,-3.420120239E1
1.530042950E2,2.506327820E1,1.129235363E1,-3.485133362E1
1.530244600E2,2.528685379E1,1.093837357E1,-3.543946838E1
1.530446250E2,2.514999008E1,1.072416592E1,-3.574096680E1
1.530647900E2,2.515579224E1,1.049197197E1,-3.595945740E1
1.530849550E2,2.464876175E1,1.054141235E1,-3.635699463E1
1.531051200E2,2.455445480E1,1.079745388E1,-3.685594177E1
1.531252850E2,2.467603683E1,1.072684479E1,-3.688830566E1
1.531454490E2,2.486460114E1,1.072086143E1,-3.663356781E1
1.531656140E2,2.499824524E1,1.075634289E1,-3.686304474E1
1.531857790E2,2.505448532E1,1.074733829E1,-3.698104095E1
1.532059440E2,2.542711639E1,1.096965218E1,-3.664221191E1
1.532261090E2,2.574352646E1,1.125256252E1,-3.633663940E1
1.532462740E2,2.615499496E1,1.158014011E1,-3.612312317E1
1.532664390E2,2.650613022E1,1.203019047E1,-3.609885406E1
1.532866030E2,2.698883820E1,1.232326889E1,-3.576473236E1
1.533067680E2,2.728965378E1,1.268292236E1,-3.553418732E1
1.533269330E2,2.787179947E1,1.299905014E1,-3.536043549E1
1.533470980E2,2.807481766E1,1.303868103E1,-3.492205048E1
1.533672630E2,2.854412079E1,1.337524605E1,-3.464618683E1
1.533874280E2,2.879235268E1,1.355955124E1,-3.468975067E1
1.534075930E2,2.922380447E1,1.383629417E1,-3.415617371E1
1.534277570E2,3.064505386E1,1.408869743E1,-3.300218201E1
1.534479220E2,3.217622375E1,1.443107128E1,-3.173741150E1
1.534680870E2,3.345072937E1,1.481204605E1,-3.018072510E1
1.534882520E2,3.441984558E1,1.492663193E1,-2.930738831E1
1.535084170E2,3.520773315E1,1.476203918E1,-2.851769257E1
1.535285820E2,3.566423416E1,1.494620895E1,-2.796750641E1
1.535487470E2,3.576140213E1,1.496332741E1,-2.778878784E1
1.535689110E2,3.603265381E1,1.452523994E1,-2.802377319E1
1.535890760E2,3.583870697E1,1.446502876E1,-2.841725922E1
1.536092410E2,3.573041916E1,1.423575020E1,-2.891155243E1
1.536294060E2,3.598120117E1,1.437252426E1,-2.901743317E1
1.536495710E2,3.610318375E1,1.462142563E1,-2.874120331E1
1.536697360E2,3.633429337E1,1.505885506E1,-2.826923370E1
1.536899000E2,3.647605515E1,1.564130974E1,-2.854718781E1
1.537100650E2,3.616017532E1,1.637044716E1,-2.853414154E1
1.537302300E2,3.593711472E1,1.701007462E1,-2.895803070E1
1.537503950E2,3.571520996E1,1.731732750E1,-2.953821564E1
1.537705600E2,3.527011108E1,1.792282486E1,-3.012018585E1
1.537907250E2,3.490128708E1,1.827307701E1,-3.062261200E1
1.538108900E2,3.438179016E1,1.907257462E1,-3.125487518E1
1.538310540E2,3.395928192E1,1.933307076E1,-3.171571350E1
1.538512185E2,3.321824265E1,1.959804535E1,-3.274415588E1
1.538713835E2,3.261615372E1,1.952176666E1,-3.358393860E1
1.538915485E2,3.193630981E1,1.958656693E1,-3.451774597E1
1.539117135E2,3.118924332E1,1.975173569E1,-3.522351074E1
1.539318785E2,3.040741730E1,1.975183487E1,-3.638566589E1
1.539520435E2,2.972331619E1,1.912770081E1,-3.727890015E1
1.539722075E2,2.836410141E1,1.855133629E1,-3.838145447E1
1.539923725E2,2.710896683E1,1.821351051E1,-3.967171478E1
1.540125375E2,2.611668777E1,1.772715378E1,-4.063966370E1
1.540327025E2,2.520876694E1,1.740523529E1,-4.104273987E1
1.540528675E2,2.467501450E1,1.725661278E1,-4.138597107E1
1.540730325E2,2.442220497E1,1.720576668E1,-4.180448914E1
1.540931975E2,2.423826790E1,1.699306107E1,-4.227189636E1
1.541133615E2,2.404512405E1,1.695895576E1,-4.233766937E1
1.541335265E2,2.388685608E1,1.696537590E1,-4.255773163E1
1.541536915E2,2.365329361E1,1.696907043E1,-4.264808655E1
1.541738565E2,2.335065842E1,1.724492264E1,-4.283348083E1
1.541940215E2,2.330776215E1,1.741569138E1,-4.300509644E1
1.542141865E2,2.334773636E1,1.750089073E1,-4.306774139E1
1.542343515E2,2.337201309E1,1.787323189E1,-4.298061371E1
1.542545155E2,2.338821411E1,1.816873360E1,-4.303705597E1
1.542746805E2,2.305025482E1,1.858732414E1,-4.315456390E1
1.542948455E2,2.304261780E1,1.934829330E1,-4.303745270E1
1.543150105E2,2.320432663E1,1.996693039E1,-4.290843964E1
1.543351755E2,2.360591888E1,2.055942917E1,-4.257215118E1
1.543553405E2,2.416238785E1,2.087970543E1,-4.224845886E1
1.543755055E2,2.543324661E1,2.184848785E1,-4.119015503E1
1.543956695E2,2.629481506E1,2.253601456E1,-4.043148804E1
1.544158345E2,2.681161118E1,2.336442757E1,-3.981480408E1
1.544359995E2,2.771605682E1,2.379389954E1,-3.911550903E1
1.544561645E2,2.905940628E1,2.418311310E1,-3.796382904E1
1.544763295E2,2.974159622E1,2.439247704E1,-3.771450043E1
1.544964945E2,2.996380997E1,2.412978172E1,-3.762345123E1
1.545166595E2,3.021065903E1,2.408952713E1,-3.770149231E1
1.545368235E2,3.067462540E1,2.337818146E1,-3.761827087E1
1.545569885E2,3.138259506E1,2.279011154E1,-3.757223511E1
1.545771535E2,3.198450661E1,2.208064079E1,-3.770446777E1
1.545973185E2,3.251009369E1,2.154332924E1,-3.780526733E1
1.546174835E2,3.321994781E1,2.060762978E1,-3.779167175E1
1.546376485E2,3.405102158E1,1.964020348E1,-3.749656677E1
1.546578135E2,3.460892487E1,1.857828331E1,-3.743947601E1
1.546779775E2,3.511516571E1,1.764857674E1,-3.777301788E1
1.546981425E2,3.538386917E1,1.672559357E1,-3.777772522E1
1.547183075E2,3.560518646E1,1.591234493E1,-3.799159241E1
1.547384725E2,3.610765839E1,1.538847351E1,-3.803186798E1
1.547586375E2,3.638533783E1,1.460878754E1,-3.799967194E1
1.547788025E2,3.659331894E1,1.412485695E1,-3.782118988E1
1.547989665E2,3.708426285E1,1.366082382E1,-3.768015289E1
1.548191315E2,3.750671387E1,1.342521095E1,-3.746185303E1
1.548392965E2,3.792662048E1,1.298810387E1,-3.751969910E1
1.548594618E2,3.848407745E1,1.288915443E1,-3.726433563E1
1.548796268E2,3.883246994E1,1.260997009E1,-3.697452545E1
1.548997918E2,3.890580750E1,1.258078003E1,-3.674900055E1
1.549199568E2,3.924829483E1,1.271155930E1,-3.664351654E1
1.549401208E2,3.964702606E1,1.274595833E1,-3.633054352E1
1.549602858E2,3.994544220E1,1.284632874E1,-3.639543915E1
1.549804508E2,4.016348267E1,1.272531509E1,-3.616649628E1
1.550006158E2,4.035228348E1,1.243696213E1,-3.632897186E1
1.550207808E2,4.038344574E1,1.265126038E1,-3.633412933E1
1.550409458E2,4.062889099E1,1.242241478E1,-3.640131378E1
1.550611108E2,4.077935028E1,1.176313877E1,-3.670702362E1
1.550812748E2,4.048328018E1,1.101117420E1,-3.747566986E1
1.551014398E2,4.008655930E1,1.012526608E1,-3.779446411E1
1.551216048E2,3.978928375E1,9.112308502E0,-3.824446106E1
1.551417698E2,3.963673019E1,8.276822090E0,-3.873579407E1
1.551619348E2,4.002088165E1,7.495163918E0,-3.871135712E1
1.551820998E2,4.013207626E1,5.727155685E0,-3.871669769E1
1.552022648E2,3.990636444E1,4.591962814E0,-3.918532562E1
1.552224288E2,3.968923950E1,3.445320129E0,-3.950540924E1
1.552425938E2,3.939809418E1,2.365570068E0,-3.992235565E1
1.552627588E2,3.906035995E1,1.514024734E0,-3.991373444E1
1.552829238E2,3.923065948E1,4.746665955E-1,-3.994055939E1
1.553030888E2,3.934917831E1,-3.866119385E-1,-3.970276642E1
1.553232538E2,3.917076874E1,-1.224851608E0,-3.975620270E1
1.553434188E2,3.936000061E1,-2.142438889E0,-3.970407867E1
1.553635828E2,3.973842621E1,-2.973665237E0,-3.939655304E1
1.553837478E2,4.015837860E1,-3.497049332E0,-3.869910431E1
1.554039128E2,4.053853607E1,-3.775417328E0,-3.820088959E1
1.554240778E2,4.107443619E1,-3.785329819E0,-3.789333344E1
1.554442428E2,4.117105103E1,-3.605772018E0,-3.785251617E1
1.554644078E2,4.129360199E1,-3.059539795E0,-3.786711884E1
1.554845728E2,4.158311844E1,-2.869058609E0,-3.774200439E1
1.555047368E2,4.213015366E1,-2.162757874E0,-3.741079712E1
1.555249018E2,4.234088898E1,-1.444253922E0,-3.711555481E1
1.555450668E2,4.273455429E1,-6.329708099E-1,-3.676580048E1
1.555652318E2,4.348806763E1,1.794052124E-2,-3.632274628E1
1.555853968E2,4.433142471E1,2.499446869E-1,-3.525061798E1
1.556055618E2,4.520965195E1,-2.695941925E-1,-3.383032227E1
1.556257258E2,4.625888824E1,-7.441959381E-1,-3.254817200E1
1.556458908E2,4.673738480E1,-1.110462189E0,-3.157884979E1
1.556660558E2,4.703480530E1,-1.857881546E0,-3.132263947E1
1.556862208E2,4.700583649E1,-2.918951035E0,-3.123471832E1
1.557063858E2,4.681211472E1,-3.945026398E0,-3.158201599E1
1.557265508E2,4.649412918E1,-4.864311218E0,-3.167936707E1
1.557467158E2,4.624440384E1,-5.762300491E0,-3.174511719E1
1.557668798E2,4.589756012E1,-6.651371002E0,-3.203334808E1
1.557870448E2,4.516847229E1,-7.216911316E0,-3.275053406E1
1.558072098E2,4.507894135E1,-8.083198547E0,-3.307711792E1
1.558273748E2,4.469744492E1,-8.757797241E0,-3.301885986E1
1.558475398E2,4.427469254E1,-9.714536667E0,-3.329481506E1
1.558677043E2,4.396720886E1,-1.045190620E1,-3.329592896E1
1.558878693E2,4.354809189E1,-1.133282471E1,-3.347526550E1
1.559080333E2,4.316284943E1,-1.229304504E1,-3.337037659E1
1.559281983E2,4.284062195E1,-1.340256882E1,-3.327787781E1
1.559483633E2,4.248091888E1,-1.479679871E1,-3.305141449E1
1.559685283E2,4.147857666E1,-1.703443527E1,-3.274028778E1
1.559886933E2,4.095155334E1,-1.851609039E1,-3.256874847E1
1.560088583E2,3.992047882E1,-2.014710617E1,-3.232297516E1
1.560290233E2,3.881887436E1,-2.167956924E1,-3.221195984E1
1.560491873E2,3.774521255E1,-2.325934410E1,-3.194551086E1
1.560693523E2,3.668457794E1,-2.483339119E1,-3.212641144E1
1.560895173E2,3.548974228E1,-2.631503487E1,-3.172281647E1
1.561096823E2,3.454739380E1,-2.763257027E1,-3.159087372E1
1.561298473E2,3.355228043E1,-2.883717346E1,-3.110983276E1
1.561500123E2,3.261049652E1,-2.984783936E1,-3.077981567E1
1.561701773E2,3.163638306E1,-3.091334152E1,-3.041401672E1
1.561903413E2,3.090118027E1,-3.164929962E1,-3.034742737E1
1.562105063E2,2.988291740E1,-3.246117401E1,-3.055736542E1
1.562306713E2,2.897976494E1,-3.301451874E1,-3.032889557E1
1.562508363E2,2.806354523E1,-3.357827759E1,-3.032573700E1
1.562710013E2,2.723070526E1,-3.399459076E1,-3.053420258E1
1.562911663E2,2.618883514E1,-3.443933868E1,-3.032270813E1
1.563113313E2,2.546020889E1,-3.480181122E1,-3.085502625E1
1.563314953E2,2.451267242E1,-3.484632492E1,-3.111930084E1
1.563516603E2,2.358383942E1,-3.501741791E1,-3.164513397E1
1.563718253E2,2.286447716E1,-3.516382599E1,-3.198092651E1
1.563919903E2,2.218524742E1,-3.525643921E1,-3.241537476E1
1.564121553E2,2.114192581E1,-3.543238068E1,-3.288841248E1
1.564323203E2,2.008925247E1,-3.562979889E1,-3.326451111E1
1.564524853E2,1.898693466E1,-3.548857117E1,-3.410089874E1
1.564726493E2,1.786329079E1,-3.519454956E1,-3.457962799E1
1.564928143E2,1.673774338E1,-3.506647491E1,-3.538767242E1
1.565129793E2,1.567253113E1,-3.479975891E1,-3.599939728E1
1.565331443E2,1.465328884E1,-3.447700500E1,-3.681278992E1
1.565533093E2,1.376566601E1,-3.387950134E1,-3.749833679E1
1.565734743E2,1.323025608E1,-3.353186798E1,-3.812921906E1
1.565936393E2,1.276992702E1,-3.315880585E1,-3.870497894E1
1.566138033E2,1.259303474E1,-3.266274261E1,-3.894754028E1
1.566339683E2,1.274955368E1,-3.217168427E1,-3.958145142E1
1.566541333E2,1.299430275E1,-3.178369331E1,-3.984416199E1
1.566742983E2,1.325147629E1,-3.166033745E1,-3.990663147E1
1.566944633E2,1.373717308E1,-3.154745483E1,-3.984519196E1
1.567146283E2,1.443373680E1,-3.143228149E1,-3.938451385E1
1.567347933E2,1.488542747E1,-3.155243683E1,-3.931984711E1
1.567549573E2,1.536808014E1,-3.166422653E1,-3.890793610E1
1.567751223E2,1.585279179E1,-3.191836739E1,-3.865506744E1
1.567952873E2,1.644956207E1,-3.244168091E1,-3.783019257E1
1.568154523E2,1.685521317E1,-3.256404114E1,-3.734993744E1
1.568356173E2,1.731253624E1,-3.294705963E1,-3.683412933E1
1.568557827E2,1.751825142E1,-3.318537140E1,-3.655561066E1
1.568759477E2,1.725294304E1,-3.346871185E1,-3.630625153E1
1.568961117E2,1.687894821E1,-3.390605164E1,-3.640995026E1
1.569162767E2,1.644494057E1,-3.409233856E1,-3.598087311E1
1.569364417E2,1.626946640E1,-3.439954376E1,-3.591094971E1
1.569566067E2,1.586158752E1,-3.451876831E1,-3.594692993E1
1.569767717E2,1.541023445E1,-3.462602997E1,-3.612011719E1
1.569969367E2,1.484852600E1,-3.475442505E1,-3.638839722E1
1.570171017E2,1.435586071E1,-3.471696854E1,-3.648903656E1
1.570372657E2,1.399330616E1,-3.447777557E1,-3.664060211E1
1.570574307E2,1.337751102E1,-3.450628662E1,-3.701802826E1
1.570775957E2,1.331849575E1,-3.433897400E1,-3.746526337E1
1.570977607E2,1.324683571E1,-3.425957870E1,-3.748963165E1
1.571179257E2,1.325051880E1,-3.414363861E1,-3.759047699E1
1.571380907E2,1.350398636E1,-3.397829819E1,-3.796321869E1
1.571582557E2,1.394164467E1,-3.371552277E1,-3.783275604E1
1.571784197E2,1.437641525E1,-3.358291245E1,-3.800988007E1
1.571985847E2,1.472897530E1,-3.349821091E1,-3.799724579E1
1.572187497E2,1.490317726E1,-3.361955261E1,-3.756948090E1
1.572389147E2,1.525755501E1,-3.351782227E1,-3.751610565E1
1.572590797E2,1.549465179E1,-3.355639648E1,-3.763539886E1
1.572792447E2,1.573999214E1,-3.356082153E1,-3.769951630E1
1.572994097E2,1.603377342E1,-3.367049408E1,-3.728083038E1
1.573195737E2,1.627563858E1,-3.380171204E1,-3.724804688E1
1.573397387E2,1.660370255E1,-3.391322708E1,-3.682131958E1
1.573599037E2,1.675040245E1,-3.370952225E1,-3.676721191E1
1.573800687E2,1.698116112E1,-3.366161728E1,-3.657919312E1
1.574002337E2,1.734496880E1,-3.390058517E1,-3.666374207E1
1.574203987E2,1.763051605E1,-3.403015900E1,-3.672773743E1
1.574405637E2,1.791296768E1,-3.386053085E1,-3.624884033E1
1.574607277E2,1.830715179E1,-3.385529709E1,-3.635383606E1
1.574808927E2,1.854838181E1,-3.389138031E1,-3.600866699E1
1.575010577E2,1.870558167E1,-3.372078323E1,-3.619871521E1
1.575212227E2,1.907718658E1,-3.366986465E1,-3.597741699E1
1.575413877E2,1.940808868E1,-3.351236725E1,-3.592984772E1
1.575615527E2,1.970367050E1,-3.354456711E1,-3.576979828E1
1.575817177E2,2.003979874E1,-3.344401169E1,-3.564762115E1
1.576018817E2,2.051530838E1,-3.340544891E1,-3.515735626E1
1.576220467E2,2.065983582E1,-3.341329956E1,-3.496587372E1
1.576422117E2,2.082524872E1,-3.355007172E1,-3.476244354E1
1.576623767E2,2.099535370E1,-3.365248108E1,-3.466913605E1
1.576825417E2,2.127726936E1,-3.350299835E1,-3.432613373E1
1.577027067E2,2.155738258E1,-3.328046036E1,-3.413120270E1
1.577228717E2,2.202845383E1,-3.325566864E1,-3.411264038E1
1.577430357E2,2.243758392E1,-3.316812897E1,-3.410630798E1
1.577632007E2,2.267893600E1,-3.328240204E1,-3.410485077E1
1.577833657E2,2.298933411E1,-3.308229828E1,-3.417853546E1
1.578035307E2,2.325529099E1,-3.272365570E1,-3.384448242E1
1.578236957E2,2.354791260E1,-3.277289581E1,-3.391464233E1
1.578438607E2,2.360566711E1,-3.256696320E1,-3.389089966E1
1.578640258E2,2.352431870E1,-3.263893890E1,-3.377715302E1
1.578841898E2,2.363265228E1,-3.264748383E1,-3.356566620E1
1.579043548E2,2.395529556E1,-3.263990784E1,-3.314990997E1
1.579245198E2,2.422904968E1,-3.275949097E1,-3.309275055E1
1.579446848E2,2.453439713E1,-3.265126419E1,-3.283261871E1
1.579648498E2,2.473240662E1,-3.286331558E1,-3.278945160E1
1.579850148E2,2.500151062E1,-3.297542953E1,-3.241925049E1
1.580051798E2,2.506599808E1,-3.296080780E1,-3.240237427E1
1.580253438E2,2.537675858E1,-3.305824661E1,-3.186772156E1
1.580455088E2,2.558013535E1,-3.306095886E1,-3.181383514E1
1.580656738E2,2.592657089E1,-3.303402710E1,-3.184566498E1
1.580858388E2,2.596495438E1,-3.298512650E1,-3.186334991E1
1.581060038E2,2.617102432E1,-3.284430313E1,-3.178856659E1
1.581261688E2,2.650188828E1,-3.286020660E1,-3.143468475E1
1.581463338E2,2.662191391E1,-3.286593246E1,-3.133080292E1
1.581664978E2,2.656533051E1,-3.261362839E1,-3.165375519E1
1.581866628E2,2.639385605E1,-3.253560257E1,-3.152997589E1
1.582068278E2,2.667739105E1,-3.248751450E1,-3.144170380E1
1.582269928E2,2.685461426E1,-3.247484970E1,-3.171848297E1
1.582471578E2,2.691105652E1,-3.239319611E1,-3.188486481E1
1.582673228E2,2.670518875E1,-3.236248779E1,-3.193350983E1
1.582874878E2,2.662096405E1,-3.213425827E1,-3.223546600E1
1.583076518E2,2.628325272E1,-3.213793182E1,-3.257808685E1
1.583278168E2,2.623415375E1,-3.234342575E1,-3.252806854E1
1.583479818E2,2.613622665E1,-3.234289551E1,-3.250069427E1
1.583681468E2,2.591013718E1,-3.239742279E1,-3.243695831E1
1.583883118E2,2.551678467E1,-3.242805481E1,-3.248773956E1
1.584084768E2,2.523642731E1,-3.243009949E1,-3.281026459E1
1.584286418E2,2.502309418E1,-3.244101715E1,-3.291747284E1
1.584488068E2,2.481518173E1,-3.252180099E1,-3.276550293E1
1.584689708E2,2.482506561E1,-3.271258926E1,-3.281306458E1
1.584891358E2,2.491868210E1,-3.265063858E1,-3.280876160E1
1.585093008E2,2.478374481E1,-3.288502121E1,-3.259362793E1
1.585294658E2,2.486680222E1,-3.306393433E1,-3.256626892E1
1.585496308E2,2.488879395E1,-3.330033112E1,-3.253181458E1
1.585697958E2,2.490229034E1,-3.344748306E1,-3.216323853E1
1.585899598E2,2.490297699E1,-3.376558685E1,-3.148780823E1
1.586101248E2,2.498601151E1,-3.393204117E1,-3.105581665E1
1.586302898E2,2.516118240E1,-3.428518677E1,-3.101419830E1
1.586504548E2,2.517148209E1,-3.445691299E1,-3.017624664E1
1.586706198E2,2.532373428E1,-3.464231110E1,-2.982590485E1
1.586907848E2,2.544892883E1,-3.476230240E1,-2.960245514E1
1.587109498E2,2.543060303E1,-3.488342285E1,-2.932793427E1
1.587311138E2,2.533275986E1,-3.507681656E1,-2.908765411E1
1.587512788E2,2.539518356E1,-3.519906235E1,-2.901194000E1
1.587714438E2,2.553578186E1,-3.536071777E1,-2.879546356E1
1.587916088E2,2.561434555E1,-3.543249512E1,-2.862311554E1
1.588117738E2,2.571373367E1,-3.543787766E1,-2.845551300E1
1.588319388E2,2.545700836E1,-3.568374252E1,-2.842946625E1
1.588521038E2,2.523023987E1,-3.563271713E1,-2.838935089E1
1.588722680E2,2.528315735E1,-3.569598770E1,-2.853629303E1
1.588924330E2,2.535850525E1,-3.590675735E1,-2.815523529E1
1.589125980E2,2.527855492E1,-3.618505859E1,-2.780582428E1
1.589327630E2,2.512589073E1,-3.630967712E1,-2.735906219E1
1.589529280E2,2.516484261E1,-3.650111389E1,-2.729317474E1
1.589730930E2,2.502348137E1,-3.672789001E1,-2.710242462E1
1.589932580E2,2.493939209E1,-3.672130585E1,-2.696878815E1
1.590134230E2,2.508692169E1,-3.689192200E1,-2.642050934E1
1.590335870E2,2.537611389E1,-3.716039658E1,-2.605463409E1
1.590537520E2,2.556540680E1,-3.728152466E1,-2.585332489E1
1.590739170E2,2.567791748E1,-3.738897324E1,-2.582306671E1
1.590940820E2,2.567362595E1,-3.718623352E1,-2.578203583E1
1.591142470E2,2.559324646E1,-3.694602203E1,-2.625943756E1
1.591344120E2,2.536888123E1,-3.676910782E1,-2.665782928E1
1.591545770E2,2.536718369E1,-3.672750854E1,-2.711137390E1
1.591747410E2,2.513462830E1,-3.634764099E1,-2.742338562E1
1.591949060E2,2.478231049E1,-3.597666550E1,-2.828900909E1
1.592150710E2,2.474678421E1,-3.601713181E1,-2.901827240E1
1.592352360E2,2.425414276E1,-3.542362976E1,-2.964691925E1
1.592554010E2,2.371534729E1,-3.527615738E1,-3.027866364E1
1.592755660E2,2.334527016E1,-3.502608490E1,-3.083698273E1
1.592957300E2,2.297132301E1,-3.499941635E1,-3.153165436E1
1.593158950E2,2.276705742E1,-3.488539886E1,-3.156201935E1
1.593360600E2,2.274597549E1,-3.497290802E1,-3.155992126E1
1.593562250E2,2.259675598E1,-3.513405609E1,-3.158302307E1
1.593763900E2,2.242234421E1,-3.544001007E1,-3.144300842E1
1.593965550E2,2.213880920E1,-3.595892334E1,-3.097785950E1
1.594167200E2,2.194680023E1,-3.643970108E1,-3.020633698E1
1.594368850E2,2.175340652E1,-3.696715546E1,-2.977428436E1
1.594570490E2,2.144622040E1,-3.734334183E1,-2.910361481E1
1.594772140E2,2.101030350E1,-3.792900085E1,-2.869606781E1
1.594973790E2,2.053159332E1,-3.831668854E1,-2.833788300E1
1.595175440E2,1.995842743E1,-3.868290710E1,-2.783930206E1
1.595377090E2,1.969795990E1,-3.891132355E1,-2.769510651E1
1.595578740E2,1.936933899E1,-3.933927155E1,-2.716696930E1
1.595780390E2,1.909870148E1,-3.989336777E1,-2.666675568E1
1.595982030E2,1.872515678E1,-4.023276520E1,-2.617884064E1
1.596183680E2,1.826852989E1,-4.066354752E1,-2.601050568E1
1.596385330E2,1.760918617E1,-4.095600128E1,-2.571181488E1
1.596586980E2,1.694412613E1,-4.089051819E1,-2.579503632E1
1.596788630E2,1.634161758E1,-4.123249054E1,-2.571199799E1
1.596990280E2,1.585291481E1,-4.152452850E1,-2.505182648E1
1.597191930E2,1.567701626E1,-4.216294098E1,-2.452333069E1
1.597393570E2,1.525244427E1,-4.246464920E1,-2.361801147E1
1.597595220E2,1.503315926E1,-4.274170685E1,-2.317282867E1
1.597796870E2,1.437931061E1,-4.325960541E1,-2.247660065E1
1.597998520E2,1.401472473E1,-4.388170624E1,-2.161402130E1
1.598200170E2,1.374035263E1,-4.416059113E1,-2.081986237E1
1.598401820E2,1.358646011E1,-4.448116302E1,-2.020969391E1
1.598603466E2,1.312719345E1,-4.463359070E1,-1.958919525E1
1.598805106E2,1.258151340E1,-4.476544952E1,-1.958179474E1
1.599006756E2,1.215787029E1,-4.484619904E1,-1.974364471E1
1.599208406E2,1.162113667E1,-4.483028412E1,-1.999318695E1
1.599410056E2,1.114875507E1,-4.476174927E1,-2.033932495E1
1.599611706E2,1.071724415E1,-4.474592590E1,-2.112823486E1
1.599813356E2,1.016836452E1,-4.442182922E1,-2.184041595E1
1.600015006E2,9.435019493E0,-4.387609863E1,-2.291526031E1
1.600216646E2,9.193808556E0,-4.368469238E1,-2.393334198E1
1.600418296E2,8.512267113E0,-4.324937820E1,-2.504340363E1
1.600619946E2,7.996451378E0,-4.277219009E1,-2.599738312E1
1.600821596E2,7.610976219E0,-4.237181854E1,-2.714879608E1
1.601023246E2,7.066132545E0,-4.174986267E1,-2.793942261E1
1.601224896E2,6.286028862E0,-4.149502563E1,-2.870921326E1
1.601426546E2,5.566623688E0,-4.115539169E1,-3.002133942E1
1.601628186E2,4.567071915E0,-4.061460114E1,-3.087514496E1
1.601829836E2,3.835737228E0,-4.009084320E1,-3.156940460E1
1.602031486E2,3.512258530E0,-3.968241882E1,-3.193103790E1
1.602233136E2,2.553753853E0,-3.938659668E1,-3.236717224E1
1.602434786E2,1.785050392E0,-3.925855255E1,-3.282672119E1
1.602636436E2,1.096828461E0,-3.910171890E1,-3.307193756E1
1.602838086E2,4.385499954E-1,-3.883888626E1,-3.307642365E1
1.603039726E2,-4.525318146E-1,-3.864962006E1,-3.314612579E1
1.603241376E2,-1.031925201E0,-3.857236481E1,-3.305960846E1
1.603443026E2,-1.565217018E0,-3.876082611E1,-3.312209320E1
1.603644676E2,-2.143415451E0,-3.890032196E1,-3.259304810E1
1.603846326E2,-2.895994186E0,-3.902226257E1,-3.252003479E1
1.604047976E2,-3.391125679E0,-3.922155762E1,-3.180801392E1
1.604249626E2,-3.642527580E0,-3.967893600E1,-3.104496765E1
1.604451266E2,-4.091516495E0,-4.023195267E1,-3.007241821E1
1.604652916E2,-4.619943619E0,-4.072961044E1,-2.973668671E1
1.604854566E2,-4.924427986E0,-4.087894440E1,-2.886591339E1
1.605056216E2,-4.972902298E0,-4.092031097E1,-2.841146088E1
1.605257866E2,-5.034199715E0,-4.094189835E1,-2.771758270E1
1.605459516E2,-4.954838276E0,-4.122249222E1,-2.672350311E1
1.605661166E2,-4.977704525E0,-4.176904297E1,-2.588504028E1
1.605862806E2,-4.730962753E0,-4.239860535E1,-2.499314880E1
1.606064456E2,-4.392210007E0,-4.289373779E1,-2.371070862E1
1.606266106E2,-3.745674133E0,-4.346313477E1,-2.246463013E1
1.606467756E2,-3.109077454E0,-4.394831848E1,-2.121753693E1
1.606669406E2,-2.644653320E0,-4.422531891E1,-2.042227936E1
1.606871056E2,-1.948733330E0,-4.457441330E1,-1.963400269E1
1.607072706E2,-1.533630371E0,-4.465738297E1,-1.944131470E1
1.607274346E2,-1.162489891E0,-4.472178268E1,-1.966065979E1
1.607475996E2,-1.001871109E0,-4.431540298E1,-2.014814758E1
1.607677646E2,-8.361320496E-1,-4.398005676E1,-2.085772705E1
1.607879296E2,-6.282167435E-1,-4.365177917E1,-2.165664673E1
1.608080946E2,-6.656255722E-1,-4.326397324E1,-2.255059052E1
1.608282596E2,-8.552350998E-1,-4.228698349E1,-2.434365082E1
1.608484246E2,-9.201803207E-1,-4.163332367E1,-2.578577423E1
1.608685887E2,-1.178848267E0,-4.097995758E1,-2.741364288E1
1.608887537E2,-1.437082291E0,-4.018913269E1,-2.833004761E1
1.609089187E2,-1.558917999E0,-3.948561478E1,-2.945933533E1
1.609290837E2,-1.528496742E0,-3.899704742E1,-3.045489502E1
1.609492487E2,-1.464329720E0,-3.835021210E1,-3.131906128E1
1.609694137E2,-1.582849503E0,-3.796772766E1,-3.184712219E1
1.609895787E2,-1.647095680E0,-3.763331604E1,-3.203260803E1
1.610097427E2,-1.694544792E0,-3.750226593E1,-3.240890503E1
1.610299077E2,-1.842414856E0,-3.750296021E1,-3.258160400E1
1.610500727E2,-1.913206100E0,-3.725265503E1,-3.249518585E1
1.610702377E2,-2.019212723E0,-3.731195068E1,-3.261792755E1
1.610904027E2,-2.350743294E0,-3.725590134E1,-3.282032013E1
1.611105677E2,-2.678780556E0,-3.725626755E1,-3.301491547E1
1.611307327E2,-3.001430511E0,-3.711395645E1,-3.281899261E1
1.611508967E2,-3.178466797E0,-3.698678207E1,-3.297153473E1
1.611710617E2,-3.273565292E0,-3.697628784E1,-3.284365845E1
1.611912267E2,-3.325855255E0,-3.721627045E1,-3.247268677E1
1.612113917E2,-3.462454796E0,-3.713736725E1,-3.238710022E1
1.612315567E2,-3.546755791E0,-3.750771332E1,-3.230360413E1
1.612517217E2,-3.313673973E0,-3.770767975E1,-3.195936584E1
1.612718867E2,-3.260298729E0,-3.791528320E1,-3.194105530E1
1.612920507E2,-3.000960350E0,-3.812593079E1,-3.176135254E1
1.613122157E2,-2.985696793E0,-3.824750137E1,-3.170642853E1
1.613323807E2,-2.888586998E0,-3.827202606E1,-3.151345062E1
1.613525457E2,-2.613258362E0,-3.853130341E1,-3.138326263E1
1.613727107E2,-2.324835777E0,-3.869203568E1,-3.111353302E1
1.613928757E2,-1.842962265E0,-3.881935883E1,-3.094582367E1
1.614130407E2,-1.519573212E0,-3.908245850E1,-3.068103790E1
1.614332057E2,-1.392832756E0,-3.930155945E1,-3.076349640E1
1.614533697E2,-1.330975533E0,-3.928002167E1,-3.074448395E1
1.614735347E2,-1.019680023E0,-3.935260773E1,-3.039188385E1
1.614936997E2,-8.933238983E-1,-3.935685730E1,-3.047922516E1
1.615138647E2,-8.703870773E-1,-3.940005493E1,-3.035672760E1
1.615340297E2,-8.033227921E-1,-3.948947906E1,-3.053131866E1
1.615541947E2,-8.427486420E-1,-3.937636566E1,-3.039926910E1
1.615743597E2,-9.099769592E-1,-3.948773193E1,-3.074811554E1
1.615945237E2,-8.479156494E-1,-3.936441803E1,-3.067369843E1
1.616146887E2,-6.531648636E-1,-3.931739044E1,-3.091268158E1
1.616348537E2,-4.379606247E-1,-3.900767517E1,-3.156459808E1
1.616550187E2,-2.528524399E-1,-3.890867996E1,-3.158263397E1
1.616751837E2,2.317867279E-1,-3.895415115E1,-3.190985870E1
1.616953487E2,6.270103455E-1,-3.869141388E1,-3.215497589E1
1.617155137E2,9.891223907E-1,-3.858860779E1,-3.206005096E1
1.617356777E2,1.320563316E0,-3.856365204E1,-3.219133759E1
1.617558427E2,1.842073441E0,-3.856196594E1,-3.205632782E1
1.617760077E2,1.998959541E0,-3.864029694E1,-3.210208893E1
1.617961727E2,2.050447464E0,-3.869866943E1,-3.187973785E1
1.618163377E2,2.249120712E0,-3.870458984E1,-3.187506866E1
1.618365027E2,2.175948143E0,-3.879769135E1,-3.212812042E1
1.618566677E2,2.495119095E0,-3.867334747E1,-3.200069427E1
1.618768315E2,2.616393089E0,-3.885631561E1,-3.187165070E1
1.618969965E2,2.780388832E0,-3.877387619E1,-3.186849976E1
1.619171615E2,2.811911583E0,-3.873177338E1,-3.175730896E1
1.619373265E2,2.989171028E0,-3.896416473E1,-3.153640747E1
1.619574915E2,3.133073807E0,-3.895310974E1,-3.147442627E1
1.619776565E2,3.096428871E0,-3.921208572E1,-3.128469849E1
1.619978215E2,3.138191223E0,-3.944040680E1,-3.071319580E1
1.620179855E2,2.977980614E0,-3.961114120E1,-3.091268921E1
1.620381505E2,2.812064171E0,-3.979948425E1,-3.038597107E1
1.620583155E2,2.730795860E0,-3.989052582E1,-3.040313721E1
1.620784805E2,2.659348488E0,-4.009154510E1,-2.999873352E1
1.620986455E2,2.413301468E0,-4.030471802E1,-2.969383240E1
1.621188105E2,2.535173416E0,-4.046603394E1,-2.975137329E1
1.621389755E2,2.306989670E0,-4.044383240E1,-2.944715881E1
1.621591395E2,2.096600533E0,-4.019124603E1,-2.992022705E1
1.621793045E2,2.246390343E0,-4.041183472E1,-2.996049500E1
1.621994695E2,2.042603493E0,-4.042987823E1,-3.006690979E1
1.622196345E2,2.082864761E0,-4.011840820E1,-2.988366699E1
1.622397995E2,1.972112656E0,-4.021212769E1,-3.040457153E1
1.622599645E2,1.900135040E0,-4.004917145E1,-3.045501709E1
1.622801295E2,1.626178741E0,-3.982296753E1,-3.076673889E1
1.623002935E2,1.546817780E0,-3.968500519E1,-3.079124451E1
1.623204585E2,1.514107704E0,-3.967889404E1,-3.103735352E1
1.623406235E2,1.569967270E0,-3.956873322E1,-3.114906311E1
1.623607885E2,1.615594864E0,-3.939785767E1,-3.131672668E1
1.623809535E2,1.612871170E0,-3.943892670E1,-3.094586182E1
1.624011185E2,1.730185509E0,-3.951892090E1,-3.137086487E1
1.624212835E2,2.034326553E0,-3.960906982E1,-3.126753235E1
1.624414485E2,2.192938805E0,-3.948265076E1,-3.103800201E1
1.624616125E2,2.297244072E0,-3.968070221E1,-3.119329071E1
1.624817775E2,2.456619263E0,-3.967781830E1,-3.138576508E1
1.625019425E2,2.620903969E0,-3.972672272E1,-3.131139374E1
1.625221075E2,3.157833099E0,-3.991664124E1,-3.096193695E1
1.625422725E2,3.537050247E0,-4.000245667E1,-3.098915863E1
1.625624375E2,3.777436256E0,-4.017433929E1,-3.064402771E1
1.625826025E2,3.889502525E0,-4.012586975E1,-3.058358765E1
1.626027665E2,4.321732521E0,-4.030328369E1,-3.021522522E1
1.626229315E2,4.705555916E0,-4.069870758E1,-3.001446533E1
1.626430965E2,5.205222130E0,-4.095487976E1,-2.922875977E1
1.626632615E2,5.242077827E0,-4.121606445E1,-2.904110718E1
1.626834265E2,5.279582024E0,-4.117297363E1,-2.900180054E1
1.627035915E2,5.379878044E0,-4.151823425E1,-2.857122803E1
1.627237565E2,5.522437096E0,-4.152712250E1,-2.843777466E1
1.627439205E2,5.557139397E0,-4.191088867E1,-2.797526550E1
1.627640855E2,5.412440300E0,-4.203358459E1,-2.770114136E1
1.627842505E2,5.412219048E0,-4.223305511E1,-2.708287048E1
1.628044155E2,5.207425117E0,-4.268536377E1,-2.663194275E1
1.628245805E2,5.070462227E0,-4.285130310E1,-2.606726074E1
1.628447455E2,5.088131905E0,-4.316877747E1,-2.583349609E1
1.628649105E2,4.897547722E0,-4.330538940E1,-2.544541168E1
1.628850745E2,4.777800560E0,-4.346372986E1,-2.556333160E1
1.629052395E2,4.805005074E0,-4.357454681E1,-2.564856720E1
1.629254045E2,4.915963173E0,-4.376097870E1,-2.548371124E1
1.629455695E2,4.946166039E0,-4.369387817E1,-2.532649994E1
1.629657345E2,4.880148888E0,-4.397670746E1,-2.505384064E1
1.629858995E2,4.943270683E0,-4.392853546E1,-2.507445526E1
1.630060645E2,5.117680550E0,-4.391842651E1,-2.503076935E1
1.630262285E2,5.271533012E0,-4.401589966E1,-2.494330597E1
1.630463935E2,5.479444504E0,-4.394433212E1,-2.494420624E1
1.630665585E2,5.498548508E0,-4.389892578E1,-2.491097260E1
1.630867235E2,5.546731949E0,-4.397245789E1,-2.470047760E1
1.631068885E2,5.486122131E0,-4.395170975E1,-2.493970490E1
1.631270535E2,5.460626602E0,-4.386768723E1,-2.492525482E1
1.631472185E2,5.477060318E0,-4.393130875E1,-2.492384338E1
1.631673835E2,5.491800308E0,-4.391026306E1,-2.470643616E1
1.631875475E2,5.457391739E0,-4.384048462E1,-2.478668213E1
1.632077125E2,5.192697525E0,-4.374893951E1,-2.473298645E1
1.632278775E2,4.890439987E0,-4.379941940E1,-2.499101257E1
1.632480425E2,4.871194839E0,-4.401607895E1,-2.509819031E1
1.632682075E2,4.624196053E0,-4.384544754E1,-2.499835968E1
1.632883725E2,4.602372169E0,-4.403559494E1,-2.493555450E1
1.633085375E2,4.258782387E0,-4.401085663E1,-2.484175873E1
1.633287015E2,4.223656654E0,-4.420185852E1,-2.445027924E1
1.633488665E2,4.145312309E0,-4.445684052E1,-2.434749603E1
1.633690315E2,4.282980919E0,-4.464759827E1,-2.395552826E1
1.633891965E2,3.757266998E0,-4.458352661E1,-2.340682220E1
1.634093615E2,3.540966034E0,-4.488554382E1,-2.332735443E1
1.634295265E2,2.938545227E0,-4.485130310E1,-2.330205536E1
1.634496915E2,2.614230156E0,-4.487438965E1,-2.366464996E1
1.634698555E2,1.799142838E0,-4.465835571E1,-2.396109772E1
1.634900205E2,1.498186111E0,-4.460761261E1,-2.391605377E1
1.635101855E2,1.173287392E0,-4.458406830E1,-2.393152618E1
1.635303505E2,7.308769226E-1,-4.458534241E1,-2.414696503E1
1.635505155E2,6.504249573E-1,-4.440133667E1,-2.415402985E1
1.635706805E2,1.295623779E-1,-4.409576416E1,-2.473142242E1
1.635908455E2,4.216098785E-2,-4.382653809E1,-2.526203156E1
1.636110095E2,-3.776264191E-2,-4.337056732E1,-2.551139069E1
1.636311745E2,-2.601881027E-1,-4.306881714E1,-2.647975922E1
1.636513395E2,-3.457803726E-1,-4.268189621E1,-2.744676971E1
1.636715045E2,-6.360349655E-1,-4.185812378E1,-2.840590668E1
1.636916695E2,-8.621759415E-1,-4.113676834E1,-2.924343109E1
1.637118345E2,-8.069477081E-1,-4.068315125E1,-2.996166992E1
1.637319995E2,-8.401422501E-1,-4.045896530E1,-3.053079987E1
1.637521645E2,-6.333684921E-1,-4.041677475E1,-3.062357330E1
1.637723285E2,-6.878814697E-1,-4.036502457E1,-3.060230255E1
1.637924935E2,-6.614103317E-1,-4.031191254E1,-3.006468964E1
1.638126585E2,-9.498214722E-1,-4.053877640E1,-2.992646027E1
1.638328235E2,-8.750181198E-1,-4.102295303E1,-2.913719940E1
1.638529885E2,-9.502830505E-1,-4.157508469E1,-2.836717987E1
1.638731536E2,-1.041337967E0,-4.211796570E1,-2.743592072E1
1.638933186E2,-1.015762329E0,-4.266367340E1,-2.620964813E1
1.639134826E2,-1.202195168E0,-4.320776367E1,-2.471045685E1
1.639336476E2,-1.584140778E0,-4.375796890E1,-2.346033478E1
1.639538126E2,-1.982327461E0,-4.421106720E1,-2.240061188E1
1.639739776E2,-2.221848488E0,-4.481371307E1,-2.097457123E1
1.639941426E2,-2.833819389E0,-4.497375488E1,-1.984343719E1
1.640143076E2,-3.378835678E0,-4.529663849E1,-1.901196289E1
1.640344726E2,-3.769847870E0,-4.579775238E1,-1.787663269E1
1.640546376E2,-4.007737160E0,-4.581447220E1,-1.663381958E1
1.640748016E2,-4.330165863E0,-4.605312729E1,-1.609761047E1
1.640949666E2,-4.794318199E0,-4.620992661E1,-1.556803894E1
1.641151316E2,-4.913707733E0,-4.629832077E1,-1.541570282E1
1.641352966E2,-5.182219982E0,-4.616049576E1,-1.563704681E1
1.641554616E2,-5.628412247E0,-4.597033310E1,-1.590563202E1
1.641756266E2,-5.886591911E0,-4.580588913E1,-1.665860748E1
1.641957916E2,-6.278366089E0,-4.554743958E1,-1.746708679E1
1.642159566E2,-6.646159649E0,-4.505290222E1,-1.845217896E1
1.642361206E2,-7.107303143E0,-4.441734314E1,-1.968383026E1
1.642562856E2,-7.626421452E0,-4.355735779E1,-2.122884369E1
1.642764506E2,-8.236520767E0,-4.283673859E1,-2.278838348E1
1.642966156E2,-8.476676941E0,-4.228599167E1,-2.400281525E1
1.643167806E2,-8.573490143E0,-4.165348434E1,-2.474781799E1
1.643369456E2,-8.892730713E0,-4.113253021E1,-2.560209656E1
1.643571106E2,-9.141916275E0,-4.040349197E1,-2.661951447E1
1.643772756E2,-9.394494057E0,-3.975308609E1,-2.782396698E1
1.643974406E2,-9.789627075E0,-3.889174652E1,-2.915197754E1
1.644176046E2,-1.037842464E1,-3.785646057E1,-3.022795105E1
1.644377696E2,-1.070866013E1,-3.702694702E1,-3.087738800E1
1.644579346E2,-1.084244442E1,-3.648911285E1,-3.157828522E1
1.644780996E2,-1.087494564E1,-3.605218887E1,-3.240863037E1
1.644982646E2,-1.099794865E1,-3.527752304E1,-3.299900818E1
1.645184296E2,-1.117120552E1,-3.471968842E1,-3.345967102E1
1.645385946E2,-1.148125076E1,-3.403256226E1,-3.426808167E1
1.645587596E2,-1.175193787E1,-3.370066071E1,-3.472384644E1
1.645789246E2,-1.162504959E1,-3.349060822E1,-3.460588837E1
1.645990896E2,-1.182886696E1,-3.318142700E1,-3.505207062E1
1.646192536E2,-1.232876682E1,-3.308852386E1,-3.493195343E1
1.646394186E2,-1.252383995E1,-3.301651001E1,-3.465514374E1
1.646595836E2,-1.311161900E1,-3.317978668E1,-3.414253998E1
1.646797486E2,-1.343147182E1,-3.350534058E1,-3.354021454E1
1.646999136E2,-1.374791336E1,-3.397296143E1,-3.257563019E1
1.647200786E2,-1.418599319E1,-3.438916016E1,-3.190324402E1
1.647402436E2,-1.468753147E1,-3.490648651E1,-3.049819946E1
1.647604086E2,-1.507964706E1,-3.565117645E1,-2.926990509E1
1.647805736E2,-1.551772022E1,-3.634819794E1,-2.778591156E1
1.648007376E2,-1.575913429E1,-3.701428604E1,-2.673732758E1
1.648209026E2,-1.618155670E1,-3.760985184E1,-2.518842316E1
1.648410676E2,-1.650922394E1,-3.798588562E1,-2.412765503E1
1.648612326E2,-1.692441750E1,-3.847723007E1,-2.257800293E1
1.648813976E2,-1.720313263E1,-3.874217987E1,-2.189028931E1
1.649015626E2,-1.740505219E1,-3.876849365E1,-2.108871460E1
1.649217276E2,-1.784256363E1,-3.881715393E1,-2.072679901E1
1.649418926E2,-1.817798233E1,-3.879094696E1,-2.042243195E1
1.649620576E2,-1.852207947E1,-3.860914612E1,-2.002254486E1
1.649822226E2,-1.871893311E1,-3.866091919E1,-1.977140045E1
1.650023866E2,-1.901101303E1,-3.839533997E1,-1.948271179E1
1.650225516E2,-1.908687973E1,-3.827075195E1,-1.955555725E1
1.650427166E2,-1.899647141E1,-3.817492676E1,-1.982884216E1
1.650628816E2,-1.899583054E1,-3.798372650E1,-2.015307617E1
1.650830466E2,-1.865379524E1,-3.780111694E1,-2.070834351E1
1.651032116E2,-1.843935013E1,-3.752800751E1,-2.137705994E1
1.651233766E2,-1.809163666E1,-3.721346283E1,-2.175830841E1
1.651435416E2,-1.820067978E1,-3.674825287E1,-2.274773407E1
1.651637066E2,-1.841661263E1,-3.600775909E1,-2.329366302E1
1.651838716E2,-1.849540520E1,-3.531774902E1,-2.406046295E1
1.652040366E2,-1.860878563E1,-3.502446747E1,-2.481630707E1
1.652242006E2,-1.866567993E1,-3.448946381E1,-2.540174866E1
1.652443656E2,-1.879116249E1,-3.429920959E1,-2.557626343E1
1.652645306E2,-1.905882263E1,-3.400224304E1,-2.607977295E1
1.652846956E2,-1.932751083E1,-3.365497589E1,-2.620787048E1
1.653048606E2,-1.964838028E1,-3.332229996E1,-2.649321747E1
1.653250256E2,-1.965403748E1,-3.315726852E1,-2.671544647E1
1.653451906E2,-1.982942772E1,-3.297868347E1,-2.690283966E1
1.653653556E2,-2.010551071E1,-3.274141312E1,-2.677269745E1
1.653855206E2,-1.996018791E1,-3.274388504E1,-2.678205109E1
1.654056856E2,-2.030129623E1,-3.245245743E1,-2.687770844E1
1.654258496E2,-2.015748978E1,-3.235319138E1,-2.690309906E1
1.654460146E2,-2.010676765E1,-3.247063065E1,-2.689879608E1
1.654661796E2,-2.022531509E1,-3.255557251E1,-2.668563080E1
1.654863446E2,-2.037626076E1,-3.266513443E1,-2.614147186E1
1.655065096E2,-2.048884392E1,-3.289155197E1,-2.536882782E1
1.655266746E2,-2.048283768E1,-3.321762848E1,-2.496364594E1
1.655468396E2,-2.035815620E1,-3.368679810E1,-2.436015320E1
1.655670046E2,-2.053638077E1,-3.410384369E1,-2.343713379E1
1.655871696E2,-2.074298477E1,-3.453001404E1,-2.241958618E1
1.656073346E2,-2.086643028E1,-3.489939880E1,-2.128277588E1
1.656274996E2,-2.096272659E1,-3.515067291E1,-2.044942474E1
1.656476636E2,-2.135573196E1,-3.531581879E1,-1.922571564E1
1.656678286E2,-2.150373268E1,-3.584880829E1,-1.796272278E1
1.656879936E2,-2.157916260E1,-3.576751328E1,-1.734725952E1
1.657081586E2,-2.191312408E1,-3.592598724E1,-1.650973511E1
1.657283236E2,-2.209409332E1,-3.610012054E1,-1.620982361E1
1.657484886E2,-2.225735283E1,-3.593376923E1,-1.579714966E1
1.657686536E2,-2.226454926E1,-3.574662018E1,-1.587632751E1
1.657888186E2,-2.232670593E1,-3.538840866E1,-1.625004578E1
1.658089836E2,-2.239982224E1,-3.520905685E1,-1.702412415E1
1.658291476E2,-2.249460220E1,-3.474494934E1,-1.789306641E1
1.658493126E2,-2.244084740E1,-3.436127472E1,-1.878456879E1
1.658694771E2,-2.239120102E1,-3.369592285E1,-1.993842316E1
1.658896421E2,-2.262580872E1,-3.295442581E1,-2.073064423E1
1.659098071E2,-2.267563629E1,-3.246421051E1,-2.102317047E1
1.659299721E2,-2.292751694E1,-3.190295410E1,-2.189010620E1
1.659501371E2,-2.274783707E1,-3.144588089E1,-2.284182739E1
1.659703021E2,-2.278036880E1,-3.082060051E1,-2.363007355E1
1.659904671E2,-2.302416992E1,-2.998024940E1,-2.446074677E1
1.660106311E2,-2.321813965E1,-2.915489388E1,-2.532992554E1
1.660307961E2,-2.347050476E1,-2.827987099E1,-2.617678833E1
1.660509611E2,-2.338360023E1,-2.747328949E1,-2.723175049E1
1.660711261E2,-2.350183296E1,-2.672920227E1,-2.791246033E1
1.660912911E2,-2.338870239E1,-2.612038422E1,-2.854343414E1
1.661114561E2,-2.353663254E1,-2.532365417E1,-2.899269867E1
1.661316211E2,-2.369774246E1,-2.473596954E1,-2.993625641E1
1.661517861E2,-2.418119812E1,-2.398706055E1,-2.986971283E1
1.661719511E2,-2.441198730E1,-2.348920631E1,-3.029569244E1
1.661921161E2,-2.431882477E1,-2.310949135E1,-3.036420441E1
1.662122801E2,-2.448319626E1,-2.279725456E1,-3.051866913E1
1.662324451E2,-2.447834778E1,-2.227622032E1,-3.082181549E1
1.662526101E2,-2.465427780E1,-2.185453606E1,-3.088884735E1
1.662727751E2,-2.480974960E1,-2.151418495E1,-3.108982086E1
1.662929401E2,-2.495632172E1,-2.132420158E1,-3.116333771E1
1.663131051E2,-2.518951035E1,-2.096471024E1,-3.122172546E1
1.663332701E2,-2.537877464E1,-2.070853806E1,-3.129585266E1
1.663534351E2,-2.545579147E1,-2.026139450E1,-3.113500977E1
1.663736001E2,-2.546606064E1,-2.001346207E1,-3.099623108E1
1.663937641E2,-2.552304459E1,-1.991523361E1,-3.080541992E1
1.664139291E2,-2.536450195E1,-2.012094879E1,-3.067677307E1
1.664340941E2,-2.551121140E1,-2.017285156E1,-3.066287231E1
1.664542591E2,-2.549527359E1,-2.061198807E1,-3.003507996E1
1.664744241E2,-2.550906372E1,-2.121372223E1,-2.912971497E1
1.664945891E2,-2.562923813E1,-2.187820435E1,-2.839678192E1
1.665147541E2,-2.571469498E1,-2.267385864E1,-2.752399445E1
1.665349191E2,-2.564519882E1,-2.337277031E1,-2.672187042E1
1.665550831E2,-2.565595436E1,-2.368133736E1,-2.574105072E1
1.665752481E2,-2.576198578E1,-2.422801971E1,-2.480181885E1
1.665954131E2,-2.591599274E1,-2.463655090E1,-2.435115051E1
1.666155781E2,-2.582517624E1,-2.536486244E1,-2.323936462E1
1.666357431E2,-2.564392090E1,-2.615028191E1,-2.208689880E1
1.666559081E2,-2.536216736E1,-2.695362282E1,-2.108621979E1
1.666760731E2,-2.487049866E1,-2.760951042E1,-2.039247894E1
1.666962381E2,-2.451208115E1,-2.822785568E1,-1.958675385E1
1.667164031E2,-2.425733757E1,-2.881841278E1,-1.899234772E1
1.667365671E2,-2.385879517E1,-2.935677528E1,-1.826048279E1
1.667567321E2,-2.319707108E1,-3.003615761E1,-1.736683655E1
1.667768971E2,-2.250590134E1,-3.089861870E1,-1.656370544E1
1.667970621E2,-2.226306534E1,-3.155373955E1,-1.591044617E1
1.668172271E2,-2.174470711E1,-3.205502319E1,-1.510587311E1
1.668373921E2,-2.139529800E1,-3.258307648E1,-1.455008698E1
1.668575571E2,-2.116212463E1,-3.287513733E1,-1.411466980E1
1.668777225E2,-2.099287033E1,-3.304254150E1,-1.384863281E1
1.668978865E2,-2.088974380E1,-3.313912201E1,-1.385424805E1
1.669180515E2,-2.070671463E1,-3.324362946E1,-1.334059906E1
1.669382165E2,-2.040008736E1,-3.335261536E1,-1.352203369E1
1.669583815E2,-2.017560768E1,-3.305619812E1,-1.360044861E1
1.669785465E2,-2.032009125E1,-3.296749115E1,-1.393476868E1
1.669987115E2,-2.036377716E1,-3.296038818E1,-1.423845673E1
1.670188765E2,-2.026565742E1,-3.266581345E1,-1.482453156E1
1.670390415E2,-2.027306366E1,-3.228357697E1,-1.551746368E1
1.670592065E2,-2.014671516E1,-3.172932243E1,-1.646434021E1
1.670793705E2,-2.054547310E1,-3.143870735E1,-1.731179810E1
1.670995355E2,-2.056592751E1,-3.087194633E1,-1.820956421E1
1.671197005E2,-2.067995071E1,-3.042011452E1,-1.904092407E1
1.671398655E2,-2.053177261E1,-2.986427879E1,-2.007180786E1
1.671600305E2,-2.054725266E1,-2.913889503E1,-2.111584473E1
1.671801955E2,-2.043914986E1,-2.840862274E1,-2.200117493E1
1.672003605E2,-2.028649712E1,-2.768766403E1,-2.328724670E1
1.672205255E2,-2.020188332E1,-2.715204620E1,-2.432713318E1
1.672406895E2,-2.004768372E1,-2.655503082E1,-2.515200806E1
1.672608545E2,-1.979124069E1,-2.603713799E1,-2.624002075E1
1.672810195E2,-1.925527573E1,-2.526981163E1,-2.721238708E1
1.673011845E2,-1.910790634E1,-2.468274117E1,-2.781790924E1
1.673213495E2,-1.885881424E1,-2.416837120E1,-2.830141449E1
1.673415145E2,-1.876407051E1,-2.384633064E1,-2.876844025E1
1.673616795E2,-1.874828148E1,-2.373392296E1,-2.911578369E1
1.673818445E2,-1.858017921E1,-2.337343025E1,-2.927630615E1
1.674020095E2,-1.826836014E1,-2.337458229E1,-2.926518250E1
1.674221735E2,-1.791641426E1,-2.330549622E1,-2.958678436E1
1.674423385E2,-1.772945595E1,-2.361700821E1,-2.922379303E1
1.674625035E2,-1.811033821E1,-2.370376587E1,-2.882013702E1
1.674826685E2,-1.843202972E1,-2.434860992E1,-2.829373169E1
1.675028335E2,-1.868281555E1,-2.505933762E1,-2.709960938E1
1.675229985E2,-1.932865334E1,-2.543932152E1,-2.602415466E1
1.675431635E2,-1.952078629E1,-2.607773399E1,-2.515135193E1
1.675633285E2,-2.015796471E1,-2.664906311E1,-2.396074677E1
1.675834925E2,-2.034586334E1,-2.736261749E1,-2.280466461E1
1.676036575E2,-2.049299622E1,-2.817543411E1,-2.122303772E1
1.676238225E2,-2.054594421E1,-2.907712173E1,-1.953153992E1
1.676439875E2,-2.085475922E1,-2.967987442E1,-1.813272095E1
1.676641525E2,-2.099357033E1,-3.007363701E1,-1.719960785E1
1.676843175E2,-2.123690414E1,-3.039465523E1,-1.636003876E1
1.677044825E2,-2.148929977E1,-3.057686424E1,-1.544261169E1
1.677246475E2,-2.149652290E1,-3.081680489E1,-1.449305725E1
1.677448125E2,-2.155587769E1,-3.093210411E1,-1.335096741E1
1.677649765E2,-2.153565598E1,-3.131798744E1,-1.309935760E1
1.677851415E2,-2.145619965E1,-3.158398628E1,-1.296769714E1
1.678053065E2,-2.171099281E1,-3.126701546E1,-1.276040649E1
1.678254715E2,-2.165596771E1,-3.139891243E1,-1.265296936E1
1.678456365E2,-2.160633469E1,-3.119992638E1,-1.305898285E1
1.678658019E2,-2.173363876E1,-3.107390022E1,-1.399146271E1
1.678859669E2,-2.186405563E1,-3.056434441E1,-1.472211456E1
1.679061319E2,-2.200259781E1,-3.005007744E1,-1.583901215E1
1.679262969E2,-2.206907654E1,-2.942051125E1,-1.681553650E1
1.679464609E2,-2.201139450E1,-2.890070152E1,-1.843346405E1
1.679666259E2,-2.216398430E1,-2.791144371E1,-1.959284973E1
1.679867909E2,-2.233380508E1,-2.670117188E1,-2.118607330E1
1.680069559E2,-2.271678543E1,-2.563452721E1,-2.254338074E1
1.680271209E2,-2.295422173E1,-2.452848434E1,-2.327899170E1
1.680472859E2,-2.324573898E1,-2.357765198E1,-2.392066193E1
1.680674509E2,-2.356547165E1,-2.255031395E1,-2.466712189E1
1.680876159E2,-2.387790298E1,-2.112340355E1,-2.570169067E1
1.681077799E2,-2.397843552E1,-2.036211395E1,-2.623188019E1
1.681279449E2,-2.388540840E1,-2.042016792E1,-2.646163177E1
1.681481099E2,-2.323398209E1,-2.098587990E1,-2.631279755E1
1.681682749E2,-2.261146927E1,-2.214787102E1,-2.569503021E1
1.681884399E2,-2.200078201E1,-2.340000534E1,-2.450469971E1
1.682086049E2,-2.186569595E1,-2.474675751E1,-2.338679504E1
1.682287699E2,-2.124178314E1,-2.606419754E1,-2.205780029E1
1.682489349E2,-2.026258469E1,-2.779051590E1,-2.068440247E1
1.682690989E2,-1.961193466E1,-2.893986130E1,-1.971709442E1
1.682892639E2,-1.880467224E1,-2.997622871E1,-1.800380707E1
1.683094289E2,-1.848705292E1,-3.067185974E1,-1.665296173E1
1.683295939E2,-1.849941635E1,-3.130289268E1,-1.541651154E1
1.683497589E2,-1.860904121E1,-3.168008232E1,-1.423975372E1
1.683699239E2,-1.851035690E1,-3.200717163E1,-1.280340576E1
1.683900889E2,-1.836606598E1,-3.274030304E1,-1.135916901E1
1.684102539E2,-1.809011078E1,-3.321973801E1,-9.914741516E0
1.684304189E2,-1.791097450E1,-3.359390640E1,-9.107345581E0
1.684505829E2,-1.780735779E1,-3.381953430E1,-8.244651794E0
1.684707479E2,-1.763173294E1,-3.411671066E1,-7.600402832E0
1.684909129E2,-1.757304382E1,-3.392130280E1,-7.172851562E0
1.685110779E2,-1.744118881E1,-3.396194458E1,-6.891494751E0
1.685312429E2,-1.732079697E1,-3.407719040E1,-6.749946594E0
1.685514079E2,-1.708352852E1,-3.408060074E1,-7.026344299E0
1.685715729E2,-1.717938232E1,-3.394210052E1,-7.498527527E0
1.685917379E2,-1.697929192E1,-3.412714386E1,-8.483032227E0
1.686119019E2,-1.688415909E1,-3.386854553E1,-9.611885071E0
1.686320669E2,-1.675065804E1,-3.371786499E1,-1.060791779E1
1.686522319E2,-1.675134277E1,-3.332903290E1,-1.204347229E1
1.686723969E2,-1.687409019E1,-3.284982300E1,-1.360418701E1
1.686925619E2,-1.673960686E1,-3.197430229E1,-1.548628235E1
1.687127269E2,-1.681662369E1,-3.126328087E1,-1.728536987E1
1.687328919E2,-1.695744324E1,-3.032812881E1,-1.895996094E1
1.687530569E2,-1.679792786E1,-2.935871315E1,-2.067034912E1
1.687732219E2,-1.658756828E1,-2.831809998E1,-2.225805664E1
1.687933859E2,-1.678823662E1,-2.707523155E1,-2.370120239E1
1.688135509E2,-1.695967865E1,-2.605545235E1,-2.470165253E1
1.688337159E2,-1.723476791E1,-2.546074486E1,-2.535257721E1
1.688538809E2,-1.759521484E1,-2.484163094E1,-2.552538300E1
1.688740451E2,-1.814565086E1,-2.442919731E1,-2.547640228E1
1.688942101E2,-1.874042320E1,-2.387561226E1,-2.521372223E1
1.689143751E2,-1.898846054E1,-2.341826820E1,-2.537752533E1
1.689345401E2,-1.925889778E1,-2.321951485E1,-2.549813080E1
1.689547051E2,-1.940401459E1,-2.267933846E1,-2.547585297E1
1.689748691E2,-1.983469009E1,-2.240256310E1,-2.541329193E1
1.689950341E2,-2.047104454E1,-2.216151810E1,-2.551473999E1
1.690151991E2,-2.058166504E1,-2.189122009E1,-2.527793884E1
1.690353641E2,-2.075397873E1,-2.209790421E1,-2.516706848E1
1.690555291E2,-2.097032738E1,-2.230846405E1,-2.473086548E1
1.690756941E2,-2.159211349E1,-2.258240509E1,-2.380746460E1
1.690958591E2,-2.196994400E1,-2.307814789E1,-2.284780884E1
1.691160241E2,-2.246600914E1,-2.342575073E1,-2.179957581E1
1.691361881E2,-2.280176163E1,-2.396627045E1,-2.095446777E1
1.691563531E2,-2.269654465E1,-2.453851700E1,-1.970898438E1
1.691765181E2,-2.260544968E1,-2.539598465E1,-1.845144653E1
1.691966831E2,-2.273252869E1,-2.615363312E1,-1.725338745E1
1.692168481E2,-2.243872452E1,-2.699155617E1,-1.583454895E1
1.692370131E2,-2.192124176E1,-2.810499191E1,-1.439689636E1
1.692571781E2,-2.133245087E1,-2.919459152E1,-1.232459259E1
1.692773431E2,-2.085279083E1,-2.991016006E1,-1.023416138E1
1.692975081E2,-2.046928406E1,-3.071061707E1,-8.515747070E0
1.693176721E2,-1.989475250E1,-3.138141823E1,-6.634330750E0
1.693378371E2,-1.952355766E1,-3.167553329E1,-4.716049194E0
1.693580021E2,-1.908121490E1,-3.205472183E1,-3.529701233E0
1.693781671E2,-1.861444092E1,-3.210269547E1,-2.218750000E0
1.693983321E2,-1.853665733E1,-3.229768753E1,-2.041259766E0
1.694184971E2,-1.852186966E1,-3.230123520E1,-2.012176514E0
1.694386621E2,-1.859233475E1,-3.219924545E1,-1.675407410E0
1.694588271E2,-1.844462204E1,-3.216174698E1,-1.243041992E0
1.694789911E2,-1.818724442E1,-3.228480530E1,-4.574203491E-1
1.694991561E2,-1.776810074E1,-3.239311981E1,-1.637573242E-1
1.695193211E2,-1.740155792E1,-3.262968445E1,-4.413299561E-1
1.695394861E2,-1.704217529E1,-3.263721848E1,-7.607650757E-1
1.695596511E2,-1.692959595E1,-3.281544113E1,-1.563385010E0
1.695798161E2,-1.659662056E1,-3.281490326E1,-2.500625610E0
1.695999811E2,-1.630134392E1,-3.278897095E1,-3.342437744E0
1.696201461E2,-1.597080612E1,-3.294402313E1,-4.965942383E0
1.696403111E2,-1.568279076E1,-3.275069427E1,-6.392387390E0
1.696604751E2,-1.546641350E1,-3.241866302E1,-8.123764038E0
1.696806401E2,-1.537118626E1,-3.200006104E1,-9.783676147E0
1.697008051E2,-1.535620213E1,-3.152059746E1,-1.165517426E1
1.697209701E2,-1.518085670E1,-3.040649605E1,-1.430216980E1
1.697411351E2,-1.565853310E1,-2.968460274E1,-1.610549927E1
1.697613001E2,-1.583280277E1,-2.877675247E1,-1.761649323E1
1.697814651E2,-1.626224136E1,-2.775830841E1,-1.913277435E1
1.698016301E2,-1.661064148E1,-2.664605904E1,-2.044098663E1
1.698217951E2,-1.701925087E1,-2.579247475E1,-2.123860931E1
1.698419591E2,-1.726594543E1,-2.519316864E1,-2.178565979E1
1.698621241E2,-1.721514893E1,-2.480762863E1,-2.221188354E1
1.698822893E2,-1.693572617E1,-2.500082779E1,-2.220427704E1
1.699024543E2,-1.633668900E1,-2.572249603E1,-2.204065704E1
1.699226193E2,-1.589617920E1,-2.634505844E1,-2.103139496E1
1.699427843E2,-1.534871292E1,-2.719597626E1,-1.994220734E1
1.699629493E2,-1.521430397E1,-2.802575493E1,-1.894839478E1
1.699831143E2,-1.498449326E1,-2.903603172E1,-1.742591858E1
1.700032783E2,-1.462558651E1,-2.993849564E1,-1.606843567E1
1.700234433E2,-1.426918221E1,-3.096537209E1,-1.411534882E1
1.700436083E2,-1.378884506E1,-3.152110481E1,-1.232032776E1
1.700637733E2,-1.355794144E1,-3.192411804E1,-1.154372406E1
1.700839383E2,-1.340751648E1,-3.214343643E1,-1.062095642E1
1.701041033E2,-1.350268364E1,-3.224699402E1,-1.002309418E1
1.701242683E2,-1.390708160E1,-3.224869537E1,-9.579933167E0
1.701444333E2,-1.434990215E1,-3.226702118E1,-8.681663513E0
1.701645983E2,-1.460200691E1,-3.219548798E1,-7.735786438E0
1.701847623E2,-1.490957928E1,-3.207667542E1,-7.551895142E0
1.702049273E2,-1.507767200E1,-3.206248856E1,-7.378501892E0
1.702250923E2,-1.528337574E1,-3.187052155E1,-6.965095520E0
1.702452573E2,-1.561211967E1,-3.169586182E1,-6.736206055E0
1.702654223E2,-1.578180790E1,-3.188922501E1,-6.536895752E0
1.702855873E2,-1.590490627E1,-3.161987305E1,-6.581283569E0
1.703057523E2,-1.617778015E1,-3.153249359E1,-7.024040222E0
1.703259173E2,-1.606123161E1,-3.112822723E1,-7.421798706E0
1.703460813E2,-1.632110405E1,-3.100036812E1,-7.804130554E0
1.703662463E2,-1.647255325E1,-3.080862617E1,-8.267059326E0
1.703864113E2,-1.679979897E1,-3.047569656E1,-8.699325562E0
1.704065763E2,-1.676465416E1,-3.021055222E1,-9.583549500E0
1.704267413E2,-1.654438019E1,-3.001739120E1,-1.057150269E1
1.704469063E2,-1.662592888E1,-2.948370361E1,-1.197049713E1
1.704670713E2,-1.671654701E1,-2.887809753E1,-1.308729553E1
1.704872363E2,-1.689952087E1,-2.824749947E1,-1.436257172E1
1.705074013E2,-1.697710228E1,-2.742033386E1,-1.544355011E1
1.705275653E2,-1.756872368E1,-2.611494255E1,-1.740763855E1
1.705477303E2,-1.789803123E1,-2.515129852E1,-1.872391510E1
1.705678953E2,-1.861371040E1,-2.368290710E1,-1.971731567E1
1.705880603E2,-1.917748833E1,-2.248813629E1,-2.018930817E1
1.706082253E2,-2.000165558E1,-2.148931313E1,-2.074648285E1
1.706283903E2,-2.074010849E1,-2.079916000E1,-2.114875031E1
1.706485553E2,-2.110918045E1,-2.016107178E1,-2.130310822E1
1.706687203E2,-2.122526932E1,-1.982046700E1,-2.132802582E1
1.706888853E2,-2.118324471E1,-1.962774849E1,-2.134371185E1
1.707090493E2,-2.107203293E1,-1.977019691E1,-2.129885101E1
1.707292143E2,-2.086852837E1,-1.997484016E1,-2.105727386E1
1.707493793E2,-2.054582214E1,-2.065425682E1,-2.103838348E1
1.707695443E2,-2.020346642E1,-2.146593475E1,-2.022402954E1
1.707897093E2,-1.996431351E1,-2.207634354E1,-1.949774170E1
1.708098743E2,-1.984505081E1,-2.273316765E1,-1.836088562E1
1.708300393E2,-1.983146286E1,-2.340638924E1,-1.744660950E1
1.708502043E2,-1.955228615E1,-2.425307083E1,-1.636245728E1
1.708703690E2,-1.948876381E1,-2.493843079E1,-1.489317322E1
1.708905330E2,-1.923178482E1,-2.564583206E1,-1.333384705E1
1.709106980E2,-1.915060425E1,-2.633449745E1,-1.195674133E1
1.709308630E2,-1.909312248E1,-2.723360634E1,-1.055078888E1
1.709510280E2,-1.880620956E1,-2.758284378E1,-9.175674438E0
1.709711930E2,-1.859863472E1,-2.788530350E1,-7.772834778E0
1.709913580E2,-1.849189949E1,-2.835589218E1,-6.293693542E0
1.710115230E2,-1.845985031E1,-2.847571754E1,-5.127479553E0
1.710316880E2,-1.842008209E1,-2.876962662E1,-4.537666321E0
1.710518520E2,-1.814970970E1,-2.890343475E1,-3.574363708E0
1.710720170E2,-1.777554321E1,-2.917253876E1,-2.972206116E0
1.710921820E2,-1.733197403E1,-2.932177353E1,-2.498703003E0
1.711123470E2,-1.707602119E1,-2.950581741E1,-1.778755188E0
1.711325120E2,-1.688901520E1,-2.959568787E1,-1.922988892E0
1.711526770E2,-1.670844269E1,-2.965177917E1,-1.988273621E0
1.711728420E2,-1.643814087E1,-2.978645325E1,-2.241363525E0
1.711930070E2,-1.623420334E1,-2.993803787E1,-2.652023315E0
1.712131720E2,-1.621400642E1,-2.968582153E1,-3.176429749E0
1.712333360E2,-1.611483765E1,-2.971066284E1,-3.980178833E0
1.712535010E2,-1.588275337E1,-2.963867188E1,-5.102874756E0
1.712736660E2,-1.590625858E1,-2.951006508E1,-6.184432983E0
1.712938310E2,-1.583579063E1,-2.928211403E1,-6.999687195E0
1.713139960E2,-1.582876396E1,-2.896810722E1,-8.205528259E0
1.713341610E2,-1.586002922E1,-2.843399811E1,-9.949920654E0
1.713543260E2,-1.598390865E1,-2.787110329E1,-1.109769440E1
1.713744910E2,-1.603450203E1,-2.736028290E1,-1.247707367E1
1.713946560E2,-1.604050827E1,-2.688890266E1,-1.352509308E1
1.714148200E2,-1.593297005E1,-2.625805473E1,-1.507395172E1
1.714349850E2,-1.587667465E1,-2.554896736E1,-1.636101532E1
1.714551500E2,-1.581588745E1,-2.493240166E1,-1.722163391E1
1.714753150E2,-1.561120796E1,-2.420883942E1,-1.839418793E1
1.714954800E2,-1.569967556E1,-2.388089180E1,-1.911395264E1
1.715156450E2,-1.534222984E1,-2.365810204E1,-1.951994324E1
1.715358100E2,-1.505058098E1,-2.393034554E1,-1.933236694E1
1.715559750E2,-1.466650391E1,-2.450576591E1,-1.865200806E1
1.715761400E2,-1.454143810E1,-2.516835594E1,-1.817819977E1
1.715963040E2,-1.459225368E1,-2.575505638E1,-1.747022247E1
1.716164690E2,-1.450178909E1,-2.621856499E1,-1.649219513E1
1.716366340E2,-1.442794037E1,-2.657449150E1,-1.604221344E1
1.716567990E2,-1.421249676E1,-2.685299492E1,-1.510320282E1
1.716769640E2,-1.457909107E1,-2.727893639E1,-1.392960358E1
1.716971290E2,-1.473632908E1,-2.775402069E1,-1.264582825E1
1.717172940E2,-1.497359753E1,-2.820476151E1,-1.133646393E1
1.717374590E2,-1.491468620E1,-2.838602066E1,-1.047637939E1
1.717576230E2,-1.508587742E1,-2.852664757E1,-9.507514954E0
1.717777880E2,-1.515150070E1,-2.850651360E1,-8.708679199E0
1.717979530E2,-1.503843307E1,-2.870471382E1,-8.191909790E0
1.718181180E2,-1.518104744E1,-2.870285797E1,-7.936897278E0
1.718382830E2,-1.522374821E1,-2.866985321E1,-7.831176758E0
1.718584480E2,-1.541070175E1,-2.819396210E1,-7.848365784E0
1.718786133E2,-1.590037251E1,-2.814430237E1,-8.076293945E0
1.718987783E2,-1.617056274E1,-2.788982391E1,-8.267555237E0
1.719189432E2,-1.609767532E1,-2.790311241E1,-8.868576050E0
1.719391073E2,-1.637834740E1,-2.786606026E1,-9.161628723E0
1.719592723E2,-1.633182144E1,-2.756327057E1,-9.369056702E0
1.719794373E2,-1.632888412E1,-2.720696259E1,-1.019976807E1
1.719996022E2,-1.649918365E1,-2.693423653E1,-1.082375336E1
1.720197672E2,-1.691442680E1,-2.625376701E1,-1.198934174E1
1.720399323E2,-1.709306908E1,-2.590147591E1,-1.322575378E1
1.720600973E2,-1.738330078E1,-2.527328682E1,-1.396004486E1
1.720802623E2,-1.774644470E1,-2.455670357E1,-1.501109314E1
1.721004272E2,-1.827297592E1,-2.349444962E1,-1.598767090E1
1.721205913E2,-1.880630112E1,-2.236904907E1,-1.697724915E1
1.721407563E2,-1.937508392E1,-2.086791229E1,-1.828135681E1
1.721609213E2,-1.972872543E1,-1.997926903E1,-1.906813049E1
1.721810862E2,-2.010708618E1,-1.910519409E1,-1.923746490E1
1.722012512E2,-2.030347061E1,-1.838479233E1,-1.970516205E1
1.722214163E2,-2.046669006E1,-1.779609680E1,-2.018335724E1
1.722415813E2,-2.053060341E1,-1.770510483E1,-2.021590424E1
1.722617463E2,-2.043092346E1,-1.796537399E1,-2.011569977E1
1.722819113E2,-2.007756233E1,-1.832794189E1,-1.990744781E1
1.723020753E2,-1.971421242E1,-1.876926231E1,-1.965937042E1
1.723222403E2,-1.904348564E1,-1.941294670E1,-1.922846222E1
1.723424053E2,-1.879711723E1,-2.022461128E1,-1.881287384E1
1.723625702E2,-1.826106644E1,-2.119388390E1,-1.832984924E1
1.723827352E2,-1.767814255E1,-2.216549301E1,-1.733531189E1
1.724029003E2,-1.690689468E1,-2.343368530E1,-1.628701782E1
1.724230653E2,-1.599959564E1,-2.452201271E1,-1.480952454E1
1.724432303E2,-1.531447792E1,-2.540732193E1,-1.393265533E1
1.724633953E2,-1.465763283E1,-2.640786743E1,-1.278958130E1
1.724835593E2,-1.376769733E1,-2.712576866E1,-1.146080017E1
1.725037243E2,-1.295378304E1,-2.774906158E1,-1.074807739E1
1.725238893E2,-1.193430901E1,-2.836958313E1,-9.592636108E0
1.725440543E2,-1.153537464E1,-2.875166321E1,-8.785797119E0
1.725642192E2,-1.091249752E1,-2.901172829E1,-8.144279480E0
1.725843843E2,-1.069807816E1,-2.926638985E1,-7.461303711E0
1.726045493E2,-1.033893299E1,-2.928140831E1,-7.051506042E0
1.726247143E2,-9.928143501E0,-2.943027306E1,-6.382911682E0
1.726448793E2,-9.775279045E0,-2.971591377E1,-6.120513916E0
1.726650433E2,-9.603727341E0,-2.975218773E1,-5.891387939E0
1.726852083E2,-9.230212212E0,-2.971272469E1,-5.411201477E0
1.727053733E2,-9.093465805E0,-2.990828896E1,-5.354408264E0
1.727255383E2,-8.933483124E0,-2.975769997E1,-5.481925964E0
1.727457032E2,-8.865752220E0,-2.962821770E1,-5.579971313E0
1.727658683E2,-8.930543900E0,-2.963630486E1,-5.888877869E0
1.727860333E2,-8.767212868E0,-2.958024597E1,-5.898048401E0
1.728061983E2,-8.850349426E0,-2.940454865E1,-6.351379395E0
1.728263633E2,-8.628567696E0,-2.918498993E1,-6.873916626E0
1.728465273E2,-8.707709312E0,-2.916898346E1,-7.738212585E0
1.728666923E2,-8.665145874E0,-2.905272675E1,-8.190902710E0
1.728868575E2,-8.461433411E0,-2.891091919E1,-8.554573059E0
1.729070225E2,-8.219440460E0,-2.874968338E1,-9.269340515E0
1.729271875E2,-8.035004616E0,-2.851084518E1,-9.643211365E0
1.729473525E2,-8.122661591E0,-2.825634384E1,-1.069897461E1
1.729675175E2,-7.871480942E0,-2.776872253E1,-1.185298920E1
1.729876825E2,-7.174552917E0,-2.771181488E1,-1.234252930E1
1.730078475E2,-7.024193287E0,-2.757322311E1,-1.262040710E1
1.730280115E2,-6.836816311E0,-2.720732880E1,-1.327531433E1
1.730481765E2,-6.642412186E0,-2.705683899E1,-1.369337463E1
1.730683415E2,-6.672124386E0,-2.695493507E1,-1.432891846E1
1.730885065E2,-6.570311546E0,-2.673103523E1,-1.429295349E1
1.731086715E2,-6.383234501E0,-2.667201042E1,-1.391612244E1
1.731288365E2,-6.211081982E0,-2.667965889E1,-1.379080200E1
1.731490015E2,-6.261187077E0,-2.689721870E1,-1.358615875E1
1.731691665E2,-6.399309158E0,-2.683045387E1,-1.367417908E1
1.731893315E2,-6.486988068E0,-2.667427635E1,-1.347296906E1
1.732094955E2,-6.546273232E0,-2.667991447E1,-1.361917114E1
1.732296605E2,-6.886699677E0,-2.665772438E1,-1.386503601E1
1.732498255E2,-7.021066189E0,-2.648108292E1,-1.401165009E1
1.732699905E2,-7.292285442E0,-2.645373154E1,-1.404352570E1
1.732901555E2,-7.138588905E0,-2.645434952E1,-1.389971161E1
1.733103205E2,-7.446283340E0,-2.626874161E1,-1.414089203E1
1.733304855E2,-7.679788113E0,-2.613681793E1,-1.478881073E1
1.733506505E2,-8.025892258E0,-2.590206528E1,-1.477828217E1
1.733708155E2,-8.168155670E0,-2.577220726E1,-1.506563568E1
1.733909795E2,-8.304910660E0,-2.558698845E1,-1.542232513E1
1.734111445E2,-8.611846924E0,-2.498337364E1,-1.592977142E1
1.734313095E2,-9.147722244E0,-2.443877602E1,-1.676824188E1
1.734514745E2,-9.549030304E0,-2.404667282E1,-1.709889984E1
1.734716395E2,-9.767152786E0,-2.359068680E1,-1.781754303E1
1.734918045E2,-9.522690773E0,-2.295818138E1,-1.824824524E1
1.735119695E2,-9.891587257E0,-2.265730095E1,-1.867155457E1
1.735321345E2,-1.010330009E1,-2.222828674E1,-1.910876465E1
1.735522995E2,-9.991843224E0,-2.190364838E1,-1.963961792E1
1.735724635E2,-9.653913498E0,-2.175552368E1,-2.012367249E1
1.735926285E2,-8.864797592E0,-2.183919144E1,-2.017004395E1
1.736127935E2,-7.865976334E0,-2.227552414E1,-1.984069061E1
1.736329585E2,-6.943471432E0,-2.270344162E1,-2.009210205E1
1.736531235E2,-5.731108189E0,-2.302290535E1,-1.973994446E1
1.736732885E2,-4.542029381E0,-2.343822479E1,-1.953382111E1
1.736934535E2,-3.379072189E0,-2.426266098E1,-1.865074158E1
1.737136185E2,-1.864077568E0,-2.518014336E1,-1.739282227E1
1.737337835E2,-1.259899139E-1,-2.627439690E1,-1.623222351E1
1.737539475E2,1.418484688E0,-2.709462357E1,-1.510594177E1
1.737741125E2,3.746557236E0,-2.799958611E1,-1.330807495E1
1.737942775E2,4.893980980E0,-2.864434624E1,-1.196295929E1
1.738144425E2,5.956506729E0,-2.913610268E1,-1.058088684E1
1.738346075E2,7.070179939E0,-2.954100227E1,-9.368232727E0
1.738547725E2,7.873118401E0,-2.986059761E1,-8.110542297E0
1.738749368E2,8.197823524E0,-3.026433754E1,-7.245559692E0
1.738951018E2,8.523192406E0,-3.053787994E1,-6.469062805E0
1.739152668E2,8.180802345E0,-3.081939316E1,-6.138031006E0
1.739354318E2,7.933727264E0,-3.102331543E1,-6.022644043E0
1.739555958E2,7.870300293E0,-3.114073944E1,-5.450622559E0
1.739757608E2,7.719406128E0,-3.142152786E1,-5.159645081E0
1.739959258E2,7.694665909E0,-3.139391708E1,-4.776161194E0
1.740160908E2,7.779496193E0,-3.129143524E1,-4.968757629E0
1.740362558E2,7.546078682E0,-3.138666916E1,-5.205078125E0
1.740564208E2,7.418675423E0,-3.130491447E1,-5.511047363E0
1.740765858E2,7.426817894E0,-3.119638252E1,-5.936264038E0
1.740967508E2,7.215285301E0,-3.124820900E1,-6.424774170E0
1.741169148E2,7.147141457E0,-3.091590309E1,-7.446594238E0
1.741370798E2,6.936386108E0,-3.070439148E1,-8.437126160E0
1.741572448E2,6.853277206E0,-3.012038803E1,-9.372856140E0
1.741774098E2,6.899975777E0,-2.993057823E1,-9.729957581E0
1.741975748E2,7.241759300E0,-2.959561539E1,-1.057631683E1
1.742177398E2,7.350021362E0,-2.925151634E1,-1.146440887E1
1.742379048E2,7.376278877E0,-2.877990532E1,-1.204727936E1
1.742580698E2,7.593156815E0,-2.821154213E1,-1.258487701E1
1.742782348E2,7.864628792E0,-2.776024628E1,-1.376216888E1
1.742983998E2,7.846039772E0,-2.725726509E1,-1.466546631E1
1.743185638E2,7.908450127E0,-2.671757317E1,-1.527383423E1
1.743387288E2,7.872671127E0,-2.648341179E1,-1.588064575E1
1.743588938E2,7.829442978E0,-2.607353783E1,-1.620588684E1
1.743790588E2,7.942924500E0,-2.599542046E1,-1.651719666E1
1.743992238E2,7.972112656E0,-2.587672234E1,-1.666687012E1
1.744193888E2,8.127058029E0,-2.572656441E1,-1.680561066E1
1.744395538E2,7.995479584E0,-2.576239586E1,-1.682366180E1
1.744597188E2,7.790225983E0,-2.565076256E1,-1.683742523E1
1.744798838E2,7.322208405E0,-2.570179939E1,-1.695075226E1
1.745000478E2,6.984496117E0,-2.565134430E1,-1.676583862E1
1.745202128E2,6.241850853E0,-2.581604385E1,-1.728517151E1
1.745403778E2,5.824522972E0,-2.576425171E1,-1.694654846E1
1.745605428E2,5.148882866E0,-2.584012794E1,-1.709933472E1
1.745807078E2,4.518683434E0,-2.581863594E1,-1.733767700E1
1.746008728E2,3.963009834E0,-2.558767891E1,-1.749099731E1
1.746210378E2,3.613458633E0,-2.515134239E1,-1.756143188E1
1.746412028E2,3.397737503E0,-2.480928230E1,-1.767007446E1
1.746613678E2,2.914629936E0,-2.493076897E1,-1.754411316E1
1.746815328E2,3.162054062E0,-2.493243217E1,-1.740603638E1
1.747016968E2,3.281862259E0,-2.489389420E1,-1.722839355E1
1.747218618E2,3.648645401E0,-2.483423233E1,-1.702003479E1
1.747420268E2,4.405901909E0,-2.506117439E1,-1.666410828E1
1.747621918E2,5.021821022E0,-2.526963806E1,-1.610173035E1
1.747823568E2,5.800000191E0,-2.540983582E1,-1.546508026E1
1.748025218E2,6.618675232E0,-2.559281731E1,-1.495305634E1
1.748226868E2,7.515602112E0,-2.559545517E1,-1.406230927E1
1.748428518E2,8.361308098E0,-2.558332825E1,-1.342585754E1
1.748630168E2,9.454922676E0,-2.564106369E1,-1.286675262E1
1.748831815E2,1.038850784E1,-2.580951881E1,-1.246896362E1
1.749033465E2,1.162261772E1,-2.570385933E1,-1.195703888E1
1.749235115E2,1.274677467E1,-2.548328400E1,-1.117768860E1
1.749436765E2,1.381685925E1,-2.542723083E1,-1.064209747E1
1.749638415E2,1.456288433E1,-2.508701324E1,-9.855667114E0
1.749840065E2,1.554295921E1,-2.486862564E1,-9.724662781E0
1.750041715E2,1.634875488E1,-2.446543121E1,-9.122810364E0
1.750243365E2,1.714907646E1,-2.407312965E1,-8.864646912E0
1.750445015E2,1.776873779E1,-2.374141693E1,-8.416809082E0
1.750646665E2,1.838937569E1,-2.328117371E1,-8.214424133E0
1.750848305E2,1.884476471E1,-2.309925079E1,-8.141494751E0
1.751049955E2,1.931624794E1,-2.260676193E1,-7.752227783E0
1.751251605E2,1.976047897E1,-2.230982971E1,-7.828605652E0
1.751453255E2,2.028488922E1,-2.192682648E1,-7.490097046E0
1.751654905E2,2.045804596E1,-2.172013092E1,-7.941993713E0
1.751856555E2,2.081516266E1,-2.149201202E1,-8.052810669E0
1.752058205E2,2.094250107E1,-2.129350853E1,-7.939414978E0
1.752259855E2,2.115096664E1,-2.095160103E1,-8.321784973E0
1.752461505E2,2.126845932E1,-2.061158562E1,-8.457351685E0
1.752663145E2,2.154958344E1,-2.032606316E1,-8.959167480E0
1.752864795E2,2.154382324E1,-1.990471268E1,-9.342475891E0
1.753066445E2,2.178047180E1,-1.963263702E1,-9.499221802E0
1.753268095E2,2.174805069E1,-1.929083824E1,-9.764648438E0
1.753469745E2,2.175522614E1,-1.898957634E1,-1.008141327E1
1.753671395E2,2.168665314E1,-1.890233231E1,-1.037480927E1
1.753873045E2,2.179469299E1,-1.850254440E1,-1.078376007E1
1.754074695E2,2.166238022E1,-1.836088943E1,-1.104658508E1
1.754276345E2,2.171798897E1,-1.809626770E1,-1.109638214E1
1.754477995E2,2.148534203E1,-1.787645721E1,-1.150540161E1
1.754679635E2,2.161199760E1,-1.778497696E1,-1.167583466E1
1.754881285E2,2.174815559E1,-1.754055405E1,-1.174388885E1
1.755082935E2,2.183879471E1,-1.724871063E1,-1.184076691E1
1.755284585E2,2.161915970E1,-1.718460083E1,-1.173269653E1
1.755486235E2,2.178133011E1,-1.702198982E1,-1.151416779E1
1.755687885E2,2.192503738E1,-1.672126579E1,-1.162025452E1
1.755889535E2,2.215920258E1,-1.660550880E1,-1.132088470E1
1.756091185E2,2.240036774E1,-1.659683418E1,-1.107740021E1
1.756292835E2,2.238097000E1,-1.640980339E1,-1.085893250E1
1.756494485E2,2.230548859E1,-1.649795341E1,-1.096635437E1
1.756696125E2,2.208216858E1,-1.651466179E1,-1.088339996E1
1.756897775E2,2.221372223E1,-1.631338692E1,-1.105497742E1
1.757099425E2,2.217444611E1,-1.623268700E1,-1.107279205E1
1.757301075E2,2.202475739E1,-1.617741966E1,-1.132265472E1
1.757502725E2,2.179798889E1,-1.607711601E1,-1.131832886E1
1.757704375E2,2.182650375E1,-1.595647240E1,-1.177998352E1
1.757906025E2,2.191048431E1,-1.555283546E1,-1.166451263E1
1.758107675E2,2.216733932E1,-1.531753922E1,-1.187833405E1
1.758309325E2,2.214689636E1,-1.482253265E1,-1.188652039E1
1.758510975E2,2.245950890E1,-1.426323891E1,-1.187627411E1
1.758712620E2,2.263256645E1,-1.377162743E1,-1.203247070E1
1.758914270E2,2.298988724E1,-1.305472374E1,-1.204614258E1
1.759115920E2,2.326928329E1,-1.248523521E1,-1.175022125E1
1.759317570E2,2.350306320E1,-1.160121918E1,-1.193381500E1
1.759519220E2,2.386333466E1,-1.109234047E1,-1.178541565E1
1.759720870E2,2.429692459E1,-1.036557961E1,-1.148442078E1
1.759922520E2,2.465379715E1,-9.646564484E0,-1.119751740E1
1.760124170E2,2.507889175E1,-8.977727890E0,-1.110906219E1
1.760325820E2,2.545960426E1,-8.212543488E0,-1.118184662E1
1.760527460E2,2.588847351E1,-7.371555328E0,-1.108506775E1
1.760729110E2,2.625014877E1,-6.698335648E0,-1.079478455E1
1.760930760E2,2.664144516E1,-6.042068481E0,-1.084493256E1
1.761132410E2,2.679893875E1,-5.369539261E0,-1.077332306E1
1.761334060E2,2.683634186E1,-4.812484741E0,-1.126679993E1
1.761535710E2,2.692489243E1,-4.116718292E0,-1.138556671E1
1.761737360E2,2.688885880E1,-3.528757095E0,-1.170507812E1
1.761939010E2,2.681242943E1,-2.466920853E0,-1.230310059E1
1.762140660E2,2.650047874E1,-1.726770401E0,-1.269953156E1
1.762342310E2,2.641323853E1,-1.071418762E0,-1.326460266E1
1.762543950E2,2.640873718E1,-3.865928650E-1,-1.392202759E1
1.762745600E2,2.600720978E1,2.608623505E-1,-1.405924225E1
1.762947250E2,2.594855881E1,7.751178741E-1,-1.482640839E1
1.763148900E2,2.586536789E1,1.273143768E0,-1.509024048E1
1.763350550E2,2.583328247E1,1.821647644E0,-1.521842957E1
1.763552200E2,2.585594177E1,2.259548187E0,-1.516229248E1
1.763753850E2,2.589382935E1,2.728977203E0,-1.532234955E1
1.763955500E2,2.583422089E1,3.029212952E0,-1.523841095E1
1.764157150E2,2.578699875E1,3.360828400E0,-1.533893585E1
1.764358800E2,2.564704895E1,3.830038071E0,-1.553305054E1
1.764560440E2,2.569860458E1,4.325548172E0,-1.569525146E1
1.764762090E2,2.541199303E1,4.561830521E0,-1.587171936E1
1.764963740E2,2.527213097E1,4.865605354E0,-1.593220520E1
1.765165390E2,2.491678238E1,5.193692207E0,-1.636137390E1
1.765367040E2,2.504678726E1,5.415800095E0,-1.643881226E1
1.765568690E2,2.486106491E1,5.914750099E0,-1.651615906E1
1.765770340E2,2.483926773E1,6.336723328E0,-1.648329926E1
1.765971990E2,2.449848557E1,6.850069046E0,-1.643801117E1
1.766173640E2,2.443055916E1,7.449934006E0,-1.658020020E1
1.766375290E2,2.413141441E1,7.988841057E0,-1.655218506E1
1.766576930E2,2.405016899E1,8.622516632E0,-1.649375153E1
1.766778580E2,2.381553268E1,9.226725578E0,-1.663508606E1
1.766980230E2,2.358325577E1,9.766703606E0,-1.652343750E1
1.767181880E2,2.344144058E1,1.047966862E1,-1.639351654E1
1.767383530E2,2.340550232E1,1.120669460E1,-1.606827545E1
1.767585180E2,2.349051857E1,1.194281387E1,-1.547652435E1
1.767786830E2,2.366226768E1,1.249797821E1,-1.484283447E1
1.767988480E2,2.381565475E1,1.298563957E1,-1.390140533E1
1.768190130E2,2.402047729E1,1.335476780E1,-1.352018738E1
1.768391780E2,2.429407120E1,1.372396851E1,-1.279988098E1
1.768593430E2,2.418756485E1,1.413280296E1,-1.241612244E1
1.768795061E2,2.428593445E1,1.441044998E1,-1.211744690E1
1.768996711E2,2.441612625E1,1.446106243E1,-1.187463379E1
1.769198361E2,2.451223373E1,1.454629135E1,-1.170227051E1
1.769400011E2,2.479504585E1,1.448742199E1,-1.149335480E1
1.769601661E2,2.497297096E1,1.428130531E1,-1.130052948E1
1.769803311E2,2.507481575E1,1.423044205E1,-1.121356964E1
1.770004961E2,2.527303123E1,1.395789146E1,-1.127713013E1
1.770206611E2,2.532182884E1,1.375520706E1,-1.083295441E1
1.770408261E2,2.573415184E1,1.358949852E1,-1.102757263E1
1.770609901E2,2.565469360E1,1.322537041E1,-1.147965240E1
1.770811551E2,2.568804550E1,1.289912701E1,-1.157666016E1
1.771013201E2,2.573592758E1,1.265585518E1,-1.170487976E1
1.771214851E2,2.596196365E1,1.249916840E1,-1.178291321E1
1.771416501E2,2.586536026E1,1.228526878E1,-1.184288788E1
1.771618151E2,2.583847046E1,1.218254662E1,-1.189888000E1
1.771819801E2,2.588444519E1,1.208360863E1,-1.195459747E1
1.772021451E2,2.615470505E1,1.212032890E1,-1.168660736E1
1.772223101E2,2.622098923E1,1.203435802E1,-1.150789642E1
1.772424751E2,2.643149948E1,1.230168629E1,-1.140150452E1
1.772626401E2,2.631180191E1,1.242666435E1,-1.124771881E1
1.772828041E2,2.622269821E1,1.271258831E1,-1.100377655E1
1.773029691E2,2.605819321E1,1.330126572E1,-1.084003448E1
1.773231341E2,2.593455505E1,1.387897587E1,-1.128485870E1
1.773432991E2,2.548438263E1,1.450808620E1,-1.148736572E1
1.773634641E2,2.500836945E1,1.538930798E1,-1.194962311E1
1.773836291E2,2.474889755E1,1.610224342E1,-1.194235229E1
1.774037941E2,2.421334457E1,1.697876167E1,-1.256822968E1
1.774239591E2,2.377851486E1,1.754704666E1,-1.350820160E1
1.774441241E2,2.321361542E1,1.804951286E1,-1.439054871E1
1.774642881E2,2.273467827E1,1.819265938E1,-1.516814423E1
1.774844531E2,2.219954681E1,1.837176895E1,-1.637731934E1
1.775046181E2,2.180797195E1,1.850246620E1,-1.744578552E1
1.775247831E2,2.142900085E1,1.820172882E1,-1.843950653E1
1.775449481E2,2.084888077E1,1.817251968E1,-1.927050018E1
1.775651131E2,2.028888321E1,1.797541046E1,-2.056596375E1
1.775852781E2,1.988136101E1,1.766937065E1,-2.117235565E1
1.776054431E2,1.946537018E1,1.712325287E1,-2.243650818E1
1.776256081E2,1.922407150E1,1.671306419E1,-2.304014587E1
1.776457731E2,1.876807976E1,1.617444611E1,-2.398255157E1
1.776659381E2,1.840594292E1,1.568139935E1,-2.517818451E1
1.776861021E2,1.816622734E1,1.526028633E1,-2.570946503E1
1.777062671E2,1.786739731E1,1.481105232E1,-2.616419220E1
1.777264321E2,1.773369408E1,1.468384266E1,-2.640346527E1
1.777465971E2,1.767014313E1,1.448606300E1,-2.656615448E1
1.777667621E2,1.757748604E1,1.477182579E1,-2.629009247E1
1.777869271E2,1.763268089E1,1.538618279E1,-2.594832611E1
1.778070921E2,1.755932617E1,1.610083199E1,-2.544861603E1
1.778272571E2,1.766406631E1,1.717456818E1,-2.469316101E1
1.778474221E2,1.787869644E1,1.839094353E1,-2.388164520E1
1.778675871E2,1.813279343E1,1.952678299E1,-2.280158234E1
1.778877512E2,1.856409645E1,2.071697998E1,-2.130258179E1
1.779079162E2,1.888027191E1,2.173688126E1,-1.970779419E1
1.779280812E2,1.917157745E1,2.286203003E1,-1.784458160E1
1.779482462E2,1.965075302E1,2.349777222E1,-1.608638000E1
1.779684112E2,1.999801254E1,2.414238548E1,-1.461685181E1
1.779885762E2,2.031990814E1,2.461255646E1,-1.366323853E1
1.780087412E2,2.029206848E1,2.500598717E1,-1.263992310E1
1.780289062E2,2.051102448E1,2.519491959E1,-1.194014740E1
1.780490712E2,2.076270676E1,2.529550934E1,-1.143547821E1
1.780692362E2,2.121796608E1,2.515747452E1,-1.095082092E1
1.780894012E2,2.241504860E1,2.547712517E1,-1.078549194E1
1.781095652E2,2.219408035E1,2.482707977E1,-1.051866913E1
1.781297302E2,2.245804214E1,2.432752037E1,-1.023386383E1
1.781498952E2,2.306661797E1,2.395354271E1,-1.063905334E1
1.781700602E2,2.377804375E1,2.334790039E1,-1.046254730E1
1.781902252E2,2.435138130E1,2.274475288E1,-1.048457336E1
1.782103902E2,2.506387329E1,2.210515404E1,-1.101198578E1
1.782305552E2,2.542648315E1,2.138869476E1,-1.127861786E1
1.782507202E2,2.561043167E1,2.101464272E1,-1.171804047E1
1.782708852E2,2.557624435E1,2.064867973E1,-1.202787781E1
1.782910502E2,2.583881378E1,2.037941360E1,-1.215513611E1
1.783112142E2,2.597337341E1,2.024335480E1,-1.209834290E1
1.783313792E2,2.589440918E1,2.002761459E1,-1.236795044E1
1.783515442E2,2.583005905E1,2.008546829E1,-1.248228455E1
1.783717092E2,2.555824280E1,1.994432068E1,-1.281713104E1
1.783918742E2,2.550166702E1,2.017911720E1,-1.298438263E1
1.784120392E2,2.538033676E1,2.014273262E1,-1.313996124E1
1.784322042E2,2.527705383E1,2.033342552E1,-1.364936066E1
1.784523692E2,2.474562836E1,2.037881088E1,-1.448993683E1
1.784725342E2,2.398160172E1,2.053229523E1,-1.579294586E1
1.784926992E2,2.321462440E1,2.083889771E1,-1.702161407E1
1.785128632E2,2.207842445E1,2.102774811E1,-1.832019043E1
1.785330282E2,2.121373749E1,2.084869194E1,-1.987796783E1
1.785531932E2,2.015085602E1,2.054853249E1,-2.166339111E1
1.785733582E2,1.939151764E1,1.981544304E1,-2.350978088E1
1.785935232E2,1.842849731E1,1.871148300E1,-2.575695801E1
1.786136882E2,1.833250999E1,1.778662491E1,-2.696864319E1
1.786338532E2,1.821890259E1,1.693756104E1,-2.797420502E1
1.786540182E2,1.802562332E1,1.656743813E1,-2.842477417E1
1.786741832E2,1.786949158E1,1.615325928E1,-2.917129517E1
1.786943482E2,1.777081680E1,1.552320480E1,-3.003133392E1
1.787145122E2,1.768705750E1,1.502377129E1,-3.039238739E1
1.787346772E2,1.748115921E1,1.490351486E1,-3.068731689E1
1.787548422E2,1.726748657E1,1.477021408E1,-3.116128540E1
1.787750072E2,1.724571991E1,1.479149055E1,-3.118556213E1
1.787951722E2,1.721246719E1,1.476365948E1,-3.126412201E1
1.788153372E2,1.720565796E1,1.482026386E1,-3.113013458E1
1.788355022E2,1.713615799E1,1.517847061E1,-3.083101654E1
1.788556672E2,1.727546692E1,1.556205559E1,-3.018958282E1
1.788758327E2,1.736425781E1,1.608060074E1,-2.994858551E1
1.788959978E2,1.726716232E1,1.672449303E1,-2.968882751E1
1.789161628E2,1.730927277E1,1.748395157E1,-2.878985596E1
1.789363268E2,1.743636703E1,1.849526596E1,-2.809173584E1
1.789564917E2,1.801041031E1,1.978959084E1,-2.667760468E1
1.789766568E2,1.864009476E1,2.101977730E1,-2.497137451E1
1.789968218E2,1.948859406E1,2.223218918E1,-2.286010742E1
1.790169868E2,2.012480164E1,2.335482788E1,-2.111959076E1
1.790371518E2,2.091253662E1,2.427591324E1,-1.890325165E1
1.790573167E2,2.165523911E1,2.507594299E1,-1.703379059E1
1.790774818E2,2.240390587E1,2.575477791E1,-1.536614990E1
1.790976468E2,2.278657913E1,2.610726166E1,-1.403938293E1
1.791178118E2,2.322406960E1,2.635409737E1,-1.329467010E1
1.791379768E2,2.360188103E1,2.639301109E1,-1.255504608E1
1.791581408E2,2.409190369E1,2.618258286E1,-1.227084351E1
1.791783058E2,2.469187927E1,2.598814774E1,-1.225296783E1
1.791984708E2,2.533053589E1,2.569226456E1,-1.195728302E1
1.792186358E2,2.577258682E1,2.535854340E1,-1.193912506E1
1.792388007E2,2.623175430E1,2.503072166E1,-1.216096497E1
1.792589658E2,2.700238037E1,2.454827499E1,-1.194399261E1
1.792791308E2,2.758074951E1,2.418528557E1,-1.213758850E1
1.792992958E2,2.797026062E1,2.373798561E1,-1.233182526E1
1.793194608E2,2.822706223E1,2.307156372E1,-1.273397064E1
1.793396257E2,2.843857574E1,2.280961227E1,-1.312673950E1
1.793597898E2,2.867285347E1,2.226262474E1,-1.374287415E1
1.793799548E2,2.874191475E1,2.197273254E1,-1.423320007E1
1.794001198E2,2.852098465E1,2.175120735E1,-1.489179993E1
1.794202847E2,2.857366562E1,2.180706406E1,-1.540069580E1
1.794404497E2,2.843437576E1,2.156722832E1,-1.587152100E1
1.794606148E2,2.796607399E1,2.134180450E1,-1.647193909E1
1.794807798E2,2.776965523E1,2.144593620E1,-1.715960693E1
1.795009448E2,2.731191635E1,2.127608681E1,-1.757667542E1
1.795211097E2,2.664774704E1,2.120891380E1,-1.913345337E1
1.795412747E2,2.588617325E1,2.099421120E1,-2.086235809E1
1.795614398E2,2.495235443E1,2.098328972E1,-2.195487213E1
1.795816038E2,2.423777390E1,2.120687485E1,-2.312997437E1
1.796017687E2,2.347229767E1,2.117890549E1,-2.446448517E1
1.796219337E2,2.267361069E1,2.103615189E1,-2.596176910E1
1.796420988E2,2.165935898E1,2.067547989E1,-2.764908600E1
1.796622638E2,2.093672180E1,2.021860504E1,-2.892990112E1
1.796824288E2,2.010328674E1,2.024907494E1,-2.983863068E1
1.797025938E2,1.991597748E1,1.993550110E1,-3.050380707E1
1.797227587E2,1.985465622E1,1.984984207E1,-3.139778900E1
1.797429238E2,2.005780792E1,1.999489212E1,-3.175543976E1
1.797630888E2,2.034183884E1,1.987023354E1,-3.184594727E1
1.797832538E2,2.032096863E1,1.967868042E1,-3.204216003E1
1.798034177E2,2.036367416E1,1.942507744E1,-3.225512695E1
1.798235828E2,2.039871216E1,1.915751076E1,-3.244853210E1
1.798437478E2,2.039912796E1,1.909756660E1,-3.292467499E1
1.798639128E2,2.019900131E1,1.945212746E1,-3.281435394E1
1.798840770E2,1.993912888E1,1.989761543E1,-3.260695648E1
1.799042420E2,1.975222397E1,2.008997536E1,-3.246201324E1
1.799244070E2,1.948311234E1,2.058969688E1,-3.194261932E1
1.799445720E2,1.937624359E1,2.125935555E1,-3.157018280E1
1.799647370E2,1.950987625E1,2.169424629E1,-3.096572113E1
1.799849020E2,1.961980820E1,2.244482231E1,-2.990859985E1
1.800050660E2,1.961302948E1,2.317750549E1,-2.899150085E1
1.800252310E2,1.966219330E1,2.420945740E1,-2.755133820E1
1.800453960E2,2.000284195E1,2.535585213E1,-2.601879120E1
1.800655610E2,2.021530914E1,2.667415237E1,-2.434371185E1
1.800857260E2,2.058670044E1,2.777912903E1,-2.243000793E1
1.801058910E2,2.093745804E1,2.882255554E1,-2.052359772E1
1.801260560E2,2.146038818E1,2.966412354E1,-1.822149658E1
1.801462210E2,2.233871269E1,3.030844688E1,-1.571407318E1
1.801663860E2,2.300004578E1,3.079627419E1,-1.389478302E1
1.801865510E2,2.338789368E1,3.112861443E1,-1.273135376E1
1.802067160E2,2.437770462E1,3.126211357E1,-1.112095642E1
1.802268810E2,2.490538788E1,3.121279526E1,-1.080880737E1
1.802470450E2,2.549308395E1,3.103489685E1,-1.029513550E1
1.802672100E2,2.608790207E1,3.091389847E1,-1.005541992E1
1.802873750E2,2.682543945E1,3.061488152E1,-1.005258179E1
1.803075400E2,2.771554947E1,2.999152184E1,-1.018891144E1
1.803277050E2,2.846730804E1,2.947651672E1,-1.008867645E1
1.803478700E2,2.908990097E1,2.902538681E1,-1.058728790E1
1.803680350E2,2.961713028E1,2.835548782E1,-1.084407806E1
1.803882000E2,3.011963654E1,2.781357574E1,-1.087674713E1
1.804083650E2,3.052929306E1,2.739388275E1,-1.131816864E1
1.804285300E2,3.084012604E1,2.676583290E1,-1.163857269E1
1.804486940E2,3.095481873E1,2.647763443E1,-1.216674805E1
1.804688590E2,3.095102310E1,2.598883438E1,-1.263135529E1
1.804890240E2,3.067662811E1,2.569228745E1,-1.370221710E1
1.805091890E2,3.022337723E1,2.566308594E1,-1.510958099E1
1.805293540E2,2.959166718E1,2.530931091E1,-1.638097382E1
1.805495190E2,2.884540367E1,2.487766647E1,-1.783643341E1
1.805696840E2,2.842260551E1,2.458293343E1,-1.883382416E1
1.805898490E2,2.770686722E1,2.439661789E1,-1.944501495E1
1.806100140E2,2.715319061E1,2.432316780E1,-2.018607330E1
1.806301790E2,2.641231155E1,2.406827927E1,-2.146605682E1
1.806503440E2,2.510764694E1,2.420825958E1,-2.302062988E1
1.806705080E2,2.345623779E1,2.438701820E1,-2.445727539E1
1.806906730E2,2.211117935E1,2.462857246E1,-2.568992615E1
1.807108380E2,2.091447830E1,2.459421158E1,-2.708466339E1
1.807310030E2,1.980390930E1,2.409731483E1,-2.819547272E1
1.807511680E2,1.920487976E1,2.350953102E1,-2.923867798E1
1.807713330E2,1.873369980E1,2.302952194E1,-3.034304047E1
1.807914980E2,1.808574867E1,2.276583862E1,-3.109497070E1
1.808116630E2,1.772288513E1,2.242384148E1,-3.176101685E1
1.808318280E2,1.743379974E1,2.210307884E1,-3.206219482E1
1.808519930E2,1.720201492E1,2.199533653E1,-3.238863373E1
1.808721580E2,1.698211288E1,2.204426003E1,-3.271990204E1
1.808923236E2,1.670642853E1,2.215504646E1,-3.296714020E1
1.809124876E2,1.653135300E1,2.240068817E1,-3.270450592E1
1.809326526E2,1.600883102E1,2.236582756E1,-3.264707184E1
1.809528176E2,1.551501369E1,2.267300797E1,-3.278473663E1
1.809729826E2,1.493694782E1,2.289653969E1,-3.249521637E1
1.809931476E2,1.476551533E1,2.328475761E1,-3.228439331E1
1.810133126E2,1.460211468E1,2.354592323E1,-3.205490112E1
1.810334776E2,1.464289570E1,2.405677605E1,-3.159788513E1
1.810536426E2,1.470073318E1,2.478665924E1,-3.096098328E1
1.810738076E2,1.465867424E1,2.580513573E1,-2.974307251E1
1.810939726E2,1.461814499E1,2.692025375E1,-2.842174530E1
1.811141376E2,1.487591267E1,2.792182922E1,-2.738205719E1
1.811343016E2,1.533675671E1,2.886717606E1,-2.582361603E1
1.811544666E2,1.628798676E1,3.009145737E1,-2.378353882E1
1.811746316E2,1.732924652E1,3.077355194E1,-2.169526672E1
1.811947966E2,1.784536362E1,3.147514725E1,-2.012299347E1
1.812149616E2,1.811455154E1,3.207548904E1,-1.852044678E1
1.812351266E2,1.817901611E1,3.261288452E1,-1.735031891E1
1.812552916E2,1.840024185E1,3.304297256E1,-1.630514526E1
1.812754566E2,1.894409561E1,3.317975235E1,-1.543536377E1
1.812956216E2,1.996751404E1,3.323783875E1,-1.487162781E1
1.813157866E2,2.061997223E1,3.315613174E1,-1.410961914E1
1.813359516E2,2.124349213E1,3.302974701E1,-1.348058319E1
1.813561156E2,2.180176163E1,3.281867981E1,-1.313450623E1
1.813762806E2,2.240848541E1,3.268643570E1,-1.324294281E1
1.813964456E2,2.290498352E1,3.248117065E1,-1.278058624E1
1.814166106E2,2.352320099E1,3.210941696E1,-1.271967316E1
1.814367756E2,2.390208054E1,3.172019958E1,-1.292247009E1
1.814569406E2,2.410987473E1,3.153732681E1,-1.269010925E1
1.814771056E2,2.455002403E1,3.139152527E1,-1.305093384E1
1.814972706E2,2.458803368E1,3.101484871E1,-1.334505463E1
1.815174356E2,2.448762512E1,3.090976906E1,-1.393216705E1
1.815376006E2,2.427060699E1,3.057900810E1,-1.442842865E1
1.815577656E2,2.390763092E1,3.039579773E1,-1.543467712E1
1.815779306E2,2.387031174E1,3.018316269E1,-1.598710632E1
1.815980946E2,2.322785950E1,2.984068298E1,-1.684033203E1
1.816182596E2,2.255959702E1,2.967895508E1,-1.772647095E1
1.816384246E2,2.189242554E1,2.956907272E1,-1.850915527E1
1.816585896E2,2.138226318E1,2.932786560E1,-1.930354309E1
1.816787546E2,2.077207947E1,2.932485199E1,-1.994711304E1
1.816989196E2,2.015340424E1,2.927643585E1,-2.034913635E1
1.817190846E2,1.889959335E1,2.936743164E1,-2.109265900E1
1.817392496E2,1.737500381E1,2.951486206E1,-2.192662048E1
1.817594146E2,1.611276627E1,2.948107338E1,-2.284794617E1
1.817795796E2,1.465667439E1,2.947701073E1,-2.416799927E1
1.817997446E2,1.254422569E1,2.950830460E1,-2.521842194E1
1.818199096E2,1.104258728E1,2.951610184E1,-2.605725861E1
1.818400736E2,9.876631737E0,2.916882896E1,-2.707318878E1
1.818602386E2,8.448405266E0,2.860764122E1,-2.830589294E1
1.818804037E2,7.078959465E0,2.778025055E1,-2.953215027E1
1.819005687E2,6.060542107E0,2.706217194E1,-3.039574432E1
1.819207337E2,5.201262474E0,2.646520233E1,-3.113938904E1
1.819408987E2,4.474839211E0,2.569087791E1,-3.192032623E1
1.819610637E2,4.178524017E0,2.507247925E1,-3.232398224E1
1.819812287E2,3.803445816E0,2.439128304E1,-3.319947052E1
1.820013937E2,3.794714928E0,2.372996902E1,-3.350279999E1
1.820215587E2,3.675213814E0,2.349379921E1,-3.354298401E1
1.820417237E2,3.636225700E0,2.322225380E1,-3.381517029E1
1.820618887E2,3.466154099E0,2.332194138E1,-3.400440216E1
1.820820527E2,3.073022842E0,2.330083847E1,-3.426990509E1
1.821022177E2,2.784452438E0,2.351364708E1,-3.382453156E1
1.821223827E2,2.591534615E0,2.372005653E1,-3.334806061E1
1.821425477E2,2.452696800E0,2.405294991E1,-3.297761536E1
1.821627127E2,2.070362091E0,2.479125786E1,-3.247950745E1
1.821828777E2,1.582668304E0,2.566319084E1,-3.195605469E1
1.822030427E2,1.405700684E0,2.663686752E1,-3.107933044E1
1.822232077E2,1.177714348E0,2.763599396E1,-2.986149597E1
1.822433727E2,1.189949036E0,2.875954056E1,-2.896763611E1
1.822635377E2,1.244932175E0,2.958115196E1,-2.792520142E1
1.822837027E2,1.249147415E0,3.039594650E1,-2.690827942E1
1.823038677E2,1.247269630E0,3.120969391E1,-2.577325439E1
1.823240317E2,1.484436035E0,3.226430511E1,-2.410942841E1
1.823441967E2,1.886905670E0,3.319160461E1,-2.273448181E1
1.823643617E2,2.026143074E0,3.411223221E1,-2.107424927E1
1.823845267E2,2.133450508E0,3.463265228E1,-2.000744629E1
1.824046917E2,2.117042542E0,3.490849304E1,-1.943954468E1
1.824248567E2,1.913187027E0,3.512676620E1,-1.877177429E1
1.824450217E2,1.479507446E0,3.533099365E1,-1.819153595E1
1.824651867E2,1.056267738E0,3.509536362E1,-1.831505585E1
1.824853517E2,4.223871231E-1,3.490454102E1,-1.843183899E1
1.825055167E2,-2.216262817E-1,3.458151627E1,-1.898220825E1
1.825256817E2,-8.683414459E-1,3.418941879E1,-1.964766693E1
1.825458467E2,-1.213022232E0,3.361561966E1,-2.041889954E1
1.825660107E2,-1.581795692E0,3.268035889E1,-2.200263214E1
1.825861757E2,-2.274859428E0,3.188135338E1,-2.306433868E1
1.826063407E2,-3.206452370E0,3.081042862E1,-2.466938019E1
1.826265057E2,-3.733163834E0,2.960988235E1,-2.592195129E1
1.826466707E2,-4.261500359E0,2.844665527E1,-2.737449646E1
1.826668357E2,-4.735044479E0,2.719768524E1,-2.874986267E1
1.826870007E2,-5.221199989E0,2.616399956E1,-2.987349701E1
1.827071657E2,-5.675176144E0,2.535780716E1,-3.052286530E1
1.827273307E2,-6.261417389E0,2.436869240E1,-3.118598175E1
1.827474957E2,-6.831542969E0,2.366400337E1,-3.150142670E1
1.827676607E2,-7.147601128E0,2.307137108E1,-3.169582367E1
1.827878257E2,-7.356922626E0,2.251436424E1,-3.248305511E1
1.828079907E2,-7.641773224E0,2.217511940E1,-3.254204559E1
1.828281547E2,-7.662733555E0,2.183414078E1,-3.265213776E1
1.828483197E2,-7.837481976E0,2.197045135E1,-3.246346283E1
1.828684847E2,-7.821538448E0,2.222442627E1,-3.211734772E1
1.828886491E2,-7.584562302E0,2.269171143E1,-3.182035065E1
1.829088141E2,-7.656963825E0,2.353578568E1,-3.084073639E1
1.829289791E2,-7.946008205E0,2.443920517E1,-3.015666962E1
1.829491441E2,-7.900486946E0,2.554265785E1,-2.905773926E1
1.829693091E2,-7.930181026E0,2.679584122E1,-2.782927704E1
1.829894741E2,-8.363374710E0,2.823304749E1,-2.639782715E1
1.830096391E2,-8.459619522E0,2.950630569E1,-2.457845306E1
1.830298041E2,-8.481015205E0,3.085864258E1,-2.264535522E1
1.830499691E2,-8.474506378E0,3.221400833E1,-2.111037445E1
1.830701341E2,-8.460592270E0,3.352356339E1,-1.883309937E1
1.830902991E2,-8.366125107E0,3.445212936E1,-1.655404663E1
1.831104631E2,-8.275592804E0,3.562850571E1,-1.430549622E1
1.831306281E2,-8.863317490E0,3.633517075E1,-1.254588318E1
1.831507931E2,-9.455560684E0,3.651980591E1,-1.171566772E1
1.831709581E2,-1.047922516E1,3.636702728E1,-1.171308136E1
1.831911231E2,-1.164400101E1,3.579499817E1,-1.243098450E1
1.832112881E2,-1.275374222E1,3.527844620E1,-1.327129364E1
1.832314531E2,-1.361833954E1,3.449015045E1,-1.435597229E1
1.832516181E2,-1.441845417E1,3.354479980E1,-1.570800781E1
1.832717831E2,-1.519740963E1,3.244619370E1,-1.723867798E1
1.832919481E2,-1.632548714E1,3.109950256E1,-1.870951843E1
1.833121131E2,-1.754619598E1,2.978845978E1,-1.995413208E1
1.833322781E2,-1.847788620E1,2.824386978E1,-2.109543610E1
1.833524431E2,-1.948383331E1,2.679208946E1,-2.219897461E1
1.833726081E2,-2.008759308E1,2.523082733E1,-2.350090027E1
1.833927731E2,-2.040186310E1,2.341562271E1,-2.453961945E1
1.834129371E2,-2.131595612E1,2.125770569E1,-2.629604340E1
1.834331021E2,-2.160457993E1,1.963967133E1,-2.687371063E1
1.834532671E2,-2.198371887E1,1.856883621E1,-2.754395294E1
1.834734321E2,-2.246657372E1,1.711373711E1,-2.783272552E1
1.834935971E2,-2.278427696E1,1.602022934E1,-2.798744965E1
1.835137621E2,-2.334844208E1,1.519840717E1,-2.841065979E1
1.835339271E2,-2.356172943E1,1.431378746E1,-2.861172485E1
1.835540921E2,-2.396171188E1,1.396637917E1,-2.869740295E1
1.835742571E2,-2.430941772E1,1.327919388E1,-2.839361572E1
1.835944221E2,-2.458274078E1,1.284029102E1,-2.842623901E1
1.836145871E2,-2.456199646E1,1.258145905E1,-2.854077911E1
1.836347521E2,-2.458208847E1,1.242834187E1,-2.864482880E1
1.836549171E2,-2.474258423E1,1.264595509E1,-2.828983307E1
1.836750821E2,-2.496645355E1,1.288589859E1,-2.793659210E1
1.836952471E2,-2.522536087E1,1.339950562E1,-2.734111786E1
1.837154121E2,-2.582908630E1,1.384388828E1,-2.659249878E1
1.837355771E2,-2.614828873E1,1.428302193E1,-2.575882721E1
1.837557421E2,-2.646842575E1,1.515520287E1,-2.504073334E1
1.837759061E2,-2.667685318E1,1.606801033E1,-2.444626617E1
1.837960711E2,-2.640272141E1,1.710279655E1,-2.388493347E1
1.838162361E2,-2.596428680E1,1.853929138E1,-2.371105957E1
1.838364011E2,-2.537973595E1,2.016721916E1,-2.328195190E1
1.838565661E2,-2.498944092E1,2.158606720E1,-2.260552216E1
1.838767311E2,-2.499307251E1,2.236174011E1,-2.138203430E1
1.838968967E2,-2.591671371E1,2.249385834E1,-2.058444214E1
1.839170618E2,-2.667322922E1,2.234849930E1,-1.953512573E1
1.839372268E2,-2.690900230E1,2.213619423E1,-1.933543396E1
1.839573918E2,-2.723650360E1,2.206984138E1,-1.961266327E1
1.839775568E2,-2.719083023E1,2.194703102E1,-1.973290253E1
1.839977217E2,-2.701636887E1,2.160137367E1,-2.038768768E1
1.840178867E2,-2.685352135E1,2.084885406E1,-2.100305176E1
1.840380518E2,-2.712096786E1,1.972864342E1,-2.145683289E1
1.840582168E2,-2.772021866E1,1.848158836E1,-2.161141205E1
1.840783818E2,-2.840301132E1,1.730791283E1,-2.216757202E1
1.840985467E2,-2.890674591E1,1.586812782E1,-2.227256775E1
1.841187117E2,-2.966227341E1,1.437195492E1,-2.256570435E1
1.841388768E2,-3.021230125E1,1.277602482E1,-2.295219421E1
1.841590418E2,-3.074509048E1,1.085518456E1,-2.288851166E1
1.841792068E2,-3.109231758E1,9.096612930E0,-2.286936188E1
1.841993718E2,-3.145848846E1,7.223023415E0,-2.266261292E1
1.842195367E2,-3.238819122E1,4.416872978E0,-2.216928864E1
1.842397018E2,-3.272166443E1,2.193660736E0,-2.195642090E1
1.842598668E2,-3.309345627E1,7.985496521E-2,-2.093277740E1
1.842800318E2,-3.357027054E1,-2.001720428E0,-2.041047668E1
1.843001968E2,-3.399710083E1,-3.886327744E0,-1.928359985E1
1.843203617E2,-3.414701462E1,-5.950294495E0,-1.827837372E1
1.843405268E2,-3.442002106E1,-7.813674927E0,-1.680329895E1
1.843606918E2,-3.465518570E1,-9.557369232E0,-1.551657104E1
1.843808568E2,-3.453482437E1,-1.111380386E1,-1.442465973E1
1.844010218E2,-3.443556595E1,-1.235008240E1,-1.342755890E1
1.844211867E2,-3.420309448E1,-1.364130211E1,-1.276669312E1
1.844413517E2,-3.392903900E1,-1.470649719E1,-1.195721436E1
1.844615168E2,-3.351369476E1,-1.610528946E1,-1.115978241E1
1.844816818E2,-3.331388855E1,-1.751628494E1,-1.069384003E1
1.845018468E2,-3.260499191E1,-1.865522003E1,-1.027346039E1
1.845220117E2,-3.187281418E1,-1.966729164E1,-1.008574677E1
1.845421767E2,-3.137944412E1,-2.046649742E1,-1.012799835E1
1.845623418E2,-3.073745537E1,-2.096679497E1,-1.038331604E1
1.845825068E2,-3.054666328E1,-2.141933632E1,-1.093312073E1
1.846026718E2,-3.024425507E1,-2.147354698E1,-1.151050568E1
1.846228357E2,-3.014140129E1,-2.132095146E1,-1.216898346E1
1.846430017E2,-2.973974228E1,-2.122675133E1,-1.266509247E1
1.846631668E2,-2.966263580E1,-2.093824005E1,-1.342732239E1
1.846833318E2,-2.957783890E1,-2.079256439E1,-1.429434204E1
1.847034958E2,-2.969121552E1,-2.042856216E1,-1.501787567E1
1.847236607E2,-2.958743286E1,-1.976662254E1,-1.556152344E1
1.847438258E2,-2.946849632E1,-1.932700729E1,-1.616651154E1
1.847639918E2,-2.942038155E1,-1.880252838E1,-1.696007538E1
1.847841558E2,-2.940360641E1,-1.826522255E1,-1.769045258E1
1.848043208E2,-2.962038040E1,-1.764013100E1,-1.823999786E1
1.848244868E2,-2.994673920E1,-1.698274040E1,-1.861165619E1
1.848446517E2,-2.987015915E1,-1.622424126E1,-1.866040802E1
1.848648168E2,-2.964702225E1,-1.602548409E1,-1.950367737E1
1.848849806E2,-2.923603439E1,-1.599854088E1,-1.986657715E1
1.849051466E2,-2.874707985E1,-1.637239647E1,-2.052156067E1
1.849253116E2,-2.830930710E1,-1.667838860E1,-2.068690491E1
1.849454766E2,-2.780491638E1,-1.708955002E1,-2.085749054E1
1.849656416E2,-2.755349350E1,-1.818470764E1,-2.054680634E1
1.849858066E2,-2.722369385E1,-1.919507599E1,-2.019329071E1
1.850059716E2,-2.727521133E1,-1.981716537E1,-1.960990143E1
1.850261366E2,-2.726885605E1,-2.066100502E1,-1.867870331E1
1.850463016E2,-2.687475586E1,-2.121634483E1,-1.823493195E1
1.850664666E2,-2.643424606E1,-2.217660141E1,-1.757803345E1
1.850866316E2,-2.609825134E1,-2.325568962E1,-1.683891296E1
1.851067966E2,-2.613451767E1,-2.405044365E1,-1.579196930E1
1.851269616E2,-2.585375595E1,-2.476111412E1,-1.463730621E1
1.851471266E2,-2.566829681E1,-2.560865211E1,-1.377973175E1
1.851672916E2,-2.555481339E1,-2.596978378E1,-1.305591583E1
1.851874566E2,-2.525944710E1,-2.658888626E1,-1.234838104E1
1.852076216E2,-2.501147079E1,-2.706939316E1,-1.193771362E1
1.852277866E2,-2.470495605E1,-2.762189865E1,-1.142979431E1
1.852479516E2,-2.467296028E1,-2.793530655E1,-1.089993286E1
1.852681166E2,-2.488700485E1,-2.778550339E1,-1.072353363E1
1.852882816E2,-2.528506088E1,-2.753911591E1,-1.045446777E1
1.853084466E2,-2.586149406E1,-2.729519272E1,-1.028673553E1
1.853286116E2,-2.627639389E1,-2.712320709E1,-1.000691986E1
1.853487766E2,-2.625884247E1,-2.693728638E1,-1.067813873E1
1.853689416E2,-2.581611061E1,-2.686769485E1,-1.161364746E1
1.853891066E2,-2.541006088E1,-2.657531548E1,-1.269534302E1
1.854092716E2,-2.514132309E1,-2.635881996E1,-1.359152985E1
1.854294366E2,-2.534719658E1,-2.599552155E1,-1.440885925E1
1.854496016E2,-2.542742729E1,-2.567259216E1,-1.506324768E1
1.854697666E2,-2.525160980E1,-2.538717842E1,-1.574842072E1
1.854899316E2,-2.515798187E1,-2.482222176E1,-1.728063202E1
1.855100966E2,-2.523028564E1,-2.386591721E1,-1.859337616E1
1.855302616E2,-2.501340485E1,-2.284339333E1,-2.024955750E1
1.855504266E2,-2.542190742E1,-2.127894592E1,-2.187568665E1
1.855705916E2,-2.531666565E1,-1.953966331E1,-2.365512848E1
1.855907566E2,-2.535494614E1,-1.784560013E1,-2.497828674E1
1.856109216E2,-2.523507690E1,-1.662659454E1,-2.604744720E1
1.856310866E2,-2.519023132E1,-1.529384613E1,-2.709226990E1
1.856512516E2,-2.553331757E1,-1.378474998E1,-2.786432648E1
1.856714166E2,-2.603532410E1,-1.208003235E1,-2.837074280E1
1.856915816E2,-2.651436043E1,-1.028626823E1,-2.854998779E1
1.857117466E2,-2.668703079E1,-9.161792755E0,-2.885675049E1
1.857319116E2,-2.679364395E1,-8.304010391E0,-2.894195557E1
1.857520766E2,-2.679721832E1,-7.693265915E0,-2.942222595E1
1.857722416E2,-2.629608536E1,-7.417236328E0,-2.977270508E1
1.857924066E2,-2.557324028E1,-7.702011108E0,-3.030651855E1
1.858125716E2,-2.500419617E1,-7.839912415E0,-3.068921661E1
1.858327366E2,-2.459252930E1,-8.012178421E0,-3.130521393E1
1.858529016E2,-2.380949593E1,-8.523225784E0,-3.177787018E1
1.858730666E2,-2.307801247E1,-9.706106186E0,-3.179984283E1
1.858932312E2,-2.250136948E1,-1.128169632E1,-3.198142242E1
1.859133962E2,-2.204151535E1,-1.295853233E1,-3.155438995E1
1.859335612E2,-2.165896988E1,-1.465398598E1,-3.103417969E1
1.859537262E2,-2.094441223E1,-1.636015892E1,-3.066467285E1
1.859738912E2,-1.988826942E1,-1.803705978E1,-2.998708344E1
1.859940562E2,-1.901405334E1,-1.974279594E1,-2.996186829E1
1.860142212E2,-1.859069633E1,-2.105192947E1,-2.919966125E1
1.860343862E2,-1.846421432E1,-2.233087158E1,-2.875479126E1
1.860545512E2,-1.863761330E1,-2.293301773E1,-2.784358215E1
1.860747162E2,-1.869455528E1,-2.320849228E1,-2.718971252E1
1.860948812E2,-1.918994904E1,-2.334637833E1,-2.688443756E1
1.861150462E2,-1.916084290E1,-2.319731522E1,-2.713602448E1
1.861352112E2,-1.873724937E1,-2.279358673E1,-2.798593903E1
1.861553762E2,-1.803801537E1,-2.205637360E1,-2.906476593E1
1.861755412E2,-1.728696823E1,-2.094170761E1,-3.006750488E1
1.861957062E2,-1.651186943E1,-1.941308403E1,-3.171238708E1
1.862158712E2,-1.596235180E1,-1.798754311E1,-3.283959961E1
1.862360362E2,-1.571539593E1,-1.629879761E1,-3.375714111E1
1.862562012E2,-1.560003948E1,-1.482229042E1,-3.481204224E1
1.862763662E2,-1.529565048E1,-1.317423439E1,-3.558343506E1
1.862965312E2,-1.471082306E1,-1.134862900E1,-3.643294525E1
1.863166962E2,-1.420520401E1,-9.440773010E0,-3.734169006E1
1.863368612E2,-1.393651199E1,-7.413236618E0,-3.786995697E1
1.863570262E2,-1.400852108E1,-5.116439819E0,-3.838974762E1
1.863771912E2,-1.343701553E1,-2.835582733E0,-3.848703003E1
1.863973562E2,-1.280935955E1,-5.715541840E-1,-3.901954651E1
1.864175212E2,-1.194954967E1,2.034816742E0,-3.916594696E1
1.864376862E2,-1.093328762E1,4.610257149E0,-3.923512268E1
1.864578512E2,-9.700844765E0,7.059034348E0,-3.920897675E1
1.864780162E2,-8.592039108E0,9.351880074E0,-3.886980438E1
1.864981812E2,-7.851570129E0,1.150853252E1,-3.829617310E1
1.865183462E2,-7.371412754E0,1.327649021E1,-3.789021301E1
1.865385112E2,-6.788449287E0,1.523934746E1,-3.719042969E1
1.865586762E2,-6.467485905E0,1.723497391E1,-3.634133911E1
1.865788412E2,-6.311035156E0,1.907409859E1,-3.561960602E1
1.865990062E2,-6.116918087E0,2.037599182E1,-3.453211975E1
1.866191712E2,-6.349319458E0,2.163841629E1,-3.379783630E1
1.866393362E2,-6.890665054E0,2.288548279E1,-3.277966309E1
1.866595012E2,-7.264741421E0,2.326842308E1,-3.234734344E1
1.866796662E2,-7.589981079E0,2.384852028E1,-3.190834808E1
1.866998312E2,-7.891183376E0,2.431473923E1,-3.135506439E1
1.867199962E2,-8.155418396E0,2.465560532E1,-3.113967133E1
1.867401612E2,-8.184108734E0,2.504390335E1,-3.065320587E1
1.867603262E2,-8.179143906E0,2.541879845E1,-3.057376862E1
1.867804912E2,-8.136446953E0,2.544263268E1,-3.070058441E1
1.868006562E2,-8.300028801E0,2.529596710E1,-3.087480927E1
1.868208212E2,-8.384552002E0,2.492662811E1,-3.119602203E1
1.868409862E2,-8.486532211E0,2.427803802E1,-3.190241241E1
1.868611512E2,-8.401931763E0,2.327397156E1,-3.286669159E1
1.868813161E2,-7.747663975E0,2.172891617E1,-3.404031372E1
1.869014811E2,-6.776509762E0,2.000259781E1,-3.512159729E1
1.869216461E2,-5.890578747E0,1.803786087E1,-3.639466858E1
1.869418111E2,-5.705221653E0,1.577736568E1,-3.699236298E1
1.869619761E2,-5.837000370E0,1.340306473E1,-3.789935303E1
1.869821411E2,-5.428576946E0,1.078399277E1,-3.900717163E1
1.870023061E2,-4.608498573E0,8.246715546E0,-3.948827362E1
1.870224711E2,-3.560063362E0,5.407079697E0,-4.007737732E1
1.870426361E2,-3.191571236E0,2.529565811E0,-4.060233307E1
1.870628011E2,-3.166944504E0,-5.091323853E-1,-4.064310455E1
1.870829661E2,-3.470055580E0,-3.360454559E0,-4.041390991E1
1.871031311E2,-3.875295639E0,-6.120365143E0,-4.040100098E1
1.871232961E2,-4.016447067E0,-8.658437729E0,-3.992012787E1
1.871434611E2,-4.075056076E0,-1.136457253E1,-3.915917969E1
1.871636261E2,-3.974780083E0,-1.358538628E1,-3.861194611E1
1.871837911E2,-3.924703598E0,-1.584013939E1,-3.773993683E1
1.872039561E2,-3.719730377E0,-1.784481239E1,-3.700577545E1
1.872241211E2,-3.407365799E0,-1.964251709E1,-3.607222748E1
1.872442861E2,-2.849850655E0,-2.115829277E1,-3.524699402E1
1.872644511E2,-2.895564079E0,-2.235856056E1,-3.468785095E1
1.872846161E2,-2.973257065E0,-2.306901169E1,-3.417896271E1
1.873047811E2,-3.127687454E0,-2.376642990E1,-3.371700287E1
1.873249461E2,-3.404826164E0,-2.405931854E1,-3.396743011E1
1.873451111E2,-3.460614204E0,-2.385298538E1,-3.410930634E1
1.873652761E2,-3.959115982E0,-2.301607704E1,-3.447718048E1
1.873854411E2,-4.053230286E0,-2.231606865E1,-3.519045258E1
1.874056061E2,-3.979056358E0,-2.117200661E1,-3.589717102E1
1.874257711E2,-3.854217529E0,-1.974431038E1,-3.671804047E1
1.874459361E2,-2.839787483E0,-1.703932571E1,-3.842651367E1
1.874661011E2,-1.608812332E0,-1.450600624E1,-3.938903809E1
1.874862661E2,-4.448986053E-2,-1.183954811E1,-4.032678986E1
1.875064311E2,1.424555779E0,-8.815397263E0,-4.097935486E1
1.875265961E2,2.357443810E0,-5.123538971E0,-4.151226044E1
1.875467611E2,3.139436722E0,-1.346694946E0,-4.151447296E1
1.875669261E2,3.810607910E0,2.170957565E0,-4.103861237E1
1.875870911E2,4.106057167E0,5.523848534E0,-4.065891266E1
1.876072561E2,4.280451775E0,8.231311798E0,-4.003172302E1
1.876274211E2,4.618749619E0,1.027349091E1,-3.907646942E1
1.876475861E2,4.707223892E0,1.187602329E1,-3.873854065E1
1.876677511E2,4.454142570E0,1.319252777E1,-3.822307587E1
1.876879161E2,3.962868690E0,1.426393700E1,-3.782238770E1
1.877080811E2,3.643458366E0,1.521749496E1,-3.754727173E1
1.877282461E2,3.380530357E0,1.596016598E1,-3.686068726E1
1.877484111E2,2.731853485E0,1.674867439E1,-3.671235657E1
1.877685761E2,1.993824005E0,1.754977417E1,-3.630772400E1
1.877887411E2,1.261109352E0,1.815630913E1,-3.578907776E1
1.878089061E2,6.266298294E-1,1.882069397E1,-3.563331604E1
1.878290711E2,-1.419677734E-1,1.926743698E1,-3.531607056E1
1.878492361E2,-5.329751968E-1,1.976859474E1,-3.516777039E1
1.878694011E2,-6.518869400E-1,2.004848289E1,-3.511515808E1
1.878895675E2,-8.331995010E-1,2.026810074E1,-3.485708618E1
1.879097325E2,-9.935979843E-1,2.056376076E1,-3.482713318E1
1.879298975E2,-1.274730682E0,2.089800835E1,-3.457872009E1
1.879500625E2,-1.466586113E0,2.114030647E1,-3.449809265E1
1.879702275E2,-1.456114769E0,2.124529648E1,-3.448997498E1
1.879903925E2,-1.569212914E0,2.116068268E1,-3.456853485E1
1.880105575E2,-1.905894279E0,2.089567184E1,-3.499420929E1
1.880307225E2,-2.550477028E0,2.005072975E1,-3.539253998E1
1.880508875E2,-3.539728165E0,1.901739693E1,-3.598096466E1
1.880710525E2,-4.239633560E0,1.746485329E1,-3.713638306E1
1.880912175E2,-4.829250336E0,1.573668957E1,-3.810179901E1
1.881113825E2,-5.169228554E0,1.374431610E1,-3.888768768E1
1.881315475E2,-6.108507633E0,1.141537857E1,-3.973439026E1
1.881517125E2,-7.413779736E0,8.914546013E0,-4.003377533E1
1.881718775E2,-8.630359650E0,6.209687233E0,-4.039570618E1
1.881920425E2,-9.588180542E0,3.410543442E0,-4.051573944E1
1.882122075E2,-1.012911701E1,4.022731781E-1,-4.037390137E1
1.882323725E2,-1.078486919E1,-2.610017776E0,-4.022014618E1
1.882525375E2,-1.154793739E1,-7.295904160E0,-3.888456726E1
1.882727025E2,-1.173138237E1,-9.781129837E0,-3.767591095E1
1.882928675E2,-1.232917118E1,-1.231430244E1,-3.667111206E1
1.883130325E2,-1.268996334E1,-1.395704651E1,-3.545396423E1
1.883331975E2,-1.304814148E1,-1.566241074E1,-3.444214630E1
1.883533625E2,-1.334351826E1,-1.717914772E1,-3.305677032E1
1.883735275E2,-1.343247509E1,-1.836485672E1,-3.213757324E1
1.883936925E2,-1.344752121E1,-1.949565125E1,-3.128913116E1
1.884138575E2,-1.376832867E1,-2.047251511E1,-3.032274628E1
1.884340225E2,-1.416331100E1,-2.118570328E1,-2.929337311E1
1.884541875E2,-1.454514217E1,-2.168074417E1,-2.884903717E1
1.884743525E2,-1.464762115E1,-2.173122787E1,-2.856912994E1
1.884945175E2,-1.478655434E1,-2.160934258E1,-2.839805603E1
1.885146825E2,-1.482026291E1,-2.123671150E1,-2.892793274E1
1.885348475E2,-1.492007542E1,-2.037512207E1,-2.938040924E1
1.885550125E2,-1.480389500E1,-1.939577866E1,-3.015946198E1
1.885751775E2,-1.439471817E1,-1.835276794E1,-3.113279724E1
1.885953425E2,-1.381434822E1,-1.690243721E1,-3.241941071E1
1.886155075E2,-1.296001434E1,-1.528856468E1,-3.374667358E1
1.886356725E2,-1.202993393E1,-1.320219421E1,-3.489194489E1
1.886558375E2,-1.140230179E1,-1.071345329E1,-3.615937805E1
1.886760025E2,-1.125306511E1,-7.673805237E0,-3.716912079E1
1.886961675E2,-1.093180370E1,-4.973548889E0,-3.793564606E1
1.887163325E2,-1.088438225E1,-1.717212677E0,-3.837152100E1
1.887364975E2,-1.089826584E1,1.191698074E0,-3.838262939E1
1.887566625E2,-1.095562553E1,3.795209885E0,-3.809088135E1
1.887768275E2,-1.119324875E1,6.247570992E0,-3.769507599E1
1.887969925E2,-1.166343880E1,8.659113884E0,-3.694667053E1
1.888171575E2,-1.184167862E1,1.040350914E1,-3.658525085E1
1.888373225E2,-1.191077423E1,1.204286003E1,-3.613092041E1
1.888574875E2,-1.210802078E1,1.342119598E1,-3.538526917E1
1.888776525E2,-1.245791054E1,1.464337158E1,-3.461847687E1
1.888978174E2,-1.298975658E1,1.565183830E1,-3.385648346E1
1.889179824E2,-1.343965435E1,1.635873985E1,-3.332338715E1
1.889381474E2,-1.369797897E1,1.712548637E1,-3.306095123E1
1.889583134E2,-1.366320419E1,1.755406952E1,-3.254389191E1
1.889784784E2,-1.396376324E1,1.849737930E1,-3.222290802E1
1.889986434E2,-1.391097736E1,1.910730743E1,-3.163961029E1
1.890188084E2,-1.392476463E1,1.998821259E1,-3.135498047E1
1.890389734E2,-1.424997997E1,2.042325592E1,-3.071585083E1
1.890591384E2,-1.487310600E1,2.058043480E1,-3.031380463E1
1.890793034E2,-1.567744827E1,2.009838676E1,-3.016080475E1
1.890994684E2,-1.628277016E1,1.919239235E1,-3.041311646E1
1.891196334E2,-1.694691277E1,1.820702744E1,-3.069856262E1
1.891397984E2,-1.757849884E1,1.704591560E1,-3.151499176E1
1.891599634E2,-1.830236626E1,1.560018730E1,-3.177198029E1
1.891801284E2,-1.875281334E1,1.379444313E1,-3.189492798E1
1.892002934E2,-1.931626892E1,1.175614548E1,-3.218301392E1
1.892204584E2,-1.968643761E1,9.513190269E0,-3.214144135E1
1.892406234E2,-1.990952110E1,7.505874634E0,-3.247763062E1
1.892607884E2,-2.011156654E1,5.852760315E0,-3.230595398E1
1.892809534E2,-2.003686333E1,4.062237740E0,-3.244398499E1
1.893011184E2,-1.997566605E1,2.415523529E0,-3.210845947E1
1.893212834E2,-1.993768311E1,1.570453644E-1,-3.157851410E1
1.893414484E2,-1.991911697E1,-2.335187912E0,-3.096466064E1
1.893616134E2,-1.978458214E1,-4.659654617E0,-3.064516449E1
1.893817784E2,-1.937620735E1,-7.067308426E0,-2.990835571E1
1.894019434E2,-1.892906380E1,-8.967863083E0,-2.930789948E1
1.894221084E2,-1.854148102E1,-1.064947128E1,-2.859840393E1
1.894422734E2,-1.799116516E1,-1.227446175E1,-2.779478455E1
1.894624384E2,-1.744491959E1,-1.387109756E1,-2.703788757E1
1.894826034E2,-1.683434868E1,-1.523755455E1,-2.612036133E1
1.895027684E2,-1.629613495E1,-1.632850266E1,-2.559766388E1
1.895229334E2,-1.586553764E1,-1.716205978E1,-2.517875671E1
1.895430984E2,-1.566157246E1,-1.782188988E1,-2.425281525E1
1.895632634E2,-1.546412277E1,-1.844360924E1,-2.433814240E1
1.895834284E2,-1.532315063E1,-1.865051460E1,-2.408435822E1
1.896035934E2,-1.526405716E1,-1.877490807E1,-2.405062866E1
1.896237584E2,-1.519091034E1,-1.866683388E1,-2.402586365E1
1.896439234E2,-1.510543251E1,-1.813652992E1,-2.417167664E1
1.896640884E2,-1.529242516E1,-1.741734123E1,-2.482276917E1
1.896842534E2,-1.573806953E1,-1.625835228E1,-2.542865753E1
1.897044184E2,-1.610385132E1,-1.486342812E1,-2.616455841E1
1.897245844E2,-1.628527069E1,-1.320853424E1,-2.729679108E1
1.897447494E2,-1.583970547E1,-1.123657227E1,-2.850210571E1
1.897649144E2,-1.541392517E1,-8.949678421E0,-2.971763611E1
1.897850794E2,-1.518089581E1,-6.230134964E0,-3.073416138E1
1.898052444E2,-1.556945992E1,-3.481990814E0,-3.127806854E1
1.898254094E2,-1.608954239E1,-5.206031799E-1,-3.148412323E1
1.898455744E2,-1.667303467E1,1.745941162E0,-3.085578156E1
1.898657394E2,-1.714262009E1,4.545874596E0,-3.067517853E1
1.898859042E2,-1.725000381E1,5.690265656E0,-3.033386993E1
1.899060693E2,-1.708958244E1,6.921659470E0,-3.007749939E1
1.899262343E2,-1.687748337E1,7.415288925E0,-3.022853851E1
1.899463993E2,-1.676261902E1,7.967536926E0,-3.005751801E1
1.899665643E2,-1.664431381E1,8.273332596E0,-3.006826019E1
1.899867292E2,-1.660237503E1,8.510046959E0,-2.989811707E1
1.900068942E2,-1.638337708E1,8.828765869E0,-2.971289062E1
1.900270593E2,-1.685626221E1,9.072049141E0,-2.978249359E1
1.900472243E2,-1.742911530E1,9.318693161E0,-2.918486786E1
1.900673893E2,-1.794548416E1,9.701152802E0,-2.868920898E1
1.900875542E2,-1.833019829E1,1.036512661E1,-2.826026917E1
1.901077192E2,-1.822249222E1,1.093046284E1,-2.810501862E1
1.901278843E2,-1.807283783E1,1.145013809E1,-2.768828583E1
1.901480493E2,-1.792436981E1,1.214981079E1,-2.799517822E1
1.901682143E2,-1.751438332E1,1.288204193E1,-2.775588989E1
1.901883793E2,-1.700855255E1,1.316871071E1,-2.779122925E1
1.902085442E2,-1.639889717E1,1.317602730E1,-2.812068176E1
1.902287093E2,-1.602215004E1,1.272389412E1,-2.853420258E1
1.902488743E2,-1.593327904E1,1.214447594E1,-2.890174103E1
1.902690393E2,-1.594943523E1,1.068327808E1,-2.915767670E1
1.902892043E2,-1.628923035E1,9.240565300E0,-2.900999451E1
1.903093692E2,-1.614716530E1,7.420791626E0,-2.945895386E1
1.903295352E2,-1.626258087E1,6.148001671E0,-2.943103790E1
1.903497002E2,-1.620349312E1,4.929362297E0,-2.922116852E1
1.903698653E2,-1.642091942E1,3.561397552E0,-2.873644257E1
1.903900303E2,-1.712554550E1,2.103664398E0,-2.817253113E1
1.904101953E2,-1.778099442E1,3.272018433E-1,-2.730266571E1
1.904303603E2,-1.826420212E1,-1.548810959E0,-2.700291443E1
1.904505252E2,-1.829076195E1,-3.531509399E0,-2.634218597E1
1.904706903E2,-1.803579330E1,-5.526342392E0,-2.576304626E1
1.904908553E2,-1.787470245E1,-6.938428879E0,-2.521035004E1
1.905110203E2,-1.769598579E1,-8.217994690E0,-2.474629974E1
1.905311853E2,-1.776153564E1,-9.214931488E0,-2.422360229E1
1.905513502E2,-1.773217392E1,-1.013888359E1,-2.364656067E1
1.905715153E2,-1.742778206E1,-1.096176720E1,-2.328600311E1
1.905916803E2,-1.711197472E1,-1.175467682E1,-2.296251678E1
1.906118453E2,-1.687509346E1,-1.241352844E1,-2.275722504E1
1.906320103E2,-1.667833328E1,-1.282446671E1,-2.279788971E1
1.906521752E2,-1.648777580E1,-1.339737320E1,-2.253192902E1
1.906723403E2,-1.615373230E1,-1.370421982E1,-2.233937836E1
1.906925053E2,-1.594631672E1,-1.406074333E1,-2.239440155E1
1.907126703E2,-1.563304996E1,-1.430623817E1,-2.229671478E1
1.907328353E2,-1.515438366E1,-1.448450279E1,-2.257067108E1
1.907530002E2,-1.480571175E1,-1.438685989E1,-2.289545441E1
1.907731652E2,-1.405072975E1,-1.417276001E1,-2.342739105E1
1.907933303E2,-1.366032410E1,-1.373423767E1,-2.374705505E1
1.908134953E2,-1.323536205E1,-1.313569260E1,-2.431156921E1
1.908336603E2,-1.341842937E1,-1.225328255E1,-2.473722076E1
1.908538253E2,-1.352681541E1,-1.119287491E1,-2.503437805E1
1.908739913E2,-1.360910416E1,-9.588962555E0,-2.558737946E1
1.908941566E2,-1.400552368E1,-7.603155136E0,-2.640118408E1
1.909143216E2,-1.442864895E1,-5.524974823E0,-2.720505524E1
1.909344866E2,-1.473831749E1,-3.035339355E0,-2.728223419E1
1.909546516E2,-1.518320942E1,-5.289688110E-1,-2.711361694E1
1.909748166E2,-1.522622204E1,2.080760956E0,-2.738585663E1
1.909949816E2,-1.522132683E1,4.675634384E0,-2.732583618E1
1.910151466E2,-1.504383945E1,7.149415016E0,-2.685301208E1
1.910353116E2,-1.465794373E1,1.030287743E1,-2.621225739E1
1.910554766E2,-1.427861309E1,1.307906532E1,-2.550793457E1
1.910756416E2,-1.335820007E1,1.543843269E1,-2.456176758E1
1.910958066E2,-1.265293694E1,1.730136299E1,-2.385662842E1
1.911159716E2,-1.205129242E1,1.860236359E1,-2.332167816E1
1.911361366E2,-1.169799519E1,1.942433357E1,-2.271475983E1
1.911563016E2,-1.161583138E1,2.011267662E1,-2.196610260E1
1.911764666E2,-1.167318821E1,2.050416374E1,-2.144397736E1
1.911966316E2,-1.179705524E1,2.071795845E1,-2.084560394E1
1.912167966E2,-1.202592468E1,2.104995537E1,-2.058802032E1
1.912369616E2,-1.198334694E1,2.104606247E1,-2.068248749E1
1.912571266E2,-1.224239159E1,2.086347008E1,-2.053974152E1
1.912772916E2,-1.225508690E1,2.084274292E1,-2.040468597E1
1.912974566E2,-1.254887486E1,2.054213333E1,-2.049542236E1
1.913176216E2,-1.267061806E1,2.011648941E1,-2.059948730E1
1.913377866E2,-1.273971272E1,1.967244911E1,-2.124540710E1
1.913579526E2,-1.254320908E1,1.888062859E1,-2.185720062E1
1.913781176E2,-1.214904022E1,1.805450821E1,-2.230144501E1
1.913982826E2,-1.185109138E1,1.715516663E1,-2.271088409E1
1.914184476E2,-1.177017307E1,1.649815178E1,-2.347996521E1
1.914386126E2,-1.149274921E1,1.568171978E1,-2.371911621E1
1.914587776E2,-1.121788883E1,1.469959450E1,-2.443819427E1
1.914789426E2,-1.043632603E1,1.297677803E1,-2.543157959E1
1.914991076E2,-9.964139938E0,1.177432251E1,-2.574150085E1
1.915192726E2,-9.657602310E0,1.054220200E1,-2.652464294E1
1.915394376E2,-9.135442734E0,9.054277420E0,-2.713239288E1
1.915596026E2,-9.130961418E0,7.477643013E0,-2.725771332E1
1.915797676E2,-9.121331215E0,5.940062523E0,-2.764236450E1
1.915999326E2,-9.141267776E0,4.169242859E0,-2.788508606E1
1.916200976E2,-9.402027130E0,2.399751663E0,-2.763719940E1
1.916402626E2,-9.485172272E0,8.250808716E-1,-2.782859802E1
1.916604276E2,-9.573760986E0,-6.378574371E-1,-2.800310516E1
1.916805926E2,-9.816600800E0,-1.769605637E0,-2.774724579E1
1.917007576E2,-1.026267433E1,-2.657075882E0,-2.761618042E1
1.917209226E2,-1.061805534E1,-3.259817123E0,-2.778440094E1
1.917410876E2,-1.074888706E1,-3.829755783E0,-2.767574310E1
1.917612526E2,-1.111160851E1,-4.497297287E0,-2.740888214E1
1.917814176E2,-1.100277901E1,-5.408504486E0,-2.749903107E1
1.918015826E2,-1.077071381E1,-6.058969498E0,-2.743678284E1
1.918217486E2,-1.051540756E1,-6.755228043E0,-2.746931458E1
1.918419136E2,-1.000952339E1,-7.451168060E0,-2.768875122E1
1.918620786E2,-9.084162712E0,-8.082929611E0,-2.798579407E1
1.918822436E2,-8.443942070E0,-8.364711761E0,-2.803567505E1
1.919024082E2,-7.753624439E0,-8.649183273E0,-2.835488129E1
1.919225732E2,-7.107193470E0,-8.470859528E0,-2.856188202E1
1.919427382E2,-6.258136272E0,-8.354574203E0,-2.882132721E1
1.919629032E2,-5.795364857E0,-7.976936340E0,-2.902155304E1
1.919830682E2,-4.901183128E0,-7.521591187E0,-2.892391968E1
1.920032332E2,-4.290501595E0,-6.861694336E0,-2.938348389E1
1.920233982E2,-3.611298561E0,-6.248455048E0,-2.943377686E1
1.920435632E2,-2.626310349E0,-5.475788116E0,-2.962133789E1
1.920637282E2,-2.027832031E0,-4.454921722E0,-2.974484253E1
1.920838932E2,-1.626012802E0,-3.037424088E0,-3.008995819E1
1.921040582E2,-1.153503418E0,-1.573062897E0,-3.014395905E1
1.921242232E2,-7.027978897E-1,-2.118186951E-1,-3.001628876E1
1.921443882E2,-9.477901459E-2,1.416175842E0,-2.999635315E1
1.921645532E2,6.979598999E-1,2.906808853E0,-3.024031067E1
1.921847182E2,5.993003845E-1,4.460067749E0,-2.994639587E1
1.922048832E2,2.384862900E-1,6.077813148E0,-2.912979126E1
1.922250482E2,2.475719452E-1,7.889447212E0,-2.762157440E1
1.922452132E2,1.457563400E0,1.046425247E1,-2.661350250E1
1.922653792E2,2.209079742E0,1.185942936E1,-2.713317108E1
1.922855442E2,3.068763733E0,1.304787636E1,-2.606732941E1
1.923057092E2,3.836181641E0,1.378805923E1,-2.555997467E1
1.923258742E2,4.438866615E0,1.438746262E1,-2.495153046E1
1.923460392E2,5.041125298E0,1.465803909E1,-2.477622223E1
1.923662042E2,5.607604027E0,1.483327866E1,-2.463234711E1
1.923863692E2,6.052213669E0,1.479400826E1,-2.443973541E1
1.924065342E2,6.604791641E0,1.451320457E1,-2.453975677E1
1.924266992E2,6.875540733E0,1.420979309E1,-2.463933563E1
1.924468642E2,7.271048546E0,1.367734337E1,-2.471269989E1
1.924670292E2,7.940388680E0,1.298863506E1,-2.490317535E1
1.924871942E2,8.474894524E0,1.233382607E1,-2.518721771E1
1.925073592E2,9.112922668E0,1.172303772E1,-2.541864777E1
1.925275242E2,9.650401115E0,1.096575928E1,-2.575294495E1
1.925476892E2,1.011156178E1,1.018060493E1,-2.615357208E1
1.925678542E2,1.076694107E1,9.186589241E0,-2.642276764E1
1.925880192E2,1.123915958E1,8.092710495E0,-2.686614990E1
1.926081842E2,1.177707577E1,7.010396004E0,-2.733313751E1
1.926283492E2,1.205618572E1,5.689625740E0,-2.783227539E1
1.926485142E2,1.244302845E1,3.957882881E0,-2.828334045E1
1.926686802E2,1.301708984E1,2.308025360E0,-2.859585571E1
1.926888452E2,1.319606304E1,6.708450317E-1,-2.882478333E1
1.927090102E2,1.308065701E1,-5.388889313E-1,-2.956351471E1
1.927291752E2,1.293877602E1,-1.826921463E0,-2.988857269E1
1.927493402E2,1.283081913E1,-3.440799713E0,-3.036222839E1
1.927695052E2,1.327862167E1,-5.398160934E0,-3.032904053E1
1.927896702E2,1.364197350E1,-7.354940414E0,-3.033558655E1
1.928098352E2,1.417730999E1,-9.098056793E0,-3.001677704E1
1.928300002E2,1.429629421E1,-1.101500130E1,-2.968488312E1
1.928501652E2,1.461324692E1,-1.274007034E1,-2.898989868E1
1.928703302E2,1.462903690E1,-1.429027176E1,-2.889569092E1
1.928904954E2,1.467655087E1,-1.560123062E1,-2.831996155E1
1.929106604E2,1.454056263E1,-1.662499619E1,-2.810702515E1
1.929308254E2,1.457179165E1,-1.760201454E1,-2.770129395E1
1.929509904E2,1.464091206E1,-1.830099869E1,-2.747180939E1
1.929711554E2,1.503230953E1,-1.890765762E1,-2.718148041E1
1.929913204E2,1.538780212E1,-1.934194565E1,-2.669763184E1
1.930114854E2,1.580731010E1,-1.931364059E1,-2.639765930E1
1.930316504E2,1.636880302E1,-1.893676949E1,-2.623314667E1
1.930518164E2,1.672560120E1,-1.852393150E1,-2.628388214E1
1.930719814E2,1.700255775E1,-1.801551628E1,-2.635298157E1
1.930921464E2,1.726204300E1,-1.686707115E1,-2.676649475E1
1.931123114E2,1.759717560E1,-1.581139565E1,-2.693257141E1
1.931324764E2,1.788873291E1,-1.453273773E1,-2.721427917E1
1.931526414E2,1.804677963E1,-1.308732605E1,-2.774069214E1
1.931728064E2,1.822973061E1,-1.153991127E1,-2.796663666E1
1.931929714E2,1.847922516E1,-9.664674759E0,-2.827461243E1
1.932131364E2,1.864220047E1,-7.822998047E0,-2.851567841E1
1.932333014E2,1.865243340E1,-6.043256760E0,-2.864882660E1
1.932534664E2,1.889903069E1,-4.307653427E0,-2.886776733E1
1.932736314E2,1.911994743E1,-2.571962357E0,-2.862391663E1
1.932937964E2,1.924981880E1,-9.653606415E-1,-2.849597931E1
1.933139614E2,1.968196297E1,5.890159607E-1,-2.803083038E1
1.933341264E2,2.009902954E1,1.986001968E0,-2.761645508E1
1.933542914E2,2.053235626E1,3.533014297E0,-2.717739105E1
1.933744564E2,2.118892479E1,4.884224892E0,-2.659685516E1
1.933946214E2,2.208466530E1,5.597859383E0,-2.569104004E1
1.934147864E2,2.322496605E1,6.094912529E0,-2.463570404E1
1.934349524E2,2.467104340E1,6.440042496E0,-2.328518677E1
1.934551174E2,2.583355331E1,6.840700150E0,-2.162491608E1
1.934752824E2,2.686755562E1,7.020048141E0,-2.044597626E1
1.934954474E2,2.762295532E1,7.209575653E0,-1.957400513E1
1.935156124E2,2.805204773E1,7.224053383E0,-1.866241455E1
1.935357774E2,2.853758240E1,7.279433250E0,-1.819509888E1
1.935559424E2,2.920487595E1,7.092146873E0,-1.747248077E1
1.935761074E2,2.982594490E1,7.072510719E0,-1.623105621E1
1.935962724E2,3.045956612E1,6.802248955E0,-1.464368439E1
1.936164374E2,3.110409927E1,6.540667534E0,-1.362207031E1
1.936366024E2,3.168929100E1,6.139106750E0,-1.262235260E1
1.936567674E2,3.190253448E1,5.974910736E0,-1.190512848E1
1.936769324E2,3.232802963E1,5.583196640E0,-1.107851410E1
1.936970974E2,3.270169830E1,5.102745056E0,-1.002957916E1
1.937172624E2,3.298342133E1,4.286978722E0,-9.256011963E0
1.937374274E2,3.317068863E1,3.521434784E0,-8.829910278E0
1.937575924E2,3.322570038E1,3.000295639E0,-8.598205566E0
1.937777574E2,3.348968124E1,2.162605286E0,-8.794082642E0
1.937979234E2,3.370239258E1,1.310173035E0,-8.602134705E0
1.938180884E2,3.370481110E1,8.422565460E-1,-8.478828430E0
1.938382534E2,3.368195343E1,2.961578369E-1,-8.390678406E0
1.938584184E2,3.371508026E1,-2.714271545E-1,-8.289535522E0
1.938785834E2,3.362424469E1,-7.770519257E-1,-8.150436401E0
1.938987487E2,3.391484451E1,-1.677995682E0,-8.051651001E0
1.939189137E2,3.374021912E1,-1.708562851E0,-8.008354187E0
1.939390787E2,3.394842529E1,-1.955486298E0,-8.178131104E0
1.939592437E2,3.385667038E1,-2.029537201E0,-8.378211975E0
1.939794087E2,3.412321854E1,-2.240922928E0,-8.421249390E0
1.939995737E2,3.377389526E1,-2.126312256E0,-8.786468506E0
1.940197387E2,3.392964935E1,-2.045814514E0,-8.537513733E0
1.940399037E2,3.395491028E1,-1.625759125E0,-8.603034973E0
1.940600687E2,3.394549942E1,-1.204431534E0,-8.400878906E0
1.940802337E2,3.410681915E1,-5.709095001E-1,-8.170539856E0
1.941003987E2,3.405645370E1,2.585792542E-2,-7.844825745E0
1.941205637E2,3.425897598E1,8.427867889E-1,-7.490478516E0
1.941407297E2,3.427500153E1,1.695306778E0,-6.878158569E0
1.941608947E2,3.434903717E1,2.414234161E0,-6.511268616E0
1.941810597E2,3.441056442E1,3.312784195E0,-6.144256592E0
1.942012247E2,3.425219727E1,4.170244217E0,-5.589263916E0
1.942213897E2,3.416340637E1,5.245779037E0,-5.053428650E0
1.942415547E2,3.425908661E1,6.006860733E0,-3.995346069E0
1.942617197E2,3.425876617E1,6.788885117E0,-2.366195679E0
1.942818847E2,3.404082489E1,7.318379402E0,-7.588348389E-1
1.943020497E2,3.382743073E1,8.013525963E0,1.144439697E0
1.943222147E2,3.336485291E1,8.832588196E0,2.200195312E0
1.943423797E2,3.323595428E1,9.552023888E0,2.847045898E0
1.943625447E2,3.274621964E1,1.029718018E1,3.550338745E0
1.943827097E2,3.243001938E1,1.071409130E1,4.317459106E0
1.944028747E2,3.204793549E1,1.121731091E1,5.168487549E0
1.944230397E2,3.190170288E1,1.147244549E1,6.208900452E0
1.944432047E2,3.175808907E1,1.154821301E1,7.267913818E0
1.944633707E2,3.156548691E1,1.179870319E1,7.970832825E0
1.944835357E2,3.125072289E1,1.176989937E1,8.787200928E0
1.945037007E2,3.088033485E1,1.179159927E1,9.971221924E0
1.945238657E2,3.046504593E1,1.176787567E1,1.111899567E1
1.945440307E2,3.015810394E1,1.187144470E1,1.230995178E1
1.945641957E2,2.957149124E1,1.203800011E1,1.360080719E1
1.945843607E2,2.881310654E1,1.198638153E1,1.511676025E1
1.946045257E2,2.830743027E1,1.199769211E1,1.590216827E1
1.946246907E2,2.792405510E1,1.223902512E1,1.696434021E1
1.946448557E2,2.739452553E1,1.228243065E1,1.707619476E1
1.946650207E2,2.697371483E1,1.278233719E1,1.746778107E1
1.946851857E2,2.641807747E1,1.296163273E1,1.775614929E1
1.947053507E2,2.626384354E1,1.308672523E1,1.826944733E1
1.947255157E2,2.605701065E1,1.371633720E1,1.828800201E1
1.947456807E2,2.571318054E1,1.392301941E1,1.794148254E1
1.947658457E2,2.579857254E1,1.423576355E1,1.731988525E1
1.947860107E2,2.569895554E1,1.473513126E1,1.699787903E1
1.948061767E2,2.578198433E1,1.512051773E1,1.686685181E1
1.948263417E2,2.560387039E1,1.549738503E1,1.679618073E1
1.948465067E2,2.552941895E1,1.571815109E1,1.614086914E1
1.948666717E2,2.605538177E1,1.626930428E1,1.511988068E1
1.948868367E2,2.627095795E1,1.669144440E1,1.413307953E1
1.949070013E2,2.663872910E1,1.710666656E1,1.311889648E1
1.949271663E2,2.713205338E1,1.722821808E1,1.229573059E1
1.949473313E2,2.731822586E1,1.740612984E1,1.107015228E1
1.949674963E2,2.774914932E1,1.764826584E1,9.954704285E0
1.949876613E2,2.789149094E1,1.772466660E1,8.418151855E0
1.950078263E2,2.841143799E1,1.766936493E1,6.768638611E0
1.950279913E2,2.859827423E1,1.765925789E1,5.435943604E0
1.950481563E2,2.884156799E1,1.760813904E1,4.076553345E0
1.950683213E2,2.900268555E1,1.745616150E1,2.970123291E0
1.950884863E2,2.910260773E1,1.752155685E1,2.192100525E0
1.951086513E2,2.917095184E1,1.770759010E1,1.417335510E0
1.951288173E2,2.932000351E1,1.763545799E1,6.306304932E-1
1.951489823E2,2.905239105E1,1.764943123E1,-5.446853638E-1
1.951691473E2,2.905641174E1,1.767835808E1,-1.541313171E0
1.951893123E2,2.910141754E1,1.757926178E1,-2.426986694E0
1.952094773E2,2.885042191E1,1.756976700E1,-3.602882385E0
1.952296423E2,2.876170731E1,1.752025414E1,-4.398300171E0
1.952498073E2,2.866083908E1,1.719101524E1,-5.200691223E0
1.952699723E2,2.870349503E1,1.688874054E1,-5.992477417E0
1.952901373E2,2.897438049E1,1.636739731E1,-6.621742249E0
1.953103023E2,2.918794632E1,1.579115677E1,-7.934341431E0
1.953304673E2,2.913593674E1,1.514149380E1,-8.902763367E0
1.953506323E2,2.912957764E1,1.494021416E1,-9.460670471E0
1.953707973E2,2.899622345E1,1.500887585E1,-9.652847290E0
1.953909623E2,2.911248016E1,1.498839569E1,-9.573463440E0
1.954111273E2,2.927223969E1,1.510469246E1,-9.411682129E0
1.954312923E2,2.931035233E1,1.541373253E1,-8.856193542E0
1.954514583E2,2.922568512E1,1.574765587E1,-8.556404114E0
1.954716233E2,2.924471283E1,1.619193459E1,-7.668991089E0
1.954917883E2,2.925651932E1,1.647538185E1,-7.463356018E0
1.955119533E2,2.899715805E1,1.678209114E1,-7.564407349E0
1.955321183E2,2.896615219E1,1.705336189E1,-7.005928040E0
1.955522833E2,2.882091522E1,1.741569138E1,-6.413368225E0
1.955724483E2,2.918593216E1,1.750210762E1,-5.986381531E0
1.955926133E2,2.938127136E1,1.730018425E1,-5.998435974E0
1.956127783E2,2.960263062E1,1.712598228E1,-6.352584839E0
1.956329433E2,2.940881729E1,1.699454689E1,-6.735671997E0
1.956531083E2,2.974830627E1,1.722897339E1,-6.664436340E0
1.956732733E2,2.969713974E1,1.758761215E1,-6.721618652E0
1.956934383E2,2.930242157E1,1.778544998E1,-7.138252258E0
1.957136033E2,2.883776093E1,1.803177071E1,-7.751327515E0
1.957337683E2,2.850277519E1,1.834222794E1,-7.754112244E0
1.957539343E2,2.855610847E1,1.876317406E1,-7.449768066E0
1.957740993E2,2.894078636E1,1.878805351E1,-7.046142578E0
1.957942643E2,2.904817772E1,1.856133842E1,-6.656623840E0
1.958144293E2,2.937494087E1,1.834637260E1,-6.236862183E0
1.958345943E2,2.923604393E1,1.825299454E1,-6.058990479E0
1.958547593E2,2.924630928E1,1.831979942E1,-5.657341003E0
1.958749243E2,2.980658913E1,1.807588768E1,-5.766014099E0
1.958950892E2,3.014806175E1,1.726023102E1,-5.492591858E0
1.959152542E2,3.057561874E1,1.652094460E1,-4.993064880E0
1.959354192E2,3.083005524E1,1.608013153E1,-4.628753662E0
1.959555842E2,3.090154266E1,1.611992645E1,-4.119659424E0
1.959757492E2,3.075909424E1,1.601972198E1,-3.707588196E0
1.959959142E2,3.060889816E1,1.595574474E1,-3.233695984E0
1.960160792E2,3.051891518E1,1.597134590E1,-2.792999268E0
1.960362442E2,3.014059067E1,1.642355728E1,-2.764213562E0
1.960564102E2,2.960772324E1,1.689013863E1,-2.023063660E0
1.960765752E2,2.919322205E1,1.733490372E1,-1.551307678E0
1.960967402E2,2.901251411E1,1.763206291E1,-2.898178101E-1
1.961169052E2,2.875410080E1,1.769355774E1,4.056243896E-1
1.961370702E2,2.849320412E1,1.753371048E1,1.512535095E0
1.961572352E2,2.839911652E1,1.751917267E1,2.897163391E0
1.961774002E2,2.831190300E1,1.720693970E1,4.524917603E0
1.961975652E2,2.821228790E1,1.682650757E1,6.577293396E0
1.962177302E2,2.793221664E1,1.645773315E1,8.932769775E0
1.962378952E2,2.757662201E1,1.580648994E1,1.104701233E1
1.962580602E2,2.714590836E1,1.532609367E1,1.283019257E1
1.962782252E2,2.676733971E1,1.476736546E1,1.478685760E1
1.962983902E2,2.630977821E1,1.418719482E1,1.627166748E1
1.963185552E2,2.551539993E1,1.360376453E1,1.825656891E1
1.963387202E2,2.558301163E1,1.389827919E1,1.839628601E1
1.963588862E2,2.561312103E1,1.441659927E1,1.803044891E1
1.963790512E2,2.584577179E1,1.471862793E1,1.741873932E1
1.963992162E2,2.596057510E1,1.521570301E1,1.687036896E1
1.964193812E2,2.612465668E1,1.572524452E1,1.675751495E1
1.964395462E2,2.579920959E1,1.634400177E1,1.691335297E1
1.964597112E2,2.524936867E1,1.702840042E1,1.687336731E1
1.964798762E2,2.452160454E1,1.778417206E1,1.684145355E1
1.965000412E2,2.379603195E1,1.835676193E1,1.763343048E1
1.965202062E2,2.310004807E1,1.899674416E1,1.790486145E1
1.965403712E2,2.249083710E1,1.940454865E1,1.840644073E1
1.965605362E2,2.185804749E1,1.966735458E1,1.871778870E1
1.965807012E2,2.162362289E1,2.003396034E1,1.836737061E1
1.966008662E2,2.119856644E1,2.008767700E1,1.837112427E1
1.966210312E2,2.117850876E1,1.995151520E1,1.851107788E1
1.966411972E2,2.129233170E1,2.030558968E1,1.865377045E1
1.966613622E2,2.098064423E1,2.019112778E1,1.866992188E1
1.966815272E2,2.072467422E1,2.037530899E1,1.820780182E1
1.967016922E2,2.035309982E1,2.055572701E1,1.821167755E1
1.967218572E2,2.011459732E1,2.107121658E1,1.778809357E1
1.967420222E2,2.016407394E1,2.153281784E1,1.730822754E1
1.967621872E2,2.019338608E1,2.209416771E1,1.633813477E1
1.967823522E2,2.072985268E1,2.250525475E1,1.495066833E1
1.968025172E2,2.142559433E1,2.274877167E1,1.343294525E1
1.968226822E2,2.221551704E1,2.306628227E1,1.159027863E1
1.968428472E2,2.312907028E1,2.348613358E1,9.799087524E0
1.968630122E2,2.372261429E1,2.364047241E1,7.822479248E0
1.968831772E2,2.431768990E1,2.368130875E1,6.264198303E0
1.969033425E2,2.469017792E1,2.376633453E1,4.564552307E0
1.969235085E2,2.500982285E1,2.365621567E1,3.391815186E0
1.969436735E2,2.567137909E1,2.334672165E1,2.784675598E0
1.969638385E2,2.631129646E1,2.304703331E1,2.256446838E0
1.969840035E2,2.662839317E1,2.288701439E1,1.983100891E0
1.970041685E2,2.683603096E1,2.296174240E1,1.560165405E0
1.970243335E2,2.692327690E1,2.290952492E1,1.262374878E0
1.970444985E2,2.683185577E1,2.309026718E1,1.382019043E0
1.970646635E2,2.709152603E1,2.328642845E1,1.632385254E0
1.970848285E2,2.712581253E1,2.314455986E1,1.976516724E0
1.971049935E2,2.710409164E1,2.332150841E1,2.616249084E0
1.971251585E2,2.722262955E1,2.316058731E1,3.158905029E0
1.971453235E2,2.728934097E1,2.315299416E1,3.824752808E0
1.971654885E2,2.744298935E1,2.296241570E1,4.525138855E0
1.971856545E2,2.734749985E1,2.293863106E1,5.891777039E0
1.972058195E2,2.744491196E1,2.288026047E1,7.271156311E0
1.972259845E2,2.706689453E1,2.274468040E1,8.293609619E0
1.972461495E2,2.685676575E1,2.264166641E1,9.390487671E0
1.972663145E2,2.679154396E1,2.236651421E1,1.032639313E1
1.972864795E2,2.684527779E1,2.189274216E1,1.149670410E1
1.973066445E2,2.711650467E1,2.148788643E1,1.220251465E1
1.973268095E2,2.677125931E1,2.073897171E1,1.346748352E1
1.973469745E2,2.644179535E1,2.022798729E1,1.453269958E1
1.973671395E2,2.637356186E1,1.960874367E1,1.563143921E1
1.973873045E2,2.639416885E1,1.883533287E1,1.645677948E1
1.974074695E2,2.691915131E1,1.808522034E1,1.716314697E1
1.974276345E2,2.688932419E1,1.708085442E1,1.791186523E1
1.974478005E2,2.673209763E1,1.595786667E1,1.868735504E1
1.974679655E2,2.675197601E1,1.498259163E1,1.948700714E1
1.974881305E2,2.678170395E1,1.406673050E1,2.023989105E1
1.975082955E2,2.663872910E1,1.335650635E1,2.135594940E1
1.975284605E2,2.594323349E1,1.324967861E1,2.192223358E1
1.975486255E2,2.530070496E1,1.324607754E1,2.245587921E1
1.975687905E2,2.478869247E1,1.336015320E1,2.279083252E1
1.975889555E2,2.442560768E1,1.378134918E1,2.300901794E1
1.976091205E2,2.423105431E1,1.380781269E1,2.331471252E1
1.976292855E2,2.414187813E1,1.396399212E1,2.310610962E1
1.976494505E2,2.416363335E1,1.430191326E1,2.274907684E1
1.976696155E2,2.466936111E1,1.469411564E1,2.189529419E1
1.976897815E2,2.500692368E1,1.544952679E1,2.096646881E1
1.977099465E2,2.534282303E1,1.641674423E1,1.966301727E1
1.977301115E2,2.555503845E1,1.729587936E1,1.856477356E1
1.977502765E2,2.569802284E1,1.798103523E1,1.759835052E1
1.977704415E2,2.583329773E1,1.866758919E1,1.698288727E1
1.977906065E2,2.564230919E1,1.937161827E1,1.594248199E1
1.978107715E2,2.592349052E1,1.991187668E1,1.511482239E1
1.978309365E2,2.627223587E1,2.070297432E1,1.366889191E1
1.978511015E2,2.647050858E1,2.157031822E1,1.230597687E1
1.978712665E2,2.636980438E1,2.209907341E1,1.092568970E1
1.978914315E2,2.636054993E1,2.290095711E1,9.107063293E0
1.979115959E2,2.673830795E1,2.321775246E1,6.636253357E0
1.979317609E2,2.692458916E1,2.325219345E1,4.575019836E0
1.979519269E2,2.711690140E1,2.341860008E1,2.996635437E0
1.979720919E2,2.733311081E1,2.364583015E1,1.067649841E0
1.979922569E2,2.719418335E1,2.350364304E1,-5.049057007E-1
1.980124219E2,2.718057251E1,2.332662201E1,-1.802604675E0
1.980325869E2,2.699065781E1,2.328091240E1,-2.711135864E0
1.980527519E2,2.698466110E1,2.327824783E1,-3.622665405E0
1.980729169E2,2.718644905E1,2.327877235E1,-4.108047485E0
1.980930819E2,2.722143364E1,2.344501114E1,-4.715316772E0
1.981132469E2,2.736990166E1,2.376921082E1,-5.052146912E0
1.981334119E2,2.731649208E1,2.395973778E1,-4.876083374E0
1.981535769E2,2.689564705E1,2.431529236E1,-4.537689209E0
1.981737419E2,2.690604210E1,2.457726479E1,-4.145835876E0
1.981939079E2,2.657087326E1,2.446563911E1,-3.212677002E0
1.982140729E2,2.616272354E1,2.466250038E1,-2.468841553E0
1.982342379E2,2.588917542E1,2.480638504E1,-8.576889038E-1
1.982544029E2,2.555250168E1,2.523242760E1,8.849792480E-1
1.982745679E2,2.567303848E1,2.514610291E1,3.123420715E0
1.982947329E2,2.547972298E1,2.486823082E1,5.351821899E0
1.983148979E2,2.507757187E1,2.477541161E1,7.753562927E0
1.983350629E2,2.481974792E1,2.408767700E1,1.031546783E1
1.983552279E2,2.464523697E1,2.338074112E1,1.268441772E1
1.983753929E2,2.488846970E1,2.233988190E1,1.466603088E1
1.983955579E2,2.509570312E1,2.128123665E1,1.637391663E1
1.984157239E2,2.498636246E1,2.040275192E1,1.801158905E1
1.984358889E2,2.464202499E1,1.977897263E1,1.922012329E1
1.984560539E2,2.399421310E1,1.927877426E1,2.064612579E1
1.984762189E2,2.345511818E1,1.885210037E1,2.212133026E1
1.984963839E2,2.303165817E1,1.877668571E1,2.332916260E1
1.985165489E2,2.227404404E1,1.858637810E1,2.403289795E1
1.985367139E2,2.234289551E1,1.836854744E1,2.448817444E1
1.985568789E2,2.263653564E1,1.813191223E1,2.459688568E1
1.985770439E2,2.341191101E1,1.766560936E1,2.411586761E1
1.985972089E2,2.445365906E1,1.720163345E1,2.387582397E1
1.986173739E2,2.509936142E1,1.663533974E1,2.372376251E1
1.986375399E2,2.565284348E1,1.621161842E1,2.332664490E1
1.986577049E2,2.633983994E1,1.580061436E1,2.267086029E1
1.986778699E2,2.704582787E1,1.553228569E1,2.197278595E1
1.986980349E2,2.744911766E1,1.538780975E1,2.171211243E1
1.987181999E2,2.806424713E1,1.502414227E1,2.104922485E1
1.987383649E2,2.864093018E1,1.480410385E1,2.010086823E1
1.987585299E2,2.902053261E1,1.455422688E1,1.927288818E1
1.987786949E2,2.964286995E1,1.409602165E1,1.873393250E1
1.987988599E2,2.999695587E1,1.382766724E1,1.793959808E1
1.988190249E2,2.996531677E1,1.367102051E1,1.723014832E1
1.988391899E2,3.029862976E1,1.381281376E1,1.685787201E1
1.988593559E2,3.046461105E1,1.393523026E1,1.595953369E1
1.988795209E2,3.048380661E1,1.430268478E1,1.527938080E1
1.988996865E2,3.048084641E1,1.482885551E1,1.417272949E1
1.989198515E2,3.043148994E1,1.527386570E1,1.346022797E1
1.989400165E2,3.062133789E1,1.577923965E1,1.227210236E1
1.989601815E2,3.049084473E1,1.630423355E1,1.140354156E1
1.989803465E2,3.041683578E1,1.698167610E1,1.041603851E1
1.990005115E2,3.026415253E1,1.778127480E1,9.295043945E0
1.990206765E2,2.979506111E1,1.891188812E1,8.202812195E0
1.990408415E2,2.957099152E1,1.991913223E1,6.575881958E0
1.990610065E2,2.916858673E1,2.103785896E1,5.216949463E0
1.990811715E2,2.851894951E1,2.187466621E1,4.310203552E0
1.991013375E2,2.789942932E1,2.275816917E1,3.547264099E0
1.991215025E2,2.749188232E1,2.345103645E1,2.461715698E0
1.991416675E2,2.742447472E1,2.370231819E1,1.259826660E0
1.991618325E2,2.740047073E1,2.409429169E1,-1.361618042E-1
1.991819975E2,2.722584152E1,2.417830467E1,-1.610542297E0
1.992021625E2,2.668442345E1,2.439586258E1,-2.871978760E0
1.992223275E2,2.659806442E1,2.441955948E1,-4.187911987E0
1.992424925E2,2.626493263E1,2.464812469E1,-4.876220703E0
1.992626575E2,2.616249275E1,2.474773788E1,-5.644233704E0
1.992828225E2,2.594361877E1,2.474402237E1,-6.286514282E0
1.993029875E2,2.568103409E1,2.506841087E1,-6.342697144E0
1.993231535E2,2.561788940E1,2.531603241E1,-6.146377563E0
1.993433185E2,2.552693558E1,2.563400650E1,-5.706687927E0
1.993634835E2,2.538420868E1,2.577537918E1,-5.007537842E0
1.993836485E2,2.526570511E1,2.594048882E1,-4.164230347E0
1.994038135E2,2.498595619E1,2.619474792E1,-3.177673340E0
1.994239785E2,2.503993034E1,2.645324326E1,-1.898345947E0
1.994441435E2,2.489495087E1,2.670460320E1,-3.653030396E-1
1.994643085E2,2.469171906E1,2.680400467E1,1.283676147E0
1.994844735E2,2.464632225E1,2.683232307E1,2.825820923E0
1.995046385E2,2.456896591E1,2.655731773E1,5.000679016E0
1.995248035E2,2.428978920E1,2.612993240E1,8.285881042E0
1.995449695E2,2.421577835E1,2.553254890E1,1.020803070E1
1.995651345E2,2.451948929E1,2.468749809E1,1.191510010E1
1.995852995E2,2.487688828E1,2.357337952E1,1.313043976E1
1.996054645E2,2.537526703E1,2.282639694E1,1.447641754E1
1.996256295E2,2.575321579E1,2.158559418E1,1.569567108E1
1.996457945E2,2.606108475E1,2.065010071E1,1.629483032E1
1.996659595E2,2.602955055E1,2.008831024E1,1.687936401E1
1.996861245E2,2.624038506E1,1.941435623E1,1.752048492E1
1.997062895E2,2.629438591E1,1.920092392E1,1.832575226E1
1.997264545E2,2.655827713E1,1.894689560E1,1.929987335E1
1.997466205E2,2.643289566E1,1.871499062E1,1.920872498E1
1.997667855E2,2.657622528E1,1.883076096E1,1.878956604E1
1.997869505E2,2.695521164E1,1.855293655E1,1.831576538E1
1.998071155E2,2.805355835E1,1.831932831E1,1.783253479E1
1.998272805E2,2.848034668E1,1.803393555E1,1.717388153E1
1.998474455E2,2.891768265E1,1.796740532E1,1.648710632E1
1.998676105E2,2.933115768E1,1.788759804E1,1.582404327E1
1.998877755E2,2.998854065E1,1.778462219E1,1.458688354E1
1.999079403E2,3.043753433E1,1.761187363E1,1.346652222E1
1.999281053E2,3.091665649E1,1.742248344E1,1.273315430E1
1.999482702E2,3.125881386E1,1.705994987E1,1.227168274E1
1.999684362E2,3.149458122E1,1.653685570E1,1.200712585E1
1.999886013E2,3.171258163E1,1.593748283E1,1.164252472E1
2.000087663E2,3.195141220E1,1.553859234E1,1.171726227E1
2.000289313E2,3.208194351E1,1.556509209E1,1.145525360E1
2.000490963E2,3.196496201E1,1.559024620E1,1.130075836E1
2.000692612E2,3.179364395E1,1.585798740E1,1.132364655E1
2.000894262E2,3.149525833E1,1.618260002E1,1.072178650E1
2.001095913E2,3.128194046E1,1.683034134E1,1.044013214E1
2.001297563E2,3.112361717E1,1.750107384E1,9.845787048E0
2.001499213E2,3.092792702E1,1.788143539E1,9.359962463E0
2.001700873E2,3.088975525E1,1.851125145E1,8.555664062E0
2.001902523E2,3.085216904E1,1.889737701E1,7.777664185E0
2.002104172E2,3.055507278E1,1.990869713E1,6.690719604E0
2.002305823E2,3.001711845E1,2.094518280E1,5.306602478E0
2.002507473E2,2.984788513E1,2.161237907E1,3.963645935E0
2.002709123E2,2.954650307E1,2.222149467E1,3.086280823E0
2.002910773E2,2.940742111E1,2.263283348E1,2.317367554E0
2.003112422E2,2.949737930E1,2.326415825E1,1.614196777E0
2.003314072E2,2.957644653E1,2.342114639E1,9.290466309E-1
2.003515723E2,3.002130318E1,2.335239792E1,-6.194305420E-1
2.003717383E2,3.039427948E1,2.315524673E1,-1.390686035E0
2.003919033E2,3.065235901E1,2.321701431E1,-2.240310669E0
2.004120683E2,3.074801636E1,2.319136429E1,-3.524436951E0
2.004322333E2,3.085443878E1,2.299216461E1,-5.281265259E0
2.004523982E2,3.080724335E1,2.328901672E1,-6.789718628E0
2.004725633E2,3.049785233E1,2.340336800E1,-7.665931702E0
2.004927283E2,3.036160660E1,2.347701263E1,-8.391510010E0
2.005128933E2,3.046308517E1,2.335543251E1,-8.954948425E0
2.005330583E2,3.049609756E1,2.347006607E1,-9.288635254E0
2.005532243E2,3.036733437E1,2.356594276E1,-9.394027710E0
2.005733892E2,3.023818016E1,2.395075417E1,-9.118789673E0
2.005935542E2,3.005066109E1,2.456794548E1,-8.814712524E0
2.006137193E2,2.976051903E1,2.481802368E1,-8.072288513E0
2.006338843E2,2.957796097E1,2.521879959E1,-7.654060364E0
2.006540493E2,2.925201416E1,2.556589508E1,-6.733589172E0
2.006742143E2,2.904573441E1,2.608891106E1,-5.201705933E0
2.006943792E2,2.869375420E1,2.674244499E1,-3.143775940E0
2.007145443E2,2.828417015E1,2.692944145E1,-9.869613647E-1
2.007347103E2,2.801388931E1,2.698538017E1,1.661552429E0
2.007548753E2,2.749512100E1,2.701782990E1,4.453384399E0
2.007750403E2,2.679855728E1,2.683535767E1,7.565048218E0
2.007952053E2,2.613541794E1,2.647972870E1,1.048794556E1
2.008153702E2,2.571593857E1,2.561552811E1,1.328200531E1
2.008355352E2,2.535464478E1,2.440255737E1,1.563092041E1
2.008557003E2,2.520085526E1,2.314765739E1,1.775777435E1
2.008758653E2,2.482251167E1,2.236321068E1,1.904541016E1
2.008960307E2,2.418037033E1,2.204465294E1,2.059070587E1
2.009161967E2,2.368480873E1,2.180006409E1,2.157995605E1
2.009363617E2,2.304312325E1,2.172123909E1,2.198425293E1
2.009565267E2,2.260223198E1,2.187337494E1,2.265884399E1
2.009766917E2,2.245617867E1,2.170532036E1,2.310544586E1
2.009968567E2,2.261553001E1,2.148055649E1,2.356767273E1
2.010170217E2,2.292586136E1,2.127430534E1,2.368154907E1
2.010371867E2,2.354109192E1,2.084996033E1,2.351203156E1
2.010573517E2,2.407746315E1,2.060515976E1,2.335930634E1
2.010775167E2,2.495779991E1,2.013581848E1,2.300543213E1
2.010976827E2,2.565715027E1,1.982952118E1,2.279280090E1
2.011178477E2,2.628259659E1,1.942808342E1,2.244452667E1
2.011380127E2,2.657107925E1,1.928047943E1,2.213431549E1
2.011581777E2,2.708629227E1,1.941584396E1,2.189272308E1
2.011783427E2,2.716871643E1,1.923274040E1,2.147373962E1
2.011985077E2,2.744717407E1,1.921014977E1,2.123265839E1
2.012186727E2,2.773778534E1,1.915845680E1,2.080958557E1
2.012388377E2,2.834373474E1,1.913990593E1,2.031934357E1
2.012590027E2,2.875259399E1,1.917152405E1,1.959134674E1
2.012791687E2,2.926774216E1,1.903445053E1,1.853938293E1
2.012993337E2,2.969084740E1,1.914705467E1,1.781004333E1
2.013194987E2,3.011590385E1,1.914687920E1,1.725125122E1
2.013396637E2,3.050798607E1,1.950227928E1,1.616885376E1
2.013598287E2,3.097183418E1,1.994780731E1,1.549143219E1
2.013799937E2,3.118758583E1,2.059774971E1,1.431216431E1
2.014001587E2,3.154418373E1,2.098381424E1,1.300736237E1
2.014203237E2,3.202702332E1,2.139798737E1,1.182421875E1
2.014404897E2,3.237066650E1,2.178548050E1,1.105091858E1
2.014606547E2,3.296643066E1,2.265707970E1,1.001078796E1
2.014808197E2,3.299544525E1,2.287861443E1,8.617294312E0
2.015009847E2,3.314513016E1,2.344709206E1,7.645896912E0
2.015211497E2,3.328100967E1,2.409284592E1,6.448822021E0
2.015413147E2,3.313476562E1,2.471130943E1,5.533897400E0
2.015614797E2,3.309200287E1,2.557178116E1,4.373664856E0
2.015816447E2,3.279556274E1,2.618302536E1,3.697868347E0
2.016018097E2,3.263702774E1,2.646863556E1,2.808197021E0
2.016219757E2,3.253010941E1,2.670310593E1,2.214263916E0
2.016421407E2,3.262985611E1,2.681668472E1,1.198547363E0
2.016623057E2,3.273587799E1,2.712113380E1,6.443099976E-1
2.016824707E2,3.230091476E1,2.725205994E1,-5.370941162E-1
2.017026357E2,3.214175797E1,2.731720734E1,-1.681961060E0
2.017228007E2,3.186865616E1,2.759939003E1,-2.926162720E0
2.017429657E2,3.179651260E1,2.755108643E1,-3.891258240E0
2.017631307E2,3.172974205E1,2.744820404E1,-4.577384949E0
2.017832967E2,3.162168312E1,2.761977959E1,-5.160743713E0
2.018034617E2,3.145402527E1,2.762542343E1,-5.562538147E0
2.018236267E2,3.101757812E1,2.789424133E1,-5.718994141E0
2.018437917E2,3.100046158E1,2.787572098E1,-6.249824524E0
2.018639567E2,3.069066238E1,2.813820839E1,-5.755439758E0
2.018841217E2,3.045630074E1,2.850035858E1,-5.643966675E0
2.019042868E2,3.009658623E1,2.890623093E1,-5.099029541E0
2.019244518E2,2.986186028E1,2.908121109E1,-4.244300842E0
2.019446178E2,2.937931824E1,2.954246521E1,-3.174690247E0
2.019647828E2,2.909177399E1,3.001657104E1,-1.035324097E0
2.019849477E2,2.887363625E1,3.030618477E1,1.081459045E0
2.020051128E2,2.890317726E1,3.020308495E1,3.207405090E0
2.020252778E2,2.874689102E1,3.002529335E1,5.501037598E0
2.020454428E2,2.839524841E1,2.988251114E1,7.829231262E0
2.020656078E2,2.825239944E1,2.944583702E1,1.043077850E1
2.020857727E2,2.816630936E1,2.876188469E1,1.249091339E1
2.021059387E2,2.828003120E1,2.799599838E1,1.433070374E1
2.021261037E2,2.880665779E1,2.686627007E1,1.591065216E1
2.021462688E2,2.933672142E1,2.596213531E1,1.692228699E1
2.021664338E2,2.983271980E1,2.461565399E1,1.808764648E1
2.021865988E2,3.004863358E1,2.337371445E1,1.949024200E1
2.022067638E2,3.022298050E1,2.231112099E1,2.057518768E1
2.022269287E2,3.003039551E1,2.188888931E1,2.100668335E1
2.022470938E2,2.969346237E1,2.192159271E1,2.147570801E1
2.022672598E2,2.907529831E1,2.226615906E1,2.181297302E1
2.022874248E2,2.846755981E1,2.270742035E1,2.240706635E1
2.023075898E2,2.774784470E1,2.290182495E1,2.287478638E1
2.023277548E2,2.680000687E1,2.342733383E1,2.353690338E1
2.023479197E2,2.624430466E1,2.384010315E1,2.335117340E1
2.023680847E2,2.604331970E1,2.384251022E1,2.330489349E1
2.023882498E2,2.615274811E1,2.398560143E1,2.321306610E1
2.024084148E2,2.642506790E1,2.412742424E1,2.246945190E1
2.024285808E2,2.683091736E1,2.420575905E1,2.208607483E1
2.024487458E2,2.691164017E1,2.408933640E1,2.167883301E1
2.024689108E2,2.726169205E1,2.381177902E1,2.148287201E1
2.024890757E2,2.761196518E1,2.339553833E1,2.104356384E1
2.025092408E2,2.792274666E1,2.291811371E1,2.091648865E1
2.025294058E2,2.805654335E1,2.271007538E1,2.076953125E1
2.025495708E2,2.817119026E1,2.249799347E1,2.085514069E1
2.025697358E2,2.798092079E1,2.243840790E1,2.041109467E1
2.025899018E2,2.800036812E1,2.248251724E1,2.001216888E1
2.026100667E2,2.812438011E1,2.260224342E1,1.939215851E1
2.026302317E2,2.827431297E1,2.295561028E1,1.817321777E1
2.026503968E2,2.862447357E1,2.317781830E1,1.707601929E1
2.026705618E2,2.892479706E1,2.338667297E1,1.595465851E1
2.026907268E2,2.907825470E1,2.339205170E1,1.469288635E1
2.027108918E2,2.948099518E1,2.349637222E1,1.324327850E1
2.027310578E2,2.971222305E1,2.376256371E1,1.180387878E1
2.027512227E2,2.997188950E1,2.399491501E1,1.061168671E1
2.027713878E2,2.991277122E1,2.464852333E1,8.960838318E0
2.027915528E2,2.966975403E1,2.512053299E1,7.641937256E0
2.028117178E2,2.913977432E1,2.571037483E1,6.482192993E0
2.028318828E2,2.879612923E1,2.597175598E1,5.584251404E0
2.028520477E2,2.832791138E1,2.653232765E1,5.055938721E0
2.028722127E2,2.773700333E1,2.729275703E1,4.714897156E0
2.028923787E2,2.738425827E1,2.750365639E1,4.565521240E0
2.029125438E2,2.688164520E1,2.786442947E1,4.240692139E0
2.029327088E2,2.619481659E1,2.818364716E1,3.806770325E0
2.029528738E2,2.581280899E1,2.845943069E1,3.702781677E0
2.029730388E2,2.556225204E1,2.861268234E1,3.261665344E0
2.029932038E2,2.517709732E1,2.896636581E1,2.749954224E0
2.030133688E2,2.491746902E1,2.924985504E1,2.437614441E0
2.030335348E2,2.454331398E1,2.921604919E1,1.894432068E0
2.030536998E2,2.432963753E1,2.937458038E1,1.982307434E0
2.030738648E2,2.398503113E1,2.948649597E1,1.768798828E0
2.030940298E2,2.360220337E1,2.981278229E1,1.216781616E0
2.031141948E2,2.326858521E1,2.987482071E1,9.964447021E-1
2.031343598E2,2.275300980E1,3.009162712E1,6.664199829E-1
2.031545248E2,2.265219879E1,3.003540802E1,5.382919312E-1
2.031746898E2,2.235114670E1,3.021224594E1,6.906433105E-1
2.031948558E2,2.206180382E1,3.048217392E1,8.652648926E-1
2.032150208E2,2.156000710E1,3.084762573E1,7.238006592E-1
2.032351858E2,2.124225807E1,3.077846909E1,1.148086548E0
2.032553508E2,2.110107613E1,3.094329071E1,1.242477417E0
2.032755158E2,2.091398430E1,3.082884216E1,1.815628052E0
2.032956808E2,2.072337532E1,3.106285858E1,2.701240540E0
2.033158458E2,2.071928406E1,3.081596947E1,3.450942993E0
2.033360118E2,2.040813065E1,3.086788559E1,4.638900757E0
2.033561768E2,2.026115799E1,3.069821548E1,5.675704956E0
2.033763418E2,2.016713142E1,3.046260643E1,6.791336060E0
2.033965068E2,2.029885101E1,2.980303192E1,8.239624023E0
2.034166718E2,2.059935570E1,2.945097923E1,1.029651642E1
2.034368368E2,2.077098465E1,2.865152168E1,1.146181488E1
2.034570018E2,2.069097519E1,2.823476219E1,1.283882141E1
2.034771668E2,2.065366173E1,2.776445007E1,1.393477631E1
2.034973328E2,2.030773163E1,2.768871307E1,1.504917145E1
2.035174978E2,1.948562241E1,2.745462799E1,1.642871857E1
2.035376628E2,1.864040565E1,2.695901871E1,1.772455597E1
2.035578278E2,1.791189194E1,2.682021713E1,1.883863831E1
2.035779928E2,1.760276794E1,2.632810020E1,1.959264374E1
2.035981578E2,1.785464478E1,2.590024567E1,2.003300476E1
2.036183238E2,1.815604782E1,2.544461441E1,2.006555176E1
2.036384888E2,1.842302895E1,2.545407486E1,2.021824646E1
2.036586538E2,1.836491394E1,2.530061340E1,2.031747437E1
2.036788188E2,1.835294724E1,2.541405487E1,2.033486938E1
2.036989838E2,1.823301506E1,2.534984779E1,2.019284821E1
2.037191488E2,1.798322296E1,2.535177994E1,2.017488861E1
2.037393138E2,1.772568321E1,2.539315605E1,2.059655762E1
2.037594788E2,1.755725861E1,2.535334396E1,2.099790192E1
2.037796448E2,1.704133224E1,2.544269562E1,2.088009644E1
2.037998098E2,1.674979019E1,2.551528549E1,2.096337128E1
2.038199748E2,1.603063011E1,2.601172638E1,2.107685089E1
2.038401398E2,1.546422195E1,2.651621056E1,2.088932800E1
2.038603048E2,1.508417892E1,2.695180130E1,2.126467133E1
2.038804698E2,1.434329605E1,2.747321892E1,2.074214172E1
2.039006340E2,1.356365299E1,2.814676666E1,2.017716980E1
2.039208000E2,1.300794506E1,2.878444099E1,2.004955292E1
2.039409650E2,1.256436825E1,2.936443329E1,1.979445648E1
2.039611300E2,1.208077335E1,2.981996536E1,1.964713287E1
2.039812950E2,1.173109055E1,3.058451843E1,1.947579193E1
2.040014600E2,1.134551811E1,3.082179260E1,1.906378937E1
2.040216250E2,1.117080784E1,3.136787033E1,1.877288055E1
2.040417910E2,1.078102016E1,3.182025528E1,1.848111725E1
2.040619560E2,1.018708611E1,3.259612274E1,1.816012573E1
2.040821210E2,9.269416809E0,3.336593628E1,1.805220795E1
2.041022860E2,7.768713951E0,3.433676147E1,1.762693024E1
2.041224510E2,6.075739861E0,3.531615067E1,1.708200073E1
2.041426160E2,4.459758759E0,3.625509644E1,1.620499420E1
2.041627810E2,2.713439941E0,3.735278702E1,1.531060028E1
2.041829470E2,1.093805313E0,3.850815201E1,1.438639832E1
2.042031120E2,-6.788101196E-1,3.937279892E1,1.303939056E1
2.042232770E2,-2.222267151E0,4.029831314E1,1.179383087E1
2.042434420E2,-4.165770531E0,4.125357819E1,1.041767883E1
2.042636070E2,-5.874301434E0,4.200371552E1,9.168594360E0
2.042837720E2,-7.776807308E0,4.293260193E1,7.491546631E0
2.043039380E2,-9.511416435E0,4.381170654E1,5.684257507E0
2.043241030E2,-1.105856705E1,4.436793137E1,3.624427795E0
2.043442680E2,-1.258862972E1,4.492347336E1,1.266845703E0
2.043644330E2,-1.404802990E1,4.511888885E1,-1.196105957E0
2.043845980E2,-1.601703072E1,4.563324738E1,-5.243583679E0
2.044047630E2,-1.681431580E1,4.592105103E1,-7.466117859E0
2.044249290E2,-1.771065712E1,4.595142746E1,-9.879302979E0
2.044450940E2,-1.859996414E1,4.589026642E1,-1.203765106E1
2.044652590E2,-1.951840401E1,4.573307037E1,-1.403801727E1
2.044854240E2,-2.008905220E1,4.557345581E1,-1.553492737E1
2.045055890E2,-2.083457565E1,4.555943298E1,-1.666693115E1
2.045257540E2,-2.127943420E1,4.537889099E1,-1.770592499E1
2.045459200E2,-2.167631912E1,4.517043304E1,-1.839588165E1
2.045660850E2,-2.206595230E1,4.498273468E1,-1.902287292E1
2.045862500E2,-2.252565575E1,4.478334045E1,-1.936940002E1
2.046064150E2,-2.327945328E1,4.487216187E1,-1.949267578E1
2.046265800E2,-2.388179016E1,4.475386047E1,-1.936100769E1
2.046467460E2,-2.445712662E1,4.490056992E1,-1.867892456E1
2.046669110E2,-2.480174065E1,4.526116562E1,-1.735148621E1
2.046870760E2,-2.538471603E1,4.556398010E1,-1.556024933E1
2.047072410E2,-2.642826462E1,4.578025436E1,-1.368167877E1
2.047274060E2,-2.731437111E1,4.565123749E1,-1.177305603E1
2.047475710E2,-2.843627357E1,4.541423416E1,-1.000105286E1
2.047677370E2,-2.909874344E1,4.532266617E1,-8.671752930E0
2.047879020E2,-2.968558121E1,4.530374908E1,-6.630569458E0
2.048080670E2,-3.025505066E1,4.534342194E1,-4.644744873E0
2.048282320E2,-3.084081268E1,4.518840790E1,-1.928314209E0
2.048483970E2,-3.123466110E1,4.476560211E1,7.133865356E-1
2.048685630E2,-3.175376892E1,4.430781555E1,2.740974426E0
2.048887280E2,-3.197225189E1,4.402625275E1,4.060859680E0
2.049088935E2,-3.252751160E1,4.378422928E1,5.032798767E0
2.049290585E2,-3.286287308E1,4.344872284E1,6.471229553E0
2.049492235E2,-3.317446899E1,4.272766113E1,8.062110901E0
2.049693895E2,-3.306046295E1,4.241667175E1,9.470703125E0
2.049895545E2,-3.308612442E1,4.231961060E1,1.088993835E1
2.050097195E2,-3.294054031E1,4.222248459E1,1.163272095E1
2.050298845E2,-3.302813721E1,4.239735794E1,1.199222565E1
2.050500495E2,-3.345232773E1,4.242415619E1,1.243851471E1
2.050702145E2,-3.401959229E1,4.233923340E1,1.256182861E1
2.050903805E2,-3.448845673E1,4.185908127E1,1.217612457E1
2.051105455E2,-3.552536774E1,4.177343750E1,1.127418518E1
2.051307105E2,-3.630662155E1,4.167349243E1,1.015901184E1
2.051508755E2,-3.745998001E1,4.139977646E1,9.078613281E0
2.051710405E2,-3.873136520E1,4.123952484E1,7.818824768E0
2.051912065E2,-3.993335342E1,4.077093506E1,6.223434448E0
2.052113715E2,-4.169863892E1,4.021578217E1,3.044776917E0
2.052315365E2,-4.274082947E1,3.981317139E1,6.039352417E-1
2.052517015E2,-4.368840790E1,3.918914032E1,-1.365280151E0
2.052718665E2,-4.454412842E1,3.846414948E1,-3.881347656E0
2.052920325E2,-4.507217026E1,3.770426178E1,-6.032623291E0
2.053121975E2,-4.560356522E1,3.695776367E1,-8.157302856E0
2.053323625E2,-4.580098724E1,3.555181122E1,-1.091870117E1
2.053525275E2,-4.643625259E1,3.391147614E1,-1.351223755E1
2.053726925E2,-4.707755661E1,3.138562012E1,-1.597028351E1
2.053928585E2,-4.766886139E1,2.775884628E1,-1.932827759E1
2.054130235E2,-4.796044922E1,2.393717957E1,-2.286840820E1
2.054331885E2,-4.783968735E1,1.988283539E1,-2.616556549E1
2.054533535E2,-4.745482254E1,1.603030205E1,-2.884065247E1
2.054735185E2,-4.733847809E1,1.185969162E1,-3.065121460E1
2.054936845E2,-4.678821564E1,7.894639969E0,-3.207395172E1
2.055138495E2,-4.641758728E1,4.072660446E0,-3.319400787E1
2.055340145E2,-4.608665848E1,2.589416504E-1,-3.432400513E1
2.055541795E2,-4.585106659E1,-2.886468887E0,-3.422212219E1
2.055743445E2,-4.564507294E1,-5.780647278E0,-3.391665649E1
2.055945105E2,-4.551483536E1,-8.292867661E0,-3.311900330E1
2.056146755E2,-4.526353836E1,-1.050402641E1,-3.195924377E1
2.056348405E2,-4.501591492E1,-1.255792618E1,-3.124652863E1
2.056550055E2,-4.433986282E1,-1.440326309E1,-3.056160736E1
2.056751705E2,-4.378154373E1,-1.586069870E1,-2.967704773E1
2.056953355E2,-4.342219543E1,-1.694134521E1,-2.862538910E1
2.057155015E2,-4.299067688E1,-1.814225769E1,-2.760813141E1
2.057356665E2,-4.265455627E1,-1.899403572E1,-2.717980194E1
2.057558315E2,-4.192964172E1,-1.969647408E1,-2.663529205E1
2.057759965E2,-4.142616272E1,-2.054373360E1,-2.638767242E1
2.057961615E2,-4.089887619E1,-2.104040146E1,-2.609772491E1
2.058163275E2,-4.059412766E1,-2.116462326E1,-2.608965302E1
2.058364925E2,-4.025518799E1,-2.107403374E1,-2.576839447E1
2.058566575E2,-3.978141403E1,-2.090232277E1,-2.629914093E1
2.058768225E2,-3.944928741E1,-2.043006706E1,-2.711400604E1
2.058969875E2,-3.894992828E1,-1.971316719E1,-2.800011444E1
2.059171535E2,-3.844122696E1,-1.867844772E1,-2.911516571E1
2.059373185E2,-3.820010376E1,-1.747034836E1,-3.037736511E1
2.059574835E2,-3.792240524E1,-1.609719849E1,-3.177150726E1
2.059776485E2,-3.778983307E1,-1.446209145E1,-3.286996460E1
2.059978135E2,-3.777492523E1,-1.218711662E1,-3.403013611E1
2.060179795E2,-3.801693726E1,-9.537712097E0,-3.540412140E1
2.060381445E2,-3.817630005E1,-5.796718597E0,-3.651167297E1
2.060583095E2,-3.809270477E1,-3.516836166E0,-3.709724426E1
2.060784745E2,-3.838037872E1,-1.758470535E0,-3.779139709E1
2.060986395E2,-3.853906250E1,6.683158875E-2,-3.771297455E1
2.061188045E2,-3.869770050E1,1.698339462E0,-3.821482086E1
2.061389705E2,-3.875653076E1,2.812486649E0,-3.816628265E1
2.061591355E2,-3.912879944E1,3.775901794E0,-3.766687775E1
2.061793005E2,-3.970293427E1,4.333756447E0,-3.751586914E1
2.061994655E2,-4.031348419E1,4.624630928E0,-3.697312927E1
2.062196305E2,-4.067955399E1,4.892191887E0,-3.639544678E1
2.062397965E2,-4.107028198E1,5.112099648E0,-3.601212311E1
2.062599615E2,-4.119557190E1,5.116980553E0,-3.549021149E1
2.062801265E2,-4.117552567E1,4.710707664E0,-3.549286652E1
2.063002915E2,-4.111560822E1,4.029101372E0,-3.533124542E1
2.063204565E2,-4.115580368E1,3.363681793E0,-3.482944489E1
2.063406225E2,-4.097578812E1,2.553592682E0,-3.466306305E1
2.063607875E2,-4.029376984E1,1.681898117E0,-3.467090607E1
2.063809525E2,-3.962639236E1,6.042652130E-1,-3.500296021E1
2.064011175E2,-3.907160568E1,-5.023632050E-1,-3.511108398E1
2.064212825E2,-3.848258591E1,-1.575244904E0,-3.485516357E1
2.064414485E2,-3.804620361E1,-2.528051376E0,-3.462677002E1
2.064616135E2,-3.754063416E1,-3.493488312E0,-3.408602905E1
2.064817785E2,-3.719838715E1,-4.385238647E0,-3.398370361E1
2.065019435E2,-3.704275894E1,-5.605579376E0,-3.324449921E1
2.065221085E2,-3.683512878E1,-6.735296249E0,-3.307366180E1
2.065422735E2,-3.667996979E1,-7.908802032E0,-3.263179016E1
2.065624395E2,-3.607617188E1,-9.150442123E0,-3.226564026E1
2.065826045E2,-3.538078308E1,-1.024863434E1,-3.238177490E1
2.066027695E2,-3.483140564E1,-1.117474937E1,-3.249491882E1
2.066229345E2,-3.432350922E1,-1.209772491E1,-3.253474426E1
2.066430995E2,-3.340826035E1,-1.351811790E1,-3.276133728E1
2.066632655E2,-3.237278748E1,-1.507935143E1,-3.264121246E1
2.066834305E2,-3.126968002E1,-1.682028198E1,-3.278467560E1
2.067035955E2,-2.988298416E1,-1.861555672E1,-3.301221466E1
2.067237605E2,-2.781461334E1,-2.032564545E1,-3.340740967E1
2.067439255E2,-2.591929054E1,-2.182375908E1,-3.371298218E1
2.067640905E2,-2.393745232E1,-2.319976425E1,-3.412077332E1
2.067842565E2,-2.215831757E1,-2.440159416E1,-3.450967407E1
2.068044215E2,-2.059538078E1,-2.518958473E1,-3.468510437E1
2.068245865E2,-1.845551491E1,-2.561025047E1,-3.537469482E1
2.068447515E2,-1.752992439E1,-2.597366333E1,-3.567584991E1
2.068649165E2,-1.673189545E1,-2.618033218E1,-3.573534393E1
2.068850825E2,-1.619903183E1,-2.634313011E1,-3.601301575E1
2.069052471E2,-1.570504665E1,-2.636813927E1,-3.617425537E1
2.069254121E2,-1.513205910E1,-2.605305672E1,-3.604249573E1
2.069455771E2,-1.455238056E1,-2.596342850E1,-3.650157166E1
2.069657421E2,-1.416825962E1,-2.557050705E1,-3.704098511E1
2.069859081E2,-1.380344200E1,-2.506746292E1,-3.712326050E1
2.070060731E2,-1.295021152E1,-2.462464905E1,-3.763615417E1
2.070262381E2,-1.250827312E1,-2.394970322E1,-3.815791321E1
2.070464031E2,-1.203984833E1,-2.320991325E1,-3.885619354E1
2.070665681E2,-1.165377712E1,-2.232797813E1,-3.944693756E1
2.070867331E2,-1.130529404E1,-2.117387390E1,-4.032521820E1
2.071068991E2,-1.116526318E1,-1.985580063E1,-4.063930511E1
2.071270641E2,-1.076327133E1,-1.859094810E1,-4.118089294E1
2.071472291E2,-1.061985111E1,-1.708938789E1,-4.191809082E1
2.071673941E2,-1.069170475E1,-1.575925827E1,-4.238940430E1
2.071875591E2,-1.040740776E1,-1.468271255E1,-4.298272705E1
2.072077251E2,-9.951661110E0,-1.398213768E1,-4.325843811E1
2.072278901E2,-9.498318672E0,-1.316059303E1,-4.338441467E1
2.072480551E2,-9.230585098E0,-1.265261841E1,-4.338549805E1
2.072682201E2,-9.001081467E0,-1.231520462E1,-4.404940796E1
2.072883851E2,-8.472772598E0,-1.184908104E1,-4.376130676E1
2.073085511E2,-8.111655235E0,-1.151725960E1,-4.377980042E1
2.073287161E2,-7.726398468E0,-1.108583069E1,-4.369877625E1
2.073488811E2,-7.828150272E0,-1.107037163E1,-4.367570496E1
2.073690461E2,-7.983121872E0,-1.089404106E1,-4.359857178E1
2.073892111E2,-8.318294525E0,-1.060086632E1,-4.362499237E1
2.074093761E2,-8.465133667E0,-1.006021881E1,-4.325247955E1
2.074295421E2,-8.110982895E0,-9.577051163E0,-4.356401825E1
2.074497071E2,-7.922941208E0,-9.831018448E0,-4.347294617E1
2.074698721E2,-8.099409103E0,-1.062234116E1,-4.305043030E1
2.074900371E2,-7.712374210E0,-1.146111107E1,-4.285353851E1
2.075102021E2,-7.658675194E0,-1.274640846E1,-4.233586884E1
2.075303681E2,-7.477857590E0,-1.406137085E1,-4.201757050E1
2.075505331E2,-7.510259628E0,-1.576220131E1,-4.120849609E1
2.075706981E2,-7.940216064E0,-1.757838249E1,-4.032321930E1
2.075908631E2,-8.497114182E0,-1.979642105E1,-3.904026794E1
2.076110281E2,-9.198949814E0,-2.196809387E1,-3.732121277E1
2.076311941E2,-9.807596207E0,-2.404418182E1,-3.602324677E1
2.076513591E2,-1.051551056E1,-2.685980225E1,-3.356106567E1
2.076715241E2,-1.090066528E1,-2.831286430E1,-3.206289673E1
2.076916891E2,-1.110247040E1,-2.993855476E1,-3.036024475E1
2.077118541E2,-1.158646488E1,-3.116132545E1,-2.902896881E1
2.077320201E2,-1.215953636E1,-3.197432709E1,-2.805011749E1
2.077521851E2,-1.266848660E1,-3.258399200E1,-2.703784180E1
2.077723501E2,-1.261644459E1,-3.306076050E1,-2.591403198E1
2.077925151E2,-1.269604206E1,-3.354926300E1,-2.505142975E1
2.078126801E2,-1.299178028E1,-3.379566956E1,-2.480344391E1
2.078328451E2,-1.337378311E1,-3.423471069E1,-2.421115875E1
2.078530111E2,-1.336611080E1,-3.417015076E1,-2.399529266E1
2.078731761E2,-1.385459232E1,-3.397600555E1,-2.409761810E1
2.078933411E2,-1.390385818E1,-3.374757385E1,-2.426857758E1
2.079135069E2,-1.384443378E1,-3.319992828E1,-2.512316132E1
2.079336719E2,-1.407992077E1,-3.232687378E1,-2.590956116E1
2.079538379E2,-1.453188038E1,-3.136055183E1,-2.676555634E1
2.079740029E2,-1.501025867E1,-2.981733131E1,-2.821412659E1
2.079941679E2,-1.521175098E1,-2.804127693E1,-2.963375092E1
2.080143329E2,-1.540450287E1,-2.567739105E1,-3.141297913E1
2.080344979E2,-1.547594261E1,-2.336480522E1,-3.370580292E1
2.080546639E2,-1.597218704E1,-2.019668388E1,-3.510842896E1
2.080748289E2,-1.677007866E1,-1.692956352E1,-3.666184998E1
2.080949939E2,-1.785439301E1,-1.371672630E1,-3.752040863E1
2.081151589E2,-1.923540878E1,-1.051929665E1,-3.815989685E1
2.081353239E2,-2.077682877E1,-7.599311829E0,-3.797613525E1
2.081554899E2,-2.230735016E1,-4.802892685E0,-3.777355194E1
2.081756549E2,-2.303481102E1,-2.164602280E0,-3.793757629E1
2.081958199E2,-2.327168465E1,4.776554108E-1,-3.811634827E1
2.082159849E2,-2.321648026E1,2.813304901E0,-3.837220764E1
2.082361499E2,-2.306870270E1,4.780992508E0,-3.848385620E1
2.082563159E2,-2.262983704E1,6.485116005E0,-3.891350555E1
2.082764809E2,-2.207619858E1,7.365343094E0,-3.893599701E1
2.082966459E2,-2.125757027E1,8.181619644E0,-3.928891754E1
2.083168109E2,-2.055363846E1,8.761716843E0,-3.976128387E1
2.083369759E2,-2.005678368E1,8.689056396E0,-3.995600128E1
2.083571419E2,-2.004295731E1,8.518298149E0,-4.030695343E1
2.083773069E2,-1.995392609E1,8.123241425E0,-4.006571198E1
2.083974719E2,-1.939268875E1,7.674701691E0,-3.996862793E1
2.084176369E2,-1.903542709E1,7.084877968E0,-4.028247070E1
2.084378019E2,-1.848310089E1,6.113197327E0,-4.015373993E1
2.084579679E2,-1.770757103E1,4.292836189E0,-4.034557343E1
2.084781329E2,-1.757459259E1,2.709529877E0,-4.021199036E1
2.084982979E2,-1.696294785E1,9.844703674E-1,-4.040648651E1
2.085184629E2,-1.647570801E1,-7.620143890E-1,-4.049227905E1
2.085386279E2,-1.605263138E1,-2.564188004E0,-4.044063568E1
2.085587939E2,-1.587914467E1,-5.054225922E0,-3.994201660E1
2.085789589E2,-1.591984558E1,-7.463834763E0,-3.926615906E1
2.085991239E2,-1.591735554E1,-9.464765549E0,-3.860909271E1
2.086192889E2,-1.578731441E1,-1.165589714E1,-3.791232300E1
2.086394539E2,-1.585924530E1,-1.334609413E1,-3.694215393E1
2.086596199E2,-1.602603722E1,-1.492245674E1,-3.611021423E1
2.086797849E2,-1.627983856E1,-1.662987709E1,-3.518450165E1
2.086999499E2,-1.650016785E1,-1.816039848E1,-3.403916931E1
2.087201149E2,-1.687654114E1,-1.941448402E1,-3.322141266E1
2.087402799E2,-1.724576950E1,-2.041125870E1,-3.210050964E1
2.087604459E2,-1.736643028E1,-2.119639587E1,-3.122629547E1
2.087806109E2,-1.755799103E1,-2.180283737E1,-3.039783478E1
2.088007759E2,-1.769676971E1,-2.259092903E1,-3.005925751E1
2.088209409E2,-1.730200577E1,-2.301811790E1,-2.966144562E1
2.088411059E2,-1.702240753E1,-2.372490311E1,-2.904788971E1
2.088612709E2,-1.693661880E1,-2.411297989E1,-2.931301117E1
2.088814369E2,-1.697080803E1,-2.421797371E1,-2.927335358E1
2.089016019E2,-1.716200638E1,-2.420923042E1,-2.935456085E1
2.089217663E2,-1.743445778E1,-2.388999748E1,-2.938855743E1
2.089419313E2,-1.789356232E1,-2.345969200E1,-2.960961151E1
2.089620973E2,-1.836954117E1,-2.290206337E1,-2.978491974E1
2.089822623E2,-1.891035843E1,-2.195363235E1,-3.012960052E1
2.090024273E2,-1.949978447E1,-2.108245087E1,-3.071871185E1
2.090225922E2,-1.993354797E1,-1.993141365E1,-3.127013397E1
2.090427573E2,-2.032882309E1,-1.871912575E1,-3.168831635E1
2.090629233E2,-2.050024605E1,-1.746860123E1,-3.245945740E1
2.090830883E2,-2.101041794E1,-1.619909668E1,-3.291072845E1
2.091032533E2,-2.149331284E1,-1.445984459E1,-3.337496185E1
2.091234183E2,-2.209862518E1,-1.274000931E1,-3.393888855E1
2.091435832E2,-2.283208084E1,-1.030177498E1,-3.427222443E1
2.091637493E2,-2.305956841E1,-7.764461517E0,-3.490322113E1
2.091839142E2,-2.339249420E1,-5.065298080E0,-3.516138458E1
2.092040793E2,-2.424575806E1,-2.340433121E0,-3.523026276E1
2.092242443E2,-2.485356140E1,4.027767181E-1,-3.487374115E1
2.092444093E2,-2.517634964E1,2.975082397E0,-3.480513763E1
2.092645753E2,-2.589162636E1,6.397294044E0,-3.411725616E1
2.092847403E2,-2.650997543E1,8.089339256E0,-3.340280151E1
2.093049052E2,-2.743463707E1,9.864090919E0,-3.278208923E1
2.093250702E2,-2.770549393E1,1.127979755E1,-3.226009369E1
2.093452353E2,-2.797255707E1,1.279274082E1,-3.134109497E1
2.093654013E2,-2.807077026E1,1.439660168E1,-3.077261353E1
2.093855663E2,-2.784863663E1,1.566754150E1,-3.026023102E1
2.094057313E2,-2.764397049E1,1.671167374E1,-2.980619812E1
2.094258963E2,-2.737769318E1,1.673624802E1,-2.946212769E1
2.094460612E2,-2.725765228E1,1.655963326E1,-2.992876434E1
2.094662272E2,-2.728648376E1,1.595863533E1,-3.032202911E1
2.094863922E2,-2.696588326E1,1.516019630E1,-3.088528442E1
2.095065573E2,-2.646303177E1,1.450624275E1,-3.149443054E1
2.095267223E2,-2.554366302E1,1.410123825E1,-3.202805328E1
2.095468873E2,-2.533292770E1,1.316730690E1,-3.256233978E1
2.095670533E2,-2.527339363E1,1.175611305E1,-3.253087616E1
2.095872183E2,-2.530335617E1,1.018184376E1,-3.281494904E1
2.096073832E2,-2.502610779E1,8.262021065E0,-3.318894196E1
2.096275483E2,-2.470425415E1,6.441641808E0,-3.351125336E1
2.096477142E2,-2.439375305E1,4.595924377E0,-3.389011383E1
2.096678793E2,-2.437585068E1,2.643800735E0,-3.419954681E1
2.096880443E2,-2.429969025E1,6.650333405E-1,-3.382184601E1
2.097082093E2,-2.431498718E1,-1.062585831E0,-3.382936096E1
2.097283743E2,-2.404976273E1,-2.869922638E0,-3.345205688E1
2.097485403E2,-2.401698303E1,-4.462520599E0,-3.360704803E1
2.097687052E2,-2.391681862E1,-5.973068237E0,-3.296552277E1
2.097888703E2,-2.401751709E1,-7.696729660E0,-3.256141663E1
2.098090353E2,-2.405420303E1,-9.398530960E0,-3.147097015E1
2.098292003E2,-2.434220123E1,-1.079816628E1,-3.072558594E1
2.098493663E2,-2.462066269E1,-1.217187881E1,-2.998173523E1
2.098695313E2,-2.471972656E1,-1.320101929E1,-2.937963867E1
2.098896963E2,-2.479770088E1,-1.420043182E1,-2.870925140E1
2.099098609E2,-2.490494537E1,-1.490680695E1,-2.805457306E1
2.099300259E2,-2.515662384E1,-1.540421867E1,-2.742948914E1
2.099501919E2,-2.541442490E1,-1.581076622E1,-2.660981750E1
2.099703569E2,-2.548487854E1,-1.633820343E1,-2.644084930E1
2.099905219E2,-2.491972733E1,-1.661879349E1,-2.689032745E1
2.100106869E2,-2.410684967E1,-1.684029770E1,-2.743129730E1
2.100308529E2,-2.329723740E1,-1.651589012E1,-2.839069366E1
2.100510179E2,-2.274300766E1,-1.572419548E1,-2.924767303E1
2.100711829E2,-2.183273315E1,-1.371106911E1,-3.111919403E1
2.100913479E2,-2.094756317E1,-1.176095390E1,-3.208327484E1
2.101115129E2,-2.042359543E1,-9.812170029E0,-3.334109497E1
2.101316789E2,-2.022758293E1,-7.732728958E0,-3.427185059E1
2.101518439E2,-1.992313385E1,-5.718317032E0,-3.480444336E1
2.101720089E2,-1.984863472E1,-3.603460312E0,-3.516532898E1
2.101921739E2,-1.965598869E1,-1.449632645E0,-3.541832733E1
2.102123389E2,-1.935208893E1,4.874668121E-1,-3.572874451E1
2.102325049E2,-1.943624306E1,2.089054108E0,-3.593070221E1
2.102526699E2,-2.005080605E1,3.838787079E0,-3.553816986E1
2.102728349E2,-2.093037415E1,5.611503601E0,-3.486946106E1
2.102929999E2,-2.167251587E1,7.466939926E0,-3.429542542E1
2.103131649E2,-2.213684464E1,8.870370865E0,-3.396767426E1
2.103333309E2,-2.251484299E1,1.022290802E1,-3.375039673E1
2.103534959E2,-2.300058746E1,1.128658485E1,-3.299293518E1
2.103736609E2,-2.349453926E1,1.233155823E1,-3.256466675E1
2.103938259E2,-2.383093262E1,1.304807854E1,-3.212641907E1
2.104139919E2,-2.436979675E1,1.370339870E1,-3.179137421E1
2.104341569E2,-2.465065575E1,1.407171440E1,-3.135640717E1
2.104543219E2,-2.488717079E1,1.469617844E1,-3.076901245E1
2.104744869E2,-2.501084518E1,1.535773659E1,-3.053155518E1
2.104946519E2,-2.497238541E1,1.577053833E1,-3.013206482E1
2.105148179E2,-2.476484680E1,1.630121994E1,-2.983523560E1
2.105349829E2,-2.477008438E1,1.663847351E1,-2.964465332E1
2.105551479E2,-2.474974823E1,1.689751816E1,-2.934543610E1
2.105753129E2,-2.443779373E1,1.688714790E1,-2.938120270E1
2.105954779E2,-2.426505661E1,1.679930878E1,-2.939608002E1
2.106156439E2,-2.409307480E1,1.635242653E1,-2.996170807E1
2.106358089E2,-2.365015030E1,1.572509193E1,-3.021858215E1
2.106559739E2,-2.343961525E1,1.469043732E1,-3.082096863E1
2.106761389E2,-2.338155556E1,1.379829121E1,-3.124742126E1
2.106963049E2,-2.329625511E1,1.313686371E1,-3.128181458E1
2.107164699E2,-2.322456551E1,1.203530788E1,-3.149872589E1
2.107366349E2,-2.329553604E1,1.069691086E1,-3.156806946E1
2.107567999E2,-2.358850479E1,8.903027534E0,-3.171497345E1
2.107769649E2,-2.411146545E1,6.699801445E0,-3.149620056E1
2.107971309E2,-2.418813515E1,4.248086929E0,-3.138024902E1
2.108172959E2,-2.410679245E1,1.956296921E0,-3.152767944E1
2.108374609E2,-2.393733597E1,2.029418945E-2,-3.159007263E1
2.108576259E2,-2.365770721E1,-2.199096680E0,-3.107582855E1
2.108777919E2,-2.344445610E1,-3.924850464E0,-3.091912842E1
2.108979569E2,-2.310786057E1,-6.802303314E0,-3.037303162E1
2.109181221E2,-2.296577454E1,-8.677839279E0,-2.998490143E1
2.109382871E2,-2.265232086E1,-1.054606438E1,-2.897400665E1
2.109584521E2,-2.251758194E1,-1.206967926E1,-2.786160278E1
2.109786181E2,-2.253533936E1,-1.360529518E1,-2.701818085E1
2.109987831E2,-2.247997856E1,-1.479582596E1,-2.659313965E1
2.110189481E2,-2.207051468E1,-1.581080437E1,-2.577474976E1
2.110391131E2,-2.191215515E1,-1.665962982E1,-2.518199921E1
2.110592791E2,-2.178496170E1,-1.755656433E1,-2.453182220E1
2.110794441E2,-2.157045746E1,-1.803289604E1,-2.398603821E1
2.110996091E2,-2.137712669E1,-1.897218132E1,-2.349331665E1
2.111197741E2,-2.106382751E1,-1.942955017E1,-2.319901276E1
2.111399391E2,-2.067950821E1,-1.973299026E1,-2.334261322E1
2.111601051E2,-2.036613083E1,-1.961073303E1,-2.352556610E1
2.111802701E2,-2.008156204E1,-1.938224792E1,-2.359671783E1
2.112004351E2,-1.968732071E1,-1.909717369E1,-2.448066711E1
2.112206001E2,-1.902278709E1,-1.871812630E1,-2.525395203E1
2.112407661E2,-1.837128830E1,-1.792591476E1,-2.601783752E1
2.112609311E2,-1.775380898E1,-1.646784973E1,-2.748299408E1
2.112810961E2,-1.703037834E1,-1.498802376E1,-2.888932800E1
2.113012611E2,-1.646448517E1,-1.300569916E1,-3.036704254E1
2.113214261E2,-1.546791744E1,-1.053168678E1,-3.195123291E1
2.113415921E2,-1.480448723E1,-7.816089630E0,-3.300952148E1
2.113617571E2,-1.387103367E1,-5.172836304E0,-3.386894989E1
2.113819221E2,-1.388310814E1,-1.945140839E0,-3.485397339E1
2.114020871E2,-1.422040462E1,1.431123734E0,-3.490819550E1
2.114222521E2,-1.466305542E1,4.366968155E0,-3.492798615E1
2.114424181E2,-1.465307140E1,6.215308189E0,-3.489199829E1
2.114625831E2,-1.464073753E1,7.462337494E0,-3.480718994E1
2.114827481E2,-1.439545631E1,8.091976166E0,-3.497021484E1
2.115029131E2,-1.435133076E1,8.874586105E0,-3.483911133E1
2.115230791E2,-1.392584515E1,9.520656586E0,-3.488934326E1
2.115432441E2,-1.384230709E1,1.019517422E1,-3.505871582E1
2.115634091E2,-1.387953377E1,1.069105816E1,-3.489624786E1
2.115835741E2,-1.447317410E1,1.145880699E1,-3.460520172E1
2.116037401E2,-1.507628345E1,1.206464577E1,-3.415906525E1
2.116239051E2,-1.557690716E1,1.273506165E1,-3.375251007E1
2.116440701E2,-1.600000954E1,1.338199615E1,-3.360790253E1
2.116642351E2,-1.622138405E1,1.395803928E1,-3.329991913E1
2.116844001E2,-1.652986526E1,1.419772720E1,-3.265100861E1
2.117045661E2,-1.712578964E1,1.428112602E1,-3.232860565E1
2.117247311E2,-1.727574539E1,1.414814281E1,-3.211592865E1
2.117448961E2,-1.747049713E1,1.363677025E1,-3.203583527E1
2.117650611E2,-1.733129692E1,1.354899979E1,-3.223824310E1
2.117852271E2,-1.724362183E1,1.331175041E1,-3.235701752E1
2.118053921E2,-1.721504021E1,1.293722153E1,-3.236759186E1
2.118255571E2,-1.712674522E1,1.275358772E1,-3.199410248E1
2.118457221E2,-1.678297043E1,1.234035110E1,-3.215684509E1
2.118658871E2,-1.613863373E1,1.201687717E1,-3.237483215E1
2.118860531E2,-1.578981781E1,1.147494316E1,-3.265287781E1
2.119062186E2,-1.555971146E1,1.036093426E1,-3.275646973E1
2.119263836E2,-1.541217995E1,9.173711777E0,-3.278599548E1
2.119465486E2,-1.590113449E1,7.810182571E0,-3.269261932E1
2.119667146E2,-1.636024284E1,6.693324089E0,-3.243735504E1
2.119868796E2,-1.649963570E1,5.820217133E0,-3.231922913E1
2.120070446E2,-1.706774330E1,4.267244339E0,-3.189212036E1
2.120272096E2,-1.777034187E1,2.242555618E0,-3.115023041E1
2.120473756E2,-1.845836258E1,8.634757996E-2,-3.082231903E1
2.120675406E2,-1.906093407E1,-2.078241348E0,-3.006874084E1
2.120877056E2,-1.898988724E1,-4.219528198E0,-2.987783813E1
2.121078706E2,-1.901171875E1,-6.001399994E0,-2.971762848E1
2.121280356E2,-1.876617813E1,-7.924213409E0,-2.922744751E1
2.121482016E2,-1.884795380E1,-9.557935715E0,-2.908218384E1
2.121683666E2,-1.896630478E1,-1.103845406E1,-2.845874023E1
2.121885316E2,-1.938965225E1,-1.221849442E1,-2.763654327E1
2.122086966E2,-1.980331421E1,-1.307873344E1,-2.714250183E1
2.122288626E2,-2.025497818E1,-1.398718262E1,-2.598149872E1
2.122490276E2,-2.051913452E1,-1.500861549E1,-2.520307922E1
2.122691926E2,-2.071461487E1,-1.590979958E1,-2.468252563E1
2.122893576E2,-2.078182602E1,-1.686216545E1,-2.367129517E1
2.123095236E2,-2.048271942E1,-1.769016838E1,-2.311222076E1
2.123296886E2,-1.995775604E1,-1.822813225E1,-2.284938812E1
2.123498536E2,-1.927304840E1,-1.903033638E1,-2.291444397E1
2.123700186E2,-1.834560013E1,-1.947088432E1,-2.319174194E1
2.123901836E2,-1.753158569E1,-1.969557190E1,-2.353974152E1
2.124103496E2,-1.658324432E1,-2.004659653E1,-2.378012848E1
2.124305146E2,-1.586192894E1,-1.982855988E1,-2.418164825E1
2.124506796E2,-1.511260700E1,-1.944233322E1,-2.482256317E1
2.124708446E2,-1.414033890E1,-1.884099007E1,-2.553592682E1
2.124910106E2,-1.323692513E1,-1.800752449E1,-2.648762512E1
2.125111756E2,-1.186133766E1,-1.652167130E1,-2.780193329E1
2.125313406E2,-1.105229187E1,-1.501409340E1,-2.894412231E1
2.125515056E2,-1.013815975E1,-1.326861572E1,-3.020842743E1
2.125716716E2,-9.148591995E0,-1.118431473E1,-3.144559479E1
2.125918366E2,-8.237327576E0,-8.828954697E0,-3.233750916E1
2.126120016E2,-7.711022854E0,-6.482675552E0,-3.332394409E1
2.126321666E2,-7.458288193E0,-4.042842865E0,-3.367700958E1
2.126523326E2,-7.613583565E0,-1.242891312E0,-3.451720428E1
2.126724976E2,-7.721163273E0,1.237932205E0,-3.510801697E1
2.126926626E2,-7.689929008E0,3.403104782E0,-3.494691467E1
2.127128276E2,-8.139982224E0,5.185984612E0,-3.487068176E1
2.127329926E2,-8.925918579E0,6.585623741E0,-3.506647491E1
2.127531586E2,-9.188083649E0,7.937032700E0,-3.511336517E1
2.127733236E2,-9.174579620E0,8.780625343E0,-3.518350220E1
2.127934886E2,-9.043190956E0,9.354574203E0,-3.514024353E1
2.128136536E2,-9.031391144E0,9.828151703E0,-3.540445709E1
2.128338196E2,-9.664402008E0,1.023259640E1,-3.522504425E1
2.128539846E2,-1.032118702E1,1.063820648E1,-3.504686737E1
2.128741496E2,-1.110276985E1,1.074691868E1,-3.521999359E1
2.128943146E2,-1.179437733E1,1.087533569E1,-3.510430145E1
2.129144805E2,-1.239188004E1,1.058194923E1,-3.505706787E1
2.129346455E2,-1.316393375E1,9.961504936E0,-3.508207703E1
2.129548105E2,-1.392823601E1,9.265666008E0,-3.506895447E1
2.129749755E2,-1.453040218E1,8.181172371E0,-3.483309937E1
2.129951415E2,-1.476596737E1,7.122774124E0,-3.448692322E1
2.130153065E2,-1.496475697E1,5.916865349E0,-3.463711548E1
2.130354715E2,-1.499511147E1,4.509178162E0,-3.451143646E1
2.130556365E2,-1.481338024E1,3.339500427E0,-3.444066620E1
2.130758025E2,-1.475048447E1,2.196025848E0,-3.432126617E1
2.130959675E2,-1.431684208E1,1.616920471E0,-3.427823639E1
2.131161325E2,-1.400390148E1,7.779483795E-1,-3.414225769E1
2.131362975E2,-1.334242630E1,-5.073738098E-2,-3.405679321E1
2.131564625E2,-1.219373322E1,-1.032844543E0,-3.392906189E1
2.131766285E2,-1.120596790E1,-1.838623047E0,-3.364926910E1
2.131967935E2,-1.013807964E1,-2.685764313E0,-3.342421722E1
2.132169585E2,-9.268560410E0,-3.604377747E0,-3.347865295E1
2.132371235E2,-7.996323586E0,-4.625139236E0,-3.312706757E1
2.132572895E2,-6.639770985E0,-5.839929581E0,-3.304544830E1
2.132774545E2,-5.576543808E0,-6.626560211E0,-3.284284973E1
2.132976195E2,-5.225104332E0,-7.164522171E0,-3.240006256E1
2.133177845E2,-6.163757801E0,-8.248441696E0,-3.093349457E1
2.133379505E2,-7.237839699E0,-8.787063599E0,-3.046228790E1
2.133581155E2,-8.362863541E0,-9.566873550E0,-2.995203400E1
2.133782805E2,-9.263825417E0,-1.085551643E1,-2.963878632E1
2.133984455E2,-9.794137955E0,-1.258724785E1,-2.911288452E1
2.134186115E2,-9.905356407E0,-1.417217827E1,-2.885681152E1
2.134387765E2,-1.009293461E1,-1.569845581E1,-2.754899597E1
2.134589415E2,-1.026940155E1,-1.692276192E1,-2.661166382E1
2.134791065E2,-1.030936909E1,-1.809921074E1,-2.573628998E1
2.134992725E2,-1.032425022E1,-1.890647888E1,-2.481478882E1
2.135194375E2,-1.019082069E1,-1.980527878E1,-2.396964264E1
2.135396025E2,-1.026998329E1,-2.016561890E1,-2.355643463E1
2.135597675E2,-1.040584087E1,-2.064301682E1,-2.294118500E1
2.135799325E2,-1.027879238E1,-2.112453842E1,-2.250527954E1
2.136000985E2,-9.900432587E0,-2.137638855E1,-2.236143494E1
2.136202635E2,-9.530316353E0,-2.151832771E1,-2.257119751E1
2.136404285E2,-9.133368492E0,-2.136634636E1,-2.288639832E1
2.136605935E2,-8.534425735E0,-2.102720833E1,-2.318743896E1
2.136807595E2,-7.977649689E0,-2.071005440E1,-2.369592285E1
2.137009245E2,-7.776056767E0,-1.992655373E1,-2.467530823E1
2.137210895E2,-7.311286926E0,-1.912098312E1,-2.554747009E1
2.137412545E2,-6.914710045E0,-1.824144745E1,-2.653272247E1
2.137614205E2,-6.414733887E0,-1.696709251E1,-2.778051758E1
2.137815855E2,-6.254335403E0,-1.545930481E1,-2.894544220E1
2.138017505E2,-6.265055656E0,-1.356895256E1,-3.035136414E1
2.138219155E2,-5.866344929E0,-1.148332024E1,-3.099034119E1
2.138420815E2,-5.538349628E0,-9.459093094E0,-3.138134003E1
2.138622465E2,-5.237509251E0,-7.206048965E0,-3.143267822E1
2.138824115E2,-5.018039703E0,-5.367456436E0,-3.140143585E1
2.139025765E2,-4.578455925E0,-3.916620255E0,-3.150289154E1
2.139227421E2,-3.926589012E0,-2.472738266E0,-3.200433350E1
2.139429071E2,-3.505156517E0,-9.388504028E-1,-3.263930511E1
2.139630721E2,-3.509205341E0,6.317844391E-1,-3.337915802E1
2.139832371E2,-3.268980980E0,2.165054321E0,-3.393707275E1
2.140034031E2,-3.188454628E0,3.384860992E0,-3.447389221E1
2.140235681E2,-2.739933014E0,4.468908310E0,-3.485079956E1
2.140437331E2,-2.373944283E0,5.787085533E0,-3.537218475E1
2.140638981E2,-1.847049713E0,6.741125107E0,-3.565091705E1
2.140840641E2,-1.810490608E0,7.697149277E0,-3.578744507E1
2.141042291E2,-1.432330132E0,8.584332466E0,-3.569126892E1
2.141243941E2,-9.761486053E-1,1.007147312E1,-3.529905701E1
2.141445591E2,-5.562028885E-1,1.091835499E1,-3.532557678E1
2.141647251E2,3.093147278E-2,1.148079872E1,-3.474898529E1
2.141848901E2,4.390668869E-1,1.179026794E1,-3.396512604E1
2.142050551E2,1.246747017E0,1.192681026E1,-3.296086884E1
2.142252201E2,1.670058250E0,1.195416832E1,-3.219802094E1
2.142453861E2,3.152000427E0,1.159195232E1,-3.160564423E1
2.142655511E2,3.557669640E0,1.124878311E1,-3.103957367E1
2.142857161E2,4.107077599E0,1.085923672E1,-2.974571228E1
2.143058811E2,4.254651070E0,1.027714443E1,-2.929609680E1
2.143260461E2,4.345660210E0,9.044245720E0,-2.966856384E1
2.143462121E2,4.452313423E0,7.096302032E0,-3.008235931E1
2.143663771E2,4.657728195E0,4.467345238E0,-3.047320557E1
2.143865421E2,6.640834808E0,2.995300293E-2,-3.060371399E1
2.144067071E2,1.070682621E1,-6.414476395E0,-2.903244781E1
2.144268731E2,1.468655396E1,-1.389144516E1,-2.703388214E1
2.144470381E2,1.666134262E1,-1.878444672E1,-2.367768097E1
2.144672031E2,1.688667870E1,-2.117308426E1,-2.227264404E1
2.144873681E2,1.648267746E1,-2.122412872E1,-2.292678833E1
2.145075341E2,1.607581902E1,-2.036406326E1,-2.410295105E1
2.145276991E2,1.585085773E1,-2.035131645E1,-2.375511932E1
2.145478641E2,1.476336575E1,-2.199859047E1,-2.314673615E1
2.145680291E2,1.326936913E1,-2.405440903E1,-2.193620300E1
2.145881951E2,1.279227543E1,-2.533189964E1,-2.009375000E1
2.146083601E2,1.246584034E1,-2.638364220E1,-1.902650452E1
2.146285251E2,1.205619431E1,-2.688722038E1,-1.840904999E1
2.146486901E2,1.155674553E1,-2.733578682E1,-1.779660034E1
2.146688561E2,1.089719296E1,-2.800070572E1,-1.731428528E1
2.146890211E2,1.042143726E1,-2.863887405E1,-1.625419617E1
2.147091861E2,9.667429924E0,-2.904331970E1,-1.620022583E1
2.147293511E2,8.905598640E0,-2.895755386E1,-1.703047943E1
2.147495171E2,7.262405396E0,-2.865579414E1,-1.784136963E1
2.147696821E2,5.510208130E0,-2.798736572E1,-1.969265747E1
2.147898471E2,3.919946671E0,-2.744864464E1,-2.107872772E1
2.148100121E2,2.445239067E0,-2.658000183E1,-2.249263763E1
2.148301781E2,1.392082214E0,-2.571445465E1,-2.374550629E1
2.148503431E2,5.190095901E-1,-2.484192467E1,-2.477914429E1
2.148705081E2,-3.015117645E-1,-2.389703941E1,-2.591728973E1
2.148906731E2,-5.984754562E-1,-2.306413651E1,-2.669997406E1
2.149108394E2,-1.186721802E0,-2.236769104E1,-2.750074005E1
2.149310044E2,-1.563254356E0,-2.140067101E1,-2.809561920E1
2.149511694E2,-2.467816353E0,-1.932317924E1,-2.966970825E1
2.149713344E2,-2.603265762E0,-1.774465942E1,-3.091426849E1
2.149915004E2,-2.598546028E0,-1.573612785E1,-3.184276581E1
2.150116654E2,-2.544691086E0,-1.345045471E1,-3.324644470E1
2.150318304E2,-2.549721718E0,-1.107143974E1,-3.420175934E1
2.150519954E2,-2.707067490E0,-8.129751205E0,-3.477249146E1
2.150721614E2,-3.190740585E0,-5.015939713E0,-3.525682068E1
2.150923264E2,-3.750136375E0,-2.123884201E0,-3.536567688E1
2.151124914E2,-4.334286690E0,5.134983063E-1,-3.509134674E1
2.151326564E2,-5.096920967E0,2.691211700E0,-3.471058655E1
2.151528224E2,-5.623771667E0,4.532003403E0,-3.433632660E1
2.151729874E2,-5.881221771E0,6.333453178E0,-3.405619049E1
2.151931524E2,-5.681020737E0,7.868090630E0,-3.364158630E1
2.152133174E2,-5.424496651E0,8.835768700E0,-3.346700287E1
2.152334834E2,-5.207916260E0,9.292365074E0,-3.342185211E1
2.152536484E2,-5.274106979E0,9.641175270E0,-3.366806030E1
2.152738134E2,-5.098756790E0,9.827622414E0,-3.365438843E1
2.152939784E2,-4.584634781E0,1.023172855E1,-3.355107117E1
2.153141444E2,-4.055773735E0,1.058388329E1,-3.366365051E1
2.153343094E2,-3.393947601E0,1.061098480E1,-3.382472229E1
2.153544744E2,-2.758272171E0,1.060537434E1,-3.382727051E1
2.153746394E2,-1.924378395E0,1.042536640E1,-3.401324463E1
2.153948054E2,-1.379365921E0,1.037329865E1,-3.415525818E1
2.154149704E2,-4.132537842E-1,1.024669266E1,-3.415428925E1
2.154351354E2,3.180313110E-1,9.692277908E0,-3.435083008E1
2.154553004E2,1.103155136E0,9.117035866E0,-3.454141235E1
2.154754664E2,1.884770393E0,8.570528030E0,-3.455712128E1
2.154956314E2,2.947913170E0,7.833613396E0,-3.442223358E1
2.155157964E2,3.886844635E0,7.552956581E0,-3.432923889E1
2.155359624E2,4.444932938E0,7.303706169E0,-3.398765564E1
2.155561274E2,5.042051315E0,7.016892433E0,-3.385307312E1
2.155762924E2,5.577104568E0,6.400245667E0,-3.337579346E1
2.155964574E2,6.910011292E0,5.570650101E0,-3.332109833E1
2.156166234E2,7.910612106E0,4.411823273E0,-3.290142059E1
2.156367884E2,8.759156227E0,3.096826553E0,-3.248718262E1
2.156569534E2,8.783392906E0,1.528570175E0,-3.237345886E1
2.156771184E2,8.491838455E0,-2.083950043E-1,-3.182479095E1
2.156972844E2,8.496628761E0,-2.093008041E0,-3.151963043E1
2.157174494E2,8.510471344E0,-3.915605545E0,-3.069303894E1
2.157376144E2,8.362030029E0,-5.588062286E0,-3.019559479E1
2.157577794E2,8.256590843E0,-7.728111267E0,-2.922801208E1
2.157779454E2,7.876033783E0,-9.012378693E0,-2.873056030E1
2.157981104E2,7.755150795E0,-1.029760933E1,-2.817278290E1
2.158182754E2,7.500635147E0,-1.152657127E1,-2.734260559E1
2.158384404E2,7.472388268E0,-1.272051811E1,-2.659951019E1
2.158586064E2,7.782294273E0,-1.375268555E1,-2.595120239E1
2.158787714E2,7.617780685E0,-1.494398117E1,-2.528419495E1
2.158989364E2,7.829552650E0,-1.580432892E1,-2.486321259E1
2.159191014E2,7.596295357E0,-1.643893051E1,-2.456275177E1
2.159392674E2,7.674366951E0,-1.679849052E1,-2.442271423E1
2.159594324E2,7.870493889E0,-1.716375160E1,-2.387088013E1
2.159795974E2,8.291507721E0,-1.757826805E1,-2.357902527E1
2.159997624E2,8.569160461E0,-1.800145912E1,-2.339030457E1
2.160199284E2,9.269041061E0,-1.806311226E1,-2.311926270E1
2.160400934E2,1.016616631E1,-1.807161903E1,-2.287956238E1
2.160602584E2,1.103452492E1,-1.797774887E1,-2.262627411E1
2.160804234E2,1.156478119E1,-1.786729813E1,-2.240990448E1
2.161005894E2,1.205700874E1,-1.767193604E1,-2.223322296E1
2.161207544E2,1.255812836E1,-1.705703354E1,-2.281951141E1
2.161409194E2,1.301185131E1,-1.635905647E1,-2.287422943E1
2.161610844E2,1.352676678E1,-1.564414024E1,-2.294944000E1
2.161812504E2,1.386495590E1,-1.478168678E1,-2.340481567E1
2.162014154E2,1.453835678E1,-1.394595528E1,-2.372761536E1
2.162215804E2,1.503212833E1,-1.262731743E1,-2.357170868E1
2.162417464E2,1.518448639E1,-1.142986298E1,-2.385909271E1
2.162619114E2,1.560029984E1,-9.896245956E0,-2.364220428E1
2.162820764E2,1.583377743E1,-8.589178085E0,-2.416391754E1
2.163022414E2,1.661458969E1,-7.163774490E0,-2.415105438E1
2.163224074E2,1.724941254E1,-5.657491684E0,-2.393981934E1
2.163425724E2,1.802224541E1,-4.321886063E0,-2.345174408E1
2.163627374E2,1.907394791E1,-2.895940781E0,-2.281839752E1
2.163829024E2,1.950668144E1,-1.873216629E0,-2.234687042E1
2.164030684E2,1.995977402E1,-9.829292297E-1,-2.211985016E1
2.164232334E2,2.034988785E1,-2.677783966E-1,-2.157613373E1
2.164433984E2,2.071186447E1,1.266326904E-1,-2.127323914E1
2.164635634E2,2.082774353E1,3.882446289E-1,-2.128388977E1
2.164837294E2,2.078287888E1,4.526576996E-1,-2.122720337E1
2.165038944E2,2.072260284E1,5.691394806E-1,-2.141764832E1
2.165240594E2,2.049788666E1,2.386589050E-1,-2.175277710E1
2.165442244E2,2.050342941E1,-2.841606140E-1,-2.195437622E1
2.165643904E2,2.056978226E1,-1.002607346E0,-2.214350128E1
2.165845554E2,2.122159195E1,-1.780870438E0,-2.208011627E1
2.166047204E2,2.155714035E1,-2.587797165E0,-2.192260742E1
2.166248864E2,2.197969437E1,-3.155372620E0,-2.167347717E1
2.166450514E2,2.242355537E1,-4.235843658E0,-2.157402802E1
2.166652164E2,2.295302582E1,-5.045236588E0,-2.105282593E1
2.166853814E2,2.353491974E1,-5.770402908E0,-2.073615265E1
2.167055474E2,2.387711334E1,-6.305618286E0,-2.052322388E1
2.167257124E2,2.435920334E1,-6.879251480E0,-2.031478882E1
2.167458774E2,2.487099266E1,-7.293415070E0,-2.034571838E1
2.167660424E2,2.537260628E1,-7.656347275E0,-1.990916443E1
2.167862084E2,2.598326683E1,-8.102596283E0,-1.927150726E1
2.168063734E2,2.647613525E1,-8.570631027E0,-1.878221130E1
2.168265384E2,2.716456032E1,-8.777730942E0,-1.821333313E1
2.168467034E2,2.743380356E1,-9.068624496E0,-1.795472717E1
2.168668694E2,2.749100494E1,-9.356519699E0,-1.811847687E1
2.168870344E2,2.785000610E1,-9.790880203E0,-1.781153870E1
2.169071994E2,2.800979233E1,-1.007229042E1,-1.736473846E1
2.169273642E2,2.865203094E1,-1.094742393E1,-1.643788910E1
2.169475302E2,2.914345551E1,-1.150195885E1,-1.553815460E1
2.169676952E2,2.955462646E1,-1.163907433E1,-1.447845459E1
2.169878602E2,3.030484009E1,-1.218873787E1,-1.344536591E1
2.170080252E2,3.081328583E1,-1.230985641E1,-1.265528870E1
2.170281912E2,3.133271408E1,-1.240409660E1,-1.102916718E1
2.170483562E2,3.169333649E1,-1.221703720E1,-1.036512756E1
2.170685212E2,3.214472961E1,-1.231250763E1,-9.495765686E0
2.170886862E2,3.265852356E1,-1.217811203E1,-8.974655151E0
2.171088522E2,3.269282150E1,-1.185012054E1,-9.032768250E0
2.171290172E2,3.292267609E1,-1.130596161E1,-8.981620789E0
2.171491822E2,3.315676880E1,-1.119504738E1,-8.844764709E0
2.171693482E2,3.312142181E1,-1.092735672E1,-8.876571655E0
2.171895132E2,3.335878754E1,-1.066373634E1,-9.240730286E0
2.172096782E2,3.331711197E1,-1.037243271E1,-9.635017395E0
2.172298432E2,3.321007538E1,-9.773540497E0,-1.069969177E1
2.172500092E2,3.313612747E1,-9.445369720E0,-1.149980927E1
2.172701742E2,3.299781036E1,-9.157976151E0,-1.253432465E1
2.172903392E2,3.286489487E1,-8.818553925E0,-1.293721008E1
2.173105042E2,3.288417435E1,-8.629556656E0,-1.293030548E1
2.173306702E2,3.300600433E1,-8.406373978E0,-1.310144806E1
2.173508352E2,3.312007141E1,-8.110383987E0,-1.316395569E1
2.173710002E2,3.327236938E1,-7.426216125E0,-1.372654724E1
2.173911652E2,3.339006805E1,-6.941268921E0,-1.371687317E1
2.174113312E2,3.354438019E1,-6.747434616E0,-1.401737213E1
2.174314962E2,3.348844147E1,-6.661273956E0,-1.434226227E1
2.174516612E2,3.361315155E1,-6.279281616E0,-1.439397430E1
2.174718272E2,3.361734390E1,-6.176734924E0,-1.447669983E1
2.174919922E2,3.355016708E1,-5.667501450E0,-1.472830200E1
2.175121572E2,3.349162674E1,-5.374549866E0,-1.527320099E1
2.175323222E2,3.330345535E1,-4.702238083E0,-1.558097076E1
2.175524882E2,3.312344360E1,-4.223705292E0,-1.625777435E1
2.175726532E2,3.309957123E1,-3.901163101E0,-1.668302155E1
2.175928182E2,3.274028778E1,-3.199306488E0,-1.730528259E1
2.176129832E2,3.265661621E1,-2.573818207E0,-1.749928284E1
2.176331492E2,3.253186417E1,-2.123516083E0,-1.805824280E1
2.176533142E2,3.244354630E1,-1.693460464E0,-1.813383484E1
2.176734792E2,3.243341064E1,-1.278068542E0,-1.843724823E1
2.176936442E2,3.223583221E1,-6.088981628E-1,-1.833397675E1
2.177138102E2,3.197580338E1,6.349754333E-2,-1.861480713E1
2.177339752E2,3.168199539E1,1.017555237E0,-1.905278015E1
2.177541402E2,3.147775459E1,2.152282715E0,-1.871743011E1
2.177743062E2,3.162853432E1,3.375351906E0,-1.777336884E1
2.177944712E2,3.203362274E1,5.310240746E0,-1.672226715E1
2.178146362E2,3.188693237E1,7.231101036E0,-1.524920654E1
2.178348012E2,3.145430756E1,9.499855995E0,-1.393205261E1
2.178549672E2,3.103394699E1,1.178327560E1,-1.202523804E1
2.178751322E2,3.041743660E1,1.350239754E1,-9.933502197E0
2.178952972E2,2.967276001E1,1.556968975E1,-7.706176758E0
2.179154621E2,2.872085571E1,1.765893364E1,-5.673377991E0
2.179356281E2,2.734878159E1,1.944254112E1,-3.221733093E0
2.179557931E2,2.586478043E1,2.081279373E1,-5.860595703E-1
2.179759581E2,2.433810043E1,2.205510712E1,2.404045105E0
2.179961231E2,2.260482025E1,2.308116150E1,5.710929871E0
2.180162891E2,2.086443710E1,2.360133743E1,8.517387390E0
2.180364541E2,1.917981720E1,2.346277237E1,1.156917572E1
2.180566191E2,1.737918854E1,2.307318687E1,1.479539490E1
2.180767851E2,1.562298584E1,2.222083092E1,1.740953064E1
2.180969501E2,1.412592983E1,2.131937981E1,1.982774353E1
2.181171151E2,1.285762596E1,2.018452835E1,2.158225250E1
2.181372801E2,1.198515606E1,1.904162025E1,2.308435822E1
2.181574461E2,1.175245094E1,1.820155716E1,2.400761414E1
2.181776111E2,1.145985985E1,1.725957298E1,2.509351349E1
2.181977761E2,1.116027546E1,1.665147781E1,2.561314392E1
2.182179411E2,1.078089142E1,1.640562248E1,2.575962067E1
2.182381071E2,1.034482193E1,1.622158432E1,2.621870422E1
2.182582721E2,1.014258003E1,1.610582542E1,2.668294525E1
2.182784371E2,1.003635216E1,1.558412457E1,2.728232574E1
2.182986021E2,1.010258293E1,1.488067436E1,2.763392639E1
2.183187681E2,1.053064537E1,1.407330322E1,2.776162720E1
2.183389331E2,1.094299603E1,1.367900658E1,2.767816162E1
2.183590981E2,1.124469852E1,1.369019890E1,2.807918549E1
2.183792641E2,1.119876957E1,1.372968864E1,2.785366821E1
2.183994291E2,1.098374081E1,1.398952675E1,2.778720093E1
2.184195941E2,1.049515438E1,1.431669044E1,2.787596130E1
2.184397591E2,1.010851192E1,1.494069099E1,2.777949524E1
2.184599251E2,1.023790264E1,1.525214386E1,2.770962524E1
2.184800901E2,1.067403889E1,1.551976013E1,2.726273346E1
2.185002551E2,1.121538544E1,1.586217690E1,2.692930603E1
2.185204201E2,1.224955177E1,1.592581081E1,2.629199219E1
2.185405861E2,1.326761150E1,1.627623177E1,2.591796875E1
2.185607511E2,1.428917027E1,1.662653542E1,2.511518097E1
2.185809161E2,1.522010899E1,1.732976532E1,2.365894318E1
2.186010821E2,1.626869965E1,1.822677422E1,2.232609558E1
2.186212471E2,1.722130585E1,1.906717873E1,2.127648163E1
2.186414121E2,1.809798431E1,1.992307281E1,2.000186157E1
2.186615771E2,1.933466148E1,2.082125854E1,1.844415283E1
2.186817431E2,2.034017944E1,2.115322495E1,1.702311707E1
2.187019081E2,2.133471680E1,2.160220337E1,1.516256714E1
2.187220731E2,2.274212646E1,2.206596756E1,1.319003296E1
2.187422381E2,2.368059158E1,2.243603516E1,1.039765930E1
2.187624041E2,2.456930923E1,2.290575027E1,8.053382874E0
2.187825691E2,2.518657303E1,2.305261230E1,5.558074951E0
2.188027341E2,2.569804192E1,2.311121750E1,3.660896301E0
2.188229001E2,2.623688698E1,2.306666565E1,1.601203918E0
2.188430651E2,2.633394241E1,2.302145004E1,1.230163574E-1
2.188632301E2,2.657184982E1,2.285090065E1,-1.057571411E0
2.188833951E2,2.688813019E1,2.256279182E1,-1.491943359E0
2.189035611E2,2.703775024E1,2.247936249E1,-2.061820984E0
2.189237268E2,2.694293213E1,2.253500557E1,-2.610351562E0
2.189438918E2,2.680540657E1,2.294574547E1,-2.918083191E0
2.189640568E2,2.645258522E1,2.345955276E1,-2.986663818E0
2.189842228E2,2.591414261E1,2.428755379E1,-2.661071777E0
2.190043877E2,2.476138878E1,2.538600159E1,-1.429374695E0
2.190245527E2,2.385697556E1,2.633492279E1,3.536987305E-1
2.190447187E2,2.295825386E1,2.696500397E1,2.372192383E0
2.190648838E2,2.177568626E1,2.752075195E1,4.766868591E0
2.190850488E2,2.058462524E1,2.792119598E1,7.288963318E0
2.191052138E2,1.952671432E1,2.796878815E1,9.693305969E0
2.191253798E2,1.827335930E1,2.780674171E1,1.206749725E1
2.191455448E2,1.701033401E1,2.741925430E1,1.461248779E1
2.191657097E2,1.618428230E1,2.646550751E1,1.698669434E1
2.191858747E2,1.584995461E1,2.490102005E1,1.952990723E1
2.192060407E2,1.569601631E1,2.291163635E1,2.165565491E1
2.192262058E2,1.569084740E1,2.117000008E1,2.348434448E1
2.192463708E2,1.599743080E1,1.947424316E1,2.514278412E1
2.192665368E2,1.592548084E1,1.728621674E1,2.623271942E1
2.192867018E2,1.588103867E1,1.559268188E1,2.734998322E1
2.193068668E2,1.564912033E1,1.364714146E1,2.820300293E1
2.193270317E2,1.521121502E1,1.223527145E1,2.920571136E1
2.193471978E2,1.497274303E1,1.104833603E1,2.983984375E1
2.193673627E2,1.487316418E1,1.063941479E1,3.003279877E1
2.193875278E2,1.512499714E1,1.050707626E1,2.974706268E1
2.194076928E2,1.571345043E1,1.053007984E1,2.952368927E1
2.194278588E2,1.648342514E1,1.067291164E1,2.933033752E1
2.194480238E2,1.743318939E1,1.112338161E1,2.835160828E1
2.194681888E2,1.902240753E1,1.172739220E1,2.720794678E1
2.194883548E2,2.045924950E1,1.268799877E1,2.600981903E1
2.195085198E2,2.186899948E1,1.381602669E1,2.435292053E1
2.195286847E2,2.343991089E1,1.504857635E1,2.216944885E1
2.195488498E2,2.477367592E1,1.604964256E1,2.062268066E1
2.195690158E2,2.619119263E1,1.687432480E1,1.783808136E1
2.195891808E2,2.728389740E1,1.764357185E1,1.544197845E1
2.196093458E2,2.826148033E1,1.824727058E1,1.271355438E1
2.196295108E2,2.910285568E1,1.922863007E1,1.037230682E1
2.196496768E2,2.929041290E1,2.000331306E1,7.898460388E0
2.196698418E2,2.943078232E1,2.075581551E1,5.324592590E0
2.196900067E2,2.924683762E1,2.139714432E1,2.617942810E0
2.197101727E2,2.931645966E1,2.180148697E1,-8.082580566E-2
2.197303378E2,2.888015366E1,2.225879288E1,-2.718429565E0
2.197505028E2,2.854716682E1,2.242702866E1,-5.295303345E0
2.197706678E2,2.806494141E1,2.247802162E1,-7.638847351E0
2.197908338E2,2.741985321E1,2.251929855E1,-1.025267029E1
2.198109988E2,2.698470497E1,2.233019257E1,-1.196509552E1
2.198311638E2,2.632075882E1,2.210445976E1,-1.369572449E1
2.198513298E2,2.582404327E1,2.201980972E1,-1.484164429E1
2.198714947E2,2.566683578E1,2.170599556E1,-1.604356384E1
2.198916598E2,2.526371002E1,2.133100510E1,-1.702996826E1
2.199118248E2,2.478489304E1,2.099918556E1,-1.818537140E1
2.199319903E2,2.455128860E1,2.081573105E1,-1.885349274E1
2.199521553E2,2.433983803E1,2.048596382E1,-1.919458008E1
2.199723203E2,2.401374245E1,2.028089714E1,-2.030044556E1
2.199924853E2,2.360877609E1,2.026754951E1,-2.053764343E1
2.200126513E2,2.366761398E1,2.034474754E1,-2.053747559E1
2.200328163E2,2.391350937E1,2.031297302E1,-1.979895020E1
2.200529813E2,2.440985107E1,2.017151260E1,-1.949333191E1
2.200731473E2,2.458058357E1,2.022661781E1,-1.965848541E1
2.200933123E2,2.444260597E1,2.046828651E1,-1.973029327E1
2.201134773E2,2.389984322E1,2.116866875E1,-1.951457977E1
2.201336423E2,2.382932854E1,2.201414108E1,-1.911516571E1
2.201538083E2,2.318387222E1,2.285321045E1,-1.840568542E1
2.201739733E2,2.291059113E1,2.382078552E1,-1.770381165E1
2.201941383E2,2.283145142E1,2.450717163E1,-1.708096313E1
2.202143043E2,2.284895706E1,2.492724991E1,-1.615399170E1
2.202344693E2,2.316812706E1,2.529231644E1,-1.530352020E1
2.202546343E2,2.321556854E1,2.557018661E1,-1.446871185E1
2.202747993E2,2.364460373E1,2.578106880E1,-1.382498932E1
2.202949653E2,2.383503723E1,2.597990990E1,-1.238655853E1
2.203151303E2,2.401922989E1,2.645503807E1,-1.137407684E1
2.203352953E2,2.389594650E1,2.699157715E1,-1.048726654E1
2.203554603E2,2.336019516E1,2.737358284E1,-9.553962708E0
2.203756263E2,2.236461639E1,2.848292923E1,-9.078071594E0
2.203957913E2,2.156847763E1,2.925264359E1,-8.412414551E0
2.204159563E2,2.068643570E1,3.016295242E1,-7.631881714E0
2.204361223E2,1.948693848E1,3.085565186E1,-7.502914429E0
2.204562873E2,1.882913589E1,3.132142258E1,-7.413398743E0
2.204764523E2,1.849135971E1,3.137784958E1,-6.896507263E0
2.204966183E2,1.852318192E1,3.173352242E1,-5.621818542E0
2.205167833E2,1.845204926E1,3.200382233E1,-4.785484314E0
2.205369483E2,1.850074577E1,3.226319885E1,-3.883964539E0
2.205571133E2,1.863805580E1,3.211907959E1,-3.333847046E0
2.205772793E2,1.900118256E1,3.192303276E1,-3.220634460E0
2.205974443E2,1.917820358E1,3.219800568E1,-2.534103394E0
2.206176093E2,1.902191353E1,3.244224930E1,-1.562728882E0
2.206377743E2,1.857587051E1,3.275930786E1,1.444244385E-1
2.206579403E2,1.905022812E1,3.282970810E1,1.761734009E0
2.206781053E2,1.980161476E1,3.275813293E1,3.435180664E0
2.206982703E2,2.031140900E1,3.252346802E1,4.914482117E0
2.207184363E2,2.076153946E1,3.181974411E1,6.559661865E0
2.207386013E2,2.050693893E1,3.102156830E1,8.222587585E0
2.207587663E2,2.089026833E1,3.053139114E1,9.828552246E0
2.207789323E2,2.155210495E1,2.966822052E1,1.138477325E1
2.207990973E2,2.212812042E1,2.875815964E1,1.253620911E1
2.208192623E2,2.289594650E1,2.764554977E1,1.390118408E1
2.208394273E2,2.354135704E1,2.652477264E1,1.478779602E1
2.208595933E2,2.419314575E1,2.563477325E1,1.576072693E1
2.208797583E2,2.457919693E1,2.482493782E1,1.666829681E1
2.208999233E2,2.499795151E1,2.392386627E1,1.751297760E1
2.209200892E2,2.538152313E1,2.288016701E1,1.793424225E1
2.209402543E2,2.596190262E1,2.180812454E1,1.865593719E1
2.209604193E2,2.631936264E1,2.089563942E1,1.929225159E1
2.209805843E2,2.670277977E1,1.991447449E1,2.003421783E1
2.210007503E2,2.690654755E1,1.857150841E1,2.070629883E1
2.210209153E2,2.746013260E1,1.730222130E1,2.113710785E1
2.210410802E2,2.798802185E1,1.595277691E1,2.210403442E1
2.210612462E2,2.825705338E1,1.479650116E1,2.232215881E1
2.210814112E2,2.849098206E1,1.321471786E1,2.275740814E1
2.211015763E2,2.904555893E1,1.192547607E1,2.254590607E1
2.211217413E2,2.971607208E1,1.131300354E1,2.222312927E1
2.211419073E2,3.002545547E1,1.071145058E1,2.202327728E1
2.211620723E2,3.029786682E1,1.051511765E1,2.213795471E1
2.211822373E2,3.003253555E1,1.068608284E1,2.208377838E1
2.212024033E2,2.994359207E1,1.096949387E1,2.203096008E1
2.212225682E2,2.991059875E1,1.155036354E1,2.221086121E1
2.212427332E2,2.968107986E1,1.242483711E1,2.184053040E1
2.212628992E2,2.988425446E1,1.331134129E1,2.123388672E1
2.212830643E2,3.010548019E1,1.433802700E1,2.031523132E1
2.213032293E2,3.014863014E1,1.550676727E1,1.925868988E1
2.213233943E2,3.022798538E1,1.658883286E1,1.823620605E1
2.213435603E2,3.037722778E1,1.756643105E1,1.755400848E1
2.213637253E2,3.020837402E1,1.894883728E1,1.631476593E1
2.213838902E2,3.050363350E1,2.046809006E1,1.461902618E1
2.214040563E2,3.028474426E1,2.246296501E1,1.168466187E1
2.214242212E2,3.034655380E1,2.368210602E1,9.514045715E0
2.214443863E2,3.032250977E1,2.460776329E1,7.277297974E0
2.214645513E2,3.014533997E1,2.563845444E1,4.696243286E0
2.214847173E2,3.017557144E1,2.663714218E1,2.425354004E0
2.215048823E2,2.954932404E1,2.688741875E1,3.114547729E-1
2.215250473E2,2.903599548E1,2.712184715E1,-2.369308472E0
2.215452133E2,2.864311981E1,2.729204178E1,-4.559425354E0
2.215653783E2,2.822804260E1,2.730262756E1,-6.401962280E0
2.215855432E2,2.809690094E1,2.732358170E1,-8.311599731E0
2.216057092E2,2.732333755E1,2.681653214E1,-1.027323914E1
2.216258743E2,2.681462860E1,2.648617172E1,-1.183081818E1
2.216460393E2,2.645956230E1,2.621510315E1,-1.332118225E1
2.216662043E2,2.608552933E1,2.588295364E1,-1.468999481E1
2.216863703E2,2.563945389E1,2.553071022E1,-1.556578064E1
2.217065353E2,2.533032227E1,2.545612335E1,-1.667860413E1
2.217267003E2,2.503535461E1,2.537767410E1,-1.679811859E1
2.217468663E2,2.527827835E1,2.523578835E1,-1.684682465E1
2.217670312E2,2.548627090E1,2.529077721E1,-1.685926056E1
2.217871963E2,2.526520538E1,2.573897362E1,-1.613709259E1
2.218073622E2,2.551289749E1,2.641675758E1,-1.498661041E1
2.218275273E2,2.591229057E1,2.681875038E1,-1.369470215E1
2.218476923E2,2.616461372E1,2.745189476E1,-1.187488556E1
2.218678573E2,2.650698090E1,2.768486023E1,-1.039133453E1
2.218880233E2,2.683825684E1,2.818701172E1,-8.825210571E0
2.219081883E2,2.696014786E1,2.843826103E1,-7.275779724E0
2.219283536E2,2.708543015E1,2.848205757E1,-5.360931396E0
2.219485196E2,2.746399689E1,2.852611542E1,-3.585044861E0
2.219686846E2,2.808421707E1,2.809026146E1,-1.613059998E0
2.219888496E2,2.876650620E1,2.754081345E1,-1.090927124E-1
2.220090156E2,2.935555840E1,2.678977585E1,9.496459961E-1
2.220291806E2,2.964203453E1,2.636179733E1,1.847206116E0
2.220493456E2,2.950906754E1,2.650422096E1,3.007751465E0
2.220695106E2,2.927882576E1,2.650007248E1,3.985519409E0
2.220896766E2,2.912694359E1,2.626512146E1,5.430274963E0
2.221098416E2,2.913748550E1,2.590578461E1,6.591125488E0
2.221300066E2,2.897467422E1,2.553960419E1,7.829078674E0
2.221501726E2,2.922227478E1,2.501036072E1,8.688415527E0
2.221703376E2,2.948962212E1,2.422379303E1,9.148376465E0
2.221905026E2,2.979862976E1,2.345203400E1,9.801445007E0
2.222106686E2,3.020835876E1,2.216529846E1,1.120726013E1
2.222308336E2,3.060829163E1,2.091126633E1,1.216615295E1
2.222509986E2,3.092303467E1,1.998866463E1,1.294558716E1
2.222711636E2,3.134596634E1,1.877489662E1,1.342811584E1
2.222913296E2,3.164850998E1,1.792510223E1,1.400376129E1
2.223114946E2,3.187005997E1,1.720831680E1,1.428747559E1
2.223316596E2,3.223183060E1,1.611255074E1,1.471737671E1
2.223518256E2,3.263480759E1,1.520635033E1,1.466541290E1
2.223719906E2,3.296273422E1,1.452278137E1,1.440489197E1
2.223921556E2,3.331233978E1,1.418951416E1,1.414022064E1
2.224123216E2,3.345936584E1,1.402814007E1,1.451591492E1
2.224324866E2,3.353230286E1,1.406563759E1,1.434550476E1
2.224526516E2,3.354822159E1,1.438961887E1,1.414813232E1
2.224728176E2,3.358436203E1,1.520302868E1,1.342959595E1
2.224929826E2,3.349074173E1,1.638702965E1,1.274330902E1
2.225131476E2,3.332424927E1,1.747241592E1,1.211142731E1
2.225333136E2,3.299778366E1,1.840954018E1,1.134377289E1
2.225534786E2,3.283798218E1,1.930943489E1,1.078188324E1
2.225736436E2,3.243733978E1,2.046095657E1,9.566123962E0
2.225938086E2,3.206161118E1,2.179977036E1,8.263572693E0
2.226139746E2,3.132578850E1,2.282567596E1,6.915130615E0
2.226341396E2,3.075741768E1,2.389034843E1,5.407485962E0
2.226543046E2,3.049745178E1,2.494414520E1,3.935707092E0
2.226744706E2,3.021127129E1,2.565164948E1,2.391990662E0
2.226946356E2,2.984412575E1,2.625814819E1,8.748855591E-1
2.227148006E2,2.955947495E1,2.666019821E1,-6.036071777E-1
2.227349666E2,2.927641678E1,2.717162704E1,-2.460998535E0
2.227551316E2,2.894730377E1,2.747900009E1,-3.802040100E0
2.227752966E2,2.862237930E1,2.781882668E1,-5.275260925E0
2.227954626E2,2.814095306E1,2.826632690E1,-6.718688965E0
2.228156276E2,2.782737732E1,2.845317841E1,-8.229354858E0
2.228357926E2,2.733248901E1,2.866498947E1,-9.023750305E0
2.228559586E2,2.711573792E1,2.871170998E1,-9.915046692E0
2.228761236E2,2.648917770E1,2.883804321E1,-1.146878052E1
2.228962886E2,2.562610626E1,2.908830833E1,-1.273966217E1
2.229164546E2,2.494671249E1,2.925502777E1,-1.375527191E1
2.229366193E2,2.465948868E1,2.955101776E1,-1.417033386E1
2.229567843E2,2.421741867E1,2.983332062E1,-1.418783569E1
2.229769503E2,2.407848358E1,3.010817337E1,-1.410783386E1
2.229971153E2,2.408240700E1,3.007098961E1,-1.423342133E1
2.230172803E2,2.385466194E1,2.992558098E1,-1.405048370E1
2.230374463E2,2.396999168E1,2.995276070E1,-1.444223785E1
2.230576113E2,2.366698074E1,2.995847321E1,-1.473190308E1
2.230777763E2,2.349717712E1,2.987530518E1,-1.520881653E1
2.230979413E2,2.349547958E1,2.973643303E1,-1.547280121E1
2.231181073E2,2.391731262E1,2.928870773E1,-1.529094696E1
2.231382723E2,2.418756104E1,2.904255295E1,-1.480776215E1
2.231584373E2,2.484888840E1,2.894084167E1,-1.425438690E1
2.231786033E2,2.518492699E1,2.900337219E1,-1.369122314E1
2.231987683E2,2.493878746E1,2.931952286E1,-1.318080139E1
2.232189333E2,2.464090729E1,2.968161392E1,-1.263102722E1
2.232390993E2,2.456025696E1,3.013737106E1,-1.221639252E1
2.232592643E2,2.454377747E1,3.043350601E1,-1.227245331E1
2.232794293E2,2.443662643E1,3.047366333E1,-1.235854340E1
2.232995953E2,2.437068558E1,3.036262894E1,-1.266764832E1
2.233197603E2,2.477873611E1,3.029857826E1,-1.271315765E1
2.233399253E2,2.584021950E1,2.982799911E1,-1.190999603E1
2.233600913E2,2.709779739E1,2.890741730E1,-1.176667023E1
2.233802563E2,2.810825348E1,2.797672653E1,-1.154075623E1
2.234004213E2,2.894487381E1,2.714710808E1,-1.191710663E1
2.234205873E2,2.948714828E1,2.658732224E1,-1.248091888E1
2.234407523E2,2.948266792E1,2.600897980E1,-1.344155121E1
2.234609173E2,2.976747513E1,2.538177872E1,-1.427969360E1
2.234810833E2,3.025041580E1,2.502459717E1,-1.471577454E1
2.235012483E2,3.087984848E1,2.426953888E1,-1.516426086E1
2.235214133E2,3.155027771E1,2.361339569E1,-1.548103333E1
2.235415793E2,3.214315414E1,2.299513245E1,-1.588000488E1
2.235617443E2,3.245417786E1,2.246836662E1,-1.585682678E1
2.235819093E2,3.280576324E1,2.213627052E1,-1.626423645E1
2.236020753E2,3.254893875E1,2.219217491E1,-1.671562958E1
2.236222403E2,3.199538803E1,2.229119110E1,-1.766934967E1
2.236424063E2,3.157718086E1,2.269092178E1,-1.849380493E1
2.236625713E2,3.127715111E1,2.300733566E1,-1.890704346E1
2.236827363E2,3.158437920E1,2.304092407E1,-1.912742615E1
2.237029023E2,3.195123482E1,2.250964546E1,-1.928924561E1
2.237230673E2,3.206659698E1,2.203269196E1,-1.973590088E1
2.237432323E2,3.218378448E1,2.180620956E1,-1.951795959E1
2.237633983E2,3.229939270E1,2.199014664E1,-1.946965027E1
2.237835633E2,3.253726196E1,2.244735146E1,-1.927261353E1
2.238037283E2,3.172852516E1,2.339274788E1,-1.946037292E1
2.238238943E2,3.085044289E1,2.451027679E1,-1.988230896E1
2.238440593E2,2.975839615E1,2.601599884E1,-2.023383331E1
2.238642243E2,2.911401367E1,2.736487579E1,-1.956806946E1
2.238843903E2,2.832764816E1,2.895970917E1,-1.888641357E1
2.239045553E2,2.773116302E1,3.046025848E1,-1.733478546E1
2.239247217E2,2.735483360E1,3.226166534E1,-1.573049164E1
2.239448867E2,2.658742523E1,3.371986008E1,-1.374734497E1
2.239650517E2,2.609324265E1,3.507317352E1,-1.125745392E1
2.239852177E2,2.619653320E1,3.605501556E1,-8.339927673E0
2.240053827E2,2.629914093E1,3.675208282E1,-4.521560669E0
2.240255477E2,2.649916840E1,3.747200775E1,-4.336242676E-1
2.240457137E2,2.564969254E1,3.741070557E1,3.207946777E0
2.240658787E2,2.491427231E1,3.718499756E1,6.394989014E0
2.240860437E2,2.465148544E1,3.662189865E1,9.512321472E0
2.241062097E2,2.439749527E1,3.550983429E1,1.291838837E1
2.241263747E2,2.473113823E1,3.373809052E1,1.659078217E1
2.241465407E2,2.519717216E1,3.129450417E1,2.046227264E1
2.241667057E2,2.567541122E1,2.850204849E1,2.332463837E1
2.241868707E2,2.591114998E1,2.596141434E1,2.530471039E1
2.242070367E2,2.610770035E1,2.391827774E1,2.750380707E1
2.242272017E2,2.565105629E1,2.231648827E1,2.903717804E1
2.242473667E2,2.503355217E1,2.153961182E1,3.048038483E1
2.242675327E2,2.438146782E1,2.128345680E1,3.090176392E1
2.242876977E2,2.363547897E1,2.136478233E1,3.147846222E1
2.243078637E2,2.350199127E1,2.136053658E1,3.085992432E1
2.243280287E2,2.411557007E1,2.140083313E1,3.074134827E1
2.243481937E2,2.482286072E1,2.124253464E1,3.010755157E1
2.243683597E2,2.575358963E1,2.092530251E1,2.973141479E1
2.243885247E2,2.680091858E1,2.063884735E1,2.889108276E1
2.244086907E2,2.774263191E1,2.026943207E1,2.812605286E1
2.244288557E2,2.861414909E1,2.009636879E1,2.739453125E1
2.244490207E2,2.939684868E1,2.027182007E1,2.639241028E1
2.244691867E2,3.005076027E1,2.045309639E1,2.610835266E1
2.244893517E2,2.979998970E1,2.080325699E1,2.592042542E1
2.245095177E2,2.985866165E1,2.089992905E1,2.598023987E1
2.245296827E2,2.995263672E1,2.110675240E1,2.586213684E1
2.245498477E2,3.012154388E1,2.103724289E1,2.602301788E1
2.245700137E2,2.999099350E1,2.130357361E1,2.655587769E1
2.245901787E2,2.996123505E1,2.142940903E1,2.662238312E1
2.246103437E2,2.982625008E1,2.267773056E1,2.615182495E1
2.246305097E2,3.009964943E1,2.377678490E1,2.550990295E1
2.246506747E2,3.025889587E1,2.520211220E1,2.460749817E1
2.246708407E2,3.045640182E1,2.682866478E1,2.314869690E1
2.246910057E2,3.067593575E1,2.871595383E1,2.144872284E1
2.247111707E2,3.052962875E1,3.037064743E1,1.954347992E1
2.247313367E2,3.044825554E1,3.208815384E1,1.693212891E1
2.247515017E2,3.042839050E1,3.363387680E1,1.477204132E1
2.247716677E2,2.991630173E1,3.522506714E1,1.285000610E1
2.247918327E2,2.974138641E1,3.654412842E1,1.077770996E1
2.248119987E2,2.926832962E1,3.749983978E1,8.522743225E0
2.248321637E2,2.882056808E1,3.817322159E1,5.845962524E0
2.248523287E2,2.841452599E1,3.876665497E1,3.167610168E0
2.248724947E2,2.811658287E1,3.901566315E1,1.186408997E0
2.248926597E2,2.769858742E1,3.925569916E1,-6.265335083E-1
2.249128257E2,2.705231857E1,3.949039459E1,-2.669395447E0
2.249329906E2,2.659321213E1,3.934844208E1,-4.459442139E0
2.249531556E2,2.609146881E1,3.920938873E1,-6.339218140E0
2.249733216E2,2.553052521E1,3.916217804E1,-7.904251099E0
2.249934866E2,2.481376648E1,3.920861816E1,-9.063285828E0
2.250136526E2,2.421580505E1,3.933061981E1,-9.825820923E0
2.250338176E2,2.356077576E1,3.927395630E1,-1.076686859E1
2.250539836E2,2.292269897E1,3.935728455E1,-1.133683014E1
2.250741486E2,2.233042145E1,3.950048447E1,-1.129914856E1
2.250943136E2,2.185786057E1,3.969772339E1,-1.121780396E1
2.251144796E2,2.138220596E1,4.021048737E1,-1.045896912E1
2.251346446E2,2.080485916E1,4.072750092E1,-9.550132751E0
2.251548106E2,2.011986923E1,4.139331436E1,-8.654281616E0
2.251749756E2,1.957784081E1,4.205434418E1,-7.141334534E0
2.251951416E2,1.921354675E1,4.255942535E1,-4.919410706E0
2.252153066E2,1.930106163E1,4.309640884E1,-2.178825378E0
2.252354716E2,1.968024826E1,4.314722061E1,1.390457153E0
2.252556376E2,1.968653679E1,4.292681885E1,4.797439575E0
2.252758026E2,1.965551376E1,4.261115265E1,8.285530090E0
2.252959686E2,1.974879837E1,4.200582504E1,1.118598175E1
2.253161336E2,2.011857414E1,4.103299713E1,1.372021484E1
2.253362986E2,2.050347900E1,3.992588806E1,1.649610901E1
2.253564646E2,2.061104202E1,3.885966492E1,1.888155365E1
2.253766296E2,1.968910027E1,3.772246933E1,2.169904327E1
2.253967956E2,1.822266960E1,3.699946594E1,2.410559082E1
2.254169606E2,1.640503883E1,3.595907593E1,2.700422668E1
2.254371266E2,1.576741791E1,3.531487274E1,2.793560791E1
2.254572916E2,1.537015152E1,3.478651047E1,2.859841156E1
2.254774566E2,1.543026352E1,3.424003601E1,2.929873657E1
2.254976226E2,1.569766617E1,3.406160736E1,2.944557953E1
2.255177876E2,1.571130180E1,3.410055542E1,2.932825470E1
2.255379536E2,1.584501648E1,3.450628281E1,2.860591125E1
2.255581186E2,1.588926029E1,3.491837311E1,2.780908966E1
2.255782846E2,1.593256855E1,3.514380646E1,2.760144806E1
2.255984496E2,1.592307758E1,3.548854065E1,2.699909973E1
2.256186146E2,1.584817505E1,3.592404938E1,2.621875763E1
2.256387806E2,1.600776482E1,3.633047867E1,2.561513519E1
2.256589456E2,1.604833794E1,3.712605286E1,2.478715515E1
2.256791116E2,1.590980339E1,3.771590805E1,2.413300323E1
2.256992766E2,1.572079468E1,3.834738922E1,2.303813934E1
2.257194416E2,1.563441372E1,3.908116150E1,2.169145966E1
2.257396076E2,1.554868793E1,3.975997925E1,1.982835388E1
2.257597726E2,1.576703739E1,4.075157928E1,1.823749542E1
2.257799386E2,1.544842529E1,4.151327515E1,1.619316101E1
2.258001036E2,1.484783840E1,4.227484131E1,1.450206757E1
2.258202696E2,1.427932644E1,4.281665039E1,1.283145142E1
2.258404346E2,1.342479134E1,4.334510803E1,1.111589050E1
2.258605996E2,1.235030556E1,4.387966919E1,9.856094360E0
2.258807656E2,1.132433033E1,4.436761475E1,8.247863770E0
2.259009306E2,9.983424187E0,4.479627228E1,7.056129456E0
2.259210961E2,8.627562523E0,4.493133926E1,5.840919495E0
2.259412611E2,7.552900314E0,4.517468643E1,5.071258545E0
2.259614271E2,6.853765488E0,4.525411224E1,5.557693481E0
2.259815921E2,6.297216415E0,4.501618195E1,6.286437988E0
2.260017571E2,5.395194054E0,4.495867920E1,7.392486572E0
2.260219231E2,4.418116570E0,4.475872040E1,8.218177795E0
2.260420881E2,3.187415123E0,4.469432831E1,8.076515198E0
2.260622541E2,1.871645927E0,4.469104004E1,7.146659851E0
2.260824191E2,5.003671646E-1,4.470729065E1,6.078170776E0
2.261025851E2,-1.000882149E0,4.472630310E1,4.413421631E0
2.261227501E2,-2.460015297E0,4.450317383E1,2.592994690E0
2.261429151E2,-3.782154083E0,4.440767670E1,1.293899536E0
2.261630811E2,-4.895413399E0,4.414141464E1,1.937484741E-1
2.261832461E2,-6.009510517E0,4.374215317E1,-6.690979004E-1
2.262034121E2,-7.059723854E0,4.335118866E1,-1.909622192E0
2.262235771E2,-8.561820030E0,4.269677734E1,-4.495201111E0
2.262437421E2,-9.589832306E0,4.193257523E1,-6.487411499E0
2.262639081E2,-1.070626831E1,4.109806061E1,-7.924079895E0
2.262840731E2,-1.199155617E1,4.045478821E1,-9.213432312E0
2.263042391E2,-1.291334915E1,3.997309875E1,-9.634040833E0
2.263244041E2,-1.369481564E1,3.951792908E1,-1.038678741E1
2.263445701E2,-1.464912891E1,3.871450806E1,-1.139339447E1
2.263647351E2,-1.580370045E1,3.806231689E1,-1.234468842E1
2.263849001E2,-1.687167740E1,3.751190186E1,-1.332788849E1
2.264050661E2,-1.804174042E1,3.698214722E1,-1.332215118E1
2.264252311E2,-1.855744171E1,3.691473389E1,-1.302687836E1
2.264453971E2,-1.924184799E1,3.640107727E1,-1.255848694E1
2.264655621E2,-1.999496651E1,3.652622223E1,-1.190453339E1
2.264857281E2,-2.056385994E1,3.670017242E1,-1.071614838E1
2.265058931E2,-2.074080276E1,3.693231583E1,-9.688919067E0
2.265260581E2,-2.063965988E1,3.777837372E1,-8.865859985E0
2.265462241E2,-2.052058411E1,3.833252335E1,-7.452026367E0
2.265663891E2,-2.043835258E1,3.880335236E1,-5.832351685E0
2.265865551E2,-2.036924171E1,3.922740936E1,-3.633819580E0
2.266067201E2,-2.042637253E1,3.954462433E1,-1.463165283E0
2.266268861E2,-2.053684807E1,3.982394409E1,4.398345947E-2
2.266470511E2,-2.022014999E1,3.990501404E1,1.310943604E0
2.266672161E2,-2.019375038E1,3.989395142E1,1.956390381E0
2.266873821E2,-1.974667358E1,3.989994812E1,3.379188538E0
2.267075471E2,-1.892894936E1,4.017805481E1,4.828773499E0
2.267277131E2,-1.793812943E1,4.062181091E1,6.419570923E0
2.267478781E2,-1.618233299E1,4.099968719E1,8.070800781E0
2.267680441E2,-1.439017963E1,4.127129745E1,9.713989258E0
2.267882091E2,-1.315960693E1,4.132151031E1,1.104198456E1
2.268083741E2,-1.240143490E1,4.126190948E1,1.186048889E1
2.268285401E2,-1.215526772E1,4.137551117E1,1.184145355E1
2.268487051E2,-1.265328598E1,4.136748123E1,1.140911102E1
2.268688711E2,-1.338542652E1,4.130853653E1,1.073283386E1
2.268890361E2,-1.456506920E1,4.091326141E1,1.013156891E1
2.269092021E2,-1.574738884E1,4.051864243E1,9.479255676E0
2.269293675E2,-1.742542458E1,4.017438126E1,8.893066406E0
2.269495325E2,-1.911454964E1,3.992958832E1,8.163787842E0
2.269696985E2,-2.047784424E1,3.927441406E1,6.657943726E0
2.269898635E2,-2.183905029E1,3.897478104E1,5.270263672E0
2.270100295E2,-2.296324539E1,3.861932373E1,4.457832336E0
2.270301945E2,-2.420148468E1,3.823696136E1,3.204391479E0
2.270503605E2,-2.449881744E1,3.813467407E1,2.785003662E0
2.270705255E2,-2.483269310E1,3.808819962E1,2.036674500E0
2.270906905E2,-2.500028229E1,3.813179398E1,1.376670837E0
2.271108565E2,-2.536629486E1,3.836779404E1,2.845077515E-1
2.271310215E2,-2.588169098E1,3.852510834E1,-8.688812256E-1
2.271511875E2,-2.646990204E1,3.811428833E1,-2.419052124E0
2.271713525E2,-2.742386627E1,3.774529266E1,-4.051391602E0
2.271915185E2,-2.843074608E1,3.747569656E1,-5.887458801E0
2.272116835E2,-2.942647552E1,3.668706894E1,-7.857528687E0
2.272318495E2,-3.044151688E1,3.597708130E1,-9.883491516E0
2.272520145E2,-3.139432907E1,3.474185562E1,-1.208975983E1
2.272721795E2,-3.227342606E1,3.352131271E1,-1.427352905E1
2.272923455E2,-3.282948303E1,3.260861969E1,-1.613819122E1
2.273125105E2,-3.388656616E1,3.079056168E1,-1.720508575E1
2.273326765E2,-3.500473022E1,2.896140480E1,-1.876654816E1
2.273528415E2,-3.605438614E1,2.673680687E1,-2.047795868E1
2.273730075E2,-3.663705444E1,2.434008217E1,-2.141611481E1
2.273931725E2,-3.727738571E1,2.210259438E1,-2.232928467E1
2.274133375E2,-3.781177521E1,1.966774368E1,-2.289445496E1
2.274335035E2,-3.809493256E1,1.700799942E1,-2.380670166E1
2.274536685E2,-3.818868256E1,1.404009247E1,-2.467048645E1
2.274738345E2,-3.832306290E1,1.119242668E1,-2.541290283E1
2.274939995E2,-3.827825165E1,8.508631706E0,-2.582503510E1
2.275141655E2,-3.788505173E1,5.803800583E0,-2.646145630E1
2.275343305E2,-3.741102600E1,3.605401993E0,-2.664308167E1
2.275544955E2,-3.693138504E1,1.802320480E0,-2.678659821E1
2.275746615E2,-3.629876328E1,4.304771423E-1,-2.733908081E1
2.275948265E2,-3.581561661E1,-5.292053223E-1,-2.761125183E1
2.276149925E2,-3.529383087E1,-1.210578918E0,-2.816647339E1
2.276351575E2,-3.506692123E1,-1.738464355E0,-2.834649658E1
2.276553235E2,-3.479859924E1,-1.644506454E0,-2.892823029E1
2.276754885E2,-3.441463470E1,-1.686002731E0,-2.979862213E1
2.276956545E2,-3.401283264E1,-1.261676788E0,-3.059753418E1
2.277158195E2,-3.401781845E1,-7.712078094E-1,-3.087710571E1
2.277359845E2,-3.422766113E1,2.665176392E-1,-3.136950684E1
2.277561505E2,-3.416416931E1,1.375957489E0,-3.195326996E1
2.277763155E2,-3.391572571E1,2.535455704E0,-3.264233398E1
2.277964815E2,-3.382027435E1,3.829450607E0,-3.346760559E1
2.278166465E2,-3.369918823E1,5.324228287E0,-3.418180084E1
2.278368125E2,-3.312410736E1,8.269036293E0,-3.499727631E1
2.278569775E2,-3.270737076E1,1.080068874E1,-3.534161377E1
2.278771435E2,-3.207465363E1,1.324833488E1,-3.601243591E1
2.278973085E2,-3.176961136E1,1.554910564E1,-3.610890961E1
2.279174735E2,-3.182700920E1,1.795918465E1,-3.564946747E1
2.279376393E2,-3.223495483E1,2.014620590E1,-3.449315643E1
2.279578043E2,-3.256246185E1,2.227052116E1,-3.322267151E1
2.279779703E2,-3.316498184E1,2.395920563E1,-3.195728302E1
2.279981353E2,-3.364333344E1,2.557139587E1,-3.063613129E1
2.280183013E2,-3.384051132E1,2.668556976E1,-2.953747559E1
2.280384663E2,-3.392396545E1,2.770931244E1,-2.864002991E1
2.280586323E2,-3.381203842E1,2.827941513E1,-2.786161804E1
2.280787973E2,-3.451612854E1,2.796998215E1,-2.731182861E1
2.280989633E2,-3.458787155E1,2.752934456E1,-2.748439789E1
2.281191283E2,-3.455991745E1,2.711994171E1,-2.776706696E1
2.281392933E2,-3.442088318E1,2.667561150E1,-2.822628021E1
2.281594593E2,-3.380689240E1,2.600653458E1,-2.907531738E1
2.281796243E2,-3.287975311E1,2.565337753E1,-3.006701660E1
2.281997903E2,-3.240529633E1,2.526553726E1,-3.073223114E1
2.282199553E2,-3.199853325E1,2.476696396E1,-3.141407013E1
2.282401213E2,-3.113506699E1,2.429851532E1,-3.228202057E1
2.282602863E2,-3.036571121E1,2.406441307E1,-3.312102509E1
2.282804523E2,-2.925836945E1,2.386375618E1,-3.358082581E1
2.283006173E2,-2.791567802E1,2.390653992E1,-3.416284180E1
2.283207833E2,-2.687491608E1,2.377294922E1,-3.479403687E1
2.283409483E2,-2.600629044E1,2.360323334E1,-3.516366577E1
2.283611133E2,-2.505083847E1,2.345948410E1,-3.587931824E1
2.283812793E2,-2.472428131E1,2.321627045E1,-3.594091797E1
2.284014443E2,-2.429638481E1,2.260646057E1,-3.580036926E1
2.284216103E2,-2.418019867E1,2.210911751E1,-3.620030212E1
2.284417753E2,-2.435083008E1,2.127688026E1,-3.634979248E1
2.284619413E2,-2.432818985E1,2.030082703E1,-3.654239655E1
2.284821063E2,-2.414347839E1,1.939094162E1,-3.687032318E1
2.285022723E2,-2.410186768E1,1.849469566E1,-3.696885681E1
2.285224373E2,-2.427105713E1,1.774528694E1,-3.705154419E1
2.285426023E2,-2.433717918E1,1.690520096E1,-3.696915436E1
2.285627683E2,-2.445450783E1,1.594129562E1,-3.678023529E1
2.285829333E2,-2.452467728E1,1.533975029E1,-3.642012787E1
2.286030993E2,-2.459707642E1,1.441431046E1,-3.640827179E1
2.286232643E2,-2.507547379E1,1.367352009E1,-3.602082062E1
2.286434303E2,-2.572335434E1,1.258474731E1,-3.572595978E1
2.286635953E2,-2.627635574E1,1.078652668E1,-3.550471497E1
2.286837613E2,-2.650813866E1,9.585685730E0,-3.516802979E1
2.287039263E2,-2.671101379E1,8.402276993E0,-3.491224670E1
2.287240923E2,-2.716942406E1,7.654297829E0,-3.386824036E1
2.287442573E2,-2.757378769E1,6.953215599E0,-3.280090332E1
2.287644233E2,-2.795448875E1,5.990943909E0,-3.217778015E1
2.287845883E2,-2.806645012E1,4.690978050E0,-3.144526672E1
2.288047533E2,-2.767972946E1,2.392753601E0,-3.113768768E1
2.288249193E2,-2.724691772E1,5.618095398E-2,-3.071138000E1
2.288450843E2,-2.680825615E1,-2.332035065E0,-3.001572418E1
2.288652503E2,-2.662186432E1,-4.427209854E0,-2.935982513E1
2.288854153E2,-2.614868164E1,-6.546592712E0,-2.876712799E1
2.289055813E2,-2.533527756E1,-8.476688385E0,-2.832073212E1
2.289257459E2,-2.444131660E1,-1.036652565E1,-2.756410980E1
2.289459119E2,-2.362630844E1,-1.223029900E1,-2.717491150E1
2.289660769E2,-2.310239410E1,-1.384207916E1,-2.634298706E1
2.289862429E2,-2.280764771E1,-1.518914413E1,-2.572269440E1
2.290064079E2,-2.247687149E1,-1.634413528E1,-2.514963531E1
2.290265739E2,-2.202027512E1,-1.730239868E1,-2.482530212E1
2.290467389E2,-2.144270134E1,-1.798036575E1,-2.439241028E1
2.290669039E2,-2.112732124E1,-1.872603226E1,-2.412366486E1
2.290870699E2,-2.037546921E1,-1.946730042E1,-2.410349274E1
2.291072349E2,-1.967406845E1,-1.964338684E1,-2.445993805E1
2.291274009E2,-1.907616043E1,-1.969079590E1,-2.489493561E1
2.291475659E2,-1.869615936E1,-1.932990837E1,-2.557295990E1
2.291677319E2,-1.794386292E1,-1.883661842E1,-2.624129486E1
2.291878969E2,-1.737595367E1,-1.838638687E1,-2.708284760E1
2.292080629E2,-1.688002586E1,-1.758144951E1,-2.835531616E1
2.292282279E2,-1.635386848E1,-1.641451836E1,-2.904938507E1
2.292483939E2,-1.565089417E1,-1.514055252E1,-3.011122131E1
2.292685589E2,-1.516164207E1,-1.381538010E1,-3.085166168E1
2.292887249E2,-1.482513714E1,-1.215021896E1,-3.142090607E1
2.293088899E2,-1.448088646E1,-1.047202301E1,-3.244775391E1
2.293290559E2,-1.425058937E1,-8.638511658E0,-3.326323700E1
2.293492209E2,-1.410624409E1,-6.474315643E0,-3.397296906E1
2.293693859E2,-1.376406956E1,-4.212366104E0,-3.439189148E1
2.293895519E2,-1.355341053E1,-1.775321960E0,-3.479418945E1
2.294097169E2,-1.367287064E1,9.394321442E-1,-3.477767181E1
2.294298829E2,-1.406906891E1,3.663987160E0,-3.443831635E1
2.294500479E2,-1.396778679E1,7.150264740E0,-3.404405212E1
2.294702139E2,-1.305169868E1,8.626476288E0,-3.379107666E1
2.294903789E2,-1.183778095E1,9.583674431E0,-3.395229340E1
2.295105449E2,-1.083414078E1,1.006729221E1,-3.398538208E1
2.295307099E2,-1.033486462E1,9.947094917E0,-3.407473755E1
2.295508759E2,-9.841456413E0,1.002308559E1,-3.400045776E1
2.295710409E2,-9.859335899E0,1.007792568E1,-3.410536957E1
2.295912069E2,-1.000794125E1,1.018807983E1,-3.403327179E1
2.296113719E2,-1.034054565E1,1.031770611E1,-3.402338409E1
2.296315379E2,-1.074382687E1,1.024321461E1,-3.394823456E1
2.296517029E2,-1.124780846E1,1.028939342E1,-3.337681580E1
2.296718679E2,-1.196958733E1,1.054610634E1,-3.275527954E1
2.296920339E2,-1.242667198E1,1.124491119E1,-3.259056854E1
2.297121989E2,-1.314939117E1,1.164388275E1,-3.211154938E1
2.297323649E2,-1.336342525E1,1.220286274E1,-3.164284515E1
2.297525299E2,-1.370417881E1,1.278016853E1,-3.154404449E1
2.297726959E2,-1.365902996E1,1.339212608E1,-3.107657623E1
2.297928609E2,-1.400297546E1,1.379736900E1,-3.043049622E1
2.298130269E2,-1.446501064E1,1.394741344E1,-2.976409912E1
2.298331919E2,-1.523588562E1,1.368426895E1,-2.938728333E1
2.298533579E2,-1.599884605E1,1.297200966E1,-2.880644226E1
2.298735229E2,-1.682617188E1,1.186299896E1,-2.925845337E1
2.298936889E2,-1.765955734E1,1.073929977E1,-2.922731018E1
2.299138539E2,-1.848607826E1,9.373056412E0,-2.934863281E1
2.299340202E2,-1.903239632E1,8.472799301E0,-2.952309418E1
2.299541852E2,-1.987972069E1,7.684355736E0,-2.939525604E1
2.299743512E2,-2.049105453E1,6.841630936E0,-2.965514374E1
2.299945162E2,-2.095111847E1,5.530137062E0,-3.012002563E1
2.300146822E2,-2.138242722E1,3.429144859E0,-3.069049835E1
2.300348472E2,-2.136061478E1,1.143527985E0,-3.078784943E1
2.300550132E2,-2.111230278E1,-1.212545395E0,-3.160444641E1
2.300751782E2,-2.072752380E1,-3.395385742E0,-3.206261444E1
2.300953432E2,-2.030065918E1,-5.548818588E0,-3.214080811E1
2.301155092E2,-1.966818047E1,-7.689800262E0,-3.210578918E1
2.301356742E2,-1.927343750E1,-1.007837868E1,-3.203559113E1
2.301558402E2,-1.834584236E1,-1.242277718E1,-3.161190033E1
2.301760052E2,-1.712394333E1,-1.474918747E1,-3.158271027E1
2.301961712E2,-1.600625229E1,-1.676555061E1,-3.119993591E1
2.302163362E2,-1.500592899E1,-1.831390381E1,-3.038420105E1
2.302365022E2,-1.440545082E1,-1.944044495E1,-3.019444275E1
2.302566672E2,-1.386281109E1,-2.050854492E1,-2.955996704E1
2.302768332E2,-1.275169945E1,-2.181313705E1,-2.899549866E1
2.302969982E2,-1.236920929E1,-2.262793541E1,-2.859738922E1
2.303171642E2,-1.191744614E1,-2.304641914E1,-2.833945465E1
2.303373292E2,-1.164624882E1,-2.349984550E1,-2.828653717E1
2.303574952E2,-1.100511932E1,-2.337051582E1,-2.838293457E1
2.303776602E2,-1.045595932E1,-2.310466194E1,-2.909193420E1
2.303978262E2,-1.008919144E1,-2.268953514E1,-2.980082703E1
2.304179912E2,-9.683895111E0,-2.214364433E1,-3.027171326E1
2.304381572E2,-9.135503769E0,-2.146341896E1,-3.094297791E1
2.304583222E2,-8.420713425E0,-2.012755775E1,-3.178641510E1
2.304784882E2,-7.670404911E0,-1.897871971E1,-3.258227539E1
2.304986532E2,-6.690372944E0,-1.755109406E1,-3.394478607E1
2.305188192E2,-6.073400021E0,-1.586611557E1,-3.499872589E1
2.305389842E2,-6.243766308E0,-1.359907532E1,-3.595092010E1
2.305591502E2,-6.875122547E0,-1.047475243E1,-3.678173065E1
2.305793152E2,-7.185605526E0,-7.579641342E0,-3.729792786E1
2.305994802E2,-7.811786175E0,-4.929800034E0,-3.733563995E1
2.306196462E2,-8.387159348E0,-2.723020554E0,-3.762799072E1
2.306398112E2,-8.615243912E0,-6.041450500E-1,-3.759902191E1
2.306599772E2,-8.398672104E0,1.329824448E0,-3.746910095E1
2.306801422E2,-7.868699551E0,2.767837524E0,-3.729031372E1
2.307003082E2,-7.685605049E0,3.761511803E0,-3.687662506E1
2.307204732E2,-7.921995640E0,4.335505486E0,-3.679094696E1
2.307406392E2,-8.583742142E0,4.706164360E0,-3.659401703E1
2.307608042E2,-9.565689087E0,5.316414833E0,-3.616216278E1
2.307809702E2,-1.014033127E1,5.738239288E0,-3.593571472E1
2.308011352E2,-1.086019421E1,6.102267265E0,-3.557917786E1
2.308213012E2,-1.177658653E1,6.371104240E0,-3.499342346E1
2.308414662E2,-1.259465885E1,6.657565117E0,-3.484558105E1
2.308616322E2,-1.342367363E1,6.817017555E0,-3.447710419E1
2.308817972E2,-1.375464725E1,6.813858986E0,-3.439199066E1
2.309019632E2,-1.417996979E1,6.892063141E0,-3.434489441E1
2.309221282E2,-1.440861320E1,6.575001717E0,-3.425944519E1
2.309422946E2,-1.479737854E1,6.306356430E0,-3.432934570E1
2.309624596E2,-1.500438118E1,6.079388618E0,-3.421733856E1
2.309826256E2,-1.475116634E1,6.044455528E0,-3.436821747E1
2.310027906E2,-1.451027489E1,5.806713104E0,-3.465215302E1
2.310229566E2,-1.385994053E1,5.404356956E0,-3.495600128E1
2.310431216E2,-1.333895111E1,4.731962204E0,-3.526161957E1
2.310632876E2,-1.317458725E1,3.879241943E0,-3.563655853E1
2.310834526E2,-1.300916958E1,2.138811111E0,-3.618300629E1
2.311036186E2,-1.305389786E1,6.763381958E-1,-3.604347229E1
2.311237836E2,-1.283281898E1,-7.619438171E-1,-3.624020386E1
2.311439496E2,-1.299562931E1,-2.864252090E0,-3.612681580E1
2.311641146E2,-1.350641537E1,-4.966236115E0,-3.594658661E1
2.311842806E2,-1.371951962E1,-7.228277206E0,-3.539607239E1
2.312044456E2,-1.352190113E1,-9.322757721E0,-3.470801544E1
2.312246116E2,-1.312153435E1,-1.129822731E1,-3.408575439E1
2.312447766E2,-1.288666058E1,-1.298763466E1,-3.328721619E1
2.312649426E2,-1.276911163E1,-1.483594322E1,-3.219111633E1
2.312851076E2,-1.258643818E1,-1.605333519E1,-3.114022064E1
2.313052736E2,-1.228939724E1,-1.733352852E1,-3.000502014E1
2.313254386E2,-1.193615913E1,-1.865720558E1,-2.884584045E1
2.313456046E2,-1.174033356E1,-1.998266411E1,-2.744190979E1
2.313657696E2,-1.166263580E1,-2.102355385E1,-2.655551147E1
2.313859356E2,-1.158782768E1,-2.207787132E1,-2.539796448E1
2.314061006E2,-1.141565895E1,-2.293031502E1,-2.479460144E1
2.314262666E2,-1.114765644E1,-2.349235916E1,-2.398600006E1
2.314464316E2,-1.098246956E1,-2.413952255E1,-2.365372467E1
2.314665966E2,-1.079901695E1,-2.453925705E1,-2.327299500E1
2.314867626E2,-1.056469727E1,-2.499774551E1,-2.290666199E1
2.315069286E2,-1.024218559E1,-2.527276611E1,-2.278308105E1
2.315270936E2,-9.656409264E0,-2.521253586E1,-2.307952881E1
2.315472586E2,-9.104408264E0,-2.523241615E1,-2.304590607E1
2.315674246E2,-8.518018723E0,-2.492502785E1,-2.359816742E1
2.315875896E2,-7.987827778E0,-2.418616486E1,-2.447122192E1
2.316077556E2,-7.169589043E0,-2.350068665E1,-2.538632202E1
2.316279206E2,-6.534360409E0,-2.221346283E1,-2.648579407E1
2.316480866E2,-5.908498287E0,-2.089179611E1,-2.732242584E1
2.316682516E2,-5.667647839E0,-1.929653931E1,-2.847277832E1
2.316884176E2,-5.427230835E0,-1.764080429E1,-2.937466431E1
2.317085826E2,-5.274154186E0,-1.577203178E1,-3.052729034E1
2.317287486E2,-5.427870274E0,-1.388200951E1,-3.134271240E1
2.317489136E2,-6.082650661E0,-1.140554428E1,-3.256925201E1
2.317690796E2,-6.764879704E0,-9.424560547E0,-3.290869141E1
2.317892446E2,-7.252781391E0,-7.390010834E0,-3.370334625E1
2.318094106E2,-7.148841858E0,-5.708950043E0,-3.405464172E1
2.318295756E2,-6.286659241E0,-4.218973160E0,-3.447839355E1
2.318497416E2,-4.847635269E0,-3.166940689E0,-3.528183746E1
2.318699066E2,-3.478196144E0,-2.288652420E0,-3.550736237E1
2.318900726E2,-3.490296364E0,-1.566804886E0,-3.551262665E1
2.319102376E2,-3.536800385E0,-9.380283356E-1,-3.571581268E1
2.319304033E2,-3.887095451E0,-4.786624908E-1,-3.581186676E1
2.319505683E2,-4.407067299E0,-3.288497925E-1,-3.571144867E1
2.319707343E2,-5.670246124E0,8.936691284E-2,-3.587670898E1
2.319908993E2,-6.674996853E0,4.198093414E-1,-3.537213135E1
2.320110653E2,-7.816272736E0,6.053256989E-1,-3.543791962E1
2.320312303E2,-8.751852989E0,6.762847900E-1,-3.517946625E1
2.320513963E2,-9.434110641E0,5.421504974E-1,-3.512681580E1
2.320715613E2,-9.697271347E0,4.172077179E-1,-3.491694641E1
2.320917273E2,-1.022508049E1,3.374004364E-1,-3.457715607E1
2.321118923E2,-1.039254284E1,3.376159668E-1,-3.438426971E1
2.321320583E2,-1.046627808E1,4.196758270E-1,-3.395053864E1
2.321522233E2,-1.011628342E1,1.252708435E-1,-3.424269867E1
2.321723893E2,-9.811651230E0,-4.144058228E-1,-3.403101349E1
2.321925543E2,-9.644681931E0,-1.263599396E0,-3.354186249E1
2.322127203E2,-9.719213486E0,-2.041454315E0,-3.318903351E1
2.322328853E2,-1.005358315E1,-2.612604141E0,-3.248377991E1
2.322530513E2,-1.065788269E1,-3.316526413E0,-3.219107056E1
2.322732163E2,-1.136387825E1,-3.856958389E0,-3.141827393E1
2.322933823E2,-1.208688641E1,-4.603044510E0,-3.152514648E1
2.323135473E2,-1.266899586E1,-5.463129044E0,-3.141268921E1
2.323337133E2,-1.341221142E1,-6.604606628E0,-3.143334961E1
2.323538783E2,-1.396189117E1,-7.920097351E0,-3.180259705E1
2.323740443E2,-1.452361298E1,-9.247695923E0,-3.210505676E1
2.323942093E2,-1.478018570E1,-1.116452026E1,-3.240905762E1
2.324143753E2,-1.468996239E1,-1.286412239E1,-3.298257446E1
2.324345403E2,-1.447682953E1,-1.473046494E1,-3.307588959E1
2.324547063E2,-1.448124790E1,-1.657444191E1,-3.324134827E1
2.324748713E2,-1.426967144E1,-1.833209419E1,-3.290858459E1
2.324950373E2,-1.427818584E1,-2.018224525E1,-3.214900970E1
2.325152033E2,-1.416923618E1,-2.193455505E1,-3.155044556E1
2.325353683E2,-1.425440121E1,-2.384098434E1,-3.071848297E1
2.325555343E2,-1.455405235E1,-2.549645805E1,-2.958407593E1
2.325756993E2,-1.468057728E1,-2.681510353E1,-2.834827423E1
2.325958653E2,-1.480895805E1,-2.770948029E1,-2.762403107E1
2.326160303E2,-1.497180653E1,-2.844707489E1,-2.679657745E1
2.326361963E2,-1.489917946E1,-2.927868271E1,-2.616236115E1
2.326563613E2,-1.469187927E1,-2.994286346E1,-2.581224823E1
2.326765273E2,-1.440369892E1,-3.065092278E1,-2.517662811E1
2.326966923E2,-1.421209526E1,-3.071842384E1,-2.511751556E1
2.327168583E2,-1.347372150E1,-3.073567009E1,-2.546720123E1
2.327370233E2,-1.284496689E1,-3.018597984E1,-2.643704987E1
2.327571893E2,-1.245234299E1,-2.921193504E1,-2.751989746E1
2.327773543E2,-1.220899773E1,-2.780637932E1,-2.915685272E1
2.327975203E2,-1.130099487E1,-2.627344131E1,-3.086727142E1
2.328176853E2,-1.019543076E1,-2.457533264E1,-3.258950043E1
2.328378513E2,-9.473246574E0,-2.260488701E1,-3.357157898E1
2.328580163E2,-9.122228622E0,-2.089706993E1,-3.495492554E1
2.328781823E2,-9.342661858E0,-1.864234161E1,-3.600108337E1
2.328983473E2,-9.895040512E0,-1.609507561E1,-3.674971771E1
2.329185133E2,-1.023410797E1,-1.346371269E1,-3.764226532E1
2.329386791E2,-1.059985924E1,-1.115636826E1,-3.822970581E1
2.329588451E2,-1.103451633E1,-9.101196289E0,-3.838813782E1
2.329790101E2,-1.119671535E1,-7.027307510E0,-3.840079498E1
2.329991761E2,-1.100244427E1,-5.668525696E0,-3.883834839E1
2.330193411E2,-1.048259068E1,-4.431140900E0,-3.901492310E1
2.330395071E2,-9.624696732E0,-3.569053650E0,-3.935124207E1
2.330596721E2,-9.193470001E0,-2.911914825E0,-3.955569458E1
2.330798381E2,-9.068788528E0,-1.998746872E0,-3.978514099E1
2.331000031E2,-8.905141830E0,-1.433198929E0,-3.988434601E1
2.331201691E2,-8.858249664E0,-1.165216446E0,-4.017780304E1
2.331403341E2,-8.507737160E0,-7.416992188E-1,-4.036698914E1
2.331605001E2,-8.283154488E0,-5.070686340E-1,-4.037467957E1
2.331806651E2,-8.001089096E0,-3.628768921E-1,-4.032031250E1
2.332008311E2,-8.621283531E0,-1.419391632E-1,-4.013191223E1
2.332209961E2,-9.323293686E0,3.478507996E-1,-4.009944153E1
2.332411621E2,-9.976408005E0,8.974075317E-1,-4.016423798E1
2.332613271E2,-1.054173374E1,1.443582535E0,-4.010692596E1
2.332814931E2,-1.127311134E1,2.284494400E0,-3.973776245E1
2.333016581E2,-1.201329422E1,3.004499435E0,-3.936030579E1
2.333218241E2,-1.274092293E1,3.784447670E0,-3.930630493E1
2.333419891E2,-1.311711121E1,4.318317413E0,-3.918087769E1
2.333621551E2,-1.363681316E1,4.885231972E0,-3.899581909E1
2.333823201E2,-1.404363251E1,5.412351608E0,-3.884909058E1
2.334024861E2,-1.433523178E1,5.030933380E0,-3.902326965E1
2.334226511E2,-1.429503155E1,4.120223999E0,-3.921802521E1
2.334428171E2,-1.438354206E1,3.031850815E0,-3.940662384E1
2.334629821E2,-1.449331665E1,1.620691299E0,-3.958576202E1
2.334831481E2,-1.439566135E1,-3.448200226E-1,-3.959336090E1
2.335033131E2,-1.463162899E1,-1.564895630E0,-3.944867706E1
2.335234791E2,-1.524157429E1,-2.707555771E0,-3.971511078E1
2.335436441E2,-1.627694702E1,-4.315826416E0,-3.928933716E1
2.335638101E2,-1.764598656E1,-6.879034042E0,-3.883425140E1
2.335839751E2,-1.884343338E1,-9.455499649E0,-3.817304230E1
2.336041411E2,-1.943287659E1,-1.229054642E1,-3.768900299E1
2.336243061E2,-2.006578827E1,-1.489009857E1,-3.670146179E1
2.336444721E2,-2.074215698E1,-1.724168968E1,-3.556418610E1
2.336646371E2,-2.148721695E1,-1.990193748E1,-3.415927124E1
2.336848031E2,-2.188599777E1,-2.250901031E1,-3.281272888E1
2.337049691E2,-2.225164795E1,-2.497005463E1,-3.101480103E1
2.337251341E2,-2.235905838E1,-2.704834938E1,-2.929409790E1
2.337453001E2,-2.217883492E1,-2.908002472E1,-2.764403534E1
2.337654651E2,-2.199020386E1,-3.064995003E1,-2.628623199E1
2.337856311E2,-2.171042061E1,-3.229140472E1,-2.465476990E1
2.338057961E2,-2.090607071E1,-3.362888336E1,-2.381046295E1
2.338259621E2,-1.998534012E1,-3.475153351E1,-2.295957184E1
2.338461271E2,-1.884753799E1,-3.574748230E1,-2.248033142E1
2.338662931E2,-1.803695107E1,-3.646020508E1,-2.174334717E1
2.338864581E2,-1.749804688E1,-3.706756973E1,-2.135109711E1
2.339066241E2,-1.678936958E1,-3.736696625E1,-2.151515961E1
2.339267891E2,-1.631372261E1,-3.755475616E1,-2.191556549E1
2.339469552E2,-1.581373692E1,-3.730149078E1,-2.270370483E1
2.339671202E2,-1.525260735E1,-3.687397003E1,-2.383724976E1
2.339872862E2,-1.468070221E1,-3.622892761E1,-2.483065796E1
2.340074512E2,-1.390954685E1,-3.536741638E1,-2.632151031E1
2.340276172E2,-1.316871071E1,-3.421835327E1,-2.806784058E1
2.340477822E2,-1.231173515E1,-3.260626984E1,-3.030453491E1
2.340679482E2,-1.128872490E1,-3.065357971E1,-3.254824829E1
2.340881132E2,-1.061712456E1,-2.865816116E1,-3.461117554E1
2.341082792E2,-1.030095196E1,-2.624557304E1,-3.641677856E1
2.341284442E2,-1.075400162E1,-2.325968742E1,-3.829583740E1
2.341486102E2,-1.148089600E1,-1.987515831E1,-3.977366638E1
2.341687752E2,-1.266867828E1,-1.668905449E1,-4.082284546E1
2.341889412E2,-1.308675957E1,-1.343116570E1,-4.177565765E1
2.342091062E2,-1.302509594E1,-1.069443321E1,-4.262791443E1
2.342292722E2,-1.257882118E1,-8.214950562E0,-4.317911530E1
2.342494372E2,-1.175406647E1,-6.005432129E0,-4.325982666E1
2.342696032E2,-1.093284798E1,-4.503717422E0,-4.336680603E1
2.342897682E2,-9.331728935E0,-2.755966187E0,-4.362226105E1
2.343099342E2,-9.633102417E0,-2.170957565E0,-4.385689545E1
2.343300992E2,-1.042811108E1,-1.660409927E0,-4.390035248E1
2.343502652E2,-1.169934940E1,-8.004360199E-1,-4.371529388E1
2.343704312E2,-1.255018139E1,4.735565186E-2,-4.337476349E1
2.343905962E2,-1.355367756E1,8.780803680E-1,-4.284975433E1
2.344107622E2,-1.427808666E1,1.542505264E0,-4.268916321E1
2.344309272E2,-1.503382778E1,2.186828613E0,-4.242752075E1
2.344510932E2,-1.559506226E1,2.854583740E0,-4.198169708E1
2.344712582E2,-1.596654129E1,3.406749725E0,-4.219988251E1
2.344914242E2,-1.600682068E1,3.849796295E0,-4.200310516E1
2.345115892E2,-1.598858643E1,4.403349876E0,-4.217743683E1
2.345317552E2,-1.627887344E1,4.036186218E0,-4.212963104E1
2.345519202E2,-1.691955376E1,3.014556885E0,-4.225238800E1
2.345720862E2,-1.742702103E1,1.585853577E0,-4.188976288E1
2.345922512E2,-1.806968307E1,2.551116943E-1,-4.213639832E1
2.346124172E2,-1.869332886E1,-1.021839142E0,-4.212745667E1
2.346325822E2,-1.940515900E1,-2.473402023E0,-4.209447479E1
2.346527482E2,-2.016788673E1,-4.141565323E0,-4.212931061E1
2.346729132E2,-2.108915710E1,-5.582029343E0,-4.162582397E1
2.346930792E2,-2.224651337E1,-7.020206451E0,-4.125345612E1
2.347132442E2,-2.321527100E1,-8.152929306E0,-4.053032684E1
2.347334102E2,-2.439509964E1,-1.006333733E1,-3.992487335E1
2.347535752E2,-2.547082138E1,-1.212921715E1,-3.859585571E1
2.347737412E2,-2.607892799E1,-1.492486191E1,-3.710401917E1
2.347939062E2,-2.645089340E1,-1.753702354E1,-3.630264282E1
2.348140722E2,-2.668928146E1,-1.959002304E1,-3.503473663E1
2.348342372E2,-2.637386131E1,-2.187435722E1,-3.363648987E1
2.348544032E2,-2.582289505E1,-2.417275620E1,-3.244090271E1
2.348745682E2,-2.484574890E1,-2.659583664E1,-3.126268005E1
2.348947342E2,-2.351664352E1,-2.902705193E1,-3.034873199E1
2.349149002E2,-2.193149948E1,-3.097773361E1,-2.950482178E1
2.349350647E2,-2.059608459E1,-3.260850525E1,-2.847549438E1
2.349552307E2,-1.901263809E1,-3.416107941E1,-2.733164978E1
2.349753957E2,-1.756320381E1,-3.546230316E1,-2.633908844E1
2.349955617E2,-1.652570152E1,-3.642692566E1,-2.579714203E1
2.350157267E2,-1.542461205E1,-3.710880280E1,-2.532594299E1
2.350358927E2,-1.454442501E1,-3.775939941E1,-2.502993774E1
2.350560577E2,-1.361336422E1,-3.796751404E1,-2.483311462E1
2.350762237E2,-1.261383438E1,-3.812321472E1,-2.513027191E1
2.350963887E2,-1.102559280E1,-3.809756470E1,-2.509581757E1
2.351165547E2,-1.028100204E1,-3.783863831E1,-2.619432068E1
2.351367197E2,-9.480442047E0,-3.703674698E1,-2.738189697E1
2.351568857E2,-8.512924194E0,-3.596642303E1,-2.893730927E1
2.351770507E2,-7.300386906E0,-3.481652069E1,-3.049770355E1
2.351972167E2,-6.244110107E0,-3.389000702E1,-3.199169159E1
2.352173817E2,-5.199483395E0,-3.240761948E1,-3.412366486E1
2.352375477E2,-3.778853416E0,-3.047547531E1,-3.600182343E1
2.352577127E2,-2.349292755E0,-2.851861000E1,-3.791816711E1
2.352778787E2,-1.418530464E0,-2.611580086E1,-3.979398346E1
2.352980437E2,-1.355860710E0,-2.328119850E1,-4.159831238E1
2.353182097E2,-2.306077003E0,-2.021771240E1,-4.349766541E1
2.353383747E2,-3.675898552E0,-1.681412888E1,-4.486260223E1
2.353585407E2,-4.391564369E0,-1.377563477E1,-4.566387177E1
2.353787067E2,-4.402542114E0,-1.083443832E1,-4.668328094E1
2.353988717E2,-4.193795204E0,-8.365453720E0,-4.718742371E1
2.354190377E2,-3.957971573E0,-6.125597000E0,-4.750177765E1
2.354392027E2,-3.957953453E0,-4.504835129E0,-4.766054535E1
2.354593687E2,-4.138026237E0,-3.566360474E0,-4.763784027E1
2.354795337E2,-4.304210663E0,-2.592952728E0,-4.780120850E1
2.354996997E2,-4.551820755E0,-1.958408356E0,-4.805911255E1
2.355198647E2,-4.274383545E0,-1.466129303E0,-4.811506653E1
2.355400307E2,-3.751695633E0,-1.138040543E0,-4.804710388E1
2.355601957E2,-3.163000107E0,-1.108358383E0,-4.837995911E1
2.355803617E2,-2.817331314E0,-1.099952698E0,-4.848695374E1
2.356005267E2,-3.375063896E0,-1.340785980E0,-4.831460571E1
2.356206927E2,-3.626890182E0,-1.412326813E0,-4.836161041E1
2.356408577E2,-4.185145378E0,-1.406528473E0,-4.863134003E1
2.356610237E2,-4.640473366E0,-1.626195908E0,-4.843137360E1
2.356811887E2,-5.005322933E0,-1.848489761E0,-4.825831604E1
2.357013547E2,-5.402402878E0,-2.215236664E0,-4.838803101E1
2.357215197E2,-5.352735996E0,-2.958711624E0,-4.825052643E1
2.357416857E2,-5.476936340E0,-4.020566940E0,-4.797556305E1
2.357618517E2,-5.671261311E0,-5.448493958E0,-4.810549164E1
2.357820167E2,-6.015691280E0,-7.067844391E0,-4.767594147E1
2.358021827E2,-6.364368916E0,-9.193717957E0,-4.720260620E1
2.358223477E2,-6.291865826E0,-1.155232048E1,-4.668733978E1
2.358425137E2,-5.764818192E0,-1.385584068E1,-4.605520630E1
2.358626787E2,-5.549895763E0,-1.599721336E1,-4.539532471E1
2.358828447E2,-4.738835335E0,-1.873447418E1,-4.410576630E1
2.359030097E2,-4.191496849E0,-2.034175301E1,-4.320063782E1
2.359231757E2,-3.416161537E0,-2.181463051E1,-4.170587158E1
2.359433400E2,-2.197122574E0,-2.376839828E1,-4.000064087E1
2.359635060E2,-1.243649483E0,-2.613919830E1,-3.763506317E1
2.359836710E2,-1.913928986E-2,-2.826059723E1,-3.522946930E1
2.360038370E2,1.144659042E0,-2.977321625E1,-3.263774109E1
2.360240020E2,2.274326324E0,-3.074753571E1,-3.028485870E1
2.360441680E2,3.387880325E0,-3.163197517E1,-2.805633545E1
2.360643330E2,4.180316925E0,-3.251324844E1,-2.579414368E1
2.360844990E2,4.879570961E0,-3.347829437E1,-2.353455353E1
2.361046640E2,5.329560280E0,-3.406760788E1,-2.182935333E1
2.361248300E2,5.776683807E0,-3.462571716E1,-1.972057343E1
2.361449960E2,6.528382301E0,-3.519611359E1,-1.822195435E1
2.361651610E2,6.985475540E0,-3.530270004E1,-1.684207916E1
2.361853270E2,8.012950897E0,-3.554645538E1,-1.552300262E1
2.362054920E2,8.999750137E0,-3.555125427E1,-1.440106201E1
2.362256580E2,9.808223724E0,-3.540427399E1,-1.317677307E1
2.362458230E2,1.067736244E1,-3.515904999E1,-1.247956085E1
2.362659890E2,1.178685379E1,-3.488382339E1,-1.225763702E1
2.362861540E2,1.262530518E1,-3.426628494E1,-1.227677155E1
2.363063200E2,1.327111053E1,-3.367393494E1,-1.247747803E1
2.363264850E2,1.398690414E1,-3.317651367E1,-1.267562103E1
2.363466510E2,1.481914043E1,-3.248482513E1,-1.316442871E1
2.363668160E2,1.536507511E1,-3.164710045E1,-1.414049530E1
2.363869820E2,1.587515163E1,-3.082974243E1,-1.531802368E1
2.364071470E2,1.636114502E1,-2.976322937E1,-1.657745361E1
2.364273130E2,1.672564697E1,-2.876270103E1,-1.769196320E1
2.364474780E2,1.743532562E1,-2.741224480E1,-1.902890778E1
2.364676440E2,1.790407181E1,-2.631830025E1,-2.043284607E1
2.364878100E2,1.833395004E1,-2.488816643E1,-2.190158844E1
2.365079750E2,1.873511887E1,-2.332004929E1,-2.330939484E1
2.365281410E2,1.930618286E1,-2.185081482E1,-2.480380249E1
2.365483060E2,1.956492424E1,-2.028830338E1,-2.663030243E1
2.365684720E2,1.949048615E1,-1.864463997E1,-2.810802460E1
2.365886370E2,1.912028885E1,-1.685266495E1,-3.002039337E1
2.366088030E2,1.866505432E1,-1.508719063E1,-3.175233459E1
2.366289680E2,1.854245377E1,-1.341394615E1,-3.336286926E1
2.366491340E2,1.875828171E1,-1.162256050E1,-3.432019806E1
2.366692990E2,1.933141899E1,-1.013369942E1,-3.462989044E1
2.366894650E2,2.013287735E1,-8.531688690E0,-3.491883850E1
2.367096300E2,2.059635544E1,-7.811370850E0,-3.515487671E1
2.367297960E2,2.089262390E1,-7.341545105E0,-3.512236786E1
2.367499610E2,2.119706345E1,-6.886722565E0,-3.489553070E1
2.367701270E2,2.175449371E1,-6.743041992E0,-3.502457428E1
2.367902920E2,2.194001770E1,-6.803771973E0,-3.440637207E1
2.368104580E2,2.208863831E1,-6.977554321E0,-3.480783081E1
2.368306240E2,2.176267242E1,-7.230636597E0,-3.447393799E1
2.368507890E2,2.190018845E1,-7.495977402E0,-3.447142029E1
2.368709550E2,2.185934067E1,-8.129512787E0,-3.409027100E1
2.368911200E2,2.213719940E1,-8.726867676E0,-3.370439148E1
2.369112860E2,2.235701752E1,-9.225715637E0,-3.311846924E1
2.369314513E2,2.224462700E1,-9.919612885E0,-3.275871277E1
2.369516173E2,2.219537163E1,-1.070503044E1,-3.244987488E1
2.369717823E2,2.202140808E1,-1.144432640E1,-3.146668243E1
2.369919483E2,2.227078629E1,-1.217887878E1,-3.095668793E1
2.370121133E2,2.263682175E1,-1.279173088E1,-2.996276093E1
2.370322793E2,2.323897552E1,-1.307875252E1,-2.874340057E1
2.370524443E2,2.355595398E1,-1.344319344E1,-2.782175446E1
2.370726103E2,2.403325653E1,-1.338003731E1,-2.682965851E1
2.370927753E2,2.456883621E1,-1.321259880E1,-2.595920563E1
2.371129413E2,2.498004150E1,-1.265963364E1,-2.490668488E1
2.371331063E2,2.558927155E1,-1.217240906E1,-2.395825958E1
2.371532723E2,2.594910812E1,-1.165417099E1,-2.293708038E1
2.371734383E2,2.626904678E1,-1.098394775E1,-2.220404816E1
2.371936033E2,2.643772507E1,-1.034272194E1,-2.146346283E1
2.372137693E2,2.672781563E1,-9.605983734E0,-2.047396851E1
2.372339343E2,2.678273201E1,-8.913459778E0,-1.995236206E1
2.372541003E2,2.657948875E1,-8.088003159E0,-1.967916870E1
2.372742653E2,2.670963669E1,-7.018022537E0,-1.881543732E1
2.372944313E2,2.657327271E1,-6.059597015E0,-1.796292114E1
2.373145963E2,2.687609482E1,-5.598447800E0,-1.686769867E1
2.373347623E2,2.694189453E1,-4.971811295E0,-1.541587067E1
2.373549273E2,2.691590118E1,-4.392339706E0,-1.383866882E1
2.373750933E2,2.678836632E1,-3.850008011E0,-1.258880615E1
2.373952583E2,2.682110977E1,-3.250679016E0,-1.158181763E1
2.374154243E2,2.660030746E1,-2.775323868E0,-1.098139191E1
2.374355893E2,2.637894058E1,-2.074926376E0,-1.022433472E1
2.374557553E2,2.636816597E1,-1.835437775E0,-9.451560974E0
2.374759203E2,2.624266052E1,-1.413742065E0,-8.936492920E0
2.374960863E2,2.599402237E1,-7.746868134E-1,-8.629615784E0
2.375162523E2,2.580516243E1,-4.743309021E-1,-8.169731140E0
2.375364173E2,2.564807129E1,-4.403533936E-1,-7.947021484E0
2.375565833E2,2.544078255E1,-1.891765594E-1,-7.758529663E0
2.375767483E2,2.525172043E1,2.220916748E-2,-7.842575073E0
2.375969143E2,2.488868332E1,7.545089722E-2,-8.040184021E0
2.376170793E2,2.449929047E1,5.054283142E-1,-8.066314697E0
2.376372453E2,2.429325104E1,4.698505402E-1,-8.327514648E0
2.376574103E2,2.408541870E1,3.192615509E-1,-8.601913452E0
2.376775763E2,2.364785004E1,8.580036163E-1,-9.291694641E0
2.376977413E2,2.338275146E1,1.516214371E0,-9.563865662E0
2.377179073E2,2.306235123E1,1.762548447E0,-1.002476501E1
2.377380723E2,2.301407433E1,2.146617889E0,-1.037728119E1
2.377582383E2,2.271189308E1,2.517963409E0,-1.052418518E1
2.377784033E2,2.248738480E1,3.047620773E0,-1.072848511E1
2.377985693E2,2.231901932E1,3.461597443E0,-1.058541107E1
2.378187353E2,2.224174118E1,3.898012161E0,-1.049578857E1
2.378389003E2,2.218899155E1,4.092576981E0,-1.021617126E1
2.378590663E2,2.227674103E1,4.459394455E0,-1.027501678E1
2.378792313E2,2.210729599E1,4.709249496E0,-1.089377594E1
2.378993973E2,2.158862305E1,4.793067932E0,-1.143783569E1
2.379195623E2,2.117232895E1,4.897306442E0,-1.206991577E1
2.379397281E2,2.081340408E1,5.290874481E0,-1.267969513E1
2.379598931E2,2.051405334E1,5.470290184E0,-1.313935089E1
2.379800591E2,2.078543472E1,5.956007004E0,-1.320616913E1
2.380002241E2,2.055717850E1,5.963406563E0,-1.278128815E1
2.380203901E2,2.044926071E1,6.365926743E0,-1.242935944E1
2.380405551E2,2.050477409E1,6.727424622E0,-1.248194122E1
2.380607211E2,2.038148880E1,7.094483376E0,-1.218763733E1
2.380808861E2,2.064041519E1,7.501999855E0,-1.173577881E1
2.381010521E2,2.044973755E1,7.598079681E0,-1.131375885E1
2.381212181E2,2.046908188E1,7.783166885E0,-1.127189636E1
2.381413831E2,2.033370590E1,8.016678810E0,-1.096931458E1
2.381615491E2,2.041005325E1,8.180173874E0,-1.093485260E1
2.381817141E2,2.041903877E1,8.405093193E0,-1.025881195E1
2.382018801E2,2.034752274E1,8.723004341E0,-9.774719238E0
2.382220451E2,2.014510727E1,8.980109215E0,-9.689430237E0
2.382422111E2,2.010141945E1,9.092561722E0,-9.487510681E0
2.382623761E2,1.999657822E1,9.247900963E0,-9.192741394E0
2.382825421E2,2.006650925E1,9.430868149E0,-8.823974609E0
2.383027071E2,2.005614853E1,9.338726997E0,-8.782165527E0
2.383228731E2,1.984472466E1,9.349963188E0,-8.399177551E0
2.383430381E2,2.002636337E1,9.359515190E0,-8.417762756E0
2.383632041E2,1.985768700E1,9.416524887E0,-8.474433899E0
2.383833701E2,1.970425415E1,9.548407555E0,-8.483161926E0
2.384035351E2,1.951275826E1,9.467559814E0,-8.523437500E0
2.384237011E2,1.934519958E1,9.550936699E0,-8.833862305E0
2.384438661E2,1.939450264E1,9.659662247E0,-8.673377991E0
2.384640321E2,1.904180908E1,9.488935471E0,-9.160560608E0
2.384841971E2,1.871397591E1,9.198834419E0,-9.681785583E0
2.385043631E2,1.842800140E1,9.199406624E0,-1.020912933E1
2.385245281E2,1.813265800E1,9.159206390E0,-1.090834045E1
2.385446941E2,1.801399803E1,8.981772423E0,-1.107332611E1
2.385648591E2,1.771961594E1,8.958455086E0,-1.118073273E1
2.385850251E2,1.760083771E1,9.135337830E0,-1.140148926E1
2.386051901E2,1.755734825E1,9.371775627E0,-1.110263824E1
2.386253561E2,1.768276215E1,9.682437897E0,-1.100571442E1
2.386455221E2,1.769465637E1,1.010657692E1,-1.059512329E1
2.386656871E2,1.779281998E1,1.053195477E1,-1.005555725E1
2.386858531E2,1.799514008E1,1.093229198E1,-9.409744263E0
2.387060181E2,1.819618988E1,1.128066826E1,-8.871421814E0
2.387261841E2,1.813568115E1,1.171687317E1,-8.196022034E0
2.387463491E2,1.843518829E1,1.223412704E1,-7.744949341E0
2.387665151E2,1.840251160E1,1.258555794E1,-7.020309448E0
2.387866801E2,1.845348930E1,1.279974365E1,-6.339042664E0
2.388068461E2,1.833196449E1,1.330594730E1,-5.926277161E0
2.388270111E2,1.845005608E1,1.350731945E1,-5.295433044E0
2.388471771E2,1.835284042E1,1.394718933E1,-4.898330688E0
2.388673421E2,1.845788956E1,1.414996815E1,-4.306335449E0
2.388875081E2,1.843499947E1,1.422178459E1,-3.827659607E0
2.389076731E2,1.845911026E1,1.436293030E1,-3.594993591E0
2.389278391E2,1.860548973E1,1.443206215E1,-3.492881775E0
2.389480060E2,1.838751602E1,1.464874458E1,-3.153846741E0
2.389681710E2,1.861316299E1,1.463579559E1,-3.264045715E0
2.389883370E2,1.866263962E1,1.470364857E1,-3.164009094E0
2.390085020E2,1.867925644E1,1.449074650E1,-2.966766357E0
2.390286680E2,1.903950500E1,1.457837772E1,-2.583404541E0
2.390488330E2,1.901856995E1,1.482898903E1,-2.623313904E0
2.390689990E2,1.916545486E1,1.485038662E1,-2.696144104E0
2.390891640E2,1.926600647E1,1.470950508E1,-2.352287292E0
2.391093300E2,1.946873093E1,1.476089096E1,-1.798530579E0
2.391294950E2,1.954357147E1,1.459640121E1,-1.569709778E0
2.391496610E2,1.961818695E1,1.458274841E1,-1.219306946E0
2.391698260E2,1.974692917E1,1.450422668E1,-9.587478638E-1
2.391899920E2,1.992729568E1,1.448574162E1,-9.096603394E-1
2.392101580E2,2.050981140E1,1.450168419E1,-5.939254761E-1
2.392303230E2,2.078224182E1,1.437188148E1,-2.849960327E-1
2.392504890E2,2.096105957E1,1.437440681E1,-2.659912109E-1
2.392706540E2,2.137760925E1,1.389620495E1,-4.941406250E-1
2.392908200E2,2.182416534E1,1.368824005E1,-7.076416016E-1
2.393109850E2,2.247650528E1,1.362874031E1,-7.321395874E-1
2.393311510E2,2.269817734E1,1.366138840E1,-9.416809082E-1
2.393513160E2,2.312232590E1,1.342739391E1,-1.321090698E0
2.393714820E2,2.339344025E1,1.337668991E1,-1.573509216E0
2.393916470E2,2.378063583E1,1.369336510E1,-1.983680725E0
2.394118130E2,2.413330460E1,1.373099327E1,-1.892097473E0
2.394319780E2,2.445861053E1,1.393998623E1,-1.666481018E0
2.394521440E2,2.460578537E1,1.425462532E1,-1.505325317E0
2.394723100E2,2.485755157E1,1.471380424E1,-1.315750122E0
2.394924750E2,2.484523582E1,1.492571449E1,-1.022399902E0
2.395126410E2,2.517405510E1,1.515193176E1,-1.187461853E0
2.395328060E2,2.532287979E1,1.534834862E1,-1.238883972E0
2.395529720E2,2.540221786E1,1.549961472E1,-1.050712585E0
2.395731370E2,2.546826935E1,1.559153557E1,-1.021949768E0
2.395933030E2,2.549703598E1,1.569147301E1,-6.419830322E-1
2.396134680E2,2.563022614E1,1.576678085E1,-5.810012817E-1
2.396336340E2,2.563099289E1,1.583406925E1,-1.368484497E-1
2.396537990E2,2.540043831E1,1.582161713E1,2.672729492E-1
2.396739650E2,2.517406654E1,1.585945702E1,4.569320679E-1
2.396941310E2,2.491778183E1,1.598130417E1,1.426437378E0
2.397142960E2,2.459063721E1,1.607811356E1,2.345306396E0
2.397344620E2,2.432582474E1,1.604265213E1,3.145286560E0
2.397546270E2,2.382685280E1,1.577130318E1,4.115722656E0
2.397747930E2,2.339240646E1,1.559288597E1,5.280883789E0
2.397949580E2,2.297725677E1,1.511665154E1,6.176918030E0
2.398151240E2,2.292584610E1,1.458858681E1,7.199661255E0
2.398352890E2,2.286442566E1,1.390670967E1,8.005638123E0
2.398554550E2,2.275922775E1,1.325397205E1,8.524032593E0
2.398756200E2,2.254369354E1,1.219605446E1,9.416450500E0
2.398957860E2,2.236398697E1,1.129287052E1,9.928176880E0
2.399159520E2,2.223909378E1,1.035866737E1,1.040303040E1
2.399361165E2,2.227374649E1,9.652286530E0,1.084403992E1
2.399562825E2,2.207748795E1,9.101633072E0,1.147389221E1
2.399764475E2,2.215210724E1,8.829060555E0,1.194747162E1
2.399966135E2,2.183724976E1,8.579464912E0,1.230564117E1
2.400167785E2,2.147929382E1,8.394259453E0,1.257303619E1
2.400369445E2,2.143310547E1,8.196701050E0,1.303703308E1
2.400571095E2,2.162786484E1,7.881340981E0,1.310517120E1
2.400772755E2,2.178807449E1,7.772113800E0,1.358005524E1
2.400974405E2,2.188905907E1,7.685086250E0,1.360057831E1
2.401176065E2,2.205790520E1,7.939339638E0,1.395283508E1
2.401377725E2,2.198470879E1,8.588345528E0,1.444042969E1
2.401579375E2,2.201259995E1,8.966798782E0,1.428529358E1
2.401781035E2,2.205242538E1,1.020465946E1,1.433172607E1
2.401982685E2,2.210099411E1,1.087194061E1,1.432192993E1
2.402184345E2,2.198835373E1,1.182212639E1,1.432331848E1
2.402385995E2,2.195699692E1,1.227972889E1,1.430863190E1
2.402587655E2,2.188032532E1,1.308001995E1,1.425614166E1
2.402789305E2,2.192784882E1,1.394379997E1,1.445514679E1
2.402990965E2,2.165587616E1,1.486537361E1,1.443346405E1
2.403192615E2,2.166635895E1,1.577866650E1,1.405743408E1
2.403394275E2,2.165431595E1,1.658287811E1,1.408283234E1
2.403595925E2,2.134541321E1,1.751186943E1,1.379191589E1
2.403797585E2,2.118939018E1,1.852690887E1,1.333552551E1
2.403999245E2,2.096069908E1,1.930728722E1,1.294933319E1
2.404200895E2,2.084998322E1,1.993271255E1,1.227033234E1
2.404402555E2,2.055494690E1,2.074384689E1,1.158386993E1
2.404604205E2,2.052257156E1,2.105785370E1,1.086222839E1
2.404805865E2,2.073528671E1,2.161953163E1,1.026946259E1
2.405007515E2,2.079310989E1,2.170357513E1,9.868865967E0
2.405209175E2,2.099898720E1,2.210832596E1,8.790481567E0
2.405410825E2,2.110755348E1,2.206623650E1,7.739547729E0
2.405612485E2,2.119427872E1,2.242226410E1,6.812873840E0
2.405814145E2,2.129748154E1,2.246376419E1,6.129234314E0
2.406015795E2,2.144997787E1,2.252363014E1,5.403556824E0
2.406217455E2,2.179249954E1,2.246077728E1,5.083053589E0
2.406419105E2,2.156695938E1,2.232478333E1,4.875686646E0
2.406620765E2,2.164774323E1,2.238484955E1,4.947608948E0
2.406822415E2,2.148455429E1,2.222288513E1,5.579704285E0
2.407024075E2,2.152179337E1,2.214161301E1,6.461708069E0
2.407225725E2,2.127036285E1,2.184344864E1,7.712203979E0
2.407427385E2,2.119612312E1,2.166272545E1,8.991737366E0
2.407629035E2,2.114496231E1,2.124768066E1,1.011800385E1
2.407830695E2,2.092217255E1,2.044475174E1,1.162272644E1
2.408032355E2,2.085118866E1,1.974051476E1,1.323721313E1
2.408234005E2,2.097375107E1,1.892538643E1,1.430883026E1
2.408435665E2,2.104313278E1,1.799351311E1,1.568411255E1
2.408637315E2,2.134351349E1,1.706103134E1,1.657604980E1
2.408838975E2,2.149948502E1,1.582963276E1,1.782610321E1
2.409040625E2,2.140798759E1,1.487056351E1,1.891730499E1
2.409242285E2,2.099868584E1,1.424811554E1,2.014222717E1
2.409443935E2,2.061809158E1,1.396391773E1,2.098397827E1
2.409645595E2,1.982709694E1,1.356123829E1,2.185989380E1
2.409847245E2,1.933947754E1,1.340014458E1,2.235684967E1
2.410048905E2,1.955703735E1,1.295911312E1,2.254789734E1
2.410250565E2,1.986237717E1,1.243544197E1,2.250628662E1
2.410452215E2,2.060329819E1,1.217353249E1,2.266401672E1
2.410653875E2,2.108709335E1,1.155857849E1,2.254713440E1
2.410855525E2,2.127353668E1,1.122279358E1,2.227687073E1
2.411057185E2,2.187952805E1,1.103045654E1,2.167195892E1
2.411258835E2,2.258394051E1,1.076433563E1,2.083114624E1
2.411460495E2,2.311664009E1,1.082062244E1,2.050447083E1
2.411662145E2,2.331998825E1,1.028402233E1,2.020204163E1
2.411863805E2,2.355242538E1,1.023149681E1,1.974831390E1
2.412065465E2,2.387701797E1,9.929147720E0,1.933876801E1
2.412267115E2,2.440375519E1,9.780813217E0,1.894292450E1
2.412468775E2,2.472557831E1,9.597182274E0,1.857555389E1
2.412670425E2,2.478453445E1,9.771203041E0,1.839707184E1
2.412872085E2,2.458164978E1,9.910678864E0,1.814897919E1
2.413073735E2,2.483036613E1,1.014183998E1,1.810553741E1
2.413275395E2,2.477972221E1,1.039626980E1,1.808428955E1
2.413477045E2,2.463806343E1,1.056642151E1,1.805084991E1
2.413678705E2,2.468912315E1,1.085700130E1,1.777159882E1
2.413880365E2,2.460606003E1,1.128151131E1,1.728407288E1
2.414082015E2,2.459420013E1,1.219290161E1,1.633734131E1
2.414283675E2,2.435434341E1,1.361928654E1,1.536335754E1
2.414485325E2,2.389910126E1,1.490932560E1,1.468340302E1
2.414686985E2,2.353497124E1,1.619568253E1,1.390741730E1
2.414888635E2,2.272948074E1,1.789959335E1,1.309564209E1
2.415090295E2,2.251456833E1,1.895431328E1,1.244162750E1
2.415291945E2,2.211486626E1,1.979814529E1,1.187017059E1
2.415493605E2,2.173788071E1,2.079209900E1,1.087854004E1
2.415695265E2,2.139658356E1,2.163877487E1,1.006760406E1
2.415896915E2,2.125909805E1,2.225073624E1,9.310440063E0
2.416098575E2,2.159317780E1,2.293987656E1,8.599906921E0
2.416300225E2,2.115589142E1,2.324609756E1,7.464714050E0
2.416501885E2,2.119480515E1,2.365633392E1,6.896972656E0
2.416703535E2,2.088872147E1,2.418567657E1,5.827301025E0
2.416905195E2,2.061603546E1,2.471661949E1,4.946144104E0
2.417106845E2,2.060617065E1,2.506031418E1,4.693992615E0
2.417308505E2,2.024816513E1,2.523884583E1,4.199951172E0
2.417510165E2,1.998228836E1,2.541949844E1,3.854614258E0
2.417711815E2,1.977518463E1,2.561680031E1,3.838752747E0
2.417913475E2,1.946751785E1,2.581668472E1,4.102165222E0
2.418115125E2,1.931254387E1,2.608120728E1,4.417114258E0
2.418316785E2,1.879324532E1,2.596403885E1,4.903572083E0
2.418518435E2,1.840239716E1,2.604140854E1,6.163230896E0
2.418720095E2,1.783674622E1,2.593541145E1,7.121063232E0
2.418921745E2,1.738137054E1,2.576745415E1,8.720252991E0
2.419123405E2,1.705892181E1,2.566315079E1,1.023119354E1
2.419325065E2,1.700515747E1,2.497963142E1,1.167662048E1
2.419526711E2,1.711385345E1,2.430701828E1,1.308605194E1
2.419728371E2,1.751461029E1,2.315618134E1,1.480907440E1
2.419930021E2,1.804080200E1,2.177846527E1,1.614505005E1
2.420131681E2,1.874958420E1,2.051572800E1,1.748638916E1
2.420333331E2,1.915736580E1,1.898924637E1,1.903610992E1
2.420534991E2,1.976452255E1,1.779263115E1,1.977361298E1
2.420736641E2,2.014425087E1,1.646981049E1,2.063624573E1
2.420938301E2,2.055479622E1,1.519676971E1,2.119051361E1
2.421139961E2,2.090170288E1,1.425767708E1,2.156887817E1
2.421341611E2,2.105481339E1,1.384588814E1,2.217551422E1
2.421543271E2,2.112446594E1,1.344896317E1,2.242800140E1
2.421744921E2,2.138180161E1,1.330153275E1,2.213642120E1
2.421946581E2,2.202075958E1,1.316024685E1,2.184719086E1
2.422148231E2,2.245846558E1,1.297800827E1,2.134654236E1
2.422349891E2,2.275842667E1,1.294809151E1,2.106709290E1
2.422551551E2,2.310040665E1,1.306718254E1,2.099137878E1
2.422753201E2,2.324239349E1,1.304887390E1,2.086290741E1
2.422954861E2,2.338225174E1,1.250557423E1,2.087564850E1
2.423156511E2,2.329136658E1,1.229368019E1,2.124027252E1
2.423358171E2,2.324657822E1,1.153325748E1,2.145155334E1
2.423559821E2,2.343557358E1,1.107516670E1,2.148284912E1
2.423761481E2,2.382025528E1,1.101239300E1,2.128790283E1
2.423963131E2,2.392330933E1,1.114622307E1,2.081487274E1
2.424164791E2,2.405173874E1,1.157899857E1,2.050103760E1
2.424366451E2,2.393782806E1,1.191801834E1,2.019937897E1
2.424568101E2,2.382946396E1,1.253745747E1,1.955223083E1
2.424769761E2,2.409036636E1,1.339787865E1,1.915019989E1
2.424971411E2,2.416178131E1,1.414890194E1,1.853164673E1
2.425173071E2,2.431452560E1,1.475246048E1,1.799276733E1
2.425374721E2,2.419569588E1,1.539448452E1,1.706830597E1
2.425576381E2,2.424504852E1,1.615987396E1,1.681982422E1
2.425778041E2,2.426444244E1,1.708716583E1,1.616927338E1
2.425979691E2,2.399486923E1,1.819777679E1,1.547078705E1
2.426181351E2,2.360834503E1,1.927007294E1,1.461614227E1
2.426383001E2,2.337501907E1,2.028890991E1,1.344499207E1
2.426584661E2,2.297266769E1,2.148111916E1,1.246490479E1
2.426786311E2,2.272346115E1,2.242138481E1,1.149528503E1
2.426987971E2,2.263097191E1,2.348306084E1,1.038637543E1
2.427189631E2,2.225669861E1,2.432934570E1,9.038757324E0
2.427391281E2,2.187443352E1,2.514430428E1,7.828491211E0
2.427592941E2,2.149584770E1,2.586032104E1,6.914817810E0
2.427794591E2,2.133975220E1,2.670123482E1,5.933258057E0
2.427996251E2,2.082198334E1,2.708128738E1,5.228805542E0
2.428197901E2,2.031916809E1,2.763461113E1,4.396453857E0
2.428399561E2,2.006616974E1,2.807657623E1,3.823219299E0
2.428601221E2,1.945620346E1,2.841413498E1,3.528930664E0
2.428802871E2,1.897224617E1,2.868976974E1,3.628601074E0
2.429004531E2,1.903051376E1,2.897517776E1,4.028053284E0
2.429206181E2,1.847266388E1,2.897768211E1,4.309471130E0
2.429407841E2,1.793552017E1,2.916355896E1,4.770858765E0
2.429609491E2,1.727962112E1,2.937618828E1,6.096923828E0
2.429811151E2,1.710774612E1,2.901216125E1,7.386375427E0
2.430012811E2,1.679270744E1,2.886196899E1,8.814361572E0
2.430214461E2,1.635360336E1,2.861325836E1,1.041731262E1
2.430416121E2,1.585432243E1,2.808345032E1,1.216977692E1
2.430617771E2,1.567587090E1,2.725112152E1,1.410269165E1
2.430819431E2,1.560512638E1,2.656645584E1,1.559686279E1
2.431021081E2,1.610493088E1,2.493232155E1,1.750467682E1
2.431222741E2,1.637446785E1,2.414251709E1,1.875851440E1
2.431424401E2,1.667102432E1,2.344866943E1,1.998161316E1
2.431626051E2,1.678190613E1,2.259049797E1,2.070602417E1
2.431827711E2,1.677135658E1,2.199474335E1,2.132935333E1
2.432029361E2,1.683878708E1,2.159947968E1,2.210388184E1
2.432231021E2,1.671474457E1,2.123694420E1,2.274208832E1
2.432432671E2,1.729184341E1,2.102617073E1,2.294803619E1
2.432634331E2,1.752951241E1,2.067815018E1,2.331827545E1
2.432835991E2,1.788258362E1,2.003971481E1,2.344129181E1
2.433037641E2,1.855605698E1,1.960727692E1,2.334626770E1
2.433239301E2,1.906771278E1,1.908128548E1,2.310705566E1
2.433440951E2,1.985838127E1,1.872154999E1,2.323678589E1
2.433642611E2,2.065537834E1,1.806952858E1,2.320182800E1
2.433844261E2,2.096889496E1,1.759629631E1,2.323933411E1
2.434045921E2,2.134342194E1,1.705259895E1,2.324508667E1
2.434247581E2,2.165645409E1,1.656449509E1,2.323426056E1
2.434449231E2,2.195511436E1,1.610952759E1,2.323415375E1
2.434650891E2,2.217276192E1,1.560766888E1,2.320283508E1
2.434852541E2,2.231360817E1,1.513695812E1,2.300584412E1
2.435054201E2,2.239845085E1,1.503902245E1,2.293616486E1
2.435255861E2,2.255512810E1,1.509257221E1,2.298268127E1
2.435457511E2,2.266028023E1,1.509558582E1,2.291957855E1
2.435659171E2,2.288366508E1,1.540235710E1,2.276928711E1
2.435860821E2,2.269248772E1,1.553163910E1,2.241426849E1
2.436062481E2,2.263016510E1,1.560877228E1,2.194727325E1
2.436264131E2,2.275602722E1,1.577407742E1,2.175296021E1
2.436465791E2,2.280358124E1,1.571797657E1,2.189017487E1
2.436667451E2,2.279570770E1,1.542200851E1,2.257455444E1
2.436869101E2,2.247124481E1,1.518576241E1,2.302709198E1
2.437070761E2,2.225250816E1,1.502763081E1,2.333127594E1
2.437272411E2,2.246222878E1,1.503610516E1,2.306665802E1
2.437474071E2,2.285219002E1,1.533562756E1,2.279336548E1
2.437675731E2,2.295647621E1,1.597863865E1,2.245298004E1
2.437877381E2,2.288282585E1,1.692901611E1,2.203902435E1
2.438079041E2,2.268267059E1,1.805576324E1,2.137348938E1
2.438280691E2,2.264724350E1,1.936378098E1,2.040168762E1
2.438482351E2,2.260339165E1,2.091918564E1,1.883719635E1
2.438684011E2,2.242985535E1,2.252885437E1,1.707841492E1
2.438885661E2,2.292570877E1,2.378796959E1,1.511496735E1
2.439087321E2,2.293422699E1,2.555370712E1,1.206303406E1
2.439288971E2,2.294860077E1,2.643116951E1,1.005002594E1
2.439490637E2,2.304648781E1,2.708112717E1,8.122306824E0
2.439692297E2,2.310837173E1,2.764559937E1,6.112007141E0
2.439893947E2,2.323604965E1,2.784643936E1,4.572975159E0
2.440095607E2,2.331407547E1,2.834023285E1,3.481651306E0
2.440297257E2,2.289657593E1,2.818127441E1,2.444847107E0
2.440498917E2,2.277182770E1,2.862402725E1,1.660453796E0
2.440700577E2,2.257853699E1,2.872225189E1,9.658050537E-1
2.440902227E2,2.238766861E1,2.894134903E1,2.603149414E-1
2.441103887E2,2.232484055E1,2.899978447E1,7.545471191E-2
2.441305547E2,2.197547913E1,2.915722656E1,9.813690186E-2
2.441507197E2,2.177434921E1,2.933492851E1,7.284927368E-1
2.441708857E2,2.144286728E1,2.937443542E1,1.576797485E0
2.441910507E2,2.112079620E1,2.963736343E1,2.961120605E0
2.442112167E2,2.085351944E1,2.960496902E1,4.423728943E0
2.442313827E2,2.021647072E1,2.964093399E1,6.666885376E0
2.442515477E2,1.980490112E1,2.925615311E1,8.984535217E0
2.442717137E2,1.938448334E1,2.873904037E1,1.170935059E1
2.442918797E2,1.878565216E1,2.788848305E1,1.439134216E1
2.443120447E2,1.860874367E1,2.667759895E1,1.725955963E1
2.443322107E2,1.828274727E1,2.511365509E1,1.972283936E1
2.443523757E2,1.836104012E1,2.334953308E1,2.188881683E1
2.443725417E2,1.817657852E1,2.196632195E1,2.343927765E1
2.443927077E2,1.791880608E1,2.089274597E1,2.490431976E1
2.444128727E2,1.747360611E1,1.964577293E1,2.633795166E1
2.444330387E2,1.698532486E1,1.865693665E1,2.760241699E1
2.444532047E2,1.656306839E1,1.780972862E1,2.855498505E1
2.444733697E2,1.652129745E1,1.684490585E1,2.907128906E1
2.444935357E2,1.649670601E1,1.572319031E1,2.986824799E1
2.445137007E2,1.643767929E1,1.464846039E1,3.101399231E1
2.445338667E2,1.634774780E1,1.385519981E1,3.113228607E1
2.445540327E2,1.673188400E1,1.315082359E1,3.165245056E1
2.445741977E2,1.718178177E1,1.225213623E1,3.179469299E1
2.445943637E2,1.772520828E1,1.122267723E1,3.189602661E1
2.446145297E2,1.827197075E1,1.027843571E1,3.199340820E1
2.446346947E2,1.869525146E1,9.231041908E0,3.214949036E1
2.446548607E2,1.903876877E1,8.336930275E0,3.214351654E1
2.446750257E2,1.952563858E1,7.688809395E0,3.185133362E1
2.446951917E2,2.005328941E1,7.271187782E0,3.162997437E1
2.447153577E2,2.101954079E1,6.710888863E0,3.129463959E1
2.447355227E2,2.141299438E1,6.726026535E0,3.093555450E1
2.447556887E2,2.174982071E1,7.127731323E0,3.041685486E1
2.447758547E2,2.186844635E1,8.037899017E0,2.999523926E1
2.447960197E2,2.163867569E1,8.948000908E0,3.012963104E1
2.448161857E2,2.127293968E1,1.000807571E1,2.965065765E1
2.448363517E2,2.106137466E1,1.122576714E1,2.918717194E1
2.448565167E2,2.067649078E1,1.249869156E1,2.915564728E1
2.448766827E2,2.040050125E1,1.366812992E1,2.900116730E1
2.448968477E2,2.029904556E1,1.544098377E1,2.833985901E1
2.449170137E2,1.998693085E1,1.724935722E1,2.740489197E1
2.449371797E2,1.968953514E1,1.905484390E1,2.611721039E1
2.449573447E2,1.965446472E1,2.095270538E1,2.482937622E1
2.449775107E2,1.980346680E1,2.324363327E1,2.305903625E1
2.449976767E2,1.941960907E1,2.488802719E1,2.110968018E1
2.450178417E2,1.920273399E1,2.682588196E1,1.900371552E1
2.450380077E2,1.928721619E1,2.822127151E1,1.652267456E1
2.450581737E2,1.939632034E1,2.940533447E1,1.427108002E1
2.450783387E2,1.971684265E1,3.085239029E1,1.198670959E1
2.450985047E2,1.965589523E1,3.152309799E1,9.675544739E0
2.451186707E2,1.956907845E1,3.229664230E1,7.066757202E0
2.451388357E2,1.938651466E1,3.274180222E1,5.205070496E0
2.451590017E2,1.921207619E1,3.307645798E1,3.031227112E0
2.451791667E2,1.895432091E1,3.347790909E1,1.504745483E0
2.451993327E2,1.852720451E1,3.375447083E1,2.137069702E-1
2.452194987E2,1.804404259E1,3.396409607E1,-1.183799744E0
2.452396637E2,1.748041534E1,3.424401855E1,-2.533187866E0
2.452598297E2,1.708187103E1,3.446189880E1,-3.111572266E0
2.452799957E2,1.654108047E1,3.465675354E1,-3.163604736E0
2.453001607E2,1.602252197E1,3.495197296E1,-3.413299561E0
2.453203267E2,1.546430111E1,3.528133392E1,-2.847175598E0
2.453404927E2,1.459362316E1,3.565242386E1,-2.294830322E0
2.453606577E2,1.411054611E1,3.580821228E1,-4.054412842E-1
2.453808237E2,1.336889172E1,3.612995529E1,1.666488647E0
2.454009897E2,1.280732441E1,3.618591309E1,3.893280029E0
2.454211547E2,1.256863594E1,3.590090942E1,6.018402100E0
2.454413207E2,1.200566578E1,3.534147263E1,8.438888550E0
2.454614857E2,1.187486935E1,3.485951233E1,1.110902405E1
2.454816517E2,1.215939426E1,3.382530212E1,1.382718658E1
2.455018177E2,1.270793343E1,3.253059387E1,1.649661255E1
2.455219827E2,1.405723095E1,2.997734070E1,2.010182190E1
2.455421487E2,1.473987007E1,2.865499115E1,2.214589691E1
2.455623147E2,1.540602398E1,2.693487930E1,2.345640564E1
2.455824797E2,1.648640251E1,2.544609070E1,2.465512085E1
2.456026457E2,1.772103119E1,2.378728104E1,2.545635223E1
2.456228117E2,1.889260864E1,2.227724838E1,2.630603790E1
2.456429767E2,1.979673386E1,2.117926216E1,2.684570312E1
2.456631427E2,2.008255768E1,2.036283875E1,2.714721680E1
2.456833077E2,2.053922653E1,1.998316765E1,2.706961060E1
2.457034737E2,2.106420708E1,1.983549118E1,2.670768738E1
2.457236397E2,2.133206749E1,1.977526474E1,2.658338165E1
2.457438047E2,2.140410614E1,2.022766113E1,2.650591278E1
2.457639707E2,2.089802551E1,2.036599922E1,2.698472595E1
2.457841367E2,1.994459152E1,2.012881851E1,2.751961517E1
2.458043017E2,1.885135269E1,2.012145042E1,2.824292755E1
2.458244677E2,1.819708443E1,1.984448242E1,2.863355255E1
2.458446337E2,1.813714600E1,1.995389557E1,2.910147858E1
2.458647987E2,1.782307243E1,1.985856056E1,2.967102814E1
2.458849647E2,1.722374916E1,1.990400124E1,2.977555847E1
2.459051297E2,1.670148468E1,1.989328194E1,2.964134216E1
2.459252957E2,1.639478302E1,2.029270935E1,3.003065491E1
2.459454615E2,1.633309937E1,2.139781952E1,2.957483673E1
2.459656265E2,1.594285679E1,2.266049576E1,2.882368469E1
2.459857925E2,1.563510895E1,2.427642441E1,2.829701996E1
2.460059585E2,1.514286804E1,2.592055130E1,2.742298126E1
2.460261235E2,1.486473942E1,2.751422501E1,2.650923157E1
2.460462895E2,1.506848049E1,2.919053078E1,2.511302185E1
2.460664555E2,1.584870338E1,3.083945084E1,2.332584381E1
2.460866205E2,1.672713470E1,3.276979446E1,2.077523041E1
2.461067865E2,1.710681915E1,3.451187134E1,1.806671906E1
2.461269515E2,1.767690659E1,3.603849411E1,1.545972443E1
2.461471175E2,1.808024025E1,3.730289841E1,1.267214203E1
2.461672835E2,1.842984772E1,3.853672028E1,9.914840698E0
2.461874485E2,1.847093201E1,3.940167236E1,6.926727295E0
2.462076145E2,1.882601929E1,4.011183548E1,3.831489563E0
2.462277805E2,1.893349838E1,4.032164764E1,3.997192383E-1
2.462479455E2,1.909527588E1,4.025478363E1,-2.630340576E0
2.462681115E2,1.943177032E1,3.986375427E1,-5.021987915E0
2.462882775E2,1.958728790E1,3.959609222E1,-7.535331726E0
2.463084425E2,1.970047379E1,3.902472687E1,-9.205329895E0
2.463286085E2,1.989121628E1,3.837406540E1,-1.116862488E1
2.463487735E2,1.966318130E1,3.820083618E1,-1.194548035E1
2.463689395E2,1.965279388E1,3.816497421E1,-1.219016266E1
2.463891055E2,1.939150238E1,3.834812927E1,-1.166201019E1
2.464092705E2,1.944024658E1,3.868869781E1,-1.070082855E1
2.464294365E2,1.937025452E1,3.902641296E1,-9.419128418E0
2.464496025E2,1.905858040E1,3.932364655E1,-7.679031372E0
2.464697675E2,1.874538422E1,3.987484741E1,-5.703987122E0
2.464899335E2,1.833688354E1,4.066446686E1,-3.229911804E0
2.465100995E2,1.810385323E1,4.103095245E1,-4.787597656E-1
2.465302645E2,1.789128113E1,4.089638519E1,2.473709106E0
2.465504305E2,1.751298523E1,4.071707916E1,5.008819580E0
2.465705955E2,1.702098465E1,4.030665207E1,8.094573975E0
2.465907615E2,1.647818756E1,3.970468140E1,1.163851929E1
2.466109275E2,1.599895287E1,3.860832596E1,1.499941254E1
2.466310925E2,1.562881947E1,3.719313049E1,1.802173615E1
2.466512585E2,1.520049286E1,3.578570557E1,2.122676849E1
2.466714245E2,1.500663471E1,3.376674652E1,2.371971130E1
2.466915895E2,1.505812168E1,3.170287704E1,2.608482361E1
2.467117555E2,1.481544971E1,3.009014893E1,2.799137878E1
2.467319215E2,1.471461487E1,2.805590820E1,2.937808228E1
2.467520865E2,1.506342506E1,2.659426308E1,3.047682953E1
2.467722525E2,1.577262783E1,2.545357704E1,3.099423981E1
2.467924185E2,1.663239670E1,2.504300690E1,3.089149475E1
2.468125835E2,1.716702652E1,2.484093475E1,3.072331238E1
2.468327495E2,1.760869980E1,2.485999107E1,3.060079193E1
2.468529155E2,1.813002777E1,2.489499283E1,3.038114929E1
2.468730805E2,1.854805374E1,2.464801025E1,3.001455688E1
2.468932465E2,1.879674530E1,2.481785011E1,2.970592499E1
2.469134115E2,1.927183151E1,2.481914139E1,2.972683716E1
2.469335775E2,1.974671936E1,2.507482529E1,2.958369446E1
2.469537436E2,1.992778397E1,2.553801727E1,2.941018677E1
2.469739086E2,2.014291382E1,2.593725014E1,2.900432587E1
2.469940746E2,2.027913666E1,2.642097855E1,2.889261627E1
2.470142406E2,2.021265793E1,2.761549759E1,2.833834839E1
2.470344056E2,2.000162888E1,2.914624786E1,2.723113251E1
2.470545716E2,1.974117470E1,3.102801323E1,2.610904694E1
2.470747376E2,1.936596680E1,3.273423767E1,2.468027496E1
2.470949026E2,1.927096939E1,3.424397659E1,2.262593842E1
2.471150686E2,1.951477432E1,3.548461533E1,2.034763336E1
2.471352346E2,1.982051277E1,3.676473999E1,1.647617340E1
2.471553996E2,2.039146805E1,3.735128021E1,1.364870453E1
2.471755656E2,2.063677597E1,3.782666016E1,1.045785522E1
2.471957306E2,2.103530502E1,3.790400696E1,7.391990662E0
2.472158966E2,2.110570145E1,3.767463684E1,4.254981995E0
2.472360626E2,2.116829872E1,3.723627090E1,1.919944763E0
2.472562276E2,2.105216599E1,3.665903473E1,-8.154067993E-1
2.472763936E2,2.113266373E1,3.614640045E1,-3.087570190E0
2.472965596E2,2.102100754E1,3.561080551E1,-4.710990906E0
2.473167246E2,2.069735146E1,3.479995728E1,-6.784515381E0
2.473368906E2,2.019147110E1,3.434932709E1,-8.617019653E0
2.473570566E2,1.998202705E1,3.376881409E1,-1.040670013E1
2.473772216E2,1.970330620E1,3.344226074E1,-1.129136658E1
2.473973876E2,1.941440964E1,3.265050507E1,-1.224738312E1
2.474175536E2,1.906105804E1,3.220347214E1,-1.258780670E1
2.474377186E2,1.863132095E1,3.204299545E1,-1.333365631E1
2.474578846E2,1.809061432E1,3.217237854E1,-1.342818451E1
2.474780506E2,1.784754562E1,3.244796371E1,-1.308222198E1
2.474982156E2,1.738258743E1,3.257688522E1,-1.285614777E1
2.475183816E2,1.677709389E1,3.297512817E1,-1.211203003E1
2.475385466E2,1.637445259E1,3.357588959E1,-1.089662933E1
2.475587126E2,1.585513401E1,3.439780807E1,-9.193672180E0
2.475788786E2,1.537557411E1,3.520059586E1,-7.340820312E0
2.475990436E2,1.488353252E1,3.584975433E1,-5.327781677E0
2.476192096E2,1.436633968E1,3.658316040E1,-2.969779968E0
2.476393756E2,1.387205410E1,3.694114685E1,-3.875656128E-1
2.476595406E2,1.367991543E1,3.729777145E1,2.256423950E0
2.476797066E2,1.346644497E1,3.722690582E1,5.362518311E0
2.476998726E2,1.318546772E1,3.719702148E1,8.202110291E0
2.477200376E2,1.265981483E1,3.684914780E1,1.086948395E1
2.477402036E2,1.209208202E1,3.652495193E1,1.329442596E1
2.477603696E2,1.147637844E1,3.619438171E1,1.518487549E1
2.477805346E2,1.073458195E1,3.580748367E1,1.704679108E1
2.478007006E2,1.016042423E1,3.532132339E1,1.879882050E1
2.478208666E2,9.530599594E0,3.483707428E1,2.021373749E1
2.478410316E2,8.890960693E0,3.437420654E1,2.106556702E1
2.478611976E2,8.377173424E0,3.397970963E1,2.204615021E1
2.478813636E2,8.274432182E0,3.341403961E1,2.280806732E1
2.479015286E2,8.274128914E0,3.296694946E1,2.345520782E1
2.479216946E2,7.800381660E0,3.279088593E1,2.351521301E1
2.479418607E2,7.896693230E0,3.259035873E1,2.404641724E1
2.479620257E2,7.883899689E0,3.235789108E1,2.410995483E1
2.479821917E2,7.832374573E0,3.212831879E1,2.373564911E1
2.480023577E2,8.153751373E0,3.175049973E1,2.378218842E1
2.480225227E2,7.901662827E0,3.179025269E1,2.355285645E1
2.480426887E2,8.252916336E0,3.183258057E1,2.361316681E1
2.480628537E2,8.434370995E0,3.183367348E1,2.319253540E1
2.480830197E2,8.569064140E0,3.187406921E1,2.247142029E1
2.481031857E2,8.452899933E0,3.191229248E1,2.173557281E1
2.481233507E2,8.249694824E0,3.201275635E1,2.108531189E1
2.481435167E2,8.277686119E0,3.223069000E1,2.044521332E1
2.481636827E2,8.005063057E0,3.238566971E1,1.955774689E1
2.481838477E2,7.498853683E0,3.266332626E1,1.904557037E1
2.482040137E2,6.684394836E0,3.294769287E1,1.816974640E1
2.482241797E2,5.606655121E0,3.320418549E1,1.741226959E1
2.482443447E2,4.738920212E0,3.355001831E1,1.636345673E1
2.482645107E2,3.528418541E0,3.374774551E1,1.534501648E1
2.482846767E2,2.598688126E0,3.390094376E1,1.413542175E1
2.483048417E2,1.662120819E0,3.414469910E1,1.269183350E1
2.483250077E2,8.135442734E-1,3.430052948E1,1.147666931E1
2.483451737E2,2.808561325E-1,3.462181091E1,9.679565430E0
2.483653387E2,-2.594957352E-1,3.490759277E1,7.597068787E0
2.483855047E2,-5.255012512E-1,3.519350052E1,5.388595581E0
2.484056707E2,-7.191400528E-1,3.517610931E1,3.172416687E0
2.484258357E2,-7.656383514E-1,3.533952713E1,8.507308960E-1
2.484460017E2,-7.743577957E-1,3.522555161E1,-1.026412964E0
2.484661677E2,-6.300144196E-1,3.507469559E1,-2.773651123E0
2.484863327E2,-7.637395859E-1,3.471549988E1,-4.169326782E0
2.485064987E2,-1.168050766E0,3.450482941E1,-5.537742615E0
2.485266647E2,-1.317083359E0,3.424816895E1,-6.588867188E0
2.485468297E2,-1.485237122E0,3.401049805E1,-7.700279236E0
2.485669957E2,-1.672359467E0,3.363265610E1,-8.919692993E0
2.485871617E2,-2.077718735E0,3.327383423E1,-9.655960083E0
2.486073267E2,-2.501502037E0,3.276752472E1,-1.049002838E1
2.486274927E2,-2.987169266E0,3.257728577E1,-1.095324707E1
2.486476587E2,-3.454928398E0,3.203041840E1,-1.168556976E1
2.486678237E2,-3.868066788E0,3.185295677E1,-1.211832428E1
2.486879897E2,-4.448934555E0,3.147206116E1,-1.232891083E1
2.487081557E2,-4.835357189E0,3.114605904E1,-1.255580139E1
2.487283207E2,-5.239594936E0,3.100378036E1,-1.215422058E1
2.487484867E2,-5.730497837E0,3.099746323E1,-1.173375702E1
2.487686527E2,-6.105545998E0,3.091170502E1,-1.138964844E1
2.487888177E2,-6.714960098E0,3.097387314E1,-1.069106293E1
2.488089837E2,-7.123807907E0,3.124027252E1,-1.014154816E1
2.488291497E2,-7.788030624E0,3.100749969E1,-9.954475403E0
2.488493147E2,-8.622962952E0,3.100597763E1,-9.724555969E0
2.488694807E2,-9.163518906E0,3.088160706E1,-8.876434326E0
2.488896467E2,-1.011559486E1,3.096302414E1,-8.033874512E0
2.489098117E2,-1.073508358E1,3.132325935E1,-7.360641479E0
2.489299777E2,-1.217334557E1,3.070388603E1,-6.865608215E0
2.489501435E2,-1.330310726E1,3.049907875E1,-6.775543213E0
2.489703085E2,-1.385372925E1,3.020616913E1,-6.826362610E0
2.489904745E2,-1.452757072E1,2.995858383E1,-7.101921082E0
2.490106405E2,-1.502070999E1,2.986618614E1,-7.030227661E0
2.490308055E2,-1.542314339E1,2.989221954E1,-6.466255188E0
2.490509715E2,-1.590993309E1,2.982745743E1,-5.982109070E0
2.490711375E2,-1.645796585E1,2.981372261E1,-5.562332153E0
2.490913025E2,-1.674440384E1,2.970302200E1,-4.957092285E0
2.491114685E2,-1.687651443E1,2.961696625E1,-4.737777710E0
2.491316345E2,-1.691335678E1,2.991516876E1,-3.940071106E0
2.491517995E2,-1.692627144E1,2.960748291E1,-3.740669250E0
2.491719655E2,-1.700250244E1,2.969261551E1,-3.368385315E0
2.491921315E2,-1.705128288E1,2.973847198E1,-3.047927856E0
2.492122965E2,-1.697788620E1,2.981524849E1,-2.526870728E0
2.492324625E2,-1.692740059E1,2.981460190E1,-2.407836914E0
2.492526285E2,-1.690326691E1,2.967306900E1,-2.657554626E0
2.492727935E2,-1.703212357E1,2.961424637E1,-2.992889404E0
2.492929595E2,-1.680008125E1,2.938880539E1,-3.336708069E0
2.493131255E2,-1.697501373E1,2.937447357E1,-3.967338562E0
2.493332905E2,-1.674819946E1,2.932050705E1,-4.639266968E0
2.493534565E2,-1.665093994E1,2.950949860E1,-5.216651917E0
2.493736225E2,-1.676556587E1,2.938668442E1,-6.171218872E0
2.493937875E2,-1.694573212E1,2.949452782E1,-6.638839722E0
2.494139535E2,-1.693074608E1,2.936314774E1,-7.160537720E0
2.494341195E2,-1.702121162E1,2.947803688E1,-7.492980957E0
2.494542845E2,-1.705107880E1,2.953919411E1,-8.224700928E0
2.494744505E2,-1.737644577E1,2.945349884E1,-8.849433899E0
2.494946165E2,-1.781649017E1,2.922899246E1,-9.812026978E0
2.495147825E2,-1.838843918E1,2.912199783E1,-1.063861847E1
2.495349475E2,-1.881170654E1,2.902393532E1,-1.151514435E1
2.495551135E2,-1.963132286E1,2.914075279E1,-1.347026062E1
2.495752795E2,-1.978233337E1,2.893255615E1,-1.472557068E1
2.495954445E2,-2.038524437E1,2.860436058E1,-1.642100525E1
2.496156105E2,-2.121540833E1,2.784168625E1,-1.820832825E1
2.496357765E2,-2.187548065E1,2.736761284E1,-1.982785034E1
2.496559415E2,-2.235156250E1,2.632619476E1,-2.164420319E1
2.496761075E2,-2.244577026E1,2.527695084E1,-2.381482697E1
2.496962735E2,-2.230839920E1,2.384018326E1,-2.625893402E1
2.497164385E2,-2.218774414E1,2.189011002E1,-2.880702209E1
2.497366045E2,-2.183538055E1,1.966043472E1,-3.108384705E1
2.497567705E2,-2.122563553E1,1.731202698E1,-3.296833038E1
2.497769355E2,-2.025270653E1,1.542454433E1,-3.427873230E1
2.497971015E2,-1.969254875E1,1.281507301E1,-3.558973694E1
2.498172675E2,-1.888511467E1,1.043615532E1,-3.656147003E1
2.498374325E2,-1.818680954E1,7.820490837E0,-3.711061859E1
2.498575985E2,-1.747185707E1,5.486767769E0,-3.721983337E1
2.498777645E2,-1.720320892E1,3.763446808E0,-3.742745972E1
2.498979295E2,-1.738405228E1,2.189559937E0,-3.759177399E1
2.499180955E2,-1.742891312E1,5.495872498E-1,-3.731850433E1
2.499382615E2,-1.787602615E1,-8.215847015E-1,-3.745235443E1
2.499584266E2,-1.833151245E1,-2.121833801E0,-3.711008453E1
2.499785926E2,-1.825937080E1,-3.399879456E0,-3.686602783E1
2.499987586E2,-1.832888412E1,-4.291107178E0,-3.690670776E1
2.500189236E2,-1.834747314E1,-4.988979340E0,-3.713273621E1
2.500390896E2,-1.855648804E1,-4.958570480E0,-3.696784973E1
2.500592556E2,-1.836943054E1,-4.842035294E0,-3.682585144E1
2.500794206E2,-1.850447845E1,-4.425958633E0,-3.690126038E1
2.500995866E2,-1.824792099E1,-4.343158722E0,-3.673365784E1
2.501197526E2,-1.795641136E1,-3.764457703E0,-3.707849121E1
2.501399176E2,-1.746552277E1,-3.154518127E0,-3.745138550E1
2.501600836E2,-1.722073174E1,-2.456592560E0,-3.756593323E1
2.501802496E2,-1.710710907E1,-1.201200485E0,-3.752902985E1
2.502004146E2,-1.716963577E1,6.441745758E-1,-3.766098785E1
2.502205806E2,-1.710343933E1,2.238082886E0,-3.758074188E1
2.502407466E2,-1.689427567E1,3.906152725E0,-3.713069916E1
2.502609116E2,-1.662055969E1,5.139318466E0,-3.729818726E1
2.502810776E2,-1.637436676E1,6.427817345E0,-3.716224670E1
2.503012436E2,-1.652503586E1,7.662544250E0,-3.664067841E1
2.503214096E2,-1.679399681E1,9.065078735E0,-3.636846161E1
2.503415746E2,-1.705413628E1,1.009514618E1,-3.620350647E1
2.503617406E2,-1.758062363E1,1.127751827E1,-3.575900269E1
2.503819066E2,-1.837509346E1,1.168942642E1,-3.505297852E1
2.504020716E2,-1.923367691E1,1.237309456E1,-3.453312683E1
2.504222376E2,-1.979128075E1,1.295908260E1,-3.387966919E1
2.504424036E2,-1.995027161E1,1.398178387E1,-3.324931335E1
2.504625686E2,-1.960177422E1,1.492785645E1,-3.287709045E1
2.504827346E2,-1.953596497E1,1.579374886E1,-3.286196899E1
2.505029006E2,-1.949678612E1,1.669262695E1,-3.248692322E1
2.505230656E2,-1.958084869E1,1.737490845E1,-3.195137787E1
2.505432316E2,-1.948053741E1,1.793051147E1,-3.168338776E1
2.505633976E2,-1.980996513E1,1.809131432E1,-3.142224884E1
2.505835626E2,-1.947133255E1,1.806721687E1,-3.148686981E1
2.506037286E2,-1.940971565E1,1.775448418E1,-3.144069672E1
2.506238946E2,-1.955510521E1,1.749895477E1,-3.153044891E1
2.506440596E2,-1.929131699E1,1.689769745E1,-3.181658173E1
2.506642256E2,-1.946792984E1,1.605018806E1,-3.186046600E1
2.506843916E2,-1.900010681E1,1.536375332E1,-3.226373291E1
2.507045566E2,-1.871148682E1,1.480856037E1,-3.275221252E1
2.507247226E2,-1.835524750E1,1.399903107E1,-3.288780212E1
2.507448886E2,-1.809077835E1,1.300762463E1,-3.302777863E1
2.507650546E2,-1.746353912E1,1.122398186E1,-3.337525177E1
2.507852196E2,-1.712907791E1,9.080943108E0,-3.375690460E1
2.508053856E2,-1.634602356E1,6.857935905E0,-3.397637177E1
2.508255516E2,-1.523635578E1,4.412960052E0,-3.425953674E1
2.508457166E2,-1.388874435E1,2.014249802E0,-3.490286255E1
2.508658826E2,-1.274901199E1,-2.264633179E-1,-3.493670654E1
2.508860486E2,-1.123977375E1,-2.655998230E0,-3.519578552E1
2.509062136E2,-1.003607750E1,-4.968185425E0,-3.515813446E1
2.509263796E2,-8.989936829E0,-7.295568466E0,-3.500829315E1
2.509465461E2,-7.895507812E0,-9.499990463E0,-3.489184570E1
2.509667111E2,-6.731391907E0,-1.130189514E1,-3.427101135E1
2.509868771E2,-6.175996304E0,-1.312091446E1,-3.385305023E1
2.510070431E2,-5.558941841E0,-1.515236473E1,-3.347415161E1
2.510272081E2,-4.938939095E0,-1.662336922E1,-3.289302826E1
2.510473741E2,-4.409951210E0,-1.822572327E1,-3.242834473E1
2.510675401E2,-3.901958466E0,-1.963531685E1,-3.162876129E1
2.510877051E2,-3.336270332E0,-2.075317192E1,-3.135117340E1
2.511078711E2,-3.205760956E0,-2.154256821E1,-3.082398224E1
2.511280371E2,-2.974184990E0,-2.204430008E1,-3.061299896E1
2.511482021E2,-2.803319931E0,-2.236977386E1,-3.068114471E1
2.511683681E2,-2.603240013E0,-2.284815216E1,-3.067708588E1
2.511885341E2,-2.375247002E0,-2.292768288E1,-3.039281464E1
2.512087001E2,-2.015579224E0,-2.280586815E1,-3.063288116E1
2.512288651E2,-1.403532982E0,-2.230405998E1,-3.063430023E1
2.512490311E2,-1.043196678E0,-2.180400658E1,-3.130226135E1
2.512691971E2,-6.475181580E-1,-2.112683296E1,-3.207637024E1
2.512893621E2,4.629230499E-2,-2.017074966E1,-3.258943939E1
2.513095281E2,8.759088516E-1,-1.868489838E1,-3.332690430E1
2.513296941E2,1.325436592E0,-1.730652618E1,-3.397829437E1
2.513498591E2,1.775554657E0,-1.556421089E1,-3.489430237E1
2.513700251E2,2.111779213E0,-1.336221504E1,-3.580661774E1
2.513901911E2,2.300194740E0,-1.107555962E1,-3.613630676E1
2.514103561E2,2.008051872E0,-8.093839645E0,-3.699559021E1
2.514305221E2,1.870099068E0,-5.273220062E0,-3.731797028E1
2.514506881E2,1.555487633E0,-2.726568222E0,-3.761394501E1
2.514708531E2,1.025507927E0,-6.902599335E-1,-3.790486145E1
2.514910191E2,8.066768646E-1,1.180810928E0,-3.781562042E1
2.515111851E2,5.190763474E-1,2.708250046E0,-3.766741943E1
2.515313511E2,2.525634766E-1,4.289411545E0,-3.752608490E1
2.515515161E2,-1.601543427E-1,5.402175903E0,-3.723159027E1
2.515716821E2,-7.947053909E-1,6.208614349E0,-3.740906525E1
2.515918481E2,-1.825246811E0,6.953004837E0,-3.719303131E1
2.516120131E2,-2.653840065E0,7.327342987E0,-3.727956390E1
2.516321791E2,-3.603084564E0,7.622581482E0,-3.690160370E1
2.516523451E2,-4.424520493E0,7.962792397E0,-3.693623352E1
2.516725101E2,-5.411849499E0,7.996760368E0,-3.666384888E1
2.516926761E2,-6.215995789E0,8.079004288E0,-3.649941254E1
2.517128421E2,-6.808290482E0,8.283829689E0,-3.646671295E1
2.517330071E2,-7.337767124E0,8.606776237E0,-3.628022003E1
2.517531731E2,-7.949605942E0,8.999136925E0,-3.611962128E1
2.517733391E2,-8.289559364E0,9.189689636E0,-3.624851227E1
2.517935041E2,-8.860250473E0,9.440023422E0,-3.586026764E1
2.518136701E2,-9.377617836E0,9.493762970E0,-3.556114960E1
2.518338361E2,-9.997596741E0,9.652535439E0,-3.538788605E1
2.518540011E2,-1.057291031E1,9.357176781E0,-3.532177734E1
2.518741671E2,-1.116225624E1,8.777855873E0,-3.525019836E1
2.518943331E2,-1.163654804E1,8.427716255E0,-3.549414062E1
2.519144991E2,-1.216837406E1,7.976597786E0,-3.547547913E1
2.519346641E2,-1.278802204E1,7.788067818E0,-3.519145203E1
2.519548294E2,-1.323029709E1,7.198268890E0,-3.520780182E1
2.519749954E2,-1.412018394E1,6.515202522E0,-3.511499786E1
2.519951604E2,-1.441552544E1,6.108346939E0,-3.534017181E1
2.520153264E2,-1.444467258E1,5.524106979E0,-3.586367798E1
2.520354924E2,-1.470046520E1,4.873481750E0,-3.637242126E1
2.520556574E2,-1.539921951E1,3.544385910E0,-3.615052795E1
2.520758234E2,-1.608487701E1,2.260438919E0,-3.588036346E1
2.520959894E2,-1.669568062E1,2.236557007E-1,-3.608796692E1
2.521161544E2,-1.704110909E1,-1.930347443E0,-3.630783844E1
2.521363204E2,-1.700693703E1,-4.192953110E0,-3.605084229E1
2.521564864E2,-1.673255920E1,-6.614601135E0,-3.611634064E1
2.521766514E2,-1.624127769E1,-9.110013962E0,-3.608665466E1
2.521968174E2,-1.564540672E1,-1.171240997E1,-3.592935944E1
2.522169834E2,-1.544325924E1,-1.383691788E1,-3.523413849E1
2.522371484E2,-1.507063866E1,-1.559973907E1,-3.455247498E1
2.522573144E2,-1.499455929E1,-1.725734711E1,-3.385881042E1
2.522774804E2,-1.493739319E1,-1.872889709E1,-3.289962769E1
2.522976464E2,-1.453679085E1,-2.017532730E1,-3.191340637E1
2.523178114E2,-1.426128101E1,-2.173314095E1,-3.085635376E1
2.523379774E2,-1.370007324E1,-2.304121590E1,-2.993032837E1
2.523581434E2,-1.326538849E1,-2.408223915E1,-2.928701782E1
2.523783084E2,-1.259054089E1,-2.483340263E1,-2.892238617E1
2.523984744E2,-1.167018890E1,-2.509410667E1,-2.830634308E1
2.524186404E2,-1.072924042E1,-2.563915825E1,-2.792847443E1
2.524388054E2,-9.697571754E0,-2.627007866E1,-2.789109802E1
2.524589714E2,-8.867532730E0,-2.634989929E1,-2.828813171E1
2.524791374E2,-7.863722801E0,-2.599113083E1,-2.866352844E1
2.524993024E2,-6.846776009E0,-2.540937424E1,-2.970285034E1
2.525194684E2,-5.773432732E0,-2.484393501E1,-3.065057373E1
2.525396344E2,-5.110263348E0,-2.400858498E1,-3.190657043E1
2.525598004E2,-4.249886513E0,-2.291287613E1,-3.305622101E1
2.525799654E2,-3.596590042E0,-2.139592934E1,-3.454069519E1
2.526001314E2,-3.179885864E0,-1.938557625E1,-3.619618225E1
2.526202974E2,-2.814111710E0,-1.749002075E1,-3.796057129E1
2.526404624E2,-2.676996231E0,-1.507376671E1,-3.926844788E1
2.526606284E2,-3.076789856E0,-1.253311348E1,-4.058437347E1
2.526807944E2,-4.049596786E0,-9.668779373E0,-4.185478210E1
2.527009594E2,-5.611499310E0,-6.400629044E0,-4.245523834E1
2.527211254E2,-7.594037056E0,-3.325813293E0,-4.302516174E1
2.527412914E2,-8.890192986E0,-9.977664948E-1,-4.285884857E1
2.527614564E2,-9.857431412E0,7.144851685E-1,-4.266252899E1
2.527816224E2,-1.050389481E1,2.461521149E0,-4.174311066E1
2.528017884E2,-1.103315735E1,3.293535233E0,-4.160761261E1
2.528219534E2,-1.199839211E1,3.935023308E0,-4.104901123E1
2.528421194E2,-1.325506115E1,4.554736137E0,-4.034243774E1
2.528622854E2,-1.438231754E1,5.170331001E0,-3.980556488E1
2.528824514E2,-1.557334137E1,5.529956818E0,-3.950974274E1
2.529026164E2,-1.648488998E1,5.792327881E0,-3.883731842E1
2.529227824E2,-1.754773140E1,6.243909836E0,-3.860606384E1
2.529429484E2,-1.870370483E1,6.749474525E0,-3.824145508E1
2.529631133E2,-1.965595436E1,7.092903137E0,-3.754250336E1
2.529832793E2,-2.050209808E1,7.838338852E0,-3.708603668E1
2.530034453E2,-2.134084320E1,8.537499428E0,-3.700449371E1
2.530236103E2,-2.220617676E1,9.215682983E0,-3.669283295E1
2.530437763E2,-2.314980698E1,9.603814125E0,-3.671008301E1
2.530639423E2,-2.426527214E1,1.003536987E1,-3.647157288E1
2.530841073E2,-2.586356735E1,9.854027748E0,-3.633882141E1
2.531042733E2,-2.763505936E1,9.588201523E0,-3.669703674E1
2.531244393E2,-2.955022430E1,8.753259659E0,-3.798788452E1
2.531446053E2,-3.116255188E1,6.846736908E0,-4.015414429E1
2.531647703E2,-3.044635391E1,3.958013535E0,-4.289484406E1
2.531849363E2,-2.887683868E1,-3.143310547E-3,-4.434151459E1
2.532051023E2,-2.690182877E1,-4.020483017E0,-4.433547211E1
2.532252673E2,-2.741976738E1,-8.012937546E0,-4.477918243E1
2.532454333E2,-2.683487701E1,-1.265580177E1,-4.892636871E1
2.532655993E2,-2.506966400E1,-1.684894371E1,-5.372190094E1
2.532857643E2,-1.658103752E1,-2.122591209E1,-5.405761719E1
2.533059303E2,-1.235302258E1,-2.523018837E1,-5.027642059E1
2.533260963E2,-1.096060085E1,-3.175380707E1,-4.882793427E1
2.533462613E2,-1.225057030E1,-3.987479401E1,-4.939026642E1
2.533664273E2,1.437080383E0,-4.431366348E1,-4.191344452E1
2.533865933E2,6.273873138E1,-3.933794403E1,-2.353113556E1
2.534067582E2,9.879306793E1,-4.462767029E1,1.353894196E2
2.534269243E2,8.230381775E1,-2.603830719E1,1.614828339E2
2.534470903E2,6.413309479E1,-1.017245483E1,1.452624207E2
2.534672563E2,5.198514557E1,5.319633484E-1,1.245889969E2
2.534874212E2,4.089336014E1,9.343627930E0,1.097323074E2
2.535075873E2,3.280226898E1,1.583106613E1,9.520015717E1
2.535277533E2,3.296036911E1,1.595404816E1,9.316229248E1
2.535479182E2,2.431900406E1,2.471966553E1,7.847497559E1
2.535680843E2,2.489836502E1,2.519630814E1,7.718505859E1
2.535882503E2,2.522558212E1,2.579362488E1,7.632452393E1
2.536084152E2,2.603273582E1,2.674425125E1,7.513496399E1
2.536285812E2,2.365351105E1,3.370796585E1,6.846136475E1
2.536487473E2,2.392090225E1,3.444618225E1,6.709008789E1
2.536689122E2,2.369527626E1,3.517179108E1,6.629779053E1
2.536890782E2,-5.795458317E0,1.659892273E1,5.535192871E1
2.537092442E2,-5.901317596E0,1.724262619E1,5.451228333E1
2.537294103E2,-4.750133514E0,1.327312088E1,4.677359009E1
2.537495752E2,-5.277104855E0,1.429596710E1,4.543870544E1
2.537697412E2,-1.492964363E1,7.342987061E0,3.665898132E1
2.537899073E2,-1.556801987E1,8.248546600E0,3.548330688E1
2.538100722E2,-1.482473564E1,3.176864624E0,2.273892212E1
2.538302382E2,-1.399448967E1,2.920982361E0,1.871133423E1
2.538504042E2,-1.363251209E1,3.063591003E0,1.561718750E1
2.538705692E2,-1.314539433E1,3.187316895E0,1.182984924E1
2.538907352E2,-1.263090229E1,3.782981873E0,8.285614014E0
2.539109012E2,-1.166420364E1,4.386760712E0,4.182006836E0
2.539310663E2,-1.116301346E1,5.087608337E0,1.098464966E0
2.539512328E2,-1.254042435E1,4.982721329E0,-9.484710693E-1
2.539713988E2,-1.319541168E1,6.075159073E0,-1.655349731E0
2.539915648E2,-1.052375603E1,6.284452438E0,-5.157470703E0
2.540117298E2,-9.766141891E0,7.669795990E0,-6.594650269E0
2.540318958E2,-8.672912598E0,8.586362839E0,-8.437179565E0
2.540520618E2,-8.278430939E0,8.931381226E0,-9.478073120E0
2.540722268E2,-7.823529243E0,9.063022614E0,-1.067643738E1
2.540923928E2,-8.509043694E0,9.477132797E0,-1.035574341E1
2.541125588E2,-9.490365982E0,9.815710068E0,-1.039256287E1
2.541327238E2,-1.202807331E1,9.677892685E0,-1.251254272E1
2.541528898E2,-1.284582901E1,1.065334702E1,-1.198933411E1
2.541730558E2,-1.723017502E1,9.785852432E0,-1.435598755E1
2.541932208E2,-1.954636192E1,1.066573143E1,-1.423645020E1
2.542133868E2,-2.041677094E1,1.144321442E1,-1.436763000E1
2.542335528E2,-2.061579514E1,1.280163193E1,-1.415769958E1
2.542537178E2,-2.268462753E1,1.325152683E1,-1.466244507E1
2.542738838E2,-2.265313721E1,1.382297421E1,-1.420133972E1
2.542940498E2,-2.220846558E1,1.379338360E1,-1.436294556E1
2.543142158E2,-2.125133324E1,1.335700607E1,-1.485713196E1
2.543343808E2,-2.012862015E1,1.141149712E1,-1.534574890E1
2.543545468E2,-1.861381531E1,1.026402187E1,-1.674609375E1
2.543747128E2,-1.656999588E1,8.489824295E0,-1.744923401E1
2.543948778E2,-1.519956779E1,7.193445206E0,-1.793031311E1
2.544150438E2,-1.337048149E1,5.172517776E0,-1.855400085E1
2.544352098E2,-1.174325466E1,3.832386017E0,-1.936437988E1
2.544553748E2,-9.482538223E0,2.814567566E0,-2.011840820E1
2.544755408E2,-6.736842155E0,2.089048386E0,-2.149520874E1
2.544957068E2,-4.419115067E0,6.423740387E-1,-2.165887451E1
2.545158718E2,-2.087068081E0,-1.399784088E0,-2.173463440E1
2.545360378E2,-8.742237091E-1,-3.836915970E0,-2.094258118E1
2.545562038E2,-7.659778595E-1,-5.868534088E0,-2.019622803E1
2.545763698E2,-1.552745342E0,-7.976747513E0,-1.900271606E1
2.545965348E2,-3.176904917E0,-1.002188492E1,-1.797210693E1
2.546167008E2,-4.532380104E0,-1.137071228E1,-1.706668091E1
2.546368668E2,-4.982844830E0,-1.271086884E1,-1.637960815E1
2.546570318E2,-5.233327389E0,-1.369424820E1,-1.572485352E1
2.546771978E2,-5.542351723E0,-1.457979774E1,-1.526229095E1
2.546973638E2,-5.558949947E0,-1.513238335E1,-1.452504730E1
2.547175288E2,-5.655990124E0,-1.543730736E1,-1.400235748E1
2.547376948E2,-5.635787487E0,-1.561569595E1,-1.377063751E1
2.547578608E2,-5.760877132E0,-1.564619827E1,-1.379328156E1
2.547780268E2,-5.822170258E0,-1.546219254E1,-1.383890533E1
2.547981918E2,-5.666486740E0,-1.501032639E1,-1.407625580E1
2.548183578E2,-5.297273636E0,-1.478511810E1,-1.448787689E1
2.548385238E2,-2.561878681E0,-1.457801247E1,-1.515362549E1
2.548586888E2,-1.805593729E0,-1.393825340E1,-1.575462341E1
2.548788548E2,-1.990144253E0,-1.377576256E1,-1.701138306E1
2.548990208E2,-1.243386745E0,-1.279801941E1,-1.808759308E1
2.549191858E2,-8.387722969E-1,-1.187253952E1,-1.903080750E1
2.549393518E2,-4.081282616E-1,-1.060308838E1,-2.022106171E1
2.549595173E2,-5.641222000E-2,-8.976543427E0,-2.138397217E1
2.549796823E2,-2.235975266E-1,-7.717365265E0,-2.222757721E1
2.549998483E2,-3.900542259E-1,-5.714614868E0,-2.347251129E1
2.550200143E2,-8.524327278E-1,-3.616958618E0,-2.421064758E1
2.550401803E2,-1.065008640E0,-1.684053421E0,-2.521569061E1
2.550603453E2,-9.890065193E-1,1.844692230E-1,-2.576858521E1
2.550805113E2,-5.325255394E-1,1.932268143E0,-2.649703979E1
2.551006773E2,5.286970139E-1,3.450933456E0,-2.701229095E1
2.551208423E2,8.827295303E-1,4.738407135E0,-2.756104279E1
2.551410083E2,1.645186424E0,6.006380081E0,-2.818128204E1
2.551611743E2,2.489643097E0,7.121058464E0,-2.858308411E1
2.551813393E2,2.584951878E0,8.047692299E0,-2.873892975E1
2.552015053E2,2.228030682E0,9.453532219E0,-2.869617462E1
2.552216713E2,1.499218941E0,1.143191719E1,-2.874906158E1
2.552418373E2,9.519286156E-1,1.272133636E1,-2.843037415E1
2.552620023E2,3.044171333E-1,1.401897812E1,-2.775939941E1
2.552821683E2,-4.364762306E-1,1.520581818E1,-2.771543884E1
2.553023343E2,-1.127000809E0,1.605487442E1,-2.711468506E1
2.553224993E2,-2.368528366E0,1.688679886E1,-2.662635040E1
2.553426653E2,-3.324084759E0,1.745730591E1,-2.621459198E1
2.553628313E2,-3.670063496E0,1.771033096E1,-2.587551117E1
2.553829963E2,-3.951117754E0,1.740722656E1,-2.591796112E1
2.554031623E2,-4.256137371E0,1.668373489E1,-2.608298492E1
2.554233283E2,-4.520192146E0,1.517361546E1,-2.655780792E1
2.554434933E2,-4.920725822E0,1.299657440E1,-2.721212006E1
2.554636593E2,-5.129171371E0,1.087718201E1,-2.795536041E1
2.554838253E2,-4.733789921E0,8.628200531E0,-2.853771973E1
2.555039913E2,-4.356482029E0,6.892853737E0,-2.866760254E1
2.555241563E2,-3.900950909E0,4.853932381E0,-2.837953186E1
2.555443223E2,-3.787552834E0,3.002517700E0,-2.789801788E1
2.555644883E2,-3.941661119E0,1.543558121E0,-2.728018951E1
2.555846532E2,-4.846716881E0,3.102664948E-1,-2.673591614E1
2.556048193E2,-6.316190243E0,-7.636451721E-1,-2.603204346E1
2.556249853E2,-8.005221367E0,-2.008495331E0,-2.549797058E1
2.556451502E2,-9.622423172E0,-3.240968704E0,-2.527020264E1
2.556653163E2,-1.050078964E1,-4.511404037E0,-2.479171753E1
2.556854823E2,-1.153990459E1,-6.087650299E0,-2.443522644E1
2.557056483E2,-1.211219597E1,-7.461563110E0,-2.474135590E1
2.557258132E2,-1.269016075E1,-8.960369110E0,-2.483384705E1
2.557459793E2,-1.287167549E1,-1.052736855E1,-2.501831055E1
2.557661453E2,-1.312755775E1,-1.218654251E1,-2.482498169E1
2.557863102E2,-1.306929874E1,-1.388179588E1,-2.467523193E1
2.558064762E2,-1.323886299E1,-1.540089417E1,-2.465773773E1
2.558266423E2,-1.289541626E1,-1.653203201E1,-2.459694672E1
2.558468072E2,-1.285536766E1,-1.733434868E1,-2.462538910E1
2.558669732E2,-1.231480503E1,-1.765165138E1,-2.462340546E1
2.558871393E2,-1.202430725E1,-1.754653358E1,-2.500000763E1
2.559073053E2,-1.129159355E1,-1.699366951E1,-2.540663147E1
2.559274702E2,-1.066477489E1,-1.621479797E1,-2.589736176E1
2.559476368E2,-9.535057068E0,-1.543519211E1,-2.685036469E1
2.559678028E2,-7.889799118E0,-1.441924858E1,-2.772174835E1
2.559879677E2,-6.172257423E0,-1.287519073E1,-2.859358215E1
2.560081338E2,-4.819933891E0,-1.087483788E1,-2.954107666E1
2.560282998E2,-3.106846809E0,-7.307207108E0,-3.080364227E1
2.560484647E2,-2.621977806E0,-5.191965103E0,-3.136728668E1
2.560686308E2,-2.024000645E0,-3.157594681E0,-3.172747040E1
2.560887968E2,-1.771500587E0,-1.141145706E0,-3.183582306E1
2.561089628E2,-1.702771187E0,1.235950470E0,-3.184172821E1
2.561291277E2,-1.732686043E0,3.722465515E0,-3.176329041E1
2.561492938E2,-2.335641384E0,6.136320114E0,-3.111264038E1
2.561694598E2,-3.141998291E0,8.303054810E0,-3.084127045E1
2.561896247E2,-4.412671566E0,1.073485565E1,-3.033401489E1
2.562097907E2,-5.083848476E0,1.227382374E1,-2.984256744E1
2.562299568E2,-6.149646759E0,1.367274666E1,-2.921141052E1
2.562501217E2,-7.327267647E0,1.501022339E1,-2.873828888E1
2.562702877E2,-8.139454842E0,1.624794197E1,-2.821188354E1
2.562904537E2,-8.577555656E0,1.748966217E1,-2.749787140E1
2.563106198E2,-8.476055145E0,1.892608833E1,-2.736800385E1
2.563307847E2,-8.633287430E0,1.973270607E1,-2.717669678E1
2.563509507E2,-8.788089752E0,2.035146523E1,-2.676406860E1
2.563711168E2,-8.998491287E0,2.061337280E1,-2.658856201E1
2.563912817E2,-9.373339653E0,2.114057732E1,-2.656993103E1
2.564114477E2,-9.476202011E0,2.128345108E1,-2.611793518E1
2.564316137E2,-9.436712265E0,2.144977760E1,-2.626386261E1
2.564517787E2,-9.726512909E0,2.138780785E1,-2.653502655E1
2.564719447E2,-9.701890945E0,2.109130096E1,-2.670850372E1
2.564921107E2,-9.953284264E0,2.067024994E1,-2.713933563E1
2.565122767E2,-9.646610260E0,2.001896286E1,-2.762889862E1
2.565324417E2,-9.683931351E0,1.945144844E1,-2.822990417E1
2.565526077E2,-9.180763245E0,1.885835457E1,-2.897608948E1
2.565727737E2,-9.490126610E0,1.817681885E1,-3.000054932E1
2.565929387E2,-9.336912155E0,1.714628983E1,-3.057344055E1
2.566131047E2,-9.187032700E0,1.622946548E1,-3.130538177E1
2.566332707E2,-8.618319511E0,1.577367020E1,-3.209574127E1
2.566534358E2,-8.276588440E0,1.525454330E1,-3.253405762E1
2.566736017E2,-7.616599560E0,1.507675552E1,-3.345959473E1
2.566937677E2,-7.273762703E0,1.498751068E1,-3.384654236E1
2.567139337E2,-7.716193199E0,1.445302582E1,-3.440489197E1
2.567340988E2,-6.436857224E0,1.350079346E1,-3.445361328E1
2.567542647E2,-5.536396980E0,1.165642548E1,-3.570034790E1
2.567744307E2,-3.889757633E0,9.179911613E0,-3.733986664E1
2.567945958E2,-1.659811020E0,6.200936317E0,-3.842277527E1
2.568147617E2,2.069721222E-1,3.237716675E0,-3.929603577E1
2.568349277E2,2.778390884E0,-1.362163544E0,-3.970386505E1
2.568550928E2,4.168682098E0,-4.209636688E0,-3.963212585E1
2.568752588E2,5.264944077E0,-6.681571960E0,-3.930239105E1
2.568954247E2,6.198343277E0,-9.383853912E0,-3.902680969E1
2.569155898E2,6.680602074E0,-1.197691345E1,-3.825141144E1
2.569357558E2,6.787017822E0,-1.417142868E1,-3.747352600E1
2.569559210E2,7.001936913E0,-1.612298584E1,-3.686054230E1
2.569760870E2,7.110803604E0,-1.779545593E1,-3.580364227E1
2.569962520E2,7.443650246E0,-1.959750366E1,-3.470093536E1
2.570164180E2,7.454415321E0,-2.122816658E1,-3.415552521E1
2.570365840E2,7.249438286E0,-2.212551689E1,-3.354177856E1
2.570567490E2,7.241166115E0,-2.306231117E1,-3.272735596E1
2.570769150E2,7.403248787E0,-2.395605469E1,-3.216318512E1
2.570970810E2,7.667130470E0,-2.434693146E1,-3.166161346E1
2.571172460E2,8.097296715E0,-2.483802795E1,-3.118960571E1
2.571374120E2,8.476334572E0,-2.458257294E1,-3.144955444E1
2.571575780E2,9.056199074E0,-2.409045792E1,-3.132096863E1
2.571777440E2,9.707549095E0,-2.330867767E1,-3.143832397E1
2.571979090E2,1.104987049E1,-2.254065704E1,-3.155174255E1
2.572180750E2,1.240939522E1,-2.156427574E1,-3.203349304E1
2.572382410E2,1.368234444E1,-2.028171349E1,-3.223332214E1
2.572584060E2,1.553354740E1,-1.869703865E1,-3.247971344E1
2.572785720E2,1.729731560E1,-1.694218636E1,-3.267536163E1
2.572987380E2,1.925075912E1,-1.501732063E1,-3.248598480E1
2.573189040E2,2.069762039E1,-1.313461113E1,-3.277834320E1
2.573390690E2,2.182814789E1,-1.093778801E1,-3.296891022E1
2.573592350E2,2.294890976E1,-8.577045441E0,-3.302050781E1
2.573794010E2,2.408090782E1,-6.292285919E0,-3.282615662E1
2.573995660E2,2.487116241E1,-3.999023438E0,-3.294595337E1
2.574197320E2,2.507504272E1,-1.993028641E0,-3.271915436E1
2.574398980E2,2.501201630E1,-2.040615082E-1,-3.296960449E1
2.574600630E2,2.461908340E1,1.307432175E0,-3.330228424E1
2.574802290E2,2.450366020E1,2.712755203E0,-3.372299957E1
2.575003950E2,2.441628265E1,4.041300774E0,-3.342966461E1
2.575205610E2,2.483789062E1,5.009278297E0,-3.311943817E1
2.575407260E2,2.541998291E1,5.445668221E0,-3.260383606E1
2.575608920E2,2.609166336E1,5.465571404E0,-3.210174561E1
2.575810580E2,2.671364403E1,5.234958649E0,-3.157609558E1
2.576012230E2,2.755885506E1,4.976431847E0,-3.108514404E1
2.576213890E2,2.857049942E1,4.517944336E0,-3.032717133E1
2.576415550E2,2.996454239E1,3.890886307E0,-2.913684845E1
2.576617200E2,3.093162918E1,3.195190430E0,-2.832785797E1
2.576818860E2,3.158989716E1,2.646606445E0,-2.784920502E1
2.577020520E2,3.188005829E1,1.609678268E0,-2.753093719E1
2.577222180E2,3.181072235E1,6.956920624E-1,-2.785184479E1
2.577423830E2,3.169886017E1,-4.018974304E-1,-2.801371002E1
2.577625490E2,3.142061615E1,-1.415201187E0,-2.811365509E1
2.577827150E2,3.091813469E1,-2.731763840E0,-2.852509308E1
2.578028800E2,3.034911537E1,-3.898458481E0,-2.878997040E1
2.578230460E2,3.012327385E1,-5.014104843E0,-2.874749756E1
2.578432120E2,2.967610741E1,-5.974687576E0,-2.862463379E1
2.578633770E2,2.936046600E1,-6.766942978E0,-2.822030640E1
2.578835430E2,2.900834274E1,-7.528194427E0,-2.827470398E1
2.579037090E2,2.920816612E1,-8.277038574E0,-2.824051666E1
2.579238750E2,2.932375145E1,-8.796049118E0,-2.769689178E1
2.579440400E2,2.945967484E1,-9.174983978E0,-2.731506348E1
2.579642068E2,2.982905960E1,-9.355897903E0,-2.688462830E1
2.579843728E2,3.019597244E1,-9.656196594E0,-2.624779510E1
2.580045378E2,3.083448792E1,-9.576421738E0,-2.538155365E1
2.580247038E2,3.154347992E1,-9.740230560E0,-2.432455444E1
2.580448698E2,3.240391159E1,-9.501888275E0,-2.347251892E1
2.580650358E2,3.327862930E1,-9.191368103E0,-2.259358978E1
2.580852008E2,3.388932419E1,-8.900072098E0,-2.194211578E1
2.581053668E2,3.426112747E1,-8.486171722E0,-2.098077393E1
2.581255328E2,3.501639557E1,-7.990327835E0,-1.995182800E1
2.581456978E2,3.581951904E1,-7.478908539E0,-1.909779358E1
2.581658638E2,3.634908676E1,-6.831958771E0,-1.840873718E1
2.581860298E2,3.689836121E1,-6.388845444E0,-1.738100433E1
2.582061948E2,3.738484955E1,-5.939350128E0,-1.644727325E1
2.582263608E2,3.791758728E1,-5.403030396E0,-1.554946136E1
2.582465268E2,3.844860077E1,-4.813646317E0,-1.394212341E1
2.582666928E2,3.907927704E1,-4.123935699E0,-1.267098236E1
2.582868578E2,3.986804199E1,-3.785572052E0,-1.066128540E1
2.583070238E2,4.038293457E1,-3.008026123E0,-8.607353210E0
2.583271898E2,4.088640594E1,-2.180421829E0,-6.404907227E0
2.583473548E2,4.116063690E1,-1.469415665E0,-4.341857910E0
2.583675208E2,4.141940689E1,-6.488304138E-1,-2.043846130E0
2.583876868E2,4.141440964E1,-2.112941742E-1,2.191162109E-2
2.584078518E2,4.102299881E1,3.716487885E-1,1.466529846E0
2.584280178E2,4.078602600E1,8.418178558E-1,3.739730835E0
2.584481838E2,4.075103760E1,1.152610779E0,4.484931946E0
2.584683498E2,4.020848083E1,1.337779999E0,4.718368530E0
2.584885148E2,4.021153641E1,1.677904129E0,4.890319824E0
2.585086808E2,4.001312256E1,1.940135956E0,5.356681824E0
2.585288468E2,3.999237442E1,2.061126709E0,5.389518738E0
2.585490118E2,3.965409088E1,2.254257202E0,5.485183716E0
2.585691778E2,3.938452530E1,2.435911179E0,5.512237549E0
2.585893438E2,3.927751923E1,2.897384644E0,5.838684082E0
2.586095098E2,3.925436020E1,3.244016647E0,6.277214050E0
2.586296748E2,3.907157135E1,3.506704330E0,6.342010498E0
2.586498408E2,3.894808960E1,3.913457870E0,6.586021423E0
2.586700068E2,3.870925140E1,4.214042664E0,6.614555359E0
2.586901718E2,3.873694229E1,4.553112984E0,6.371009827E0
2.587103378E2,3.878949356E1,4.630468369E0,6.364128113E0
2.587305038E2,3.882836151E1,5.068068504E0,6.078224182E0
2.587506687E2,3.863420868E1,5.244734764E0,5.792602539E0
2.587708348E2,3.872859192E1,5.664026260E0,5.407524109E0
2.587910008E2,3.866372681E1,5.981398582E0,5.358200073E0
2.588111668E2,3.865577698E1,6.304080009E0,5.142654419E0
2.588313317E2,3.869776535E1,6.574259758E0,5.178138733E0
2.588514978E2,3.855509949E1,6.748388290E0,5.031883240E0
2.588716638E2,3.858977890E1,6.720503807E0,4.533981323E0
2.588918287E2,3.867589569E1,6.483017921E0,3.478721619E0
2.589119948E2,3.872481537E1,6.603042603E0,2.508537292E0
2.589321608E2,3.876840973E1,6.877083778E0,2.037765503E0
2.589523261E2,3.846480560E1,7.429567337E0,1.796691895E0
2.589724911E2,3.847434998E1,7.943583488E0,2.024032593E0
2.589926571E2,3.836033630E1,8.670304298E0,2.689353943E0
2.590128231E2,3.804573441E1,9.166907310E0,3.494148254E0
2.590329881E2,3.821754456E1,1.009676266E1,4.747352600E0
2.590531541E2,3.796441650E1,1.032996082E1,5.932815552E0
2.590733201E2,3.749288940E1,1.086581802E1,6.700942993E0
2.590934851E2,3.744681549E1,1.127941799E1,7.793029785E0
2.591136511E2,3.711540985E1,1.141369057E1,8.658554077E0
2.591338171E2,3.704390717E1,1.145427990E1,9.877021790E0
2.591539831E2,3.665749359E1,1.138064957E1,1.091024017E1
2.591741481E2,3.647081757E1,1.143134308E1,1.199246216E1
2.591943141E2,3.599363708E1,1.147129631E1,1.285618591E1
2.592144801E2,3.591909027E1,1.126169395E1,1.353551483E1
2.592346451E2,3.565822983E1,1.125722408E1,1.470265961E1
2.592548111E2,3.562372589E1,1.117120647E1,1.490685272E1
2.592749771E2,3.553981018E1,1.129619408E1,1.504012299E1
2.592951431E2,3.526750565E1,1.156579685E1,1.544361115E1
2.593153081E2,3.509205627E1,1.174429035E1,1.570387268E1
2.593354741E2,3.473794174E1,1.213614082E1,1.570366669E1
2.593556401E2,3.454248047E1,1.252897644E1,1.606363678E1
2.593758051E2,3.457727051E1,1.287091541E1,1.615974426E1
2.593959711E2,3.465370941E1,1.319405365E1,1.621988678E1
2.594161371E2,3.424188995E1,1.375721264E1,1.640904999E1
2.594363031E2,3.422563934E1,1.399179935E1,1.611398315E1
2.594564681E2,3.410907745E1,1.448126793E1,1.607673645E1
2.594766341E2,3.416004181E1,1.459484863E1,1.550248718E1
2.594968001E2,3.427141190E1,1.508363533E1,1.573833466E1
2.595169651E2,3.425443649E1,1.552611732E1,1.524711609E1
2.595371311E2,3.403325653E1,1.605253410E1,1.491718292E1
2.595572971E2,3.405250549E1,1.678537941E1,1.428440857E1
2.595774621E2,3.377017212E1,1.773558807E1,1.379865265E1
2.595976281E2,3.352323151E1,1.882852173E1,1.328583527E1
2.596177941E2,3.323335266E1,1.984659386E1,1.285942841E1
2.596379601E2,3.266460800E1,2.086395645E1,1.233799744E1
2.596581251E2,3.227359390E1,2.183901787E1,1.216223145E1
2.596782911E2,3.178840446E1,2.301028252E1,1.178773499E1
2.596984571E2,3.139026260E1,2.376008987E1,1.108181000E1
2.597186221E2,3.100830078E1,2.454058075E1,1.081169128E1
2.597387881E2,3.067266083E1,2.515668678E1,1.035300446E1
2.597589541E2,3.066130257E1,2.573976517E1,9.960426331E0
2.597791201E2,3.043287849E1,2.617662430E1,9.573463440E0
2.597992851E2,3.047472763E1,2.658007050E1,9.112297058E0
2.598194511E2,3.035013199E1,2.677127838E1,8.628715515E0
2.598396171E2,2.983174515E1,2.705696106E1,7.797859192E0
2.598597821E2,2.989251328E1,2.732266617E1,7.216621399E0
2.598799481E2,2.970427132E1,2.757202530E1,6.858680725E0
2.599001141E2,2.950070381E1,2.771813583E1,6.567184448E0
2.599202791E2,2.937661934E1,2.783881760E1,6.220680237E0
2.599404451E2,2.936662102E1,2.795467186E1,6.061134338E0
2.599606115E2,2.907654762E1,2.817886543E1,5.975952148E0
2.599807775E2,2.873435783E1,2.853416061E1,5.896949768E0
2.600009425E2,2.807245827E1,2.878850365E1,6.212669373E0
2.600211085E2,2.734398270E1,2.935770607E1,7.125434875E0
2.600412745E2,2.674309921E1,2.991386604E1,8.161079407E0
2.600614395E2,2.595590401E1,3.038831711E1,9.078620911E0
2.600816055E2,2.500356293E1,3.079729462E1,1.000264740E1
2.601017715E2,2.429656601E1,3.111725235E1,1.095932770E1
2.601219375E2,2.416403961E1,3.120634842E1,1.183124542E1
2.601421025E2,2.390026283E1,3.096588707E1,1.290954590E1
2.601622685E2,2.398903275E1,3.064506721E1,1.449272919E1
2.601824345E2,2.384233093E1,3.036276245E1,1.547084045E1
2.602025995E2,2.382806778E1,3.010300827E1,1.647270966E1
2.602227655E2,2.396107864E1,2.966675186E1,1.692702484E1
2.602429315E2,2.477359390E1,2.901802063E1,1.738365936E1
2.602630975E2,2.558047867E1,2.844217682E1,1.777964020E1
2.602832625E2,2.622600555E1,2.756317139E1,1.799381256E1
2.603034285E2,2.703938103E1,2.662875748E1,1.856455994E1
2.603235945E2,2.741851425E1,2.609862328E1,1.852709961E1
2.603437595E2,2.788679504E1,2.549675941E1,1.867855835E1
2.603639255E2,2.848050690E1,2.497203064E1,1.894733429E1
2.603840915E2,2.864284515E1,2.453900146E1,1.918289948E1
2.604042575E2,2.896714783E1,2.397359467E1,1.934558868E1
2.604244225E2,2.941414642E1,2.331035042E1,1.935671234E1
2.604445885E2,2.977268028E1,2.277639580E1,1.952628326E1
2.604647545E2,3.021293449E1,2.212023163E1,1.991571808E1
2.604849195E2,3.060076141E1,2.117352104E1,1.995183563E1
2.605050855E2,3.120444870E1,2.035120010E1,2.014035797E1
2.605252515E2,3.190965271E1,1.943958855E1,2.009769440E1
2.605454175E2,3.233941269E1,1.865725708E1,1.981184387E1
2.605655825E2,3.279367065E1,1.836275864E1,1.955426025E1
2.605857485E2,3.313437653E1,1.785636139E1,1.969683838E1
2.606059145E2,3.316419220E1,1.779902267E1,1.927223206E1
2.606260795E2,3.321449280E1,1.802367020E1,1.896903229E1
2.606462455E2,3.296537781E1,1.840648651E1,1.860393524E1
2.606664115E2,3.321400452E1,1.938100624E1,1.807235718E1
2.606865775E2,3.267017365E1,1.995705795E1,1.782234955E1
2.607067425E2,3.217137146E1,2.104397583E1,1.694721985E1
2.607269085E2,3.188542557E1,2.207583809E1,1.637255859E1
2.607470745E2,3.123862457E1,2.298993683E1,1.601335144E1
2.607672395E2,3.052553177E1,2.400395203E1,1.564360809E1
2.607874055E2,2.988043594E1,2.508627892E1,1.525241852E1
2.608075715E2,2.917490959E1,2.624319458E1,1.411806488E1
2.608277365E2,2.827597809E1,2.771022797E1,1.201028442E1
2.608479025E2,2.787635803E1,2.837729263E1,1.042055511E1
2.608680685E2,2.761578369E1,2.906204224E1,8.773208618E0
2.608882345E2,2.728153610E1,2.936544418E1,7.144882202E0
2.609083995E2,2.716485405E1,2.987306976E1,5.526939392E0
2.609285655E2,2.697796631E1,3.010468102E1,3.694564819E0
2.609487315E2,2.669434357E1,3.031554222E1,1.922325134E0
2.609688970E2,2.637349701E1,3.050555229E1,-2.108078003E-1
2.609890630E2,2.600890350E1,3.077355957E1,-1.838966370E0
2.610092290E2,2.587914467E1,3.054890442E1,-2.863410950E0
2.610293950E2,2.578630829E1,3.064190292E1,-3.939537048E0
2.610495600E2,2.562578964E1,3.060225868E1,-4.296653748E0
2.610697260E2,2.547271729E1,3.058964157E1,-4.929336548E0
2.610898920E2,2.534775925E1,3.082320404E1,-4.844009399E0
2.611100570E2,2.518442535E1,3.109856224E1,-4.278465271E0
2.611302230E2,2.501351166E1,3.143015289E1,-3.229339600E0
2.611503890E2,2.461648941E1,3.185356903E1,-2.613189697E0
2.611705550E2,2.429560471E1,3.211688614E1,-1.398513794E0
2.611907200E2,2.383017159E1,3.271143341E1,-2.731323242E-3
2.612108860E2,2.327073288E1,3.317240906E1,1.777587891E0
2.612310520E2,2.291869736E1,3.349214935E1,3.583671570E0
2.612512170E2,2.273252106E1,3.358317184E1,5.440200806E0
2.612713830E2,2.266471100E1,3.336671448E1,7.176681519E0
2.612915490E2,2.240571213E1,3.304905319E1,8.852119446E0
2.613117150E2,2.219546127E1,3.290008545E1,1.072784424E1
2.613318800E2,2.222148514E1,3.277427673E1,1.262837219E1
2.613520460E2,2.148379517E1,3.249477386E1,1.442454529E1
2.613722120E2,2.090279961E1,3.217992401E1,1.586219025E1
2.613923770E2,2.078373718E1,3.175099564E1,1.699806976E1
2.614125430E2,2.083256912E1,3.121017647E1,1.812147522E1
2.614327090E2,2.094699478E1,3.097734451E1,1.882794189E1
2.614528750E2,2.140494537E1,3.054194260E1,1.924481201E1
2.614730400E2,2.200660324E1,3.013513184E1,1.928383636E1
2.614932060E2,2.293514252E1,2.953374672E1,1.886657715E1
2.615133720E2,2.403798676E1,2.914730453E1,1.809266663E1
2.615335370E2,2.506277847E1,2.858718872E1,1.734911346E1
2.615537030E2,2.593655777E1,2.796608734E1,1.691636658E1
2.615738690E2,2.686469650E1,2.734113693E1,1.639513397E1
2.615940350E2,2.756324387E1,2.664944077E1,1.607749939E1
2.616142000E2,2.842958260E1,2.589850616E1,1.561578369E1
2.616343660E2,2.938965797E1,2.487935448E1,1.560524750E1
2.616545320E2,3.003790665E1,2.416534042E1,1.546508789E1
2.616746970E2,3.055185318E1,2.359349632E1,1.556254578E1
2.616948630E2,3.125143814E1,2.309121895E1,1.532051086E1
2.617150290E2,3.177519989E1,2.265751457E1,1.496901703E1
2.617351950E2,3.189640808E1,2.218099976E1,1.453946686E1
2.617553600E2,3.207265854E1,2.176991272E1,1.444739532E1
2.617755260E2,3.222772217E1,2.185483551E1,1.401475525E1
2.617956920E2,3.207758331E1,2.201218987E1,1.397058868E1
2.618158570E2,3.191395760E1,2.212480545E1,1.424707794E1
2.618360230E2,3.160563660E1,2.237809372E1,1.442621613E1
2.618561890E2,3.138876343E1,2.259901428E1,1.448445892E1
2.618763550E2,3.111956406E1,2.304957390E1,1.501463318E1
2.618965200E2,3.101721191E1,2.353418350E1,1.545652008E1
2.619166860E2,3.045970154E1,2.398447609E1,1.531028748E1
2.619368520E2,3.004571533E1,2.482452011E1,1.527177429E1
2.619570168E2,2.986123276E1,2.567731857E1,1.498645020E1
2.619771828E2,2.952160645E1,2.645684052E1,1.463643646E1
2.619973488E2,2.927203369E1,2.738867950E1,1.398616028E1
2.620175148E2,2.902315903E1,2.773687363E1,1.338545227E1
2.620376798E2,2.841283417E1,2.868701172E1,1.251714325E1
2.620578458E2,2.834379005E1,2.935900879E1,1.194361877E1
2.620780118E2,2.798876572E1,2.996939087E1,1.120963287E1
2.620981768E2,2.788200188E1,3.058713531E1,1.077581024E1
2.621183428E2,2.783664703E1,3.078089142E1,9.968368530E0
2.621385088E2,2.751882553E1,3.122167587E1,9.082466125E0
2.621586748E2,2.746775055E1,3.173515320E1,8.080116272E0
2.621788398E2,2.740294647E1,3.212795639E1,7.156066895E0
2.621990058E2,2.753268433E1,3.249576187E1,6.432952881E0
2.622191718E2,2.747484207E1,3.243445206E1,5.871635437E0
2.622393368E2,2.751198006E1,3.249797821E1,5.334350586E0
2.622595028E2,2.771718788E1,3.249960327E1,4.891334534E0
2.622796688E2,2.762479401E1,3.245508957E1,3.816253662E0
2.622998348E2,2.765151215E1,3.263314819E1,3.248237610E0
2.623199998E2,2.738442612E1,3.293794250E1,2.468170166E0
2.623401658E2,2.714554977E1,3.318754578E1,2.227210999E0
2.623603318E2,2.670442581E1,3.354253387E1,1.646812439E0
2.623804968E2,2.654983711E1,3.366323853E1,1.614524841E0
2.624006628E2,2.610325050E1,3.404576492E1,2.345535278E0
2.624208288E2,2.598479080E1,3.432708359E1,3.355278015E0
2.624409948E2,2.504684258E1,3.467972565E1,4.946624756E0
2.624611598E2,2.487850380E1,3.489489746E1,6.246810913E0
2.624813258E2,2.434980774E1,3.490647507E1,7.785614014E0
2.625014918E2,2.384548569E1,3.467147827E1,1.013705444E1
2.625216568E2,2.352345276E1,3.446811295E1,1.202328491E1
2.625418228E2,2.297841454E1,3.419791412E1,1.347176361E1
2.625619888E2,2.277405548E1,3.382710266E1,1.490053558E1
2.625821548E2,2.261575127E1,3.333358383E1,1.625833893E1
2.626023198E2,2.214987564E1,3.278065872E1,1.782801056E1
2.626224858E2,2.223026276E1,3.191944122E1,1.935540771E1
2.626426518E2,2.246796417E1,3.112036133E1,2.056188202E1
2.626628168E2,2.261787415E1,3.051349640E1,2.167456055E1
2.626829828E2,2.293126297E1,2.965304184E1,2.259217834E1
2.627031488E2,2.299403763E1,2.913697433E1,2.338179016E1
2.627233148E2,2.324753189E1,2.872528458E1,2.362913513E1
2.627434798E2,2.355751801E1,2.815384674E1,2.389938354E1
2.627636458E2,2.408495331E1,2.765771103E1,2.436474609E1
2.627838118E2,2.418090057E1,2.709386444E1,2.434136963E1
2.628039768E2,2.439701843E1,2.662406540E1,2.439678955E1
2.628241428E2,2.487487030E1,2.578775787E1,2.497812653E1
2.628443088E2,2.527295113E1,2.496764755E1,2.531153107E1
2.628644737E2,2.572122955E1,2.402967834E1,2.616510010E1
2.628846398E2,2.619772720E1,2.299345016E1,2.688731384E1
2.629048058E2,2.666999817E1,2.191019821E1,2.713788605E1
2.629249718E2,2.743529701E1,2.095412827E1,2.731562805E1
2.629451368E2,2.818302345E1,1.995444107E1,2.756710052E1
2.629653025E2,2.847497559E1,1.924985695E1,2.755625153E1
2.629854685E2,2.877648163E1,1.858617783E1,2.815014648E1
2.630056345E2,2.844309616E1,1.861629295E1,2.832378387E1
2.630257995E2,2.830294418E1,1.912040329E1,2.858621979E1
2.630459655E2,2.788774490E1,1.967091942E1,2.839157867E1
2.630661315E2,2.752842712E1,2.086071205E1,2.834187317E1
2.630862965E2,2.736256027E1,2.178665924E1,2.829038239E1
2.631064625E2,2.703020477E1,2.307734299E1,2.760382080E1
2.631266285E2,2.672824478E1,2.445503807E1,2.659045410E1
2.631467945E2,2.659555817E1,2.579083061E1,2.557793427E1
2.631669595E2,2.642587662E1,2.727993393E1,2.488890076E1
2.631871255E2,2.653636742E1,2.856533813E1,2.363153839E1
2.632072915E2,2.650724602E1,2.980852127E1,2.262782288E1
2.632274565E2,2.604276657E1,3.176799202E1,2.034031677E1
2.632476225E2,2.606093597E1,3.293475342E1,1.912396240E1
2.632677885E2,2.559681320E1,3.401907349E1,1.748093414E1
2.632879545E2,2.508573151E1,3.494014740E1,1.561856079E1
2.633081195E2,2.478792572E1,3.583475494E1,1.413424683E1
2.633282855E2,2.451936913E1,3.665982819E1,1.235324097E1
2.633484515E2,2.397266006E1,3.732531738E1,1.064025116E1
2.633686165E2,2.366158295E1,3.766803360E1,8.571418762E0
2.633887825E2,2.295286179E1,3.810748291E1,6.661254883E0
2.634089485E2,2.227252579E1,3.875895691E1,4.981246948E0
2.634291145E2,2.194882584E1,3.924037170E1,3.612083435E0
2.634492795E2,2.157297897E1,3.937647629E1,2.508117676E0
2.634694455E2,2.118774796E1,3.953709412E1,1.691986084E0
2.634896115E2,2.099970627E1,3.957167816E1,1.184150696E0
2.635097765E2,2.059624100E1,3.978622437E1,1.299537659E0
2.635299425E2,2.007047462E1,4.039630508E1,1.366569519E0
2.635501085E2,1.912095451E1,4.055793762E1,1.672744751E0
2.635702745E2,1.863044739E1,4.069412231E1,2.645912170E0
2.635904395E2,1.799027252E1,4.094780731E1,3.503799438E0
2.636106055E2,1.773263550E1,4.106405640E1,4.823104858E0
2.636307715E2,1.741403961E1,4.120972443E1,6.825744629E0
2.636509375E2,1.687162018E1,4.106052399E1,8.848594666E0
2.636711025E2,1.617097855E1,4.075682831E1,1.109475708E1
2.636912685E2,1.601375389E1,4.048348618E1,1.305143738E1
2.637114345E2,1.587730312E1,3.994050598E1,1.510139465E1
2.637316005E2,1.585637379E1,3.927095032E1,1.716201019E1
2.637517655E2,1.566338158E1,3.841175842E1,1.959832764E1
2.637719315E2,1.585736275E1,3.752261353E1,2.156773376E1
2.637920975E2,1.648474503E1,3.653420258E1,2.307797241E1
2.638122625E2,1.712724686E1,3.543185043E1,2.444773102E1
2.638324285E2,1.805534744E1,3.435195541E1,2.576573944E1
2.638525945E2,1.904190445E1,3.297034454E1,2.705265808E1
2.638727605E2,1.953984833E1,3.144848633E1,2.851306915E1
2.638929255E2,1.957110977E1,3.037339973E1,2.974610138E1
2.639130915E2,1.981398392E1,2.930727196E1,3.076152802E1
2.639332575E2,2.014077377E1,2.810997963E1,3.159919739E1
2.639534235E2,2.082899857E1,2.657923126E1,3.241699219E1
2.639735885E2,2.150736427E1,2.481139374E1,3.347003174E1
2.639937545E2,2.229070663E1,2.324815369E1,3.408428192E1
2.640139205E2,2.310161972E1,2.201747894E1,3.469380188E1
2.640340865E2,2.407072830E1,2.063612556E1,3.469351959E1
2.640542515E2,2.475329399E1,1.985426331E1,3.478376770E1
2.640744175E2,2.507540703E1,1.948907280E1,3.497824097E1
2.640945835E2,2.508344841E1,1.959571266E1,3.498278809E1
2.641147495E2,2.498565865E1,1.988204765E1,3.507145691E1
2.641349145E2,2.478534889E1,2.052471542E1,3.496535492E1
2.641550805E2,2.411938477E1,2.135226440E1,3.455598450E1
2.641752465E2,2.352296066E1,2.284460449E1,3.423818970E1
2.641954125E2,2.236029625E1,2.489323235E1,3.380122375E1
2.642155775E2,2.056928635E1,2.709120369E1,3.317387390E1
2.642357435E2,1.894530296E1,2.925183296E1,3.188675690E1
2.642559095E2,1.740779686E1,3.116865540E1,3.049932098E1
2.642760755E2,1.578571320E1,3.262496948E1,2.927321625E1
2.642962405E2,1.474737549E1,3.404301453E1,2.806908417E1
2.643164065E2,1.356169033E1,3.532109451E1,2.659265900E1
2.643365725E2,1.251930332E1,3.638249969E1,2.475084686E1
2.643567385E2,1.182517338E1,3.758655548E1,2.269979858E1
2.643769035E2,1.126429653E1,3.869055557E1,1.960997009E1
2.643970695E2,1.154449272E1,4.006912231E1,1.665468597E1
2.644172355E2,1.132213211E1,4.076045609E1,1.303725433E1
2.644374015E2,1.155826759E1,4.158198929E1,9.633636475E0
2.644575665E2,1.235920811E1,4.155105591E1,6.381080627E0
2.644777325E2,1.322511959E1,4.164405060E1,2.907478333E0
2.644978985E2,1.390721321E1,4.143488312E1,1.373291016E-3
2.645180645E2,1.406211853E1,4.117736435E1,-2.612838745E0
2.645382295E2,1.412910938E1,4.068921280E1,-4.732673645E0
2.645583955E2,1.426833630E1,4.002309036E1,-6.639770508E0
2.645785615E2,1.439146805E1,3.950608063E1,-8.764122009E0
2.645987275E2,1.447153187E1,3.904421616E1,-1.025191498E1
2.646188925E2,1.435173702E1,3.862283325E1,-1.123285675E1
2.646390585E2,1.366142273E1,3.852236176E1,-1.221831512E1
2.646592245E2,1.328762817E1,3.850714874E1,-1.255632782E1
2.646793905E2,1.272847748E1,3.868902588E1,-1.230597687E1
2.646995555E2,1.236120796E1,3.895160675E1,-1.184862518E1
2.647197215E2,1.203735352E1,3.945002365E1,-1.086572266E1
2.647398875E2,1.169213581E1,3.994680023E1,-8.983726501E0
2.647600535E2,1.135790634E1,4.074489594E1,-6.856361389E0
2.647802185E2,1.075800991E1,4.147209930E1,-4.481651306E0
2.648003845E2,9.807621956E0,4.208757782E1,-1.963516235E0
2.648205505E2,8.935013771E0,4.264480972E1,9.382247925E-1
2.648407165E2,7.632473946E0,4.259944153E1,5.008140564E0
2.648608815E2,7.147303581E0,4.258662033E1,8.143707275E0
2.648810475E2,6.492187500E0,4.208480835E1,1.121745300E1
2.649012135E2,6.207165718E0,4.143701935E1,1.374005127E1
2.649213795E2,5.898406982E0,4.090574646E1,1.587378693E1
2.649415445E2,6.184368134E0,4.002457428E1,1.782512665E1
2.649617107E2,6.288491249E0,3.941891098E1,1.948050690E1
2.649818767E2,5.602336884E0,3.882594299E1,2.100405884E1
2.650020427E2,4.097200394E0,3.844911194E1,2.236157227E1
2.650222077E2,2.502671242E0,3.807704926E1,2.339219666E1
2.650423737E2,9.024801254E-1,3.813778687E1,2.394436646E1
2.650625397E2,4.153900146E-1,3.815502930E1,2.430994415E1
2.650827057E2,3.900222778E-1,3.764610291E1,2.499871063E1
2.651028707E2,8.568105698E-1,3.694087219E1,2.580743408E1
2.651230367E2,1.420069695E0,3.625738525E1,2.697126770E1
2.651432027E2,2.098607063E0,3.605939484E1,2.718994141E1
2.651633687E2,3.283849716E0,3.567474365E1,2.771794128E1
2.651835337E2,4.611324310E0,3.525852966E1,2.741030121E1
2.652036997E2,5.714965820E0,3.503008270E1,2.736253357E1
2.652238657E2,7.039554596E0,3.471917343E1,2.751989746E1
2.652440317E2,7.743856430E0,3.448337173E1,2.726271820E1
2.652641967E2,8.608667374E0,3.424678421E1,2.741857147E1
2.652843627E2,9.102300644E0,3.423883057E1,2.731362152E1
2.653045287E2,9.597154617E0,3.393892288E1,2.715037537E1
2.653246947E2,9.667469025E0,3.378518295E1,2.709419250E1
2.653448597E2,9.682340622E0,3.387783813E1,2.698731232E1
2.653650257E2,9.513317108E0,3.383517456E1,2.713257599E1
2.653851917E2,9.270751953E0,3.372407150E1,2.709721375E1
2.654053567E2,9.309529305E0,3.369983673E1,2.695189667E1
2.654255227E2,9.012484550E0,3.377878189E1,2.668533325E1
2.654456887E2,8.634951591E0,3.384849167E1,2.637393188E1
2.654658547E2,8.302741051E0,3.429552460E1,2.605388641E1
2.654860197E2,8.002001762E0,3.505248642E1,2.506287384E1
2.655061857E2,6.989803314E0,3.608182907E1,2.325445557E1
2.655263517E2,6.074486732E0,3.718860245E1,2.125450134E1
2.655465177E2,5.431559563E0,3.829232407E1,1.937052917E1
2.655666827E2,4.888574600E0,3.891014099E1,1.742462158E1
2.655868487E2,4.647018433E0,3.977108002E1,1.584981537E1
2.656070147E2,4.439550400E0,4.032723999E1,1.404924011E1
2.656271807E2,4.334286690E0,4.081354523E1,1.207212067E1
2.656473457E2,3.973015785E0,4.177784729E1,8.786010742E0
2.656675117E2,3.837895393E0,4.199965668E1,7.053840637E0
2.656876777E2,3.833848953E0,4.218806839E1,4.785057068E0
2.657078427E2,3.375878334E0,4.245991516E1,3.074485779E0
2.657280087E2,3.088539124E0,4.269110107E1,1.425689697E0
2.657481747E2,2.691710472E0,4.269972992E1,-3.888549805E-1
2.657683407E2,2.420741081E0,4.250796509E1,-1.851913452E0
2.657885057E2,1.808299065E0,4.224866104E1,-3.374275208E0
2.658086717E2,1.234205246E0,4.201309204E1,-4.611717224E0
2.658288377E2,5.280590057E-1,4.214746857E1,-5.888320923E0
2.658490037E2,-2.126197815E-1,4.192773056E1,-7.118072510E0
2.658691687E2,-1.150321007E0,4.157714081E1,-8.219108582E0
2.658893347E2,-2.196772575E0,4.119766235E1,-9.532943726E0
2.659095007E2,-3.163047791E0,4.092178345E1,-1.047781372E1
2.659296657E2,-3.844197273E0,4.056147003E1,-1.131661987E1
2.659498317E2,-4.775684357E0,4.017844009E1,-1.210357666E1
2.659699973E2,-6.004866600E0,3.985103607E1,-1.256184387E1
2.659901633E2,-7.132638931E0,3.949407959E1,-1.320460510E1
2.660103283E2,-7.972741127E0,3.919064331E1,-1.385296631E1
2.660304943E2,-8.766384125E0,3.913731384E1,-1.353968048E1
2.660506603E2,-9.716436386E0,3.912618256E1,-1.319078827E1
2.660708263E2,-1.063496017E1,3.918783569E1,-1.284088898E1
2.660909913E2,-1.125442982E1,3.931769562E1,-1.172473145E1
2.661111573E2,-1.159405708E1,3.967625427E1,-1.119799805E1
2.661313233E2,-1.138350868E1,4.024759674E1,-9.756828308E0
2.661514883E2,-1.144490528E1,4.076142883E1,-7.622863770E0
2.661716543E2,-1.154448128E1,4.141386414E1,-5.128593445E0
2.661918203E2,-1.156958294E1,4.161552048E1,-2.594131470E0
2.662119863E2,-1.172639275E1,4.170866394E1,-9.345016479E-1
2.662321513E2,-1.211064720E1,4.166683197E1,2.899627686E-1
2.662523173E2,-1.254214001E1,4.155081940E1,1.051734924E0
2.662724833E2,-1.337323856E1,4.124243164E1,1.868247986E0
2.662926493E2,-1.422995663E1,4.090743256E1,2.067771912E0
2.663128143E2,-1.503931046E1,4.085756683E1,2.083366394E0
2.663329803E2,-1.558027649E1,4.073816681E1,2.013854980E0
2.663531463E2,-1.582521248E1,4.068472672E1,2.464286804E0
2.663733113E2,-1.616136169E1,4.033285141E1,2.308647156E0
2.663934773E2,-1.619609261E1,4.035846329E1,2.521812439E0
2.664136433E2,-1.635335541E1,4.037488556E1,2.801872253E0
2.664338093E2,-1.633781815E1,4.038055038E1,2.909019470E0
2.664539743E2,-1.660462379E1,4.047000885E1,2.879455566E0
2.664741403E2,-1.646257591E1,4.032254028E1,2.748825073E0
2.664943063E2,-1.672220612E1,4.045650482E1,3.169975281E0
2.665144713E2,-1.699311829E1,4.027276230E1,3.410308838E0
2.665346373E2,-1.719126892E1,3.998919678E1,3.124214172E0
2.665548033E2,-1.736326218E1,4.002783203E1,3.176353455E0
2.665749693E2,-1.766469955E1,4.005354309E1,2.571380615E0
2.665951343E2,-1.804612923E1,3.986208344E1,1.951843262E0
2.666153003E2,-1.845223236E1,3.967622375E1,1.180442810E0
2.666354663E2,-1.900097275E1,3.960863495E1,7.657241821E-1
2.666556323E2,-1.931979179E1,3.936630249E1,-1.375045776E-1
2.666757973E2,-1.994228745E1,3.925983429E1,-9.011917114E-1
2.666959633E2,-2.012425613E1,3.915287018E1,-1.921363831E0
2.667161293E2,-2.056912804E1,3.882615662E1,-2.818054199E0
2.667362943E2,-2.112100983E1,3.854113770E1,-3.721038818E0
2.667564603E2,-2.178293228E1,3.819457245E1,-4.883697510E0
2.667766263E2,-2.252667809E1,3.779620361E1,-5.112724304E0
2.667967923E2,-2.289597702E1,3.753307343E1,-5.705902100E0
2.668169573E2,-2.320295334E1,3.717086029E1,-6.193778992E0
2.668371233E2,-2.372360992E1,3.681327057E1,-6.282081604E0
2.668572893E2,-2.409436798E1,3.629776382E1,-6.660125732E0
2.668774543E2,-2.524955368E1,3.552627563E1,-7.293708801E0
2.668976203E2,-2.617660904E1,3.456702805E1,-8.073730469E0
2.669177863E2,-2.704078865E1,3.345114899E1,-9.735374451E0
2.669379523E2,-2.752775574E1,3.260345840E1,-1.118790436E1
2.669581172E2,-2.793765259E1,3.155252075E1,-1.262251282E1
2.669782832E2,-2.825742340E1,3.077640915E1,-1.382148743E1
2.669984492E2,-2.843435287E1,2.992517090E1,-1.535994720E1
2.670186142E2,-2.836914825E1,2.891875076E1,-1.670456696E1
2.670387802E2,-2.853121567E1,2.798755264E1,-1.848346710E1
2.670589462E2,-2.849086761E1,2.700820160E1,-1.994283295E1
2.670791122E2,-2.824979019E1,2.647612000E1,-2.145859528E1
2.670992772E2,-2.752729988E1,2.590370750E1,-2.247608948E1
2.671194432E2,-2.710412216E1,2.582129669E1,-2.343092346E1
2.671396092E2,-2.678119278E1,2.527242851E1,-2.416415405E1
2.671597752E2,-2.672833061E1,2.491116714E1,-2.468083191E1
2.671799402E2,-2.654367256E1,2.426272964E1,-2.515359497E1
2.672001062E2,-2.676959229E1,2.368345642E1,-2.559455109E1
2.672202722E2,-2.675369644E1,2.311436844E1,-2.591907501E1
2.672404372E2,-2.698705292E1,2.241925049E1,-2.597400665E1
2.672606032E2,-2.722682571E1,2.207965088E1,-2.640602112E1
2.672807692E2,-2.779205322E1,2.185505295E1,-2.648193359E1
2.673009342E2,-2.802779770E1,2.156093597E1,-2.624658203E1
2.673211002E2,-2.846951103E1,2.147947693E1,-2.592604828E1
2.673412662E2,-2.875101662E1,2.150421906E1,-2.554331207E1
2.673614322E2,-2.901825333E1,2.201539803E1,-2.484998322E1
2.673815972E2,-2.964039230E1,2.268603134E1,-2.383787537E1
2.674017632E2,-3.026701736E1,2.313568497E1,-2.248066711E1
2.674219292E2,-3.071784210E1,2.404558372E1,-2.126735687E1
2.674420952E2,-3.125065041E1,2.487198257E1,-1.958718872E1
2.674622602E2,-3.140717697E1,2.589827538E1,-1.794701385E1
2.674824262E2,-3.174438095E1,2.637011337E1,-1.649031067E1
2.675025922E2,-3.173289871E1,2.661610794E1,-1.593382263E1
2.675227572E2,-3.179009628E1,2.672182083E1,-1.599427032E1
2.675429232E2,-3.194562149E1,2.639357948E1,-1.580280304E1
2.675630892E2,-3.195243835E1,2.643298340E1,-1.577031708E1
2.675832552E2,-3.220212173E1,2.628651047E1,-1.519966888E1
2.676034202E2,-3.258400345E1,2.634806252E1,-1.500432587E1
2.676235862E2,-3.273143768E1,2.656691170E1,-1.454872131E1
2.676437522E2,-3.276651001E1,2.689186287E1,-1.429673767E1
2.676639172E2,-3.257002258E1,2.721768761E1,-1.418540955E1
2.676840832E2,-3.231442261E1,2.759978104E1,-1.392611694E1
2.677042492E2,-3.192785835E1,2.773883629E1,-1.416401672E1
2.677244152E2,-3.143819046E1,2.829514694E1,-1.431343842E1
2.677445802E2,-3.099491501E1,2.901133537E1,-1.437256622E1
2.677647462E2,-3.032814026E1,2.963478851E1,-1.467668152E1
2.677849122E2,-2.963388443E1,3.003593826E1,-1.502210999E1
2.678050772E2,-2.939642334E1,3.027000427E1,-1.529581451E1
2.678252432E2,-2.916357040E1,3.018778229E1,-1.610422516E1
2.678454092E2,-2.869837379E1,2.976815414E1,-1.661997223E1
2.678655752E2,-2.853026199E1,2.920737457E1,-1.766922760E1
2.678857402E2,-2.817052269E1,2.852429008E1,-1.869019318E1
2.679059062E2,-2.818451881E1,2.791049385E1,-1.983528137E1
2.679260722E2,-2.843033791E1,2.710437202E1,-2.081115723E1
2.679462372E2,-2.850770569E1,2.624993324E1,-2.159269714E1
2.679664036E2,-2.835941696E1,2.516426849E1,-2.238789368E1
2.679865696E2,-2.853884888E1,2.418049622E1,-2.341144562E1
2.680067356E2,-2.827474976E1,2.291496849E1,-2.424271393E1
2.680269006E2,-2.820695877E1,2.177455711E1,-2.531340027E1
2.680470666E2,-2.789843559E1,2.052773094E1,-2.621092224E1
2.680672326E2,-2.814598846E1,2.019489670E1,-2.637506866E1
2.680873976E2,-2.848892784E1,1.972994232E1,-2.606912994E1
2.681075636E2,-2.859085274E1,1.927294350E1,-2.614652252E1
2.681277296E2,-2.817250061E1,1.822739029E1,-2.682198334E1
2.681478956E2,-2.753552246E1,1.733595657E1,-2.777530670E1
2.681680606E2,-2.687586784E1,1.634841537E1,-2.846934509E1
2.681882266E2,-2.638423157E1,1.556938362E1,-2.935921478E1
2.682083926E2,-2.601886368E1,1.460982704E1,-2.972995758E1
2.682285576E2,-2.593944168E1,1.339380932E1,-2.950222778E1
2.682487236E2,-2.630157089E1,1.223030663E1,-2.950965881E1
2.682688896E2,-2.653615761E1,1.086485958E1,-2.938539124E1
2.682890556E2,-2.653568649E1,9.824789047E0,-2.989099121E1
2.683092206E2,-2.634981155E1,9.238983154E0,-3.008030701E1
2.683293866E2,-2.590320969E1,9.298684120E0,-3.035652161E1
2.683495526E2,-2.538874817E1,9.890719414E0,-3.029719543E1
2.683697176E2,-2.533668518E1,1.035877895E1,-3.037092590E1
2.683898836E2,-2.481353760E1,1.051110554E1,-3.057337952E1
2.684100496E2,-2.421847916E1,1.069641685E1,-3.066034698E1
2.684302156E2,-2.359842682E1,1.105779934E1,-3.094582367E1
2.684503806E2,-2.297911263E1,1.159826374E1,-3.117000580E1
2.684705466E2,-2.268611908E1,1.220878220E1,-3.134744263E1
2.684907126E2,-2.208282852E1,1.339451981E1,-3.135857391E1
2.685108776E2,-2.154349136E1,1.453777504E1,-3.157306671E1
2.685310436E2,-2.066270256E1,1.562883377E1,-3.169462585E1
2.685512096E2,-1.987361717E1,1.723237038E1,-3.129955292E1
2.685713756E2,-1.902542496E1,1.856124496E1,-3.097489166E1
2.685915406E2,-1.835620308E1,1.971729469E1,-3.077484894E1
2.686117066E2,-1.775977707E1,2.046315002E1,-3.047366333E1
2.686318726E2,-1.729325676E1,2.085090828E1,-3.033221436E1
2.686520376E2,-1.661263084E1,2.039443398E1,-3.030516052E1
2.686722036E2,-1.586172104E1,1.902851486E1,-3.083233643E1
2.686923696E2,-1.479780006E1,1.728400421E1,-3.157019043E1
2.687125346E2,-1.389527130E1,1.507083130E1,-3.144976807E1
2.687327006E2,-1.382864285E1,1.268757820E1,-3.127874756E1
2.687528666E2,-1.322010326E1,1.016662693E1,-3.098214722E1
2.687730326E2,-1.230962563E1,8.075899124E0,-3.039108276E1
2.687931976E2,-1.091441154E1,6.429481506E0,-3.003894806E1
2.688133636E2,-9.086778641E0,5.341646194E0,-2.953352356E1
2.688335296E2,-6.835593700E0,4.418559074E0,-2.896390533E1
2.688536946E2,-4.676793098E0,3.487339020E0,-2.808512115E1
2.688738606E2,-4.345993996E0,3.028611183E0,-2.776396179E1
2.688940266E2,-4.354046822E0,2.348564148E0,-2.732099915E1
2.689141926E2,-4.643059731E0,1.383527756E0,-2.716482544E1
2.689343576E2,-4.600421906E0,-9.350204468E-2,-2.742420959E1
2.689545236E2,-3.870995522E0,-1.981433868E0,-2.808930969E1
2.689746890E2,-2.823168755E0,-3.747915268E0,-2.843701935E1
2.689948540E2,-1.814035416E0,-5.183519363E0,-2.837570190E1
2.690150200E2,-1.457589149E0,-5.936176300E0,-2.842788696E1
2.690351860E2,-1.947224617E0,-6.684549332E0,-2.856774902E1
2.690553520E2,-2.473546028E0,-7.200418472E0,-2.820668030E1
2.690755170E2,-2.885366440E0,-7.727758408E0,-2.866917419E1
2.690956830E2,-2.888373375E0,-8.145763397E0,-2.865139771E1
2.691158490E2,-3.196094513E0,-8.655321121E0,-2.878942871E1
2.691360140E2,-3.557466507E0,-9.069782257E0,-2.911383057E1
2.691561800E2,-3.739865303E0,-9.270938873E0,-2.912521362E1
2.691763460E2,-3.693038940E0,-9.045988083E0,-2.920423889E1
2.691965110E2,-2.841726303E0,-8.556692123E0,-2.912434387E1
2.692166770E2,-2.311534882E0,-8.821836472E0,-2.916295624E1
2.692368430E2,-1.540826797E0,-8.450399399E0,-2.953462982E1
2.692570090E2,-7.279481888E-1,-7.764738083E0,-2.979925537E1
2.692771740E2,-5.643177032E-2,-6.710697174E0,-3.007372284E1
2.692973400E2,2.862548828E-1,-5.438407898E0,-3.011325836E1
2.693175060E2,7.301988602E-1,-4.434049606E0,-2.973403931E1
2.693376710E2,1.343474388E0,-3.515533447E0,-2.995963287E1
2.693578370E2,2.233685493E0,-2.170429230E0,-3.005261993E1
2.693780030E2,2.865426064E0,-9.528312683E-1,-2.981741333E1
2.693981690E2,2.905310631E0,1.469993591E-1,-2.949181366E1
2.694183340E2,2.430794716E0,1.385507584E0,-2.942530060E1
2.694385000E2,1.600333214E0,2.716516495E0,-2.945462799E1
2.694586660E2,1.000510216E0,3.878403664E0,-2.921408081E1
2.694788310E2,9.262180328E-1,4.953933716E0,-2.899076843E1
2.694989970E2,5.549917221E-1,6.003059387E0,-2.860404968E1
2.695191630E2,9.484195709E-2,6.855347633E0,-2.840443420E1
2.695393290E2,-7.270936966E-1,7.967033386E0,-2.807556152E1
2.695594940E2,-1.423927307E0,8.932151794E0,-2.768590546E1
2.695796600E2,-1.754586220E0,9.928208351E0,-2.743269348E1
2.695998260E2,-2.163990974E0,1.111947918E1,-2.710446167E1
2.696199910E2,-2.038733482E0,1.211947060E1,-2.669407654E1
2.696401570E2,-2.173817635E0,1.323118973E1,-2.626898193E1
2.696603230E2,-2.542614937E0,1.432281303E1,-2.585858917E1
2.696804880E2,-2.632060051E0,1.496177006E1,-2.524254608E1
2.697006540E2,-2.514878273E0,1.509299278E1,-2.542547607E1
2.697208200E2,-2.473163605E0,1.512274075E1,-2.553344727E1
2.697409860E2,-2.323603630E0,1.497057343E1,-2.546192932E1
2.697611510E2,-2.051251411E0,1.521587944E1,-2.536006927E1
2.697813170E2,-1.918972015E0,1.511141396E1,-2.541913605E1
2.698014830E2,-1.511227608E0,1.499712563E1,-2.535332489E1
2.698216480E2,-1.269166946E0,1.484718132E1,-2.613727570E1
2.698418140E2,-8.467950821E-1,1.420084286E1,-2.663986206E1
2.698619800E2,-1.238708496E-1,1.317730522E1,-2.703470612E1
2.698821460E2,2.913560867E-1,1.185280323E1,-2.758300781E1
2.699023110E2,1.051273346E0,1.031099033E1,-2.786843109E1
2.699224770E2,1.536185265E0,8.730076790E0,-2.845886230E1
2.699426430E2,1.795143127E0,6.947098732E0,-2.910370636E1
2.699628084E2,1.705901146E0,4.900646210E0,-2.942691803E1
2.699829744E2,1.600743294E0,2.494649887E0,-2.971966553E1
2.700031404E2,1.542925835E0,-1.019573212E-1,-2.964465332E1
2.700233054E2,1.532828331E0,-3.094947815E0,-2.975364685E1
2.700434714E2,1.763354301E0,-6.186260223E0,-2.988703918E1
2.700636374E2,1.849539757E0,-8.472757339E0,-2.974842072E1
2.700838034E2,1.670525551E0,-1.086563301E1,-2.926525116E1
2.701039684E2,1.422825813E0,-1.286362267E1,-2.878814697E1
2.701241344E2,1.455642700E0,-1.455739594E1,-2.853199768E1
2.701443004E2,1.616677284E0,-1.607192612E1,-2.811115265E1
2.701644654E2,1.652314186E0,-1.754732513E1,-2.741353607E1
2.701846314E2,1.737147331E0,-1.868685341E1,-2.679355621E1
2.702047974E2,1.751710892E0,-1.903521156E1,-2.642350006E1
2.702249634E2,2.000136375E0,-1.941716194E1,-2.615998077E1
2.702451284E2,2.401918411E0,-1.909624672E1,-2.639427948E1
2.702652944E2,2.991492271E0,-1.854750824E1,-2.643561554E1
2.702854604E2,3.698840141E0,-1.753924179E1,-2.710499573E1
2.703056254E2,4.370400429E0,-1.627342987E1,-2.758556366E1
2.703257914E2,5.033436775E0,-1.455692673E1,-2.866320801E1
2.703459574E2,6.085697174E0,-1.237918472E1,-2.946527100E1
2.703661234E2,6.485497475E0,-1.015775108E1,-3.040356445E1
2.703862884E2,7.077228546E0,-7.359592438E0,-3.100287628E1
2.704064544E2,7.188987732E0,-4.483327866E0,-3.116883850E1
2.704266204E2,7.382105827E0,-2.152116776E0,-3.119652557E1
2.704467854E2,7.262267113E0,-2.753448486E-2,-3.102148438E1
2.704669514E2,6.903159142E0,2.811639786E0,-3.056943512E1
2.704871174E2,6.812344551E0,4.705242157E0,-3.001367950E1
2.705072824E2,6.969816208E0,6.145526886E0,-2.933519745E1
2.705274484E2,6.839356422E0,7.021314621E0,-2.871531677E1
2.705476144E2,6.308806419E0,7.883507729E0,-2.827049255E1
2.705677804E2,5.130736351E0,8.679007530E0,-2.806909943E1
2.705879454E2,4.261791229E0,9.285942078E0,-2.780825043E1
2.706081114E2,3.680425644E0,1.018342304E1,-2.736681366E1
2.706282774E2,3.285479546E0,1.097818851E1,-2.749156952E1
2.706484424E2,2.393746376E0,1.117610741E1,-2.714827728E1
2.706686084E2,1.660525322E0,1.179015732E1,-2.690425873E1
2.706887744E2,1.386407852E0,1.248525906E1,-2.646947479E1
2.707089404E2,1.473228455E0,1.346631622E1,-2.604856110E1
2.707291054E2,1.626297951E0,1.430214977E1,-2.586588287E1
2.707492714E2,1.850606918E0,1.495988464E1,-2.508815765E1
2.707694374E2,1.752941132E0,1.562474346E1,-2.482488251E1
2.707896024E2,1.718568802E0,1.607901001E1,-2.476358795E1
2.708097684E2,1.638680458E0,1.643741989E1,-2.463861847E1
2.708299344E2,1.952499390E0,1.652069283E1,-2.445339203E1
2.708500994E2,2.482683182E0,1.651692200E1,-2.514095306E1
2.708702654E2,3.029518127E0,1.614491463E1,-2.574407196E1
2.708904314E2,3.306513786E0,1.540517807E1,-2.645357513E1
2.709105974E2,3.646256447E0,1.451716423E1,-2.732799530E1
2.709307624E2,4.262245178E0,1.320490456E1,-2.855118561E1
2.709509284E2,5.019495964E0,1.143084717E1,-2.952097321E1
2.709710944E2,5.986915588E0,8.645262718E0,-3.001871490E1
2.709912594E2,7.008556366E0,5.644558907E0,-2.969795227E1
2.710114254E2,7.473321915E0,2.548631668E0,-2.882981110E1
2.710315914E2,7.062757492E0,-2.892112732E-1,-2.706847382E1
2.710517564E2,5.982159615E0,-2.383369446E0,-2.551409149E1
2.710719224E2,4.476303101E0,-3.996704102E0,-2.414589691E1
2.710920884E2,2.860924721E0,-5.657503128E0,-2.377915192E1
2.711122544E2,1.461988449E0,-7.324750900E0,-2.348644257E1
2.711324194E2,3.868560791E-1,-8.833623886E0,-2.306440735E1
2.711525854E2,-4.879522324E-1,-1.035993195E1,-2.322783661E1
2.711727514E2,-1.129213333E0,-1.171861458E1,-2.335353851E1
2.711929164E2,-1.947247505E0,-1.299778366E1,-2.303654480E1
2.712130824E2,-2.305779457E0,-1.382278633E1,-2.282889557E1
2.712332484E2,-2.374244690E0,-1.496936989E1,-2.232622528E1
2.712534134E2,-2.286293983E0,-1.605155373E1,-2.182154846E1
2.712735794E2,-2.546568871E0,-1.711586761E1,-2.163227844E1
2.712937454E2,-2.339838028E0,-1.749401474E1,-2.133636475E1
2.713139114E2,-2.024640083E0,-1.761423492E1,-2.134639740E1
2.713340764E2,-1.727458000E0,-1.750814438E1,-2.129972076E1
2.713542424E2,-1.203266144E0,-1.697591400E1,-2.184577179E1
2.713744084E2,-3.683233261E-1,-1.665947723E1,-2.206417847E1
2.713945734E2,7.353439331E-1,-1.589641762E1,-2.227812958E1
2.714147394E2,1.133378029E0,-1.562249374E1,-2.258840942E1
2.714349054E2,1.669863701E0,-1.502346039E1,-2.288920593E1
2.714550704E2,1.924821854E0,-1.427775764E1,-2.328157043E1
2.714752364E2,2.181951523E0,-1.335217285E1,-2.377222443E1
2.714954024E2,2.242078781E0,-1.219046593E1,-2.412200928E1
2.715155684E2,1.996406555E0,-1.104575539E1,-2.472813416E1
2.715357334E2,1.448481560E0,-9.816646576E0,-2.516822052E1
2.715558994E2,1.058650970E0,-8.265237808E0,-2.604759979E1
2.715760654E2,5.077419281E-1,-6.626804352E0,-2.602128601E1
2.715962304E2,-8.331394196E-2,-4.912132263E0,-2.627661133E1
2.716163964E2,-1.006803513E0,-3.467596054E0,-2.640473938E1
2.716365624E2,-1.692584991E0,-1.924688339E0,-2.643579865E1
2.716567274E2,-2.281800270E0,-4.102230072E-1,-2.665355682E1
2.716768934E2,-2.769338608E0,1.180168152E0,-2.669262695E1
2.716970594E2,-3.017760277E0,2.673101425E0,-2.634296417E1
2.717172254E2,-3.040879250E0,4.018449783E0,-2.606502533E1
2.717373904E2,-3.169334412E0,5.489387512E0,-2.538929749E1
2.717575564E2,-3.501533508E0,6.900444984E0,-2.511153412E1
2.717777224E2,-3.759794235E0,7.890352249E0,-2.429956055E1
2.717978874E2,-4.132567406E0,8.643582344E0,-2.386622620E1
2.718180534E2,-4.580039978E0,9.282402039E0,-2.355560303E1
2.718382194E2,-5.113271713E0,9.737024307E0,-2.348853302E1
2.718583844E2,-5.356621742E0,9.970722198E0,-2.353995514E1
2.718785504E2,-5.590645313E0,1.017663097E1,-2.355655670E1
2.718987164E2,-5.946053028E0,1.016643333E1,-2.369757843E1
2.719188824E2,-6.235926628E0,1.016263008E1,-2.418584442E1
2.719390474E2,-6.268968582E0,9.624744415E0,-2.451679230E1
2.719592134E2,-6.187583923E0,9.053039551E0,-2.516012573E1
2.719793795E2,-5.886831760E0,7.633317947E0,-2.588211060E1
2.719995445E2,-5.526426792E0,6.104087830E0,-2.674440002E1
2.720197105E2,-5.114403725E0,4.125445366E0,-2.755960846E1
2.720398765E2,-4.520781517E0,2.059600830E0,-2.823572540E1
2.720600415E2,-4.281377792E0,-2.564315796E-1,-2.866444397E1
2.720802075E2,-3.339600563E0,-2.917675018E0,-2.851103973E1
2.721003735E2,-3.151114464E0,-4.421556473E0,-2.848239899E1
2.721205395E2,-2.985567093E0,-6.022531509E0,-2.840010834E1
2.721407045E2,-2.913124084E0,-7.368309021E0,-2.795136261E1
2.721608705E2,-2.629549980E0,-8.829647064E0,-2.786950684E1
2.721810365E2,-2.772406578E0,-1.048180199E1,-2.765045929E1
2.722012015E2,-2.928234100E0,-1.252712059E1,-2.728868866E1
2.722213675E2,-2.959595680E0,-1.428712845E1,-2.686592102E1
2.722415335E2,-2.989335060E0,-1.588066673E1,-2.660858154E1
2.722616985E2,-2.561201096E0,-1.724721336E1,-2.649215698E1
2.722818645E2,-2.002454758E0,-1.876926231E1,-2.611873627E1
2.723020305E2,-1.450070381E0,-2.001151848E1,-2.564605713E1
2.723221955E2,-5.490188599E-1,-2.094816971E1,-2.539233398E1
2.723423615E2,2.172307968E-1,-2.138047791E1,-2.525062561E1
2.723625275E2,9.018783569E-1,-2.153383827E1,-2.480735779E1
2.723826935E2,1.247972488E0,-2.158404732E1,-2.479588318E1
2.724028585E2,1.707305908E0,-2.143039131E1,-2.476484680E1
2.724230245E2,2.421201706E0,-2.096889305E1,-2.505513000E1
2.724431905E2,3.483740807E0,-2.026839638E1,-2.560279846E1
2.724633555E2,4.384823799E0,-1.925751686E1,-2.617099762E1
2.724835215E2,5.204730988E0,-1.806600571E1,-2.670967102E1
2.725036875E2,5.226385117E0,-1.677763176E1,-2.776041412E1
2.725238525E2,4.846137047E0,-1.538670731E1,-2.844468689E1
2.725440185E2,4.627367973E0,-1.371170235E1,-2.942398834E1
2.725641845E2,4.282954216E0,-1.228192711E1,-3.064777374E1
2.725843505E2,4.002286911E0,-1.087844658E1,-3.099555206E1
2.726045155E2,2.851536751E0,-9.361330032E0,-3.205684662E1
2.726246815E2,1.900001526E0,-7.748720169E0,-3.279516602E1
2.726448475E2,1.136077881E0,-6.500509262E0,-3.314965820E1
2.726650125E2,-3.657951355E-1,-4.988811493E0,-3.336273956E1
2.726851785E2,-1.783389091E0,-3.570854187E0,-3.380953979E1
2.727053445E2,-3.591562271E0,-2.250062943E0,-3.402643585E1
2.727255095E2,-4.847301483E0,-1.068765640E0,-3.413367462E1
2.727456755E2,-6.217703819E0,-6.145858765E-2,-3.447619629E1
2.727658415E2,-7.269570351E0,8.914451599E-1,-3.433163452E1
2.727860065E2,-8.143028259E0,1.583190918E0,-3.413461304E1
2.728061725E2,-8.648080826E0,2.574052811E0,-3.413983154E1
2.728263385E2,-9.221516609E0,3.818856239E0,-3.427700043E1
2.728465045E2,-9.584294319E0,4.831389427E0,-3.398407745E1
2.728666695E2,-1.007818699E1,5.957917213E0,-3.355403900E1
2.728868355E2,-1.125236797E1,7.842384338E0,-3.311156464E1
2.729070015E2,-1.170398903E1,9.016347885E0,-3.276526642E1
2.729271665E2,-1.178628159E1,1.003084278E1,-3.236194611E1
2.729473325E2,-1.143962002E1,1.097271729E1,-3.231579590E1
2.729674985E2,-1.113112640E1,1.175891304E1,-3.242684937E1
2.729876635E2,-1.084112930E1,1.232498455E1,-3.316765594E1
2.730078295E2,-1.005463123E1,1.232970619E1,-3.359899139E1
2.730279955E2,-8.883696556E0,1.196471405E1,-3.447249603E1
2.730481615E2,-7.388930798E0,1.050982475E1,-3.509008026E1
2.730683265E2,-5.958150387E0,9.126611710E0,-3.558539581E1
2.730884925E2,-4.345780373E0,6.945896149E0,-3.587271881E1
2.731086585E2,-3.041511536E0,4.765966415E0,-3.585854340E1
2.731288235E2,-1.062756538E0,2.483354568E0,-3.547217560E1
2.731489895E2,1.015156746E0,-2.077293396E-1,-3.547911835E1
2.731691555E2,2.897434235E0,-2.238252640E0,-3.472731781E1
2.731893205E2,4.746481895E0,-4.348167419E0,-3.396657562E1
2.732094865E2,6.108919144E0,-5.987911224E0,-3.285626221E1
2.732296525E2,7.495445251E0,-7.668106079E0,-3.168733978E1
2.732498175E2,8.712931633E0,-8.982784271E0,-3.076570892E1
2.732699835E2,9.559749603E0,-1.012342262E1,-3.016686249E1
2.732901495E2,1.013895988E1,-1.102611923E1,-2.930813599E1
2.733103145E2,1.096734428E1,-1.188800049E1,-2.893886566E1
2.733304805E2,1.129487801E1,-1.255296326E1,-2.836605835E1
2.733506465E2,1.170686054E1,-1.298791122E1,-2.809807587E1
2.733708125E2,1.182527733E1,-1.367711258E1,-2.759377289E1
2.733909775E2,1.228288078E1,-1.439458656E1,-2.732245636E1
2.734111435E2,1.250847530E1,-1.465376663E1,-2.711600494E1
2.734313095E2,1.262750912E1,-1.491704559E1,-2.696695709E1
2.734514745E2,1.288564205E1,-1.515097809E1,-2.660237885E1
2.734716405E2,1.325945473E1,-1.510737419E1,-2.633324432E1
2.734918065E2,1.364247704E1,-1.493203163E1,-2.662195587E1
2.735119715E2,1.406748581E1,-1.447050667E1,-2.626010895E1
2.735321375E2,1.470894432E1,-1.381414223E1,-2.632578278E1
2.735523035E2,1.540850258E1,-1.303171730E1,-2.645473480E1
2.735724685E2,1.597065735E1,-1.216329193E1,-2.648474121E1
2.735926345E2,1.650649452E1,-1.116058350E1,-2.671834564E1
2.736128005E2,1.701102829E1,-1.026380539E1,-2.660034943E1
2.736329655E2,1.720866776E1,-9.261747360E0,-2.684357452E1
2.736531315E2,1.708131599E1,-8.278352737E0,-2.720742798E1
2.736732975E2,1.685053253E1,-7.059675217E0,-2.757350159E1
2.736934635E2,1.677458763E1,-5.964714050E0,-2.813934326E1
2.737136285E2,1.666215897E1,-5.277256012E0,-2.839245605E1
2.737337945E2,1.679954910E1,-4.343334198E0,-2.858845520E1
2.737539605E2,1.674581528E1,-3.313220978E0,-2.874945831E1
2.737741255E2,1.669048500E1,-2.510068893E0,-2.873772430E1
2.737942915E2,1.678581619E1,-1.081272125E0,-2.893103027E1
2.738144575E2,1.591312790E1,-3.401069641E-1,-2.894249725E1
2.738346225E2,1.531513500E1,9.698028564E-1,-2.922187042E1
2.738547885E2,1.509657192E1,2.193449020E0,-2.946162415E1
2.738749545E2,1.500535107E1,3.366761208E0,-2.931490326E1
2.738951195E2,1.501607895E1,4.458975792E0,-2.940476990E1
2.739152855E2,1.496309376E1,5.583668709E0,-2.920759583E1
2.739354515E2,1.523678398E1,6.650264740E0,-2.878754425E1
2.739556165E2,1.568813133E1,7.514648438E0,-2.821137238E1
2.739757830E2,1.571216393E1,8.405670166E0,-2.786327362E1
2.739959490E2,1.555874062E1,9.200641632E0,-2.776644135E1
2.740161150E2,1.530400562E1,9.553325653E0,-2.760272217E1
2.740362800E2,1.490507221E1,9.769844055E0,-2.751974487E1
2.740564460E2,1.424916840E1,1.007408524E1,-2.783852386E1
2.740766120E2,1.420239830E1,1.025952721E1,-2.766143036E1
2.740967770E2,1.398444939E1,1.042520332E1,-2.754796600E1
2.741169430E2,1.401727867E1,1.059827995E1,-2.762152863E1
2.741371090E2,1.354622269E1,1.056713486E1,-2.701040649E1
2.741572740E2,1.356532478E1,1.062020588E1,-2.712571716E1
2.741774400E2,1.395977783E1,1.059210396E1,-2.681420898E1
2.741976060E2,1.459090519E1,1.064756584E1,-2.676638794E1
2.742177710E2,1.483634663E1,1.079764557E1,-2.639544678E1
2.742379370E2,1.510365772E1,1.052237034E1,-2.623858643E1
2.742581030E2,1.519195652E1,1.015859604E1,-2.666456604E1
2.742782680E2,1.568702602E1,9.833843231E0,-2.659074402E1
2.742984340E2,1.609742928E1,9.238324165E0,-2.650092316E1
2.743186000E2,1.667206383E1,8.745018959E0,-2.647385406E1
2.743387650E2,1.698522186E1,7.597888947E0,-2.681345367E1
2.743589310E2,1.765601730E1,6.421417236E0,-2.687088013E1
2.743790970E2,1.827015686E1,5.209536552E0,-2.696411896E1
2.743992620E2,1.900897408E1,4.261852264E0,-2.697658539E1
2.744194280E2,1.984632874E1,3.282393456E0,-2.713774872E1
2.744395940E2,2.050274849E1,2.392212868E0,-2.669561768E1
2.744597600E2,2.075442886E1,1.241603851E0,-2.698332214E1
2.744799250E2,2.045318604E1,-7.577743530E-1,-2.763198090E1
2.745000910E2,2.001948166E1,-2.055631638E0,-2.814340973E1
2.745202570E2,1.978164864E1,-3.404357910E0,-2.845312500E1
2.745404220E2,1.986067581E1,-4.962661743E0,-2.840943146E1
2.745605880E2,2.005590439E1,-6.513151169E0,-2.823695374E1
2.745807540E2,2.015941620E1,-7.728534698E0,-2.799168396E1
2.746009190E2,2.029325294E1,-8.896642685E0,-2.746221161E1
2.746210850E2,2.069294357E1,-9.876209259E0,-2.692961121E1
2.746412510E2,2.095036316E1,-1.070179558E1,-2.645809174E1
2.746614160E2,2.159292603E1,-1.126213646E1,-2.621192169E1
2.746815820E2,2.217400551E1,-1.169788933E1,-2.532969666E1
2.747017480E2,2.300037193E1,-1.227528954E1,-2.488693237E1
2.747219130E2,2.342534637E1,-1.220027542E1,-2.439796448E1
2.747420790E2,2.410809517E1,-1.192554474E1,-2.360131836E1
2.747622450E2,2.471623802E1,-1.163997650E1,-2.308177185E1
2.747824100E2,2.538087082E1,-1.083421516E1,-2.256944275E1
2.748025760E2,2.595478058E1,-1.003188515E1,-2.233091736E1
2.748227420E2,2.648075104E1,-8.872280121E0,-2.155171204E1
2.748429070E2,2.739890671E1,-7.798679352E0,-2.125708008E1
2.748630730E2,2.781294632E1,-6.505661011E0,-2.065213013E1
2.748832390E2,2.870278549E1,-4.738281250E0,-2.019178772E1
2.749034040E2,2.946960258E1,-3.354393005E0,-1.972779846E1
2.749235700E2,2.955320168E1,-1.607189178E0,-1.897919464E1
2.749437360E2,2.997052002E1,-1.283760071E-1,-1.877284241E1
2.749639020E2,2.988264465E1,1.426927567E0,-1.870444489E1
2.749840664E2,2.961900902E1,2.938482285E0,-1.860317230E1
2.750042324E2,2.955628586E1,4.057732582E0,-1.869126892E1
2.750243984E2,2.916641045E1,5.080757141E0,-1.919731140E1
2.750445634E2,2.868260193E1,5.811603546E0,-1.943839264E1
2.750647294E2,2.832573318E1,6.270192146E0,-1.954823303E1
2.750848954E2,2.800957489E1,7.305006981E0,-1.935644531E1
2.751050604E2,2.782305908E1,7.821254730E0,-1.948727417E1
2.751252264E2,2.772453308E1,8.355234146E0,-1.940458679E1
2.751453924E2,2.750974655E1,8.540563583E0,-1.910537720E1
2.751655574E2,2.765455246E1,8.892335892E0,-1.853567505E1
2.751857234E2,2.816838264E1,9.504402161E0,-1.766181946E1
2.752058894E2,2.863708115E1,9.961373329E0,-1.666957855E1
2.752260544E2,2.904225159E1,1.042490196E1,-1.534885406E1
2.752462204E2,2.988521957E1,1.086307144E1,-1.392517090E1
2.752663864E2,3.017497444E1,1.095023537E1,-1.266599274E1
2.752865514E2,3.059972382E1,1.118494225E1,-1.106687164E1
2.753067174E2,3.072157478E1,1.131824493E1,-1.045596313E1
2.753268834E2,3.092323685E1,1.145778656E1,-1.007217407E1
2.753470484E2,3.089971924E1,1.117100239E1,-9.694610596E0
2.753672144E2,3.087412643E1,1.110368729E1,-9.280502319E0
2.753873804E2,3.078155899E1,1.114589500E1,-9.354568481E0
2.754075454E2,3.078369904E1,1.101359844E1,-9.129005432E0
2.754277114E2,3.081535339E1,1.093351746E1,-9.328689575E0
2.754478774E2,3.070968819E1,1.071704388E1,-9.448760986E0
2.754680424E2,3.060572052E1,1.052855301E1,-9.476928711E0
2.754882084E2,3.057484627E1,1.018202686E1,-9.607460022E0
2.755083744E2,3.060819244E1,1.003397751E1,-9.648147583E0
2.755285394E2,3.073457527E1,9.925519943E0,-9.596115112E0
2.755487054E2,3.095555115E1,9.779461861E0,-9.108634949E0
2.755688714E2,3.094899368E1,9.813442230E0,-8.919845581E0
2.755890364E2,3.087434769E1,9.879180908E0,-8.712738037E0
2.756092024E2,3.114708900E1,1.019107723E1,-8.047492981E0
2.756293684E2,3.124478531E1,1.027817345E1,-7.357612610E0
2.756495334E2,3.151258850E1,1.058919525E1,-7.153465271E0
2.756696994E2,3.135522461E1,1.089198685E1,-6.726844788E0
2.756898654E2,3.155164337E1,1.081764793E1,-6.283645630E0
2.757100304E2,3.174127579E1,1.099152946E1,-5.245590210E0
2.757301964E2,3.220602417E1,1.097949219E1,-4.117752075E0
2.757503624E2,3.241410065E1,1.128391075E1,-3.564125061E0
2.757705274E2,3.209025574E1,1.170159149E1,-3.673934937E0
2.757906934E2,3.211660004E1,1.212991524E1,-3.619918823E0
2.758108594E2,3.232009506E1,1.258277512E1,-3.710128784E0
2.758310244E2,3.228897858E1,1.289503002E1,-3.224082947E0
2.758511904E2,3.252034760E1,1.291445827E1,-3.094184875E0
2.758713564E2,3.260393524E1,1.298837662E1,-3.096191406E0
2.758915214E2,3.266749573E1,1.310436153E1,-3.615394592E0
2.759116874E2,3.269540405E1,1.317206192E1,-3.609970093E0
2.759318534E2,3.268558884E1,1.317806053E1,-3.535980225E0
2.759520184E2,3.294787979E1,1.343451977E1,-3.422431946E0
2.759721846E2,3.305580521E1,1.311156940E1,-3.603385925E0
2.759923506E2,3.333388519E1,1.299732780E1,-3.930908203E0
2.760125156E2,3.377040100E1,1.241864204E1,-4.080451965E0
2.760326816E2,3.418533325E1,1.205989933E1,-4.123664856E0
2.760528476E2,3.454960251E1,1.195627403E1,-4.700843811E0
2.760730126E2,3.456941986E1,1.211716461E1,-4.746528625E0
2.760931786E2,3.486144638E1,1.218086720E1,-5.046501160E0
2.761133446E2,3.481443024E1,1.238078022E1,-5.248565674E0
2.761335096E2,3.465286636E1,1.266317749E1,-5.168251038E0
2.761536756E2,3.470457077E1,1.322166157E1,-5.015174866E0
2.761738416E2,3.462841797E1,1.369701195E1,-4.627357483E0
2.761940066E2,3.474906158E1,1.436217594E1,-3.763542175E0
2.762141726E2,3.443492889E1,1.507672977E1,-2.547767639E0
2.762343386E2,3.426964188E1,1.593105125E1,-1.916694641E0
2.762545036E2,3.393933487E1,1.673561859E1,-1.202499390E0
2.762746696E2,3.339867401E1,1.752710342E1,-2.168197632E-1
2.762948356E2,3.302327728E1,1.844419861E1,1.047866821E0
2.763150006E2,3.237972641E1,1.930300903E1,2.771240234E0
2.763351666E2,3.201216507E1,1.977980232E1,4.833198547E0
2.763553326E2,3.157076645E1,2.001332664E1,6.420242310E0
2.763754986E2,3.084658813E1,2.026209259E1,8.211387634E0
2.763956636E2,3.053964806E1,2.040649414E1,9.737487793E0
2.764158296E2,3.021141243E1,2.030353165E1,1.128839874E1
2.764359946E2,2.982890320E1,2.021035385E1,1.247949982E1
2.764561606E2,2.928810120E1,2.003693390E1,1.349263000E1
2.764763266E2,2.897737122E1,1.977441597E1,1.441043854E1
2.764964916E2,2.847691345E1,1.956216431E1,1.531922913E1
2.765166576E2,2.837998581E1,1.949277496E1,1.604609680E1
2.765368236E2,2.795122528E1,1.946798515E1,1.688086700E1
2.765569886E2,2.774924088E1,1.951103973E1,1.730757141E1
2.765771546E2,2.750671577E1,1.948719597E1,1.730825806E1
2.765973206E2,2.751851845E1,1.934622574E1,1.773310852E1
2.766174856E2,2.746184158E1,1.908145332E1,1.824239349E1
2.766376516E2,2.711909103E1,1.881175804E1,1.873278809E1
2.766578176E2,2.702647591E1,1.839593887E1,1.964344025E1
2.766779826E2,2.701548958E1,1.819749641E1,1.989057922E1
2.766981486E2,2.728376579E1,1.767641068E1,2.013954163E1
2.767183146E2,2.745225525E1,1.734114647E1,2.081473541E1
2.767384796E2,2.765014267E1,1.695405006E1,2.128909302E1
2.767586456E2,2.794667053E1,1.697724533E1,2.163320160E1
2.767788116E2,2.843659973E1,1.711605072E1,2.202590179E1
2.767989766E2,2.858823013E1,1.733366013E1,2.233791351E1
2.768191426E2,2.836755753E1,1.805850601E1,2.230831146E1
2.768393086E2,2.797387314E1,1.888178444E1,2.280182648E1
2.768594736E2,2.722374153E1,1.966324043E1,2.285717773E1
2.768796396E2,2.629035378E1,2.087018776E1,2.239665222E1
2.768998056E2,2.465015030E1,2.230936432E1,2.123649597E1
2.769199706E2,2.328692818E1,2.318960190E1,1.960866547E1
2.769401366E2,2.221417618E1,2.383369446E1,1.753948975E1
2.769603026E2,2.149602509E1,2.431493187E1,1.528572083E1
2.769804678E2,2.070778847E1,2.467704773E1,1.310504150E1
2.770006338E2,2.003616524E1,2.496974945E1,1.070188141E1
2.770207998E2,1.963171768E1,2.518450928E1,8.322227478E0
2.770409648E2,1.916089630E1,2.538601875E1,5.505546570E0
2.770611308E2,1.891593933E1,2.548597145E1,2.734146118E0
2.770812968E2,1.883575058E1,2.539089966E1,4.116744995E-1
2.771014618E2,1.868496895E1,2.511550331E1,-1.669372559E0
2.771216278E2,1.848208618E1,2.479724312E1,-3.335418701E0
2.771417938E2,1.860127258E1,2.442477798E1,-4.870689392E0
2.771619588E2,1.861328125E1,2.399797821E1,-6.261390686E0
2.771821248E2,1.872139740E1,2.356551170E1,-7.676856995E0
2.772022908E2,1.866616440E1,2.313884354E1,-8.254455566E0
2.772224558E2,1.864489746E1,2.292314148E1,-8.858695984E0
2.772426218E2,1.839706802E1,2.308042908E1,-8.934768677E0
2.772627878E2,1.834179306E1,2.340550995E1,-8.741783142E0
2.772829528E2,1.808857346E1,2.402333450E1,-8.238182068E0
2.773031188E2,1.773048782E1,2.456914520E1,-7.250030518E0
2.773232848E2,1.731059074E1,2.512533569E1,-6.278312683E0
2.773434498E2,1.678132629E1,2.599539185E1,-5.278480530E0
2.773636158E2,1.628964043E1,2.651977921E1,-3.963256836E0
2.773837808E2,1.588909435E1,2.706263161E1,-2.488151550E0
2.774039468E2,1.527777672E1,2.768790054E1,-6.746520996E-1
2.774241128E2,1.452447891E1,2.825790596E1,1.007072449E0
2.774442778E2,1.388146782E1,2.885895538E1,2.377098083E0
2.774644438E2,1.359856796E1,2.912097549E1,3.749610901E0
2.774846098E2,1.365263176E1,2.969155502E1,5.297706604E0
2.775047748E2,1.302874470E1,2.952629662E1,7.122138977E0
2.775249408E2,1.258806896E1,2.929207611E1,8.846031189E0
2.775451068E2,1.270549297E1,2.895256424E1,1.015728760E1
2.775652718E2,1.311556625E1,2.859754562E1,1.164964294E1
2.775854378E2,1.323122025E1,2.798534966E1,1.334308624E1
2.776056038E2,1.337526131E1,2.737085342E1,1.496960449E1
2.776257688E2,1.368879414E1,2.683980942E1,1.695262909E1
2.776459348E2,1.418990326E1,2.595826721E1,1.812643433E1
2.776661008E2,1.436958885E1,2.472360229E1,1.972686768E1
2.776862658E2,1.484609604E1,2.361390686E1,2.096038818E1
2.777064318E2,1.506684113E1,2.188864136E1,2.282803345E1
2.777265978E2,1.521154499E1,2.096957779E1,2.329345703E1
2.777467628E2,1.549514294E1,2.022684669E1,2.414339447E1
2.777669288E2,1.545343876E1,1.958992767E1,2.428881073E1
2.777870948E2,1.464261818E1,1.975080109E1,2.489514923E1
2.778072598E2,1.386724281E1,1.995423126E1,2.492192078E1
2.778274258E2,1.322272682E1,2.018991280E1,2.457330322E1
2.778475918E2,1.277380753E1,2.087596130E1,2.429414368E1
2.778677568E2,1.241308403E1,2.139711761E1,2.306530762E1
2.778879228E2,1.226026344E1,2.163815308E1,2.180233002E1
2.779080888E2,1.255313206E1,2.211174393E1,2.055507660E1
2.779282538E2,1.308577728E1,2.262965393E1,1.878491974E1
2.779484198E2,1.381752300E1,2.348422241E1,1.635108185E1
2.779685841E2,1.441613960E1,2.428202057E1,1.392539215E1
2.779887501E2,1.513059235E1,2.511160278E1,1.113594818E1
2.780089161E2,1.559349060E1,2.569010925E1,9.242042542E0
2.780290811E2,1.581872940E1,2.589828300E1,7.336502075E0
2.780492471E2,1.592197227E1,2.636055756E1,5.790252686E0
2.780694131E2,1.581933880E1,2.660222435E1,4.671012878E0
2.780895781E2,1.555512714E1,2.693920898E1,3.745452881E0
2.781097441E2,1.536572933E1,2.732337761E1,2.714714050E0
2.781299101E2,1.484432507E1,2.755802155E1,1.700668335E0
2.781500751E2,1.441816807E1,2.795336533E1,7.419357300E-1
2.781702411E2,1.402854633E1,2.814744186E1,-4.257965088E-1
2.781904071E2,1.359394741E1,2.815291595E1,-1.641845703E0
2.782105721E2,1.340578079E1,2.810063934E1,-2.994544983E0
2.782307381E2,1.289468098E1,2.795461655E1,-4.263671875E0
2.782509041E2,1.261793327E1,2.821059799E1,-5.132102966E0
2.782710691E2,1.205959511E1,2.814301872E1,-6.032150269E0
2.782912351E2,1.170209599E1,2.786061668E1,-6.988182068E0
2.783114001E2,1.154449749E1,2.769012451E1,-7.767906189E0
2.783315661E2,1.114238167E1,2.747406006E1,-8.301757812E0
2.783517321E2,1.117248917E1,2.744998741E1,-8.972953796E0
2.783718971E2,1.108900070E1,2.722669220E1,-8.948829651E0
2.783920631E2,1.093391609E1,2.720544052E1,-8.733215332E0
2.784122291E2,1.060009003E1,2.749740601E1,-8.626991272E0
2.784323941E2,1.049057770E1,2.760077667E1,-7.904449463E0
2.784525601E2,1.043998528E1,2.794264984E1,-7.471618652E0
2.784727261E2,1.035037804E1,2.795443344E1,-6.606727600E0
2.784928911E2,1.006588078E1,2.840475273E1,-5.192016602E0
2.785130571E2,1.026728916E1,2.859288406E1,-3.073852539E0
2.785332231E2,1.002817917E1,2.870541191E1,-9.697341919E-1
2.785533881E2,9.965344429E0,2.875450134E1,5.919113159E-1
2.785735541E2,1.006912899E1,2.870361710E1,2.480575562E0
2.785937201E2,1.036400127E1,2.852192688E1,4.005065918E0
2.786138851E2,1.055465031E1,2.813994598E1,5.731697083E0
2.786340511E2,1.062229252E1,2.806414795E1,6.966262817E0
2.786542161E2,1.055052471E1,2.777204895E1,8.253868103E0
2.786743821E2,1.024979877E1,2.782668304E1,9.369735718E0
2.786945481E2,1.013689518E1,2.779955101E1,1.031028748E1
2.787147131E2,1.023749828E1,2.770704079E1,1.135752869E1
2.787348791E2,1.002534962E1,2.756715393E1,1.241566467E1
2.787550451E2,9.934194565E0,2.769262505E1,1.314430237E1
2.787752101E2,1.024868202E1,2.754409981E1,1.413498688E1
2.787953761E2,1.061028290E1,2.755279922E1,1.434261322E1
2.788155421E2,1.112145424E1,2.746280861E1,1.500219727E1
2.788357071E2,1.124180984E1,2.750768089E1,1.525145721E1
2.788558731E2,1.150234222E1,2.708422852E1,1.542659760E1
2.788760381E2,1.207955647E1,2.701747513E1,1.550703430E1
2.788962041E2,1.264833355E1,2.684722900E1,1.565228271E1
2.789163701E2,1.341964817E1,2.676185608E1,1.582895660E1
2.789365351E2,1.423772526E1,2.642208862E1,1.569459534E1
2.789567011E2,1.490194130E1,2.610137558E1,1.551753998E1
2.789768673E2,1.564418793E1,2.584420013E1,1.519060516E1
2.789970323E2,1.607859039E1,2.563226700E1,1.530257416E1
2.790171983E2,1.654819679E1,2.512809753E1,1.549357605E1
2.790373643E2,1.685163307E1,2.478055954E1,1.569249725E1
2.790575293E2,1.738773918E1,2.430550003E1,1.585943604E1
2.790776953E2,1.776095963E1,2.390734673E1,1.598536682E1
2.790978613E2,1.800156403E1,2.347655869E1,1.601681519E1
2.791180263E2,1.804095459E1,2.332899857E1,1.634507751E1
2.791381923E2,1.789567184E1,2.319911194E1,1.563852692E1
2.791583573E2,1.791535568E1,2.312290001E1,1.556362152E1
2.791785233E2,1.766300583E1,2.328199196E1,1.503313446E1
2.791986893E2,1.727612305E1,2.341977882E1,1.476907349E1
2.792188543E2,1.693309402E1,2.359644699E1,1.444641113E1
2.792390203E2,1.636965561E1,2.367214584E1,1.402602386E1
2.792591863E2,1.636465073E1,2.360030937E1,1.354084015E1
2.792793513E2,1.611819839E1,2.358171844E1,1.317269897E1
2.792995173E2,1.614292526E1,2.317035484E1,1.302739716E1
2.793196833E2,1.622909546E1,2.281361198E1,1.306063843E1
2.793398483E2,1.641854477E1,2.230506516E1,1.309365082E1
2.793600143E2,1.664362335E1,2.164157867E1,1.302891541E1
2.793801803E2,1.679920959E1,2.147301865E1,1.273637390E1
2.794003453E2,1.670689392E1,2.130038643E1,1.180049133E1
2.794205113E2,1.639241219E1,2.170374680E1,1.042029572E1
2.794406763E2,1.606275940E1,2.251529694E1,8.730590820E0
2.794608423E2,1.542494965E1,2.320027733E1,7.104866028E0
2.794810083E2,1.499048996E1,2.369336319E1,5.279884338E0
2.795011733E2,1.455577087E1,2.400567245E1,3.572517395E0
2.795213393E2,1.433427429E1,2.408783722E1,2.249252319E0
2.795415053E2,1.433185101E1,2.419012451E1,1.022933960E0
2.795616703E2,1.425250626E1,2.425259590E1,1.695251465E-1
2.795818363E2,1.425992584E1,2.422208405E1,-5.030670166E-1
2.796020013E2,1.411752987E1,2.417687225E1,-1.453239441E0
2.796221673E2,1.384080410E1,2.433539200E1,-2.406166077E0
2.796423333E2,1.385065365E1,2.420338058E1,-2.904312134E0
2.796624983E2,1.365660381E1,2.425275421E1,-3.412101746E0
2.796826643E2,1.349167347E1,2.422923279E1,-3.664337158E0
2.797028303E2,1.306736755E1,2.425337601E1,-3.958923340E0
2.797229953E2,1.286371422E1,2.412595749E1,-4.256004333E0
2.797431613E2,1.243102074E1,2.426758766E1,-3.937965393E0
2.797633273E2,1.221536255E1,2.427583313E1,-3.633506775E0
2.797834923E2,1.204522038E1,2.439528465E1,-3.259330750E0
2.798036583E2,1.173303318E1,2.439324760E1,-2.539649963E0
2.798238233E2,1.141861820E1,2.442620468E1,-2.027259827E0
2.798439893E2,1.108769894E1,2.452490807E1,-1.046974182E0
2.798641553E2,1.057962322E1,2.451199532E1,-2.058792114E-1
2.798843203E2,1.024486542E1,2.467807770E1,7.487106323E-1
2.799044863E2,9.913775444E0,2.486185265E1,1.941535950E0
2.799246523E2,9.328018188E0,2.501857185E1,3.037231445E0
2.799448173E2,8.833990097E0,2.514523506E1,4.299713135E0
2.799649833E2,8.507994652E0,2.513962364E1,5.769309998E0
2.799851498E2,8.403733253E0,2.520214844E1,6.883125305E0
2.800053148E2,8.132832527E0,2.512177849E1,8.059486389E0
2.800254808E2,8.229505539E0,2.485363579E1,9.418952942E0
2.800456458E2,8.141501427E0,2.466469574E1,1.141472626E1
2.800658118E2,7.545097351E0,2.430604744E1,1.303980255E1
2.800859778E2,6.777850151E0,2.435725021E1,1.443827820E1
2.801061428E2,5.190520287E0,2.444815636E1,1.605162048E1
2.801263088E2,4.163816452E0,2.487655449E1,1.762961578E1
2.801464748E2,2.986453056E0,2.524572372E1,1.862450409E1
2.801666398E2,1.182773590E0,2.531831360E1,1.894886017E1
2.801868058E2,-2.167987823E-1,2.540455627E1,1.954487610E1
2.802069708E2,-1.042686462E0,2.555537796E1,2.022175598E1
2.802271368E2,-1.674413681E0,2.527123260E1,2.056555176E1
2.802473028E2,-1.543840408E0,2.512273979E1,2.145463562E1
2.802674678E2,-1.633359909E0,2.489195061E1,2.171347809E1
2.802876338E2,-1.093301773E0,2.469818687E1,2.200021362E1
2.803077998E2,2.376871109E-1,2.461379242E1,2.201905060E1
2.803279648E2,1.512050629E0,2.448836136E1,2.230171204E1
2.803481308E2,3.159205437E0,2.457346153E1,2.207070923E1
2.803682968E2,5.011023521E0,2.380209923E1,2.184467316E1
2.803884618E2,6.313701630E0,2.338193512E1,2.180479431E1
2.804086278E2,7.635645866E0,2.301522064E1,2.150972748E1
2.804287928E2,9.245525360E0,2.284891319E1,2.094642639E1
2.804489588E2,1.061655903E1,2.233786964E1,2.057911682E1
2.804691248E2,1.130388641E1,2.166446495E1,2.036447906E1
2.804892898E2,1.157084656E1,2.114015007E1,2.010885620E1
2.805094558E2,1.198855495E1,2.084141159E1,1.942235565E1
2.805296218E2,1.223379421E1,2.062856865E1,1.909998322E1
2.805497868E2,1.197131634E1,2.056402779E1,1.861427307E1
2.805699528E2,1.160847187E1,2.068890762E1,1.781026459E1
2.805901178E2,1.138258457E1,2.052574539E1,1.702542877E1
2.806102838E2,1.170548248E1,2.070551682E1,1.616993713E1
2.806304498E2,1.229893494E1,2.082776833E1,1.507710266E1
2.806506148E2,1.309752560E1,2.110153008E1,1.382700348E1
2.806707808E2,1.345091724E1,2.101389885E1,1.262556458E1
2.806909468E2,1.392339230E1,2.121444321E1,1.139218903E1
2.807111118E2,1.386195946E1,2.150311089E1,9.685440063E0
2.807312778E2,1.387910080E1,2.200534248E1,8.219818115E0
2.807514428E2,1.340763378E1,2.259020615E1,6.742546082E0
2.807716088E2,1.323159313E1,2.303416443E1,5.254821777E0
2.807917748E2,1.297605610E1,2.330190659E1,4.082008362E0
2.808119398E2,1.295080853E1,2.330762291E1,3.078666687E0
2.808321058E2,1.276623726E1,2.337208557E1,2.616973877E0
2.808522718E2,1.271950245E1,2.365815353E1,1.987060547E0
2.808724368E2,1.267031097E1,2.361454582E1,1.030937195E0
2.808926028E2,1.237982178E1,2.391356087E1,3.848190308E-1
2.809127678E2,1.215326500E1,2.431669044E1,-2.593612671E-1
2.809329338E2,1.209940720E1,2.428692436E1,-4.942626953E-1
2.809530998E2,1.179053307E1,2.438574409E1,-1.100013733E0
2.809732643E2,1.145185471E1,2.450297546E1,-1.664894104E0
2.809934303E2,1.115623474E1,2.453547668E1,-1.791160583E0
2.810135963E2,1.115907478E1,2.456808853E1,-1.862632751E0
2.810337613E2,1.087973213E1,2.451998138E1,-1.486915588E0
2.810539273E2,1.075323296E1,2.424787903E1,-7.056503296E-1
2.810740922E2,1.058442307E1,2.427841187E1,-1.115188599E-1
2.810942582E2,1.029326439E1,2.427781868E1,1.036720276E0
2.811144243E2,9.725567818E0,2.410983086E1,1.968673706E0
2.811345892E2,9.100375175E0,2.407204247E1,3.054176331E0
2.811547552E2,8.164731026E0,2.411350060E1,4.379997253E0
2.811749203E2,7.306333542E0,2.407487869E1,6.048835754E0
2.811950862E2,6.464059830E0,2.394939423E1,7.684432983E0
2.812152522E2,6.150688171E0,2.389571190E1,9.085182190E0
2.812354173E2,5.760387421E0,2.373970604E1,1.004700470E1
2.812555832E2,5.682115555E0,2.353673172E1,1.153615570E1
2.812757492E2,5.626214981E0,2.336078835E1,1.259216309E1
2.812959143E2,6.044007301E0,2.308839226E1,1.350041962E1
2.813160803E2,6.430943489E0,2.296125221E1,1.452926636E1
2.813362453E2,6.730732918E0,2.270033836E1,1.563828278E1
2.813564113E2,6.902077675E0,2.247476959E1,1.638599396E1
2.813765773E2,6.869942665E0,2.245983124E1,1.704866028E1
2.813967423E2,7.095721245E0,2.246412849E1,1.745863342E1
2.814169083E2,7.630342484E0,2.270568085E1,1.762587738E1
2.814370743E2,8.330295563E0,2.267166519E1,1.774324799E1
2.814572393E2,9.124738693E0,2.248573494E1,1.755020905E1
2.814774053E2,9.985840797E0,2.236209106E1,1.771092224E1
2.814975703E2,1.098001003E1,2.188479233E1,1.771221924E1
2.815177363E2,1.182393265E1,2.140665245E1,1.784568787E1
2.815379023E2,1.267815971E1,2.097319412E1,1.791442108E1
2.815580673E2,1.325754452E1,2.027736282E1,1.783776093E1
2.815782333E2,1.411237526E1,1.977066803E1,1.760449219E1
2.815983983E2,1.487996578E1,1.908906174E1,1.759151459E1
2.816185643E2,1.566064167E1,1.880142212E1,1.722080994E1
2.816387303E2,1.598700142E1,1.853305244E1,1.688249969E1
2.816588953E2,1.616507149E1,1.829656219E1,1.664900970E1
2.816790613E2,1.627173615E1,1.816028404E1,1.655223083E1
2.816992273E2,1.613457489E1,1.828225327E1,1.644982910E1
2.817193923E2,1.588310909E1,1.820556068E1,1.603488922E1
2.817395583E2,1.588643074E1,1.816625786E1,1.577099609E1
2.817597232E2,1.601333427E1,1.796703148E1,1.563001251E1
2.817798892E2,1.644646454E1,1.783425903E1,1.576676178E1
2.818000553E2,1.669326019E1,1.764725494E1,1.520768738E1
2.818202202E2,1.709458160E1,1.766050720E1,1.478745270E1
2.818403862E2,1.736288452E1,1.807832718E1,1.413297272E1
2.818605512E2,1.747458649E1,1.841513062E1,1.355921173E1
2.818807172E2,1.725185585E1,1.919101334E1,1.340005493E1
2.819008832E2,1.674610138E1,1.969218636E1,1.301655579E1
2.819210483E2,1.641628265E1,2.044879723E1,1.249119568E1
2.819412142E2,1.605026245E1,2.112325096E1,1.193201447E1
2.819613802E2,1.587398148E1,2.199977303E1,1.085484314E1
2.819815451E2,1.573665714E1,2.306294060E1,1.034030914E1
2.820017111E2,1.556471825E1,2.392873573E1,9.551399231E0
2.820218761E2,1.540620804E1,2.460033607E1,8.578674316E0
2.820420421E2,1.514673996E1,2.517512894E1,7.653465271E0
2.820622081E2,1.509984589E1,2.570304871E1,6.797767639E0
2.820823731E2,1.501570415E1,2.640919876E1,5.929855347E0
2.821025391E2,1.494395828E1,2.689347458E1,5.322479248E0
2.821227041E2,1.492420292E1,2.744282913E1,4.689956665E0
2.821428701E2,1.485737133E1,2.789656258E1,4.037826538E0
2.821630361E2,1.480106068E1,2.813984680E1,3.874847412E0
2.821832011E2,1.490231895E1,2.854508972E1,3.596862793E0
2.822033671E2,1.440874100E1,2.879295349E1,3.350822449E0
2.822235321E2,1.405976582E1,2.902828026E1,3.170913696E0
2.822436981E2,1.390009594E1,2.900023651E1,3.456436157E0
2.822638641E2,1.373986340E1,2.923632812E1,3.842628479E0
2.822840291E2,1.380973530E1,2.961962509E1,4.235885620E0
2.823041951E2,1.318863297E1,2.950569534E1,4.859344482E0
2.823243611E2,1.269215393E1,2.948793221E1,5.210693359E0
2.823445261E2,1.195133972E1,2.956335449E1,6.152290344E0
2.823646921E2,1.117959785E1,2.968893051E1,6.964805603E0
2.823848571E2,1.057409668E1,2.997245979E1,7.677116394E0
2.824050231E2,9.745313644E0,2.967805862E1,8.709159851E0
2.824251891E2,9.085733414E0,2.945203400E1,9.783409119E0
2.824453541E2,8.390222549E0,2.927803230E1,1.094910431E1
2.824655201E2,8.261664391E0,2.852878761E1,1.242034149E1
2.824856851E2,8.101317406E0,2.807384872E1,1.374221039E1
2.825058511E2,8.048436165E0,2.733164978E1,1.528588104E1
2.825260171E2,8.058948517E0,2.681735039E1,1.599819946E1
2.825461821E2,7.992910385E0,2.632164001E1,1.739273071E1
2.825663481E2,8.158506393E0,2.580402946E1,1.775155640E1
2.825865131E2,8.100652695E0,2.556544113E1,1.825496674E1
2.826066791E2,8.071513176E0,2.561892700E1,1.848535156E1
2.826268451E2,8.088282585E0,2.573481369E1,1.879394531E1
2.826470101E2,8.564465523E0,2.591585541E1,1.900228882E1
2.826671761E2,8.565354347E0,2.593116570E1,1.891731262E1
2.826873411E2,8.827275276E0,2.607144928E1,1.856480408E1
2.827075071E2,9.187312126E0,2.606299210E1,1.894954681E1
2.827276731E2,9.614562035E0,2.606121445E1,1.871394348E1
2.827478381E2,1.029338741E1,2.647984123E1,1.819064331E1
2.827680041E2,1.066108990E1,2.684656715E1,1.757353973E1
2.827881701E2,1.116657543E1,2.716099358E1,1.680834198E1
2.828083351E2,1.184384823E1,2.772523689E1,1.543504333E1
2.828285011E2,1.243740082E1,2.847509766E1,1.416445160E1
2.828486661E2,1.291644669E1,2.942520714E1,1.266673279E1
2.828688321E2,1.290821552E1,3.016463470E1,1.101106262E1
2.828889981E2,1.304710007E1,3.096002388E1,9.066238403E0
2.829091631E2,1.310816669E1,3.160449409E1,7.641960144E0
2.829293291E2,1.336737156E1,3.170723724E1,6.459281921E0
2.829494941E2,1.377628231E1,3.178873062E1,5.836158752E0
2.829696601E2,1.411556435E1,3.176831055E1,5.644462585E0
2.829898278E2,1.420344734E1,3.152358246E1,6.043090820E0
2.830099928E2,1.398341656E1,3.137057495E1,6.534057617E0
2.830301588E2,1.355345821E1,3.145174980E1,6.999412537E0
2.830503238E2,1.326266575E1,3.144388199E1,7.296432495E0
2.830704898E2,1.272648716E1,3.157281113E1,7.859443665E0
2.830906558E2,1.209611416E1,3.147914505E1,8.804481506E0
2.831108208E2,1.152063084E1,3.125111198E1,9.760086060E0
2.831309868E2,1.097998333E1,3.098878098E1,1.110673523E1
2.831511518E2,1.105448532E1,3.073130417E1,1.215013885E1
2.831713178E2,1.072861481E1,2.976701736E1,1.361927795E1
2.831914838E2,1.068563747E1,2.882676315E1,1.524414062E1
2.832116488E2,1.059549332E1,2.775424767E1,1.684829712E1
2.832318148E2,1.067818260E1,2.647540092E1,1.843859100E1
2.832519798E2,1.065749073E1,2.521550941E1,1.991677856E1
2.832721458E2,1.017413044E1,2.375269508E1,2.184540558E1
2.832923118E2,9.541058540E0,2.244351578E1,2.341841888E1
2.833124768E2,8.581333160E0,2.125776291E1,2.440005493E1
2.833326428E2,7.691674232E0,2.041698837E1,2.536468506E1
2.833528078E2,6.244803429E0,1.986751556E1,2.606858826E1
2.833729738E2,5.363245964E0,1.993328094E1,2.646846008E1
2.833931398E2,4.047116280E0,2.002417755E1,2.661724854E1
2.834133048E2,2.914154053E0,2.024629784E1,2.689887238E1
2.834334708E2,1.646997452E0,2.118605423E1,2.648959351E1
2.834536358E2,1.697616577E-1,2.236940956E1,2.594766998E1
2.834738018E2,-1.330883980E0,2.362700272E1,2.485966492E1
2.834939678E2,-2.773678780E0,2.487714195E1,2.397151947E1
2.835141328E2,-3.796832085E0,2.610988998E1,2.329680634E1
2.835342988E2,-4.745739937E0,2.710745621E1,2.218001556E1
2.835544638E2,-5.594973564E0,2.780299377E1,2.134813690E1
2.835746298E2,-6.555098534E0,2.852483368E1,2.031974792E1
2.835947958E2,-7.475981236E0,2.938416672E1,1.903862762E1
2.836149608E2,-8.152307510E0,3.049845314E1,1.743914795E1
2.836351268E2,-9.023408890E0,3.153277206E1,1.602503967E1
2.836552918E2,-9.461916924E0,3.232313538E1,1.431623077E1
2.836754578E2,-9.774977684E0,3.322618484E1,1.258644867E1
2.836956238E2,-9.886570930E0,3.371549225E1,1.086836243E1
2.837157888E2,-9.791687012E0,3.444913864E1,8.534828186E0
2.837359548E2,-1.016032791E1,3.493688202E1,5.990554810E0
2.837561198E2,-1.042536354E1,3.532635498E1,3.356971741E0
2.837762858E2,-1.068791294E1,3.570015335E1,5.345535278E-1
2.837964518E2,-1.049096775E1,3.572183228E1,-2.313346863E0
2.838166168E2,-1.012563515E1,3.583516693E1,-4.922096252E0
2.838367828E2,-1.021267891E1,3.539214325E1,-7.245933533E0
2.838569488E2,-1.049964523E1,3.482098389E1,-9.560195923E0
2.838771138E2,-1.057111835E1,3.448504257E1,-1.141240692E1
2.838972798E2,-1.081191444E1,3.378728485E1,-1.322556305E1
2.839174448E2,-1.068134594E1,3.325624847E1,-1.446028137E1
2.839376108E2,-1.103393269E1,3.273786545E1,-1.575592804E1
2.839577768E2,-1.105790710E1,3.219457626E1,-1.661912537E1
2.839779408E2,-1.159346294E1,3.192235565E1,-1.729861450E1
2.839981068E2,-1.183937263E1,3.155749130E1,-1.744844055E1
2.840182718E2,-1.202994537E1,3.141213608E1,-1.774179077E1
2.840384378E2,-1.241493702E1,3.142403221E1,-1.781640625E1
2.840586038E2,-1.278123188E1,3.110637665E1,-1.768128967E1
2.840787688E2,-1.334187508E1,3.091076088E1,-1.769613647E1
2.840989348E2,-1.405429363E1,3.058257675E1,-1.768600464E1
2.841191008E2,-1.458584213E1,3.030691910E1,-1.761095428E1
2.841392658E2,-1.513504982E1,3.024918365E1,-1.767505646E1
2.841594318E2,-1.576465607E1,3.036068726E1,-1.685724640E1
2.841795968E2,-1.591735840E1,3.079780579E1,-1.564255524E1
2.841997628E2,-1.629118347E1,3.105800247E1,-1.453870392E1
2.842199288E2,-1.663853073E1,3.144821739E1,-1.275187683E1
2.842400938E2,-1.714808083E1,3.179342270E1,-1.102145386E1
2.842602598E2,-1.755435753E1,3.215378189E1,-9.468032837E0
2.842804258E2,-1.757892418E1,3.235406113E1,-8.175209045E0
2.843005908E2,-1.781762314E1,3.249836731E1,-6.749038696E0
2.843207568E2,-1.831242752E1,3.249695206E1,-5.419120789E0
2.843409218E2,-1.868085861E1,3.249367142E1,-4.362670898E0
2.843610878E2,-1.892140770E1,3.249539948E1,-3.020004272E0
2.843812538E2,-1.900540161E1,3.246599197E1,-1.866111755E0
2.844014187E2,-1.950940514E1,3.207402420E1,-4.101562500E-1
2.844215848E2,-2.001009750E1,3.180545044E1,2.092819214E-1
2.844417497E2,-2.050672340E1,3.159437943E1,5.388107300E-1
2.844619157E2,-2.081090546E1,3.135734940E1,4.097976685E-1
2.844820818E2,-2.093327522E1,3.117524338E1,-8.396911621E-2
2.845022467E2,-2.149977303E1,3.076323700E1,-7.607345581E-1
2.845224127E2,-2.180071259E1,3.041574097E1,-1.145774841E0
2.845425787E2,-2.207430649E1,3.028424454E1,-1.628044128E0
2.845627437E2,-2.223517990E1,3.018034363E1,-1.923812866E0
2.845829097E2,-2.215062714E1,3.012541962E1,-2.318222046E0
2.846030748E2,-2.246417236E1,3.000716019E1,-3.053115845E0
2.846232408E2,-2.260186577E1,2.974467468E1,-3.923461914E0
2.846434067E2,-2.267692566E1,2.954892731E1,-4.685134888E0
2.846635718E2,-2.274168777E1,2.923443604E1,-5.681930542E0
2.846837378E2,-2.264759445E1,2.913149071E1,-6.781982422E0
2.847039037E2,-2.273030853E1,2.855647469E1,-8.093933105E0
2.847240688E2,-2.279194641E1,2.808404541E1,-9.239646912E0
2.847442348E2,-2.284593201E1,2.765484810E1,-1.066999054E1
2.847644008E2,-2.276652908E1,2.703390503E1,-1.176760864E1
2.847845658E2,-2.275676537E1,2.675077629E1,-1.267224884E1
2.848047318E2,-2.286135674E1,2.628509140E1,-1.390750122E1
2.848248968E2,-2.290625381E1,2.580360794E1,-1.441295624E1
2.848450628E2,-2.309609222E1,2.514858246E1,-1.492128754E1
2.848652288E2,-2.340971756E1,2.462133789E1,-1.528916168E1
2.848853938E2,-2.377453041E1,2.404215050E1,-1.601177979E1
2.849055598E2,-2.387324142E1,2.355126381E1,-1.614862061E1
2.849257258E2,-2.403686142E1,2.315769196E1,-1.645184326E1
2.849458908E2,-2.418990326E1,2.270554733E1,-1.672451782E1
2.849660568E2,-2.446948624E1,2.200444221E1,-1.716937256E1
2.849862218E2,-2.494991302E1,2.150319481E1,-1.767346191E1
2.850063878E2,-2.496893883E1,2.091646194E1,-1.825263977E1
2.850265538E2,-2.511140442E1,2.027734375E1,-1.877128601E1
2.850467188E2,-2.484632492E1,1.963109398E1,-1.947634888E1
2.850668848E2,-2.499063873E1,1.864282799E1,-2.012057495E1
2.850870508E2,-2.557757378E1,1.767967796E1,-2.070545959E1
2.851072158E2,-2.571461868E1,1.630109787E1,-2.158748627E1
2.851273818E2,-2.587880707E1,1.483916473E1,-2.251390839E1
2.851475468E2,-2.593190002E1,1.346716404E1,-2.363897705E1
2.851677128E2,-2.539496994E1,1.205627251E1,-2.459494781E1
2.851878788E2,-2.500037575E1,1.074151134E1,-2.545157623E1
2.852080438E2,-2.462832642E1,9.684132576E0,-2.628168488E1
2.852282098E2,-2.448928452E1,8.957305908E0,-2.685261536E1
2.852483758E2,-2.444355392E1,8.189939499E0,-2.717352295E1
2.852685408E2,-2.436374283E1,7.465377808E0,-2.724006653E1
2.852887068E2,-2.421271133E1,6.526342392E0,-2.792645264E1
2.853088718E2,-2.373240852E1,5.562809944E0,-2.838310242E1
2.853290378E2,-2.307297897E1,4.489454269E0,-2.896960449E1
2.853492038E2,-2.249971390E1,3.655465126E0,-2.981010437E1
2.853693688E2,-2.209916687E1,2.979905128E0,-3.042006683E1
2.853895348E2,-2.187481880E1,2.175796509E0,-3.112429047E1
2.854097008E2,-2.137154961E1,1.932024002E0,-3.169823456E1
2.854298658E2,-2.112884712E1,1.650449753E0,-3.232117462E1
2.854500318E2,-2.081071281E1,1.374113083E0,-3.244887543E1
2.854701968E2,-2.045541000E1,9.447956085E-1,-3.282901001E1
2.854903628E2,-2.015158081E1,7.415828705E-1,-3.321481323E1
2.855105288E2,-1.940405846E1,5.723934174E-1,-3.356014252E1
2.855306938E2,-1.882263184E1,3.527069092E-1,-3.388910675E1
2.855508598E2,-1.791214371E1,3.444480896E-1,-3.420565033E1
2.855710258E2,-1.723917961E1,3.024501801E-1,-3.461257172E1
2.855911908E2,-1.676403809E1,3.376712799E-1,-3.521889496E1
2.856113568E2,-1.614592743E1,4.714374542E-1,-3.525672150E1
2.856315218E2,-1.556348991E1,9.389038086E-1,-3.513839722E1
2.856516878E2,-1.505286884E1,1.577848434E0,-3.521909332E1
2.856718538E2,-1.466925621E1,2.318012238E0,-3.549136353E1
2.856920188E2,-1.445301247E1,3.296611786E0,-3.495475006E1
2.857121848E2,-1.457114029E1,4.493732452E0,-3.474549103E1
2.857323498E2,-1.455541229E1,5.872047424E0,-3.489354706E1
2.857525158E2,-1.475915527E1,7.361083031E0,-3.448610687E1
2.857726818E2,-1.565025902E1,9.367379189E0,-3.397938538E1
2.857928468E2,-1.622122002E1,1.080145836E1,-3.350470734E1
2.858130128E2,-1.682985878E1,1.190204430E1,-3.280583954E1
2.858331788E2,-1.727137756E1,1.263290405E1,-3.268305206E1
2.858533438E2,-1.789626694E1,1.310295391E1,-3.263004303E1
2.858735098E2,-1.821410370E1,1.340463829E1,-3.308953094E1
2.858936748E2,-1.860873222E1,1.335195732E1,-3.321961212E1
2.859138408E2,-1.895078468E1,1.340870285E1,-3.348702240E1
2.859340068E2,-1.952551079E1,1.312586117E1,-3.394565582E1
2.859541718E2,-2.004218483E1,1.319329739E1,-3.425005341E1
2.859743378E2,-2.050590515E1,1.332045460E1,-3.458860016E1
2.859945021E2,-2.105533409E1,1.334538460E1,-3.514002228E1
2.860146681E2,-2.143628693E1,1.352217770E1,-3.591538239E1
2.860348341E2,-2.174860954E1,1.334356689E1,-3.624898529E1
2.860549991E2,-2.242389679E1,1.307734013E1,-3.701886749E1
2.860751651E2,-2.272974205E1,1.262603378E1,-3.775134277E1
2.860953301E2,-2.278486252E1,1.181665516E1,-3.858479309E1
2.861154961E2,-2.234683228E1,1.113496399E1,-3.956431580E1
2.861356621E2,-2.223989868E1,9.524394035E0,-4.029223633E1
2.861558271E2,-2.166361046E1,8.108169556E0,-4.104239655E1
2.861759931E2,-2.110434723E1,6.337146759E0,-4.167583466E1
2.861961581E2,-2.017419052E1,4.754489899E0,-4.173553467E1
2.862163241E2,-1.948116684E1,3.341446877E0,-4.152342224E1
2.862364901E2,-1.890620422E1,1.922563553E0,-4.130120850E1
2.862566551E2,-1.843124580E1,7.865867615E-1,-4.106280518E1
2.862768211E2,-1.756914902E1,-4.457187653E-1,-4.101520538E1
2.862969861E2,-1.674382210E1,-1.298799515E0,-4.093621063E1
2.863171521E2,-1.569606209E1,-1.817794800E0,-4.123172760E1
2.863373181E2,-1.440220356E1,-2.440980911E0,-4.114943695E1
2.863574831E2,-1.291642761E1,-2.916805267E0,-4.113315582E1
2.863776491E2,-1.140618324E1,-3.167581558E0,-4.073303986E1
2.863978141E2,-1.124141979E1,-3.618408203E0,-4.026033020E1
2.864179801E2,-9.786382675E0,-3.296398163E0,-4.023477173E1
2.864381461E2,-8.753315926E0,-2.411333084E0,-4.060855103E1
2.864583111E2,-5.961397648E0,-1.953840256E0,-4.169532013E1
2.864784771E2,-3.704826832E0,-1.590730667E0,-4.282212067E1
2.864986421E2,7.398414612E-1,-2.160253525E0,-4.289556122E1
2.865188081E2,5.893416405E0,-2.149854660E0,-3.941919708E1
2.865389741E2,6.727000237E0,3.027229309E-1,-3.269051361E1
2.865591391E2,9.786806107E-1,3.254927635E0,-3.009162140E1
2.865793051E2,2.557654953E1,4.510422707E0,-3.315437317E1
2.865994701E2,2.000397110E1,1.970032120E1,-2.587698364E1
2.866196361E2,1.556787872E1,3.395369720E1,-2.932357788E1
2.866398021E2,1.582903957E1,3.552365875E1,-4.420847321E1
2.866599671E2,1.788537025E1,2.755207443E1,-4.893553925E1
2.866801331E2,1.877583885E1,1.858140564E1,-4.795639038E1
2.867002981E2,1.815968323E1,1.335091019E1,-4.518224335E1
2.867204641E2,1.779590797E1,9.953094482E0,-4.458604431E1
2.867406301E2,1.827210999E1,8.488904953E0,-4.539556885E1
2.867607951E2,1.897143364E1,5.746582031E0,-4.578135681E1
2.867809611E2,1.959259033E1,3.941566467E0,-4.602699280E1
2.868011261E2,2.031909180E1,2.528255463E0,-4.537596130E1
2.868212921E2,2.199571991E1,-7.915573120E-1,-4.627250671E1
2.868414581E2,2.280047607E1,-1.709407806E0,-4.600276184E1
2.868616231E2,2.295183182E1,-2.375297546E0,-4.661248016E1
2.868817891E2,2.416618347E1,-2.682258606E0,-4.663436127E1
2.869019541E2,2.160110474E1,-2.873317719E0,-4.603359222E1
2.869221201E2,2.273249245E1,-2.600986481E0,-4.614417267E1
2.869422861E2,1.755195999E1,-3.791099548E0,-4.516333771E1
2.869624511E2,1.700266266E1,-3.713153839E0,-4.524600220E1
2.869826171E2,1.656807518E1,-3.549686432E0,-4.464440155E1
2.870027821E2,1.750004196E1,-2.624702454E0,-4.406134033E1
2.870229481E2,1.729934883E1,-2.366437912E0,-4.370869446E1
2.870431141E2,1.797900772E1,-1.477630615E0,-4.345551300E1
2.870632791E2,1.784848595E1,-6.840267181E-1,-4.330253601E1
2.870834451E2,1.781056786E1,5.245609283E-1,-4.334381104E1
2.871036101E2,1.685662460E1,7.997512817E-1,-4.265523529E1
2.871237761E2,1.591169548E1,1.425346375E0,-4.296857452E1
2.871439421E2,1.499595070E1,2.418384552E0,-4.341040802E1
2.871641071E2,1.434644127E1,3.206630707E0,-4.335456848E1
2.871842731E2,1.400746536E1,4.149919510E0,-4.381497192E1
2.872044381E2,1.377775955E1,4.466243744E0,-4.335832977E1
2.872246041E2,1.282052040E1,5.435916901E0,-4.369412994E1
2.872447701E2,1.229132938E1,5.873228073E0,-4.370429230E1
2.872649351E2,1.134234715E1,6.794857025E0,-4.381121063E1
2.872851011E2,1.065275860E1,7.817241669E0,-4.432953644E1
2.873052661E2,1.010622501E1,8.703973770E0,-4.446350861E1
2.873254321E2,9.460509300E0,9.300840378E0,-4.403070068E1
2.873455981E2,8.889369011E0,9.745229721E0,-4.424223328E1
2.873657631E2,8.079986572E0,1.007053947E1,-4.436063385E1
2.873859291E2,6.617106438E0,1.114300537E1,-4.470471954E1
2.874060941E2,5.934820652E0,1.160382843E1,-4.477091217E1
2.874262601E2,5.082990170E0,1.187299347E1,-4.466605377E1
2.874464261E2,3.773175240E0,1.229646301E1,-4.475354767E1
2.874665911E2,2.465799332E0,1.280859089E1,-4.465612030E1
2.874867571E2,1.226518631E0,1.313371944E1,-4.474972534E1
2.875069221E2,2.428941727E-1,1.326609230E1,-4.457176208E1
2.875270881E2,-4.709420204E-1,1.332834339E1,-4.455462646E1
2.875472531E2,-6.981110573E-1,1.356262398E1,-4.446058655E1
2.875674191E2,-1.186971664E0,1.364373875E1,-4.425256348E1
2.875875851E2,-1.894466877E0,1.371348476E1,-4.376433563E1
2.876077501E2,-2.359806538E0,1.388198662E1,-4.403089142E1
2.876279161E2,-2.670492649E0,1.397589302E1,-4.370798492E1
2.876480811E2,-2.525276184E0,1.403661060E1,-4.351148987E1
2.876682471E2,-2.673812866E0,1.403317261E1,-4.333886719E1
2.876884131E2,-2.675453186E0,1.404613209E1,-4.337133789E1
2.877085781E2,-2.756177425E0,1.405755711E1,-4.373783875E1
2.877287441E2,-2.461645603E0,1.400666428E1,-4.345518494E1
2.877489091E2,-2.129622936E0,1.388130665E1,-4.365548706E1
2.877690751E2,-2.172874451E0,1.251303387E1,-4.290586853E1
2.877892411E2,-1.927110672E0,1.124845505E1,-4.291772461E1
2.878094061E2,-1.484283924E0,9.906431198E0,-4.295213318E1
2.878295721E2,-1.256338596E0,7.704692841E0,-4.387767792E1
2.878497371E2,8.450031281E-2,6.282913208E0,-4.417613983E1
2.878699031E2,9.881238937E-1,4.721654892E0,-4.527867126E1
2.878900691E2,1.898075104E0,2.718374252E0,-4.547966766E1
2.879102341E2,2.556973457E0,6.474151611E-1,-4.555666351E1
2.879304001E2,3.380422592E0,-1.593788147E0,-4.525308990E1
2.879505651E2,4.218642235E0,-3.934719086E0,-4.495709991E1
2.879707311E2,5.037739754E0,-6.424274445E0,-4.463568878E1
2.879908972E2,5.785269737E0,-9.078374863E0,-4.355729675E1
2.880110622E2,6.920941353E0,-1.154087639E1,-4.252973938E1
2.880312282E2,8.064860344E0,-1.401158714E1,-4.038701630E1
2.880513932E2,8.993153572E0,-1.508840752E1,-3.852321625E1
2.880715592E2,1.015213585E1,-1.779912949E1,-3.600442505E1
2.880917252E2,1.035624695E1,-1.822603607E1,-3.448393250E1
2.881118902E2,1.120008469E1,-1.894794655E1,-3.172726440E1
2.881320562E2,1.150782585E1,-1.861512947E1,-3.046429443E1
2.881522212E2,1.290002823E1,-1.832628250E1,-2.820089722E1
2.881723872E2,1.316769028E1,-1.804685211E1,-2.770834351E1
2.881925532E2,1.386645699E1,-1.715922356E1,-2.666151428E1
2.882127182E2,1.453229713E1,-1.677160835E1,-2.661546326E1
2.882328842E2,1.484062386E1,-1.628880119E1,-2.631573486E1
2.882530492E2,1.543279839E1,-1.594685173E1,-2.627981567E1
2.882732152E2,1.515717697E1,-1.555883026E1,-2.604716492E1
2.882933802E2,1.565903854E1,-1.523462296E1,-2.601133728E1
2.883135462E2,1.581137848E1,-1.472582626E1,-2.600070190E1
2.883337122E2,1.568530464E1,-1.411741257E1,-2.657238770E1
2.883538772E2,1.546722126E1,-1.358749580E1,-2.720660400E1
2.883740432E2,1.516697693E1,-1.261198997E1,-2.763385010E1
2.883942082E2,1.504133034E1,-1.199553108E1,-2.796291351E1
2.884143742E2,1.479203415E1,-1.149744225E1,-2.831200409E1
2.884345402E2,1.386719704E1,-1.110642815E1,-2.912157440E1
2.884547052E2,1.343827248E1,-1.138972855E1,-2.944242096E1
2.884748712E2,1.278711319E1,-1.100769424E1,-3.017337799E1
2.884950362E2,1.203335762E1,-1.056322289E1,-3.033361816E1
2.885152022E2,1.124786568E1,-1.003309822E1,-3.078680420E1
2.885353682E2,1.037308884E1,-9.923826218E0,-3.142987061E1
2.885555332E2,9.064126968E0,-9.436668396E0,-3.186039734E1
2.885756992E2,8.176182747E0,-8.840602875E0,-3.331013489E1
2.885958642E2,7.323292732E0,-8.463464737E0,-3.367451477E1
2.886160302E2,6.850274086E0,-7.860969543E0,-3.441918945E1
2.886361962E2,5.894606590E0,-7.584711075E0,-3.479289246E1
2.886563612E2,5.613604546E0,-7.044094086E0,-3.511675262E1
2.886765272E2,5.264281273E0,-6.600193024E0,-3.534334564E1
2.886966922E2,5.025258064E0,-6.148662567E0,-3.578751373E1
2.887168582E2,5.042994022E0,-5.836135864E0,-3.560095978E1
2.887370242E2,4.990891933E0,-5.583909988E0,-3.590010834E1
2.887571892E2,4.923493862E0,-5.296176910E0,-3.580957794E1
2.887773552E2,5.141715527E0,-4.984741211E0,-3.586861420E1
2.887975202E2,5.420222759E0,-4.591144562E0,-3.543415070E1
2.888176862E2,5.790714741E0,-4.407600403E0,-3.520935822E1
2.888378522E2,6.110840321E0,-4.356290817E0,-3.479058075E1
2.888580172E2,6.388850212E0,-4.271150589E0,-3.351145172E1
2.888781832E2,6.646560669E0,-4.482004166E0,-3.275336456E1
2.888983482E2,6.813878059E0,-5.048919678E0,-3.159072113E1
2.889185142E2,6.705680847E0,-5.203813553E0,-3.049561310E1
2.889386802E2,6.100967407E0,-5.183368683E0,-2.915329742E1
2.889588452E2,2.815204620E0,-7.237180710E0,-2.779074097E1
2.889790116E2,2.222289085E0,-6.760435104E0,-2.740260315E1
2.889991766E2,1.797820091E0,-6.336568832E0,-2.305284119E1
2.890193426E2,1.303511620E0,-6.254365921E0,-2.350820923E1
2.890395076E2,8.744144440E-1,-6.202533722E0,-1.839755249E1
2.890596736E2,9.178390503E-1,-6.591516495E0,-1.840170288E1
2.890798396E2,8.916435242E-1,-6.871637344E0,-1.843272400E1
2.891000046E2,6.124095917E-1,-7.813907623E0,-1.792391968E1
2.891201706E2,4.502887726E-1,-8.966787338E0,-1.873910522E1
2.891403356E2,2.940120697E-1,-9.974721909E0,-1.940208435E1
2.891605016E2,7.866001129E-2,-1.099744606E1,-1.929164124E1
2.891806676E2,-9.584617615E-2,-1.240784264E1,-1.881030273E1
2.892008326E2,-4.517745972E-1,-1.352099800E1,-1.874227142E1
2.892209986E2,-1.153728485E0,-1.443306732E1,-1.840881348E1
2.892411636E2,-1.937325954E0,-1.517419624E1,-1.817600250E1
2.892613296E2,-2.852670670E0,-1.593979836E1,-1.790915680E1
2.892814956E2,-3.495739460E0,-1.649066544E1,-1.801361084E1
2.893016606E2,-4.029966354E0,-1.718412018E1,-1.742039490E1
2.893218266E2,-4.352776051E0,-1.809646797E1,-1.715566254E1
2.893419916E2,-4.446220875E0,-1.845339012E1,-1.710265350E1
2.893621576E2,-4.388875961E0,-1.874030304E1,-1.723880768E1
2.893823236E2,-3.498790741E0,-1.859109497E1,-1.721906281E1
2.894024886E2,-3.116275787E0,-1.884084320E1,-1.757274628E1
2.894226546E2,-2.509845734E0,-1.885149956E1,-1.822107697E1
2.894428196E2,-1.656617641E0,-1.855306053E1,-1.865805817E1
2.894629856E2,-4.982032776E-1,-1.802699471E1,-1.944567108E1
2.894831516E2,7.796268463E-1,-1.748571587E1,-2.003070068E1
2.895033166E2,1.870050430E0,-1.696661186E1,-2.106698608E1
2.895234826E2,2.807178497E0,-1.604444313E1,-2.203491211E1
2.895436476E2,3.801786423E0,-1.453802109E1,-2.262778473E1
2.895638136E2,4.175396919E0,-1.294437790E1,-2.402745056E1
2.895839796E2,4.356741905E0,-1.091862106E1,-2.465796661E1
2.896041446E2,4.423723221E0,-9.455734253E0,-2.554512024E1
2.896243106E2,4.221847534E0,-7.828536987E0,-2.604515839E1
2.896444756E2,3.757120132E0,-6.242113113E0,-2.663883972E1
2.896646416E2,3.616679192E0,-5.128471375E0,-2.700066376E1
2.896848076E2,3.174604416E0,-3.838378906E0,-2.737403870E1
2.897049726E2,2.693942070E0,-2.498617172E0,-2.794207001E1
2.897251386E2,1.712095261E0,-1.514389038E0,-2.823922729E1
2.897453036E2,8.457107544E-1,-5.763740540E-1,-2.827851868E1
2.897654696E2,3.236131668E-1,2.403945923E-1,-2.877635956E1
2.897856356E2,-2.117919922E-2,9.951515198E-1,-2.890972137E1
2.898058006E2,-6.332015991E-1,1.827501297E0,-2.906194305E1
2.898259666E2,-1.375687599E0,2.249622345E0,-2.929920197E1
2.898461316E2,-1.783001423E0,2.869173050E0,-2.952109528E1
2.898662976E2,-2.519803524E0,3.520112991E0,-2.963272858E1
2.898864636E2,-3.417988300E0,4.199174881E0,-2.971854401E1
2.899066286E2,-3.686436653E0,4.868513107E0,-2.965334320E1
2.899267946E2,-3.957080841E0,5.629660606E0,-2.947398376E1
2.899469596E2,-4.085887909E0,6.422529221E0,-2.894935608E1
2.899671256E2,-4.289539337E0,7.122275352E0,-2.884216309E1
2.899872909E2,-4.420375824E0,7.798950195E0,-2.853611755E1
2.900074569E2,-4.472825050E0,8.814292908E0,-2.871300507E1
2.900276229E2,-4.239532471E0,9.397683144E0,-2.840904999E1
2.900477879E2,-3.701884747E0,1.026009178E1,-2.814668274E1
2.900679539E2,-3.887302399E0,1.028605080E1,-2.781100464E1
2.900881189E2,-4.234342098E0,1.024115849E1,-2.764682007E1
2.901082849E2,-4.300420761E0,1.015258121E1,-2.759379578E1
2.901284509E2,-4.399101734E0,9.780071259E0,-2.768785095E1
2.901486159E2,-4.076808929E0,9.576495171E0,-2.759931946E1
2.901687819E2,-4.159806252E0,8.305520058E0,-2.785378265E1
2.901889469E2,-4.132365227E0,6.670961380E0,-2.805832672E1
2.902091129E2,-3.789714813E0,4.823946953E0,-2.851088715E1
2.902292789E2,-3.504908562E0,2.949956894E0,-2.878248596E1
2.902494439E2,-3.624236584E0,8.825054169E-1,-2.874626923E1
2.902696099E2,-3.908077240E0,-1.108516693E0,-2.850817871E1
2.902897749E2,-4.430830479E0,-3.329574585E0,-2.852692413E1
2.903099409E2,-4.824126720E0,-5.566082001E0,-2.813909149E1
2.903301069E2,-5.530293941E0,-8.203956604E0,-2.721655273E1
2.903502719E2,-5.948699951E0,-1.083584976E1,-2.623806000E1
2.903704379E2,-6.666163445E0,-1.271405602E1,-2.468504333E1
2.903906029E2,-7.527985096E0,-1.448237419E1,-2.302021027E1
2.904107689E2,-8.795484543E0,-1.589713097E1,-2.185346222E1
2.904309349E2,-9.729869843E0,-1.693086052E1,-2.070453644E1
2.904510999E2,-1.052641392E1,-1.797546959E1,-1.938858032E1
2.904712659E2,-1.158004475E1,-1.877422333E1,-1.787508392E1
2.904914309E2,-1.249418926E1,-1.985363579E1,-1.613227081E1
2.905115969E2,-1.324436951E1,-2.069809532E1,-1.467388916E1
2.905317619E2,-1.337752438E1,-2.120324135E1,-1.355522156E1
2.905519279E2,-1.330352020E1,-2.153882027E1,-1.291168213E1
2.905720939E2,-1.293882084E1,-2.187036514E1,-1.283969879E1
2.905922589E2,-1.228143597E1,-2.208283615E1,-1.302234650E1
2.906124249E2,-1.117960358E1,-2.190085602E1,-1.411913300E1
2.906325899E2,-1.017176342E1,-2.158182526E1,-1.525685120E1
2.906527559E2,-8.891548157E0,-2.093476105E1,-1.665663147E1
2.906729219E2,-7.892812729E0,-2.033286285E1,-1.837444305E1
2.906930869E2,-6.955119610E0,-1.940904045E1,-1.984025574E1
2.907132529E2,-5.633019447E0,-1.820856476E1,-2.147516632E1
2.907334179E2,-4.539708614E0,-1.698422813E1,-2.265870667E1
2.907535839E2,-3.334391594E0,-1.572185516E1,-2.419229126E1
2.907737499E2,-2.600995064E0,-1.424609947E1,-2.557009125E1
2.907939149E2,-2.020227432E0,-1.255341530E1,-2.672325134E1
2.908140809E2,-1.483580589E0,-1.085613632E1,-2.714833832E1
2.908342459E2,-1.582091331E0,-9.643453598E0,-2.796454620E1
2.908544119E2,-2.061831474E0,-8.304645538E0,-2.816724396E1
2.908745779E2,-2.528722763E0,-6.886337280E0,-2.842612457E1
2.908947429E2,-2.630016327E0,-5.695981979E0,-2.925849915E1
2.909149089E2,-2.711216927E0,-4.377481461E0,-2.959366608E1
2.909350739E2,-2.715936661E0,-3.433650970E0,-2.968215179E1
2.909552399E2,-3.068849564E0,-2.371952057E0,-2.986306763E1
2.909754049E2,-3.071691990E0,-1.122148514E0,-3.023784637E1
2.909955705E2,-3.172375202E0,-2.846717834E-2,-3.070535278E1
2.910157365E2,-3.360707760E0,9.964008331E-1,-3.047811890E1
2.910359015E2,-3.843792439E0,2.211483002E0,-3.017668152E1
2.910560675E2,-4.552479267E0,3.191904068E0,-3.045175171E1
2.910762325E2,-5.110034943E0,4.050207138E0,-2.994297028E1
2.910963985E2,-5.906882286E0,4.502749443E0,-2.971103668E1
2.911165645E2,-6.661732197E0,4.898552895E0,-2.948706818E1
2.911367295E2,-7.287878990E0,4.722345352E0,-2.916519928E1
2.911568955E2,-7.898709297E0,4.374039650E0,-2.902964020E1
2.911770605E2,-8.189873695E0,3.480970383E0,-2.873434448E1
2.911972265E2,-8.525494576E0,2.816407204E0,-2.852729797E1
2.912173925E2,-8.655487061E0,2.170593262E0,-2.861772156E1
2.912375575E2,-8.521331787E0,1.216390610E0,-2.837705994E1
2.912577235E2,-8.284036636E0,2.946472168E-1,-2.836193848E1
2.912778885E2,-8.155586243E0,-7.726078033E-1,-2.821815491E1
2.912980545E2,-7.946748734E0,-1.678680420E0,-2.801507568E1
2.913182195E2,-7.579317093E0,-2.959589005E0,-2.705329132E1
2.913383855E2,-7.043875217E0,-4.125720978E0,-2.639490509E1
2.913585515E2,-6.767845631E0,-5.062198639E0,-2.536634827E1
2.913787165E2,-6.648702145E0,-5.848793030E0,-2.408827972E1
2.913988825E2,-7.146049023E0,-6.275545120E0,-2.294492340E1
2.914190475E2,-7.770413399E0,-7.570577621E0,-2.155840302E1
2.914392135E2,-8.247307777E0,-8.661043167E0,-2.124350739E1
2.914593795E2,-8.620573044E0,-9.687801361E0,-2.077463531E1
2.914795445E2,-8.480552673E0,-1.080388451E1,-2.062296295E1
2.914997105E2,-8.293436050E0,-1.181886673E1,-2.030072784E1
2.915198755E2,-8.328203201E0,-1.296908760E1,-1.968470001E1
2.915400415E2,-8.024747849E0,-1.385391617E1,-1.873554230E1
2.915602065E2,-7.732458115E0,-1.472883034E1,-1.800818634E1
2.915803725E2,-7.473851681E0,-1.526147652E1,-1.724256897E1
2.916005385E2,-7.332752228E0,-1.610907173E1,-1.664176178E1
2.916207035E2,-7.295956612E0,-1.647062111E1,-1.587276459E1
2.916408695E2,-7.207737446E0,-1.672344589E1,-1.601322174E1
2.916610345E2,-7.110228062E0,-1.706077576E1,-1.572667694E1
2.916812005E2,-6.905828953E0,-1.686458206E1,-1.548694611E1
2.917013665E2,-7.213174343E0,-1.690554237E1,-1.549249268E1
2.917215315E2,-7.271517754E0,-1.682189369E1,-1.576420593E1
2.917416975E2,-7.038640976E0,-1.668383408E1,-1.586396027E1
2.917618625E2,-6.719248295E0,-1.653469467E1,-1.646561432E1
2.917820285E2,-6.253785610E0,-1.620121765E1,-1.666800690E1
2.918021945E2,-6.153199196E0,-1.583804321E1,-1.740166473E1
2.918223595E2,-5.728243351E0,-1.554211235E1,-1.793049622E1
2.918425255E2,-5.467259884E0,-1.483281708E1,-1.865660095E1
2.918626905E2,-5.069267750E0,-1.400959015E1,-1.924484253E1
2.918828565E2,-4.444484711E0,-1.273982430E1,-1.997588348E1
2.919030215E2,-3.986610889E0,-1.149538422E1,-2.080620575E1
2.919231875E2,-3.616281509E0,-1.013244820E1,-2.178400421E1
2.919433535E2,-3.331381798E0,-8.707630157E0,-2.269704437E1
2.919635185E2,-3.255780220E0,-7.117309570E0,-2.295146942E1
2.919836845E2,-3.111386776E0,-5.162071228E0,-2.363969421E1
2.920038495E2,-2.836139679E0,-3.301710129E0,-2.347014618E1
2.920240155E2,-2.308622360E0,-1.387500763E0,-2.374893951E1
2.920441815E2,-1.963973999E0,3.131923676E-1,-2.364494324E1
2.920643465E2,-1.761469841E0,1.447250366E0,-2.374774170E1
2.920845125E2,-1.453801155E0,2.276483536E0,-2.353161621E1
2.921046775E2,-6.942272186E-1,2.841471672E0,-2.338719177E1
2.921248435E2,1.222610474E-2,3.470615387E0,-2.320991516E1
2.921450085E2,7.778720856E-1,3.868713379E0,-2.329376984E1
2.921651745E2,1.560373306E0,4.154516220E0,-2.311237335E1
2.921853405E2,2.187001228E0,4.348196030E0,-2.289652252E1
2.922055055E2,2.849597931E0,4.476916313E0,-2.283273315E1
2.922256715E2,3.309237480E0,4.243032455E0,-2.257157898E1
2.922458365E2,4.008188248E0,3.236314774E0,-2.255145264E1
2.922660025E2,4.680596352E0,2.171840668E0,-2.276557922E1
2.922861685E2,4.920007706E0,1.049369812E0,-2.288063049E1
2.923063335E2,5.065509796E0,-1.633720398E-1,-2.287252045E1
2.923264995E2,4.906881332E0,-1.494953156E0,-2.324236298E1
2.923466645E2,4.995350838E0,-2.606035233E0,-2.329833221E1
2.923668305E2,5.304848671E0,-3.999427795E0,-2.347566986E1
2.923869955E2,5.225397110E0,-5.731727600E0,-2.337965393E1
2.924071615E2,5.233597755E0,-7.462882996E0,-2.313588715E1
2.924273275E2,5.067854881E0,-9.637815475E0,-2.296341705E1
2.924474925E2,4.910082817E0,-1.147755051E1,-2.261468506E1
2.924676585E2,4.207309723E0,-1.350333977E1,-2.213807678E1
2.924878235E2,3.673975945E0,-1.543707466E1,-2.143164062E1
2.925079895E2,3.198813438E0,-1.717186928E1,-2.084741211E1
2.925281545E2,2.687676430E0,-1.876495743E1,-1.980954742E1
2.925483205E2,2.304237366E0,-1.995207214E1,-1.905915833E1
2.925684865E2,1.732332230E0,-2.137804604E1,-1.813140869E1
2.925886515E2,1.218931198E0,-2.250805092E1,-1.739843750E1
2.926088175E2,8.697338104E-1,-2.343723679E1,-1.680743408E1
2.926289825E2,9.240636826E-1,-2.408504486E1,-1.580473328E1
2.926491485E2,1.299736023E0,-2.471148682E1,-1.509188843E1
2.926693145E2,1.945162773E0,-2.524421120E1,-1.459081268E1
2.926894795E2,2.716695786E0,-2.569036865E1,-1.397729492E1
2.927096455E2,3.382443428E0,-2.581118584E1,-1.384599304E1
2.927298105E2,4.299857140E0,-2.576941872E1,-1.382653809E1
2.927499765E2,5.199981689E0,-2.526800346E1,-1.410809326E1
2.927701415E2,5.821310997E0,-2.463810921E1,-1.472762299E1
2.927903075E2,6.146757126E0,-2.361639404E1,-1.579391479E1
2.928104735E2,6.586098671E0,-2.230335999E1,-1.726395416E1
2.928306385E2,7.187703133E0,-2.049448776E1,-1.873812103E1
2.928508045E2,8.101679802E0,-1.868068123E1,-2.018325043E1
2.928709695E2,9.406343460E0,-1.660820007E1,-2.095620728E1
2.928911355E2,1.078281498E1,-1.480362320E1,-2.132905579E1
2.929113005E2,1.179956627E1,-1.293384743E1,-2.224018097E1
2.929314665E2,1.283426666E1,-1.065110779E1,-2.248670197E1
2.929516325E2,1.395897770E1,-8.846342087E0,-2.263986969E1
2.929717975E2,1.539259052E1,-7.063058853E0,-2.282449341E1
2.929919640E2,1.648305893E1,-5.044956207E0,-2.267350769E1
2.930121290E2,1.751986313E1,-3.317499161E0,-2.222341919E1
2.930322950E2,1.876791382E1,-1.906412125E0,-2.156215668E1
2.930524600E2,2.095894051E1,-2.576599121E-1,-2.014227295E1
2.930726260E2,2.203466797E1,3.383121490E-1,-1.908725739E1
2.930927920E2,2.306963730E1,1.814517975E-1,-1.819299316E1
2.931129570E2,2.363809967E1,2.202262878E-1,-1.777815247E1
2.931331230E2,2.369377327E1,1.429939270E-1,-1.751793671E1
2.931532880E2,2.398474693E1,-2.121582031E-1,-1.738162994E1
2.931734540E2,2.415870857E1,-8.526325226E-1,-1.708635712E1
2.931936190E2,2.457457161E1,-1.319648743E0,-1.658092499E1
2.932137850E2,2.505510712E1,-1.619821548E0,-1.610703278E1
2.932339510E2,2.516771698E1,-1.990926743E0,-1.558612823E1
2.932541160E2,2.542019272E1,-2.480955124E0,-1.511519623E1
2.932742820E2,2.568792343E1,-3.176767349E0,-1.476502228E1
2.932944470E2,2.569967842E1,-3.975040436E0,-1.412962341E1
2.933146130E2,2.592330933E1,-4.709552765E0,-1.364283752E1
2.933347780E2,2.613566780E1,-5.550222397E0,-1.311531830E1
2.933549440E2,2.608786583E1,-6.398735046E0,-1.256148529E1
2.933751100E2,2.614591217E1,-7.193992615E0,-1.240502167E1
2.933952750E2,2.602514648E1,-7.898887634E0,-1.192428589E1
2.934154410E2,2.627486420E1,-8.730491638E0,-1.147003174E1
2.934356060E2,2.598661041E1,-9.651443481E0,-1.135571289E1
2.934557720E2,2.570430756E1,-1.040293694E1,-1.136222076E1
2.934759370E2,2.529062271E1,-1.094534683E1,-1.126999664E1
2.934961030E2,2.533607101E1,-1.115103149E1,-1.134284210E1
2.935162690E2,2.555562401E1,-1.126663017E1,-1.100488281E1
2.935364340E2,2.591312408E1,-1.152062416E1,-1.040445709E1
2.935566000E2,2.656724167E1,-1.144273567E1,-9.428451538E0
2.935767650E2,2.716846657E1,-1.167979050E1,-8.170639038E0
2.935969310E2,2.739051819E1,-1.182101059E1,-6.682884216E0
2.936170960E2,2.776367950E1,-1.197944450E1,-6.355575562E0
2.936372620E2,2.785177994E1,-1.207293129E1,-6.088966370E0
2.936574280E2,2.782815933E1,-1.215193176E1,-6.364196777E0
2.936775930E2,2.771605301E1,-1.238497162E1,-6.774368286E0
2.936977590E2,2.771535110E1,-1.249244499E1,-6.897468567E0
2.937179240E2,2.762105942E1,-1.242924690E1,-7.388557434E0
2.937380900E2,2.780728912E1,-1.202576065E1,-7.050582886E0
2.937582550E2,2.821171951E1,-1.170755005E1,-7.171539307E0
2.937784210E2,2.819368553E1,-1.146264458E1,-7.049064636E0
2.937985870E2,2.837201881E1,-1.108961678E1,-7.014656067E0
2.938187520E2,2.856925964E1,-1.047196198E1,-7.214729309E0
2.938389180E2,2.884194946E1,-9.619136810E0,-6.714805603E0
2.938590830E2,2.893243790E1,-8.285173416E0,-6.299285889E0
2.938792490E2,2.926525116E1,-7.294551849E0,-6.122550964E0
2.938994140E2,2.934158134E1,-6.403575897E0,-5.817337036E0
2.939195800E2,2.942218018E1,-5.226531982E0,-5.410285950E0
2.939397460E2,2.939876556E1,-3.940771103E0,-5.208702087E0
2.939599110E2,2.947956085E1,-2.780452728E0,-4.757186890E0
2.939800770E2,2.964789963E1,-1.396871567E0,-3.805038452E0
2.940002413E2,2.969746780E1,-7.149791718E-1,-3.228797913E0
2.940204073E2,2.959466553E1,8.393669128E-2,-2.695358276E0
2.940405722E2,2.963257599E1,6.345405579E-1,-2.461669922E0
2.940607383E2,2.967012596E1,1.041650772E0,-2.347984314E0
2.940809032E2,2.979153061E1,1.726310730E0,-2.489524841E0
2.941010692E2,2.923868370E1,1.964836121E0,-2.507194519E0
2.941212353E2,2.940373230E1,1.986551285E0,-2.364326477E0
2.941414002E2,2.929022217E1,2.097368240E0,-1.895362854E0
2.941615662E2,2.938159561E1,2.294795990E0,-1.558830261E0
2.941817313E2,2.949237823E1,2.284835815E0,-1.514663696E0
2.942018972E2,2.944781303E1,2.715595245E0,-1.578231812E0
2.942220623E2,2.910811043E1,3.041530609E0,-1.873710632E0
2.942422283E2,2.912278938E1,3.024440765E0,-1.512832642E0
2.942623943E2,2.920624542E1,3.401205063E0,-9.193344116E-1
2.942825593E2,2.950512314E1,3.806816101E0,9.481048584E-2
2.943027253E2,2.922166443E1,4.024524689E0,1.459075928E0
2.943228903E2,2.923304749E1,4.462822914E0,2.684707642E0
2.943430563E2,2.911934280E1,5.113727570E0,4.225914001E0
2.943632213E2,2.888032341E1,5.544198036E0,5.678863525E0
2.943833873E2,2.850667191E1,6.067444801E0,6.776199341E0
2.944035523E2,2.832603455E1,6.558098793E0,7.797630310E0
2.944237183E2,2.789368057E1,7.043037415E0,8.634140015E0
2.944438843E2,2.755108643E1,7.543922424E0,9.099502563E0
2.944640493E2,2.731881523E1,8.315408707E0,9.096839905E0
2.944842153E2,2.719294739E1,8.893429756E0,9.206298828E0
2.945043803E2,2.717375565E1,9.309998512E0,9.529655457E0
2.945245463E2,2.734691620E1,9.822381020E0,9.586601257E0
2.945447112E2,2.708108521E1,1.015858650E1,9.246551514E0
2.945648772E2,2.698092270E1,1.042810154E1,8.949821472E0
2.945850433E2,2.695321083E1,1.058215237E1,8.923797607E0
2.946052082E2,2.686900139E1,1.067773438E1,8.773086548E0
2.946253742E2,2.680173302E1,1.084309387E1,8.854446411E0
2.946455393E2,2.679818153E1,1.082726383E1,8.990226746E0
2.946657052E2,2.663729286E1,1.094484329E1,9.050910950E0
2.946858703E2,2.685243034E1,1.065887547E1,9.331108093E0
2.947060363E2,2.685542488E1,1.051782513E1,9.275451660E0
2.947262013E2,2.698087883E1,1.038577652E1,9.036857605E0
2.947463673E2,2.725504494E1,1.039731884E1,8.775085449E0
2.947665333E2,2.700016022E1,1.062506390E1,8.407211304E0
2.947866983E2,2.687128448E1,1.099934578E1,8.109046936E0
2.948068643E2,2.678236008E1,1.141063786E1,7.705162048E0
2.948270293E2,2.674703979E1,1.180641747E1,7.826744080E0
2.948471953E2,2.642831421E1,1.231246948E1,8.033721924E0
2.948673603E2,2.616482544E1,1.296388435E1,8.261352539E0
2.948875263E2,2.571669960E1,1.365071297E1,8.710853577E0
2.949076913E2,2.508670616E1,1.404314423E1,8.804512024E0
2.949278573E2,2.478690720E1,1.435873222E1,9.268775940E0
2.949480233E2,2.461966324E1,1.468861389E1,1.000203705E1
2.949681883E2,2.436770630E1,1.477756691E1,9.957138062E0
2.949883550E2,2.416838455E1,1.480043221E1,1.076986694E1
2.950085200E2,2.376531982E1,1.485266495E1,1.082672882E1
2.950286860E2,2.373103714E1,1.463858509E1,1.143861389E1
2.950488510E2,2.382316399E1,1.466807938E1,1.163311768E1
2.950690170E2,2.379371834E1,1.432805824E1,1.207259369E1
2.950891820E2,2.364015579E1,1.407128906E1,1.243830872E1
2.951093480E2,2.347532272E1,1.354827118E1,1.295420837E1
2.951295130E2,2.354506493E1,1.286914635E1,1.338838196E1
2.951496790E2,2.363618469E1,1.238754463E1,1.375175476E1
2.951698450E2,2.358481216E1,1.191550255E1,1.429936218E1
2.951900100E2,2.369448280E1,1.151678276E1,1.479513550E1
2.952101760E2,2.351797295E1,1.119432545E1,1.515472412E1
2.952303410E2,2.355622482E1,1.092781544E1,1.591423035E1
2.952505070E2,2.328494263E1,1.026625061E1,1.666105652E1
2.952706720E2,2.351255417E1,9.711269379E0,1.705243683E1
2.952908380E2,2.377137756E1,9.148317337E0,1.745194244E1
2.953110030E2,2.403313828E1,8.664746284E0,1.784329987E1
2.953311690E2,2.444499588E1,8.281702042E0,1.745242310E1
2.953513350E2,2.478052902E1,8.221463203E0,1.747071075E1
2.953715000E2,2.532527924E1,8.348059654E0,1.731365204E1
2.953916660E2,2.589366341E1,8.562726974E0,1.706472778E1
2.954118310E2,2.639395714E1,8.620542526E0,1.629060364E1
2.954319970E2,2.687895393E1,8.844507217E0,1.559461975E1
2.954521620E2,2.724501228E1,8.848399162E0,1.526103973E1
2.954723280E2,2.780297852E1,8.708296776E0,1.486290741E1
2.954924930E2,2.875125885E1,8.663070679E0,1.423726654E1
2.955126590E2,2.916559982E1,8.974235535E0,1.354785919E1
2.955328250E2,2.967469788E1,9.163394928E0,1.245208740E1
2.955529900E2,3.009574699E1,9.560546875E0,1.174074554E1
2.955731560E2,3.028708649E1,9.762124062E0,1.109397125E1
2.955933210E2,3.065069962E1,9.827521324E0,1.046312714E1
2.956134870E2,3.103418732E1,1.008181953E1,9.695579529E0
2.956336520E2,3.129114532E1,1.006742001E1,9.011154175E0
2.956538180E2,3.166267395E1,9.997492790E0,8.143348694E0
2.956739830E2,3.165685654E1,1.001792526E1,7.528945923E0
2.956941490E2,3.171595383E1,9.945914268E0,7.140380859E0
2.957143140E2,3.217194748E1,9.723567009E0,7.519950867E0
2.957344800E2,3.181623650E1,9.119603157E0,7.519844055E0
2.957546460E2,3.182807732E1,8.779109955E0,7.947433472E0
2.957748110E2,3.161357880E1,8.988386154E0,8.553665161E0
2.957949770E2,3.123041916E1,9.152597427E0,8.946311951E0
2.958151420E2,3.110701561E1,9.368382454E0,9.771820068E0
2.958353080E2,3.045926666E1,9.369125366E0,1.066582489E1
2.958554730E2,3.006443214E1,9.451988220E0,1.156093597E1
2.958756390E2,2.966975403E1,9.344102859E0,1.252264404E1
2.958958040E2,2.930645370E1,8.910400391E0,1.360811615E1
2.959159700E2,2.849876785E1,8.714204788E0,1.502763367E1
2.959361350E2,2.757309723E1,8.491397858E0,1.735836029E1
2.959563010E2,2.637215042E1,8.287775993E0,1.898527527E1
2.959764670E2,2.578776169E1,7.945835114E0,2.044075012E1
2.959966316E2,2.554984665E1,7.472995758E0,2.122476196E1
2.960167976E2,2.568168449E1,7.292596817E0,2.179983521E1
2.960369626E2,2.592908287E1,7.617988586E0,2.206048584E1
2.960571286E2,2.590168381E1,8.016175270E0,2.200491333E1
2.960772936E2,2.592511368E1,8.607056618E0,2.183874512E1
2.960974596E2,2.589595413E1,9.419980049E0,2.176166534E1
2.961176246E2,2.586295319E1,1.001185703E1,2.192420197E1
2.961377906E2,2.556225204E1,1.090412045E1,2.215799713E1
2.961579556E2,2.532351112E1,1.177487373E1,2.240901184E1
2.961781216E2,2.501303864E1,1.290162659E1,2.233753204E1
2.961982876E2,2.434860992E1,1.430901527E1,2.214957428E1
2.962184526E2,2.394735718E1,1.553458595E1,2.174004364E1
2.962386186E2,2.318545532E1,1.685038567E1,2.131665039E1
2.962587836E2,2.276256561E1,1.796057320E1,2.073697662E1
2.962789496E2,2.221621323E1,1.878379631E1,1.972407532E1
2.962991146E2,2.246161652E1,1.936778450E1,1.800595093E1
2.963192806E2,2.279102325E1,1.938760185E1,1.718708801E1
2.963394456E2,2.303753662E1,1.966596603E1,1.565081787E1
2.963596116E2,2.351895523E1,1.969659996E1,1.428916931E1
2.963797766E2,2.413042831E1,1.985610390E1,1.297957611E1
2.963999426E2,2.412331772E1,1.993471146E1,1.197018433E1
2.964201086E2,2.421650314E1,2.033797836E1,1.140677643E1
2.964402736E2,2.423835754E1,2.028928375E1,1.132968140E1
2.964604396E2,2.405194473E1,2.057713699E1,1.076138306E1
2.964806046E2,2.419873428E1,2.141425705E1,1.080026245E1
2.965007706E2,2.370962143E1,2.146660042E1,1.132095337E1
2.965209356E2,2.316330338E1,2.167220306E1,1.210858154E1
2.965411016E2,2.252568817E1,2.204892731E1,1.285332489E1
2.965612666E2,2.172285843E1,2.242678070E1,1.374552917E1
2.965814326E2,2.126430511E1,2.313680649E1,1.476592255E1
2.966015976E2,2.000775909E1,2.330711555E1,1.601476288E1
2.966217636E2,1.908916473E1,2.321730042E1,1.723065948E1
2.966419286E2,1.838418770E1,2.286273003E1,1.888387299E1
2.966620946E2,1.785902214E1,2.246850967E1,2.039732361E1
2.966822606E2,1.741389847E1,2.204618263E1,2.193409729E1
2.967024256E2,1.690826797E1,2.188778114E1,2.308573914E1
2.967225916E2,1.670735931E1,2.129031372E1,2.423187256E1
2.967427566E2,1.632885170E1,2.095576859E1,2.543190765E1
2.967629226E2,1.615620041E1,2.059338951E1,2.642391968E1
2.967830876E2,1.599739075E1,2.000281906E1,2.722355652E1
2.968032536E2,1.599903202E1,1.946183968E1,2.841380310E1
2.968234186E2,1.609805298E1,1.859634972E1,2.908340454E1
2.968435846E2,1.632850647E1,1.782325363E1,2.923279572E1
2.968637496E2,1.668050575E1,1.709111404E1,3.005424500E1
2.968839156E2,1.688275528E1,1.616581726E1,3.056037903E1
2.969040806E2,1.710541153E1,1.525082970E1,3.126200867E1
2.969242466E2,1.714406967E1,1.425003433E1,3.194047546E1
2.969444126E2,1.699750519E1,1.331986523E1,3.253120422E1
2.969645776E2,1.707395172E1,1.233766270E1,3.309014893E1
2.969847436E2,1.733707047E1,1.135967255E1,3.331629944E1
2.970049081E2,1.776338196E1,1.074910927E1,3.358685303E1
2.970250741E2,1.803728676E1,1.046521759E1,3.340195465E1
2.970452391E2,1.815981293E1,1.037970924E1,3.329629517E1
2.970654051E2,1.795800781E1,1.065569019E1,3.296315765E1
2.970855701E2,1.790114594E1,1.095677853E1,3.243914032E1
2.971057361E2,1.786373520E1,1.210277176E1,3.152687073E1
2.971259011E2,1.761933899E1,1.304551125E1,3.105519867E1
2.971460671E2,1.775941467E1,1.413992214E1,3.013809967E1
2.971662321E2,1.747769165E1,1.504486370E1,2.964450073E1
2.971863981E2,1.718832016E1,1.578842163E1,2.890104675E1
2.972065631E2,1.663344574E1,1.643660736E1,2.861905670E1
2.972267291E2,1.645931244E1,1.684286690E1,2.816104126E1
2.972468951E2,1.686409760E1,1.710818291E1,2.766768646E1
2.972670601E2,1.762336159E1,1.704679680E1,2.638731384E1
2.972872261E2,1.859804916E1,1.689091110E1,2.496783447E1
2.973073911E2,1.964271927E1,1.706019211E1,2.411000824E1
2.973275571E2,2.063897705E1,1.740054703E1,2.366956329E1
2.973477221E2,2.152565956E1,1.794602585E1,2.329086304E1
2.973678881E2,2.203214073E1,1.869291496E1,2.254782867E1
2.973880531E2,2.235370636E1,1.950285149E1,2.149750519E1
2.974082191E2,2.274990273E1,2.051529884E1,2.058840179E1
2.974283841E2,2.284239578E1,2.181103897E1,1.933766937E1
2.974485501E2,2.317473602E1,2.285661888E1,1.795426178E1
2.974687151E2,2.339428711E1,2.391629410E1,1.674469757E1
2.974888811E2,2.355448151E1,2.468562317E1,1.531483459E1
2.975090461E2,2.375425529E1,2.530325508E1,1.381476593E1
2.975292121E2,2.397731400E1,2.617245102E1,1.274539948E1
2.975493771E2,2.379900742E1,2.710300827E1,1.113259125E1
2.975695431E2,2.361827850E1,2.803161240E1,1.008171844E1
2.975897091E2,2.333464432E1,2.895345116E1,8.809799194E0
2.976098741E2,2.300352859E1,2.948532486E1,8.036010742E0
2.976300401E2,2.295822144E1,2.999755096E1,7.627647400E0
2.976502051E2,2.255791473E1,3.046222687E1,7.467864990E0
2.976703711E2,2.209205627E1,3.101386452E1,7.609542847E0
2.976905361E2,2.168345642E1,3.106929016E1,8.305702209E0
2.977107021E2,2.082751846E1,3.146873474E1,8.896736145E0
2.977308671E2,1.984297562E1,3.135444641E1,1.019327545E1
2.977510331E2,1.901343918E1,3.130891800E1,1.216133118E1
2.977711981E2,1.783989334E1,3.103684998E1,1.389785767E1
2.977913641E2,1.666836929E1,3.069702530E1,1.572101593E1
2.978115291E2,1.575418949E1,3.017020416E1,1.762963867E1
2.978316951E2,1.517726135E1,2.922349548E1,1.967913818E1
2.978518601E2,1.434813786E1,2.813557243E1,2.168543243E1
2.978720261E2,1.377240086E1,2.678794289E1,2.343619537E1
2.978921911E2,1.284539604E1,2.523349953E1,2.468211365E1
2.979123571E2,1.241102886E1,2.422067261E1,2.603745270E1
2.979325221E2,1.222904301E1,2.269057274E1,2.747244263E1
2.979526881E2,1.197828388E1,2.190386581E1,2.807968903E1
2.979728541E2,1.189253616E1,2.110089684E1,2.847659302E1
2.979930198E2,1.193211746E1,2.055753326E1,2.888459778E1
2.980131858E2,1.241390705E1,2.014156532E1,2.914597321E1
2.980333508E2,1.238879681E1,1.938137436E1,2.924256134E1
2.980535168E2,1.227379322E1,1.887623978E1,2.943869019E1
2.980736818E2,1.274970245E1,1.827431107E1,2.964992523E1
2.980938478E2,1.313509560E1,1.752732658E1,2.973786926E1
2.981140128E2,1.368702793E1,1.687552261E1,3.005941010E1
2.981341788E2,1.433960629E1,1.601268196E1,3.032479095E1
2.981543438E2,1.476907349E1,1.518809032E1,3.053636932E1
2.981745098E2,1.506609535E1,1.419228458E1,3.059194183E1
2.981946748E2,1.555633163E1,1.349592018E1,3.076555634E1
2.982148408E2,1.594934273E1,1.299924850E1,3.061064148E1
2.982350058E2,1.641016006E1,1.270650291E1,3.050585938E1
2.982551718E2,1.663579559E1,1.272480583E1,3.032686615E1
2.982753368E2,1.675914192E1,1.285099411E1,2.985311127E1
2.982955028E2,1.759487343E1,1.319805908E1,2.967219543E1
2.983156678E2,1.852353859E1,1.347261810E1,2.915350342E1
2.983358338E2,1.966806412E1,1.371520710E1,2.897858429E1
2.983559988E2,2.052501678E1,1.421919727E1,2.850011444E1
2.983761648E2,2.137485504E1,1.469984818E1,2.816516876E1
2.983963308E2,2.188288498E1,1.541604519E1,2.805437469E1
2.984164958E2,2.250835419E1,1.623284531E1,2.815370178E1
2.984366618E2,2.306425858E1,1.738609314E1,2.765545654E1
2.984568268E2,2.332560730E1,1.889312363E1,2.705541229E1
2.984769928E2,2.334835052E1,2.067078781E1,2.576878357E1
2.984971578E2,2.304559708E1,2.249263382E1,2.446092224E1
2.985173238E2,2.294567490E1,2.419660950E1,2.298967743E1
2.985374888E2,2.306476212E1,2.612914658E1,2.164753723E1
2.985576548E2,2.322990990E1,2.746249580E1,1.989211273E1
2.985778198E2,2.343457031E1,2.895421219E1,1.850759125E1
2.985979858E2,2.362467957E1,3.047183609E1,1.681000519E1
2.986181508E2,2.402903748E1,3.175312424E1,1.524365234E1
2.986383168E2,2.411532021E1,3.311927795E1,1.398637390E1
2.986584818E2,2.436767960E1,3.407866669E1,1.260484314E1
2.986786478E2,2.459431458E1,3.492548370E1,1.121787262E1
2.986988128E2,2.476978302E1,3.572208405E1,1.021611786E1
2.987189788E2,2.486939621E1,3.625728607E1,9.758262634E0
2.987391438E2,2.486868286E1,3.711307526E1,9.159873962E0
2.987593098E2,2.473107529E1,3.742379761E1,8.605216980E0
2.987794748E2,2.457518387E1,3.786209106E1,8.990943909E0
2.987996408E2,2.414972687E1,3.807056808E1,9.577407837E0
2.988198058E2,2.330338669E1,3.833782196E1,1.060228729E1
2.988399718E2,2.240787888E1,3.854837418E1,1.168063354E1
2.988601368E2,2.153458214E1,3.859813690E1,1.303800964E1
2.988803028E2,2.107906532E1,3.856985474E1,1.453958130E1
2.989004678E2,2.046059990E1,3.798507309E1,1.596083069E1
2.989206338E2,2.034436798E1,3.736322784E1,1.776630402E1
2.989407988E2,1.968916130E1,3.633602524E1,1.948218536E1
2.989609648E2,1.886898804E1,3.520225143E1,2.167379761E1
2.989811298E2,1.813208961E1,3.440235901E1,2.354571533E1
2.990012957E2,1.623886490E1,3.316437912E1,2.556442261E1
2.990214607E2,1.426007843E1,3.230057907E1,2.731095123E1
2.990416267E2,1.270847225E1,3.154196548E1,2.854116821E1
2.990617927E2,1.173503399E1,3.069573784E1,2.990274811E1
2.990819577E2,1.106388283E1,2.959650612E1,3.088587189E1
2.991021237E2,1.061754513E1,2.875187492E1,3.198538208E1
2.991222887E2,1.043296337E1,2.788957405E1,3.284506226E1
2.991424547E2,1.058672047E1,2.737661362E1,3.311593628E1
2.991626197E2,1.137110996E1,2.680260468E1,3.319714355E1
2.991827857E2,1.239365673E1,2.638175201E1,3.343315125E1
2.992029507E2,1.346454144E1,2.587271118E1,3.325071716E1
2.992231167E2,1.443247318E1,2.515989876E1,3.341882324E1
2.992432817E2,1.516211987E1,2.460165024E1,3.309783936E1
2.992634477E2,1.600375366E1,2.412067795E1,3.303021240E1
2.992836127E2,1.704045105E1,2.370144463E1,3.319883728E1
2.993037787E2,1.790053749E1,2.317133713E1,3.295552826E1
2.993239437E2,1.864101982E1,2.250279236E1,3.321435547E1
2.993441097E2,1.925451279E1,2.203912926E1,3.302133942E1
2.993642747E2,1.980725098E1,2.179592133E1,3.311337280E1
2.993844407E2,2.040715790E1,2.152164841E1,3.284986877E1
2.994046057E2,2.070990562E1,2.152297592E1,3.272829437E1
2.994247717E2,2.095086479E1,2.146632004E1,3.295491791E1
2.994449367E2,2.088273430E1,2.153501892E1,3.328510284E1
2.994651027E2,2.085768318E1,2.184394073E1,3.341648102E1
2.994852677E2,2.059001732E1,2.189570236E1,3.352490997E1
2.995054337E2,2.105150414E1,2.214610672E1,3.351155090E1
2.995255987E2,2.135606575E1,2.233258820E1,3.382415771E1
2.995457647E2,2.214026451E1,2.225463676E1,3.436078644E1
2.995659297E2,2.265583229E1,2.249101639E1,3.441598511E1
2.995860957E2,2.341167450E1,2.321743011E1,3.389728546E1
2.996062607E2,2.446424484E1,2.431362152E1,3.313810730E1
2.996264267E2,2.542681503E1,2.565350914E1,3.188689423E1
2.996465917E2,2.644079781E1,2.757148743E1,3.029050446E1
2.996667577E2,2.659014511E1,2.935979462E1,2.827532196E1
2.996869227E2,2.669647789E1,3.128752708E1,2.711957550E1
2.997070887E2,2.674177551E1,3.301434708E1,2.541316223E1
2.997272537E2,2.650744820E1,3.455981445E1,2.393628693E1
2.997474197E2,2.647939491E1,3.598806000E1,2.210643005E1
2.997675847E2,2.658376694E1,3.708810806E1,2.054087830E1
2.997877507E2,2.670814133E1,3.831658173E1,1.845777130E1
2.998079157E2,2.673178482E1,3.921899414E1,1.675467682E1
2.998280817E2,2.668278503E1,4.005833435E1,1.470919800E1
2.998482467E2,2.638919067E1,4.093202209E1,1.323433685E1
2.998684127E2,2.633986282E1,4.150462723E1,1.185858917E1
2.998885777E2,2.610310745E1,4.214265442E1,1.054684448E1
2.999087437E2,2.589155197E1,4.249900818E1,9.909606934E0
2.999289087E2,2.555177689E1,4.292702866E1,8.950691223E0
2.999490747E2,2.496528816E1,4.334280396E1,8.572380066E0
2.999692397E2,2.445657921E1,4.378114700E1,8.447563171E0
2.999894057E2,2.367176056E1,4.420549774E1,8.270942688E0
3.000095707E2,2.294483948E1,4.459242249E1,8.795265198E0
3.000297367E2,2.199912071E1,4.498388672E1,9.518371582E0
3.000499017E2,2.104665756E1,4.514965820E1,1.107614899E1
3.000700677E2,2.000878143E1,4.529089355E1,1.311063385E1
3.000902327E2,1.898438263E1,4.517977905E1,1.461505890E1
3.001103987E2,1.804426956E1,4.487474823E1,1.660415649E1
3.001305637E2,1.754489899E1,4.424668121E1,1.846661377E1
3.001507297E2,1.718149376E1,4.325235748E1,2.071790314E1
3.001708947E2,1.705118942E1,4.240066528E1,2.277445984E1
3.001910607E2,1.670213509E1,4.153596497E1,2.460335541E1
3.002112257E2,1.642830658E1,4.060332489E1,2.593841553E1
3.002313917E2,1.660034943E1,3.951543808E1,2.678191376E1
3.002515567E2,1.717056656E1,3.835247803E1,2.844664764E1
3.002717227E2,1.794387627E1,3.697328568E1,3.000640106E1
3.002918877E2,1.864675522E1,3.557836914E1,3.085267639E1
3.003120537E2,1.928240967E1,3.446793747E1,3.163157654E1
3.003322187E2,1.970852661E1,3.375350571E1,3.205190277E1
3.003523847E2,2.030001450E1,3.280156708E1,3.244271088E1
3.003725497E2,2.050312042E1,3.259512711E1,3.251324463E1
3.003927157E2,2.075691605E1,3.215608597E1,3.283832550E1
3.004128807E2,2.101010513E1,3.187750435E1,3.256671906E1
3.004330467E2,2.149213791E1,3.152335548E1,3.275576782E1
3.004532117E2,2.176736450E1,3.109080696E1,3.278844452E1
3.004733777E2,2.226197433E1,3.043112183E1,3.285298157E1
3.004935427E2,2.260992432E1,3.018283653E1,3.341672516E1
3.005137087E2,2.328441620E1,2.999244881E1,3.351336670E1
3.005338737E2,2.351429367E1,2.910007858E1,3.361277008E1
3.005540397E2,2.400719452E1,2.870595932E1,3.355758667E1
3.005742047E2,2.460908890E1,2.823876572E1,3.347442627E1
3.005943707E2,2.514884567E1,2.790378952E1,3.380049133E1
3.006145357E2,2.578240967E1,2.764336395E1,3.360675812E1
3.006347017E2,2.659902954E1,2.763877487E1,3.330872345E1
3.006548667E2,2.695994186E1,2.777680969E1,3.253084564E1
3.006750327E2,2.705374527E1,2.845587158E1,3.168313599E1
3.006951977E2,2.705435181E1,2.945174026E1,3.051786041E1
3.007153637E2,2.696445847E1,3.055008698E1,2.944786072E1
3.007355287E2,2.681449509E1,3.153582382E1,2.824649048E1
3.007556947E2,2.651098442E1,3.256135559E1,2.704537964E1
3.007758597E2,2.618267250E1,3.336486053E1,2.601167297E1
3.007960257E2,2.598587227E1,3.407955933E1,2.513522339E1
3.008161907E2,2.585319901E1,3.468025208E1,2.387554932E1
3.008363567E2,2.583155060E1,3.521542740E1,2.258102417E1
3.008565217E2,2.533159637E1,3.567343903E1,2.109333038E1
3.008766877E2,2.512689972E1,3.605581665E1,1.987151337E1
3.008968527E2,2.479053116E1,3.641000366E1,1.865613556E1
3.009170187E2,2.445808792E1,3.675334167E1,1.743717194E1
3.009371837E2,2.435683823E1,3.695104218E1,1.586986542E1
3.009573497E2,2.407295227E1,3.702382660E1,1.472207642E1
3.009775147E2,2.379954910E1,3.720504761E1,1.301453400E1
3.009976804E2,2.367558289E1,3.715502167E1,1.179705048E1
3.010178454E2,2.335472870E1,3.721875000E1,9.718399048E0
3.010380114E2,2.306785202E1,3.742274475E1,8.347908020E0
3.010581764E2,2.254224014E1,3.736365891E1,6.988601685E0
3.010783424E2,2.203738022E1,3.725946045E1,5.835067749E0
3.010985074E2,2.145858192E1,3.718134689E1,4.625328064E0
3.011186734E2,2.089038849E1,3.722033691E1,3.614151001E0
3.011388384E2,2.037255096E1,3.716586685E1,2.780052185E0
3.011590044E2,1.950992203E1,3.692196655E1,2.025733948E0
3.011791694E2,1.935056686E1,3.720006561E1,1.660491943E0
3.011993354E2,1.894326782E1,3.669825363E1,1.986892700E0
3.012195004E2,1.847505188E1,3.676054764E1,2.388702393E0
3.012396664E2,1.792397308E1,3.678517532E1,2.782379150E0
3.012598314E2,1.750074768E1,3.677006149E1,3.529304504E0
3.012799974E2,1.739990807E1,3.707257080E1,5.000968933E0
3.013001624E2,1.664279556E1,3.694316864E1,6.545112610E0
3.013203284E2,1.607015419E1,3.675052643E1,8.041053772E0
3.013404934E2,1.562517643E1,3.669153976E1,9.837722778E0
3.013606594E2,1.512567425E1,3.651203537E1,1.143684387E1
3.013808244E2,1.480603123E1,3.669312286E1,1.305121613E1
3.014009904E2,1.374424362E1,3.629655838E1,1.456945801E1
3.014211554E2,1.294975567E1,3.603635406E1,1.614784241E1
3.014413214E2,1.239063168E1,3.560903549E1,1.764558411E1
3.014614864E2,1.209685802E1,3.504994202E1,1.918896484E1
3.014816524E2,1.181310749E1,3.471299744E1,2.032838440E1
3.015018174E2,1.164310741E1,3.427693558E1,2.133262634E1
3.015219834E2,1.125130939E1,3.389466095E1,2.237842560E1
3.015421484E2,1.132208252E1,3.340805817E1,2.328425598E1
3.015623144E2,1.129401588E1,3.319253922E1,2.388708496E1
3.015824794E2,1.132259941E1,3.276414490E1,2.470429230E1
3.016026454E2,1.121402359E1,3.256984711E1,2.509685516E1
3.016228104E2,1.137481880E1,3.216756439E1,2.564644623E1
3.016429764E2,1.119900799E1,3.201399612E1,2.565706635E1
3.016631414E2,1.115275478E1,3.188379669E1,2.607357025E1
3.016833074E2,1.145745373E1,3.157090378E1,2.617027283E1
3.017034724E2,1.197805691E1,3.152310562E1,2.608469391E1
3.017236384E2,1.227606678E1,3.157631683E1,2.554727173E1
3.017438034E2,1.245722675E1,3.164244843E1,2.523216248E1
3.017639694E2,1.278222752E1,3.163434982E1,2.483562469E1
3.017841344E2,1.296306324E1,3.162229729E1,2.447824097E1
3.018043004E2,1.294646168E1,3.170941544E1,2.424948883E1
3.018244654E2,1.292359447E1,3.193492889E1,2.361404419E1
3.018446304E2,1.271085262E1,3.194864464E1,2.360383606E1
3.018647964E2,1.254938984E1,3.207172775E1,2.279439545E1
3.018849614E2,1.260626507E1,3.205775452E1,2.240235138E1
3.019051274E2,1.257831097E1,3.203394318E1,2.201747131E1
3.019252924E2,1.236678028E1,3.225383377E1,2.161338806E1
3.019454584E2,1.168813896E1,3.247805786E1,2.125656128E1
3.019656234E2,1.080859566E1,3.277531052E1,2.047321320E1
3.019857894E2,9.936880112E0,3.299445343E1,2.015544891E1
3.020059545E2,9.478174210E0,3.316024017E1,1.974446106E1
3.020261205E2,9.219848633E0,3.299360275E1,1.970029449E1
3.020462855E2,8.939673424E0,3.321215057E1,1.953227997E1
3.020664515E2,8.668721199E0,3.325141144E1,1.948634338E1
3.020866165E2,7.954592705E0,3.315964127E1,1.950373077E1
3.021067825E2,7.398133278E0,3.308566284E1,1.928495026E1
3.021269475E2,6.843499184E0,3.313813400E1,1.923474884E1
3.021471135E2,5.902951241E0,3.352973938E1,1.868005371E1
3.021672785E2,4.781495094E0,3.392887878E1,1.767127228E1
3.021874445E2,3.347588539E0,3.446040726E1,1.614360809E1
3.022076095E2,1.860319138E0,3.493926239E1,1.452061462E1
3.022277755E2,3.996238708E-1,3.545560455E1,1.275016022E1
3.022479405E2,-6.677284241E-1,3.574010468E1,1.095709991E1
3.022681065E2,-1.603280067E0,3.606104279E1,9.505775452E0
3.022882715E2,-2.437350273E0,3.630078125E1,8.053833008E0
3.023084375E2,-3.237435341E0,3.643892670E1,6.333961487E0
3.023286025E2,-3.675149918E0,3.658709335E1,5.088432312E0
3.023487685E2,-3.972362518E0,3.663423538E1,3.817092896E0
3.023689335E2,-3.878264427E0,3.691870117E1,2.978401184E0
3.023890995E2,-3.573953629E0,3.690361786E1,1.380599976E0
3.024092645E2,-3.476179123E0,3.696101379E1,1.771926880E-1
3.024294305E2,-3.127623558E0,3.714458466E1,-8.776702881E-1
3.024495955E2,-2.788472176E0,3.713043213E1,-1.996711731E0
3.024697605E2,-2.460036278E0,3.695980072E1,-3.048767090E0
3.024899265E2,-2.402794838E0,3.691971207E1,-4.077568054E0
3.025100915E2,-2.112215042E0,3.684601593E1,-5.287544250E0
3.025302575E2,-1.997785568E0,3.667305374E1,-6.278411865E0
3.025504225E2,-2.017122269E0,3.628319550E1,-7.358581543E0
3.025705885E2,-2.047147751E0,3.631856537E1,-8.408241272E0
3.025907535E2,-2.328674316E0,3.616522980E1,-9.061042786E0
3.026109195E2,-2.360891342E0,3.578119278E1,-9.992958069E0
3.026310845E2,-2.758165359E0,3.548108673E1,-1.098301697E1
3.026512505E2,-3.228306770E0,3.528521729E1,-1.174594116E1
3.026714155E2,-3.640629768E0,3.504598618E1,-1.247044373E1
3.026915815E2,-4.104671478E0,3.470114136E1,-1.295656586E1
3.027117465E2,-4.750926018E0,3.422612000E1,-1.305426788E1
3.027319125E2,-5.365830421E0,3.403955078E1,-1.370861053E1
3.027520775E2,-5.735249996E0,3.380390930E1,-1.389816284E1
3.027722435E2,-6.255114555E0,3.343020248E1,-1.415199280E1
3.027924085E2,-6.760390282E0,3.351556396E1,-1.414094543E1
3.028125745E2,-6.582474232E0,3.385394669E1,-1.393353271E1
3.028327395E2,-6.955881596E0,3.380886078E1,-1.327195740E1
3.028529055E2,-7.202006340E0,3.406116867E1,-1.248650360E1
3.028730705E2,-7.233057976E0,3.433393478E1,-1.161855316E1
3.028932355E2,-7.527433395E0,3.443229675E1,-1.116856384E1
3.029134015E2,-7.750666142E0,3.453519440E1,-1.066850281E1
3.029335665E2,-7.918417931E0,3.461333847E1,-1.074608612E1
3.029537325E2,-8.196344376E0,3.443135071E1,-1.074954987E1
3.029738975E2,-8.589103699E0,3.425236130E1,-1.093925476E1
3.029940638E2,-8.840646744E0,3.432545471E1,-1.113978577E1
3.030142288E2,-8.743131638E0,3.452823257E1,-1.076056671E1
3.030343948E2,-8.874896049E0,3.427217484E1,-1.060080719E1
3.030545598E2,-8.919911385E0,3.466374588E1,-1.031309509E1
3.030747258E2,-8.986574173E0,3.464734650E1,-1.024858856E1
3.030948908E2,-8.819594383E0,3.490998840E1,-9.788299561E0
3.031150568E2,-8.828895569E0,3.503678131E1,-9.388389587E0
3.031352218E2,-8.993049622E0,3.536263275E1,-9.220100403E0
3.031553878E2,-9.198448181E0,3.519552231E1,-9.411209106E0
3.031755528E2,-9.519963264E0,3.510685730E1,-9.493492126E0
3.031957188E2,-9.717641830E0,3.499532700E1,-9.659927368E0
3.032158838E2,-1.002227020E1,3.491466141E1,-9.751556396E0
3.032360498E2,-1.008353996E1,3.492657471E1,-9.817672729E0
3.032562148E2,-1.050434113E1,3.484228134E1,-1.014286041E1
3.032763808E2,-1.093285275E1,3.463720703E1,-1.041010284E1
3.032965458E2,-1.135398388E1,3.465885925E1,-1.075791168E1
3.033167108E2,-1.176986504E1,3.434719086E1,-1.107911682E1
3.033368768E2,-1.211590672E1,3.428085709E1,-1.103498840E1
3.033570418E2,-1.245638275E1,3.403681183E1,-1.141970062E1
3.033772078E2,-1.260843277E1,3.402735519E1,-1.147563171E1
3.033973728E2,-1.286707592E1,3.378023911E1,-1.202177429E1
3.034175388E2,-1.321787453E1,3.355564117E1,-1.205561829E1
3.034377038E2,-1.303447437E1,3.367610168E1,-1.185507202E1
3.034578698E2,-1.305430603E1,3.365229416E1,-1.195674133E1
3.034780348E2,-1.268507385E1,3.395208740E1,-1.222951508E1
3.034982008E2,-1.212091827E1,3.376770020E1,-1.291884613E1
3.035183658E2,-1.170014381E1,3.361379623E1,-1.387320709E1
3.035385318E2,-1.083296299E1,3.304726410E1,-1.490750885E1
3.035586968E2,-1.036455536E1,3.252086258E1,-1.623165894E1
3.035788628E2,-9.013332367E0,3.175682449E1,-1.827798462E1
3.035990278E2,-8.777637482E0,3.066946411E1,-1.994066620E1
3.036191928E2,-8.215786934E0,2.970829964E1,-2.122713470E1
3.036393588E2,-7.681075096E0,2.846489525E1,-2.291799927E1
3.036595238E2,-7.233718395E0,2.731524658E1,-2.416657257E1
3.036796898E2,-6.363654613E0,2.614593887E1,-2.555579376E1
3.036998548E2,-6.215100765E0,2.453541183E1,-2.660581970E1
3.037200208E2,-5.905204773E0,2.293458557E1,-2.804715729E1
3.037401858E2,-5.782284737E0,2.144154930E1,-2.909635925E1
3.037603518E2,-5.625299454E0,2.019842529E1,-2.976238251E1
3.037805168E2,-5.534249306E0,1.899055862E1,-3.045266724E1
3.038006828E2,-5.786076069E0,1.811577225E1,-3.069150543E1
3.038208478E2,-6.074615479E0,1.721634674E1,-3.089896393E1
3.038410138E2,-6.374683380E0,1.643687439E1,-3.111559296E1
3.038611788E2,-6.606385231E0,1.584428883E1,-3.127407837E1
3.038813448E2,-6.901797295E0,1.564727306E1,-3.134288025E1
3.039015098E2,-7.044949532E0,1.535903168E1,-3.125764465E1
3.039216748E2,-7.326347351E0,1.525323868E1,-3.140035248E1
3.039418408E2,-7.433655739E0,1.518565941E1,-3.147533417E1
3.039620058E2,-7.629776955E0,1.519580746E1,-3.140633392E1
3.039821718E2,-7.723165989E0,1.525486183E1,-3.096793365E1
3.040023370E2,-7.868098736E0,1.544556999E1,-3.102712250E1
3.040225030E2,-8.160600662E0,1.560801506E1,-3.095324707E1
3.040426680E2,-8.429586411E0,1.540486145E1,-3.109838104E1
3.040628340E2,-8.479093552E0,1.537664413E1,-3.120304108E1
3.040829990E2,-8.766059875E0,1.537755966E1,-3.118643188E1
3.041031650E2,-8.535976410E0,1.538546562E1,-3.107432556E1
3.041233300E2,-8.773218155E0,1.562467098E1,-3.106677246E1
3.041434960E2,-8.857671738E0,1.607070160E1,-3.046743774E1
3.041636610E2,-9.021622658E0,1.673391533E1,-2.997706604E1
3.041838270E2,-9.092236519E0,1.733458710E1,-2.982595825E1
3.042039920E2,-9.187198639E0,1.810328865E1,-2.915689850E1
3.042241570E2,-8.984773636E0,1.879877472E1,-2.879015350E1
3.042443230E2,-8.773169518E0,1.934027290E1,-2.838378906E1
3.042644880E2,-8.869390488E0,1.994293594E1,-2.829217529E1
3.042846540E2,-8.979551315E0,2.070509720E1,-2.766631317E1
3.043048190E2,-8.873418808E0,2.159302139E1,-2.670298004E1
3.043249850E2,-9.012342453E0,2.263198471E1,-2.608593750E1
3.043451500E2,-9.052187920E0,2.340889740E1,-2.537297821E1
3.043653160E2,-9.292661667E0,2.401636505E1,-2.487001801E1
3.043854810E2,-9.908092499E0,2.450046921E1,-2.371201324E1
3.044056470E2,-1.035063744E1,2.461489677E1,-2.354915619E1
3.044258120E2,-1.056165886E1,2.493945694E1,-2.335681152E1
3.044459780E2,-1.049960613E1,2.535710526E1,-2.286373901E1
3.044661430E2,-1.035417461E1,2.582688141E1,-2.237001038E1
3.044863090E2,-1.020920944E1,2.620537949E1,-2.214693451E1
3.045064740E2,-1.002744961E1,2.656062126E1,-2.167253876E1
3.045266390E2,-9.988731384E0,2.687715721E1,-2.141811371E1
3.045468050E2,-9.565408707E0,2.702537155E1,-2.128556824E1
3.045669700E2,-9.345193863E0,2.698859215E1,-2.164694214E1
3.045871360E2,-9.112606049E0,2.655033493E1,-2.186352539E1
3.046073010E2,-9.069980621E0,2.635696793E1,-2.235578918E1
3.046274670E2,-8.762895584E0,2.599525452E1,-2.312489319E1
3.046476320E2,-8.503789902E0,2.561362076E1,-2.350942993E1
3.046677980E2,-8.281747818E0,2.522481155E1,-2.393328857E1
3.046879630E2,-8.426868439E0,2.463464737E1,-2.460448456E1
3.047081290E2,-8.592329979E0,2.406331635E1,-2.525684357E1
3.047282940E2,-8.586567879E0,2.342753601E1,-2.613504028E1
3.047484600E2,-8.681869507E0,2.281466293E1,-2.694976807E1
3.047686250E2,-8.761289597E0,2.192495155E1,-2.766182709E1
3.047887900E2,-8.967026711E0,2.078348732E1,-2.863292694E1
3.048089560E2,-8.999072075E0,1.941847610E1,-2.951807404E1
3.048291210E2,-8.952057838E0,1.783589363E1,-3.039943695E1
3.048492870E2,-9.245777130E0,1.620719337E1,-3.138452911E1
3.048694520E2,-9.338527679E0,1.455471039E1,-3.215660858E1
3.048896180E2,-9.762802124E0,1.281026077E1,-3.290172577E1
3.049097830E2,-1.021077824E1,1.094602585E1,-3.348507690E1
3.049299490E2,-1.064227486E1,9.242691040E0,-3.401177979E1
3.049501140E2,-1.059464264E1,7.378255844E0,-3.433466339E1
3.049702800E2,-1.089792442E1,5.654464722E0,-3.462981415E1
3.049904450E2,-1.078972816E1,3.599949837E0,-3.481800079E1
3.050106102E2,-1.079329872E1,1.878240585E0,-3.482411194E1
3.050307752E2,-1.111063957E1,4.228267670E-1,-3.481089020E1
3.050509403E2,-1.166903496E1,-8.320846558E-1,-3.461636353E1
3.050711063E2,-1.211416817E1,-1.584749222E0,-3.438804626E1
3.050912713E2,-1.236395931E1,-2.784856796E0,-3.466405487E1
3.051114373E2,-1.222395706E1,-3.888692856E0,-3.455167389E1
3.051316023E2,-1.184506798E1,-5.255027771E0,-3.406671906E1
3.051517683E2,-1.138282299E1,-6.301792145E0,-3.422859955E1
3.051719333E2,-1.074659920E1,-7.525156021E0,-3.428377533E1
3.051920993E2,-9.927822113E0,-8.529874802E0,-3.426245880E1
3.052122643E2,-9.443059921E0,-9.165498734E0,-3.401116943E1
3.052324303E2,-9.170198441E0,-9.388111115E0,-3.399279785E1
3.052525952E2,-8.965393066E0,-9.604545593E0,-3.401741028E1
3.052727602E2,-8.742418289E0,-9.491996765E0,-3.399774170E1
3.052929262E2,-8.215794563E0,-9.381589890E0,-3.410244751E1
3.053130913E2,-7.600350380E0,-8.910057068E0,-3.460354614E1
3.053332572E2,-6.902312279E0,-8.182186127E0,-3.473398590E1
3.053534223E2,-6.287614822E0,-7.237529755E0,-3.493097687E1
3.053735883E2,-5.339343548E0,-6.304925919E0,-3.520368958E1
3.053937533E2,-4.208482742E0,-5.117061615E0,-3.559072876E1
3.054139193E2,-3.102407455E0,-3.963012695E0,-3.591574097E1
3.054340843E2,-2.382112503E0,-2.837589264E0,-3.592809296E1
3.054542503E2,-1.771543503E0,-1.739561081E0,-3.624439240E1
3.054744153E2,-1.853074074E0,-3.641185760E-1,-3.615066528E1
3.054945803E2,-2.684290886E0,1.509252548E0,-3.597776031E1
3.055147463E2,-4.023153305E0,3.563703537E0,-3.586625671E1
3.055349112E2,-4.811060905E0,5.316364288E0,-3.602185059E1
3.055550772E2,-5.535760403E0,6.532781601E0,-3.538126373E1
3.055752422E2,-6.241722584E0,7.662604332E0,-3.513856506E1
3.055954082E2,-6.518454552E0,8.699332237E0,-3.485319519E1
3.056155733E2,-6.961706161E0,9.837027550E0,-3.468561554E1
3.056357393E2,-7.320960999E0,1.101473618E1,-3.426242828E1
3.056559043E2,-7.917441845E0,1.176784897E1,-3.387281036E1
3.056760703E2,-8.627763748E0,1.260826111E1,-3.347828674E1
3.056962353E2,-9.697580338E0,1.343181419E1,-3.319759369E1
3.057164013E2,-1.066509628E1,1.411965561E1,-3.261675262E1
3.057365663E2,-1.140049267E1,1.449888229E1,-3.219461060E1
3.057567313E2,-1.193521309E1,1.501483536E1,-3.181463623E1
3.057768973E2,-1.270956516E1,1.539922523E1,-3.121806335E1
3.057970622E2,-1.320219040E1,1.590078449E1,-3.093359375E1
3.058172283E2,-1.336331367E1,1.617633057E1,-3.050780487E1
3.058373932E2,-1.368606949E1,1.667641258E1,-3.030316925E1
3.058575592E2,-1.397399712E1,1.710070610E1,-2.977332306E1
3.058777242E2,-1.426153088E1,1.743175697E1,-2.934011078E1
3.058978902E2,-1.454704475E1,1.775073051E1,-2.864716339E1
3.059180553E2,-1.486655617E1,1.788970184E1,-2.803887177E1
3.059382213E2,-1.509680748E1,1.803288651E1,-2.758612061E1
3.059583863E2,-1.539237118E1,1.793199539E1,-2.714863586E1
3.059785523E2,-1.592457199E1,1.771710777E1,-2.642514038E1
3.059987171E2,-1.607631683E1,1.735298157E1,-2.588873291E1
3.060188831E2,-1.621795464E1,1.704086304E1,-2.542410278E1
3.060390481E2,-1.644539452E1,1.684416199E1,-2.513360596E1
3.060592131E2,-1.668941116E1,1.668870544E1,-2.508573151E1
3.060793791E2,-1.641816711E1,1.670251656E1,-2.493547821E1
3.060995441E2,-1.650979042E1,1.678599358E1,-2.535024261E1
3.061197101E2,-1.630614662E1,1.620931244E1,-2.563321686E1
3.061398751E2,-1.614858437E1,1.556986904E1,-2.664746857E1
3.061600411E2,-1.597399998E1,1.472417450E1,-2.721667480E1
3.061802061E2,-1.552608681E1,1.371144104E1,-2.827600861E1
3.062003721E2,-1.517943001E1,1.266758251E1,-2.892953491E1
3.062205371E2,-1.541383839E1,1.138257027E1,-2.949901581E1
3.062407031E2,-1.571478081E1,1.001696301E1,-3.033794403E1
3.062608681E2,-1.611221886E1,8.575737000E0,-3.164219666E1
3.062810341E2,-1.658078003E1,6.895151138E0,-3.272216034E1
3.063011991E2,-1.662859344E1,5.264139175E0,-3.376409149E1
3.063213651E2,-1.656603622E1,3.711901665E0,-3.485943604E1
3.063415301E2,-1.664143944E1,2.060403824E0,-3.593163300E1
3.063616961E2,-1.662851906E1,6.974258423E-1,-3.637436676E1
3.063818611E2,-1.645594406E1,-6.614494324E-1,-3.693997955E1
3.064020271E2,-1.636186028E1,-1.887550354E0,-3.709188843E1
3.064221921E2,-1.599120712E1,-3.211385727E0,-3.743461609E1
3.064423571E2,-1.545362949E1,-4.268758774E0,-3.781769562E1
3.064625231E2,-1.463142776E1,-4.940937042E0,-3.825116730E1
3.064826881E2,-1.360424995E1,-5.356216431E0,-3.866699982E1
3.065028541E2,-1.254499245E1,-5.558765411E0,-3.867728424E1
3.065230191E2,-1.203745174E1,-5.428121567E0,-3.888216400E1
3.065431851E2,-1.157843971E1,-5.294700623E0,-3.902349091E1
3.065633501E2,-1.127534866E1,-4.839151382E0,-3.876879120E1
3.065835161E2,-1.133852482E1,-4.025220871E0,-3.890356445E1
3.066036811E2,-1.127812862E1,-2.724306107E0,-3.877809143E1
3.066238471E2,-1.137191105E1,-1.409429550E0,-3.862242126E1
3.066440121E2,-1.110772324E1,-7.221946716E-1,-3.868536377E1
3.066641781E2,-1.111634636E1,2.349529266E-1,-3.869187164E1
3.066843431E2,-1.139169407E1,8.532943726E-1,-3.862152863E1
3.067045091E2,-1.189804173E1,1.935985565E0,-3.817977142E1
3.067246741E2,-1.266000271E1,2.977962494E0,-3.727176666E1
3.067448401E2,-1.329192066E1,4.404567719E0,-3.705039215E1
3.067650051E2,-1.409875298E1,5.476518631E0,-3.636426544E1
3.067851711E2,-1.459848404E1,6.297086716E0,-3.612216949E1
3.068053361E2,-1.556258202E1,7.446408272E0,-3.524500275E1
3.068255021E2,-1.616191483E1,8.244584084E0,-3.502007294E1
3.068456671E2,-1.662165642E1,9.014023781E0,-3.460378265E1
3.068658331E2,-1.691255569E1,9.796253204E0,-3.404286957E1
3.068859981E2,-1.745353317E1,1.049444675E1,-3.393434906E1
3.069061641E2,-1.761623955E1,1.148550224E1,-3.339382172E1
3.069263291E2,-1.809670639E1,1.266915226E1,-3.268022919E1
3.069464951E2,-1.807404137E1,1.387142563E1,-3.213066864E1
3.069666601E2,-1.830242920E1,1.499371719E1,-3.161413574E1
3.069868261E2,-1.853084564E1,1.584828091E1,-3.114639282E1
3.070069910E2,-1.860744667E1,1.651165009E1,-3.129949188E1
3.070271570E2,-1.848068619E1,1.705246162E1,-3.074297333E1
3.070473220E2,-1.861604118E1,1.759887314E1,-3.015233612E1
3.070674880E2,-1.855706215E1,1.845874405E1,-2.974155426E1
3.070876530E2,-1.823252487E1,1.907659912E1,-2.970212555E1
3.071078190E2,-1.795005608E1,1.939003372E1,-2.947080231E1
3.071279840E2,-1.737128830E1,1.974500847E1,-2.970811462E1
3.071481500E2,-1.711386108E1,1.990957451E1,-3.017720032E1
3.071683150E2,-1.660855675E1,1.939046669E1,-3.071398163E1
3.071884810E2,-1.646883392E1,1.864229202E1,-3.164354706E1
3.072086460E2,-1.622710991E1,1.746548271E1,-3.260303497E1
3.072288120E2,-1.598818779E1,1.593322182E1,-3.344579315E1
3.072489770E2,-1.579204941E1,1.450988007E1,-3.446404266E1
3.072691430E2,-1.533062458E1,1.346121597E1,-3.525554657E1
3.072893080E2,-1.559858322E1,1.225497055E1,-3.615556335E1
3.073094740E2,-1.595087337E1,1.061300373E1,-3.679915619E1
3.073296390E2,-1.665902901E1,8.896593094E0,-3.768607330E1
3.073498050E2,-1.724907684E1,6.722342491E0,-3.825687408E1
3.073699700E2,-1.786454773E1,4.293907166E0,-3.877364349E1
3.073901360E2,-1.865148926E1,1.836330414E0,-3.942063904E1
3.074103010E2,-1.915497589E1,-5.404472351E-1,-3.973314667E1
3.074304670E2,-1.921399879E1,-2.872074127E0,-4.000211334E1
3.074506320E2,-1.956896591E1,-4.942398071E0,-3.997306061E1
3.074707970E2,-1.957520866E1,-6.982978821E0,-3.964854431E1
3.074909630E2,-1.997983170E1,-9.219337463E0,-3.906054688E1
3.075111290E2,-2.037100410E1,-1.095606041E1,-3.840641785E1
3.075312940E2,-2.012881470E1,-1.237178421E1,-3.768493652E1
3.075514600E2,-2.006570435E1,-1.356055069E1,-3.714952850E1
3.075716250E2,-1.968922234E1,-1.428285599E1,-3.664221954E1
3.075917910E2,-1.917442703E1,-1.455144119E1,-3.658344269E1
3.076119560E2,-1.813794136E1,-1.413354492E1,-3.739624786E1
3.076321220E2,-1.746709824E1,-1.437508202E1,-3.775681305E1
3.076522870E2,-1.677420425E1,-1.390538597E1,-3.799466705E1
3.076724530E2,-1.613650131E1,-1.328017044E1,-3.868647766E1
3.076926180E2,-1.582219028E1,-1.199970436E1,-3.916262817E1
3.077127840E2,-1.563400936E1,-1.051368332E1,-4.016927338E1
3.077329490E2,-1.553852558E1,-8.785142899E0,-4.068934631E1
3.077531150E2,-1.520090294E1,-6.896883011E0,-4.132798004E1
3.077732800E2,-1.493117332E1,-4.802524567E0,-4.192813110E1
3.077934460E2,-1.474859047E1,-2.587308884E0,-4.209944916E1
3.078136110E2,-1.457195854E1,1.771793365E-1,-4.254449463E1
3.078337770E2,-1.488689804E1,3.092891693E0,-4.238829803E1
3.078539420E2,-1.538539314E1,5.707712173E0,-4.155501556E1
3.078741080E2,-1.627114868E1,8.244774818E0,-4.108115387E1
3.078942730E2,-1.670903969E1,1.012929440E1,-4.021172333E1
3.079144390E2,-1.737442207E1,1.201335907E1,-3.936287689E1
3.079346040E2,-1.787773895E1,1.376278210E1,-3.860817719E1
3.079547700E2,-1.837697601E1,1.519522858E1,-3.744316101E1
3.079749350E2,-1.875737190E1,1.661179924E1,-3.705688477E1
3.079951010E2,-1.905038261E1,1.791072845E1,-3.599483490E1
3.080152667E2,-1.921268845E1,1.878627396E1,-3.529105377E1
3.080354327E2,-1.943737030E1,1.990712547E1,-3.442803192E1
3.080555977E2,-1.973023415E1,2.073699188E1,-3.387778473E1
3.080757637E2,-2.012038803E1,2.149482536E1,-3.327029419E1
3.080959287E2,-2.015524101E1,2.189512444E1,-3.274172974E1
3.081160947E2,-2.028639984E1,2.227315903E1,-3.247717285E1
3.081362597E2,-2.056801224E1,2.242079926E1,-3.218394470E1
3.081564257E2,-2.112904930E1,2.240149117E1,-3.216300964E1
3.081765907E2,-2.140833282E1,2.222296715E1,-3.206567383E1
3.081967567E2,-2.180920410E1,2.168008804E1,-3.229517365E1
3.082169217E2,-2.200119209E1,2.126250076E1,-3.289832306E1
3.082370877E2,-2.193572617E1,2.095537949E1,-3.354191589E1
3.082572527E2,-2.223649216E1,2.049619675E1,-3.408078003E1
3.082774187E2,-2.223891449E1,1.994353485E1,-3.483750153E1
3.082975837E2,-2.222040176E1,1.925074005E1,-3.604767609E1
3.083177497E2,-2.220032883E1,1.758860016E1,-3.707160950E1
3.083379147E2,-2.205963135E1,1.547287369E1,-3.809425354E1
3.083580807E2,-2.213723183E1,1.283400917E1,-3.938784027E1
3.083782457E2,-2.199866486E1,1.005977058E1,-4.061016846E1
3.083984117E2,-2.211770630E1,7.364109993E0,-4.073021698E1
3.084185767E2,-2.233827972E1,3.551513672E0,-4.101279449E1
3.084387427E2,-2.257156563E1,1.007526398E0,-4.136193085E1
3.084589077E2,-2.252432251E1,-1.611635208E0,-4.138768768E1
3.084790737E2,-2.249532318E1,-3.886926651E0,-4.082817841E1
3.084992387E2,-2.215335655E1,-5.983459473E0,-4.032088470E1
3.085194047E2,-2.178015137E1,-8.294515610E0,-3.984590912E1
3.085395697E2,-2.110895920E1,-1.020907402E1,-3.915795135E1
3.085597357E2,-2.049983215E1,-1.181475639E1,-3.884079742E1
3.085799007E2,-2.045135307E1,-1.300049400E1,-3.779499054E1
3.086000667E2,-2.004232407E1,-1.401158714E1,-3.711659241E1
3.086202317E2,-1.960928154E1,-1.524184608E1,-3.608590698E1
3.086403977E2,-1.919039726E1,-1.637138748E1,-3.498024750E1
3.086605627E2,-1.880903244E1,-1.733662033E1,-3.384323883E1
3.086807287E2,-1.880103111E1,-1.810572052E1,-3.293505096E1
3.087008937E2,-1.854095459E1,-1.882651711E1,-3.258217621E1
3.087210597E2,-1.824946213E1,-1.925722694E1,-3.216722870E1
3.087412247E2,-1.785321808E1,-1.965059090E1,-3.211444855E1
3.087613907E2,-1.710602951E1,-1.985389137E1,-3.239434052E1
3.087815557E2,-1.634783173E1,-1.941104317E1,-3.307969666E1
3.088017217E2,-1.506791687E1,-1.897719765E1,-3.371163940E1
3.088218877E2,-1.372346973E1,-1.829357147E1,-3.482266235E1
3.088420527E2,-1.264109135E1,-1.716281319E1,-3.611934662E1
3.088622187E2,-1.112662697E1,-1.556034088E1,-3.757132721E1
3.088823837E2,-9.974190712E0,-1.323065186E1,-3.920618439E1
3.089025497E2,-9.070743561E0,-1.074550629E1,-4.087992859E1
3.089227147E2,-8.436199188E0,-8.008739471E0,-4.213565826E1
3.089428807E2,-8.205282211E0,-5.132303238E0,-4.347030640E1
3.089630457E2,-8.348030090E0,-2.344436646E0,-4.421215057E1
3.089832117E2,-8.445611954E0,6.386604309E-1,-4.524508667E1
3.090033770E2,-8.555505753E0,3.629182816E0,-4.549773407E1
3.090235430E2,-8.879468918E0,6.159602165E0,-4.600999451E1
3.090437080E2,-8.985580444E0,8.603121758E0,-4.574790192E1
3.090638740E2,-9.769261360E0,1.064558411E1,-4.576689911E1
3.090840390E2,-1.032468128E1,1.225735283E1,-4.556319427E1
3.091042050E2,-1.127249718E1,1.419758701E1,-4.460734558E1
3.091243700E2,-1.272439671E1,1.571244431E1,-4.382093811E1
3.091445360E2,-1.397481251E1,1.705762863E1,-4.263398743E1
3.091647010E2,-1.500494385E1,1.832010651E1,-4.186410522E1
3.091848670E2,-1.586882019E1,1.943908501E1,-4.091270447E1
3.092050320E2,-1.657346344E1,2.057314682E1,-4.040440369E1
3.092251980E2,-1.733349609E1,2.213278961E1,-3.955474854E1
3.092453630E2,-1.752610397E1,2.314123154E1,-3.902804565E1
3.092655290E2,-1.750065231E1,2.397216797E1,-3.879364777E1
3.092856940E2,-1.754644012E1,2.448112679E1,-3.908731842E1
3.093058600E2,-1.737722778E1,2.483092499E1,-4.003318024E1
3.093260250E2,-1.734644127E1,2.475498581E1,-4.091309357E1
3.093461910E2,-1.668320465E1,2.441020203E1,-4.264316559E1
3.093663570E2,-1.482576466E1,2.369096565E1,-4.359847260E1
3.093865220E2,-1.218566990E1,2.242357445E1,-4.456208801E1
3.094066880E2,-8.780389786E0,2.108751678E1,-4.361196899E1
3.094268530E2,-5.167886257E0,2.024674988E1,-4.137371826E1
3.094470190E2,-6.005515575E0,1.897089195E1,-3.811722565E1
3.094671840E2,-9.946375847E0,1.684529114E1,-3.670330048E1
3.094873500E2,-1.448513603E1,1.414194298E1,-3.735556030E1
3.095075150E2,-1.839287758E1,1.107940483E1,-4.056001282E1
3.095276810E2,-2.015805244E1,6.775363922E0,-4.492829132E1
3.095478460E2,-1.998569107E1,3.842882156E0,-4.691886139E1
3.095680120E2,-2.352822495E1,3.072629929E0,-4.615752411E1
3.095881770E2,-2.609636307E1,1.036472321E0,-4.874103546E1
3.096083430E2,-2.597550583E1,-3.249797821E-1,-5.038966370E1
3.096285080E2,-2.852614975E1,-1.292400360E-1,-4.978582764E1
3.096486740E2,-2.861729813E1,-5.064659119E-1,-5.344935608E1
3.096688390E2,-2.400897026E1,-4.319377899E0,-5.956572723E1
3.096890050E2,-1.891856384E1,-1.195899391E1,-5.967710114E1
3.097091700E2,-1.787895966E1,-1.886256981E1,-5.565815735E1
3.097293360E2,-1.815001297E1,-2.404863548E1,-4.923749542E1
3.097495010E2,-1.772633171E1,-2.782326698E1,-4.431713867E1
3.097696670E2,-1.746134567E1,-3.027747726E1,-3.869641876E1
3.097898320E2,-1.838104820E1,-3.186851311E1,-3.382405853E1
3.098099980E2,-1.983299255E1,-3.240917206E1,-2.941143799E1
3.098301630E2,-2.027945900E1,-3.268593216E1,-2.546229553E1
3.098503290E2,-1.961996651E1,-3.274865341E1,-2.261246490E1
3.098704940E2,-1.931839752E1,-3.225598907E1,-2.159673309E1
3.098906600E2,-1.654734421E1,-3.232567596E1,-1.935335541E1
3.099108250E2,-1.636379051E1,-3.200750351E1,-1.930057526E1
3.099309910E2,-1.592153931E1,-3.150532913E1,-1.944409943E1
3.099511560E2,-1.111309433E1,-3.118725586E1,-2.017536926E1
3.099713220E2,-1.023793221E1,-3.088676453E1,-2.089852905E1
3.099914870E2,-8.753219604E0,-3.040648842E1,-2.201885223E1
3.100116520E2,-6.536637306E0,-2.994535446E1,-2.267824554E1
3.100318170E2,-3.582705498E0,-2.884001541E1,-2.470123291E1
3.100519830E2,-2.224140167E0,-2.770628357E1,-2.616617584E1
3.100721480E2,-7.134370804E-1,-2.590868187E1,-2.770070648E1
3.100923140E2,6.567401886E-1,-2.459685898E1,-2.919451141E1
3.101124790E2,1.315260887E0,-2.303332138E1,-3.058940887E1
3.101326450E2,2.020192146E0,-2.142327499E1,-3.205255127E1
3.101528100E2,2.391723633E0,-1.939556122E1,-3.429260254E1
3.101729760E2,2.199695587E0,-1.710273170E1,-3.639391327E1
3.101931410E2,2.117975235E0,-1.400595665E1,-3.850209808E1
3.102133070E2,1.621005058E0,-1.029242516E1,-4.023411560E1
3.102334720E2,2.730674744E-1,-5.715427399E0,-4.207053375E1
3.102536380E2,-1.138165474E0,-1.638401031E0,-4.321117401E1
3.102738030E2,-1.865644455E0,2.036978722E0,-4.333696747E1
3.102939690E2,-2.425670624E0,4.895889282E0,-4.272117615E1
3.103141340E2,-2.441198349E0,7.155360222E0,-4.182152557E1
3.103343000E2,-2.671844482E0,8.494066238E0,-4.059465790E1
3.103544650E2,-2.456761360E0,9.197607040E0,-3.952109528E1
3.103746310E2,-4.022566795E0,1.034060097E1,-3.857338715E1
3.103947960E2,-3.539857864E0,1.055879974E1,-3.820978546E1
3.104149620E2,-2.492578506E0,1.066121101E1,-3.757531738E1
3.104351270E2,-1.880741119E0,1.061260986E1,-3.749172974E1
3.104552930E2,-1.356891632E0,1.026227379E1,-3.785044861E1
3.104754580E2,-1.073554993E0,9.931463242E0,-3.788554382E1
3.104956240E2,4.388961792E-1,9.588245392E0,-3.794492340E1
3.105157890E2,2.485656738E-1,8.870874405E0,-3.778629303E1
3.105359550E2,3.086280823E-2,7.832009315E0,-3.748039246E1
3.105561200E2,-1.713233948E0,6.266379356E0,-3.796844482E1
3.105762860E2,-4.064792633E0,4.093612671E0,-3.928326416E1
3.105964510E2,-2.072559357E0,9.386405945E-1,-4.271505737E1
3.106166170E2,-2.569042206E0,-3.125003815E0,-4.481762695E1
3.106367820E2,-5.419195175E0,-7.063636780E0,-4.737320709E1
3.106569480E2,-3.034816742E0,-1.139953423E1,-4.519147491E1
3.106771130E2,1.550331116E-1,-1.586882782E1,-4.261634064E1
3.106972790E2,6.333885193E-1,-1.661070824E1,-3.818561554E1
3.107174440E2,8.621589661E0,-1.747111702E1,-1.838172913E1
3.107376100E2,7.493999481E0,-1.542347336E1,-1.731620789E1
3.107577750E2,6.044753075E0,-1.273727036E1,5.814376831E0
3.107779410E2,5.645875931E0,-1.127417374E1,4.736495972E0
3.107981060E2,4.018581390E0,-7.773638725E0,6.029830933E0
3.108182720E2,3.823751450E0,-7.105589867E0,3.222076416E0
3.108384370E2,3.932320595E0,-5.848909378E0,1.035720825E0
3.108586030E2,4.180542469E0,-5.379219055E0,-2.713821411E0
3.108787680E2,4.809995174E0,-5.020687103E0,-8.030975342E0
3.108989340E2,5.246506691E0,-5.207626343E0,-1.238684082E1
3.109190990E2,6.132620811E0,-7.021682739E0,-1.581712341E1
3.109392650E2,6.663281441E0,-9.311017990E0,-1.775932312E1
3.109594300E2,7.107703209E0,-1.099078751E1,-1.835787201E1
3.109795960E2,7.214764595E0,-1.311402512E1,-1.817370605E1
3.109997610E2,7.754329681E0,-1.475769043E1,-1.851262665E1
3.110199280E2,7.832998276E0,-1.626574326E1,-1.797208405E1
3.110400930E2,8.042627335E0,-1.799874878E1,-1.761370850E1
3.110602590E2,8.017576218E0,-1.942943192E1,-1.681777191E1
3.110804240E2,7.915979385E0,-2.087940598E1,-1.611578369E1
3.111005900E2,8.155831337E0,-2.206727219E1,-1.548203278E1
3.111207550E2,8.256622314E0,-2.309114647E1,-1.476340485E1
3.111409200E2,8.254909515E0,-2.351964378E1,-1.429938507E1
3.111610860E2,8.345814705E0,-2.381417465E1,-1.413990021E1
3.111812510E2,8.572852135E0,-2.416241074E1,-1.375794220E1
3.112014170E2,8.869198799E0,-2.432387733E1,-1.350380707E1
3.112215820E2,9.054804802E0,-2.452076530E1,-1.346717072E1
3.112417480E2,9.539032936E0,-2.433548164E1,-1.389275360E1
3.112619130E2,9.580170631E0,-2.446842003E1,-1.350932312E1
3.112820790E2,1.031632328E1,-2.402622795E1,-1.376303101E1
3.113022440E2,1.098765659E1,-2.353732681E1,-1.420027161E1
3.113224100E2,1.180927753E1,-2.287979889E1,-1.454650879E1
3.113425750E2,1.298570156E1,-2.216039848E1,-1.516084290E1
3.113627410E2,1.404686546E1,-2.096079254E1,-1.613256836E1
3.113829060E2,1.499132633E1,-1.953812599E1,-1.719440460E1
3.114030720E2,1.612473297E1,-1.787709999E1,-1.785215759E1
3.114232370E2,1.718545532E1,-1.609819221E1,-1.892748260E1
3.114434030E2,1.835754013E1,-1.418698120E1,-1.997553253E1
3.114635680E2,1.934779739E1,-1.170954514E1,-2.118675232E1
3.114837340E2,2.088950729E1,-8.747905731E0,-2.197709656E1
3.115038990E2,2.201737976E1,-6.237030029E0,-2.281592560E1
3.115240650E2,2.256914139E1,-3.926113129E0,-2.281179810E1
3.115442300E2,2.369705582E1,-1.319946289E0,-2.276897430E1
3.115643960E2,2.434148598E1,4.829387665E-1,-2.300197601E1
3.115845610E2,2.473274422E1,2.530811310E0,-2.255804443E1
3.116047270E2,2.480447769E1,3.651268005E0,-2.220526886E1
3.116248920E2,2.506973648E1,5.030252457E0,-2.195626831E1
3.116450580E2,2.561898422E1,6.507192612E0,-2.142253876E1
3.116652230E2,2.641309547E1,7.571487427E0,-2.093991852E1
3.116853890E2,2.710887909E1,8.488723755E0,-2.042829895E1
3.117055540E2,2.742107010E1,9.184992790E0,-1.943212128E1
3.117257200E2,2.800794601E1,9.813441277E0,-1.920326233E1
3.117458850E2,2.811062622E1,1.053403664E1,-1.877809143E1
3.117660510E2,2.842388535E1,1.096852779E1,-1.830226898E1
3.117862160E2,2.872466660E1,1.056526184E1,-1.817354584E1
3.118063820E2,2.907581520E1,1.026225853E1,-1.784053040E1
3.118265470E2,2.954712868E1,9.682563782E0,-1.718711853E1
3.118467130E2,2.957366371E1,9.070811272E0,-1.700912476E1
3.118668780E2,2.943859100E1,8.311427116E0,-1.716796112E1
3.118870440E2,2.942771530E1,7.308143616E0,-1.741678619E1
3.119072090E2,2.941390610E1,6.116893768E0,-1.736981964E1
3.119273740E2,2.919467163E1,4.999532700E0,-1.820472717E1
3.119475400E2,2.895787811E1,3.875160217E0,-1.840860748E1
3.119677050E2,2.920847321E1,2.435241699E0,-1.839344788E1
3.119878710E2,2.939899826E1,7.483062744E-1,-1.846973419E1
3.120080358E2,2.977418518E1,-1.010377884E0,-1.786098480E1
3.120282018E2,2.999575043E1,-2.875003815E0,-1.761910248E1
3.120483668E2,2.979414368E1,-4.883073807E0,-1.760934448E1
3.120685328E2,2.913115311E1,-7.082504272E0,-1.763937378E1
3.120886978E2,2.846881866E1,-9.328454971E0,-1.790503693E1
3.121088638E2,2.788698387E1,-1.167862511E1,-1.778948212E1
3.121290288E2,2.757146835E1,-1.387302017E1,-1.787351990E1
3.121491948E2,2.696595764E1,-1.554833603E1,-1.802602386E1
3.121693598E2,2.604706764E1,-1.696184540E1,-1.763253021E1
3.121895258E2,2.506855011E1,-1.842923546E1,-1.789069366E1
3.122096908E2,2.437503052E1,-1.960527992E1,-1.800913239E1
3.122298568E2,2.417588425E1,-2.071315193E1,-1.768256378E1
3.122500218E2,2.429663849E1,-2.136681747E1,-1.691072845E1
3.122701878E2,2.449071121E1,-2.203288651E1,-1.629309082E1
3.122903528E2,2.468426132E1,-2.215016174E1,-1.570176697E1
3.123105188E2,2.507283211E1,-2.211805534E1,-1.575355530E1
3.123306838E2,2.556826973E1,-2.143546104E1,-1.620475769E1
3.123508498E2,2.636944389E1,-2.065452766E1,-1.672035980E1
3.123710148E2,2.701326180E1,-1.949582481E1,-1.716374969E1
3.123911808E2,2.799857521E1,-1.852742767E1,-1.731029510E1
3.124113458E2,2.900078011E1,-1.701229286E1,-1.780684662E1
3.124315118E2,2.996694946E1,-1.497023964E1,-1.823551178E1
3.124516768E2,3.095669937E1,-1.271570969E1,-1.861258698E1
3.124718428E2,3.266603470E1,-9.014814377E0,-1.873969269E1
3.124920078E2,3.331991577E1,-6.434658051E0,-1.885112762E1
3.125121738E2,3.358911896E1,-3.568138123E0,-1.919651031E1
3.125323388E2,3.385025024E1,-8.757247925E-1,-1.941956329E1
3.125525048E2,3.413979340E1,1.872049332E0,-1.921417999E1
3.125726698E2,3.463701248E1,4.394779205E0,-1.832427979E1
3.125928358E2,3.475105286E1,6.843414307E0,-1.784035492E1
3.126130008E2,3.485845566E1,9.004797935E0,-1.710015869E1
3.126331668E2,3.529819870E1,1.045437813E1,-1.609909821E1
3.126533318E2,3.568969727E1,1.151692486E1,-1.514451599E1
3.126734968E2,3.616290283E1,1.263081837E1,-1.358705139E1
3.126936628E2,3.671088409E1,1.352982140E1,-1.236029053E1
3.127138278E2,3.722738647E1,1.419629669E1,-1.075788879E1
3.127339938E2,3.754085922E1,1.495420456E1,-9.694129944E0
3.127541588E2,3.775766754E1,1.546705246E1,-8.414131165E0
3.127743248E2,3.808255005E1,1.573868656E1,-6.964118958E0
3.127944898E2,3.815323639E1,1.604476547E1,-6.636634827E0
3.128146558E2,3.863366318E1,1.587224007E1,-5.395889282E0
3.128348208E2,3.919326782E1,1.546595764E1,-4.349060059E0
3.128549868E2,3.963109589E1,1.509093094E1,-3.411781311E0
3.128751518E2,4.013488007E1,1.454365349E1,-3.255760193E0
3.128953178E2,4.018276215E1,1.387893295E1,-2.875572205E0
3.129154828E2,4.055018616E1,1.333391380E1,-2.765220642E0
3.129356488E2,4.117140961E1,1.289965343E1,-2.252807617E0
3.129558138E2,4.150444794E1,1.181357956E1,-1.554100037E0
3.129759798E2,4.176715088E1,1.106553650E1,-1.516296387E0
3.129961448E2,4.194440842E1,1.065337563E1,-1.673759460E0
3.130163103E2,4.206184006E1,1.016804695E1,-1.597702026E0
3.130364753E2,4.251200104E1,9.711730957E0,-1.407135010E0
3.130566413E2,4.251625061E1,9.304173470E0,-1.239448547E0
3.130768063E2,4.285956573E1,8.929189682E0,-1.340682983E0
3.130969723E2,4.259469604E1,8.656713486E0,-1.518722534E0
3.131171373E2,4.246059799E1,8.572525978E0,-1.770660400E0
3.131373033E2,4.247418213E1,8.496220589E0,-2.219177246E0
3.131574683E2,4.239373016E1,8.474967957E0,-2.242752075E0
3.131776343E2,4.236870575E1,8.283053398E0,-2.468566895E0
3.131977993E2,4.228732300E1,8.044045448E0,-2.870521545E0
3.132179653E2,4.237406158E1,7.770385742E0,-3.326828003E0
3.132381303E2,4.219732285E1,7.716729164E0,-4.001502991E0
3.132582963E2,4.219123077E1,7.498249054E0,-4.736473083E0
3.132784613E2,4.197389221E1,7.051800728E0,-5.595504761E0
3.132986273E2,4.215356064E1,6.328481674E0,-6.023719788E0
3.133187923E2,4.230311203E1,5.518575668E0,-6.748962402E0
3.133389583E2,4.206262207E1,4.944887161E0,-7.759895325E0
3.133591233E2,4.200680542E1,4.609064102E0,-8.187904358E0
3.133792893E2,4.173237610E1,4.757385254E0,-8.850990295E0
3.133994543E2,4.194642258E1,5.293737411E0,-8.860481262E0
3.134196203E2,4.187915802E1,5.813617706E0,-8.698059082E0
3.134397853E2,4.194230652E1,6.360589981E0,-7.729141235E0
3.134599513E2,4.209564209E1,6.962935448E0,-7.078132629E0
3.134801163E2,4.202589798E1,7.684683800E0,-6.099105835E0
3.135002823E2,4.240626144E1,8.237308502E0,-5.633186340E0
3.135204473E2,4.229891205E1,8.667180061E0,-5.466354370E0
3.135406133E2,4.224649811E1,9.100200653E0,-5.015678406E0
3.135607783E2,4.216853333E1,9.589726448E0,-4.422973633E0
3.135809443E2,4.219646454E1,1.016067982E1,-4.248359680E0
3.136011093E2,4.201255035E1,1.074024105E1,-3.999229431E0
3.136212753E2,4.190603256E1,1.148004818E1,-3.552162170E0
3.136414403E2,4.173576355E1,1.209847260E1,-3.658065796E0
3.136616063E2,4.145859909E1,1.266993237E1,-3.133468628E0
3.136817713E2,4.126021576E1,1.330976868E1,-2.803100586E0
3.137019373E2,4.132741165E1,1.392329597E1,-2.102928162E0
3.137221023E2,4.129497528E1,1.446626377E1,-1.506477356E0
3.137422673E2,4.102728271E1,1.500100136E1,-4.185943604E-1
3.137624333E2,4.094584656E1,1.541783142E1,7.426376343E-1
3.137825983E2,4.103400803E1,1.586698723E1,2.032852173E0
3.138027643E2,4.095670319E1,1.639702415E1,3.099174500E0
3.138229293E2,4.077245712E1,1.686609268E1,4.240493774E0
3.138430953E2,4.037895966E1,1.717459297E1,5.241249084E0
3.138632603E2,4.024160767E1,1.764138412E1,6.516113281E0
3.138834263E2,3.992841339E1,1.802739906E1,7.474754333E0
3.139035913E2,3.966394806E1,1.842520905E1,8.548278809E0
3.139237573E2,3.924352264E1,1.877024078E1,9.308639526E0
3.139439223E2,3.907102585E1,1.898512650E1,1.005776215E1
3.139640883E2,3.903603745E1,1.902954865E1,1.071425629E1
3.139842533E2,3.898786163E1,1.913045120E1,1.072948456E1
3.140044193E2,3.851753235E1,1.920620346E1,1.052134705E1
3.140245847E2,3.831813812E1,1.913773727E1,1.083799744E1
3.140447507E2,3.831873322E1,1.936067009E1,1.148538208E1
3.140649157E2,3.830161285E1,1.922418785E1,1.180728149E1
3.140850817E2,3.788827133E1,1.964164352E1,1.200914764E1
3.141052467E2,3.760522079E1,2.005656815E1,1.202967834E1
3.141254127E2,3.732566452E1,2.053448296E1,1.202342224E1
3.141455777E2,3.709692383E1,2.068415833E1,1.197630310E1
3.141657437E2,3.702171326E1,2.081370735E1,1.259646606E1
3.141859087E2,3.681056213E1,2.090921783E1,1.298320770E1
3.142060747E2,3.654880524E1,2.105959511E1,1.335701752E1
3.142262397E2,3.635757446E1,2.135113907E1,1.315649414E1
3.142464057E2,3.605149078E1,2.181048393E1,1.325099945E1
3.142665707E2,3.546216583E1,2.238874054E1,1.330341339E1
3.142867367E2,3.491512299E1,2.268818855E1,1.334259033E1
3.143069017E2,3.417506409E1,2.306349945E1,1.330155945E1
3.143270677E2,3.353798676E1,2.345049667E1,1.272782898E1
3.143472327E2,3.288232422E1,2.389468384E1,1.246536255E1
3.143673987E2,3.242797470E1,2.450051498E1,1.173738098E1
3.143875637E2,3.182979965E1,2.487193298E1,1.115205383E1
3.144077297E2,3.132111359E1,2.523867416E1,1.036946869E1
3.144278947E2,3.090718842E1,2.547214317E1,9.838920593E0
3.144480607E2,3.060908127E1,2.556712341E1,9.445846558E0
3.144682257E2,3.066691208E1,2.583900833E1,8.895195007E0
3.144883917E2,3.052125168E1,2.580687332E1,8.512954712E0
3.145085567E2,3.037826157E1,2.601265717E1,8.103698730E0
3.145287227E2,3.010355949E1,2.615184021E1,7.722434998E0
3.145488877E2,2.992638588E1,2.626200867E1,7.442642212E0
3.145690537E2,2.999546242E1,2.643376923E1,7.170288086E0
3.145892187E2,2.995662117E1,2.651931381E1,7.433998108E0
3.146093847E2,2.970496559E1,2.655488968E1,7.671287537E0
3.146295497E2,2.931927299E1,2.678870010E1,8.364082336E0
3.146497157E2,2.889992142E1,2.693905258E1,8.784797668E0
3.146698807E2,2.889157104E1,2.772367668E1,9.596282959E0
3.146900467E2,2.826766586E1,2.772670746E1,1.048718262E1
3.147102117E2,2.805916595E1,2.761264229E1,1.179891968E1
3.147303777E2,2.779890060E1,2.758889961E1,1.292144012E1
3.147505437E2,2.770097160E1,2.726325607E1,1.430095673E1
3.147707087E2,2.739510345E1,2.741778755E1,1.575923920E1
3.147908747E2,2.698302460E1,2.745558167E1,1.761700439E1
3.148110397E2,2.643601990E1,2.751701546E1,1.895672607E1
3.148312057E2,2.594862747E1,2.736298943E1,2.051105499E1
3.148513707E2,2.555611229E1,2.724225998E1,2.154042816E1
3.148715367E2,2.540431213E1,2.703974152E1,2.260562134E1
3.148917017E2,2.531069183E1,2.674822235E1,2.358869934E1
3.149118677E2,2.524483109E1,2.633271027E1,2.446476746E1
3.149320327E2,2.510748291E1,2.628530884E1,2.517143250E1
3.149521987E2,2.508793259E1,2.618555832E1,2.534122467E1
3.149723637E2,2.522532272E1,2.607598114E1,2.514785004E1
3.149925297E2,2.534431839E1,2.586942482E1,2.537028503E1
3.150126947E2,2.553062439E1,2.544962502E1,2.542655945E1
3.150328607E2,2.601975060E1,2.497530937E1,2.573808289E1
3.150530257E2,2.636121559E1,2.448090363E1,2.595908356E1
3.150731917E2,2.681133652E1,2.405503082E1,2.577845764E1
3.150933567E2,2.715750885E1,2.369187546E1,2.554802704E1
3.151135227E2,2.783362579E1,2.332102394E1,2.555092621E1
3.151336877E2,2.816413498E1,2.278900909E1,2.549682617E1
3.151538537E2,2.792237854E1,2.260009956E1,2.568297577E1
3.151740187E2,2.756050491E1,2.259970093E1,2.591444397E1
3.151941847E2,2.719205475E1,2.280344200E1,2.592407227E1
3.152143497E2,2.688190460E1,2.296028519E1,2.594104004E1
3.152345157E2,2.686798096E1,2.312210083E1,2.539878082E1
3.152546807E2,2.687364960E1,2.312691879E1,2.497072601E1
3.152748467E2,2.688671875E1,2.292331696E1,2.448435211E1
3.152950117E2,2.682686615E1,2.302226639E1,2.448266602E1
3.153151777E2,2.692886353E1,2.290730476E1,2.410701752E1
3.153353427E2,2.705329323E1,2.305206299E1,2.380129242E1
3.153555087E2,2.671599007E1,2.311185074E1,2.309341431E1
3.153756737E2,2.677785492E1,2.336749840E1,2.218359375E1
3.153958397E2,2.682308197E1,2.368738365E1,2.114212036E1
3.154160047E2,2.687262344E1,2.407070160E1,1.969036865E1
3.154361707E2,2.681254196E1,2.477235413E1,1.867919922E1
3.154563357E2,2.672710419E1,2.527246857E1,1.750954437E1
3.154765017E2,2.649538994E1,2.581504822E1,1.632177734E1
3.154966667E2,2.649563980E1,2.626040268E1,1.448762512E1
3.155168327E2,2.642835426E1,2.654535866E1,1.300188446E1
3.155369977E2,2.644154167E1,2.674655914E1,1.185467529E1
3.155571637E2,2.657969666E1,2.679014778E1,1.019277191E1
3.155773287E2,2.681960297E1,2.674482536E1,8.526748657E0
3.155974947E2,2.684960556E1,2.679317665E1,6.752166748E0
3.156176597E2,2.687144852E1,2.674098587E1,5.096351624E0
3.156378257E2,2.698074722E1,2.649218369E1,3.651016235E0
3.156579907E2,2.709521675E1,2.621945953E1,2.833930969E0
3.156781567E2,2.711368942E1,2.607277870E1,2.164253235E0
3.156983217E2,2.712767410E1,2.594808578E1,1.022743225E0
3.157184877E2,2.700510788E1,2.597406197E1,5.581665039E-1
3.157386527E2,2.697586060E1,2.593944550E1,5.495605469E-1
3.157588187E2,2.692185974E1,2.597285652E1,1.021759033E0
3.157789837E2,2.678842545E1,2.592638016E1,1.342338562E0
3.157991497E2,2.656553650E1,2.626275444E1,1.732131958E0
3.158193147E2,2.614382172E1,2.664027023E1,2.129638672E0
3.158394807E2,2.583973885E1,2.690237045E1,2.815322876E0
3.158596467E2,2.535294533E1,2.724725533E1,4.057312012E0
3.158798117E2,2.503189850E1,2.741880226E1,5.361747742E0
3.158999777E2,2.438569260E1,2.784282494E1,6.706573486E0
3.159201427E2,2.370974731E1,2.829166222E1,8.088882446E0
3.159403087E2,2.302481842E1,2.836889839E1,9.267356873E0
3.159604737E2,2.257827377E1,2.838907814E1,1.037384033E1
3.159806397E2,2.241458893E1,2.826309586E1,1.172388458E1
3.160008047E2,2.234630966E1,2.800918770E1,1.272109222E1
3.160209700E2,2.204842377E1,2.802470016E1,1.367503357E1
3.160411350E2,2.180923843E1,2.811891937E1,1.445227814E1
3.160613010E2,2.131816292E1,2.807759285E1,1.490897369E1
3.160814660E2,2.125447655E1,2.821726227E1,1.555408478E1
3.161016320E2,2.126560020E1,2.831316185E1,1.628930664E1
3.161217970E2,2.105232048E1,2.831193924E1,1.656923676E1
3.161419630E2,2.124319077E1,2.832877922E1,1.683969879E1
3.161621280E2,2.175327682E1,2.831347084E1,1.650173187E1
3.161822940E2,2.257245064E1,2.788497353E1,1.614230347E1
3.162024590E2,2.343999672E1,2.761470032E1,1.588475037E1
3.162226250E2,2.417115784E1,2.721765518E1,1.552781677E1
3.162427900E2,2.481428909E1,2.670019913E1,1.516014862E1
3.162629560E2,2.531369019E1,2.634346962E1,1.504107666E1
3.162831210E2,2.559015656E1,2.615143967E1,1.465356445E1
3.163032870E2,2.603876877E1,2.579994965E1,1.413913727E1
3.163234520E2,2.669128799E1,2.537901497E1,1.372357178E1
3.163436180E2,2.727128983E1,2.491009521E1,1.343981934E1
3.163637830E2,2.793312073E1,2.439303017E1,1.330585480E1
3.163839490E2,2.839147949E1,2.374983406E1,1.279580688E1
3.164041140E2,2.895905685E1,2.330125237E1,1.236853790E1
3.164242800E2,2.938028336E1,2.291565704E1,1.232881927E1
3.164444450E2,2.967010880E1,2.228659821E1,1.213469696E1
3.164646110E2,2.989190865E1,2.192851448E1,1.240989685E1
3.164847760E2,2.984512901E1,2.181943321E1,1.237998199E1
3.165049420E2,2.973024178E1,2.177993393E1,1.209000397E1
3.165251070E2,2.972479248E1,2.153690720E1,1.254781342E1
3.165452730E2,2.954637527E1,2.158514023E1,1.267091370E1
3.165654380E2,2.959547043E1,2.125654984E1,1.292613983E1
3.165856040E2,2.943076706E1,2.080385017E1,1.301390839E1
3.166057690E2,2.940969849E1,2.034130478E1,1.320345306E1
3.166259350E2,2.928169632E1,1.992823792E1,1.375837708E1
3.166461010E2,2.912691879E1,1.926583099E1,1.429293823E1
3.166662660E2,2.910266495E1,1.884031105E1,1.512409973E1
3.166864320E2,2.903611374E1,1.850457001E1,1.524451447E1
3.167065970E2,2.911844254E1,1.839370918E1,1.496731567E1
3.167267630E2,2.927784729E1,1.821774101E1,1.415039825E1
3.167469280E2,2.951078796E1,1.830077362E1,1.395133209E1
3.167670940E2,2.960817719E1,1.852133179E1,1.341866302E1
3.167872590E2,2.956859970E1,1.868274117E1,1.287337494E1
3.168074250E2,2.980331802E1,1.874892044E1,1.175906372E1
3.168275900E2,2.997297668E1,1.912949371E1,1.100628662E1
3.168477560E2,2.994359016E1,1.969572830E1,1.007882690E1
3.168679210E2,2.997541046E1,2.016973495E1,9.249404907E0
3.168880870E2,2.988555145E1,2.029979134E1,8.736122131E0
3.169082520E2,2.965926933E1,2.046566200E1,7.904724121E0
3.169284180E2,2.942778969E1,2.088988113E1,6.983352661E0
3.169485830E2,2.949248505E1,2.122212601E1,5.962112427E0
3.169687490E2,2.954692459E1,2.176913834E1,5.241645813E0
3.169889140E2,2.921119690E1,2.184030914E1,4.994628906E0
3.170090800E2,2.874437714E1,2.209609985E1,4.395179749E0
3.170292450E2,2.848219872E1,2.239940071E1,4.276268005E0
3.170494110E2,2.808596992E1,2.260249329E1,4.094940186E0
3.170695760E2,2.796100044E1,2.298649597E1,4.043800354E0
3.170897420E2,2.751153374E1,2.318815994E1,4.091278076E0
3.171099070E2,2.691648102E1,2.353336716E1,4.094306946E0
3.171300730E2,2.657079315E1,2.392108345E1,4.266395569E0
3.171502380E2,2.627318954E1,2.408634567E1,4.695411682E0
3.171704040E2,2.596199417E1,2.417775345E1,5.081535339E0
3.171905700E2,2.556387711E1,2.470649910E1,5.430854797E0
3.172107350E2,2.482723618E1,2.493108368E1,6.245475769E0
3.172309010E2,2.431304550E1,2.544418335E1,6.936187744E0
3.172510660E2,2.377467346E1,2.588718224E1,7.483436584E0
3.172712320E2,2.350223160E1,2.602394295E1,8.244262695E0
3.172913970E2,2.337300873E1,2.609106445E1,9.284523010E0
3.173115630E2,2.335104370E1,2.611103439E1,1.018417358E1
3.173317280E2,2.358549881E1,2.574839973E1,1.117697906E1
3.173518940E2,2.374893570E1,2.557309151E1,1.162083435E1
3.173720590E2,2.372356796E1,2.545723724E1,1.216850281E1
3.173922250E2,2.403240967E1,2.531701088E1,1.274512482E1
3.174123900E2,2.418136978E1,2.523627090E1,1.337856293E1
3.174325560E2,2.442776680E1,2.501728630E1,1.374072266E1
3.174527210E2,2.503117180E1,2.460533524E1,1.383578491E1
3.174728870E2,2.553758240E1,2.426966667E1,1.403042603E1
3.174930520E2,2.599019241E1,2.391356468E1,1.414794922E1
3.175132180E2,2.645010567E1,2.344068146E1,1.411703491E1
3.175333830E2,2.706710243E1,2.306897545E1,1.376373291E1
3.175535490E2,2.750159073E1,2.248606110E1,1.363368225E1
3.175737140E2,2.797233200E1,2.193448639E1,1.334311676E1
3.175938800E2,2.837728119E1,2.142434311E1,1.287384033E1
3.176140450E2,2.899351883E1,2.087415695E1,1.295132446E1
3.176342110E2,2.947757339E1,2.039216614E1,1.306826019E1
3.176543760E2,2.964797592E1,1.960560036E1,1.285401154E1
3.176745420E2,2.996442604E1,1.910553551E1,1.245557404E1
3.176947070E2,3.025607872E1,1.885335159E1,1.226152039E1
3.177148730E2,3.052503967E1,1.847892570E1,1.214866638E1
3.177350380E2,3.086870575E1,1.825752640E1,1.184043884E1
3.177552040E2,3.085520554E1,1.794050407E1,1.150218964E1
3.177753700E2,3.092331314E1,1.765002823E1,1.123230743E1
3.177955350E2,3.088456345E1,1.755192184E1,1.078038788E1
3.178157010E2,3.108684540E1,1.736122131E1,1.082840729E1
3.178358660E2,3.118592072E1,1.748945808E1,1.053257751E1
3.178560320E2,3.100108337E1,1.744581223E1,1.035750580E1
3.178761970E2,3.087852097E1,1.742772675E1,1.021154785E1
3.178963630E2,3.054790115E1,1.764546013E1,1.021496582E1
3.179165280E2,3.032315445E1,1.778558159E1,1.057862854E1
3.179366940E2,3.019192886E1,1.834398270E1,1.091523743E1
3.179568590E2,2.954987335E1,1.819605255E1,1.135419464E1
3.179770250E2,2.933253098E1,1.858151436E1,1.146865845E1
3.179971900E2,2.891529846E1,1.898860359E1,1.146597290E1
3.180173566E2,2.860208893E1,1.939560890E1,1.162825012E1
3.180375216E2,2.814050674E1,2.001195526E1,1.193653107E1
3.180576876E2,2.757025528E1,2.071399498E1,1.224291229E1
3.180778526E2,2.672316742E1,2.148316002E1,1.208656311E1
3.180980186E2,2.594240952E1,2.219870377E1,1.197702789E1
3.181181836E2,2.531368637E1,2.292698479E1,1.197886658E1
3.181383496E2,2.454560089E1,2.337781906E1,1.192285156E1
3.181585146E2,2.359780884E1,2.418391037E1,1.161945343E1
3.181786806E2,2.311521912E1,2.450286674E1,1.107037354E1
3.181988456E2,2.268806076E1,2.509851837E1,1.064581299E1
3.182190116E2,2.207611656E1,2.557777214E1,1.037172699E1
3.182391776E2,2.154396248E1,2.576982880E1,1.004828644E1
3.182593426E2,2.084775162E1,2.613092422E1,9.748146057E0
3.182795086E2,2.019638062E1,2.650647736E1,9.484642029E0
3.182996736E2,1.990130424E1,2.673116112E1,9.343826294E0
3.183198396E2,1.916110420E1,2.691128159E1,8.996002197E0
3.183400046E2,1.841717529E1,2.710987091E1,9.040977478E0
3.183601706E2,1.797772598E1,2.711222839E1,9.071151733E0
3.183803356E2,1.745310211E1,2.720506668E1,9.073059082E0
3.184005016E2,1.696697617E1,2.761286926E1,8.973823547E0
3.184206666E2,1.659724236E1,2.746985245E1,9.186576843E0
3.184408326E2,1.611565971E1,2.753120995E1,9.030876160E0
3.184609976E2,1.596474838E1,2.742741776E1,9.177200317E0
3.184811636E2,1.555718327E1,2.745465469E1,9.612449646E0
3.185013286E2,1.567793179E1,2.757214737E1,1.007622528E1
3.185214946E2,1.519533825E1,2.758408356E1,1.075608063E1
3.185416596E2,1.518505192E1,2.758816528E1,1.129779053E1
3.185618256E2,1.524952030E1,2.749269676E1,1.182600403E1
3.185819906E2,1.546741581E1,2.753687286E1,1.243820953E1
3.186021566E2,1.588991261E1,2.732585526E1,1.311617279E1
3.186223216E2,1.603853416E1,2.747624207E1,1.393695831E1
3.186424876E2,1.607397461E1,2.745050812E1,1.404657745E1
3.186626536E2,1.605409431E1,2.750957870E1,1.439811707E1
3.186828186E2,1.590516663E1,2.760928345E1,1.473818207E1
3.187029846E2,1.611293411E1,2.770603561E1,1.507246399E1
3.187231496E2,1.637025070E1,2.768321228E1,1.547471619E1
3.187433156E2,1.656689453E1,2.751164627E1,1.586554718E1
3.187634806E2,1.725682831E1,2.712005997E1,1.635739899E1
3.187836466E2,1.790912247E1,2.677028656E1,1.698954773E1
3.188038116E2,1.867580032E1,2.655011559E1,1.762841797E1
3.188239776E2,1.913224030E1,2.584709549E1,1.841816711E1
3.188441426E2,1.925341034E1,2.540278625E1,1.868827820E1
3.188643086E2,1.981438828E1,2.457329941E1,1.921487427E1
3.188844736E2,2.019310760E1,2.385869408E1,1.964784241E1
3.189046396E2,2.110746765E1,2.288904381E1,2.005435944E1
3.189248046E2,2.151923752E1,2.211803246E1,2.066940308E1
3.189449706E2,2.212544632E1,2.103477478E1,2.165138245E1
3.189651356E2,2.255671310E1,1.967232895E1,2.238690948E1
3.189853016E2,2.256349754E1,1.882145309E1,2.341419220E1
3.190054676E2,2.255267525E1,1.810015869E1,2.405456543E1
3.190256326E2,2.251424026E1,1.771130562E1,2.448398590E1
3.190457986E2,2.239374161E1,1.746052361E1,2.478919220E1
3.190659636E2,2.215536118E1,1.748127747E1,2.509290314E1
3.190861296E2,2.173916245E1,1.722613907E1,2.542545319E1
3.191062946E2,2.137583923E1,1.733459663E1,2.554772186E1
3.191264606E2,2.090859413E1,1.737020874E1,2.555474854E1
3.191466256E2,2.081046486E1,1.744782066E1,2.546471405E1
3.191667916E2,2.047208214E1,1.758052444E1,2.547894287E1
3.191869566E2,1.991590691E1,1.767798805E1,2.558618164E1
3.192071226E2,1.919047356E1,1.804473686E1,2.532025146E1
3.192272876E2,1.899172211E1,1.822929955E1,2.539517975E1
3.192474536E2,1.865191269E1,1.863913345E1,2.497344208E1
3.192676186E2,1.873600006E1,1.953433418E1,2.417346954E1
3.192877846E2,1.855994797E1,2.025583839E1,2.322678375E1
3.193079496E2,1.796045303E1,2.136342430E1,2.245718384E1
3.193281156E2,1.772521210E1,2.236355019E1,2.142935181E1
3.193482806E2,1.732164001E1,2.340556526E1,2.012536621E1
3.193684466E2,1.727502823E1,2.445517349E1,1.889804077E1
3.193886126E2,1.726734543E1,2.541085625E1,1.719545746E1
3.194087776E2,1.744973373E1,2.628308487E1,1.563413239E1
3.194289436E2,1.779571152E1,2.711240387E1,1.355227661E1
3.194491086E2,1.818866920E1,2.792091370E1,1.134973145E1
3.194692746E2,1.890354538E1,2.878736115E1,9.533340454E0
3.194894396E2,1.946625519E1,2.880189133E1,7.718147278E0
3.195096056E2,2.012196350E1,2.896210861E1,6.100952148E0
3.195297706E2,2.071825790E1,2.926075935E1,4.260314941E0
3.195499366E2,2.125148392E1,2.927562714E1,2.769897461E0
3.195701016E2,2.227796173E1,2.967509079E1,1.315223694E0
3.195902676E2,2.261264038E1,2.934406281E1,1.495666504E-1
3.196104326E2,2.281782722E1,2.946183777E1,-9.710998535E-1
3.196305986E2,2.336496162E1,2.954216385E1,-1.494323730E0
3.196507636E2,2.344583893E1,2.970657349E1,-1.900703430E0
3.196709296E2,2.348704147E1,2.980002022E1,-2.540832520E0
3.196910956E2,2.354670334E1,3.011516190E1,-2.368522644E0
3.197112606E2,2.337734985E1,3.055705261E1,-2.380470276E0
3.197314266E2,2.290920639E1,3.085100174E1,-2.129760742E0
3.197515916E2,2.253115845E1,3.111490440E1,-1.516853333E0
3.197717576E2,2.176511002E1,3.166535378E1,2.698211670E-1
3.197919226E2,2.103228378E1,3.202882767E1,1.903503418E0
3.198120886E2,2.009184647E1,3.231557846E1,3.101448059E0
3.198322536E2,1.918508720E1,3.276061249E1,4.871902466E0
3.198524196E2,1.852359009E1,3.274238586E1,6.642921448E0
3.198725846E2,1.771667862E1,3.237230682E1,8.844696045E0
3.198927506E2,1.663343048E1,3.213574600E1,1.082587433E1
3.199129156E2,1.583841038E1,3.176691818E1,1.248268127E1
3.199330816E2,1.526777363E1,3.155711746E1,1.401278687E1
3.199532466E2,1.445530701E1,3.105028152E1,1.530335999E1
3.199734126E2,1.319116020E1,3.065640259E1,1.686383057E1
3.199935786E2,1.256499958E1,3.040141106E1,1.817045593E1
3.200137437E2,1.189765835E1,3.013398743E1,1.946694183E1
3.200339097E2,1.198881626E1,2.983279419E1,2.012624359E1
3.200540748E2,1.206056118E1,2.925976562E1,2.060097504E1
3.200742407E2,1.194889545E1,2.877750778E1,2.158823395E1
3.200944058E2,1.154082203E1,2.827243423E1,2.256459808E1
3.201145718E2,1.081034184E1,2.799259949E1,2.333723450E1
3.201347368E2,1.005421162E1,2.789876938E1,2.397707367E1
3.201549028E2,9.030341148E0,2.790955162E1,2.444710541E1
3.201750678E2,8.157263756E0,2.798657036E1,2.488661194E1
3.201952338E2,7.591812134E0,2.792829323E1,2.525138855E1
3.202153988E2,7.334825516E0,2.750061607E1,2.583477783E1
3.202355648E2,7.261306763E0,2.740887642E1,2.615022278E1
3.202557298E2,7.428236008E0,2.700117874E1,2.658445740E1
3.202758958E2,7.649071693E0,2.661979103E1,2.659024048E1
3.202960618E2,8.054739952E0,2.604831314E1,2.676475525E1
3.203162268E2,8.685410500E0,2.588338852E1,2.722213745E1
3.203363928E2,9.264645576E0,2.545187187E1,2.723497009E1
3.203565577E2,9.780259132E0,2.521953392E1,2.730715942E1
3.203767237E2,1.019269371E1,2.493203926E1,2.701261139E1
3.203968887E2,1.050735664E1,2.482739830E1,2.696342468E1
3.204170547E2,1.056929398E1,2.479776192E1,2.707279205E1
3.204372198E2,1.054319572E1,2.470394325E1,2.691252899E1
3.204573857E2,1.035222244E1,2.487321663E1,2.709760284E1
3.204775508E2,9.954929352E0,2.509050369E1,2.699816132E1
3.204977168E2,9.485469818E0,2.546119690E1,2.705963898E1
3.205178818E2,8.964788437E0,2.566134262E1,2.711070251E1
3.205380478E2,8.537758827E0,2.595925331E1,2.729110718E1
3.205582138E2,8.202294350E0,2.653832054E1,2.735045624E1
3.205783788E2,8.103047371E0,2.699884796E1,2.744605255E1
3.205985448E2,8.586730003E0,2.766656494E1,2.700926971E1
3.206187098E2,9.295598984E0,2.832385254E1,2.696908569E1
3.206388758E2,9.919801712E0,2.877924728E1,2.668827057E1
3.206590408E2,1.059410191E1,2.969932365E1,2.579949188E1
3.206792068E2,1.106597805E1,3.081493759E1,2.451570129E1
3.206993718E2,1.133595943E1,3.224029541E1,2.346343231E1
3.207195378E2,1.127490425E1,3.335672379E1,2.201359558E1
3.207397027E2,1.129467583E1,3.481798553E1,2.040607452E1
3.207598687E2,1.167641258E1,3.601787186E1,1.845777893E1
3.207800337E2,1.223229218E1,3.722492981E1,1.624129486E1
3.208001997E2,1.278506470E1,3.820679474E1,1.420732117E1
3.208203657E2,1.329736042E1,3.891446304E1,1.197384644E1
3.208405307E2,1.396191120E1,3.946968460E1,9.475898743E0
3.208606967E2,1.452979088E1,4.004586029E1,6.717475891E0
3.208808618E2,1.473780060E1,4.037310791E1,4.089454651E0
3.209010278E2,1.531730556E1,4.052194595E1,1.321159363E0
3.209211928E2,1.527994156E1,4.066605377E1,-9.951629639E-1
3.209413588E2,1.498922062E1,4.074915695E1,-3.402259827E0
3.209615238E2,1.478680325E1,4.052077866E1,-5.624061584E0
3.209816898E2,1.445724678E1,4.025158691E1,-7.525077820E0
3.210018548E2,1.387648296E1,4.000208282E1,-9.435470581E0
3.210220205E2,1.294736481E1,3.992276382E1,-1.107723999E1
3.210421865E2,1.184455490E1,3.968624496E1,-1.261815643E1
3.210623515E2,1.058036613E1,3.972796631E1,-1.380534363E1
3.210825175E2,9.427069664E0,3.993656921E1,-1.428825378E1
3.211026825E2,8.394623756E0,4.003010178E1,-1.423912048E1
3.211228485E2,7.515476227E0,4.023766327E1,-1.437683868E1
3.211430135E2,6.590097427E0,4.055435944E1,-1.404454803E1
3.211631795E2,5.652179718E0,4.098537064E1,-1.316208649E1
3.211833445E2,4.435285568E0,4.136430740E1,-1.204418182E1
3.212035105E2,3.323001862E0,4.195164108E1,-1.080346680E1
3.212236755E2,2.019910812E0,4.236734772E1,-9.468177795E0
3.212438415E2,6.546154022E-1,4.266519547E1,-8.245788574E0
3.212640075E2,-8.459568024E-1,4.288757324E1,-6.965591431E0
3.212841725E2,-2.480834961E0,4.321970749E1,-5.290222168E0
3.213043385E2,-4.318086624E0,4.315112686E1,-3.457061768E0
3.213245035E2,-6.048529148E0,4.315019226E1,-2.155342102E0
3.213446695E2,-7.355923653E0,4.289017487E1,-6.463317871E-1
3.213648345E2,-8.568792343E0,4.278735352E1,9.379577637E-1
3.213850005E2,-9.829734802E0,4.231199646E1,4.356636047E0
3.214051655E2,-1.099408150E1,4.199456787E1,6.379409790E0
3.214253315E2,-1.189197445E1,4.135944748E1,7.765747070E0
3.214454965E2,-1.245675468E1,4.106301880E1,8.978065491E0
3.214656625E2,-1.322126102E1,4.075222778E1,1.000289154E1
3.214858285E2,-1.397803783E1,4.022008896E1,1.042198944E1
3.215059935E2,-1.464610577E1,3.980319214E1,1.122946167E1
3.215261595E2,-1.506766605E1,3.962959290E1,1.171050262E1
3.215463245E2,-1.492479706E1,3.937098312E1,1.222850037E1
3.215664905E2,-1.473221493E1,3.921864319E1,1.336840057E1
3.215866555E2,-1.430604649E1,3.896019745E1,1.438942719E1
3.216068215E2,-1.443868160E1,3.883614731E1,1.494448090E1
3.216269865E2,-1.446074867E1,3.860687256E1,1.558966827E1
3.216471525E2,-1.457102299E1,3.849135590E1,1.569680023E1
3.216673175E2,-1.482386589E1,3.862701797E1,1.520769501E1
3.216874835E2,-1.519796658E1,3.875884247E1,1.482723236E1
3.217076495E2,-1.546933746E1,3.878031540E1,1.391332245E1
3.217278145E2,-1.545200443E1,3.925350952E1,1.304903412E1
3.217479805E2,-1.540687084E1,3.971366501E1,1.214311218E1
3.217681455E2,-1.490937519E1,4.039870834E1,1.122519684E1
3.217883115E2,-1.459426117E1,4.081139374E1,1.000255585E1
3.218084765E2,-1.427304745E1,4.134429932E1,8.804618835E0
3.218286425E2,-1.374478436E1,4.183008575E1,7.278373718E0
3.218488075E2,-1.346997833E1,4.227695465E1,5.635658264E0
3.218689735E2,-1.301107597E1,4.282968521E1,4.112770081E0
3.218891395E2,-1.262075996E1,4.309107590E1,2.636184692E0
3.219093045E2,-1.227541256E1,4.335857391E1,7.748870850E-1
3.219294705E2,-1.202058601E1,4.351531219E1,-9.733428955E-1
3.219496355E2,-1.208161926E1,4.372461700E1,-2.776718140E0
3.219698015E2,-1.180250645E1,4.377758789E1,-4.039009094E0
3.219899665E2,-1.180658627E1,4.362525940E1,-5.127609253E0
3.220101325E2,-1.192173767E1,4.342504120E1,-6.611000061E0
3.220302972E2,-1.220256138E1,4.315279388E1,-7.619041443E0
3.220504632E2,-1.270959949E1,4.303142548E1,-8.918258667E0
3.220706292E2,-1.313366604E1,4.267925262E1,-9.591156006E0
3.220907942E2,-1.355688858E1,4.210958099E1,-1.121662903E1
3.221109602E2,-1.403846645E1,4.162453461E1,-1.255621338E1
3.221311252E2,-1.464169502E1,4.091697693E1,-1.434049225E1
3.221512912E2,-1.499545288E1,3.969766235E1,-1.638694763E1
3.221714562E2,-1.526501751E1,3.873740387E1,-1.821537018E1
3.221916222E2,-1.522845173E1,3.706967926E1,-2.140267181E1
3.222117872E2,-1.494498920E1,3.596466827E1,-2.268339539E1
3.222319532E2,-1.461835384E1,3.503441620E1,-2.443399811E1
3.222521182E2,-1.406903267E1,3.387024689E1,-2.574401855E1
3.222722842E2,-1.362760353E1,3.264118576E1,-2.763182831E1
3.222924502E2,-1.311532116E1,3.116174507E1,-2.914313507E1
3.223126152E2,-1.242519093E1,2.972748184E1,-3.033395386E1
3.223327812E2,-1.193525505E1,2.800606537E1,-3.178137207E1
3.223529462E2,-1.139844322E1,2.616382790E1,-3.341419983E1
3.223731122E2,-1.134450340E1,2.438047981E1,-3.438996124E1
3.223932772E2,-1.125454330E1,2.276642990E1,-3.507426453E1
3.224134432E2,-1.121930790E1,2.125814819E1,-3.556099701E1
3.224336082E2,-1.136827850E1,1.990493011E1,-3.574200439E1
3.224537742E2,-1.155121517E1,1.847513199E1,-3.651570129E1
3.224739402E2,-1.174250793E1,1.699166489E1,-3.708922577E1
3.224941052E2,-1.139033985E1,1.564303207E1,-3.751688385E1
3.225142712E2,-1.076292992E1,1.433474922E1,-3.791925812E1
3.225344362E2,-9.991062164E0,1.351631069E1,-3.844602966E1
3.225546022E2,-9.946815491E0,1.270490265E1,-3.832812500E1
3.225747672E2,-1.012616253E1,1.237928867E1,-3.817987061E1
3.225949332E2,-1.063592243E1,1.251843929E1,-3.801245117E1
3.226150982E2,-1.097229862E1,1.261396217E1,-3.778726959E1
3.226352642E2,-1.080638790E1,1.303578186E1,-3.757320404E1
3.226554302E2,-1.069510651E1,1.268020248E1,-3.756505585E1
3.226755952E2,-1.059648132E1,1.290590477E1,-3.786451721E1
3.226957612E2,-1.023717117E1,1.311237335E1,-3.756864929E1
3.227159262E2,-9.989364624E0,1.363961887E1,-3.750034332E1
3.227360922E2,-1.002815437E1,1.460386467E1,-3.709275055E1
3.227562572E2,-1.036592102E1,1.573798752E1,-3.662786865E1
3.227764232E2,-1.073644829E1,1.720798492E1,-3.589579010E1
3.227965882E2,-1.124872303E1,1.850089073E1,-3.511103821E1
3.228167542E2,-1.144432926E1,1.968049049E1,-3.465592194E1
3.228369202E2,-1.166152763E1,2.089243889E1,-3.399246216E1
3.228570852E2,-1.200012875E1,2.203107643E1,-3.333867645E1
3.228772512E2,-1.251594830E1,2.332478142E1,-3.242345428E1
3.228974162E2,-1.296752930E1,2.455138779E1,-3.147414398E1
3.229175822E2,-1.310989571E1,2.585113335E1,-3.039447021E1
3.229377472E2,-1.295545387E1,2.720242310E1,-2.941952515E1
3.229579132E2,-1.291380501E1,2.849154663E1,-2.843751526E1
3.229780792E2,-1.277730560E1,2.946872711E1,-2.724398041E1
3.229982442E2,-1.306878948E1,3.054279709E1,-2.605117798E1
3.230184108E2,-1.307482529E1,3.123040009E1,-2.547974396E1
3.230385758E2,-1.292930222E1,3.156015015E1,-2.475135040E1
3.230587418E2,-1.273737907E1,3.196970940E1,-2.411737823E1
3.230789068E2,-1.277213669E1,3.205064011E1,-2.390399933E1
3.230990728E2,-1.280289650E1,3.207113266E1,-2.428151703E1
3.231192378E2,-1.295901585E1,3.153875732E1,-2.472637177E1
3.231394038E2,-1.279636955E1,3.071000290E1,-2.536347198E1
3.231595698E2,-1.251694965E1,2.981902885E1,-2.606755829E1
3.231797348E2,-1.209345722E1,2.874798203E1,-2.707422638E1
3.231999008E2,-1.182496452E1,2.749641418E1,-2.793117523E1
3.232200658E2,-1.153518391E1,2.585742569E1,-2.900041199E1
3.232402318E2,-1.086059952E1,2.387728500E1,-3.030873108E1
3.232603968E2,-9.527807236E0,2.177630424E1,-3.153464508E1
3.232805628E2,-7.948135376E0,1.920140266E1,-3.281987000E1
3.233007288E2,-6.885474205E0,1.660669899E1,-3.357938385E1
3.233208938E2,-6.586014271E0,1.407116032E1,-3.402848816E1
3.233410598E2,-6.495720387E0,1.156856823E1,-3.448701477E1
3.233612248E2,-6.335130215E0,9.126884460E0,-3.436569977E1
3.233813908E2,-6.243208408E0,6.935480118E0,-3.427861023E1
3.234015558E2,-5.907449722E0,5.101497650E0,-3.440322876E1
3.234217218E2,-6.243056297E0,2.967308044E0,-3.424167633E1
3.234418868E2,-6.613052368E0,6.265220642E-1,-3.412630463E1
3.234620528E2,-6.988818169E0,-1.374324799E0,-3.377306366E1
3.234822188E2,-7.429946899E0,-3.180757523E0,-3.359880829E1
3.235023838E2,-8.264737129E0,-4.098905563E0,-3.357848358E1
3.235225498E2,-9.493114471E0,-5.080448151E0,-3.302153778E1
3.235427148E2,-1.049823570E1,-5.954627991E0,-3.281271362E1
3.235628808E2,-1.105851746E1,-7.034074783E0,-3.267149353E1
3.235830458E2,-1.157366848E1,-7.821294785E0,-3.237650299E1
3.236032118E2,-1.213706303E1,-8.229825974E0,-3.235004425E1
3.236233778E2,-1.222143269E1,-8.462324142E0,-3.226444244E1
3.236435428E2,-1.227113819E1,-8.591032028E0,-3.222179413E1
3.236637088E2,-1.226255131E1,-8.697265625E0,-3.233431244E1
3.236838738E2,-1.202645206E1,-8.668476105E0,-3.244905090E1
3.237040398E2,-1.149468422E1,-8.532190323E0,-3.274902344E1
3.237242048E2,-1.084062099E1,-8.074632645E0,-3.343977356E1
3.237443708E2,-9.922277451E0,-7.646417618E0,-3.360629272E1
3.237645368E2,-8.826427460E0,-6.904214859E0,-3.413083649E1
3.237847018E2,-7.973546505E0,-5.835460663E0,-3.474911499E1
3.238048678E2,-7.744564056E0,-3.416421890E0,-3.510422516E1
3.238250328E2,-6.998868942E0,-2.207672119E0,-3.554647064E1
3.238451988E2,-6.455286980E0,-8.069553375E-1,-3.558185577E1
3.238653638E2,-5.462546349E0,3.957252502E-1,-3.585247803E1
3.238855298E2,-4.684442520E0,1.701246262E0,-3.622884369E1
3.239056948E2,-3.552092552E0,3.182931900E0,-3.625267792E1
3.239258608E2,-2.643218040E0,5.033848763E0,-3.600728607E1
3.239460268E2,-1.899360657E0,6.983025551E0,-3.571854401E1
3.239661918E2,-1.384107590E0,8.842745781E0,-3.545309448E1
3.239863578E2,-1.382354736E0,1.052971268E1,-3.500773621E1
3.240065228E2,-1.417372704E0,1.185200310E1,-3.491211700E1
3.240266885E2,-1.360532761E0,1.334299946E1,-3.447528839E1
3.240468545E2,-1.670340538E0,1.461733246E1,-3.386570740E1
3.240670195E2,-1.858989716E0,1.591616058E1,-3.331470490E1
3.240871855E2,-2.199996948E0,1.667527199E1,-3.262815094E1
3.241073505E2,-2.929604530E0,1.800328064E1,-3.208634186E1
3.241275165E2,-3.247902870E0,1.907377815E1,-3.152617645E1
3.241476815E2,-3.534054756E0,1.984228516E1,-3.068678284E1
3.241678475E2,-3.883473396E0,2.122526550E1,-3.001163483E1
3.241880135E2,-4.472625732E0,2.182575798E1,-2.932646942E1
3.242081785E2,-4.883196831E0,2.248644829E1,-2.872380829E1
3.242283445E2,-5.409535408E0,2.287747002E1,-2.818111420E1
3.242485095E2,-5.486277580E0,2.320284653E1,-2.814971161E1
3.242686755E2,-5.772831917E0,2.310392380E1,-2.784502411E1
3.242888405E2,-5.937259674E0,2.270209122E1,-2.811592865E1
3.243090065E2,-6.537098408E0,2.219689941E1,-2.848880005E1
3.243291725E2,-6.966130257E0,2.154529190E1,-2.882820129E1
3.243493375E2,-7.233792782E0,2.082537842E1,-2.934755707E1
3.243695035E2,-7.616542816E0,2.019652939E1,-2.997609711E1
3.243896685E2,-7.601490021E0,1.939242744E1,-3.103323364E1
3.244098345E2,-7.730511665E0,1.792900658E1,-3.191169739E1
3.244299995E2,-7.871986866E0,1.624406433E1,-3.293401337E1
3.244501655E2,-7.785814762E0,1.451752567E1,-3.389197540E1
3.244703315E2,-7.483525753E0,1.268261337E1,-3.488819885E1
3.244904965E2,-7.112038612E0,1.074182987E1,-3.583671570E1
3.245106625E2,-7.027718067E0,9.102654457E0,-3.663978577E1
3.245308275E2,-6.865009785E0,7.167588234E0,-3.718085480E1
3.245509935E2,-7.075567245E0,5.563352585E0,-3.745124817E1
3.245711585E2,-7.211369038E0,4.020202637E0,-3.778523254E1
3.245913245E2,-7.063055038E0,2.529575348E0,-3.811005402E1
3.246114905E2,-6.441335678E0,-4.076919556E-1,-3.854593658E1
3.246316555E2,-6.540764332E0,-2.022911072E0,-3.836170959E1
3.246518215E2,-6.429269314E0,-3.548360825E0,-3.823900604E1
3.246719865E2,-6.420040607E0,-4.873287201E0,-3.763020325E1
3.246921525E2,-6.446077824E0,-6.349740982E0,-3.745265198E1
3.247123175E2,-6.466512203E0,-7.786893845E0,-3.698870087E1
3.247324835E2,-6.060484886E0,-8.723871231E0,-3.647103882E1
3.247526495E2,-5.963315487E0,-9.615655899E0,-3.655863953E1
3.247728145E2,-5.854067802E0,-1.005667114E1,-3.641298676E1
3.247929805E2,-5.683760643E0,-1.044365311E1,-3.592084503E1
3.248131455E2,-5.583060265E0,-1.064991760E1,-3.564429474E1
3.248333115E2,-4.796178818E0,-1.045142365E1,-3.560583496E1
3.248534775E2,-5.081043243E0,-1.060186768E1,-3.554194641E1
3.248736425E2,-4.853577614E0,-1.035632706E1,-3.586164856E1
3.248938085E2,-4.722422600E0,-9.734468460E0,-3.607677460E1
3.249139735E2,-4.313618660E0,-8.954673767E0,-3.621627045E1
3.249341395E2,-3.383669853E0,-7.905294418E0,-3.640147400E1
3.249543045E2,-2.792073250E0,-7.018301010E0,-3.698263550E1
3.249744705E2,-2.769064903E0,-5.947910309E0,-3.738201904E1
3.249946365E2,-2.932950974E0,-4.542778015E0,-3.779866028E1
3.250148015E2,-3.049124718E0,-2.835287094E0,-3.824485779E1
3.250349678E2,-2.646706581E0,-1.118316650E0,-3.868258667E1
3.250551328E2,-2.759899139E0,-8.335876465E-2,-3.858557129E1
3.250752988E2,-2.923025131E0,1.191650391E0,-3.904051208E1
3.250954638E2,-3.149530411E0,2.333814621E0,-3.909364319E1
3.251156298E2,-3.208094597E0,3.395324707E0,-3.904411316E1
3.251357958E2,-3.074333191E0,4.279743195E0,-3.899089050E1
3.251559608E2,-3.060931206E0,5.112525940E0,-3.922493744E1
3.251761268E2,-3.004755020E0,5.634860039E0,-3.931894684E1
3.251962918E2,-3.259677887E0,5.985293388E0,-3.923809052E1
3.252164578E2,-3.978528976E0,6.396738052E0,-3.926243591E1
3.252366238E2,-4.571977615E0,6.679827690E0,-3.911201477E1
3.252567888E2,-5.074669838E0,7.369730949E0,-3.924676514E1
3.252769548E2,-5.259963989E0,7.728424072E0,-3.900453949E1
3.252971198E2,-5.626373291E0,8.140284538E0,-3.906081390E1
3.253172858E2,-6.085440636E0,8.587376595E0,-3.895673370E1
3.253374508E2,-6.529000282E0,9.245249748E0,-3.872437286E1
3.253576168E2,-7.289935112E0,9.974934578E0,-3.844332123E1
3.253777828E2,-7.900578976E0,1.063760662E1,-3.800547028E1
3.253979478E2,-8.676020622E0,1.129755783E1,-3.766841888E1
3.254181138E2,-9.552810669E0,1.228312778E1,-3.696887207E1
3.254382788E2,-1.020720482E1,1.264248848E1,-3.673701477E1
3.254584448E2,-1.083035183E1,1.289072132E1,-3.626418304E1
3.254786108E2,-1.130331039E1,1.332562447E1,-3.575476837E1
3.254987758E2,-1.175028515E1,1.380437088E1,-3.570661926E1
3.255189418E2,-1.220038605E1,1.366546154E1,-3.545207214E1
3.255391068E2,-1.293913651E1,1.351689720E1,-3.526542664E1
3.255592728E2,-1.323402405E1,1.346679401E1,-3.479574585E1
3.255794388E2,-1.338523197E1,1.347053814E1,-3.470874023E1
3.255996038E2,-1.368959808E1,1.400727463E1,-3.422902679E1
3.256197698E2,-1.403402424E1,1.421201420E1,-3.395732880E1
3.256399348E2,-1.514442730E1,1.410098267E1,-3.341240692E1
3.256601008E2,-1.617742348E1,1.409799004E1,-3.313187408E1
3.256802658E2,-1.685574150E1,1.353775787E1,-3.306842804E1
3.257004318E2,-1.690866852E1,1.333532906E1,-3.309262085E1
3.257205978E2,-1.714249229E1,1.209136963E1,-3.308598328E1
3.257407628E2,-1.726173210E1,1.114671326E1,-3.390629578E1
3.257609288E2,-1.751173019E1,1.033713341E1,-3.413851166E1
3.257810938E2,-1.766421318E1,9.402093887E0,-3.482176208E1
3.258012598E2,-1.783543587E1,8.577501297E0,-3.572422028E1
3.258214258E2,-1.753596687E1,7.547215462E0,-3.708927917E1
3.258415908E2,-1.698002243E1,6.157855034E0,-3.825723267E1
3.258617568E2,-1.631399155E1,4.733119965E0,-3.937936401E1
3.258819218E2,-1.569794846E1,3.200307846E0,-3.995980072E1
3.259020878E2,-1.497359085E1,1.690324783E0,-4.040847778E1
3.259222538E2,-1.395059109E1,5.091285706E-1,-4.066703796E1
3.259424188E2,-1.275196266E1,-6.860752106E-1,-4.073726654E1
3.259625848E2,-1.180155754E1,-1.846878052E0,-4.108141327E1
3.259827498E2,-1.099914360E1,-2.891525269E0,-4.115075684E1
3.260029158E2,-1.051343918E1,-3.104270935E0,-4.138220215E1
3.260230811E2,-1.010249043E1,-3.321718216E0,-4.164131927E1
3.260432461E2,-9.244468689E0,-3.352710724E0,-4.156276703E1
3.260634121E2,-8.701978683E0,-3.428516388E0,-4.159022522E1
3.260835771E2,-7.932823181E0,-3.475425720E0,-4.170819092E1
3.261037431E2,-7.520199776E0,-3.392368317E0,-4.196679688E1
3.261239091E2,-6.838756084E0,-3.467582703E0,-4.224638367E1
3.261440741E2,-6.146236420E0,-3.373231888E0,-4.235881805E1
3.261642401E2,-5.718091011E0,-3.306812286E0,-4.230684662E1
3.261844051E2,-4.945071220E0,-3.428052902E0,-4.250257111E1
3.262045711E2,-4.208473206E0,-3.475322723E0,-4.240129089E1
3.262247371E2,-2.881076813E0,-3.348752975E0,-4.273939514E1
3.262449021E2,-2.463383675E0,-2.697528839E0,-4.280807495E1
3.262650681E2,-2.021667480E0,-1.555345535E0,-4.297227478E1
3.262852331E2,-1.937740326E0,-4.135093689E-1,-4.318959045E1
3.263053991E2,-1.434391975E0,8.276729584E-1,-4.309593201E1
3.263255651E2,-1.309199333E0,2.254394531E0,-4.289707947E1
3.263457301E2,-1.000191689E0,3.458927155E0,-4.278996277E1
3.263658961E2,-1.601190567E-1,4.167226791E0,-4.253428650E1
3.263860611E2,-2.990913391E-2,4.214101791E0,-4.274397278E1
3.264062271E2,3.000555038E-1,4.503705025E0,-4.262916565E1
3.264263931E2,6.341056824E-1,4.557870865E0,-4.247612000E1
3.264465581E2,7.798442841E-1,4.838041306E0,-4.259364319E1
3.264667241E2,7.363386154E-1,5.158247948E0,-4.252148438E1
3.264868891E2,5.920047760E-1,5.304949760E0,-4.241278076E1
3.265070551E2,2.358083725E-1,5.488186836E0,-4.229270172E1
3.265272211E2,-6.384735107E-1,5.739495277E0,-4.218024445E1
3.265473861E2,-1.679663658E0,5.860025406E0,-4.196633148E1
3.265675521E2,-2.713171005E0,6.098901749E0,-4.200037384E1
3.265877181E2,-3.342807770E0,6.439342499E0,-4.191230774E1
3.266078831E2,-4.069771767E0,6.805607796E0,-4.173382568E1
3.266280491E2,-4.689732552E0,7.035453796E0,-4.148798370E1
3.266482141E2,-5.060267448E0,7.075424194E0,-4.131519318E1
3.266683801E2,-5.416418076E0,7.512931824E0,-4.120839691E1
3.266885461E2,-5.766694069E0,8.105810165E0,-4.093395996E1
3.267087111E2,-5.821681976E0,8.313234329E0,-4.069512939E1
3.267288771E2,-6.318487167E0,8.421688080E0,-4.061487579E1
3.267490421E2,-7.107603073E0,8.052145958E0,-4.037036896E1
3.267692081E2,-8.185174942E0,7.200304031E0,-3.993056488E1
3.267893741E2,-9.687942505E0,6.404717445E0,-3.952463531E1
3.268095391E2,-1.151806259E1,5.175673485E0,-3.901305389E1
3.268297051E2,-1.310538769E1,3.617132187E0,-3.914552307E1
3.268498701E2,-1.470186138E1,2.085479736E0,-3.880828857E1
3.268700361E2,-1.656184006E1,1.836814880E-1,-3.834969330E1
3.268902021E2,-1.883785248E1,-1.376966476E0,-3.788568878E1
3.269103671E2,-2.128696060E1,-3.295656204E0,-3.693561554E1
3.269305331E2,-2.373017883E1,-5.175636292E0,-3.578329468E1
3.269506991E2,-2.583977318E1,-7.081733704E0,-3.443280792E1
3.269708641E2,-2.746196365E1,-8.848194122E0,-3.314309692E1
3.269910301E2,-2.928633308E1,-1.007486725E1,-3.130635834E1
3.270111951E2,-3.163619614E1,-1.177973175E1,-2.846099091E1
3.270313618E2,-3.297995758E1,-1.253964043E1,-2.688050079E1
3.270515278E2,-3.420000458E1,-1.415991020E1,-2.500006104E1
3.270716928E2,-3.525958633E1,-1.556431580E1,-2.310923004E1
3.270918588E2,-3.627047729E1,-1.701054955E1,-2.122436523E1
3.271120237E2,-3.724669266E1,-1.801746178E1,-1.897863770E1
3.271321898E2,-3.754118729E1,-1.923067284E1,-1.715164948E1
3.271523558E2,-3.788607407E1,-2.091566467E1,-1.607998657E1
3.271725207E2,-3.755566025E1,-2.235146904E1,-1.504178619E1
3.271926868E2,-3.733515167E1,-2.376882553E1,-1.376883698E1
3.272128528E2,-3.704396057E1,-2.518881798E1,-1.252027130E1
3.272330177E2,-3.639022064E1,-2.580441284E1,-1.134353638E1
3.272531837E2,-3.596998596E1,-2.707792854E1,-1.009982300E1
3.272733487E2,-3.562565994E1,-2.804562187E1,-9.368560791E0
3.272935147E2,-3.505425644E1,-2.914767265E1,-8.720115662E0
3.273136807E2,-3.437994385E1,-3.011713600E1,-8.034301758E0
3.273338458E2,-3.353985596E1,-3.094740868E1,-7.232017517E0
3.273540117E2,-3.263599396E1,-3.136814308E1,-6.216087341E0
3.273741768E2,-3.239233398E1,-3.219512177E1,-5.908630371E0
3.273943428E2,-3.167530060E1,-3.280591583E1,-5.913093567E0
3.274145087E2,-3.094475937E1,-3.325286102E1,-5.879112244E0
3.274346738E2,-3.020204163E1,-3.350343323E1,-5.259101868E0
3.274548398E2,-2.958263397E1,-3.372283173E1,-4.851882935E0
3.274750058E2,-2.909456635E1,-3.434600449E1,-5.184860229E0
3.274951708E2,-2.867041016E1,-3.461125946E1,-5.626144409E0
3.275153368E2,-2.816336823E1,-3.491998291E1,-6.049362183E0
3.275355018E2,-2.740871429E1,-3.529811859E1,-5.680969238E0
3.275556678E2,-2.642020035E1,-3.567053223E1,-5.517700195E0
3.275758338E2,-2.573322868E1,-3.633230591E1,-4.909667969E0
3.275959988E2,-2.504825783E1,-3.672344208E1,-4.370910645E0
3.276161648E2,-2.442166138E1,-3.720321655E1,-3.939247131E0
3.276363308E2,-2.369214249E1,-3.782004547E1,-3.725929260E0
3.276564958E2,-2.303842354E1,-3.811278534E1,-3.554504395E0
3.276766618E2,-2.229266548E1,-3.864253235E1,-3.429962158E0
3.276968268E2,-2.118327713E1,-3.911109161E1,-3.528869629E0
3.277169928E2,-2.024729919E1,-3.938977051E1,-4.177429199E0
3.277371588E2,-1.884992218E1,-3.984399414E1,-5.446945190E0
3.277573238E2,-1.738409233E1,-4.042876434E1,-6.512657166E0
3.277774898E2,-1.605946732E1,-4.079381561E1,-7.302825928E0
3.277976558E2,-1.445346451E1,-4.108951569E1,-7.694442749E0
3.278178208E2,-1.210177612E1,-4.164431000E1,-7.744468689E0
3.278379868E2,-1.102428436E1,-4.211563110E1,-7.841636658E0
3.278581528E2,-9.935720444E0,-4.213770294E1,-8.397132874E0
3.278783178E2,-8.949313164E0,-4.232228088E1,-8.186965942E0
3.278984838E2,-7.751792908E0,-4.241724396E1,-8.246719360E0
3.279186487E2,-7.070842266E0,-4.285617828E1,-8.051727295E0
3.279388147E2,-6.490566730E0,-4.289611816E1,-7.930999756E0
3.279589808E2,-6.006683826E0,-4.306672668E1,-7.203964233E0
3.279791457E2,-5.664516926E0,-4.312625122E1,-7.003929138E0
3.279993117E2,-5.186961651E0,-4.291754150E1,-6.627861023E0
3.280194778E2,-5.386590958E0,-4.315662384E1,-6.430580139E0
3.280396419E2,-5.707347870E0,-4.307434845E1,-6.155654907E0
3.280598079E2,-5.461361408E0,-4.340049744E1,-5.403587341E0
3.280799739E2,-5.765689373E0,-4.336746216E1,-4.941642761E0
3.281001389E2,-5.933596134E0,-4.316929626E1,-4.376129150E0
3.281203049E2,-6.212996483E0,-4.301191330E1,-4.346244812E0
3.281404709E2,-6.396052837E0,-4.293314743E1,-4.310821533E0
3.281606359E2,-6.620786667E0,-4.276129532E1,-4.729743958E0
3.281808019E2,-7.163556099E0,-4.271634293E1,-4.503349304E0
3.282009669E2,-7.798828125E0,-4.258969879E1,-4.347450256E0
3.282211329E2,-8.470939636E0,-4.236957169E1,-4.190773010E0
3.282412989E2,-9.544123650E0,-4.219525528E1,-4.233352661E0
3.282614639E2,-1.067046928E1,-4.213751221E1,-4.298126221E0
3.282816299E2,-1.208874130E1,-4.222912598E1,-3.894020081E0
3.283017959E2,-1.343469429E1,-4.217865753E1,-3.816558838E0
3.283219609E2,-1.487384605E1,-4.222737503E1,-3.578536987E0
3.283421269E2,-1.625183678E1,-4.211495209E1,-3.202949524E0
3.283622929E2,-1.767700768E1,-4.217859268E1,-3.210845947E0
3.283824579E2,-1.877893829E1,-4.223845673E1,-2.633064270E0
3.284026239E2,-1.985272980E1,-4.222912598E1,-2.688247681E0
3.284227899E2,-2.051383781E1,-4.211703110E1,-2.335960388E0
3.284429549E2,-2.125018883E1,-4.179159546E1,-2.242759705E0
3.284631209E2,-2.204465485E1,-4.151265717E1,-1.645072937E0
3.284832869E2,-2.252261162E1,-4.130233765E1,-1.690406799E0
3.285034519E2,-2.304626083E1,-4.115468216E1,-1.810096741E0
3.285236179E2,-2.354468155E1,-4.083186340E1,-1.908775330E0
3.285437839E2,-2.394989777E1,-4.072176743E1,-2.266357422E0
3.285639489E2,-2.467753029E1,-4.064324188E1,-1.797477722E0
3.285841149E2,-2.514551544E1,-4.075138855E1,-1.246253967E0
3.286042809E2,-2.577294159E1,-4.091426849E1,-1.138664246E0
3.286244459E2,-2.664391708E1,-4.080594254E1,-5.589599609E-1
3.286446119E2,-2.753796387E1,-4.041772079E1,-6.240692139E-1
3.286647779E2,-2.845629311E1,-3.997899246E1,-6.700057983E-1
3.286849429E2,-2.927120018E1,-3.955955887E1,-6.168975830E-1
3.287051089E2,-2.991209793E1,-3.919202423E1,-3.234634399E-1
3.287252749E2,-3.027314568E1,-3.894348526E1,-4.086456299E-1
3.287454399E2,-3.063870049E1,-3.889019775E1,-4.389495850E-1
3.287656059E2,-3.045968628E1,-3.865526581E1,-3.267669678E-1
3.287857719E2,-3.066110992E1,-3.886653137E1,-1.364669800E-1
3.288059369E2,-3.033911514E1,-3.920912552E1,3.736953735E-1
3.288261029E2,-3.036458969E1,-3.916421890E1,6.264801025E-1
3.288462689E2,-3.026033020E1,-3.914830780E1,4.737854004E-1
3.288664339E2,-3.051440048E1,-3.912157822E1,2.951812744E-1
3.288865999E2,-3.083098221E1,-3.887705994E1,2.885818481E-1
3.289067659E2,-3.147093773E1,-3.875612259E1,-1.970367432E-1
3.289269309E2,-3.193601608E1,-3.869837189E1,-5.650024414E-1
3.289470969E2,-3.262560654E1,-3.859660339E1,-1.190330505E0
3.289672629E2,-3.296715546E1,-3.861146545E1,-1.869575500E0
3.289874289E2,-3.355358887E1,-3.849507141E1,-2.117027283E0
3.290075939E2,-3.408781433E1,-3.859203339E1,-2.067848206E0
3.290277611E2,-3.440866852E1,-3.864202118E1,-2.094963074E0
3.290479271E2,-3.460340500E1,-3.907234955E1,-1.484420776E0
3.290680921E2,-3.450187683E1,-3.928607941E1,-1.212432861E0
3.290882581E2,-3.394489288E1,-3.934660339E1,-7.522659302E-1
3.291084241E2,-3.346483994E1,-3.966632843E1,-4.039764404E-2
3.291285891E2,-3.288190460E1,-3.991619110E1,5.587844849E-1
3.291487551E2,-3.290967560E1,-4.003871536E1,6.061248779E-1
3.291689211E2,-3.290618896E1,-3.988973236E1,6.938705444E-1